x,y,ux,uy,bcx,bcy
0.3356401384083045,1.0,-0.001673910975196246,0.2181108893492343,0.0,1.0
0.3391003460207612,1.0,-0.0017292738979004512,0.2175922274212247,0.0,1.0
0.3425605536332179,1.0,-0.0017868916479168758,0.2170025293828555,0.0,1.0
0.3460207612456747,1.0,-0.0018662908690116398,0.2163960237371769,0.0,1.0
0.3494809688581315,1.0,-0.0019056355487433612,0.2158277926104349,0.0,1.0
0.3529411764705882,1.0,-0.0019753910903202907,0.2152343682140018,0.0,1.0
0.356401384083045,1.0,-0.00204699600737709,0.2147223849985307,0.0,1.0
0.3598615916955017,1.0,-0.0021240423452591924,0.2142071616365347,0.0,1.0
0.3633217993079585,1.0,-0.002212340102026781,0.2136645028910664,0.0,1.0
0.3667820069204152,1.0,-0.0023263046075396214,0.2131346115704543,0.0,1.0
0.370242214532872,1.0,-0.0023839977270277493,0.2126268189902408,0.0,1.0
0.3737024221453287,1.0,-0.002511555070804058,0.2121711000286397,0.0,1.0
0.3771626297577855,1.0,-0.0026365190155336502,0.2116816948300375,0.0,1.0
0.3806228373702422,1.0,-0.0027591559996463537,0.2112109157100645,0.0,1.0
0.3840830449826989,1.0,-0.0028692880434624877,0.2107354701158245,0.0,1.0
0.3875432525951557,1.0,-0.0030032908284561162,0.2103246064925902,0.0,1.0
0.3910034602076124,1.0,-0.003136625432164897,0.2098691480837703,0.0,1.0
0.3944636678200692,1.0,-0.003300943023445239,0.2094338135592661,0.0,1.0
0.3979238754325259,1.0,-0.0034135750708197943,0.209004533520364,0.0,1.0
0.4013840830449827,1.0,-0.0035506507316682727,0.2086314712531621,0.0,1.0
0.4048442906574394,1.0,-0.003696620846438796,0.2082305580965665,0.0,1.0
0.4083044982698962,1.0,-0.003828135185988346,0.2079057324379045,0.0,1.0
0.4117647058823529,1.0,-0.003959312099140256,0.2075167949566679,0.0,1.0
0.4152249134948096,1.0,-0.00409509503599832,0.2071918166182825,0.0,1.0
0.4186851211072664,1.0,-0.0042627034591810305,0.206810627959431,0.0,1.0
0.4221453287197231,1.0,-0.004393890354403665,0.2064787323199194,0.0,1.0
0.4256055363321799,1.0,-0.004555573301499127,0.2062335960718685,0.0,1.0
0.4290657439446367,1.0,-0.004723355775278891,0.2059105499920833,0.0,1.0
0.4325259515570934,1.0,-0.004847423754851208,0.2056550943846338,0.0,1.0
0.4359861591695502,1.0,-0.005027443859896355,0.2053386513521551,0.0,1.0
0.4394463667820069,1.0,-0.005181261693572379,0.2050563522641064,0.0,1.0
0.4429065743944637,1.0,-0.005336292482858999,0.2048221725324675,0.0,1.0
0.4463667820069204,1.0,-0.005503611467198295,0.2045718096199497,0.0,1.0
0.4498269896193771,1.0,-0.005649678776281095,0.2043203453568849,0.0,1.0
0.4532871972318339,1.0,-0.0058597693643224254,0.2040695848978013,0.0,1.0
0.4567474048442906,1.0,-0.0060163517328014,0.2038497173808765,0.0,1.0
0.4602076124567474,1.0,-0.006161401465190803,0.2036533820617613,0.0,1.0
0.4636678200692041,1.0,-0.0063523439720743965,0.203433197687583,0.0,1.0
0.4671280276816609,1.0,-0.006509256158332996,0.2032323281102677,0.0,1.0
0.4705882352941176,1.0,-0.006673876209365256,0.2030534937794438,0.0,1.0
0.4740484429065744,1.0,-0.006829884556123881,0.2029029845130802,0.0,1.0
0.4775086505190311,1.0,-0.006984248235915491,0.202733130351771,0.0,1.0
0.4809688581314879,1.0,-0.0071519158698001946,0.2025619623884849,0.0,1.0
0.4844290657439446,1.0,-0.007319711192835121,0.2024396846288211,0.0,1.0
0.4878892733564013,1.0,-0.007451706893132488,0.202310433467556,0.0,1.0
0.4913494809688581,1.0,-0.007621481770926937,0.2021914933729002,0.0,1.0
0.4948096885813148,1.0,-0.007780673171807672,0.2020721332993265,0.0,1.0
0.4982698961937716,1.0,-0.007933985352416632,0.2019277911769005,0.0,1.0
0.5017301038062284,1.0,-0.00810133009418923,0.201845199780996,0.0,1.0
0.5051903114186851,1.0,-0.008253917675770014,0.2017886358850598,0.0,1.0
0.5086505190311419,1.0,-0.008400364054777502,0.2017192732982128,0.0,1.0
0.5121107266435986,1.0,-0.008569025522747518,0.2016536092212843,0.0,1.0
0.5155709342560554,1.0,-0.008708507535867492,0.201631564788723,0.0,1.0
0.5190311418685121,1.0,-0.0088662141024584,0.2015876086465739,0.0,1.0
0.5224913494809689,1.0,-0.009024431808377654,0.2016078008227666,0.0,1.0
0.5259515570934256,1.0,-0.009167471034140472,0.2016048685753255,0.0,1.0
0.5294117647058824,1.0,-0.009324167555474824,0.2015967873150785,0.0,1.0
0.532871972318339,1.0,-0.009477974570563662,0.2016160807077388,0.0,1.0
0.5363321799307958,1.0,-0.009637799040102302,0.2016347999583007,0.0,1.0
0.5397923875432526,1.0,-0.009800239833127444,0.2016568164152174,0.0,1.0
0.5432525951557093,1.0,-0.009935871260299774,0.2017178152561021,0.0,1.0
0.5467128027681661,1.0,-0.010105868044202332,0.2017802122679926,0.0,1.0
0.5501730103806228,1.0,-0.01023793371065692,0.201839747590942,0.0,1.0
0.5536332179930796,1.0,-0.010374316430166746,0.2019081992461393,0.0,1.0
0.5570934256055363,1.0,-0.010511877944847273,0.2019951483958835,0.0,1.0
0.5605536332179931,1.0,-0.010638330930072817,0.2021321373355278,0.0,1.0
0.5640138408304498,1.0,-0.010780313204335937,0.2022157468690678,0.0,1.0
0.5674740484429066,1.0,-0.010913299457146112,0.2023364054080183,0.0,1.0
0.5709342560553633,1.0,-0.01101785448668001,0.2024673681681627,0.0,1.0
0.5743944636678201,1.0,-0.011182967697665311,0.2025889210600654,0.0,1.0
0.5778546712802768,1.0,-0.011299016545311947,0.2027317555249377,0.0,1.0
0.5813148788927336,1.0,-0.011412850451025613,0.2029144937759927,0.0,1.0
0.5847750865051903,1.0,-0.011530143173180352,0.203091484843456,0.0,1.0
0.5882352941176471,1.0,-0.011634946941913724,0.2033149807704314,0.0,1.0
0.5916955017301038,1.0,-0.011740879177213401,0.2034976156300924,0.0,1.0
0.5951557093425606,1.0,-0.011859730309281988,0.2036728193102851,0.0,1.0
0.5986159169550173,1.0,-0.011953295317921267,0.2038993123238478,0.0,1.0
0.6020761245674741,1.0,-0.012085728957955393,0.2041090371191379,0.0,1.0
0.6055363321799307,1.0,-0.012160357203352146,0.2043809362427907,0.0,1.0
0.6089965397923875,1.0,-0.012278860175331318,0.2046340610766752,0.0,1.0
0.6124567474048442,1.0,-0.012374591772312859,0.2048825518638478,0.0,1.0
0.615916955017301,1.0,-0.012491489440290146,0.2051595884755661,0.0,1.0
0.6193771626297578,1.0,-0.01255430615109833,0.2055156487421897,0.0,1.0
0.6228373702422145,1.0,-0.012641578225306408,0.2058316358320629,0.0,1.0
0.6262975778546713,1.0,-0.012726539343237519,0.206137160383852,0.0,1.0
0.629757785467128,1.0,-0.012815617438175643,0.2065121172014452,0.0,1.0
0.6332179930795848,1.0,-0.012893302998350314,0.2068879876502942,0.0,1.0
0.6366782006920415,1.0,-0.012974688099907754,0.2072330169107475,0.0,1.0
0.6401384083044983,1.0,-0.013004466004203484,0.2076634011185265,0.0,1.0
0.643598615916955,1.0,-0.013113800700923495,0.2079983009907542,0.0,1.0
0.6470588235294118,1.0,-0.01316560184005104,0.20842016606636,0.0,1.0
0.6505190311418685,1.0,-0.013220096375184297,0.208856969407125,0.0,1.0
0.6539792387543253,1.0,-0.013240121422699029,0.2093106157909974,0.0,1.0
0.657439446366782,1.0,-0.013244618845989162,0.2098164953078781,0.0,1.0
0.3356401384083045,0.9965397923875432,-0.0018057201396629316,0.21791345499073128,0.0,0.0
0.657439446366782,0.9965397923875432,-0.013468327549342227,0.20929776749458415,0.0,0.0
0.3356401384083045,0.9930795847750864,-0.001968059609135641,0.2177767814671447,0.0,0.0
0.3391003460207612,0.9930795847750864,-0.001999243160893249,0.217153695007838,0.0,0.0
0.6539792387543253,0.9930795847750864,-0.01368497515303237,0.20832844675513992,0.0,0.0
0.657439446366782,0.9930795847750864,-0.013693126762223048,0.20883087874661818,0.0,0.0
0.3391003460207612,0.9896193771626296,-0.0021426221566478616,0.2169623536715116,0.0,0.0
0.3425605536332179,0.9896193771626296,-0.002167027882294505,0.2163069802288299,0.0,0.0
0.370242214532872,0.9896193771626296,-0.0027425832620933,0.21149671181789104,0.0,0.0
0.4602076124567474,0.9896193771626296,-0.006674271245997433,0.20186195967992068,0.0,0.0
0.4844290657439446,0.9896193771626296,-0.007849313463549142,0.20065632395027444,0.0,0.0
0.5467128027681661,0.9896193771626296,-0.010677588170088712,0.19996167433036402,0.0,0.0
0.6539792387543253,0.9896193771626296,-0.013940839178771796,0.20780230396953736,0.0,0.0
0.3425605536332179,0.986159169550173,-0.002292991034858349,0.21604985945580357,0.0,0.0
0.3460207612456747,0.986159169550173,-0.0023068703486841635,0.2154128739706418,0.0,0.0
0.3598615916955017,0.986159169550173,-0.0026257209228186455,0.21289342593245542,0.0,0.0
0.3840830449826989,0.986159169550173,-0.0033632316220898965,0.20893594185820752,0.0,0.0
0.4083044982698962,0.986159169550173,-0.004340082498217081,0.20587439900169838,0.0,0.0
0.4221453287197231,0.986159169550173,-0.004970905306245521,0.20435380723939517,0.0,0.0
0.4740484429065744,0.986159169550173,-0.007518541136777345,0.2005083995635593,0.0,0.0
0.4982698961937716,0.986159169550173,-0.00866963622568527,0.1994961127301226,0.0,0.0
0.5259515570934256,0.986159169550173,-0.00996838786398505,0.19908618504069608,0.0,0.0
0.5916955017301038,0.986159169550173,-0.012688816129451427,0.20103172681891485,0.0,0.0
0.6228373702422145,0.986159169550173,-0.013605927456194485,0.20339046712025893,0.0,0.0
0.6539792387543253,0.986159169550173,-0.014221423011204614,0.2072850832423046,0.0,0.0
0.3460207612456747,0.9826989619377162,-0.0024343835557496013,0.2151077582554073,0.0,0.0
0.3979238754325259,0.9826989619377162,-0.00402875809412822,0.2066827702423234,0.0,0.0
0.4325259515570934,0.9826989619377162,-0.005639677229882779,0.20276403037700869,0.0,0.0
0.4498269896193771,0.9826989619377162,-0.006478883293246889,0.20132016679176787,0.0,0.0
0.5121107266435986,0.9826989619377162,-0.009515611396253508,0.19857291295799329,0.0,0.0
0.5363321799307958,0.9826989619377162,-0.010619871814759645,0.19851249620378075,0.0,0.0
0.5640138408304498,0.9826989619377162,-0.011804079676662891,0.19917007937055295,0.0,0.0
0.5813148788927336,0.9826989619377162,-0.012555490941117183,0.1998641152209563,0.0,0.0
0.6089965397923875,0.9826989619377162,-0.013534557561126554,0.20156383468035582,0.0,0.0
0.6366782006920415,0.9826989619377162,-0.01416345002788598,0.20435012211827852,0.0,0.0
0.6539792387543253,0.9826989619377162,-0.014521765971109173,0.2067099410134691,0.0,0.0
0.3460207612456747,0.9792387543252596,-0.002570381577656974,0.2148293320767852,0.0,0.0
0.3494809688581315,0.9792387543252596,-0.0025947101297566265,0.21414693953979938,0.0,0.0
0.3737024221453287,0.9792387543252596,-0.0032447154252902796,0.20966012679783816,0.0,0.0
0.4636678200692041,0.9792387543252596,-0.007359857101705869,0.19981314067537906,0.0,0.0
0.4844290657439446,0.9792387543252596,-0.008398006700587119,0.19876172321754154,0.0,0.0
0.5467128027681661,0.9792387543252596,-0.011260326777982142,0.19804552050145677,0.0,0.0
0.6539792387543253,0.9792387543252596,-0.014793623317078924,0.20613648937666576,0.0,0.0
0.3494809688581315,0.9757785467128028,-0.0027022496636781293,0.21376885914098206,0.0,0.0
0.4152249134948096,0.9757785467128028,-0.0051133188266784535,0.20332974801358075,0.0,0.0
0.5951557093425606,0.9757785467128028,-0.01362901989117075,0.19929186253825695,0.0,0.0
0.6539792387543253,0.9757785467128028,-0.015100452833733267,0.20556483459673552,0.0,0.0
0.3494809688581315,0.972318339100346,-0.002795750432956704,0.21338031516565592,0.0,0.0
0.3529411764705882,0.972318339100346,-0.0028506466994373657,0.21267973808143995,0.0,0.0
0.4013840830449827,0.972318339100346,-0.004593354456126205,0.20441705961514883,0.0,0.0
0.4740484429065744,0.972318339100346,-0.008277186116538252,0.1979382409529167,0.0,0.0
0.5121107266435986,0.972318339100346,-0.010154246378798595,0.19659042014000205,0.0,0.0
0.5259515570934256,0.972318339100346,-0.010795371201158664,0.19647358021552136,0.0,0.0
0.6228373702422145,0.972318339100346,-0.014763877683031001,0.2008653718226583,0.0,0.0
0.6401384083044983,0.972318339100346,-0.015150900297352058,0.20293790746900126,0.0,0.0
0.6539792387543253,0.972318339100346,-0.015451185947920752,0.204937634469534,0.0,0.0
0.3529411764705882,0.9688581314878892,-0.002927975368953547,0.21223001278632744,0.0,0.0
0.356401384083045,0.9688581314878892,-0.003004920291354971,0.21152037823212366,0.0,0.0
0.3910034602076124,0.9688581314878892,-0.004256254980297536,0.20539123800482056,0.0,0.0
0.4429065743944637,0.9688581314878892,-0.006872934205173108,0.19934040638987727,0.0,0.0
0.5017301038062284,0.9688581314878892,-0.009873167946965031,0.19618322479605674,0.0,0.0
0.5397923875432526,0.9688581314878892,-0.011638156220758578,0.19588537229668349,0.0,0.0
0.5570934256055363,0.9688581314878892,-0.012448063720075876,0.19618036995042593,0.0,0.0
0.5743944636678201,0.9688581314878892,-0.013331012839690128,0.196759036179184,0.0,0.0
0.6055363321799307,0.9688581314878892,-0.014580041054476826,0.19862479479297623,0.0,0.0
0.6539792387543253,0.9688581314878892,-0.01577267992480006,0.2043138499384714,0.0,0.0
0.356401384083045,0.9653979238754326,-0.0030566320266606026,0.21104346616889771,0.0,0.0
0.4152249134948096,0.9653979238754326,-0.005588474184354266,0.2015025306675862,0.0,0.0
0.4256055363321799,0.9653979238754326,-0.006108427262156534,0.20032569701641556,0.0,0.0
0.4567474048442906,0.9653979238754326,-0.007807437288919474,0.1976268563637346,0.0,0.0
0.4878892733564013,0.9653979238754326,-0.009402493713013401,0.196022943732594,0.0,0.0
0.5882352941176471,0.9653979238754326,-0.014217499846882135,0.1967720527991732,0.0,0.0
0.6505190311418685,0.9653979238754326,-0.01608225283519915,0.2030549628244486,0.0,0.0
0.6539792387543253,0.9653979238754326,-0.016145694950816823,0.20365176385406825,0.0,0.0
0.356401384083045,0.9619377162629758,-0.0031008723710785123,0.21056552639490694,0.0,0.0
0.3598615916955017,0.9619377162629758,-0.00320840713661514,0.2098501723715323,0.0,0.0
0.3771626297577855,0.9619377162629758,-0.0038841227689879135,0.2065660064047491,0.0,0.0
0.4048442906574394,0.9619377162629758,-0.005204422271365792,0.20221341328064793,0.0,0.0
0.5259515570934256,0.9619377162629758,-0.011480719793235226,0.1944529859569601,0.0,0.0
0.6332179930795848,0.9619377162629758,-0.016027247564205985,0.19999346811477875,0.0,0.0
0.6505190311418685,0.9619377162629758,-0.016457180225637073,0.20239353127875623,0.0,0.0
0.3598615916955017,0.9584775086505192,-0.0032566479651733914,0.20929915674503538,0.0,0.0
0.3875432525951557,0.9584775086505192,-0.00447310778913875,0.2040618619040512,0.0,0.0
0.4463667820069204,0.9584775086505192,-0.007641497964887807,0.19703278818310155,0.0,0.0
0.4740484429065744,0.9584775086505192,-0.009130513917213581,0.19514886707432022,0.0,0.0
0.5155709342560554,0.9584775086505192,-0.011208883750387528,0.19386205002253545,0.0,0.0
0.5467128027681661,0.9584775086505192,-0.012732926096338908,0.19382437641785624,0.0,0.0
0.5605536332179931,0.9584775086505192,-0.013405894211403547,0.194139263636883,0.0,0.0
0.5709342560553633,0.9584775086505192,-0.013989476305044858,0.19447313303912875,0.0,0.0
0.615916955017301,0.9584775086505192,-0.015828208247944054,0.19744196287131666,0.0,0.0
0.6505190311418685,0.9584775086505192,-0.016851419216522334,0.20174189518742439,0.0,0.0
0.3598615916955017,0.9550173010380624,-0.003284771893262214,0.20870042278421014,0.0,0.0
0.3633217993079585,0.9550173010380624,-0.0034164962184686184,0.20804573151408065,0.0,0.0
0.4636678200692041,0.9550173010380624,-0.008795265807092702,0.19504557030941322,0.0,0.0
0.6020761245674741,0.9550173010380624,-0.015639576202165027,0.19557696398598123,0.0,0.0
0.6505190311418685,0.9550173010380624,-0.017273636214765707,0.20096298990066758,0.0,0.0
0.3633217993079585,0.9515570934256056,-0.0034633056946344475,0.2073893616936275,0.0,0.0
0.4013840830449827,0.9515570934256056,-0.00547017904231204,0.2006461936812033,0.0,0.0
0.4186851211072664,0.9515570934256056,-0.0064194685314919574,0.19838111666204652,0.0,0.0
0.4359861591695502,0.9515570934256056,-0.0074146104728757345,0.19652827031140033,0.0,0.0
0.4913494809688581,0.9515570934256056,-0.010422039334223743,0.1930595218666091,0.0,0.0
0.5051903114186851,0.9515570934256056,-0.011164922128191325,0.1926346822939426,0.0,0.0
0.5294117647058824,0.9515570934256056,-0.01242266154658435,0.19228679337216592,0.0,0.0
0.5847750865051903,0.9515570934256056,-0.015185759274763198,0.1937078960806325,0.0,0.0
0.6366782006920415,0.9515570934256056,-0.017202431397002633,0.198175533824958,0.0,0.0
0.6505190311418685,0.9515570934256056,-0.017705850994510722,0.20027349498400948,0.0,0.0
0.3633217993079585,0.9480968858131488,-0.0034905718058845557,0.206784922834751,0.0,0.0
0.3667820069204152,0.9480968858131488,-0.0036567149363308897,0.20606849235527852,0.0,0.0
0.3806228373702422,0.9480968858131488,-0.004390241855587022,0.20333757328985455,0.0,0.0
0.4532871972318339,0.9480968858131488,-0.008617242072723862,0.19429872869938522,0.0,0.0
0.5536332179930796,0.9480968858131488,-0.013903953055217497,0.19174469233902508,0.0,0.0
0.5674740484429066,0.9480968858131488,-0.01460947444035426,0.1920934891251545,0.0,0.0
0.6262975778546713,0.9480968858131488,-0.017240002318547894,0.1961909536017417,0.0,0.0
0.6505190311418685,0.9480968858131488,-0.018051206193324364,0.19953473965729276,0.0,0.0
0.3667820069204152,0.944636678200692,-0.0036994525537772755,0.20534952197081469,0.0,0.0
0.3910034602076124,0.944636678200692,-0.005102608699180351,0.20076251762068079,0.0,0.0
0.4775086505190311,0.944636678200692,-0.0101749573993305,0.19209400959887463,0.0,0.0
0.5432525951557093,0.944636678200692,-0.013679770262757933,0.19081210445562968,0.0,0.0
0.5951557093425606,0.944636678200692,-0.016213200057239148,0.19284928899155046,0.0,0.0
0.6505190311418685,0.944636678200692,-0.018438593631455943,0.19876800661128502,0.0,0.0
0.3667820069204152,0.9411764705882352,-0.00372083164268668,0.20466793623539745,0.0,0.0
0.4083044982698962,0.9411764705882352,-0.006290633532297571,0.19736574880703442,0.0,0.0
0.4256055363321799,0.9411764705882352,-0.007363149838668148,0.1953136480562875,0.0,0.0
0.4359861591695502,0.9411764705882352,-0.007991543557749,0.1942227124168126,0.0,0.0
0.4982698961937716,0.9411764705882352,-0.011513220125095487,0.19055490128040647,0.0,0.0
0.5121107266435986,0.9411764705882352,-0.012294458167996463,0.19027751338099325,0.0,0.0
0.5259515570934256,0.9411764705882352,-0.013086174039979519,0.1900959640701292,0.0,0.0
0.6089965397923875,0.9411764705882352,-0.017195379984493813,0.19303879085835074,0.0,0.0
0.6505190311418685,0.9411764705882352,-0.018901282086679537,0.19792633846343943,0.0,0.0
0.3667820069204152,0.9377162629757786,-0.0037403545062431364,0.2039023115469171,0.0,0.0
0.370242214532872,0.9377162629757786,-0.003957594505635686,0.20317499199650763,0.0,0.0
0.4567474048442906,0.9377162629757786,-0.009469269101376555,0.1917634724767633,0.0,0.0
0.4671280276816609,0.9377162629757786,-0.01007767457821802,0.19109746636724062,0.0,0.0
0.5536332179930796,0.9377162629757786,-0.014768230485158181,0.18947058456167426,0.0,0.0
0.5778546712802768,0.9377162629757786,-0.01598992303922888,0.19024887770689305,0.0,0.0
0.6193771626297578,0.9377162629757786,-0.018010802941874012,0.19309466764391553,0.0,0.0
0.6470588235294118,0.9377162629757786,-0.019227384340778374,0.19648256182597432,0.0,0.0
0.6505190311418685,0.9377162629757786,-0.019302900238783803,0.19715682434866696,0.0,0.0
0.370242214532872,0.9342560553633218,-0.004016852303237711,0.20237714073107582,0.0,0.0
0.3840830449826989,0.9342560553633218,-0.004955653600870545,0.19960570558493285,0.0,0.0
0.3944636678200692,0.9342560553633218,-0.0056592297773353315,0.19779959951397397,0.0,0.0
0.4463667820069204,0.9342560553633218,-0.009034943111866832,0.1916913591837056,0.0,0.0
0.4844290657439446,0.9342560553633218,-0.01126576664923249,0.18943304334677774,0.0,0.0
0.5363321799307958,0.9342560553633218,-0.014140500772890708,0.18853464738506703,0.0,0.0
0.5640138408304498,0.9342560553633218,-0.015599828125719991,0.1889129065121303,0.0,0.0
0.629757785467128,0.9342560553633218,-0.018906859108029965,0.19330599858493638,0.0,0.0
0.6470588235294118,0.9342560553633218,-0.01965440589381475,0.19566646447389952,0.0,0.0
0.370242214532872,0.9307958477508652,-0.004061629928132298,0.20147723665060438,0.0,0.0
0.3737024221453287,0.9307958477508652,-0.004291754760523264,0.20073073077017894,0.0,0.0
0.4152249134948096,0.9307958477508652,-0.007163917148006451,0.1939402578271296,0.0,0.0
0.4325259515570934,0.9307958477508652,-0.008337764995225476,0.1920937355706358,0.0,0.0
0.5086505190311419,0.9307958477508652,-0.0129055158593885,0.18791311533874805,0.0,0.0
0.5916955017301038,0.9307958477508652,-0.01735687642439688,0.1892412865484535,0.0,0.0
0.6055363321799307,0.9307958477508652,-0.018064072142542468,0.19014127671005243,0.0,0.0
0.6470588235294118,0.9307958477508652,-0.020079929706222747,0.19476221685313913,0.0,0.0
0.3737024221453287,0.9273356401384084,-0.0043392456928024355,0.19981885815234735,0.0,0.0
0.4048442906574394,0.9273356401384084,-0.00661646301115356,0.19446142645285153,0.0,0.0
0.4705882352941176,0.9273356401384084,-0.010954617887470852,0.188480585831618,0.0,0.0
0.4982698961937716,0.9273356401384084,-0.012569695628484603,0.1872587407823312,0.0,0.0
0.5224913494809689,0.9273356401384084,-0.013961440342847032,0.18693843122565387,0.0,0.0
0.5467128027681661,0.9273356401384084,-0.015316743317405106,0.18691477355826913,0.0,0.0
0.615916955017301,0.9273356401384084,-0.018976946206249293,0.19002439516493502,0.0,0.0
0.6470588235294118,0.9273356401384084,-0.020547148703424434,0.19385818661817666,0.0,0.0
0.3737024221453287,0.9238754325259516,-0.0043872515213341885,0.19888156163808793,0.0,0.0
0.3910034602076124,0.9238754325259516,-0.005733688976983128,0.1956206845266955,0.0,0.0
0.4567474048442906,0.9238754325259516,-0.010295403343338026,0.18841796616815423,0.0,0.0
0.5674740484429066,0.9238754325259516,-0.016718236485702354,0.18653052415163782,0.0,0.0
0.6470588235294118,0.9238754325259516,-0.020947587517835663,0.1929585312361717,0.0,0.0
0.3737024221453287,0.9204152249134948,-0.004433208284410923,0.1978472348580502,0.0,0.0
0.3771626297577855,0.9204152249134948,-0.004718390267216518,0.19713268990710903,0.0,0.0
0.4186851211072664,0.9204152249134948,-0.007868400063424234,0.19087144659109645,0.0,0.0
0.4429065743944637,0.9204152249134948,-0.00957042868874908,0.18850345128229729,0.0,0.0
0.4878892733564013,0.9204152249134948,-0.012505184363652859,0.18592115669671994,0.0,0.0
0.5363321799307958,0.9204152249134948,-0.015343512022933423,0.1851566371472458,0.0,0.0
0.5813148788927336,0.9204152249134948,-0.017822011060046154,0.18614466392203127,0.0,0.0
0.629757785467128,0.9204152249134948,-0.02055390781008716,0.18944306161703522,0.0,0.0
0.6470588235294118,0.9204152249134948,-0.021339923863678053,0.1920204409782429,0.0,0.0
0.3771626297577855,0.916955017301038,-0.004758219962109615,0.19607700389311775,0.0,0.0
0.4083044982698962,0.916955017301038,-0.007248268829315868,0.1911253875407159,0.0,0.0
0.4740484429065744,0.916955017301038,-0.011854840362016915,0.18556907351612068,0.0,0.0
0.4982698961937716,0.916955017301038,-0.013375223052577948,0.18468870804872378,0.0,0.0
0.5121107266435986,0.916955017301038,-0.014200971129702063,0.18436956392147325,0.0,0.0
0.5259515570934256,0.916955017301038,-0.01501699541569484,0.18426436316568065,0.0,0.0
0.5501730103806228,0.916955017301038,-0.01642905190821116,0.18439029388507686,0.0,0.0
0.6020761245674741,0.916955017301038,-0.019278105252528682,0.18628950925362586,0.0,0.0
0.6193771626297578,0.916955017301038,-0.02029391694248584,0.18745065245067402,0.0,0.0
0.6470588235294118,0.916955017301038,-0.021727182899011932,0.19116753248935942,0.0,0.0
0.3771626297577855,0.9134948096885812,-0.004794211357216573,0.1949442419238823,0.0,0.0
0.4290657439446367,0.9134948096885812,-0.008956407971030256,0.1878256155231056,0.0,0.0
0.5916955017301038,0.9134948096885812,-0.01907817008384187,0.1848463691784542,0.0,0.0
0.6470588235294118,0.9134948096885812,-0.0221822899270745,0.1901723472058362,0.0,0.0
0.3771626297577855,0.9100346020761244,-0.004826443629010794,0.19372635295878143,0.0,0.0
0.3910034602076124,0.9100346020761244,-0.00609042989868094,0.1915019798283461,0.0,0.0
0.4602076124567474,0.9100346020761244,-0.011440531022771885,0.18438832941534486,0.0,0.0
0.5640138408304498,0.9100346020761244,-0.0178184292878117,0.18289804505099655,0.0,0.0
0.6332179930795848,0.9100346020761244,-0.02205367124139014,0.18663213335407686,0.0,0.0
0.6470588235294118,0.9100346020761244,-0.022627277410301277,0.18905187911529944,0.0,0.0
0.3771626297577855,0.9065743944636678,-0.004851538150605147,0.19248944317527972,0.0,0.0
0.3806228373702422,0.9065743944636678,-0.005166642203797088,0.19191358526876462,0.0,0.0
0.4013840830449827,0.9065743944636678,-0.007098913582834769,0.18885595689433218,0.0,0.0
0.4117647058823529,0.9065743944636678,-0.007943697913931198,0.187645202112174,0.0,0.0
0.4429065743944637,0.9065743944636678,-0.010381975603127924,0.18458581833874324,0.0,0.0
0.4913494809688581,0.9065743944636678,-0.013732686187078007,0.18202421721504647,0.0,0.0
0.5051903114186851,0.9065743944636678,-0.014645169658126246,0.18165759273556056,0.0,0.0
0.532871972318339,0.9065743944636678,-0.016343521616074847,0.1814739467568384,0.0,0.0
0.5813148788927336,0.9065743944636678,-0.019143405862298353,0.1825848094601403,0.0,0.0
0.6124567474048442,0.9065743944636678,-0.02110014855921581,0.18399526273242167,0.0,0.0
0.6228373702422145,0.9065743944636678,-0.021758923950059687,0.18470023732432378,0.0,0.0
0.643598615916955,0.9065743944636678,-0.02306677826831367,0.1871917190719251,0.0,0.0
0.6470588235294118,0.9065743944636678,-0.02314102263726439,0.1879701411254941,0.0,0.0
0.3806228373702422,0.903114186851211,-0.005226593316324827,0.19061095357968894,0.0,0.0
0.4221453287197231,0.903114186851211,-0.008940814345186373,0.1853654992823547,0.0,0.0
0.5190311418685121,0.903114186851211,-0.015772623852934202,0.18058454451676054,0.0,0.0
0.5501730103806228,0.903114186851211,-0.017668523676660747,0.18074956013715004,0.0,0.0
0.643598615916955,0.903114186851211,-0.02353271749856549,0.18607249589348038,0.0,0.0
0.3806228373702422,0.8996539792387543,-0.005279667868431945,0.18933684045659743,0.0,0.0
0.4325259515570934,0.8996539792387543,-0.009964061577604346,0.1833117009601588,0.0,0.0
0.4532871972318339,0.8996539792387543,-0.011609733519437653,0.18178829056572354,0.0,0.0
0.4775086505190311,0.8996539792387543,-0.013310475793984844,0.18054887855318896,0.0,0.0
0.5709342560553633,0.8996539792387543,-0.019245857480781302,0.1803254884786277,0.0,0.0
0.6020761245674741,0.8996539792387543,-0.02118493777079847,0.18144293821165286,0.0,0.0
0.643598615916955,0.8996539792387543,-0.02402121774744679,0.18483683160146575,0.0,0.0
0.3806228373702422,0.8961937716262975,-0.0053494975086537016,0.18803687925412835,0.0,0.0
0.4117647058823529,0.8961937716262975,-0.008392024673952931,0.1841459724235751,0.0,0.0
0.4429065743944637,0.8961937716262975,-0.011019234339461899,0.18139027923859913,0.0,0.0
0.5882352941176471,0.8961937716262975,-0.020670402838638018,0.17986397982967006,0.0,0.0
0.615916955017301,0.8961937716262975,-0.022573007951402546,0.18106102835008403,0.0,0.0
0.629757785467128,0.8961937716262975,-0.02360336521424173,0.18196401304595458,0.0,0.0
0.643598615916955,0.8961937716262975,-0.024389649789772306,0.18393923207283686,0.0,0.0
0.3806228373702422,0.8927335640138409,-0.005406361047186744,0.1866725010290035,0.0,0.0
0.3979238754325259,0.8927335640138409,-0.007231594537720364,0.18436965418579732,0.0,0.0
0.4636678200692041,0.8927335640138409,-0.012806589386953497,0.17912396019307242,0.0,0.0
0.4913494809688581,0.8927335640138409,-0.0147619575438365,0.17799773522213858,0.0,0.0
0.5086505190311419,0.8927335640138409,-0.01595107846281818,0.17767579805978184,0.0,0.0
0.5432525951557093,0.8927335640138409,-0.01819603561989626,0.1777396694819453,0.0,0.0
0.5605536332179931,0.8927335640138409,-0.01927206838502008,0.17810167071690874,0.0,0.0
0.643598615916955,0.8927335640138409,-0.024839386195122583,0.18283061605147433,0.0,0.0
0.3806228373702422,0.889273356401384,-0.005470705856697818,0.18518835519398297,0.0,0.0
0.3840830449826989,0.889273356401384,-0.005855878927774258,0.1847178551270247,0.0,0.0
0.4221453287197231,0.889273356401384,-0.009650779364964087,0.18076718721872959,0.0,0.0
0.5259515570934256,0.889273356401384,-0.017355575797360377,0.17665375993792629,0.0,0.0
0.5743944636678201,0.889273356401384,-0.020537331115441065,0.17742436915616877,0.0,0.0
0.643598615916955,0.889273356401384,-0.025260380486167796,0.18181159186639864,0.0,0.0
0.3840830449826989,0.8858131487889274,-0.0059323629224257764,0.18326179059622016,0.0,0.0
0.4325259515570934,0.8858131487889274,-0.010746094286610103,0.17879466928412166,0.0,0.0
0.4498269896193771,0.8858131487889274,-0.01217082782030409,0.1777156907785388,0.0,0.0
0.4740484429065744,0.8858131487889274,-0.014012294331380029,0.17653858677473316,0.0,0.0
0.5847750865051903,0.8858131487889274,-0.021606644987121566,0.1766722527694083,0.0,0.0
0.6228373702422145,0.8858131487889274,-0.024367575636926833,0.17814859305637784,0.0,0.0
0.6332179930795848,0.8858131487889274,-0.02523019715656596,0.17891623399569645,0.0,0.0
0.643598615916955,0.8858131487889274,-0.025689824793281378,0.18068108571154984,0.0,0.0
0.3840830449826989,0.8823529411764706,-0.006017031489934326,0.181867719104192,0.0,0.0
0.4083044982698962,0.8823529411764706,-0.008619850343978445,0.1794915474656489,0.0,0.0
0.4602076124567474,0.8823529411764706,-0.013193895881272424,0.17608728116666406,0.0,0.0
0.5017301038062284,0.8823529411764706,-0.016251765815305946,0.174771690080162,0.0,0.0
0.5155709342560554,0.8823529411764706,-0.017241812129016546,0.17462864995162705,0.0,0.0
0.6020761245674741,0.8823529411764706,-0.023195197616958884,0.17623816434645057,0.0,0.0
0.643598615916955,0.8823529411764706,-0.026174628382069326,0.17939481327150367,0.0,0.0
0.3840830449826989,0.8788927335640139,-0.006124654189262112,0.1804694024571748,0.0,0.0
0.3979238754325259,0.8788927335640139,-0.007655763032435968,0.17904689434651522,0.0,0.0
0.4878892733564013,0.8788927335640139,-0.015531287669469877,0.17394858044762468,0.0,0.0
0.5536332179930796,0.8788927335640139,-0.02009578029201015,0.173879819476716,0.0,0.0
0.5674740484429066,0.8788927335640139,-0.021099043015804727,0.17415650956467604,0.0,0.0
0.6124567474048442,0.8788927335640139,-0.024400888956284842,0.17552268249043784,0.0,0.0
0.643598615916955,0.8788927335640139,-0.026642011402472743,0.1780723910106283,0.0,0.0
0.3840830449826989,0.8754325259515571,-0.006226726854425426,0.17908293401541453,0.0,0.0
0.4325259515570934,0.8754325259515571,-0.011288447138968039,0.17522898173109425,0.0,0.0
0.5259515570934256,0.8754325259515571,-0.01855318415347529,0.1724850555748461,0.0,0.0
0.5397923875432526,0.8754325259515571,-0.019512868304404716,0.17256428577201904,0.0,0.0
0.5813148788927336,0.8754325259515571,-0.02245721068928657,0.17338873324404605,0.0,0.0
0.643598615916955,0.8754325259515571,-0.02717541981511504,0.17660564968896325,0.0,0.0
0.3840830449826989,0.8719723183391004,-0.006324474306685423,0.17776255390722637,0.0,0.0
0.4117647058823529,0.8719723183391004,-0.009386105823681589,0.17541299391095194,0.0,0.0
0.4221453287197231,0.8719723183391004,-0.010443006424665629,0.1746613811001697,0.0,0.0
0.4532871972318339,0.8719723183391004,-0.013238812646342503,0.1731224346312879,0.0,0.0
0.4671280276816609,0.8719723183391004,-0.01437537197940415,0.17249514157723222,0.0,0.0
0.4982698961937716,0.8719723183391004,-0.01679383336980049,0.17163590208080504,0.0,0.0
0.5121107266435986,0.8719723183391004,-0.01780131733996073,0.17150599303305278,0.0,0.0
0.5916955017301038,0.8719723183391004,-0.02360250081812694,0.17262955898795396,0.0,0.0
0.6228373702422145,0.8719723183391004,-0.026103484334337,0.1736917087000177,0.0,0.0
0.6401384083044983,0.8719723183391004,-0.027594106805284235,0.17443363722105154,0.0,0.0
0.643598615916955,0.8719723183391004,-0.027813756031425847,0.174776707088041,0.0,0.0
0.3840830449826989,0.8685121107266436,-0.0064550851573990445,0.1763638084997349,0.0,0.0
0.4013840830449827,0.8685121107266436,-0.008413284632555963,0.1747856866300439,0.0,0.0
0.4429065743944637,0.8685121107266436,-0.012510078401220367,0.17236007931295824,0.0,0.0
0.4809688581314879,0.8685121107266436,-0.015719109615568296,0.17087860801865673,0.0,0.0
0.5674740484429066,0.8685121107266436,-0.02212096717457864,0.1709619396876035,0.0,0.0
0.6089965397923875,0.8685121107266436,-0.02534525638056532,0.17208127640830836,0.0,0.0
0.6401384083044983,0.8685121107266436,-0.02806745230502293,0.173075082427827,0.0,0.0
0.3840830449826989,0.8650519031141869,-0.00657522430382234,0.17487626803232215,0.0,0.0
0.4325259515570934,0.8650519031141869,-0.011730796079439176,0.1715846948794833,0.0,0.0
0.5570934256055363,0.8650519031141869,-0.021680942686493516,0.16968860900035507,0.0,0.0
0.5778546712802768,0.8650519031141869,-0.023226286091176693,0.17016010726212946,0.0,0.0
0.6401384083044983,0.8650519031141869,-0.02847774752857776,0.17184871026685866,0.0,0.0
0.3840830449826989,0.8615916955017301,-0.00669031740675118,0.17340596625855692,0.0,0.0
0.4705882352941176,0.8615916955017301,-0.015290941776196672,0.16889809098480787,0.0,0.0
0.4913494809688581,0.8615916955017301,-0.017056736651613346,0.16849097312651834,0.0,0.0
0.5051903114186851,0.8615916955017301,-0.01810589723614675,0.1683367118200832,0.0,0.0
0.5397923875432526,0.8615916955017301,-0.020732907040599206,0.16841419140376548,0.0,0.0
0.5986159169550173,0.8615916955017301,-0.025263599030736703,0.1695438278616043,0.0,0.0
0.6401384083044983,0.8615916955017301,-0.02893719587008279,0.17061275475605836,0.0,0.0
0.3840830449826989,0.8581314878892734,-0.006769531721577574,0.1718125365657858,0.0,0.0
0.4152249134948096,0.8581314878892734,-0.010297388403975566,0.16989029140559567,0.0,0.0
0.4567474048442906,0.8581314878892734,-0.014247915011742615,0.16811908598825798,0.0,0.0
0.5259515570934256,0.8581314878892734,-0.01997625342399282,0.1672015425805123,0.0,0.0
0.5882352941176471,0.8581314878892734,-0.024792996495765593,0.16819127237649611,0.0,0.0
0.6228373702422145,0.8581314878892734,-0.027755936470886686,0.16911764386384964,0.0,0.0
0.6401384083044983,0.8581314878892734,-0.029288255413312148,0.16950038561321468,0.0,0.0
0.3840830449826989,0.8546712802768166,-0.00689573160751548,0.17027004241139293,0.0,0.0
0.4429065743944637,0.8546712802768166,-0.013189376065686664,0.16744045095501844,0.0,0.0
0.5155709342560554,0.8546712802768166,-0.01943755354929011,0.1661470031094849,0.0,0.0
0.5674740484429066,0.8546712802768166,-0.023481112471976227,0.1666561053366282,0.0,0.0
0.6089965397923875,0.8546712802768166,-0.02687592216134699,0.1676585880294142,0.0,0.0
0.6401384083044983,0.8546712802768166,-0.029658578280623012,0.16826626315381182,0.0,0.0
0.3840830449826989,0.8512110726643599,-0.007010866414961008,0.16880861871027875,0.0,0.0
0.4013840830449827,0.8512110726643599,-0.009073213834500656,0.1677718484663726,0.0,0.0
0.4325259515570934,0.8512110726643599,-0.012392124578797948,0.16648989443765214,0.0,0.0
0.4775086505190311,0.8512110726643599,-0.0165101597012912,0.16529967771511228,0.0,0.0
0.5778546712802768,0.8512110726643599,-0.024622545609896265,0.16578317380795013,0.0,0.0
0.6401384083044983,0.8512110726643599,-0.0300028624882354,0.1670947024373845,0.0,0.0
0.3840830449826989,0.8477508650519031,-0.007116714713652415,0.16726655640171786,0.0,0.0
0.4636678200692041,0.8477508650519031,-0.01554650308212965,0.16429107118449277,0.0,0.0
0.5051903114186851,0.8477508650519031,-0.01913787081821946,0.16399741965062617,0.0,0.0
0.5432525951557093,0.8477508650519031,-0.022185890359350872,0.1640732116354352,0.0,0.0
0.5570934256055363,0.8477508650519031,-0.023243091601595715,0.1642852317451737,0.0,0.0
0.5916955017301038,0.8477508650519031,-0.026124355064044168,0.16502005373097967,0.0,0.0
0.6401384083044983,0.8477508650519031,-0.03033614754373714,0.1660259718316065,0.0,0.0
0.3840830449826989,0.8442906574394463,-0.007271498598500738,0.16573863424849483,0.0,0.0
0.4186851211072664,0.8442906574394463,-0.011291335568673766,0.16421905980348916,0.0,0.0
0.4913494809688581,0.8442906574394463,-0.018189494487679092,0.16282997707732014,0.0,0.0
0.532871972318339,0.8442906574394463,-0.021665114531973163,0.16293292034964957,0.0,0.0
0.6124567474048442,0.8442906574394463,-0.02820830971534749,0.16443881512810507,0.0,0.0
0.6262975778546713,0.8442906574394463,-0.02952659467782422,0.16464100787270894,0.0,0.0
0.6401384083044983,0.8442906574394463,-0.030629324080993604,0.1649588122626859,0.0,0.0
0.3840830449826989,0.8408304498269896,-0.0074353819605190415,0.16421413496865786,0.0,0.0
0.3944636678200692,0.8408304498269896,-0.008681596754913114,0.16378269262856954,0.0,0.0
0.4498269896193771,0.8408304498269896,-0.014640600247755695,0.16212048341551857,0.0,0.0
0.4809688581314879,0.8408304498269896,-0.01752086927044337,0.16172514410408745,0.0,0.0
0.5224913494809689,0.8408304498269896,-0.021087029394266155,0.16175976392583138,0.0,0.0
0.6401384083044983,0.8408304498269896,-0.030910546500634954,0.16395309840089875,0.0,0.0
0.3840830449826989,0.8373702422145328,-0.007583853360458694,0.16276345574073775,0.0,0.0
0.4048442906574394,0.8373702422145328,-0.010074815108898962,0.16200758480753155,0.0,0.0
0.4359861591695502,0.8373702422145328,-0.013401310468154312,0.1610113578679148,0.0,0.0
0.5121107266435986,0.8373702422145328,-0.020475395852257904,0.16060234311073723,0.0,0.0
0.5467128027681661,0.8373702422145328,-0.023268938283072502,0.16098831757244628,0.0,0.0
0.5570934256055363,0.8373702422145328,-0.024093456030401923,0.16114002134313982,0.0,0.0
0.5674740484429066,0.8373702422145328,-0.024946017393341714,0.16134068291287293,0.0,0.0
0.5813148788927336,0.8373702422145328,-0.02608992820970344,0.1617088546113629,0.0,0.0
0.5916955017301038,0.8373702422145328,-0.027021217874383833,0.16191893386158418,0.0,0.0
0.6020761245674741,0.8373702422145328,-0.027925116979113613,0.16209352536577806,0.0,0.0
0.6401384083044983,0.8373702422145328,-0.03123225101544915,0.16288754344559708,0.0,0.0
0.3840830449826989,0.8339100346020761,-0.007754539489673532,0.1612652392624836,0.0,0.0
0.4671280276816609,0.8339100346020761,-0.01670970381887283,0.15932395482384146,0.0,0.0
0.5017301038062284,0.8339100346020761,-0.01979088506469776,0.15945141800091556,0.0,0.0
0.6193771626297578,0.8339100346020761,-0.029699139330433177,0.16137813383712796,0.0,0.0
0.6366782006920415,0.8339100346020761,-0.03126993600897473,0.16180267236703622,0.0,0.0
0.6401384083044983,0.8339100346020761,-0.03149769636578977,0.16190293186346044,0.0,0.0
0.3840830449826989,0.8304498269896193,-0.007941380826712776,0.15983007449030848,0.0,0.0
0.3944636678200692,0.8304498269896193,-0.009154292808210587,0.1595059371116921,0.0,0.0
0.4256055363321799,0.8304498269896193,-0.012677874020565246,0.15853268544092963,0.0,0.0
0.4775086505190311,0.8304498269896193,-0.017899571476805924,0.15806132737728393,0.0,0.0
0.4878892733564013,0.8304498269896193,-0.018826114494467583,0.15815990373704425,0.0,0.0
0.5259515570934256,0.8304498269896193,-0.02213968439169491,0.15854035476014733,0.0,0.0
0.6366782006920415,0.8304498269896193,-0.031517518891538296,0.16077714309350483,0.0,0.0
0.3840830449826989,0.8269896193771626,-0.008121336159838566,0.1584481102234702,0.0,0.0
0.4117647058823529,0.8269896193771626,-0.011360521038627473,0.1575143048154884,0.0,0.0
0.5363321799307958,0.8269896193771626,-0.02322189417416342,0.1576407472451688,0.0,0.0
0.5536332179930796,0.8269896193771626,-0.024658299178356706,0.15787044079513035,0.0,0.0
0.5951557093425606,0.8269896193771626,-0.02811482980936675,0.15874947122587446,0.0,0.0
0.6055363321799307,0.8269896193771626,-0.02903128185667342,0.159053096218742,0.0,0.0
0.6366782006920415,0.8269896193771626,-0.03178237430371742,0.15979560906377377,0.0,0.0
0.3840830449826989,0.8235294117647058,-0.008344206507446175,0.15686254363279872,0.0,0.0
0.4359861591695502,0.8235294117647058,-0.014166967448650218,0.15559904337642838,0.0,0.0
0.4498269896193771,0.8235294117647058,-0.015630859979630412,0.15548901794239425,0.0,0.0
0.4602076124567474,0.8235294117647058,-0.016667621949501648,0.15546369502672985,0.0,0.0
0.5121107266435986,0.8235294117647058,-0.02140370355056946,0.15609980600315462,0.0,0.0
0.5743944636678201,0.8235294117647058,-0.02659064509548578,0.15726070140098009,0.0,0.0
0.615916955017301,0.8235294117647058,-0.030179116758979045,0.15822688513932665,0.0,0.0
0.6262975778546713,0.8235294117647058,-0.03115803557833601,0.1584682054718455,0.0,0.0
0.6366782006920415,0.8235294117647058,-0.03205215054662616,0.15878210150778854,0.0,0.0
0.3840830449826989,0.8200692041522492,-0.00850582223528991,0.15549623653856393,0.0,0.0
0.4013840830449827,0.8200692041522492,-0.010576450376321744,0.15505465388718373,0.0,0.0
0.4775086505190311,0.8200692041522492,-0.01853965445728242,0.15441451125355252,0.0,0.0
0.4982698961937716,0.8200692041522492,-0.02047793736610296,0.1546924870622115,0.0,0.0
0.5640138408304498,0.8200692041522492,-0.025997708699160457,0.15595831027803564,0.0,0.0
0.5847750865051903,0.8200692041522492,-0.027718355634519538,0.15647326823694846,0.0,0.0
0.6366782006920415,0.8200692041522492,-0.03229928436510084,0.15775205875512857,0.0,0.0
0.3840830449826989,0.8166089965397924,-0.008717266458008572,0.15415319012109477,0.0,0.0
0.4878892733564013,0.8166089965397924,-0.0197248285240086,0.15335185203639765,0.0,0.0
0.5259515570934256,0.8166089965397924,-0.023072481160345513,0.15413813703297788,0.0,0.0
0.6366782006920415,0.8166089965397924,-0.03252783175199816,0.1567332452247844,0.0,0.0
0.3840830449826989,0.8131487889273357,-0.008930697756115505,0.1527951490026973,0.0,0.0
0.4256055363321799,0.8131487889273357,-0.013644037459225516,0.15176290922524943,0.0,0.0
0.4498269896193771,0.8131487889273357,-0.016175296784214373,0.15163920463536396,0.0,0.0
0.4636678200692041,0.8131487889273357,-0.017615688055246922,0.15168792730730288,0.0,0.0
0.5432525951557093,0.8131487889273357,-0.0247782064244584,0.1534100827994207,0.0,0.0
0.5986159169550173,0.8131487889273357,-0.029364795397756674,0.15473991354388186,0.0,0.0
0.6366782006920415,0.8131487889273357,-0.03275438619743626,0.1557540916954658,0.0,0.0
0.3840830449826989,0.8096885813148789,-0.0090906486462538,0.151455365718283,0.0,0.0
0.3979238754325259,0.8096885813148789,-0.010726666608878246,0.15096182827325028,0.0,0.0
0.4117647058823529,0.8096885813148789,-0.012336062619514856,0.15067035233328402,0.0,0.0
0.4394463667820069,0.8096885813148789,-0.01528803312268778,0.1503810891868906,0.0,0.0
0.4740484429065744,0.8096885813148789,-0.018822460161913947,0.15054803078438483,0.0,0.0
0.5051903114186851,0.8096885813148789,-0.021698507015228893,0.15122883259427505,0.0,0.0
0.5570934256055363,0.8096885813148789,-0.026156740801377323,0.15265645979297032,0.0,0.0
0.5674740484429066,0.8096885813148789,-0.027000805488940363,0.15295768857277217,0.0,0.0
0.5813148788927336,0.8096885813148789,-0.02813252214133591,0.15334256855166295,0.0,0.0
0.6089965397923875,0.8096885813148789,-0.030497305999789608,0.15397051577074122,0.0,0.0
0.6366782006920415,0.8096885813148789,-0.0330058576655351,0.15477746321532676,0.0,0.0
0.3840830449826989,0.8062283737024222,-0.009262698559147409,0.15016052734693602,0.0,0.0
0.4913494809688581,0.8062283737024222,-0.020672550292924235,0.1497349525108606,0.0,0.0
0.5155709342560554,0.8062283737024222,-0.022851006895088302,0.15044227148916706,0.0,0.0
0.6193771626297578,0.8062283737024222,-0.03161538698684215,0.15317386026819282,0.0,0.0
0.6366782006920415,0.8062283737024222,-0.0332253290354351,0.153776123073524,0.0,0.0
0.3840830449826989,0.8027681660899654,-0.009475134882719284,0.1488063534771131,0.0,0.0
0.4290657439446367,0.8027681660899654,-0.014631533907582383,0.14774552033411356,0.0,0.0
0.4636678200692041,0.8027681660899654,-0.018252596860954103,0.14780452417837742,0.0,0.0
0.532871972318339,0.8027681660899654,-0.02459365826515581,0.14987066292765633,0.0,0.0
0.5467128027681661,0.8027681660899654,-0.025728913571610376,0.15032375528111327,0.0,0.0
0.5916955017301038,0.8027681660899654,-0.02945102890443653,0.1516024819923467,0.0,0.0
0.6366782006920415,0.8027681660899654,-0.033429009578298856,0.15267920947977212,0.0,0.0
0.3840830449826989,0.7993079584775087,-0.009617491227665254,0.1472616101031481,0.0,0.0
0.4532871972318339,0.7993079584775087,-0.017434747683763113,0.14642619154478742,0.0,0.0
0.5017301038062284,0.7993079584775087,-0.022008220728524052,0.14760198555330856,0.0,0.0
0.5709342560553633,0.7993079584775087,-0.027960126938541077,0.15001772424900436,0.0,0.0
0.6020761245674741,0.7993079584775087,-0.03052693060622288,0.15087426740028,0.0,0.0
0.6366782006920415,0.7993079584775087,-0.033585418052488804,0.1516747081740127,0.0,0.0
0.3840830449826989,0.7958477508650519,-0.009814346447137209,0.1457942495038636,0.0,0.0
0.4013840830449827,0.7958477508650519,-0.012024313785983646,0.14518344321943044,0.0,0.0
0.4152249134948096,0.7958477508650519,-0.013592235638246065,0.14500836080697094,0.0,0.0
0.4394463667820069,0.7958477508650519,-0.01622863748811742,0.14500246218536852,0.0,0.0
0.4740484429065744,0.7958477508650519,-0.019655402854065137,0.14548789829540354,0.0,0.0
0.5224913494809689,0.7958477508650519,-0.024053915035216093,0.14722542244721526,0.0,0.0
0.5570934256055363,0.7958477508650519,-0.027026323805525422,0.1485393868950455,0.0,0.0
0.6332179930795848,0.7958477508650519,-0.03336289873940649,0.1508660169000463,0.0,0.0
0.6366782006920415,0.7958477508650519,-0.03364386902099331,0.15105532529565943,0.0,0.0
0.3840830449826989,0.7923875432525952,-0.010044275092710827,0.14427764373069157,0.0,0.0
0.5847750865051903,0.7923875432525952,-0.029470153853932923,0.1484718762129199,0.0,0.0
0.615916955017301,0.7923875432525952,-0.03210162134567504,0.14926229229143168,0.0,0.0
0.6332179930795848,0.7923875432525952,-0.033452168460393915,0.1502258573601127,0.0,0.0
0.3840830449826989,0.7889273356401384,-0.010199081029708104,0.14278421536908584,0.0,0.0
0.4290657439446367,0.7889273356401384,-0.015557902841854121,0.14215361966415935,0.0,0.0
0.4636678200692041,0.7889273356401384,-0.019135698232121863,0.14273669366007344,0.0,0.0
0.4913494809688581,0.7889273356401384,-0.021702163952929635,0.14357379585645108,0.0,0.0
0.5121107266435986,0.7889273356401384,-0.023549137642277763,0.1444809505533316,0.0,0.0
0.5467128027681661,0.7889273356401384,-0.026503792841101735,0.14609940047345832,0.0,0.0
0.5743944636678201,0.7889273356401384,-0.02877559858645201,0.14714078695083654,0.0,0.0
0.5951557093425606,0.7889273356401384,-0.030487701298779105,0.1477985833842345,0.0,0.0
0.6332179930795848,0.7889273356401384,-0.0335811901193145,0.14938856758129856,0.0,0.0
0.3840830449826989,0.7854671280276817,-0.010446203494925322,0.1412957167910825,0.0,0.0
0.3979238754325259,0.7854671280276817,-0.012229140096097709,0.14081880615431733,0.0,0.0
0.4186851211072664,0.7854671280276817,-0.014670777805821454,0.14058293546238085,0.0,0.0
0.4809688581314879,0.7854671280276817,-0.020969191876436845,0.14199002869211746,0.0,0.0
0.5017301038062284,0.7854671280276817,-0.022844264521723945,0.14283557028278934,0.0,0.0
0.5294117647058824,0.7854671280276817,-0.025232104519780356,0.1441607431207606,0.0,0.0
0.5640138408304498,0.7854671280276817,-0.028102439356269552,0.14575133730790138,0.0,0.0
0.6332179930795848,0.7854671280276817,-0.03372204152367623,0.1485746517083055,0.0,0.0
0.3840830449826989,0.7820069204152249,-0.01069038139019465,0.13991731880307426,0.0,0.0
0.4083044982698962,0.7820069204152249,-0.013716594407128857,0.13909425839178563,0.0,0.0
0.4394463667820069,0.7820069204152249,-0.017104322380580555,0.13957343917238313,0.0,0.0
0.4532871972318339,0.7820069204152249,-0.01852175921024216,0.13990349923588685,0.0,0.0
0.6055363321799307,0.7820069204152249,-0.03169546638702548,0.14618101742044348,0.0,0.0
0.6332179930795848,0.7820069204152249,-0.033861804704980805,0.1477289489924134,0.0,0.0
0.3840830449826989,0.7785467128027682,-0.010963770752325023,0.13828932090635465,0.0,0.0
0.4290657439446367,0.7785467128027682,-0.016247710278452045,0.13784512433639104,0.0,0.0
0.6193771626297578,0.7785467128027682,-0.033021940501506086,0.14572588906355521,0.0,0.0
0.6332179930795848,0.7785467128027682,-0.03400852052465481,0.14689599090635075,0.0,0.0
0.3840830449826989,0.7750865051903114,-0.011208824423791444,0.1366548908135028,0.0,0.0
0.4636678200692041,0.7750865051903114,-0.019920207615171485,0.13775840253430094,0.0,0.0
0.4775086505190311,0.7750865051903114,-0.02122652239406646,0.13834591640836716,0.0,0.0
0.4878892733564013,0.7750865051903114,-0.02215866053564432,0.1387577917626077,0.0,0.0
0.5121107266435986,0.7750865051903114,-0.024208328179049228,0.13998893056210426,0.0,0.0
0.532871972318339,0.7750865051903114,-0.025979561900722203,0.14118636688019828,0.0,0.0
0.5743944636678201,0.7750865051903114,-0.02936955479210649,0.14317679900130714,0.0,0.0
0.5882352941176471,0.7750865051903114,-0.030491307079983865,0.14377535852371276,0.0,0.0
0.6332179930795848,0.7750865051903114,-0.03415487165924167,0.14600745824581213,0.0,0.0
0.3840830449826989,0.7716262975778547,-0.01148094513755493,0.13503506989510808,0.0,0.0
0.4186851211072664,0.7716262975778547,-0.015564378468418275,0.13474923239896774,0.0,0.0
0.4463667820069204,0.7716262975778547,-0.018428229805131372,0.13575872672836947,0.0,0.0
0.4982698961937716,0.7716262975778547,-0.02320818234241252,0.13812985089786134,0.0,0.0
0.5432525951557093,0.7716262975778547,-0.02695251032245282,0.14075349695575623,0.0,0.0
0.5570934256055363,0.7716262975778547,-0.028082190810416692,0.14146754572204173,0.0,0.0
0.6332179930795848,0.7716262975778547,-0.034337421930110766,0.14480144024869393,0.0,0.0
0.3840830449826989,0.7681660899653979,-0.011727028801553905,0.13332680993870144,0.0,0.0
0.4013840830449827,0.7681660899653979,-0.013867534499713265,0.13319054265258856,0.0,0.0
0.4325259515570934,0.7681660899653979,-0.01725912176652865,0.13378531308460667,0.0,0.0
0.5224913494809689,0.7681660899653979,-0.02535012526234746,0.13844363873897209,0.0,0.0
0.6332179930795848,0.7681660899653979,-0.034460723345483876,0.14363079773164283,0.0,0.0
0.3840830449826989,0.7647058823529411,-0.01198162750191005,0.1314489848164323,0.0,0.0
0.4567474048442906,0.7647058823529411,-0.01980747327076611,0.13369045388926618,0.0,0.0
0.4740484429065744,0.7647058823529411,-0.02142341664255276,0.13466349778019585,0.0,0.0
0.5086505190311419,0.7647058823529411,-0.024365083931417803,0.13652081319483145,0.0,0.0
0.5951557093425606,0.7647058823529411,-0.03139016524085838,0.1412694773352618,0.0,0.0
0.6089965397923875,0.7647058823529411,-0.032526016392479914,0.14184413342417432,0.0,0.0
0.6332179930795848,0.7647058823529411,-0.034591643099940964,0.14275869392729973,0.0,0.0
0.3840830449826989,0.7612456747404844,-0.012193042507453846,0.12953737980793728,0.0,0.0
0.4429065743944637,0.7612456747404844,-0.018733281442546393,0.1315514567725948,0.0,0.0
0.4844290657439446,0.7612456747404844,-0.02245771824081785,0.13407477857373282,0.0,0.0
0.532871972318339,0.7612456747404844,-0.026447518431000232,0.1369958756931599,0.0,0.0
0.5467128027681661,0.7612456747404844,-0.027581967824632653,0.1378720754858997,0.0,0.0
0.5570934256055363,0.7612456747404844,-0.028418213251961658,0.1384167970948998,0.0,0.0
0.5674740484429066,0.7612456747404844,-0.02927444303989252,0.1390002439899807,0.0,0.0
0.6193771626297578,0.7612456747404844,-0.033497093348434814,0.14133385577367377,0.0,0.0
0.6332179930795848,0.7612456747404844,-0.034671824907322776,0.1419320340932823,0.0,0.0
0.3840830449826989,0.7577854671280276,-0.012456173497934039,0.12774524161430306,0.0,0.0
0.4152249134948096,0.7577854671280276,-0.01611161140311244,0.1287153673605608,0.0,0.0
0.4982698961937716,0.7577854671280276,-0.023745026386175275,0.13375474331978615,0.0,0.0
0.5847750865051903,0.7577854671280276,-0.03069254889743971,0.13894799623990026,0.0,0.0
0.6332179930795848,0.7577854671280276,-0.03471887939318546,0.14100093247901,0.0,0.0
0.3840830449826989,0.754325259515571,-0.012713472020504865,0.12595686473874554,0.0,0.0
0.4290657439446367,0.754325259515571,-0.01776227110643446,0.1279938049147784,0.0,0.0
0.4567474048442906,0.754325259515571,-0.020341012399753992,0.12982602181409933,0.0,0.0
0.4705882352941176,0.754325259515571,-0.0215540670651564,0.1308128878866092,0.0,0.0
0.5224913494809689,0.754325259515571,-0.025779909886909855,0.13422555988903412,0.0,0.0
0.6020761245674741,0.754325259515571,-0.03215389550413865,0.13886823474947457,0.0,0.0
0.6332179930795848,0.754325259515571,-0.03476113525014204,0.1401368095118192,0.0,0.0
0.3840830449826989,0.7508650519031141,-0.012946361566560325,0.12413760594889002,0.0,0.0
0.4013840830449827,0.7508650519031141,-0.015089253736985173,0.12484337365071996,0.0,0.0
0.4463667820069204,0.7508650519031141,-0.01959035947542693,0.12780908031872032,0.0,0.0
0.5086505190311419,0.7508650519031141,-0.024797424448590608,0.13228519631425828,0.0,0.0
0.5536332179930796,0.7508650519031141,-0.028374175988712596,0.13526651528043318,0.0,0.0
0.6124567474048442,0.7508650519031141,-0.033010857499280725,0.13844243549868865,0.0,0.0
0.6332179930795848,0.7508650519031141,-0.03480628533165409,0.13933120508497124,0.0,0.0
0.3840830449826989,0.7474048442906575,-0.013172904861030642,0.12221185918912232,0.0,0.0
0.4117647058823529,0.7474048442906575,-0.016442029028898818,0.12384986388660393,0.0,0.0
0.4878892733564013,0.7474048442906575,-0.023222029290507894,0.12972692932164476,0.0,0.0
0.5363321799307958,0.7474048442906575,-0.027056047948030973,0.1331603758236713,0.0,0.0
0.5743944636678201,0.7474048442906575,-0.030046506994949623,0.13567068441571625,0.0,0.0
0.5882352941176471,0.7474048442906575,-0.031156948177786872,0.13642986258399403,0.0,0.0
0.629757785467128,0.7474048442906575,-0.034532012042955515,0.13835455233544822,0.0,0.0
0.6332179930795848,0.7474048442906575,-0.03480074164529218,0.13845256545479978,0.0,0.0
0.3840830449826989,0.7439446366782007,-0.013382656671496457,0.12036781228679734,0.0,0.0
0.4740484429065744,0.7439446366782007,-0.02221065009777513,0.12751140807153855,0.0,0.0
0.5640138408304498,0.7439446366782007,-0.029277932669358554,0.13406911541634137,0.0,0.0
0.5986159169550173,0.7439446366782007,-0.03197357680283091,0.13605803476692918,0.0,0.0
0.629757785467128,0.7439446366782007,-0.034554091964667424,0.13743425129357592,0.0,0.0
0.3840830449826989,0.740484429065744,-0.013601500669261352,0.11848581941245648,0.0,0.0
0.3979238754325259,0.740484429065744,-0.01537574361256448,0.11962795280596318,0.0,0.0
0.4290657439446367,0.740484429065744,-0.01852234653032904,0.12234065382945707,0.0,0.0
0.4602076124567474,0.740484429065744,-0.021188720454745548,0.12512503609986517,0.0,0.0
0.5017301038062284,0.740484429065744,-0.02449353992327997,0.12861149645977488,0.0,0.0
0.5467128027681661,0.740484429065744,-0.02793881696121106,0.1319241459851746,0.0,0.0
0.629757785467128,0.740484429065744,-0.03454157011924365,0.1366641082493726,0.0,0.0
0.3840830449826989,0.7370242214532872,-0.013830859236498929,0.11649388358831671,0.0,0.0
0.4083044982698962,0.7370242214532872,-0.01669502937209593,0.11898187758917562,0.0,0.0
0.4429065743944637,0.7370242214532872,-0.019889234134606644,0.12226314193641467,0.0,0.0
0.5190311418685121,0.7370242214532872,-0.02583809513806449,0.12900571692722193,0.0,0.0
0.532871972318339,0.7370242214532872,-0.026858657944842466,0.13001168959345996,0.0,0.0
0.629757785467128,0.7370242214532872,-0.034530079386424065,0.13587006463353243,0.0,0.0
0.3840830449826989,0.7335640138408305,-0.01404863644104352,0.11468958791013237,0.0,0.0
0.4186851211072664,0.7335640138408305,-0.0178474036357135,0.11854342840601816,0.0,0.0
0.4913494809688581,0.7335640138408305,-0.023794533283094835,0.1257382300714049,0.0,0.0
0.5674740484429066,0.7335640138408305,-0.02956133508356295,0.1315635771658955,0.0,0.0
0.5847750865051903,0.7335640138408305,-0.03088430121472474,0.13273954592891374,0.0,0.0
0.6124567474048442,0.7335640138408305,-0.0330769243373868,0.13417986908341317,0.0,0.0
0.629757785467128,0.7335640138408305,-0.034500143005689494,0.13497203860382498,0.0,0.0
0.3806228373702422,0.7301038062283737,-0.013872416450968941,0.11232855406064117,0.0,0.0
0.3840830449826989,0.7301038062283737,-0.01430965376171191,0.11277361466898667,0.0,0.0
0.3944636678200692,0.7301038062283737,-0.015584412722792403,0.1141998529443639,0.0,0.0
0.4636678200692041,0.7301038062283737,-0.02173197099254929,0.12192013562138959,0.0,0.0
0.4775086505190311,0.7301038062283737,-0.022815635545691874,0.12334686786254842,0.0,0.0
0.5501730103806228,0.7301038062283737,-0.02818795439510719,0.12947469840471765,0.0,0.0
0.5986159169550173,0.7301038062283737,-0.031945767751487816,0.13265598711933535,0.0,0.0
0.629757785467128,0.7301038062283737,-0.03444388852715338,0.13429955921009165,0.0,0.0
0.3806228373702422,0.726643598615917,-0.014166824133914816,0.11018943328688734,0.0,0.0
0.4325259515570934,0.726643598615917,-0.01933072316316655,0.11738737137255642,0.0,0.0
0.5051903114186851,0.726643598615917,-0.02493625835692166,0.12485720977999043,0.0,0.0
0.5224913494809689,0.726643598615917,-0.026142592802580807,0.12638937037177228,0.0,0.0
0.629757785467128,0.726643598615917,-0.03436924778265993,0.13351450354343986,0.0,0.0
0.3806228373702422,0.7231833910034602,-0.014456410137713174,0.10821199156411132,0.0,0.0
0.4083044982698962,0.7231833910034602,-0.017387891011165505,0.11297156571607486,0.0,0.0
0.4498269896193771,0.7231833910034602,-0.020814631833772815,0.11816517961775319,0.0,0.0
0.532871972318339,0.7231833910034602,-0.026861198400240753,0.12631616470878362,0.0,0.0
0.5709342560553633,0.7231833910034602,-0.029721156330208744,0.12924379668419156,0.0,0.0
0.629757785467128,0.7231833910034602,-0.03426523196980916,0.13272701300470946,0.0,0.0
0.3806228373702422,0.7197231833910035,-0.014726524756840614,0.1062324351372797,0.0,0.0
0.3979238754325259,0.7197231833910035,-0.016564968550121115,0.10981326895903007,0.0,0.0
0.4221453287197231,0.7197231833910035,-0.01867578963755125,0.11358027027776356,0.0,0.0
0.4671280276816609,0.7197231833910035,-0.022185427035323817,0.11904487289673267,0.0,0.0
0.4775086505190311,0.7197231833910035,-0.022905948536508045,0.1201293431780372,0.0,0.0
0.5605536332179931,0.7197231833910035,-0.028878368517689157,0.12764755345837753,0.0,0.0
0.5916955017301038,0.7197231833910035,-0.031219714251499373,0.12989587882778866,0.0,0.0
0.615916955017301,0.7197231833910035,-0.03314703684487236,0.13119648379089638,0.0,0.0
0.629757785467128,0.7197231833910035,-0.03417467376687243,0.13198582357819574,0.0,0.0
0.3806228373702422,0.7162629757785467,-0.014970012831192182,0.10448937691369642,0.0,0.0
0.4878892733564013,0.7162629757785467,-0.02363995574365088,0.1202487039604754,0.0,0.0
0.5017301038062284,0.7162629757785467,-0.024624868175172634,0.12166419108439902,0.0,0.0
0.5467128027681661,0.7162629757785467,-0.02775035053627703,0.1257144289099701,0.0,0.0
0.5813148788927336,0.7162629757785467,-0.030344069925914628,0.12837953142870046,0.0,0.0
0.6020761245674741,0.7162629757785467,-0.03198401110963571,0.1296625678173869,0.0,0.0
0.629757785467128,0.7162629757785467,-0.03408544167775952,0.13118595116144857,0.0,0.0
0.3771626297577855,0.71280276816609,-0.014840214435730354,0.10175655862491956,0.0,0.0
0.3806228373702422,0.71280276816609,-0.015173349028024178,0.10273188052168934,0.0,0.0
0.4394463667820069,0.71280276816609,-0.0202044876358876,0.11344534960689039,0.0,0.0
0.5155709342560554,0.71280276816609,-0.025563240368088526,0.1220597936734488,0.0,0.0
0.5294117647058824,0.71280276816609,-0.026504575878569574,0.12330949161418372,0.0,0.0
0.5709342560553633,0.71280276816609,-0.02950121859005928,0.12680031788439908,0.0,0.0
0.629757785467128,0.71280276816609,-0.033956917958780794,0.1304630301613672,0.0,0.0
0.3771626297577855,0.7093425605536332,-0.015042718292393764,0.1001591517509523,0.0,0.0
0.3910034602076124,0.7093425605536332,-0.01631993264791102,0.1037533562754208,0.0,0.0
0.4256055363321799,0.7093425605536332,-0.019202744533822348,0.11033832380413568,0.0,0.0
0.4636678200692041,0.7093425605536332,-0.021891442718817197,0.11543682189938795,0.0,0.0
0.5916955017301038,0.7093425605536332,-0.030927750917248156,0.12752303881952165,0.0,0.0
0.629757785467128,0.7093425605536332,-0.03385345040618211,0.1297430968543916,0.0,0.0
0.3771626297577855,0.7058823529411765,-0.01523177100604197,0.09855802074554817,0.0,0.0
0.4152249134948096,0.7058823529411765,-0.01845532744987996,0.10730150969468735,0.0,0.0
0.4532871972318339,0.7058823529411765,-0.021191358887209064,0.11311232113238615,0.0,0.0
0.4740484429065744,0.7058823529411765,-0.022585949507409837,0.11569782901576936,0.0,0.0
0.5397923875432526,0.7058823529411765,-0.027043025730595728,0.12257888095380437,0.0,0.0
0.5570934256055363,0.7058823529411765,-0.028294928265092438,0.12400103440950391,0.0,0.0
0.5813148788927336,0.7058823529411765,-0.030059929310271932,0.12590511517173228,0.0,0.0
0.6124567474048442,0.7058823529411765,-0.03246571710563556,0.1279392882727298,0.0,0.0
0.629757785467128,0.7058823529411765,-0.03371618614078604,0.12903070042433998,0.0,0.0
0.3737024221453287,0.7024221453287197,-0.01514201971476341,0.09614982911913038,0.0,0.0
0.3771626297577855,0.7024221453287197,-0.01536064963855285,0.09717418055761651,0.0,0.0
0.4013840830449827,0.7024221453287197,-0.017324348266676413,0.10329504415405225,0.0,0.0
0.5017301038062284,0.7024221453287197,-0.024393382011339643,0.1180043496114794,0.0,0.0
0.5121107266435986,0.7024221453287197,-0.02509272855630954,0.11899733881505589,0.0,0.0
0.5709342560553633,0.7024221453287197,-0.02916298277462313,0.12433635497161585,0.0,0.0
0.6020761245674741,0.7024221453287197,-0.03150299723024723,0.1265744422013267,0.0,0.0
0.629757785467128,0.7024221453287197,-0.033590549789246436,0.12828008702854346,0.0,0.0
0.3737024221453287,0.698961937716263,-0.015261030647661248,0.09479060701496769,0.0,0.0
0.4325259515570934,0.698961937716263,-0.019768556168550718,0.10789196764342515,0.0,0.0
0.4878892733564013,0.698961937716263,-0.023366239650605487,0.11548037168940803,0.0,0.0
0.629757785467128,0.698961937716263,-0.03344223846206005,0.12762112489346525,0.0,0.0
0.370242214532872,0.6955017301038062,-0.015186495069589813,0.09254510822135001,0.0,0.0
0.3737024221453287,0.6955017301038062,-0.015384491734017734,0.09354754338855728,0.0,0.0
0.3875432525951557,0.6955017301038062,-0.01640892413316821,0.09740428870029781,0.0,0.0
0.4463667820069204,0.6955017301038062,-0.020654442367592694,0.10909430623515032,0.0,0.0
0.5259515570934256,0.6955017301038062,-0.02579884784493628,0.11869107107264693,0.0,0.0
0.5363321799307958,0.6955017301038062,-0.026476908876151603,0.11971854196932075,0.0,0.0
0.5605536332179931,0.6955017301038062,-0.028183281014477982,0.12185686956233283,0.0,0.0
0.5847750865051903,0.6955017301038062,-0.029926511947110702,0.1238052377658154,0.0,0.0
0.615916955017301,0.6955017301038062,-0.032314936302329275,0.12597764994702573,0.0,0.0
0.629757785467128,0.6955017301038062,-0.03328219263495141,0.12691947182347385,0.0,0.0
0.370242214532872,0.6920415224913494,-0.015284113749802045,0.09119731952416046,0.0,0.0
0.3979238754325259,0.6920415224913494,-0.01721679743986816,0.09882290049520424,0.0,0.0
0.4083044982698962,0.6920415224913494,-0.017945628730265145,0.10121987084845728,0.0,0.0
0.4221453287197231,0.6920415224913494,-0.018948824929914978,0.1039285506105844,0.0,0.0
0.4705882352941176,0.6920415224913494,-0.02205066866699188,0.11151228897971038,0.0,0.0
0.5121107266435986,0.6920415224913494,-0.02473097282815033,0.11645926290532864,0.0,0.0
0.5467128027681661,0.6920415224913494,-0.027067620135225647,0.119891022383561,0.0,0.0
0.5743944636678201,0.6920415224913494,-0.029035105047455635,0.1222486385160259,0.0,0.0
0.5951557093425606,0.6920415224913494,-0.0305146705927402,0.12375697067644953,0.0,0.0
0.6055363321799307,0.6920415224913494,-0.031319358518724534,0.12449884085328905,0.0,0.0
0.629757785467128,0.6920415224913494,-0.03311020920035195,0.12627176164944015,0.0,0.0
0.370242214532872,0.6885813148788927,-0.015430044102748857,0.08989122599181153,0.0,0.0
0.4567474048442906,0.6885813148788927,-0.021143218527695802,0.10867960479352172,0.0,0.0
0.4982698961937716,0.6885813148788927,-0.02368404514791649,0.11408009839892931,0.0,0.0
0.6262975778546713,0.6885813148788927,-0.03270058298372993,0.1253218380253336,0.0,0.0
0.629757785467128,0.6885813148788927,-0.03292487905805981,0.12559313531558536,0.0,0.0
0.3667820069204152,0.6851211072664359,-0.015346544526627995,0.08756980134237341,0.0,0.0
0.370242214532872,0.6851211072664359,-0.015495308140743845,0.08878244102471002,0.0,0.0
0.5640138408304498,0.6851211072664359,-0.027958170693673914,0.11980814270962722,0.0,0.0
0.615916955017301,0.6851211072664359,-0.031749780385604866,0.12388128654500696,0.0,0.0
0.6262975778546713,0.6851211072664359,-0.032490319883460704,0.12465494034027123,0.0,0.0
0.3633217993079585,0.6816608996539792,-0.015283749016253942,0.0853330505621708,0.0,0.0
0.3667820069204152,0.6816608996539792,-0.015422489710268428,0.08645326429974397,0.0,0.0
0.3910034602076124,0.6816608996539792,-0.016745505589127765,0.09377455507154962,0.0,0.0
0.4013840830449827,0.6816608996539792,-0.01737637915646612,0.09641713000162234,0.0,0.0
0.4152249134948096,0.6816608996539792,-0.018247204562619624,0.09945935232922304,0.0,0.0
0.4256055363321799,0.6816608996539792,-0.018876169784466736,0.10159513394943515,0.0,0.0
0.4394463667820069,0.6816608996539792,-0.019810338795420046,0.10410840941678438,0.0,0.0
0.4671280276816609,0.6816608996539792,-0.021505526131868614,0.10844090590144558,0.0,0.0
0.4844290657439446,0.6816608996539792,-0.022528126227956902,0.11075506624926218,0.0,0.0
0.5294117647058824,0.6816608996539792,-0.02540883619275503,0.1158404702861404,0.0,0.0
0.5536332179930796,0.6816608996539792,-0.027034138277816595,0.11816579032947708,0.0,0.0
0.5951557093425606,0.6816608996539792,-0.029978448884386926,0.12157095373888635,0.0,0.0
0.6262975778546713,0.6816608996539792,-0.03225771027464336,0.12407328276503596,0.0,0.0
0.3633217993079585,0.6782006920415224,-0.015342926941473246,0.08426542278386204,0.0,0.0
0.3806228373702422,0.6782006920415224,-0.016119578230708233,0.08985837143265059,0.0,0.0
0.4532871972318339,0.6782006920415224,-0.02052332738569147,0.10551258030646209,0.0,0.0
0.5121107266435986,0.6782006920415224,-0.024093227726717334,0.11323046042123852,0.0,0.0
0.5813148788927336,0.6782006920415224,-0.028803541900382288,0.11976267459866069,0.0,0.0
0.6262975778546713,0.6782006920415224,-0.032018778771119034,0.12334809623041731,0.0,0.0
0.3598615916955017,0.6747404844290658,-0.015339606039396847,0.08199335762478711,0.0,0.0
0.3633217993079585,0.6747404844290658,-0.0154051307711265,0.08320179851020268,0.0,0.0
0.5432525951557093,0.6747404844290658,-0.025948492976763736,0.11569734593302752,0.0,0.0
0.5709342560553633,0.6747404844290658,-0.027866914445897433,0.11819536763183469,0.0,0.0
0.6089965397923875,0.6747404844290658,-0.030545383870507883,0.1212902893108088,0.0,0.0
0.6262975778546713,0.6747404844290658,-0.03179253305472024,0.12265667118442639,0.0,0.0
0.3598615916955017,0.671280276816609,-0.015301977584789178,0.08113573004791871,0.0,0.0
0.3910034602076124,0.671280276816609,-0.016555353070189766,0.09087111916146653,0.0,0.0
0.4013840830449827,0.671280276816609,-0.017130520219994415,0.09346495985740891,0.0,0.0
0.4117647058823529,0.671280276816609,-0.017680266546080733,0.0959232086771526,0.0,0.0
0.4256055363321799,0.671280276816609,-0.018478054001910896,0.09886390338802524,0.0,0.0
0.4359861591695502,0.671280276816609,-0.019079052783048233,0.10083719104152247,0.0,0.0
0.4775086505190311,0.671280276816609,-0.021566312252032094,0.10744960988305347,0.0,0.0
0.4948096885813148,0.671280276816609,-0.02263853484521887,0.10970219886456785,0.0,0.0
0.5224913494809689,0.671280276816609,-0.024381543855143267,0.11282876536190034,0.0,0.0
0.532871972318339,0.671280276816609,-0.02505724518694115,0.11393555024126595,0.0,0.0
0.6262975778546713,0.671280276816609,-0.03150105159730758,0.12208012972368404,0.0,0.0
0.356401384083045,0.6678200692041523,-0.015245236399425438,0.07919656083446534,0.0,0.0
0.3598615916955017,0.6678200692041523,-0.01529746760223049,0.08034629206258027,0.0,0.0
0.3771626297577855,0.6678200692041523,-0.015821971061178046,0.08600911533897325,0.0,0.0
0.4498269896193771,0.6678200692041523,-0.019711939673871616,0.10245815968068753,0.0,0.0
0.4671280276816609,0.6678200692041523,-0.020761110509935968,0.10514760813221688,0.0,0.0
0.5847750865051903,0.6678200692041523,-0.028391696257454233,0.11793956773788872,0.0,0.0
0.6262975778546713,0.6678200692041523,-0.03128091592302328,0.1214146239469546,0.0,0.0
0.3529411764705882,0.6643598615916955,-0.015200589157922557,0.07715389104795241,0.0,0.0
0.356401384083045,0.6643598615916955,-0.015197950566111357,0.07837035678423153,0.0,0.0
0.5121107266435986,0.6643598615916955,-0.023321094581395037,0.11021495282200144,0.0,0.0
0.5536332179930796,0.6643598615916955,-0.026017012423105404,0.11452195839454735,0.0,0.0
0.5674740484429066,0.6643598615916955,-0.026930417879409592,0.11578783374834417,0.0,0.0
0.5951557093425606,0.6643598615916955,-0.02887651142910695,0.11810292618218435,0.0,0.0
0.6262975778546713,0.6643598615916955,-0.031017951004831765,0.12076301709012977,0.0,0.0
0.3494809688581315,0.6608996539792388,-0.015116456338786156,0.0753225096001224,0.0,0.0
0.3529411764705882,0.6608996539792388,-0.015094998865809676,0.0765113109626743,0.0,0.0
0.4013840830449827,0.6608996539792388,-0.01665743087033886,0.09099033415472996,0.0,0.0
0.4117647058823529,0.6608996539792388,-0.017136541370354984,0.09342253321905063,0.0,0.0
0.4221453287197231,0.6608996539792388,-0.017733929707550625,0.0956638194424927,0.0,0.0
0.4359861591695502,0.6608996539792388,-0.0184976613080213,0.09840569043769398,0.0,0.0
0.4844290657439446,0.6608996539792388,-0.021355973486226438,0.10608226627359363,0.0,0.0
0.5397923875432526,0.6608996539792388,-0.024842166291904156,0.11245216698551455,0.0,0.0
0.6262975778546713,0.6608996539792388,-0.030728545408276235,0.12010155328836235,0.0,0.0
0.3494809688581315,0.657439446366782,-0.014990976926588953,0.07480461852832937,0.0,0.0
0.3667820069204152,0.657439446366782,-0.015154019466091507,0.08049017855254571,0.0,0.0
0.3910034602076124,0.657439446366782,-0.016035878210216886,0.08768086334673932,0.0,0.0
0.4567474048442906,0.657439446366782,-0.01943482475030723,0.1012206313891919,0.0,0.0
0.5017301038062284,0.657439446366782,-0.022206825130744408,0.10753220520186599,0.0,0.0
0.5259515570934256,0.657439446366782,-0.023716321196795967,0.11029202368108787,0.0,0.0
0.5813148788927336,0.657439446366782,-0.027419125174899552,0.11561786046374159,0.0,0.0
0.6089965397923875,0.657439446366782,-0.029311467110642676,0.11796464917598154,0.0,0.0
0.6262975778546713,0.657439446366782,-0.030477728433577527,0.11948546876286564,0.0,0.0
0.3460207612456747,0.6539792387543253,-0.014819473676046677,0.07321891474822839,0.0,0.0
0.3494809688581315,0.6539792387543253,-0.014808838251825851,0.07436324429575149,0.0,0.0
0.3806228373702422,0.6539792387543253,-0.015425508799227265,0.08408880890200056,0.0,0.0
0.4463667820069204,0.6539792387543253,-0.018573131626887496,0.0987557406378595,0.0,0.0
0.6262975778546713,0.6539792387543253,-0.030195480203234096,0.11891577664271766,0.0,0.0
0.3425605536332179,0.6505190311418685,-0.014675462144814544,0.07171480647047425,0.0,0.0
0.3460207612456747,0.6505190311418685,-0.014635600954048675,0.07281367403400009,0.0,0.0
0.4256055363321799,0.6505190311418685,-0.017219385004735386,0.09418896119059086,0.0,0.0
0.4359861591695502,0.6505190311418685,-0.017757348691612957,0.09615568416684778,0.0,0.0
0.4740484429065744,0.6505190311418685,-0.019976297920739947,0.1024453881318048,0.0,0.0
0.4878892733564013,0.6505190311418685,-0.02083419878927264,0.10434947314964635,0.0,0.0
0.5121107266435986,0.6505190311418685,-0.0223402562112399,0.10734467681177967,0.0,0.0
0.5501730103806228,0.6505190311418685,-0.024793130787888164,0.11138846260694331,0.0,0.0
0.5640138408304498,0.6505190311418685,-0.025708412635601457,0.11273087355191924,0.0,0.0
0.5916955017301038,0.6505190311418685,-0.027591139470849416,0.11518735712067074,0.0,0.0
0.6262975778546713,0.6505190311418685,-0.029999188362104263,0.11828529306637595,0.0,0.0
0.3391003460207612,0.6470588235294118,-0.014523951311902636,0.07024487144672231,0.0,0.0
0.3425605536332179,0.6470588235294118,-0.014457390862673496,0.07135568170744908,0.0,0.0
0.3598615916955017,0.6470588235294118,-0.014507823682864303,0.0767300200090273,0.0,0.0
0.370242214532872,0.6470588235294118,-0.014724241824279527,0.07993150054335581,0.0,0.0
0.3944636678200692,0.6470588235294118,-0.01554269928263879,0.08652557494592661,0.0,0.0
0.4083044982698962,0.6470588235294118,-0.016102187529659303,0.08981746533773066,0.0,0.0
0.4602076124567474,0.6470588235294118,-0.01885974555625237,0.09958189049928137,0.0,0.0
0.5363321799307958,0.6470588235294118,-0.023598891406940315,0.10929402831034409,0.0,0.0
0.6124567474048442,0.6470588235294118,-0.02878853569852639,0.11634545548649583,0.0,0.0
0.6262975778546713,0.6470588235294118,-0.02972010835102727,0.11757235085054987,0.0,0.0
0.3356401384083045,0.643598615916955,-0.014340497286765688,0.06887508067991532,0.0,0.0
0.3391003460207612,0.643598615916955,-0.014250072192956015,0.0699267829298316,0.0,0.0
0.3840830449826989,0.643598615916955,-0.014892527423414412,0.08323831593988067,0.0,0.0
0.4982698961937716,0.643598615916955,-0.020926830390156345,0.10428756746016318,0.0,0.0
0.6262975778546713,0.643598615916955,-0.029436210919123598,0.11695939374885411,0.0,0.0
0.0,0.6401384083044983,-0.002643098233174806,0.005439572679260927,0.0,0.0
0.0034602076124567,0.6401384083044983,-0.0027617805508150244,0.005728214411382779,0.0,0.0
0.3321799307958477,0.6401384083044983,-0.014133447127497631,0.06754950275715435,0.0,0.0
0.3356401384083045,0.6401384083044983,-0.014054559647626563,0.06863222306113119,0.0,0.0
0.4290657439446367,0.6401384083044983,-0.016573760598460257,0.09282033275065119,0.0,0.0
0.4394463667820069,0.6401384083044983,-0.017168358603194073,0.09471818397576953,0.0,0.0
0.4705882352941176,0.6401384083044983,-0.018935522821975855,0.0997666988828006,0.0,0.0
0.4844290657439446,0.6401384083044983,-0.019762845029782483,0.10173508145409707,0.0,0.0
0.5224913494809689,0.6401384083044983,-0.022160805014713236,0.10643172361905288,0.0,0.0
0.5467128027681661,0.6401384083044983,-0.02374409724685607,0.1090099870765803,0.0,0.0
0.5778546712802768,0.6401384083044983,-0.02580769358507503,0.11207833350610183,0.0,0.0
0.6020761245674741,0.6401384083044983,-0.027449390735835657,0.11416343652503746,0.0,0.0
0.6262975778546713,0.6401384083044983,-0.029161580385798934,0.11630871491192535,0.0,0.0
0.0,0.6366782006920415,-0.0027487313908739867,0.005458500720610627,0.0,0.0
0.0034602076124567,0.6366782006920415,-0.002893928922422926,0.005716404538636951,0.0,0.0
0.0069204152249134,0.6366782006920415,-0.0030340413692722177,0.006001885340733245,0.0,0.0
0.0103806228373702,0.6366782006920415,-0.0031625917488529638,0.00631731385862331,0.0,0.0
0.328719723183391,0.6366782006920415,-0.01396622893258739,0.06628292255730586,0.0,0.0
0.3321799307958477,0.6366782006920415,-0.013846491522571776,0.06736070735484995,0.0,0.0
0.356401384083045,0.6366782006920415,-0.013756252601876472,0.07462287394477046,0.0,0.0
0.3737024221453287,0.6366782006920415,-0.014061519700181057,0.07946622380694131,0.0,0.0
0.3979238754325259,0.6366782006920415,-0.014891514134788186,0.08558670555290668,0.0,0.0
0.4083044982698962,0.6366782006920415,-0.015343865487965945,0.08790007827705787,0.0,0.0
0.4186851211072664,0.6366782006920415,-0.01579009124604552,0.09008041726791371,0.0,0.0
0.4532871972318339,0.6366782006920415,-0.017618067093019153,0.09639250179950944,0.0,0.0
0.5605536332179931,0.6366782006920415,-0.024366437504540574,0.10971153515714624,0.0,0.0
0.6262975778546713,0.6366782006920415,-0.028901182863855467,0.11574381706131774,0.0,0.0
0.0,0.6332179930795848,-0.002825629918781358,0.005453736379902636,0.0,0.0
0.0103806228373702,0.6332179930795848,-0.003279350715929761,0.006284730019077355,0.0,0.0
0.0138408304498269,0.6332179930795848,-0.0034458128146661166,0.006625798931483819,0.0,0.0
0.3217993079584775,0.6332179930795848,-0.013795349940510704,0.06412734817555307,0.0,0.0
0.3252595155709342,0.6332179930795848,-0.013699065468171638,0.0651282014927839,0.0,0.0
0.328719723183391,0.6332179930795848,-0.013639209036602701,0.06613618017239295,0.0,0.0
0.3460207612456747,0.6332179930795848,-0.013452839256260105,0.07130135610452135,0.0,0.0
0.5086505190311419,0.6332179930795848,-0.020666053940349045,0.10349130308909814,0.0,0.0
0.5363321799307958,0.6332179930795848,-0.02245162566397741,0.10659168665924453,0.0,0.0
0.5882352941176471,0.6332179930795848,-0.025922708739974258,0.11168769054083524,0.0,0.0
0.6124567474048442,0.6332179930795848,-0.02769067395557115,0.11380227919452829,0.0,0.0
0.6262975778546713,0.6332179930795848,-0.028609139230848832,0.1150834969384771,0.0,0.0
0.0,0.629757785467128,-0.002874940320582493,0.005451204684221026,0.0,0.0
0.0138408304498269,0.629757785467128,-0.003489703203971067,0.006586108822359306,0.0,0.0
0.0173010380622837,0.629757785467128,-0.00366345819035653,0.006934662079295626,0.0,0.0
0.0207612456747404,0.629757785467128,-0.0038335236233680435,0.007307278395210541,0.0,0.0
0.3183391003460207,0.629757785467128,-0.013567843522770552,0.06296907803548141,0.0,0.0
0.3217993079584775,0.629757785467128,-0.013476538640247233,0.06396352420465148,0.0,0.0
0.4290657439446367,0.629757785467128,-0.015701236851356368,0.09087338724401287,0.0,0.0
0.4948096885813148,0.629757785467128,-0.01947656192303208,0.10104400494177834,0.0,0.0
0.5501730103806228,0.629757785467128,-0.023056069827913684,0.10737183708684733,0.0,0.0
0.5709342560553633,0.629757785467128,-0.0244374722347643,0.10943089307935472,0.0,0.0
0.5986159169550173,0.629757785467128,-0.026350585215900998,0.11197842262519173,0.0,0.0
0.6262975778546713,0.629757785467128,-0.028300089722857663,0.11446553800218502,0.0,0.0
0.0,0.6262975778546713,-0.0029064992208288854,0.0054214001563750325,0.0,0.0
0.0207612456747404,0.6262975778546713,-0.0038605314462386436,0.007236445455152686,0.0,0.0
0.0242214532871972,0.6262975778546713,-0.004039379307680846,0.007612221563230244,0.0,0.0
0.0276816608996539,0.6262975778546713,-0.004247008975992428,0.00802686722150418,0.0,0.0
0.314878892733564,0.6262975778546713,-0.013326374668657031,0.061885733786286895,0.0,0.0
0.3183391003460207,0.6262975778546713,-0.01319692293593728,0.06289357668698144,0.0,0.0
0.3806228373702422,0.6262975778546713,-0.01339273134772502,0.07992633946468491,0.0,0.0
0.3944636678200692,0.6262975778546713,-0.013857161068330168,0.08318100953431785,0.0,0.0
0.4186851211072664,0.6262975778546713,-0.014896032367908447,0.08830451264007655,0.0,0.0
0.4567474048442906,0.6262975778546713,-0.016935978394847468,0.09501659767025028,0.0,0.0
0.4671280276816609,0.6262975778546713,-0.01750534729425556,0.09654399577604851,0.0,0.0
0.4809688581314879,0.6262975778546713,-0.018315883498457093,0.09853362209230661,0.0,0.0
0.6262975778546713,0.6262975778546713,-0.0279925883965366,0.11378230990287559,0.0,0.0
0.0,0.6228373702422145,-0.0028977311539141433,0.005410199186179352,0.0,0.0
0.0276816608996539,0.6228373702422145,-0.0042207860066252895,0.007935849689003415,0.0,0.0
0.0311418685121107,0.6228373702422145,-0.004465269006262234,0.008370243096179071,0.0,0.0
0.0346020761245674,0.6228373702422145,-0.0047976518106839314,0.008821813880626344,0.0,0.0
0.3079584775086505,0.6228373702422145,-0.013167666097235887,0.0599328896083644,0.0,0.0
0.3114186851211072,0.6228373702422145,-0.013070491484811169,0.06084442838347201,0.0,0.0
0.314878892733564,0.6228373702422145,-0.012937422390980776,0.06181374310165551,0.0,0.0
0.3391003460207612,0.6228373702422145,-0.012519765334923284,0.0686901669144792,0.0,0.0
0.3667820069204152,0.6228373702422145,-0.012747143608021542,0.07606184741651523,0.0,0.0
0.4083044982698962,0.6228373702422145,-0.01411976972033409,0.0856713467301094,0.0,0.0
0.4463667820069204,0.6228373702422145,-0.016040273377852785,0.09272855958575903,0.0,0.0
0.5224913494809689,0.6228373702422145,-0.020598323813818837,0.10312074392497832,0.0,0.0
0.532871972318339,0.6228373702422145,-0.02127850531340065,0.1042615404628819,0.0,0.0
0.5813148788927336,0.6228373702422145,-0.024505851226883583,0.10910603189552785,0.0,0.0
0.615916955017301,0.6228373702422145,-0.02700464166825911,0.11217896410875278,0.0,0.0
0.6262975778546713,0.6228373702422145,-0.027664804106873022,0.11312035037296175,0.0,0.0
0.0,0.6193771626297578,-0.0028839808126495657,0.0053974453742364455,0.0,0.0
0.0346020761245674,0.6193771626297578,-0.004714296943305971,0.00870476088651154,0.0,0.0
0.0380622837370242,0.6193771626297578,-0.00500001158644113,0.009158216080498027,0.0,0.0
0.0415224913494809,0.6193771626297578,-0.005298567803222049,0.009641416144260843,0.0,0.0
0.301038062283737,0.6193771626297578,-0.013025869436298363,0.05807401003684112,0.0,0.0
0.3044982698961938,0.6193771626297578,-0.012865335115617537,0.0589654939358184,0.0,0.0
0.3079584775086505,0.6193771626297578,-0.012742109993698562,0.05988923743668297,0.0,0.0
0.328719723183391,0.6193771626297578,-0.012258401348918296,0.06561516318839114,0.0,0.0
0.3529411764705882,0.6193771626297578,-0.012223002286979359,0.0721853640875901,0.0,0.0
0.4359861591695502,0.6193771626297578,-0.01513501798455458,0.09037275966314438,0.0,0.0
0.5501730103806228,0.6193771626297578,-0.02209943547321536,0.10540652042808148,0.0,0.0
0.5605536332179931,0.6193771626297578,-0.022785723081065398,0.10645757255299279,0.0,0.0
0.5916955017301038,0.6193771626297578,-0.02491282540680614,0.10937998405684422,0.0,0.0
0.6055363321799307,0.6193771626297578,-0.02591569125250993,0.11060139785666696,0.0,0.0
0.6262975778546713,0.6193771626297578,-0.02735120217351779,0.11246765617068522,0.0,0.0
0.0,0.615916955017301,-0.0028514528277737232,0.005375528362845628,0.0,0.0
0.0138408304498269,0.615916955017301,-0.003443610356097635,0.006422258947516836,0.0,0.0
0.0415224913494809,0.615916955017301,-0.005122114283417407,0.009492890790586031,0.0,0.0
0.0449826989619377,0.615916955017301,-0.005398159789023146,0.009952693207330825,0.0,0.0
0.0484429065743944,0.615916955017301,-0.005723841296620175,0.010456053144889151,0.0,0.0
0.0519031141868512,0.615916955017301,-0.0060223803044132255,0.010971156821035073,0.0,0.0
0.2941176470588235,0.615916955017301,-0.012846787836890937,0.05627395685546196,0.0,0.0
0.2975778546712803,0.615916955017301,-0.012691643525735189,0.05714446849441618,0.0,0.0
0.301038062283737,0.615916955017301,-0.012555821661843143,0.05804231178035625,0.0,0.0
0.3806228373702422,0.615916955017301,-0.012458137788251371,0.07867694704014272,0.0,0.0
0.4256055363321799,0.615916955017301,-0.014265370037748592,0.08795971994210805,0.0,0.0
0.4567474048442906,0.615916955017301,-0.01593192571422041,0.09313695580773526,0.0,0.0
0.4740484429065744,0.615916955017301,-0.016937295293772622,0.095710930282416,0.0,0.0
0.4878892733564013,0.615916955017301,-0.017741031443249136,0.09761949667643946,0.0,0.0
0.5051903114186851,0.615916955017301,-0.018839717918505833,0.09981489617222807,0.0,0.0
0.5709342560553633,0.615916955017301,-0.0231273093469032,0.10680883821552346,0.0,0.0
0.6262975778546713,0.615916955017301,-0.02704600063323124,0.11183909700139795,0.0,0.0
0.0,0.6124567474048442,-0.002811647844416526,0.005351954262185151,0.0,0.0
0.0519031141868512,0.6124567474048442,-0.005750855922971839,0.01076153228014654,0.0,0.0
0.0553633217993079,0.6124567474048442,-0.006054109900173708,0.011265328096406966,0.0,0.0
0.0588235294117647,0.6124567474048442,-0.006347774324411373,0.011778276370831705,0.0,0.0
0.0622837370242214,0.6124567474048442,-0.006805389342891002,0.012393465706328426,0.0,0.0
0.28719723183391,0.6124567474048442,-0.012591382554072855,0.05461014309516688,0.0,0.0
0.2906574394463668,0.6124567474048442,-0.012498512876476964,0.055364627473478124,0.0,0.0
0.2941176470588235,0.6124567474048442,-0.012370001383313237,0.05628945564283831,0.0,0.0
0.3910034602076124,0.6124567474048442,-0.012441183175472395,0.08058979816127879,0.0,0.0
0.5397923875432526,0.6124567474048442,-0.020720818973976207,0.1031038480378878,0.0,0.0
0.6262975778546713,0.6124567474048442,-0.026722948348551094,0.111208563528954,0.0,0.0
0.0,0.6089965397923875,-0.002748427433290854,0.005332743266668047,0.0,0.0
0.0622837370242214,0.6089965397923875,-0.006374823346992306,0.01212852082281023,0.0,0.0
0.0657439446366782,0.6089965397923875,-0.006649218951772512,0.012655747525447007,0.0,0.0
0.0692041522491349,0.6089965397923875,-0.006977118633927578,0.013190784356251177,0.0,0.0
0.0726643598615917,0.6089965397923875,-0.007266191020039014,0.01372678642115015,0.0,0.0
0.2768166089965398,0.6089965397923875,-0.012465921885516009,0.05207527887138247,0.0,0.0
0.2802768166089965,0.6089965397923875,-0.01236457903083468,0.05290013063229308,0.0,0.0
0.2837370242214533,0.6089965397923875,-0.012232177005786363,0.0537621371070835,0.0,0.0
0.28719723183391,0.6089965397923875,-0.012103795400195676,0.054600398634141296,0.0,0.0
0.3321799307958477,0.6089965397923875,-0.011090137113924701,0.06614853033208734,0.0,0.0
0.356401384083045,0.6089965397923875,-0.011181216564230542,0.07230799472624642,0.0,0.0
0.370242214532872,0.6089965397923875,-0.011449192306348114,0.07557440238760814,0.0,0.0
0.4394463667820069,0.6089965397923875,-0.014330600335550522,0.0892306036419628,0.0,0.0
0.5294117647058824,0.6089965397923875,-0.019663195503407182,0.10134460236725576,0.0,0.0
0.5536332179930796,0.6089965397923875,-0.021282240718979162,0.10388395191993337,0.0,0.0
0.6124567474048442,0.6089965397923875,-0.025463348686467827,0.10929200391288785,0.0,0.0
0.6228373702422145,0.6089965397923875,-0.026170922003156384,0.11027293670410121,0.0,0.0
0.6262975778546713,0.6089965397923875,-0.026390622340758597,0.11058359272985503,0.0,0.0
0.0,0.6055363321799307,-0.002663259205356136,0.005305995848023184,0.0,0.0
0.0103806228373702,0.6055363321799307,-0.003081473216395141,0.0061008626923557945,0.0,0.0
0.0207612456747404,0.6055363321799307,-0.0035250178228334143,0.006988929485871733,0.0,0.0
0.0346020761245674,0.6055363321799307,-0.004170473358307153,0.008427978782191176,0.0,0.0
0.0726643598615917,0.6055363321799307,-0.006813642542575027,0.013538265840976435,0.0,0.0
0.0761245674740484,0.6055363321799307,-0.007127758790917161,0.014056864230230812,0.0,0.0
0.0795847750865051,0.6055363321799307,-0.007491678129439385,0.014635207393791452,0.0,0.0
0.0830449826989619,0.6055363321799307,-0.007840455874353919,0.015192838101649913,0.0,0.0
0.0865051903114186,0.6055363321799307,-0.008147591825924637,0.015730963799195613,0.0,0.0
0.2629757785467128,0.6055363321799307,-0.012328744498736798,0.04896304811671602,0.0,0.0
0.2664359861591695,0.6055363321799307,-0.012243998574457475,0.04975579122151591,0.0,0.0
0.2698961937716263,0.6055363321799307,-0.012162332258206492,0.05053854290124785,0.0,0.0
0.273356401384083,0.6055363321799307,-0.01203728288942599,0.051325325280577455,0.0,0.0
0.2768166089965398,0.6055363321799307,-0.011939826226142593,0.05213283923952694,0.0,0.0
0.314878892733564,0.6055363321799307,-0.01089287669469038,0.061601149978210486,0.0,0.0
0.3460207612456747,0.6055363321799307,-0.010711678861476987,0.06949801818475047,0.0,0.0
0.3806228373702422,0.6055363321799307,-0.011417815079441044,0.07753273178851568,0.0,0.0
0.4083044982698962,0.6055363321799307,-0.012450452589001767,0.0832840717861622,0.0,0.0
0.4498269896193771,0.6055363321799307,-0.01452245236565848,0.09035631415002066,0.0,0.0
0.4636678200692041,0.6055363321799307,-0.015294369485913454,0.09243127824135006,0.0,0.0
0.4913494809688581,0.6055363321799307,-0.016935395257696127,0.0962472732560892,0.0,0.0
0.5190311418685121,0.6055363321799307,-0.018684387441766835,0.0995744053517578,0.0,0.0
0.5674740484429066,0.6055363321799307,-0.021902608343784918,0.10460542954435306,0.0,0.0
0.5882352941176471,0.6055363321799307,-0.02329485851776071,0.10647113454568001,0.0,0.0
0.6020761245674741,0.6055363321799307,-0.02434112836521776,0.10773362548530073,0.0,0.0
0.6228373702422145,0.6055363321799307,-0.025823018146584466,0.10965368954962493,0.0,0.0
0.0,0.6020761245674741,-0.0025757612196726787,0.005296527469211738,0.0,0.0
0.0865051903114186,0.6020761245674741,-0.007506010636120919,0.015544823247929305,0.0,0.0
0.0899653979238754,0.6020761245674741,-0.007819769555451756,0.01606805559131224,0.0,0.0
0.0934256055363321,0.6020761245674741,-0.0080705645237752,0.016602799856422556,0.0,0.0
0.0968858131487889,0.6020761245674741,-0.00835946257055821,0.017134891123134367,0.0,0.0
0.1003460207612456,0.6020761245674741,-0.008614383852331648,0.017634823756930013,0.0,0.0
0.1038062283737024,0.6020761245674741,-0.008866421648240898,0.018196715130165755,0.0,0.0
0.1072664359861591,0.6020761245674741,-0.009095339839310811,0.018768922697520507,0.0,0.0
0.1107266435986159,0.6020761245674741,-0.009373415969802443,0.019247559252512654,0.0,0.0
0.2422145328719723,0.6020761245674741,-0.01221898457548171,0.04445610352004759,0.0,0.0
0.245674740484429,0.6020761245674741,-0.012170389074193261,0.04519037682447665,0.0,0.0
0.2491349480968858,0.6020761245674741,-0.01209124973752957,0.045925315647734694,0.0,0.0
0.2525951557093425,0.6020761245674741,-0.012026689854687517,0.04671134990835827,0.0,0.0
0.2560553633217993,0.6020761245674741,-0.011915144285290833,0.04748491586099408,0.0,0.0
0.259515570934256,0.6020761245674741,-0.011835140419743023,0.0482386599157991,0.0,0.0
0.2629757785467128,0.6020761245674741,-0.011774242022553307,0.04900407270531036,0.0,0.0
0.2975778546712803,0.6020761245674741,-0.01082409432563946,0.057226847659938185,0.0,0.0
0.3944636678200692,0.6020761245674741,-0.011534171243614014,0.08009559580765731,0.0,0.0
0.4221453287197231,0.6020761245674741,-0.01276223811960054,0.08531791551150006,0.0,0.0
0.4809688581314879,0.6020761245674741,-0.015912641829915388,0.09427604763822389,0.0,0.0
0.5086505190311419,0.6020761245674741,-0.0176334421482101,0.09778831415664238,0.0,0.0
0.5432525951557093,0.6020761245674741,-0.019879825690905035,0.10156815711703761,0.0,0.0
0.5778546712802768,0.6020761245674741,-0.022250766231664984,0.10491363571261086,0.0,0.0
0.6228373702422145,0.6020761245674741,-0.025460510654704567,0.10901351068277833,0.0,0.0
0.0,0.5986159169550173,-0.0024804659234511856,0.005304860527272267,0.0,0.0
0.0449826989619377,0.5986159169550173,-0.004353988057386759,0.0095585824778409,0.0,0.0
0.1107266435986159,0.5986159169550173,-0.008632571911042854,0.019309191490318352,0.0,0.0
0.1141868512110726,0.5986159169550173,-0.00878506156377413,0.019955362381347288,0.0,0.0
0.1176470588235294,0.5986159169550173,-0.009052019720881302,0.020602884069396966,0.0,0.0
0.1211072664359861,0.5986159169550173,-0.009196371659946407,0.021163668970980543,0.0,0.0
0.1245674740484429,0.5986159169550173,-0.009391701802110587,0.021767759736107416,0.0,0.0
0.1280276816608996,0.5986159169550173,-0.00958923138705714,0.02237146549825684,0.0,0.0
0.1314878892733564,0.5986159169550173,-0.00969174949800393,0.023025441198329614,0.0,0.0
0.1349480968858131,0.5986159169550173,-0.009880017257625353,0.023604676172383616,0.0,0.0
0.1384083044982699,0.5986159169550173,-0.010013291870848547,0.024251837499374814,0.0,0.0
0.1418685121107266,0.5986159169550173,-0.010148546891941274,0.024861721291886504,0.0,0.0
0.1453287197231834,0.5986159169550173,-0.01027672898247435,0.02550565868249638,0.0,0.0
0.1487889273356401,0.5986159169550173,-0.010374997677762558,0.026168755139899358,0.0,0.0
0.1522491349480969,0.5986159169550173,-0.010513249691988358,0.026810154357889276,0.0,0.0
0.1557093425605536,0.5986159169550173,-0.010625105118503045,0.02741917380863166,0.0,0.0
0.1591695501730103,0.5986159169550173,-0.010758798600474174,0.028048432513543144,0.0,0.0
0.1626297577854671,0.5986159169550173,-0.010857332616169491,0.028668055606859755,0.0,0.0
0.1660899653979238,0.5986159169550173,-0.01096532086466979,0.02931314599130579,0.0,0.0
0.1695501730103806,0.5986159169550173,-0.011083956512681327,0.029951193073452297,0.0,0.0
0.1730103806228373,0.5986159169550173,-0.011142678857936532,0.03059383644638664,0.0,0.0
0.1764705882352941,0.5986159169550173,-0.011265168763982042,0.031249959444129283,0.0,0.0
0.1799307958477508,0.5986159169550173,-0.01126166114341301,0.031938113878923126,0.0,0.0
0.1833910034602076,0.5986159169550173,-0.011301399511987168,0.0326301409683874,0.0,0.0
0.1868512110726643,0.5986159169550173,-0.011419925097796374,0.03334166381144654,0.0,0.0
0.1903114186851211,0.5986159169550173,-0.011449489239331551,0.03401835805520732,0.0,0.0
0.1937716262975778,0.5986159169550173,-0.011543343879125721,0.034663632795601744,0.0,0.0
0.1972318339100346,0.5986159169550173,-0.011550664572950411,0.03534603389018816,0.0,0.0
0.2006920415224913,0.5986159169550173,-0.011641277495135301,0.03599906247770543,0.0,0.0
0.2041522491349481,0.5986159169550173,-0.01168197586019079,0.0366738891489355,0.0,0.0
0.2076124567474048,0.5986159169550173,-0.011658917894919862,0.037367841425542246,0.0,0.0
0.2110726643598615,0.5986159169550173,-0.011684651672053997,0.03806195987899172,0.0,0.0
0.2145328719723183,0.5986159169550173,-0.011720965150244893,0.03878133346777739,0.0,0.0
0.2179930795847751,0.5986159169550173,-0.01169123189640505,0.03948774970689508,0.0,0.0
0.2214532871972318,0.5986159169550173,-0.011712011039078344,0.04018955704573786,0.0,0.0
0.2249134948096885,0.5986159169550173,-0.011676646077012518,0.04090411842765789,0.0,0.0
0.2283737024221453,0.5986159169550173,-0.011660870062298287,0.04161565026482376,0.0,0.0
0.231833910034602,0.5986159169550173,-0.011642784093058722,0.04234008595146479,0.0,0.0
0.2352941176470588,0.5986159169550173,-0.011589162980737916,0.04306507455357495,0.0,0.0
0.2387543252595155,0.5986159169550173,-0.011612964414494383,0.043753805505425174,0.0,0.0
0.2422145328719723,0.5986159169550173,-0.011579158679593606,0.044497089288732194,0.0,0.0
0.3252595155709342,0.5986159169550173,-0.009965050192907512,0.0640335277399293,0.0,0.0
0.3667820069204152,0.5986159169550173,-0.010290213032739396,0.07385332951254923,0.0,0.0
0.4325259515570934,0.5986159169550173,-0.012923736319399502,0.08658227580958695,0.0,0.0
0.532871972318339,0.5986159169550173,-0.018816615008962104,0.09988297577270255,0.0,0.0
0.6124567474048442,0.5986159169550173,-0.024401362103733334,0.10744582919942236,0.0,0.0
0.6228373702422145,0.5986159169550173,-0.025131339017208734,0.10845625550037638,0.0,0.0
0.0,0.5951557093425606,-0.0023798380999623388,0.005276003232007376,0.0,0.0
0.0138408304498269,0.5951557093425606,-0.0028509089765737785,0.006365981522606931,0.0,0.0
0.0553633217993079,0.5951557093425606,-0.004688212862857314,0.010862078476796062,0.0,0.0
0.28719723183391,0.5951557093425606,-0.010078772924651641,0.054805957240563336,0.0,0.0
0.3114186851211072,0.5951557093425606,-0.009653710450515973,0.06061016045099934,0.0,0.0
0.3840830449826989,0.5951557093425606,-0.010456714898230825,0.07717686635931968,0.0,0.0
0.4117647058823529,0.5951557093425606,-0.01154999520409831,0.0825719062059965,0.0,0.0
0.4429065743944637,0.5951557093425606,-0.013082154585333673,0.08770916065754508,0.0,0.0
0.4671280276816609,0.5951557093425606,-0.014377476320263118,0.09128593878920978,0.0,0.0
0.4982698961937716,0.5951557093425606,-0.0162647611487248,0.0953643353448066,0.0,0.0
0.5224913494809689,0.5951557093425606,-0.01778043921412296,0.09816975593631908,0.0,0.0
0.5536332179930796,0.5951557093425606,-0.019856485659404035,0.10135436200714765,0.0,0.0
0.5640138408304498,0.5951557093425606,-0.020597152596345796,0.10233536064094988,0.0,0.0
0.6228373702422145,0.5951557093425606,-0.024765370276351693,0.10779606174259419,0.0,0.0
0.0,0.5916955017301038,-0.0022666877929925734,0.00528092889841762,0.0,0.0
0.0657439446366782,0.5916955017301038,-0.004969455206107911,0.012255747136889518,0.0,0.0
0.0795847750865051,0.5916955017301038,-0.005704869633419389,0.014303018338039736,0.0,0.0
0.0899653979238754,0.5916955017301038,-0.006279365442555284,0.01594339000282631,0.0,0.0
0.2698961937716263,0.5916955017301038,-0.009947066324914777,0.05087356726232515,0.0,0.0
0.301038062283737,0.5916955017301038,-0.00936696937916177,0.05806019482351141,0.0,0.0
0.3391003460207612,0.5916955017301038,-0.009202318107703616,0.06709505862877158,0.0,0.0
0.356401384083045,0.5916955017301038,-0.00944602270071471,0.07102980222660693,0.0,0.0
0.4013840830449827,0.5916955017301038,-0.010746917353910637,0.08019669178843976,0.0,0.0
0.4567474048442906,0.5916955017301038,-0.013460529209336037,0.0892947416089394,0.0,0.0
0.5121107266435986,0.5916955017301038,-0.016776436054788253,0.0964310113643955,0.0,0.0
0.5743944636678201,0.5916955017301038,-0.02096096515137039,0.10271191795544618,0.0,0.0
0.6020761245674741,0.5916955017301038,-0.02286479811913954,0.10522506172907166,0.0,0.0
0.6228373702422145,0.5916955017301038,-0.024405298186901767,0.10717206448703101,0.0,0.0
0.0,0.5882352941176471,-0.0021325173537807374,0.005269509232739626,0.0,0.0
0.0311418685121107,0.5882352941176471,-0.0031474210338604406,0.007996080864410098,0.0,0.0
0.0415224913494809,0.5882352941176471,-0.0035166197822033393,0.009115083220231558,0.0,0.0
0.1038062283737024,0.5882352941176471,-0.006549333358275189,0.018246263860638746,0.0,0.0
0.1730103806228373,0.5882352941176471,-0.009149930602983001,0.030955313431992308,0.0,0.0
0.2110726643598615,0.5882352941176471,-0.009724465940143045,0.03839777978803585,0.0,0.0
0.3217993079584775,0.5882352941176471,-0.008768055418309205,0.06291324281183473,0.0,0.0
0.370242214532872,0.5882352941176471,-0.009363573360711926,0.07371082378795976,0.0,0.0
0.5397923875432526,0.5882352941176471,-0.018182424839886847,0.09875481995946898,0.0,0.0
0.5882352941176471,0.5882352941176471,-0.021538412567419028,0.10337251369307371,0.0,0.0
0.6228373702422145,0.5882352941176471,-0.024023441008443346,0.10653629622373939,0.0,0.0
0.0,0.5847750865051903,-0.0019986462304939214,0.005270860464674286,0.0,0.0
0.0519031141868512,0.5847750865051903,-0.00372064287178432,0.010366283943533849,0.0,0.0
0.1211072664359861,0.5847750865051903,-0.006841740293679119,0.021329324827166252,0.0,0.0
0.1522491349480969,0.5847750865051903,-0.007983076016546738,0.027086220872187334,0.0,0.0
0.1868512110726643,0.5847750865051903,-0.008879545817460166,0.033677078702445476,0.0,0.0
0.2006920415224913,0.5847750865051903,-0.009024557630286619,0.03640635609648448,0.0,0.0
0.2249134948096885,0.5847750865051903,-0.009192713527311814,0.041280561189883574,0.0,0.0
0.2387543252595155,0.5847750865051903,-0.009152654111353012,0.044228421445985516,0.0,0.0
0.2525951557093425,0.5847750865051903,-0.009075943268885799,0.04719267833468453,0.0,0.0
0.3806228373702422,0.5847750865051903,-0.009299365491473173,0.07547320146207964,0.0,0.0
0.3910034602076124,0.5847750865051903,-0.00965961212563013,0.07744255777489176,0.0,0.0
0.4221453287197231,0.5847750865051903,-0.010931973518953319,0.08302166223916622,0.0,0.0
0.4463667820069204,0.5847750865051903,-0.01215292159014773,0.08675972555713313,0.0,0.0
0.4740484429065744,0.5847750865051903,-0.013677511045423023,0.09063366197408766,0.0,0.0
0.4878892733564013,0.5847750865051903,-0.014491733098703507,0.09237826524439664,0.0,0.0
0.5017301038062284,0.5847750865051903,-0.015358162916638989,0.0940274741901252,0.0,0.0
0.5294117647058824,0.5847750865051903,-0.017111999990852243,0.09707986345364053,0.0,0.0
0.5605536332179931,0.5847750865051903,-0.01924277743242371,0.10013893619186585,0.0,0.0
0.6228373702422145,0.5847750865051903,-0.0236409692095245,0.10589675604889963,0.0,0.0
0.0,0.5813148788927336,-0.0018468410373860674,0.0052680914336448795,0.0,0.0
0.0173010380622837,0.5813148788927336,-0.002307309288174957,0.006676119548200987,0.0,0.0
0.0622837370242214,0.5813148788927336,-0.0037970618358641774,0.011744640443103962,0.0,0.0
0.0934256055363321,0.5813148788927336,-0.005117260534923958,0.016501442500126588,0.0,0.0
0.1384083044982699,0.5813148788927336,-0.006995033744111817,0.02456369598084607,0.0,0.0
0.1626297577854671,0.5813148788927336,-0.007727821945687418,0.029077127500895195,0.0,0.0
0.2629757785467128,0.5813148788927336,-0.008413056498481534,0.049530800569624805,0.0,0.0
0.2768166089965398,0.5813148788927336,-0.008241725722690678,0.05259971477855965,0.0,0.0
0.2906574394463668,0.5813148788927336,-0.008059273137062575,0.055735826044051924,0.0,0.0
0.3391003460207612,0.5813148788927336,-0.00808644197369916,0.06657771734382058,0.0,0.0
0.3494809688581315,0.5813148788927336,-0.008214332615125376,0.06885196765238749,0.0,0.0
0.4117647058823529,0.5813148788927336,-0.010087932406881554,0.08082181504846808,0.0,0.0
0.4359861591695502,0.5813148788927336,-0.01123348449387854,0.08475313267149992,0.0,0.0
0.4636678200692041,0.5813148788927336,-0.01271416291828395,0.08870313391376461,0.0,0.0
0.5190311418685121,0.5813148788927336,-0.01609256631063659,0.09542161832471426,0.0,0.0
0.5778546712802768,0.5813148788927336,-0.02008119261681446,0.10111300627433288,0.0,0.0
0.6089965397923875,0.5813148788927336,-0.022300557859268783,0.10401315471933886,0.0,0.0
0.6228373702422145,0.5813148788927336,-0.0232537693088124,0.1052439984351156,0.0,0.0
0.0,0.5778546712802768,-0.001694701361426108,0.00527451259166263,0.0,0.0
0.0276816608996539,0.5778546712802768,-0.002434514642844406,0.007657697609720475,0.0,0.0
0.0726643598615917,0.5778546712802768,-0.00389047559274961,0.013224321647063105,0.0,0.0
0.1730103806228373,0.5778546712802768,-0.0073831680698627136,0.031132687450962725,0.0,0.0
0.3079584775086505,0.5778546712802768,-0.0074924183593018685,0.059584664868800416,0.0,0.0
0.3183391003460207,0.5778546712802768,-0.0075063474982730895,0.061887838513817545,0.0,0.0
0.5467128027681661,0.5778546712802768,-0.017500162638883023,0.09760690819879687,0.0,0.0
0.6228373702422145,0.5778546712802768,-0.022868532738980214,0.10463089700852753,0.0,0.0
0.0,0.5743944636678201,-0.0015175757038664696,0.00526736287728846,0.0,0.0
0.0380622837370242,0.5743944636678201,-0.002494892197187652,0.008753615755912485,0.0,0.0
0.0484429065743944,0.5743944636678201,-0.002780933117490913,0.009953475900626617,0.0,0.0
0.0830449826989619,0.5743944636678201,-0.0038824620053445396,0.014841081178564705,0.0,0.0
0.1107266435986159,0.5743944636678201,-0.004993280203320499,0.019489718637407158,0.0,0.0
0.2145328719723183,0.5743944636678201,-0.00741105136531035,0.03943731529751243,0.0,0.0
0.245674740484429,0.5743944636678201,-0.007443538215907264,0.04592983918688197,0.0,0.0
0.328719723183391,0.5743944636678201,-0.0071825249578383234,0.0640073166882686,0.0,0.0
0.3598615916955017,0.5743944636678201,-0.007634373127067223,0.07053409659128759,0.0,0.0
0.3771626297577855,0.5743944636678201,-0.008126916467437384,0.07388028314493768,0.0,0.0
0.4013840830449827,0.5743944636678201,-0.008965277363190166,0.07824072860762535,0.0,0.0
0.4256055363321799,0.5743944636678201,-0.009969706613316486,0.08229193276795031,0.0,0.0
0.4532871972318339,0.5743944636678201,-0.0113605426559708,0.08630233932957226,0.0,0.0
0.4982698961937716,0.5743944636678201,-0.014007201242569343,0.09194239075278629,0.0,0.0
0.5086505190311419,0.5743944636678201,-0.014648710663870258,0.09309570528606953,0.0,0.0
0.532871972318339,0.5743944636678201,-0.01623354838214306,0.09566494463667091,0.0,0.0
0.5570934256055363,0.5743944636678201,-0.017868767751785863,0.09795270538783321,0.0,0.0
0.5674740484429066,0.5743944636678201,-0.018584142183603745,0.0989140476275036,0.0,0.0
0.5916955017301038,0.5743944636678201,-0.020279255375493487,0.10115482368363676,0.0,0.0
0.6228373702422145,0.5743944636678201,-0.02248785479976585,0.1040496080483703,0.0,0.0
0.0,0.5709342560553633,-0.0013501510667618967,0.005288667955682568,0.0,0.0
0.0138408304498269,0.5709342560553633,-0.001686513334102702,0.006401341018625746,0.0,0.0
0.1003460207612456,0.5709342560553633,-0.004144873484403982,0.017705772375423857,0.0,0.0
0.1522491349480969,0.5709342560553633,-0.005803486728799302,0.027205463505182485,0.0,0.0
0.1937716262975778,0.5709342560553633,-0.006644340663312243,0.03529116049826965,0.0,0.0
0.2352941176470588,0.5709342560553633,-0.006934978031440705,0.04375409657770915,0.0,0.0
0.2698961937716263,0.5709342560553633,-0.006787298825989625,0.05118891722968563,0.0,0.0
0.2837370242214533,0.5709342560553633,-0.006728933549630638,0.054206915044239454,0.0,0.0
0.3425605536332179,0.5709342560553633,-0.006944577659097999,0.06679024350606425,0.0,0.0
0.3910034602076124,0.5709342560553633,-0.008189415310187935,0.07613052797996683,0.0,0.0
0.4429065743944637,0.5709342560553633,-0.010443966436525686,0.08439819463781892,0.0,0.0
0.4878892733564013,0.5709342560553633,-0.013016327389113869,0.0901768169639274,0.0,0.0
0.6228373702422145,0.5709342560553633,-0.02211131026485307,0.10348130626143194,0.0,0.0
0.0,0.5674740484429066,-0.001183782299543967,0.005303752654638295,0.0,0.0
0.0622837370242214,0.5674740484429066,-0.002629637107442676,0.011788815160481974,0.0,0.0
0.1280276816608996,0.5674740484429066,-0.0045810025536404415,0.02267056826619897,0.0,0.0
0.1660899653979238,0.5674740484429066,-0.005626892798749751,0.0299066920000934,0.0,0.0
0.1799307958477508,0.5674740484429066,-0.005891859362711989,0.03260458891237378,0.0,0.0
0.2041522491349481,0.5674740484429066,-0.006240310273194551,0.03741239678563062,0.0,0.0
0.2249134948096885,0.5674740484429066,-0.006368526140159689,0.04165674197076372,0.0,0.0
0.259515570934256,0.5674740484429066,-0.006341655711082911,0.04894002825425377,0.0,0.0
0.2941176470588235,0.5674740484429066,-0.006219674140336862,0.05644384456626318,0.0,0.0
0.4705882352941176,0.5674740484429066,-0.011601280471236536,0.08757928740007725,0.0,0.0
0.5224913494809689,0.5674740484429066,-0.01481522884241597,0.09343261040048735,0.0,0.0
0.6055363321799307,0.5674740484429066,-0.02051107253809229,0.10121707868811396,0.0,0.0
0.6228373702422145,0.5674740484429066,-0.021732775989650826,0.10285995282987387,0.0,0.0
0.0,0.5640138408304498,-0.0010162015687875622,0.005314986085337066,0.0,0.0
0.0242214532871972,0.5640138408304498,-0.00152125023795794,0.007358879891417471,0.0,0.0
0.0346020761245674,0.5640138408304498,-0.001683092596564711,0.008424843735250818,0.0,0.0
0.0484429065743944,0.5640138408304498,-0.0019568774677230006,0.010020703469103923,0.0,0.0
0.0795847750865051,0.5640138408304498,-0.0027825558922105788,0.014341042600798276,0.0,0.0
0.1141868512110726,0.5640138408304498,-0.003724329947170013,0.020126062836430567,0.0,0.0
0.1418685121107266,0.5640138408304498,-0.004526699507619826,0.025293114720822518,0.0,0.0
0.2145328719723183,0.5640138408304498,-0.0057715141343912535,0.03959913583192679,0.0,0.0
0.3044982698961938,0.5640138408304498,-0.005770740454730679,0.058642181295414146,0.0,0.0
0.3183391003460207,0.5640138408304498,-0.005842305347496763,0.0615276255601936,0.0,0.0
0.3737024221453287,0.5640138408304498,-0.0068604130670145156,0.07241366097908643,0.0,0.0
0.4152249134948096,0.5640138408304498,-0.008395556344993439,0.07945378756528551,0.0,0.0
0.4325259515570934,0.5640138408304498,-0.009183351015656292,0.08202244666809191,0.0,0.0
0.4567474048442906,0.5640138408304498,-0.010433884902504588,0.08533732025964141,0.0,0.0
0.5121107266435986,0.5640138408304498,-0.013735123785830666,0.0917752664387899,0.0,0.0
0.5813148788927336,0.5640138408304498,-0.01838662018402959,0.09830444301003975,0.0,0.0
0.5951557093425606,0.5640138408304498,-0.019385492146385817,0.09963430095890499,0.0,0.0
0.6228373702422145,0.5640138408304498,-0.021368391498070696,0.10230357796340867,0.0,0.0
0.0,0.5605536332179931,-0.0008501899409583167,0.005314868836256022,0.0,0.0
0.0103806228373702,0.5605536332179931,-0.0010366060060846226,0.006143785454749884,0.0,0.0
0.0968858131487889,0.5605536332179931,-0.002864354117105724,0.01715943265279337,0.0,0.0
0.1557093425605536,0.5605536332179931,-0.004401287570328708,0.02796660662690923,0.0,0.0
0.1903114186851211,0.5605536332179931,-0.005043868738317194,0.03475922413007624,0.0,0.0
0.245674740484429,0.5605536332179931,-0.005378733103372968,0.046104574747172104,0.0,0.0
0.2768166089965398,0.5605536332179931,-0.005330065583853227,0.05271761577368941,0.0,0.0
0.3321799307958477,0.5605536332179931,-0.005571782026167208,0.06423061616651693,0.0,0.0
0.3598615916955017,0.5605536332179931,-0.006101631525046182,0.06958274221449517,0.0,0.0
0.3875432525951557,0.5605536332179931,-0.006907545102359161,0.0745738464290835,0.0,0.0
0.4013840830449827,0.5605536332179931,-0.007407703963336304,0.0768375090406059,0.0,0.0
0.4809688581314879,0.5605536332179931,-0.011421516299641193,0.08778560962724805,0.0,0.0
0.4913494809688581,0.5605536332179931,-0.012044272647278571,0.08894210346008005,0.0,0.0
0.5017301038062284,0.5605536332179931,-0.012692620153785195,0.09008784260311434,0.0,0.0
0.5397923875432526,0.5605536332179931,-0.015175166262787266,0.09391821984746405,0.0,0.0
0.5570934256055363,0.5605536332179931,-0.016372036260989334,0.0955159842529384,0.0,0.0
0.5709342560553633,0.5605536332179931,-0.017284420436231056,0.09674244955202821,0.0,0.0
0.6228373702422145,0.5605536332179931,-0.02098730354899959,0.10165867467459644,0.0,0.0
0.0,0.5570934256055363,-0.0006611850066179506,0.005345692795424018,0.0,0.0
0.0588235294117647,0.5570934256055363,-0.0016642998106931753,0.011404021605285178,0.0,0.0
0.1245674740484429,0.5570934256055363,-0.0031733301444203913,0.022108655439415505,0.0,0.0
0.2006920415224913,0.5570934256055363,-0.004682359487057531,0.036891460728301975,0.0,0.0
0.231833910034602,0.5570934256055363,-0.004851276942645871,0.04324578561978896,0.0,0.0
0.28719723183391,0.5570934256055363,-0.004906071876090698,0.054921520754625065,0.0,0.0
0.6089965397923875,0.5570934256055363,-0.019625631454248737,0.09967942223786627,0.0,0.0
0.6228373702422145,0.5570934256055363,-0.020605183784903745,0.10102925912588488,0.0,0.0
0.0,0.5536332179930796,-0.00048339868098772753,0.00535142998472888,0.0,0.0
0.0346020761245674,0.5536332179930796,-0.0009655784221167124,0.00852319406837877,0.0,0.0
0.0830449826989619,0.5536332179930796,-0.0018637279513282828,0.014968266659895015,0.0,0.0
0.1349480968858131,0.5536332179930796,-0.0029964808982066407,0.024070245357469395,0.0,0.0
0.1730103806228373,0.5536332179930796,-0.0037752611654215023,0.03143772707871645,0.0,0.0
0.2179930795847751,0.5536332179930796,-0.004334578834884115,0.04048939179950248,0.0,0.0
0.301038062283737,0.5536332179930796,-0.004544774900199732,0.05775375604868256,0.0,0.0
0.3494809688581315,0.5536332179930796,-0.005101482600304664,0.06725915905865361,0.0,0.0
0.370242214532872,0.5536332179930796,-0.005610630103641085,0.07100683719005423,0.0,0.0
0.4290657439446367,0.5536332179930796,-0.007869866954932813,0.08032645279552338,0.0,0.0
0.4463667820069204,0.5536332179930796,-0.008736391549112951,0.0826173813339709,0.0,0.0
0.4636678200692041,0.5536332179930796,-0.009662324985760282,0.08475390118607751,0.0,0.0
0.5294117647058824,0.5536332179930796,-0.013716322565347206,0.09176751591160873,0.0,0.0
0.5847750865051903,0.5536332179930796,-0.017518388887171263,0.0968112342091716,0.0,0.0
0.6228373702422145,0.5536332179930796,-0.02024570488047285,0.10038094126106326,0.0,0.0
0.0,0.5501730103806228,-0.0003025234014596889,0.0053663553223604315,0.0,0.0
0.0173010380622837,0.5501730103806228,-0.0005398979134451284,0.006833960018804882,0.0,0.0
0.0692041522491349,0.5501730103806228,-0.0012675934020192174,0.012915807213030105,0.0,0.0
0.1141868512110726,0.5501730103806228,-0.0021223049157906722,0.020233274372504478,0.0,0.0
0.1522491349480969,0.5501730103806228,-0.002955480520619623,0.027402088204883896,0.0,0.0
0.1868512110726643,0.5501730103806228,-0.0035380869834179653,0.03423526756598557,0.0,0.0
0.259515570934256,0.5501730103806228,-0.003981855456989653,0.04914981230917548,0.0,0.0
0.3183391003460207,0.5501730103806228,-0.004227532128791939,0.061121303230712104,0.0,0.0
0.4083044982698962,0.5501730103806228,-0.006538745664364513,0.0768979891868986,0.0,0.0
0.4913494809688581,0.5501730103806228,-0.01088848153130335,0.08742787520129675,0.0,0.0
0.5155709342560554,0.5501730103806228,-0.012436594003849936,0.08988663931327917,0.0,0.0
0.5743944636678201,0.5501730103806228,-0.016433105631406285,0.09532791312339337,0.0,0.0
0.5986159169550173,0.5501730103806228,-0.018126857064288876,0.09749731192292813,0.0,0.0
0.6228373702422145,0.5501730103806228,-0.019862644963537752,0.09972728320231002,0.0,0.0
0.0,0.5467128027681661,-0.00013590702588743531,0.005405943969088274,0.0,0.0
0.0484429065743944,0.5467128027681661,-0.0006412727825989633,0.01016368706679694,0.0,0.0
0.0588235294117647,0.5467128027681661,-0.0008178115652577207,0.011528452741255777,0.0,0.0
0.1003460207612456,0.5467128027681661,-0.0015114616427764844,0.0178600232336,0.0,0.0
0.2076124567474048,0.5467128027681661,-0.0032838453929976232,0.03843229500817956,0.0,0.0
0.2422145328719723,0.5467128027681661,-0.0034855612885842683,0.04557516074972011,0.0,0.0
0.273356401384083,0.5467128027681661,-0.003582198806201453,0.05200545099271765,0.0,0.0
0.3321799307958477,0.5467128027681661,-0.004009295722790932,0.06369740437428797,0.0,0.0
0.3840830449826989,0.5467128027681661,-0.005272895407718196,0.07278110328372155,0.0,0.0
0.3979238754325259,0.5467128027681661,-0.005773794305517545,0.07498702129814676,0.0,0.0
0.4186851211072664,0.5467128027681661,-0.006607121657307084,0.07807497692758608,0.0,0.0
0.4775086505190311,0.5467128027681661,-0.00966865164167634,0.08540341450325958,0.0,0.0
0.5017301038062284,0.5467128027681661,-0.01115728607060869,0.08798339769112651,0.0,0.0
0.5640138408304498,0.5467128027681661,-0.01534727162087482,0.09386346836644635,0.0,0.0
0.6228373702422145,0.5467128027681661,-0.019500904794777393,0.09907073396172277,0.0,0.0
0.0,0.5432525951557093,3.755221288285831e-05,0.005418799287263348,0.0,0.0
0.0865051903114186,0.5432525951557093,-0.0008854441475699348,0.01563576444877605,0.0,0.0
0.1245674740484429,0.5432525951557093,-0.0015723592300545565,0.022221318960852384,0.0,0.0
0.1626297577854671,0.5432525951557093,-0.002261010348349793,0.02949399092770563,0.0,0.0
0.2179930795847751,0.5432525951557093,-0.0028923831265100096,0.04061147244395923,0.0,0.0
0.28719723183391,0.5432525951557093,-0.0031948190887762067,0.054832164435196715,0.0,0.0
0.3598615916955017,0.5432525951557093,-0.0041745411131618336,0.06850331202003113,0.0,0.0
0.4359861591695502,0.5432525951557093,-0.0070666347828631845,0.08003303079236801,0.0,0.0
0.4602076124567474,0.5432525951557093,-0.008314602342508127,0.08296290391447016,0.0,0.0
0.5363321799307958,0.5432525951557093,-0.013068333553125425,0.09072988157017621,0.0,0.0
0.5536332179930796,0.5432525951557093,-0.014256721772991941,0.09237231244110038,0.0,0.0
0.6089965397923875,0.5432525951557093,-0.018118857046946997,0.09722454766280954,0.0,0.0
0.6228373702422145,0.5432525951557093,-0.01912947927193511,0.09846107502319948,0.0,0.0
0.0,0.5397923875432526,0.00021766527429813696,0.005420859194397998,0.0,0.0
0.0311418685121107,0.5397923875432526,1.3077644955718428e-05,0.008279624412831872,0.0,0.0
0.0761245674740484,0.5397923875432526,-0.0004706560296236564,0.01405647568946066,0.0,0.0
0.1972318339100346,0.5397923875432526,-0.002287313241477582,0.03643866408544615,0.0,0.0
0.2283737024221453,0.5397923875432526,-0.0025037678661332923,0.04277246677052969,0.0,0.0
0.2525951557093425,0.5397923875432526,-0.0026051950339218643,0.04776087625372975,0.0,0.0
0.3114186851211072,0.5397923875432526,-0.002982698617431218,0.05951679081508472,0.0,0.0
0.5190311418685121,0.5397923875432526,-0.011535379654039432,0.08859614550319093,0.0,0.0
0.6228373702422145,0.5397923875432526,-0.018757428029760187,0.09783970456910536,0.0,0.0
0.0,0.5363321799307958,0.0003993304419924238,0.0054417875706401515,0.0,0.0
0.0415224913494809,0.5363321799307958,0.0001534431425996934,0.009453332874384135,0.0,0.0
0.0657439446366782,0.5363321799307958,-7.274317924846213e-05,0.012568231079030406,0.0,0.0
0.1141868512110726,0.5363321799307958,-0.000666786363945647,0.020358283719508825,0.0,0.0
0.1349480968858131,0.5363321799307958,-0.0010195977803886874,0.024227682743296803,0.0,0.0
0.1487889273356401,0.5363321799307958,-0.0012011650158383438,0.026862952827342947,0.0,0.0
0.1799307958477508,0.5363321799307958,-0.0016597479206480793,0.032976356232330806,0.0,0.0
0.2076124567474048,0.5363321799307958,-0.0019442712613745696,0.03856812429919801,0.0,0.0
0.2387543252595155,0.5363321799307958,-0.0021086947587507835,0.044906521132047475,0.0,0.0
0.2975778546712803,0.5363321799307958,-0.00241253731769885,0.05678047219041603,0.0,0.0
0.3252595155709342,0.5363321799307958,-0.0027484049097400705,0.06198947164594591,0.0,0.0
0.3425605536332179,0.5363321799307958,-0.0030277728954338284,0.06512511977304604,0.0,0.0
0.3771626297577855,0.5363321799307958,-0.003905706248775421,0.07091070163742291,0.0,0.0
0.4152249134948096,0.5363321799307958,-0.005334525176752393,0.07650780328045373,0.0,0.0
0.4498269896193771,0.5363321799307958,-0.007008576734921369,0.08091328206323509,0.0,0.0
0.4878892733564013,0.5363321799307958,-0.009086511959433548,0.08501985406277203,0.0,0.0
0.5674740484429066,0.5363321799307958,-0.014464536995274727,0.09243427549013095,0.0,0.0
0.5847750865051903,0.5363321799307958,-0.015650805514194812,0.09387656676178613,0.0,0.0
0.6228373702422145,0.5363321799307958,-0.018357221840952842,0.09718003630932256,0.0,0.0
0.0,0.532871972318339,0.0005800040073759786,0.005472440412091885,0.0,0.0
0.0173010380622837,0.532871972318339,0.0004967616152564656,0.006974573761755622,0.0,0.0
0.1038062283737024,0.532871972318339,-0.00019111513242504687,0.01858470716682054,0.0,0.0
0.2629757785467128,0.532871972318339,-0.0018355860258631247,0.04987102097257534,0.0,0.0
0.2768166089965398,0.532871972318339,-0.0019077171426432867,0.052655848984230494,0.0,0.0
0.3667820069204152,0.532871972318339,-0.003234021247688351,0.06901343200876216,0.0,0.0
0.3910034602076124,0.532871972318339,-0.004027309717767165,0.07274519738083782,0.0,0.0
0.4394463667820069,0.532871972318339,-0.006111185238415685,0.07928457213301018,0.0,0.0
0.4705882352941176,0.532871972318339,-0.0077562262782864995,0.08278912098449337,0.0,0.0
0.5051903114186851,0.532871972318339,-0.00981766124984926,0.08623958061505504,0.0,0.0
0.5536332179930796,0.532871972318339,-0.01313206949548852,0.0906298667282014,0.0,0.0
0.6020761245674741,0.532871972318339,-0.01652490390996126,0.09474577935052571,0.0,0.0
0.6124567474048442,0.532871972318339,-0.017300947901572435,0.09562563268584238,0.0,0.0
0.6228373702422145,0.532871972318339,-0.017992836289507562,0.09649873828902071,0.0,0.0
0.0,0.5294117647058824,0.0007612688051646328,0.005495144742577344,0.0,0.0
0.0519031141868512,0.5294117647058824,0.0005926431272662454,0.010792344918264364,0.0,0.0
0.0899653979238754,0.5294117647058824,0.0002931240084408934,0.016332831939232212,0.0,0.0
0.1626297577854671,0.5294117647058824,-0.0006224041190281809,0.029613419466635846,0.0,0.0
0.1903114186851211,0.5294117647058824,-0.0009531506304303981,0.035110521064786515,0.0,0.0
0.2179930795847751,0.5294117647058824,-0.00116652399796352,0.04073004634817057,0.0,0.0
0.356401384083045,0.5294117647058824,-0.0025701810555438394,0.06707500542036318,0.0,0.0
0.4048442906574394,0.5294117647058824,-0.00417802170359909,0.07443078041340193,0.0,0.0
0.4290657439446367,0.5294117647058824,-0.005225204038898366,0.07761058114976283,0.0,0.0
0.4602076124567474,0.5294117647058824,-0.006798187972541666,0.08121645987554643,0.0,0.0
0.5259515570934256,0.5294117647058824,-0.010877658249712747,0.0876225285669475,0.0,0.0
0.5432525951557093,0.5294117647058824,-0.012014424614785213,0.08911610975690544,0.0,0.0
0.6228373702422145,0.5294117647058824,-0.017624325299656025,0.09590732459486406,0.0,0.0
0.0,0.5259515570934256,0.0009459905034462237,0.005502845935984765,0.0,0.0
0.0346020761245674,0.5259515570934256,0.0009013583857247979,0.008792025401389429,0.0,0.0
0.0622837370242214,0.5259515570934256,0.0007425247624949765,0.012229254540571294,0.0,0.0
0.0761245674740484,0.5259515570934256,0.0006929138104473353,0.014228628062037051,0.0,0.0
0.1211072664359861,0.5259515570934256,0.00024796097583788107,0.021763089126744423,0.0,0.0
0.1384083044982699,0.5259515570934256,4.716360278599364e-05,0.02499057785667089,0.0,0.0
0.2041522491349481,0.5259515570934256,-0.0006720601315956811,0.03798591860549916,0.0,0.0
0.231833910034602,0.5259515570934256,-0.0008322255750710281,0.04361080259414578,0.0,0.0
0.245674740484429,0.5259515570934256,-0.0009309433889917666,0.046416147014598716,0.0,0.0
0.28719723183391,0.5259515570934256,-0.0011627328794889822,0.054655512278284565,0.0,0.0
0.3114186851211072,0.5259515570934256,-0.0013600226608530713,0.059218287603896635,0.0,0.0
0.6228373702422145,0.5259515570934256,-0.01726474789986907,0.09525554023922968,0.0,0.0
0.0,0.5224913494809689,0.0011266359194533767,0.00551353930094399,0.0,0.0
0.0103806228373702,0.5224913494809689,0.0011155769433742306,0.00641173306957043,0.0,0.0
0.1487889273356401,0.5224913494809689,0.0002884885533950943,0.027024190239276887,0.0,0.0
0.1799307958477508,0.5224913494809689,-5.9426571804690995e-05,0.03313059268061564,0.0,0.0
0.3252595155709342,0.5224913494809689,-0.001210699229037429,0.061542945553548355,0.0,0.0
0.3737024221453287,0.5224913494809689,-0.0023071560878846664,0.06939692662966122,0.0,0.0
0.4186851211072664,0.5224913494809689,-0.004020853815083352,0.07558720654838164,0.0,0.0
0.4429065743944637,0.5224913494809689,-0.005152007825096671,0.07849741061987407,0.0,0.0
0.4878892733564013,0.5224913494809689,-0.00759433738004698,0.0831279513082826,0.0,0.0
0.5121107266435986,0.5224913494809689,-0.00915554275983656,0.08527049066874143,0.0,0.0
0.5570934256055363,0.5224913494809689,-0.012206557658276546,0.08913315365911922,0.0,0.0
0.5743944636678201,0.5224913494809689,-0.01340667926749408,0.09060365478899998,0.0,0.0
0.6228373702422145,0.5224913494809689,-0.016906987431673803,0.09460690806260438,0.0,0.0
0.0,0.5190311418685121,0.0013032301991587865,0.005528894765649344,0.0,0.0
0.0207612456747404,0.5190311418685121,0.0013051450927834148,0.007399022576269154,0.0,0.0
0.0449826989619377,0.5190311418685121,0.0013245856914049735,0.010039959135174036,0.0,0.0
0.1072664359861591,0.5190311418685121,0.0010256654339094874,0.01931557809131736,0.0,0.0
0.2629757785467128,0.5190311418685121,-0.0002397534864635412,0.049884597139987344,0.0,0.0
0.301038062283737,0.5190311418685121,-0.00048656267864408413,0.05715558676510352,0.0,0.0
0.3425605536332179,0.5190311418685121,-0.0011523591825702716,0.06430547412908516,0.0,0.0
0.3875432525951557,0.5190311418685121,-0.002414144921412899,0.07115178586362729,0.0,0.0
0.4290657439446367,0.5190311418685121,-0.004134614129361128,0.07650554035093302,0.0,0.0
0.5363321799307958,0.5190311418685121,-0.010430068846630653,0.08686428470084973,0.0,0.0
0.5882352941176471,0.5190311418685121,-0.01404718132693183,0.0910964765406079,0.0,0.0
0.6228373702422145,0.5190311418685121,-0.016550468076732973,0.09394830151564272,0.0,0.0
0.0,0.5155709342560554,0.0015019598485290335,0.005575537292733225,0.0,0.0
0.0934256055363321,0.5155709342560554,0.0014158994095950248,0.01704836339032556,0.0,0.0
0.1591695501730103,0.5155709342560554,0.0008712357214010671,0.029068942619745186,0.0,0.0
0.1937716262975778,0.5155709342560554,0.000587242420131175,0.03596147928138487,0.0,0.0
0.2145328719723183,0.5155709342560554,0.00044212972050576717,0.04018412930003508,0.0,0.0
0.2422145328719723,0.5155709342560554,0.00027976282893085443,0.04575338015446856,0.0,0.0
0.2768166089965398,0.5155709342560554,7.896377398567635e-05,0.052536534598306,0.0,0.0
0.3529411764705882,0.5155709342560554,-0.0010292047868320842,0.0658029054425419,0.0,0.0
0.4567474048442906,0.5155709342560554,-0.00511447147733639,0.07916620619058284,0.0,0.0
0.4740484429065744,0.5155709342560554,-0.006062897091178264,0.080853161099807,0.0,0.0
0.5017301038062284,0.5155709342560554,-0.007746353379059691,0.0833971719130788,0.0,0.0
0.6055363321799307,0.5155709342560554,-0.014918225579099952,0.09182681097141833,0.0,0.0
0.6228373702422145,0.5155709342560554,-0.01620867893162839,0.09329908307975826,0.0,0.0
0.0,0.5121107266435986,0.001683642930694652,0.005594835716802023,0.0,0.0
0.0622837370242214,0.5121107266435986,0.0017780740327439423,0.01236505355475723,0.0,0.0
0.0795847750865051,0.5121107266435986,0.0017612870290783463,0.014903941134237484,0.0,0.0
0.1211072664359861,0.5121107266435986,0.0015490647267077408,0.021906503396660084,0.0,0.0
0.1349480968858131,0.5121107266435986,0.0014481265314717005,0.02447226191838081,0.0,0.0
0.1730103806228373,0.5121107266435986,0.0011214928488051652,0.03187863501013252,0.0,0.0
0.2041522491349481,0.5121107266435986,0.0008553559066145166,0.038120082008598045,0.0,0.0
0.231833910034602,0.5121107266435986,0.0007260482208184006,0.04370788652966838,0.0,0.0
0.314878892733564,0.5121107266435986,8.448045813515913e-05,0.0594693892983782,0.0,0.0
0.3633217993079585,0.5121107266435986,-0.0009346885824259935,0.06715985682016185,0.0,0.0
0.3979238754325259,0.5121107266435986,-0.002082861607414151,0.0720158383260684,0.0,0.0
0.4117647058823529,0.5121107266435986,-0.0026041154481865458,0.0737293129215541,0.0,0.0
0.4429065743944637,0.5121107266435986,-0.004016602599504014,0.07730334758641338,0.0,0.0
0.4913494809688581,0.5121107266435986,-0.006746909956984832,0.08199147992146197,0.0,0.0
0.5259515570934256,0.5121107266435986,-0.008977215642374439,0.08488657658535881,0.0,0.0
0.5501730103806228,0.5121107266435986,-0.010590831696333215,0.08684850884854318,0.0,0.0
0.5605536332179931,0.5121107266435986,-0.011308282695671922,0.0877077257817943,0.0,0.0
0.6228373702422145,0.5121107266435986,-0.01585034313836666,0.09263615583252685,0.0,0.0
0.0,0.5086505190311419,0.0018654986003884479,0.00562471415952497,0.0,0.0
0.0138408304498269,0.5086505190311419,0.001924690098950114,0.006842092917550744,0.0,0.0
0.0276816608996539,0.5086505190311419,0.0019546665611196203,0.00818302521631086,0.0,0.0
0.0415224913494809,0.5086505190311419,0.0019936828640165897,0.009729439604839839,0.0,0.0
0.1453287197231834,0.5086505190311419,0.001664830778116213,0.026450760142458955,0.0,0.0
0.1833910034602076,0.5086505190311419,0.0013704747557437605,0.03395822282441988,0.0,0.0
0.2560553633217993,0.5086505190311419,0.0009618405498093535,0.04852535480883751,0.0,0.0
0.2906574394463668,0.5086505190311419,0.0007219695018490759,0.0551281906883112,0.0,0.0
0.3044982698961938,0.5086505190311419,0.0005769158272826639,0.05761912096884214,0.0,0.0
0.3321799307958477,0.5086505190311419,0.00016209947453680004,0.062235848931892546,0.0,0.0
0.3771626297577855,0.5086505190311419,-0.000964210731284237,0.0689904346202979,0.0,0.0
0.4325259515570934,0.5086505190311419,-0.003170382500834583,0.07580638504501375,0.0,0.0
0.5709342560553633,0.5086505190311419,-0.011681193329739038,0.08786956043942562,0.0,0.0
0.5951557093425606,0.5086505190311419,-0.013458765617573976,0.08975986757264816,0.0,0.0
0.6228373702422145,0.5086505190311419,-0.015510255817305843,0.09201722583052002,0.0,0.0
0.0,0.5051903114186851,0.002067377117664977,0.0056601892446371035,0.0,0.0
0.0519031141868512,0.5051903114186851,0.0022475578281812812,0.011051649073874953,0.0,0.0
0.0899653979238754,0.5051903114186851,0.002275461097041915,0.016600799093124147,0.0,0.0
0.1003460207612456,0.5051903114186851,0.0022394343813479795,0.01831685773796941,0.0,0.0
0.1107266435986159,0.5051903114186851,0.002201083405775287,0.020099136706075767,0.0,0.0
0.2698961937716263,0.5051903114186851,0.0012340577834819204,0.051203433170767386,0.0,0.0
0.2802768166089965,0.5051903114186851,0.001169794631888283,0.053179149490487604,0.0,0.0
0.4221453287197231,0.5051903114186851,-0.002297442485110903,0.07429630208468233,0.0,0.0
0.4636678200692041,0.5051903114186851,-0.004401787940323519,0.07859309436233766,0.0,0.0
0.4740484429065744,0.5051903114186851,-0.004995227527885771,0.0795019424667785,0.0,0.0
0.5121107266435986,0.5051903114186851,-0.007305234985916733,0.08270687844101907,0.0,0.0
0.5397923875432526,0.5051903114186851,-0.00915522735263443,0.08485462031602681,0.0,0.0
0.5847750865051903,0.5051903114186851,-0.01230855738279033,0.08830529001930854,0.0,0.0
0.6089965397923875,0.5051903114186851,-0.014066372142424287,0.0901709647898904,0.0,0.0
0.6228373702422145,0.5051903114186851,-0.015167421925716695,0.09139009453064265,0.0,0.0
0.0,0.5017301038062284,0.002252782431748462,0.0057154607911563795,0.0,0.0
0.0692041522491349,0.5017301038062284,0.0025235776817822972,0.013456856925905574,0.0,0.0
0.1245674740484429,0.5017301038062284,0.0024296294848642043,0.022630651951344102,0.0,0.0
0.1349480968858131,0.5017301038062284,0.0023788579226139903,0.024547703461357498,0.0,0.0
0.1557093425605536,0.5017301038062284,0.0022680589952343193,0.028540244514223188,0.0,0.0
0.1937716262975778,0.5017301038062284,0.0020444380271376597,0.036157266244939756,0.0,0.0
0.2110726643598615,0.5017301038062284,0.0019313305123295965,0.0396359171090018,0.0,0.0
0.2249134948096885,0.5017301038062284,0.0018607852832672725,0.04237521093457469,0.0,0.0
0.2422145328719723,0.5017301038062284,0.0017684071406174296,0.04583009110412126,0.0,0.0
0.3460207612456747,0.5017301038062284,0.0005703701050483966,0.06412071403885286,0.0,0.0
0.3910034602076124,0.5017301038062284,-0.0006899404648670988,0.07031684511769681,0.0,0.0
0.4048442906574394,0.5017301038062284,-0.0012465829815951485,0.0720126589738689,0.0,0.0
0.4463667820069204,0.5017301038062284,-0.00313193540251484,0.07648282115007585,0.0,0.0
0.4844290657439446,0.5017301038062284,-0.0052646451784242095,0.07994064430098535,0.0,0.0
0.5570934256055363,0.5017301038062284,-0.009977622480166367,0.08564827981348327,0.0,0.0
0.6228373702422145,0.5017301038062284,-0.014797766286725161,0.0907185646795799,0.0,0.0
0.0,0.4982698961937716,0.0024260430928198387,0.005720228422290869,0.0,0.0
0.0103806228373702,0.4982698961937716,0.0025159068030459813,0.006625557712747437,0.0,0.0
0.0207612456747404,0.4982698961937716,0.002544297619067318,0.007617153177925326,0.0,0.0
0.1730103806228373,0.4982698961937716,0.002511761288541383,0.03194075942874447,0.0,0.0
0.2525951557093425,0.4982698961937716,0.002071439088540958,0.04791358460126336,0.0,0.0
0.2906574394463668,0.4982698961937716,0.0018137964643914412,0.05503624712267248,0.0,0.0
0.301038062283737,0.4982698961937716,0.0017009803373365536,0.05685417224757283,0.0,0.0
0.3217993079584775,0.4982698961937716,0.001419439448880809,0.0602474437877127,0.0,0.0
0.3321799307958477,0.4982698961937716,0.0012568433128337417,0.06187117477429745,0.0,0.0
0.3598615916955017,0.4982698961937716,0.0005926811693210547,0.06595519781842892,0.0,0.0
0.4359861591695502,0.4982698961937716,-0.002255507627510842,0.07509990486280976,0.0,0.0
0.4982698961937716,0.4982698961937716,-0.005752266613275074,0.08057345770249798,0.0,0.0
0.5986159169550173,0.4982698961937716,-0.012601365964552658,0.08811466351230135,0.0,0.0
0.6228373702422145,0.4982698961937716,-0.014435383612150833,0.09003650973266934,0.0,0.0
0.0,0.4948096885813148,0.002613935795321547,0.005744561326869878,0.0,0.0
0.0346020761245674,0.4948096885813148,0.002846372380686562,0.0091088779177083,0.0,0.0
0.0449826989619377,0.4948096885813148,0.00292080502809127,0.010309843476576538,0.0,0.0
0.0795847750865051,0.4948096885813148,0.0030485934191585803,0.015097607993099255,0.0,0.0
0.0968858131487889,0.4948096885813148,0.0030805453745778124,0.017825541630121785,0.0,0.0
0.1072664359861591,0.4948096885813148,0.0030565556398606634,0.01958594184142606,0.0,0.0
0.2629757785467128,0.4948096885813148,0.00236156138123087,0.04989635166005431,0.0,0.0
0.2802768166089965,0.4948096885813148,0.0022385739720648073,0.05313256173096011,0.0,0.0
0.3737024221453287,0.4948096885813148,0.000581862755862119,0.06763169268839256,0.0,0.0
0.4567474048442906,0.4948096885813148,-0.002975506301587813,0.07665721692731238,0.0,0.0
0.5294117647058824,0.4948096885813148,-0.007368666918582321,0.08238797910171304,0.0,0.0
0.6089965397923875,0.4948096885813148,-0.013011600527542064,0.08829348337738929,0.0,0.0
0.6228373702422145,0.4948096885813148,-0.014095274509486689,0.08940130304508714,0.0,0.0
0.0,0.4913494809688581,0.0027877077889793163,0.005760805758693638,0.0,0.0
0.0553633217993079,0.4913494809688581,0.0031888883959908455,0.01164207783135943,0.0,0.0
0.1176470588235294,0.4913494809688581,0.0033193648110573563,0.021440406545937287,0.0,0.0
0.1314878892733564,0.4913494809688581,0.003309569455785401,0.024023099942089975,0.0,0.0
0.1453287197231834,0.4913494809688581,0.0032712807952897972,0.026646243145264113,0.0,0.0
0.1557093425605536,0.4913494809688581,0.0032302902728090135,0.028645968060801722,0.0,0.0
0.1833910034602076,0.4913494809688581,0.00310071726104993,0.03412060149150799,0.0,0.0
0.2179930795847751,0.4913494809688581,0.0029327609534961765,0.04111792558386762,0.0,0.0
0.231833910034602,0.4913494809688581,0.0028874238454514225,0.04384282205321929,0.0,0.0
0.3114186851211072,0.4913494809688581,0.0022622291219152814,0.05844524262068142,0.0,0.0
0.3494809688581315,0.4913494809688581,0.0015719357130023555,0.06416804207276061,0.0,0.0
0.3840830449826989,0.4913494809688581,0.0006173604734097133,0.0687309938832793,0.0,0.0
0.3944636678200692,0.4913494809688581,0.00027116543717631525,0.06997025824582785,0.0,0.0
0.4221453287197231,0.4913494809688581,-0.0008776413400272316,0.07298517162125098,0.0,0.0
0.4671280276816609,0.4913494809688581,-0.0031830547618737492,0.07713648578355164,0.0,0.0
0.4809688581314879,0.4913494809688581,-0.0040008839103339204,0.07823159639036985,0.0,0.0
0.5397923875432526,0.4913494809688581,-0.0077617791017566135,0.08260209028193234,0.0,0.0
0.5674740484429066,0.4913494809688581,-0.009654490973262847,0.08458713374174842,0.0,0.0
0.5847750865051903,0.4913494809688581,-0.010891484304915003,0.08579499119292552,0.0,0.0
0.6228373702422145,0.4913494809688581,-0.01374406159595064,0.08873369875917357,0.0,0.0
0.0,0.4878892733564013,0.002974256789622266,0.005796912349328792,0.0,0.0
0.0692041522491349,0.4878892733564013,0.00350414228052262,0.013613226799874707,0.0,0.0
0.1660899653979238,0.4878892733564013,0.0035057849156381743,0.030708396874130073,0.0,0.0
0.2006920415224913,0.4878892733564013,0.003344589418859141,0.037680622381828635,0.0,0.0
0.2422145328719723,0.4878892733564013,0.0031608244772154195,0.045897933162517154,0.0,0.0
0.3356401384083045,0.4878892733564013,0.0022323343150233957,0.062031271669389175,0.0,0.0
0.3633217993079585,0.4878892733564013,0.0016003003341101688,0.06588197649740679,0.0,0.0
0.4048442906574394,0.4878892733564013,0.00021437645788727024,0.07085688230432202,0.0,0.0
0.4394463667820069,0.4878892733564013,-0.0013670236722465447,0.07433194879891468,0.0,0.0
0.5155709342560554,0.4878892733564013,-0.005775785433092156,0.08026867817261296,0.0,0.0
0.5501730103806228,0.4878892733564013,-0.008096969885836181,0.08276275246139253,0.0,0.0
0.5951557093425606,0.4878892733564013,-0.011332824521340726,0.08590463917664744,0.0,0.0
0.6228373702422145,0.4878892733564013,-0.013413697539258987,0.08807900099183454,0.0,0.0
0.0,0.4844290657439446,0.003155302192211245,0.005821538705137354,0.0,0.0
0.0138408304498269,0.4844290657439446,0.0033006889094578853,0.0070598409308299925,0.0,0.0
0.2802768166089965,0.4844290657439446,0.003280047556622016,0.05304828609066185,0.0,0.0
0.2941176470588235,0.4844290657439446,0.003142215175682743,0.05546398404235899,0.0,0.0
0.3217993079584775,0.4844290657439446,0.002836854792279353,0.05991195768462543,0.0,0.0
0.4948096885813148,0.4844290657439446,-0.004115375330983232,0.07828250848777817,0.0,0.0
0.6055363321799307,0.4844290657439446,-0.011741500009126049,0.08604719370563288,0.0,0.0
0.6228373702422145,0.4844290657439446,-0.013093245615466952,0.08740536429911898,0.0,0.0
0.0,0.4809688581314879,0.0033307726621869573,0.005856231955819365,0.0,0.0
0.0311418685121107,0.4809688581314879,0.003683633160464691,0.008854931973681894,0.0,0.0
0.0449826989619377,0.4809688581314879,0.003816664370181745,0.0104627099792888,0.0,0.0
0.0553633217993079,0.4809688581314879,0.003907958609975502,0.01177510793693652,0.0,0.0
0.0899653979238754,0.4809688581314879,0.004102244102481282,0.016875145619886234,0.0,0.0
0.1072664359861591,0.4809688581314879,0.004173138324332421,0.01975120512547824,0.0,0.0
0.1211072664359861,0.4809688581314879,0.004196404995484305,0.02220807846729634,0.0,0.0
0.1384083044982699,0.4809688581314879,0.004190003735118701,0.025451101905041393,0.0,0.0
0.1764705882352941,0.4809688581314879,0.004131635946740977,0.03284218349554618,0.0,0.0
0.2249134948096885,0.4809688581314879,0.00393685352020922,0.04252419156192253,0.0,0.0
0.2525951557093425,0.4809688581314879,0.003803539369487238,0.04792688943486574,0.0,0.0
0.2698961937716263,0.4809688581314879,0.003718463469702931,0.05117352797913556,0.0,0.0
0.3875432525951557,0.4809688581314879,0.001565065434522226,0.06844866800924983,0.0,0.0
0.4186851211072664,0.4809688581314879,0.00029503482552381587,0.07166223025197556,0.0,0.0
0.4290657439446367,0.4809688581314879,-0.00014745285193922198,0.0726296895230434,0.0,0.0
0.4532871972318339,0.4809688581314879,-0.0013834726345717256,0.07474391937290573,0.0,0.0
0.4775086505190311,0.4809688581314879,-0.002780447483712055,0.07659836454752345,0.0,0.0
0.5051903114186851,0.4809688581314879,-0.004426622096808663,0.07852938830652273,0.0,0.0
0.532871972318339,0.4809688581314879,-0.0062443831800444785,0.08041519878758976,0.0,0.0
0.5605536332179931,0.4809688581314879,-0.008149115745339403,0.08220967304315888,0.0,0.0
0.5778546712802768,0.4809688581314879,-0.009356383230692586,0.08336455742829613,0.0,0.0
0.6228373702422145,0.4809688581314879,-0.012760235072042419,0.08672755650390053,0.0,0.0
0.0,0.4775086505190311,0.003498019758793364,0.005858925110427814,0.0,0.0
0.0761245674740484,0.4775086505190311,0.004291074295863287,0.014769393296990656,0.0,0.0
0.1522491349480969,0.4775086505190311,0.004501308616508523,0.028105888488081942,0.0,0.0
0.2041522491349481,0.4775086505190311,0.004371977200098139,0.038460691471145246,0.0,0.0
0.2145328719723183,0.4775086505190311,0.004274590881228065,0.040531143054005445,0.0,0.0
0.2352941176470588,0.4775086505190311,0.004200747204929515,0.04458743567234693,0.0,0.0
0.3079584775086505,0.4775086505190311,0.0036924113916289056,0.05764699605302999,0.0,0.0
0.3391003460207612,0.4775086505190311,0.0032208519701709347,0.06216428869571766,0.0,0.0
0.3529411764705882,0.4775086505190311,0.002922531484560679,0.0640490025154622,0.0,0.0
0.370242214532872,0.4775086505190311,0.0024759604112596697,0.06619529358235889,0.0,0.0
0.4394463667820069,0.4775086505190311,-0.00031552819580939374,0.07317323736618978,0.0,0.0
0.4636678200692041,0.4775086505190311,-0.001611603059830444,0.07512846420541908,0.0,0.0
0.5224913494809689,0.4775086505190311,-0.005215122362737549,0.07916430535561121,0.0,0.0
0.6228373702422145,0.4775086505190311,-0.012405289052229486,0.08601681208073486,0.0,0.0
0.0,0.4740484429065744,0.003684767614193034,0.005894782877169089,0.0,0.0
0.1660899653979238,0.4740484429065744,0.004802968626685425,0.030915252789438935,0.0,0.0
0.1937716262975778,0.4740484429065744,0.0046825650555524755,0.036409656652825244,0.0,0.0
0.328719723183391,0.4740484429065744,0.0037160172981720307,0.060633532199249454,0.0,0.0
0.4083044982698962,0.4740484429065744,0.0014624676740623479,0.07008967397150173,0.0,0.0
0.5432525951557093,0.4740484429065744,-0.006249886309964625,0.0799985809887957,0.0,0.0
0.5916955017301038,0.4740484429065744,-0.00973953040589045,0.08307822235851356,0.0,0.0
0.6228373702422145,0.4740484429065744,-0.012082411882544147,0.08523535441442483,0.0,0.0
0.0,0.4705882352941176,0.003863971901188001,0.0059409139625412714,0.0,0.0
0.0173010380622837,0.4705882352941176,0.004102006538497156,0.007530798869089259,0.0,0.0
0.0276816608996539,0.4705882352941176,0.004257353471770526,0.008605470285778112,0.0,0.0
0.0588235294117647,0.4705882352941176,0.004637664489474904,0.012351879149405809,0.0,0.0
0.1280276816608996,0.4705882352941176,0.0050617784902917485,0.023609395466502703,0.0,0.0
0.1418685121107266,0.4705882352941176,0.0050921280899952764,0.026198270698427666,0.0,0.0
0.2249134948096885,0.4705882352941176,0.004907822341950854,0.042616647420214086,0.0,0.0
0.245674740484429,0.4705882352941176,0.004818951995879125,0.04663778939567267,0.0,0.0
0.2629757785467128,0.4705882352941176,0.004734782888439542,0.04989429145174945,0.0,0.0
0.273356401384083,0.4705882352941176,0.004653183851996565,0.05177670555132713,0.0,0.0
0.2837370242214533,0.4705882352941176,0.0045707220273834715,0.05358308278100598,0.0,0.0
0.2975778546712803,0.4705882352941176,0.004469120366028366,0.05589328039844907,0.0,0.0
0.3944636678200692,0.4705882352941176,0.002336701356140035,0.0684736273208324,0.0,0.0
0.4221453287197231,0.4705882352941176,0.0012025138759945535,0.07099142668690789,0.0,0.0
0.4532871972318339,0.4705882352941176,-0.0003718460065412709,0.07353023009944981,0.0,0.0
0.4740484429065744,0.4705882352941176,-0.0015316642198741814,0.07497950721828948,0.0,0.0
0.4982698961937716,0.4705882352941176,-0.003014529514404958,0.07655394609130645,0.0,0.0
0.5121107266435986,0.4705882352941176,-0.0038657952192429896,0.07741493420236681,0.0,0.0
0.5709342560553633,0.4705882352941176,-0.007925457014886901,0.08108656372359323,0.0,0.0
0.5813148788927336,0.4705882352941176,-0.00868336953189017,0.08176684759768554,0.0,0.0
0.6228373702422145,0.4705882352941176,-0.011761835955972973,0.08451441519582303,0.0,0.0
0.0,0.4671280276816609,0.004030738159277397,0.005966160795838628,0.0,0.0
0.0415224913494809,0.4671280276816609,0.004665426385215438,0.010179953192013721,0.0,0.0
0.0830449826989619,0.4671280276816609,0.005092154781976625,0.015945251665117677,0.0,0.0
0.1107266435986159,0.4671280276816609,0.005312248072840115,0.020541208969981437,0.0,0.0
0.1764705882352941,0.4671280276816609,0.005417861736601897,0.03299954976451219,0.0,0.0
0.2041522491349481,0.4671280276816609,0.005331963861560237,0.03851669596344481,0.0,0.0
0.2145328719723183,0.4671280276816609,0.005259083243505797,0.04057668384693587,0.0,0.0
0.314878892733564,0.4671280276816609,0.004599540154610688,0.05848502909284427,0.0,0.0
0.3425605536332179,0.4671280276816609,0.004179673633209338,0.06229338386933537,0.0,0.0
0.3667820069204152,0.4671280276816609,0.003579202541906601,0.0652559730042053,0.0,0.0
0.4325259515570934,0.4671280276816609,0.0010376634452455482,0.07149805560978693,0.0,0.0
0.4429065743944637,0.4671280276816609,0.0005027559588387903,0.07235482339118333,0.0,0.0
0.4844290657439446,0.4671280276816609,-0.0018507362288701424,0.0752004822073891,0.0,0.0
0.6055363321799307,0.4671280276816609,-0.010103559157132923,0.08271188082917816,0.0,0.0
0.6228373702422145,0.4671280276816609,-0.01147065633409637,0.08380395360790045,0.0,0.0
0.0,0.4636678200692041,0.004211494530796707,0.0059945050966127775,0.0,0.0
0.0934256055363321,0.4636678200692041,0.005428385703220956,0.01762355040309243,0.0,0.0
0.1868512110726643,0.4636678200692041,0.00570499399400232,0.03513532044205541,0.0,0.0
0.3321799307958477,0.4636678200692041,0.004694351517386626,0.06081490912308173,0.0,0.0
0.3771626297577855,0.4636678200692041,0.003629199079218056,0.06619817343390108,0.0,0.0
0.4636678200692041,0.4636678200692041,-0.00027306060476012516,0.07344190604005978,0.0,0.0
0.5294117647058824,0.4636678200692041,-0.004374791581245481,0.07746780604098077,0.0,0.0
0.5397923875432526,0.4636678200692041,-0.0050861434734778355,0.07810227644683271,0.0,0.0
0.5536332179930796,0.4636678200692041,-0.006055764741496269,0.07884824344775516,0.0,0.0
0.5951557093425606,0.4636678200692041,-0.009041451226072498,0.08135838131925843,0.0,0.0
0.6228373702422145,0.4636678200692041,-0.01113186823067427,0.083079124091292,0.0,0.0
0.0,0.4602076124567474,0.004390089630017622,0.006030848810119241,0.0,0.0
0.0726643598615917,0.4602076124567474,0.00551014264930335,0.014448862109321062,0.0,0.0
0.1245674740484429,0.4602076124567474,0.0059191322224139056,0.02305860370804029,0.0,0.0
0.1453287197231834,0.4602076124567474,0.005989585124394076,0.026968481433422804,0.0,0.0
0.1626297577854671,0.4602076124567474,0.0060169515116074174,0.03033566642230637,0.0,0.0
0.2352941176470588,0.4602076124567474,0.0058361930724671034,0.04473094870891655,0.0,0.0
0.259515570934256,0.4602076124567474,0.00571780354936809,0.049278155106129526,0.0,0.0
0.273356401384083,0.4602076124567474,0.005633447055466175,0.05176746390813577,0.0,0.0
0.356401384083045,0.4602076124567474,0.004558752469190417,0.06370979750880018,0.0,0.0
0.4013840830449827,0.4602076124567474,0.0030962646037983833,0.06831571685691974,0.0,0.0
0.4152249134948096,0.4602076124567474,0.002498156137537777,0.06951638590709565,0.0,0.0
0.5051903114186851,0.4602076124567474,-0.0025215886194658735,0.07548838343955476,0.0,0.0
0.5847750865051903,0.4602076124567474,-0.00798403194123406,0.08005043267081025,0.0,0.0
0.6228373702422145,0.4602076124567474,-0.01083801626009402,0.08240054079856483,0.0,0.0
0.0,0.4567474048442906,0.004559038655075009,0.006061343642697725,0.0,0.0
0.0138408304498269,0.4567474048442906,0.004817499453115475,0.007309434938834925,0.0,0.0
0.0276816608996539,0.4567474048442906,0.00503471388445381,0.008697892723238357,0.0,0.0
0.0380622837370242,0.4567474048442906,0.005233440545505999,0.00987811200552216,0.0,0.0
0.1038062283737024,0.4567474048442906,0.006077928349672811,0.019447326544739157,0.0,0.0
0.1349480968858131,0.4567474048442906,0.006255580173775721,0.024998222215185478,0.0,0.0
0.1730103806228373,0.4567474048442906,0.00633393903420989,0.03244825845125653,0.0,0.0
0.2145328719723183,0.4567474048442906,0.00622478605407949,0.040669423003563424,0.0,0.0
0.2491349480968858,0.4567474048442906,0.0060964785668865895,0.04737323309654124,0.0,0.0
0.28719723183391,0.4567474048442906,0.0058614538267562225,0.05412780601327343,0.0,0.0
0.301038062283737,0.4567474048442906,0.005725185029673693,0.056310930796706654,0.0,0.0
0.3217993079584775,0.4567474048442906,0.005513247857377188,0.05933012961295231,0.0,0.0
0.3875432525951557,0.4567474048442906,0.0039342669494177186,0.0668054092887991,0.0,0.0
0.4740484429065744,0.4567474048442906,-0.00029516021206581417,0.0732346019759948,0.0,0.0
0.4878892733564013,0.4567474048442906,-0.0011380797768290568,0.07400960370115876,0.0,0.0
0.5674740484429066,0.4567474048442906,-0.006456029066998617,0.07845437496896594,0.0,0.0
0.6089965397923875,0.4567474048442906,-0.00948919391922818,0.08089866867870693,0.0,0.0
0.6228373702422145,0.4567474048442906,-0.010567659467251356,0.0817109606202701,0.0,0.0
0.0,0.4532871972318339,0.004732548627226736,0.006103983050802663,0.0,0.0
0.0484429065743944,0.4532871972318339,0.00563297483783763,0.011184309590007185,0.0,0.0
0.0622837370242214,0.4532871972318339,0.005862403829391813,0.013004720121039969,0.0,0.0
0.1141868512110726,0.4532871972318339,0.006433191182381688,0.021277729460222557,0.0,0.0
0.1972318339100346,0.4532871972318339,0.006608202691246104,0.03728750308406926,0.0,0.0
0.2249134948096885,0.4532871972318339,0.0065144116923151075,0.04273298888732279,0.0,0.0
0.3391003460207612,0.4532871972318339,0.005562752160259159,0.061454638509330854,0.0,0.0
0.3667820069204152,0.4532871972318339,0.004935848307796108,0.06455513893415932,0.0,0.0
0.4325259515570934,0.4532871972318339,0.002335596520247677,0.07014666620690126,0.0,0.0
0.4463667820069204,0.4532871972318339,0.0016297512941034487,0.07103461453350181,0.0,0.0
0.5155709342560554,0.4532871972318339,-0.002602775610602825,0.07505341475479314,0.0,0.0
0.5259515570934256,0.4532871972318339,-0.0033103783817589605,0.07562037247968462,0.0,0.0
0.5432525951557093,0.4532871972318339,-0.004422745227201,0.07652970005226235,0.0,0.0
0.5536332179930796,0.4532871972318339,-0.005167219186089091,0.07708700956904578,0.0,0.0
0.5986159169550173,0.4532871972318339,-0.008398613952012569,0.07960282852177282,0.0,0.0
0.6228373702422145,0.4532871972318339,-0.010273299563977809,0.08098609219217308,0.0,0.0
0.0,0.4498269896193771,0.004891595582627734,0.006137849468639091,0.0,0.0
0.0865051903114186,0.4498269896193771,0.006438249500787819,0.01666495513691043,0.0,0.0
0.1591695501730103,0.4498269896193771,0.0069233756236728,0.029785328058276838,0.0,0.0
0.1833910034602076,0.4498269896193771,0.0069590125704691265,0.03455948459599316,0.0,0.0
0.2664359861591695,0.4498269896193771,0.00662901031454441,0.050558585974040185,0.0,0.0
0.3114186851211072,0.4498269896193771,0.006269589668753905,0.05777359483351042,0.0,0.0
0.3494809688581315,0.4498269896193771,0.005709452641255491,0.0625515352204235,0.0,0.0
0.4982698961937716,0.4498269896193771,-0.001206644139193766,0.07364364595566911,0.0,0.0
0.6228373702422145,0.4498269896193771,-0.009993771316185028,0.08034331652911493,0.0,0.0
0.0,0.4463667820069204,0.005064409266417846,0.006154074713236344,0.0,0.0
0.0173010380622837,0.4463667820069204,0.0054550126365012904,0.007762463406415987,0.0,0.0
0.0346020761245674,0.4463667820069204,0.005802118954574813,0.009570978920858272,0.0,0.0
0.1314878892733564,0.4463667820069204,0.007113395328977298,0.02449103452718838,0.0,0.0
0.1695501730103806,0.4463667820069204,0.0072512290078455555,0.031872605799621916,0.0,0.0
0.2076124567474048,0.4463667820069204,0.0072300066961376325,0.03940693318619819,0.0,0.0
0.245674740484429,0.4463667820069204,0.0070965980325837594,0.04679107116949422,0.0,0.0
0.2768166089965398,0.4463667820069204,0.006907565496178954,0.052363501793937145,0.0,0.0
0.2941176470588235,0.4463667820069204,0.006754294662328419,0.055162753792735705,0.0,0.0
0.328719723183391,0.4463667820069204,0.006380860447131069,0.060018057229289316,0.0,0.0
0.3771626297577855,0.4463667820069204,0.005267280615954355,0.06521843331734115,0.0,0.0
0.4186851211072664,0.4463667820069204,0.0036372940740684095,0.06853012387275473,0.0,0.0
0.4602076124567474,0.4463667820069204,0.0014523201078880939,0.07106754053516916,0.0,0.0
0.4775086505190311,0.4463667820069204,0.0003867398793468831,0.07205666779360553,0.0,0.0
0.5674740484429066,0.4463667820069204,-0.005599406920664168,0.07659705633745068,0.0,0.0
0.5778546712802768,0.4463667820069204,-0.006354224736392303,0.0771489764277519,0.0,0.0
0.6228373702422145,0.4463667820069204,-0.009708215496304143,0.07963976271022033,0.0,0.0
0.0,0.4429065743944637,0.005233275743639808,0.006193519989533335,0.0,0.0
0.0692041522491349,0.4429065743944637,0.006667287250280983,0.014102881336639853,0.0,0.0
0.1003460207612456,0.4429065743944637,0.007119904734710709,0.018983069027497815,0.0,0.0
0.1176470588235294,0.4429065743944637,0.007275376812820774,0.021965535588929264,0.0,0.0
0.1487889273356401,0.4429065743944637,0.0075144481775181095,0.02782750788958578,0.0,0.0
0.231833910034602,0.4429065743944637,0.007496021725690525,0.04418706367511077,0.0,0.0
0.3598615916955017,0.4429065743944637,0.0061099866487531965,0.06340185192760404,0.0,0.0
0.4048442906574394,0.4429065743944637,0.004578557594238419,0.06724267143914886,0.0,0.0
0.4290657439446367,0.4429065743944637,0.003443235380926779,0.06892292203924527,0.0,0.0
0.5086505190311419,0.4429065743944637,-0.0013102070646952815,0.0731832556403662,0.0,0.0
0.532871972318339,0.4429065743944637,-0.0028873117541969137,0.07433562352826856,0.0,0.0
0.5570934256055363,0.4429065743944637,-0.004549811911948458,0.0754210893462995,0.0,0.0
0.5916955017301038,0.4429065743944637,-0.007093929958932103,0.07722335966844257,0.0,0.0
0.6089965397923875,0.4429065743944637,-0.008359446941330248,0.07812880970609404,0.0,0.0
0.6228373702422145,0.4429065743944637,-0.009427445322625759,0.07894647300305511,0.0,0.0
0.0,0.4394463667820069,0.005390880144917299,0.006224273030767341,0.0,0.0
0.0553633217993079,0.4394463667820069,0.006654226506745254,0.012210618422600504,0.0,0.0
0.0795847750865051,0.4394463667820069,0.0070832010580304874,0.015678008789091945,0.0,0.0
0.1799307958477508,0.4394463667820069,0.007884317002106438,0.03396717563304395,0.0,0.0
0.1903114186851211,0.4394463667820069,0.007935984118327325,0.036071861347232996,0.0,0.0
0.2179930795847751,0.4394463667820069,0.007859491373221082,0.041520554441824384,0.0,0.0
0.2629757785467128,0.4394463667820069,0.007611168868986974,0.04999099557499911,0.0,0.0
0.3183391003460207,0.4394463667820069,0.007179148498869008,0.058575424810594745,0.0,0.0
0.3425605536332179,0.4394463667820069,0.006803249560716597,0.06146937988539871,0.0,0.0
0.3910034602076124,0.4394463667820069,0.005450654422998856,0.06595318189892947,0.0,0.0
0.4429065743944637,0.4394463667820069,0.0030121659536035466,0.0693408989671927,0.0,0.0
0.4878892733564013,0.4394463667820069,0.0002887705289108193,0.07161568410815086,0.0,0.0
0.5224913494809689,0.4394463667820069,-0.0019552327598652717,0.0733107942874414,0.0,0.0
0.5432525951557093,0.4394463667820069,-0.0033189295588720636,0.07421612524986126,0.0,0.0
0.6228373702422145,0.4394463667820069,-0.009143842154131516,0.07821820356497687,0.0,0.0
0.0,0.4359861591695502,0.0055545004666996,0.006247604538240345,0.0,0.0
0.0103806228373702,0.4359861591695502,0.005817703964112141,0.007167994060356117,0.0,0.0
0.0207612456747404,0.4359861591695502,0.006092353799082663,0.008161547784094933,0.0,0.0
0.0311418685121107,0.4359861591695502,0.0063348845059202335,0.009269904245386668,0.0,0.0
0.0415224913494809,0.4359861591695502,0.006553581435543895,0.010483810389381358,0.0,0.0
0.1280276816608996,0.4359861591695502,0.007989073994307786,0.023971350792763475,0.0,0.0
0.1591695501730103,0.4359861591695502,0.008187744775040794,0.02997475514077419,0.0,0.0
0.1695501730103806,0.4359861591695502,0.008208451897221553,0.03199039007917138,0.0,0.0
0.2006920415224913,0.4359861591695502,0.008239442460331519,0.03813452199663351,0.0,0.0
0.2802768166089965,0.4359861591695502,0.007810678963612644,0.052957345749462856,0.0,0.0
0.3079584775086505,0.4359861591695502,0.007588866689336328,0.05714275443266847,0.0,0.0
0.370242214532872,0.4359861591695502,0.006451697627191874,0.06407055461942933,0.0,0.0
0.4152249134948096,0.4359861591695502,0.004734968210421756,0.0673541788095354,0.0,0.0
0.4982698961937716,0.4359861591695502,-0.0001275560987755203,0.07168244083543442,0.0,0.0
0.5674740484429066,0.4359861591695502,-0.004762256687382366,0.07469791635704201,0.0,0.0
0.5813148788927336,0.4359861591695502,-0.005766774403847369,0.07537424880605738,0.0,0.0
0.6228373702422145,0.4359861591695502,-0.008860190496935798,0.07746665701926538,0.0,0.0
0.0,0.4325259515570934,0.005720250896605386,0.0062841862569685755,0.0,0.0
0.0899653979238754,0.4325259515570934,0.0077524349684810045,0.017385948513171316,0.0,0.0
0.1141868512110726,0.4325259515570934,0.008125869689748233,0.021474386354709576,0.0,0.0
0.1453287197231834,0.4325259515570934,0.00840569874040844,0.027308274423346924,0.0,0.0
0.2906574394463668,0.4325259515570934,0.00804207625715783,0.05455450855436951,0.0,0.0
0.328719723183391,0.4325259515570934,0.007669882985774048,0.059754531984228317,0.0,0.0
0.4532871972318339,0.4325259515570934,0.002980618761618508,0.06909553784532664,0.0,0.0
0.4775086505190311,0.4325259515570934,0.0015361811012452968,0.07016085956043863,0.0,0.0
0.5121107266435986,0.4325259515570934,-0.000782015895751225,0.0717909965200528,0.0,0.0
0.5536332179930796,0.4325259515570934,-0.0035249869776808195,0.07342765046062631,0.0,0.0
0.5986159169550173,0.4325259515570934,-0.006817272039468782,0.07550219417640515,0.0,0.0
0.6228373702422145,0.4325259515570934,-0.008578875270328966,0.07675210139231262,0.0,0.0
0.0,0.4290657439446367,0.005883957617051873,0.0062974448332595925,0.0,0.0
0.0726643598615917,0.4290657439446367,0.007703948864435987,0.014723586497471498,0.0,0.0
0.1833910034602076,0.4290657439446367,0.00888289795600554,0.03479661352135227,0.0,0.0
0.2491349480968858,0.4290657439446367,0.0086728222290807,0.04753080947362451,0.0,0.0
0.3391003460207612,0.4290657439446367,0.007823922401043824,0.060826060970095325,0.0,0.0
0.3598615916955017,0.4290657439446367,0.0073865097176830045,0.06285452403058954,0.0,0.0
0.3806228373702422,0.4290657439446367,0.006760855646521257,0.06451625367443092,0.0,0.0
0.3944636678200692,0.4290657439446367,0.0062514020482697785,0.0654869379530742,0.0,0.0
0.4256055363321799,0.4290657439446367,0.004810191989635764,0.06731899161111896,0.0,0.0
0.4671280276816609,0.4290657439446367,0.002429864639795645,0.0692845995261523,0.0,0.0
0.5259515570934256,0.4290657439446367,-0.0014396518816330271,0.07183280683449858,0.0,0.0
0.5397923875432526,0.4290657439446367,-0.002354531437984851,0.07232136042392423,0.0,0.0
0.6228373702422145,0.4290657439446367,-0.008316645593561385,0.07600483383572909,0.0,0.0
0.0,0.4256055363321799,0.006057923100501978,0.006372719379056837,0.0,0.0
0.0138408304498269,0.4256055363321799,0.0064811633662318745,0.007627569614208434,0.0,0.0
0.0415224913494809,0.4256055363321799,0.007190333501099543,0.010570443090401931,0.0,0.0
0.0588235294117647,0.4256055363321799,0.007645801416881204,0.012821103046299201,0.0,0.0
0.1003460207612456,0.4256055363321799,0.00849556814270908,0.019176417321018824,0.0,0.0
0.1349480968858131,0.4256055363321799,0.008998337052903099,0.02538816239433207,0.0,0.0
0.1626297577854671,0.4256055363321799,0.009181286376699377,0.030737390106146158,0.0,0.0
0.1730103806228373,0.4256055363321799,0.009228624474826308,0.03277571047922191,0.0,0.0
0.1937716262975778,0.4256055363321799,0.009263509041370587,0.03691038166371717,0.0,0.0
0.231833910034602,0.4256055363321799,0.009105458826921342,0.04430542389817279,0.0,0.0
0.259515570934256,0.4256055363321799,0.008937507533558035,0.04943627480934097,0.0,0.0
0.273356401384083,0.4256055363321799,0.008818285520574677,0.051823377697119456,0.0,0.0
0.301038062283737,0.4256055363321799,0.008563940128181718,0.056083733324586355,0.0,0.0
0.3494809688581315,0.4256055363321799,0.007931268332083212,0.06177155821384576,0.0,0.0
0.4083044982698962,0.4256055363321799,0.00594067829229583,0.06606645230785156,0.0,0.0
0.4429065743944637,0.4256055363321799,0.004130432214126039,0.06778797972581112,0.0,0.0
0.4913494809688581,0.4256055363321799,0.0010739946385649047,0.06986292374803449,0.0,0.0
0.5640138408304498,0.4256055363321799,-0.003779551765371151,0.07265985097205704,0.0,0.0
0.5743944636678201,0.4256055363321799,-0.004504177733131514,0.0730803284414779,0.0,0.0
0.6089965397923875,0.4256055363321799,-0.007125338718555859,0.07458703782242868,0.0,0.0
0.6228373702422145,0.4256055363321799,-0.008085920815778185,0.0753544923884249,0.0,0.0
0.0,0.4221453287197231,0.006219959989738269,0.006397020473866447,0.0,0.0
0.0311418685121107,0.4221453287197231,0.007144341843487348,0.009407922679721611,0.0,0.0
0.1245674740484429,0.4221453287197231,0.009182267072648992,0.023492880178868553,0.0,0.0
0.1487889273356401,0.4221453287197231,0.009410673572858234,0.028075731733377927,0.0,0.0
0.2179930795847751,0.4221453287197231,0.009530954936681449,0.0417074518979708,0.0,0.0
0.3252595155709342,0.4221453287197231,0.008649383333443589,0.05920146913907753,0.0,0.0
0.370242214532872,0.4221453287197231,0.007733901620460066,0.06340128874729237,0.0,0.0
0.5017301038062284,0.4221453287197231,0.0006410785767504012,0.06975079424127117,0.0,0.0
0.5882352941176471,0.4221453287197231,-0.0052856374115478185,0.07303900315790456,0.0,0.0
0.6228373702422145,0.4221453287197231,-0.007830691246968478,0.07461843147723186,0.0,0.0
0.0,0.4186851211072664,0.00639677085612006,0.006447470634692007,0.0,0.0
0.0899653979238754,0.4186851211072664,0.008857685435079843,0.017561655277537752,0.0,0.0
0.1141868512110726,0.4186851211072664,0.009334922702418556,0.021659818274544593,0.0,0.0
0.2041522491349481,0.4186851211072664,0.00993818342601505,0.039044036444969094,0.0,0.0
0.314878892733564,0.4186851211072664,0.009050159822243501,0.057946879413407495,0.0,0.0
0.4532871972318339,0.4186851211072664,0.004018160352736961,0.06742338443869361,0.0,0.0
0.5155709342560554,0.4186851211072664,-5.689786524918013e-05,0.06978334959970899,0.0,0.0
0.5536332179930796,0.4186851211072664,-0.002632812579187164,0.07104719022315971,0.0,0.0
0.6228373702422145,0.4186851211072664,-0.007615443938078545,0.07394571531218622,0.0,0.0
0.0,0.4152249134948096,0.006552876188740636,0.006488804760148593,0.0,0.0
0.0173010380622837,0.4152249134948096,0.007132646677003362,0.008062263908169193,0.0,0.0
0.0449826989619377,0.4152249134948096,0.007935376045833772,0.011115069995105191,0.0,0.0
0.0761245674740484,0.4152249134948096,0.008819553792549638,0.015415158871672533,0.0,0.0
0.1384083044982699,0.4152249134948096,0.00999985669175604,0.026228100414904473,0.0,0.0
0.1626297577854671,0.4152249134948096,0.010217714117301489,0.03089459950108408,0.0,0.0
0.1730103806228373,0.4152249134948096,0.01029196154541717,0.03294354422920846,0.0,0.0
0.2422145328719723,0.4152249134948096,0.01005942843826533,0.04635514719228552,0.0,0.0
0.2560553633217993,0.4152249134948096,0.00998600775367613,0.04888060813929515,0.0,0.0
0.2664359861591695,0.4152249134948096,0.009858984765726735,0.050702117316667905,0.0,0.0
0.2837370242214533,0.4152249134948096,0.009698403669449776,0.05354680972232334,0.0,0.0
0.3425605536332179,0.4152249134948096,0.00897972007893064,0.060884357363984974,0.0,0.0
0.3910034602076124,0.4152249134948096,0.007550026354571209,0.06431126514451391,0.0,0.0
0.4048442906574394,0.4152249134948096,0.006944383018933436,0.06504227719814641,0.0,0.0
0.4359861591695502,0.4152249134948096,0.005289814606963683,0.06634498481828838,0.0,0.0
0.4775086505190311,0.4152249134948096,0.0027262152079055094,0.06787096286067015,0.0,0.0
0.5294117647058824,0.4152249134948096,-0.0007554959522328052,0.0696887969831188,0.0,0.0
0.5432525951557093,0.4152249134948096,-0.0017050790674809546,0.07010778679728454,0.0,0.0
0.5674740484429066,0.4152249134948096,-0.0033731690091494586,0.07091169632999748,0.0,0.0
0.6020761245674741,0.4152249134948096,-0.005898521710167377,0.07225961472838005,0.0,0.0
0.6124567474048442,0.4152249134948096,-0.0067131018003022324,0.07263647581216853,0.0,0.0
0.6228373702422145,0.4152249134948096,-0.007428304214666447,0.0731980377922932,0.0,0.0
0.0,0.4117647058823529,0.006717186719701569,0.0065199243542547695,0.0,0.0
0.0622837370242214,0.4117647058823529,0.00869279821437252,0.013432871114124946,0.0,0.0
0.1003460207612456,0.4117647058823529,0.009690211018118754,0.019366955116951343,0.0,0.0
0.1903114186851211,0.4117647058823529,0.010691987067870291,0.03640944651337424,0.0,0.0
0.2145328719723183,0.4117647058823529,0.010598728844418799,0.041148680131187616,0.0,0.0
0.2975778546712803,0.4117647058823529,0.009836347856703637,0.05561985488216815,0.0,0.0
0.3321799307958477,0.4117647058823529,0.00945324855114747,0.0598101536096109,0.0,0.0
0.3529411764705882,0.4117647058823529,0.009047180873339413,0.06167191783345935,0.0,0.0
0.3806228373702422,0.4117647058823529,0.00823606766178855,0.06351675629282998,0.0,0.0
0.4186851211072664,0.4117647058823529,0.006495544205048194,0.06535724631442455,0.0,0.0
0.4636678200692041,0.4117647058823529,0.0038472405545836256,0.0669444997159299,0.0,0.0
0.4878892733564013,0.4117647058823529,0.002228415099324402,0.06775286681616648,0.0,0.0
0.6228373702422145,0.4117647058823529,-0.007241992753827357,0.07249955160816676,0.0,0.0
0.0,0.4083044982698962,0.006859678168642434,0.0065442261333713446,0.0,0.0
0.1245674740484429,0.4083044982698962,0.010456701236295624,0.023699782401787377,0.0,0.0
0.1522491349480969,0.4083044982698962,0.010875255221266065,0.028970355770774517,0.0,0.0
0.2006920415224913,0.4083044982698962,0.011045983169798712,0.03848590966431002,0.0,0.0
0.2249134948096885,0.4083044982698962,0.010945621182476536,0.04317765991720377,0.0,0.0
0.5051903114186851,0.4083044982698962,0.001296187739777105,0.06780176654346208,0.0,0.0
0.5847750865051903,0.4083044982698962,-0.0041166708724116275,0.07015520220773354,0.0,0.0
0.6228373702422145,0.4083044982698962,-0.007044309540905295,0.07183716848118467,0.0,0.0
0.0,0.4048442906574394,0.0069961279233489194,0.006589842957344444,0.0,0.0
0.0311418685121107,0.4048442906574394,0.008124944971991954,0.00960294483074928,0.0,0.0
0.2560553633217993,0.4048442906574394,0.011007027920340116,0.04895852456576467,0.0,0.0
0.2698961937716263,0.4048442906574394,0.010789747723848405,0.05136032578327778,0.0,0.0
0.2802768166089965,0.4048442906574394,0.010680790081835471,0.053064009488812555,0.0,0.0
0.370242214532872,0.4048442906574394,0.009178372144329077,0.0626038384715126,0.0,0.0
0.4429065743944637,0.4048442906574394,0.0055747411082929105,0.06543523365730418,0.0,0.0
0.532871972318339,0.4048442906574394,-0.00040960577101738086,0.0680841587449957,0.0,0.0
0.5536332179930796,0.4048442906574394,-0.0018287885146271382,0.06863718462829665,0.0,0.0
0.5743944636678201,0.4048442906574394,-0.0032294959043721195,0.06921508057787172,0.0,0.0
0.5951557093425606,0.4048442906574394,-0.004726752299314015,0.06984935890321571,0.0,0.0
0.6089965397923875,0.4048442906574394,-0.005837010911837836,0.0703548392967594,0.0,0.0
0.6228373702422145,0.4048442906574394,-0.006864082408605799,0.07101998095461082,0.0,0.0
0.0,0.4013840830449827,0.007138963033445213,0.006631688496440805,0.0,0.0
0.0415224913494809,0.4013840830449827,0.0086978612071677,0.010860966866219492,0.0,0.0
0.0553633217993079,0.4013840830449827,0.00917898298451787,0.012611662536142201,0.0,0.0
0.0865051903114186,0.4013840830449827,0.010213582832214171,0.01718310939848598,0.0,0.0
0.0968858131487889,0.4013840830449827,0.010523028139030752,0.018920091642870982,0.0,0.0
0.1107266435986159,0.4013840830449827,0.010809366932922145,0.021304324380229833,0.0,0.0
0.1384083044982699,0.4013840830449827,0.011412833125678234,0.026383924905224107,0.0,0.0
0.1626297577854671,0.4013840830449827,0.011701665918905918,0.03113896471498417,0.0,0.0
0.1764705882352941,0.4013840830449827,0.011823893793928411,0.03386032738345181,0.0,0.0
0.2110726643598615,0.4013840830449827,0.011755071006877605,0.04062700758433007,0.0,0.0
0.245674740484429,0.4013840830449827,0.011484502531318984,0.04713090031365039,0.0,0.0
0.314878892733564,0.4013840830449827,0.010568770098989023,0.05787440054647304,0.0,0.0
0.328719723183391,0.4013840830449827,0.010359950212644005,0.05934773981438383,0.0,0.0
0.3910034602076124,0.4013840830449827,0.008633457788830784,0.06336319274259601,0.0,0.0
0.4048442906574394,0.4013840830449827,0.00800028090867149,0.0638390965401225,0.0,0.0
0.4532871972318339,0.4013840830449827,0.0051432496346973805,0.06532355746103005,0.0,0.0
0.4636678200692041,0.4013840830449827,0.0044541201674919316,0.06561024715251189,0.0,0.0
0.4913494809688581,0.4013840830449827,0.0025937009513809627,0.0663228704431519,0.0,0.0
0.5190311418685121,0.4013840830449827,0.0007046258004946748,0.06713520171228857,0.0,0.0
0.5432525951557093,0.4013840830449827,-0.0009353859509448697,0.06776391141227454,0.0,0.0
0.5640138408304498,0.4013840830449827,-0.002354277239297338,0.0682930344385784,0.0,0.0
0.6228373702422145,0.4013840830449827,-0.0066797157419699865,0.07023169284514565,0.0,0.0
0.0,0.3979238754325259,0.007280578037138521,0.0066529319175196505,0.0,0.0
0.0173010380622837,0.3979238754325259,0.007967882844699384,0.008240099571474752,0.0,0.0
0.0726643598615917,0.3979238754325259,0.010030884458415523,0.01510274706101237,0.0,0.0
0.1903114186851211,0.3979238754325259,0.012244370179558699,0.03663936163740679,0.0,0.0
0.2214532871972318,0.3979238754325259,0.012098343145628158,0.04267867994082398,0.0,0.0
0.231833910034602,0.3979238754325259,0.011996836341535859,0.044594244927019536,0.0,0.0
0.301038062283737,0.3979238754325259,0.011050274524325235,0.0561693952849232,0.0,0.0
0.3391003460207612,0.3979238754325259,0.010494685524424544,0.0602561378344882,0.0,0.0
0.356401384083045,0.3979238754325259,0.01011219200960905,0.061493150785475514,0.0,0.0
0.4186851211072664,0.3979238754325259,0.007464797134439363,0.0639171093863372,0.0,0.0
0.4325259515570934,0.3979238754325259,0.006599462542268221,0.06434487531934918,0.0,0.0
0.4740484429065744,0.3979238754325259,0.003962385603126865,0.06540106924465368,0.0,0.0
0.5017301038062284,0.3979238754325259,0.0020621125779520747,0.06609877149486984,0.0,0.0
0.6228373702422145,0.3979238754325259,-0.006511648966065911,0.0694572063196987,0.0,0.0
0.0,0.3944636678200692,0.007405033304527732,0.006702870210300424,0.0,0.0
0.0276816608996539,0.3944636678200692,0.008540466855681796,0.009339353093258231,0.0,0.0
0.28719723183391,0.3944636678200692,0.0115742035099281,0.05416939482042129,0.0,0.0
0.3806228373702422,0.3944636678200692,0.009564951269780934,0.06251307134270828,0.0,0.0
0.5294117647058824,0.3944636678200692,0.0003609239860521912,0.06622255233279753,0.0,0.0
0.5536332179930796,0.3944636678200692,-0.0013145901317070253,0.06680424462935075,0.0,0.0
0.5882352941176471,0.3944636678200692,-0.003699132733268485,0.06756385948444296,0.0,0.0
0.6020761245674741,0.3944636678200692,-0.004737199825483276,0.06796666205842898,0.0,0.0
0.6124567474048442,0.3944636678200692,-0.00550526817423364,0.06829189010931874,0.0,0.0
0.6228373702422145,0.3944636678200692,-0.006305901914039618,0.06868140767001911,0.0,0.0
0.0,0.3910034602076124,0.007543779755565679,0.006729297008931456,0.0,0.0
0.0380622837370242,0.3910034602076124,0.009156563238615256,0.010579532679175819,0.0,0.0
0.0519031141868512,0.3910034602076124,0.009723396811778206,0.01227171171253636,0.0,0.0
0.0968858131487889,0.3910034602076124,0.011431116730577479,0.01905397784224104,0.0,0.0
0.1245674740484429,0.3910034602076124,0.01222920783470619,0.02398026775519804,0.0,0.0
0.1557093425605536,0.3910034602076124,0.012837133666166732,0.029941857946325888,0.0,0.0
0.1695501730103806,0.3910034602076124,0.012978242181238584,0.03266628991233033,0.0,0.0
0.2006920415224913,0.3910034602076124,0.013016890101151741,0.03877275941008996,0.0,0.0
0.2422145328719723,0.3910034602076124,0.012659911997605432,0.04660971745328768,0.0,0.0
0.259515570934256,0.3910034602076124,0.012380672045403645,0.04971977657582729,0.0,0.0
0.4048442906574394,0.3910034602076124,0.008644024344260669,0.06292394326035591,0.0,0.0
0.4429065743944637,0.3910034602076124,0.006346430055199588,0.06376713617239617,0.0,0.0
0.4602076124567474,0.3910034602076124,0.005222386303491327,0.06416124367602712,0.0,0.0
0.5778546712802768,0.3910034602076124,-0.002842387179634149,0.06670041553753227,0.0,0.0
0.6228373702422145,0.3910034602076124,-0.006129741794314395,0.0679838028054873,0.0,0.0
0.0,0.3875432525951557,0.007672511210004097,0.006782901105259912,0.0,0.0
0.0138408304498269,0.3875432525951557,0.008218082387164935,0.008018853536527915,0.0,0.0
0.0622837370242214,0.3875432525951557,0.010409492910710645,0.013718077628733135,0.0,0.0
0.1107266435986159,0.3875432525951557,0.01221821470867358,0.02153094906963971,0.0,0.0
0.2214532871972318,0.3875432525951557,0.01331415816474656,0.04278579575466382,0.0,0.0
0.273356401384083,0.3875432525951557,0.012480266201403852,0.05206500556583286,0.0,0.0
0.3217993079584775,0.3875432525951557,0.011638275057987023,0.058609032221954876,0.0,0.0
0.3667820069204152,0.3875432525951557,0.010564101206670045,0.06162474590565609,0.0,0.0
0.3944636678200692,0.3875432525951557,0.009368573687545803,0.06243665630164449,0.0,0.0
0.4325259515570934,0.3875432525951557,0.007201785131366567,0.06311067930614632,0.0,0.0
0.4982698961937716,0.3875432525951557,0.0028003120024274832,0.06445880366261525,0.0,0.0
0.5121107266435986,0.3875432525951557,0.0018467746821802025,0.06469694099137452,0.0,0.0
0.5397923875432526,0.3875432525951557,-4.320636092640837e-05,0.06532428202775471,0.0,0.0
0.5674740484429066,0.3875432525951557,-0.0019955715966174883,0.06590517398594978,0.0,0.0
0.6228373702422145,0.3875432525951557,-0.00595968922398834,0.06720739960579077,0.0,0.0
0.0,0.3840830449826989,0.007790594492666586,0.006819819655913555,0.0,0.0
0.0795847750865051,0.3840830449826989,0.011380355621896288,0.01633162584590631,0.0,0.0
0.1384083044982699,0.3840830449826989,0.013341247208864879,0.026748407206331048,0.0,0.0
0.1833910034602076,0.3840830449826989,0.01393276201744938,0.03549868251444296,0.0,0.0
0.2110726643598615,0.3840830449826989,0.013839885775332378,0.04085808530753029,0.0,0.0
0.3044982698961938,0.3840830449826989,0.012213494406702982,0.05668455452371572,0.0,0.0
0.4221453287197231,0.3840830449826989,0.008029755056405354,0.0625282936978748,0.0,0.0
0.4844290657439446,0.3840830449826989,0.003910362456276972,0.06365524770430758,0.0,0.0
0.5259515570934256,0.3840830449826989,0.0010555397082785312,0.06443049793587477,0.0,0.0
0.5570934256055363,0.3840830449826989,-0.001117806186700363,0.0651039492093152,0.0,0.0
0.6228373702422145,0.3840830449826989,-0.005797052022209774,0.06648418654023971,0.0,0.0
0.0,0.3806228373702422,0.007909004443361439,0.006853437126408336,0.0,0.0
0.0242214532871972,0.3806228373702422,0.009034497489275354,0.009146532271583414,0.0,0.0
0.0346020761245674,0.3806228373702422,0.00955375912491592,0.010297120189275475,0.0,0.0
0.0899653979238754,0.3806228373702422,0.012121369730103332,0.01805839613304022,0.0,0.0
0.2387543252595155,0.3806228373702422,0.013928591510991552,0.04607522247804315,0.0,0.0
0.28719723183391,0.3806228373702422,0.012869357323388973,0.05428044094325155,0.0,0.0
0.3356401384083045,0.3806228373702422,0.011921119479652726,0.05979323339626945,0.0,0.0
0.3529411764705882,0.3806228373702422,0.011495744840882848,0.06076598083158927,0.0,0.0
0.4083044982698962,0.3806228373702422,0.008995250086622837,0.062015363166750145,0.0,0.0
0.4463667820069204,0.3806228373702422,0.006601757397582796,0.06255532817872958,0.0,0.0
0.4705882352941176,0.3806228373702422,0.004986074106014787,0.06291080953038825,0.0,0.0
0.5778546712802768,0.3806228373702422,-0.0024192698529877502,0.0648310507845983,0.0,0.0
0.6055363321799307,0.3806228373702422,-0.004324826644606771,0.06528662086531412,0.0,0.0
0.6228373702422145,0.3806228373702422,-0.005641428776050447,0.06572434206192417,0.0,0.0
0.0,0.3771626297577855,0.008018268076354534,0.006890000023359857,0.0,0.0
0.0484429065743944,0.3771626297577855,0.01040189873775963,0.01198488911444004,0.0,0.0
0.0588235294117647,0.3771626297577855,0.010952276148790113,0.01338949125700003,0.0,0.0
0.1038062283737024,0.3771626297577855,0.013049891852347353,0.020487266374628006,0.0,0.0
0.1141868512110726,0.3771626297577855,0.013404575756266099,0.022337424490789015,0.0,0.0
0.1280276816608996,0.3771626297577855,0.013895544366148803,0.024930518784338607,0.0,0.0
0.1660899653979238,0.3771626297577855,0.014673752282536569,0.03226186570880741,0.0,0.0
0.2006920415224913,0.3771626297577855,0.014809380847423068,0.03896990376373345,0.0,0.0
0.2249134948096885,0.3771626297577855,0.014618466524988348,0.043562085783503145,0.0,0.0
0.2525951557093425,0.3771626297577855,0.014094726167208048,0.04857641409638716,0.0,0.0
0.314878892733564,0.3771626297577855,0.012617798100177711,0.05791912548265321,0.0,0.0
0.3840830449826989,0.3771626297577855,0.010461609424146125,0.061462050513309434,0.0,0.0
0.4948096885813148,0.3771626297577855,0.003442678549789125,0.06280411342013922,0.0,0.0
0.5882352941176471,0.3771626297577855,-0.0029779206371555425,0.0643403833515239,0.0,0.0
0.6228373702422145,0.3771626297577855,-0.005480631691259967,0.06504848771708852,0.0,0.0
0.0,0.3737024221453287,0.008115915301817453,0.006931998426639022,0.0,0.0
0.0138408304498269,0.3737024221453287,0.008757520212188893,0.008178873063993404,0.0,0.0
0.0692041522491349,0.3737024221453287,0.011723423924165633,0.014940080639530989,0.0,0.0
0.1384083044982699,0.3737024221453287,0.014613627819706461,0.026980887064159575,0.0,0.0
0.1522491349480969,0.3737024221453287,0.014942671881133508,0.029650093803290346,0.0,0.0
0.1764705882352941,0.3737024221453287,0.01526067717078667,0.034353435100768465,0.0,0.0
0.2698961937716263,0.3737024221453287,0.014075931429064218,0.05153466354934394,0.0,0.0
0.301038062283737,0.3737024221453287,0.01319977188982302,0.05627889530026978,0.0,0.0
0.3667820069204152,0.3737024221453287,0.011449335360166865,0.06096008710962887,0.0,0.0
0.4325259515570934,0.3737024221453287,0.007801889602675237,0.061523391342060904,0.0,0.0
0.4602076124567474,0.3737024221453287,0.005923549238849311,0.06183095653399223,0.0,0.0
0.6228373702422145,0.3737024221453287,-0.005320624123039327,0.06431361610756145,0.0,0.0
0.0,0.370242214532872,0.008196738200439587,0.006971021035543343,0.0,0.0
0.0346020761245674,0.370242214532872,0.010047106103721884,0.010443379761462208,0.0,0.0
0.0830449826989619,0.370242214532872,0.01269780502815622,0.01714729731493985,0.0,0.0
0.2145328719723183,0.370242214532872,0.015660598004373184,0.041694000779188785,0.0,0.0
0.2802768166089965,0.370242214532872,0.014110852083571095,0.05325051562335417,0.0,0.0
0.328719723183391,0.370242214532872,0.01284640736353469,0.05920478948568047,0.0,0.0
0.3425605536332179,0.370242214532872,0.012481491111212634,0.06006968609153565,0.0,0.0
0.3979238754325259,0.370242214532872,0.010049414140105448,0.061030528245758775,0.0,0.0
0.4775086505190311,0.370242214532872,0.0048310298151608075,0.061563961760206246,0.0,0.0
0.5121107266435986,0.370242214532872,0.002499321434182975,0.06197013092282693,0.0,0.0
0.5397923875432526,0.370242214532872,0.0005831830526386372,0.06238657306717274,0.0,0.0
0.5536332179930796,0.370242214532872,-0.0003962901846972655,0.06265373254416842,0.0,0.0
0.5709342560553633,0.370242214532872,-0.001600613588162863,0.06290922241308952,0.0,0.0
0.6124567474048442,0.370242214532872,-0.004480918509695321,0.06340213274688636,0.0,0.0
0.6228373702422145,0.370242214532872,-0.005179806237877227,0.06362771874874348,0.0,0.0
0.0,0.3667820069204152,0.008273921617053127,0.007002805791330821,0.0,0.0
0.0449826989619377,0.3667820069204152,0.010752827819983641,0.011708677451805056,0.0,0.0
0.0553633217993079,0.3667820069204152,0.011356543103316517,0.013069304224936762,0.0,0.0
0.0968858131487889,0.3667820069204152,0.013783119647167597,0.019543433314897687,0.0,0.0
0.1072664359861591,0.3667820069204152,0.01430696581531519,0.021338937326245592,0.0,0.0
0.1211072664359861,0.3667820069204152,0.014919665371458262,0.02386194060674105,0.0,0.0
0.1903114186851211,0.3667820069204152,0.016334435066407926,0.03716154650802325,0.0,0.0
0.2906574394463668,0.3667820069204152,0.014164090742275036,0.05483897300080771,0.0,0.0
0.3183391003460207,0.3667820069204152,0.013331996760664884,0.05829845482485314,0.0,0.0
0.356401384083045,0.3667820069204152,0.012227756496571488,0.06048068180942675,0.0,0.0
0.4152249134948096,0.3667820069204152,0.009150663713556663,0.06071835423982869,0.0,0.0
0.4498269896193771,0.3667820069204152,0.006850740330889416,0.06080407937932425,0.0,0.0
0.4913494809688581,0.3667820069204152,0.004021042967981997,0.06122063525695678,0.0,0.0
0.5259515570934256,0.3667820069204152,0.0016664981903872515,0.061599976499124,0.0,0.0
0.6228373702422145,0.3667820069204152,-0.005030740337753349,0.06295192954384687,0.0,0.0
0.0,0.3633217993079585,0.008366097397892708,0.007070603203528766,0.0,0.0
0.0173010380622837,0.3633217993079585,0.009339130479797005,0.008647055492299166,0.0,0.0
0.1418685121107266,0.3633217993079585,0.01610374273202735,0.027909521766483526,0.0,0.0
0.231833910034602,0.3633217993079585,0.016415121398357678,0.04497719246282955,0.0,0.0
0.2491349480968858,0.3633217993079585,0.015977352791332132,0.04805590373019004,0.0,0.0
0.3667820069204152,0.3633217993079585,0.011974630456831623,0.06047206585877941,0.0,0.0
0.3806228373702422,0.3633217993079585,0.011263573480099081,0.06050463092736781,0.0,0.0
0.4671280276816609,0.3633217993079585,0.0057363894907940995,0.060452338586000055,0.0,0.0
0.5017301038062284,0.3633217993079585,0.0034150202916383796,0.06079475521054821,0.0,0.0
0.5847750865051903,0.3633217993079585,-0.002307205702840596,0.06179724425098139,0.0,0.0
0.6020761245674741,0.3633217993079585,-0.0034357026314414396,0.061958176529533684,0.0,0.0
0.6228373702422145,0.3633217993079585,-0.0048772493294927145,0.06229137808201969,0.0,0.0
0.0,0.3598615916955017,0.008433230646685833,0.007101632807509334,0.0,0.0
0.0657439446366782,0.3598615916955017,0.012437464718738696,0.014671015544563622,0.0,0.0
0.1591695501730103,0.3598615916955017,0.01708740422457641,0.031389331791454686,0.0,0.0
0.1764705882352941,0.3598615916955017,0.017329301022340923,0.03467452034944872,0.0,0.0
0.2041522491349481,0.3598615916955017,0.017316462447216924,0.039936868843347205,0.0,0.0
0.2629757785467128,0.3598615916955017,0.016037386504596327,0.0504664663521987,0.0,0.0
0.2768166089965398,0.3598615916955017,0.015496864885700866,0.052718142255889264,0.0,0.0
0.3044982698961938,0.3598615916955017,0.014357995527914858,0.05680242313554297,0.0,0.0
0.3910034602076124,0.3598615916955017,0.010809699120464408,0.06016696457746966,0.0,0.0
0.4048442906574394,0.3598615916955017,0.010001221759140639,0.06008938813984324,0.0,0.0
0.4359861591695502,0.3598615916955017,0.007980726304665321,0.05989928322381554,0.0,0.0
0.4775086505190311,0.3598615916955017,0.005140661488907268,0.060033790631848105,0.0,0.0
0.6228373702422145,0.3598615916955017,-0.004728081183494707,0.06165457824417683,0.0,0.0
0.0,0.356401384083045,0.008546169408018268,0.007163581364105718,0.0,0.0
0.0484429065743944,0.356401384083045,0.011463784675073752,0.01231966447006594,0.0,0.0
0.0830449826989619,0.356401384083045,0.013917666236646562,0.017532452803926474,0.0,0.0
0.1072664359861591,0.356401384083045,0.015537414421633523,0.02171399709843866,0.0,0.0
0.1176470588235294,0.356401384083045,0.016111006212076603,0.02360393520414578,0.0,0.0
0.1280276816608996,0.356401384083045,0.016610200950899143,0.025546569506401617,0.0,0.0
0.1868512110726643,0.356401384083045,0.01792523069767329,0.03673995825287589,0.0,0.0
0.2179930795847751,0.356401384083045,0.017699252857997293,0.04254406071078806,0.0,0.0
0.28719723183391,0.356401384083045,0.015459473525409086,0.05431837348351052,0.0,0.0
0.314878892733564,0.356401384083045,0.014259843566103509,0.057990916830147156,0.0,0.0
0.3321799307958477,0.356401384083045,0.013590404630240643,0.05936986797951729,0.0,0.0
0.3494809688581315,0.356401384083045,0.012971258374705204,0.06002374465509561,0.0,0.0
0.4221453287197231,0.356401384083045,0.00897703205254893,0.05959144305285719,0.0,0.0
0.4567474048442906,0.356401384083045,0.006589176577875549,0.05948966473628263,0.0,0.0
0.5155709342560554,0.356401384083045,0.002632716896524273,0.059845968651443024,0.0,0.0
0.5432525951557093,0.356401384083045,0.0007070833128252859,0.06014511135157398,0.0,0.0
0.5570934256055363,0.356401384083045,-0.0002669551204104781,0.06035833625583611,0.0,0.0
0.5709342560553633,0.356401384083045,-0.0012090184444233385,0.06048539558841239,0.0,0.0
0.6228373702422145,0.356401384083045,-0.004598382084737834,0.061013233409691045,0.0,0.0
0.0,0.3529411764705882,0.008566059011362613,0.007207594406953454,0.0,0.0
0.0138408304498269,0.3529411764705882,0.009385989959996063,0.008441069067886962,0.0,0.0
0.0311418685121107,0.3529411764705882,0.010477883947136375,0.010288048885202367,0.0,0.0
0.0934256055363321,0.3529411764705882,0.015012510783613802,0.01938855262379205,0.0,0.0
0.1384083044982699,0.3529411764705882,0.01752564761871819,0.027631138473853515,0.0,0.0
0.1487889273356401,0.3529411764705882,0.01787864986259817,0.029619700833647896,0.0,0.0
0.2283737024221453,0.3529411764705882,0.01805056554344083,0.04446389458366819,0.0,0.0
0.2387543252595155,0.3529411764705882,0.017827496022745873,0.046334193648742146,0.0,0.0
0.2491349480968858,0.3529411764705882,0.017546672741210252,0.04809154681405838,0.0,0.0
0.3667820069204152,0.3529411764705882,0.012344215152616229,0.05994901393304478,0.0,0.0
0.3771626297577855,0.3529411764705882,0.0117985554186559,0.059828018884607016,0.0,0.0
0.4463667820069204,0.3529411764705882,0.007387241632631632,0.05899275538017234,0.0,0.0
0.4913494809688581,0.3529411764705882,0.004332144820295912,0.05917285803097448,0.0,0.0
0.5294117647058824,0.3529411764705882,0.0017205573171230103,0.05943728232052538,0.0,0.0
0.5916955017301038,0.3529411764705882,-0.0024684162273590805,0.06008449572234749,0.0,0.0
0.6089965397923875,0.3529411764705882,-0.0035782014921713046,0.06022198069001812,0.0,0.0
0.6228373702422145,0.3529411764705882,-0.00447756651368337,0.06039768039199534,0.0,0.0
0.0,0.3494809688581315,0.008611746573090388,0.007251646674776079,0.0,0.0
0.0726643598615917,0.3494809688581315,0.013645786951772994,0.016036494201034313,0.0,0.0
0.3979238754325259,0.3494809688581315,0.010649325031557579,0.059170689050079,0.0,0.0
0.4809688581314879,0.3494809688581315,0.005089717497565272,0.058638911799394136,0.0,0.0
0.5051903114186851,0.3494809688581315,0.003461310347428976,0.05872006269903454,0.0,0.0
0.6228373702422145,0.3494809688581315,-0.0043540528543555505,0.05976284633400164,0.0,0.0
0.6262975778546713,0.3494809688581315,-0.004579318687597985,0.059885568201911155,0.0,0.0
0.0,0.3460207612456747,0.00865199701922847,0.007291352765077307,0.0,0.0
0.0588235294117647,0.3460207612456747,0.012675483357963802,0.013986321745100165,0.0,0.0
0.3425605536332179,0.3460207612456747,0.013518294508936839,0.05968881003910549,0.0,0.0
0.4152249134948096,0.3460207612456747,0.009535388157261014,0.05855239121045951,0.0,0.0
0.4325259515570934,0.3460207612456747,0.008399436578434581,0.05824453651779185,0.0,0.0
0.4671280276816609,0.3460207612456747,0.006030802278509554,0.05811794331538819,0.0,0.0
0.5813148788927336,0.3460207612456747,-0.0016415547704994506,0.05882647232306304,0.0,0.0
0.6262975778546713,0.3460207612456747,-0.00443690267561318,0.05928959353334145,0.0,0.0
0.0,0.3425605536332179,0.008683256654166133,0.007325385700445526,0.0,0.0
0.0173010380622837,0.3425605536332179,0.009773325976741607,0.008905048390017399,0.0,0.0
0.0415224913494809,0.3425605536332179,0.01145985393141218,0.01167556325561631,0.0,0.0
0.1038062283737024,0.3425605536332179,0.016885981069525317,0.021683938359049096,0.0,0.0
0.1072664359861591,0.3425605536332179,0.017142240450433676,0.02230209473986458,0.0,0.0
0.1107266435986159,0.3425605536332179,0.017402372417029584,0.022935534959912133,0.0,0.0
0.1141868512110726,0.3425605536332179,0.017625575573724645,0.023551620411359123,0.0,0.0
0.1176470588235294,0.3425605536332179,0.0178939228818847,0.024194149704770948,0.0,0.0
0.1211072664359861,0.3425605536332179,0.018145162635489487,0.02484218791060891,0.0,0.0
0.1245674740484429,0.3425605536332179,0.018366649177726308,0.02547516476515483,0.0,0.0
0.1280276816608996,0.3425605536332179,0.018579968971472047,0.026121157692008897,0.0,0.0
0.1314878892733564,0.3425605536332179,0.01880491906998233,0.026767120766521605,0.0,0.0
0.1349480968858131,0.3425605536332179,0.01884851441634537,0.027398280623169638,0.0,0.0
0.1384083044982699,0.3425605536332179,0.019009570499355977,0.02807072177010694,0.0,0.0
0.1418685121107266,0.3425605536332179,0.019085456714221922,0.02871228797520829,0.0,0.0
0.1453287197231834,0.3425605536332179,0.01923321636854903,0.02934291832053649,0.0,0.0
0.1487889273356401,0.3425605536332179,0.01937808325716653,0.029992972083230127,0.0,0.0
0.1522491349480969,0.3425605536332179,0.01949093446202035,0.030636047929912376,0.0,0.0
0.1557093425605536,0.3425605536332179,0.0195854264912569,0.031273470949877744,0.0,0.0
0.1591695501730103,0.3425605536332179,0.019821387238096164,0.031975149992752167,0.0,0.0
0.1626297577854671,0.3425605536332179,0.019883731479573834,0.03261530190762138,0.0,0.0
0.1660899653979238,0.3425605536332179,0.019963872793275526,0.03324527800815092,0.0,0.0
0.1695501730103806,0.3425605536332179,0.020054397613345404,0.03391324024182384,0.0,0.0
0.1730103806228373,0.3425605536332179,0.020073472008033385,0.03455681550017979,0.0,0.0
0.1764705882352941,0.3425605536332179,0.020123872618761772,0.035219255057290455,0.0,0.0
0.1799307958477508,0.3425605536332179,0.020163509252245627,0.035866577738580645,0.0,0.0
0.1833910034602076,0.3425605536332179,0.0202244731929408,0.03649021443624954,0.0,0.0
0.1868512110726643,0.3425605536332179,0.02022606540246138,0.037124137612926066,0.0,0.0
0.1903114186851211,0.3425605536332179,0.02024614915115907,0.03775286960039632,0.0,0.0
0.1937716262975778,0.3425605536332179,0.020221361113548723,0.0384101345530772,0.0,0.0
0.1972318339100346,0.3425605536332179,0.020223181204414232,0.03906510044986685,0.0,0.0
0.2006920415224913,0.3425605536332179,0.02018140325424655,0.03970308204962532,0.0,0.0
0.2041522491349481,0.3425605536332179,0.02016876422413357,0.04030611740598778,0.0,0.0
0.2076124567474048,0.3425605536332179,0.020153930171662025,0.040949495242284306,0.0,0.0
0.2110726643598615,0.3425605536332179,0.020103183251229416,0.04157611207104929,0.0,0.0
0.2145328719723183,0.3425605536332179,0.02008009838156037,0.04220056352340983,0.0,0.0
0.2179930795847751,0.3425605536332179,0.019994176420527265,0.04280678981818521,0.0,0.0
0.2214532871972318,0.3425605536332179,0.019962364253601365,0.04342750350692422,0.0,0.0
0.2249134948096885,0.3425605536332179,0.019888374108895955,0.04404241144591217,0.0,0.0
0.2283737024221453,0.3425605536332179,0.019782873891404405,0.044657082862236304,0.0,0.0
0.231833910034602,0.3425605536332179,0.01970304809319592,0.045268702737817745,0.0,0.0
0.2352941176470588,0.3425605536332179,0.019640919639972956,0.045871089780373436,0.0,0.0
0.2387543252595155,0.3425605536332179,0.019530711536060598,0.04645585696751198,0.0,0.0
0.2422145328719723,0.3425605536332179,0.01943732876251443,0.04704185112256232,0.0,0.0
0.245674740484429,0.3425605536332179,0.019332809981839602,0.04762235878456393,0.0,0.0
0.2491349480968858,0.3425605536332179,0.019158585388846846,0.04818863066240738,0.0,0.0
0.2525951557093425,0.3425605536332179,0.0190675343876727,0.048787705304007944,0.0,0.0
0.2560553633217993,0.3425605536332179,0.018918611941328045,0.049361090485481,0.0,0.0
0.259515570934256,0.3425605536332179,0.0187539870448911,0.04992224719499667,0.0,0.0
0.2629757785467128,0.3425605536332179,0.018585446970315934,0.05047382566883024,0.0,0.0
0.2664359861591695,0.3425605536332179,0.018405093319743274,0.05098742794459482,0.0,0.0
0.2698961937716263,0.3425605536332179,0.018233316580314355,0.05154528857415477,0.0,0.0
0.273356401384083,0.3425605536332179,0.018075529903337696,0.05209715768768991,0.0,0.0
0.2768166089965398,0.3425605536332179,0.017858996363978814,0.052653848825848795,0.0,0.0
0.2802768166089965,0.3425605536332179,0.01765338744534347,0.053179891552488,0.0,0.0
0.2837370242214533,0.3425605536332179,0.01744267516879721,0.05366847039693489,0.0,0.0
0.28719723183391,0.3425605536332179,0.01720306162621708,0.05419621391717289,0.0,0.0
0.2906574394463668,0.3425605536332179,0.016839599973061538,0.05468940149974763,0.0,0.0
0.2941176470588235,0.3425605536332179,0.016636392601328636,0.055175844560988625,0.0,0.0
0.2975778546712803,0.3425605536332179,0.016373548489659478,0.05567400549341383,0.0,0.0
0.301038062283737,0.3425605536332179,0.01611686902677411,0.05614135759356442,0.0,0.0
0.3044982698961938,0.3425605536332179,0.01587689443871464,0.056603339294451806,0.0,0.0
0.3079584775086505,0.3425605536332179,0.01567609334816093,0.05701652214478093,0.0,0.0
0.3114186851211072,0.3425605536332179,0.015446450236293378,0.057393556358745546,0.0,0.0
0.314878892733564,0.3425605536332179,0.015168354271119525,0.05779199885150793,0.0,0.0
0.3806228373702422,0.3425605536332179,0.011715032992621669,0.05900154366020005,0.0,0.0
0.4532871972318339,0.3425605536332179,0.006976312246178797,0.05769163626044728,0.0,0.0
0.4948096885813148,0.3425605536332179,0.004239792526869582,0.05768321802062925,0.0,0.0
0.5190311418685121,0.3425605536332179,0.002615280513320312,0.057773844170407186,0.0,0.0
0.5916955017301038,0.3425605536332179,-0.0022359246664975293,0.05833016139638097,0.0,0.0
0.6020761245674741,0.3425605536332179,-0.0028786848289015115,0.05839059034944395,0.0,0.0
0.6124567474048442,0.3425605536332179,-0.003535543634699313,0.0584165129796164,0.0,0.0
0.6262975778546713,0.3425605536332179,-0.004345417548823168,0.05870423020934333,0.0,0.0
0.0,0.3391003460207612,0.008700241904664676,0.007357043737452003,0.0,0.0
0.0830449826989619,0.3391003460207612,0.015268173469489724,0.018163862601708228,0.0,0.0
0.0865051903114186,0.3391003460207612,0.015631514658266496,0.018794605759447018,0.0,0.0
0.0899653979238754,0.3391003460207612,0.015966741044416595,0.019385136305456793,0.0,0.0
0.0934256055363321,0.3391003460207612,0.016255924418362565,0.019949253825830085,0.0,0.0
0.0968858131487889,0.3391003460207612,0.016674832922672512,0.02061175675565058,0.0,0.0
0.1003460207612456,0.3391003460207612,0.01701419486489739,0.021249488370239704,0.0,0.0
0.1038062283737024,0.3391003460207612,0.01724695318413914,0.021868880593610376,0.0,0.0
0.314878892733564,0.3391003460207612,0.0153598608403934,0.05763746254668755,0.0,0.0
0.3183391003460207,0.3391003460207612,0.01511215311777147,0.057997287158456964,0.0,0.0
0.3217993079584775,0.3391003460207612,0.014811849819010663,0.05835580491801528,0.0,0.0
0.3252595155709342,0.3391003460207612,0.01452389484744089,0.05868676938792621,0.0,0.0
0.3598615916955017,0.3391003460207612,0.012756138373305755,0.05945538575415789,0.0,0.0
0.4048442906574394,0.3391003460207612,0.010240870459634382,0.05806679247039864,0.0,0.0
0.5086505190311419,0.3391003460207612,0.003313436726166205,0.05721917815569445,0.0,0.0
0.5467128027681661,0.3391003460207612,0.0007779004745385569,0.057433242557720025,0.0,0.0
0.5640138408304498,0.3391003460207612,-0.0003586731766876723,0.057567908310975496,0.0,0.0
0.6262975778546713,0.3391003460207612,-0.00425544372557719,0.05808347518475087,0.0,0.0
0.0,0.3356401384083045,0.008711807892861315,0.0073947228692232015,0.0,0.0
0.0276816608996539,0.3356401384083045,0.010558124813294559,0.010174449492306892,0.0,0.0
0.0692041522491349,0.3356401384083045,0.014120243982390786,0.01602941928927877,0.0,0.0
0.0726643598615917,0.3356401384083045,0.014453875590018653,0.016577146711682082,0.0,0.0
0.0761245674740484,0.3356401384083045,0.014790017557008563,0.017151698271487544,0.0,0.0
0.0795847750865051,0.3356401384083045,0.0151578875659855,0.017722056877414342,0.0,0.0
0.0830449826989619,0.3356401384083045,0.015515462685810649,0.018314559478201136,0.0,0.0
0.3252595155709342,0.3356401384083045,0.014592199887924989,0.05854791189522925,0.0,0.0
0.328719723183391,0.3356401384083045,0.014339184225066252,0.05885865937132609,0.0,0.0
0.3321799307958477,0.3356401384083045,0.01408366461068286,0.05911651670129901,0.0,0.0
0.3356401384083045,0.3356401384083045,0.013863860549203532,0.059301147128498544,0.0,0.0
0.370242214532872,0.3356401384083045,0.012201791963536188,0.058953412553675644,0.0,0.0
0.3944636678200692,0.3356401384083045,0.010839115347425266,0.05802206930807146,0.0,0.0
0.4221453287197231,0.3356401384083045,0.009068566234784364,0.05723289079669042,0.0,0.0
0.4429065743944637,0.3356401384083045,0.0076660545220587585,0.05685513380284643,0.0,0.0
0.4740484429065744,0.3356401384083045,0.005624220079600834,0.05677295461315522,0.0,0.0
0.532871972318339,0.3356401384083045,0.001767016272567648,0.05679811196372788,0.0,0.0
0.5743944636678201,0.3356401384083045,-0.0009707305946717859,0.05706310927482941,0.0,0.0
0.6262975778546713,0.3356401384083045,-0.004181056823804111,0.0575196123889115,0.0,0.0
0.0,0.3321799307958477,0.008707864451798998,0.007438742898251788,0.0,0.0
0.0553633217993079,0.3321799307958477,0.012791046678376298,0.013950301784272279,0.0,0.0
0.0588235294117647,0.3321799307958477,0.013096543165008603,0.014452489333204147,0.0,0.0
0.0622837370242214,0.3321799307958477,0.013462562600515171,0.01501698028187371,0.0,0.0
0.0657439446366782,0.3321799307958477,0.013805570823160519,0.01558069247737295,0.0,0.0
0.0692041522491349,0.3321799307958477,0.014221886666733284,0.016156483794906494,0.0,0.0
0.3356401384083045,0.3321799307958477,0.013783400975914406,0.05920685545907858,0.0,0.0
0.3391003460207612,0.3321799307958477,0.013568291612292142,0.0593197401467877,0.0,0.0
0.3425605536332179,0.3321799307958477,0.013324337729597992,0.059441391894290985,0.0,0.0
0.4567474048442906,0.3321799307958477,0.006694094664807623,0.05633012200109447,0.0,0.0
0.4878892733564013,0.3321799307958477,0.004725794153934752,0.0562244053985944,0.0,0.0
0.5882352941176471,0.3321799307958477,-0.001784090164105737,0.05660583807201355,0.0,0.0
0.5986159169550173,0.3321799307958477,-0.002439043943168241,0.05667161017577693,0.0,0.0
0.6124567474048442,0.3321799307958477,-0.0033195789161041926,0.05668207097220034,0.0,0.0
0.6262975778546713,0.3321799307958477,-0.004083514875737203,0.05691744896373433,0.0,0.0
0.0,0.328719723183391,0.008655291894867839,0.0074628714985016005,0.0,0.0
0.0138408304498269,0.328719723183391,0.009593583940060622,0.008779568821902964,0.0,0.0
0.0449826989619377,0.328719723183391,0.011845903334866403,0.012561549685535946,0.0,0.0
0.0484429065743944,0.328719723183391,0.012086304753687284,0.013039031059102018,0.0,0.0
0.0519031141868512,0.328719723183391,0.012466370614870116,0.013569728435937425,0.0,0.0
0.0553633217993079,0.328719723183391,0.012827840825767614,0.014104190356046301,0.0,0.0
0.3425605536332179,0.328719723183391,0.013165172837889053,0.05936428901282516,0.0,0.0
0.3460207612456747,0.328719723183391,0.013049538572704966,0.05942211952652206,0.0,0.0
0.4117647058823529,0.328719723183391,0.009621341597661343,0.05676143265285605,0.0,0.0
0.4325259515570934,0.328719723183391,0.008267088852666502,0.05619225016825488,0.0,0.0
0.5051903114186851,0.328719723183391,0.0035919960390127835,0.05575284476768193,0.0,0.0
0.5467128027681661,0.328719723183391,0.0009148957307362511,0.0558600691432268,0.0,0.0
0.5570934256055363,0.328719723183391,0.00025690318559087834,0.05590429775942317,0.0,0.0
0.6262975778546713,0.328719723183391,-0.004009904304720625,0.05632645949788233,0.0,0.0
0.0,0.3252595155709342,0.008616312408337455,0.007482578178306139,0.0,0.0
0.0380622837370242,0.3252595155709342,0.011188974251633068,0.011747113304801975,0.0,0.0
0.0415224913494809,0.3252595155709342,0.011476877243691529,0.012220103739683295,0.0,0.0
0.0449826989619377,0.3252595155709342,0.01175801038277063,0.012692149733237033,0.0,0.0
0.3460207612456747,0.3252595155709342,0.012839877427876829,0.059354971986523244,0.0,0.0
0.3494809688581315,0.3252595155709342,0.012699015806822726,0.05935204310667203,0.0,0.0
0.3529411764705882,0.3252595155709342,0.012560241155910017,0.05930789611094502,0.0,0.0
0.3771626297577855,0.3252595155709342,0.011560503646666477,0.058036777146313834,0.0,0.0
0.4671280276816609,0.3252595155709342,0.005995638940065285,0.05537036490730873,0.0,0.0
0.5224913494809689,0.3252595155709342,0.002525144537668439,0.05524941686221382,0.0,0.0
0.6262975778546713,0.3252595155709342,-0.003942315943915467,0.05564820791702761,0.0,0.0
0.0,0.3217993079584775,0.008565478839693554,0.007509078150391457,0.0,0.0
0.0311418685121107,0.3217993079584775,0.01059472513337826,0.010956800804351033,0.0,0.0
0.0346020761245674,0.3217993079584775,0.010815184063957851,0.011418263167318587,0.0,0.0
0.0380622837370242,0.3217993079584775,0.011042725241415032,0.011873364243970116,0.0,0.0
0.3529411764705882,0.3217993079584775,0.01232319831020915,0.05924758420931739,0.0,0.0
0.356401384083045,0.3217993079584775,0.012200391343039881,0.059125322091771085,0.0,0.0
0.3944636678200692,0.3217993079584775,0.010482943121950044,0.05679114995657875,0.0,0.0
0.4221453287197231,0.3217993079584775,0.008815184467901643,0.05562215108602193,0.0,0.0
0.4498269896193771,0.3217993079584775,0.007050246389570268,0.05505255098422667,0.0,0.0
0.4809688581314879,0.3217993079584775,0.005146805362487741,0.05480771151085198,0.0,0.0
0.5363321799307958,0.3217993079584775,0.00164641390460089,0.05474296663359161,0.0,0.0
0.5743944636678201,0.3217993079584775,-0.0007550197106484512,0.054905393676405276,0.0,0.0
0.5847750865051903,0.3217993079584775,-0.0013859802280480047,0.05493185890345333,0.0,0.0
0.5986159169550173,0.3217993079584775,-0.002223421474124912,0.05497627160654196,0.0,0.0
0.6262975778546713,0.3217993079584775,-0.0038641805183521932,0.0550311601797497,0.0,0.0
0.0,0.3183391003460207,0.008477554404598724,0.007532964154840836,0.0,0.0
0.0207612456747404,0.3183391003460207,0.0097364644338399,0.009734900726605294,0.0,0.0
0.0242214532871972,0.3183391003460207,0.009963125045442254,0.01018866908615998,0.0,0.0
0.0276816608996539,0.3183391003460207,0.010154292212846996,0.010607410619418717,0.0,0.0
0.0311418685121107,0.3183391003460207,0.010382297358251033,0.011047467260968237,0.0,0.0
0.356401384083045,0.3183391003460207,0.011911911474582204,0.059059674953138824,0.0,0.0
0.3598615916955017,0.3183391003460207,0.011832723954812163,0.0588975732158275,0.0,0.0
0.5501730103806228,0.3183391003460207,0.000818775521987184,0.054325979087809464,0.0,0.0
0.5605536332179931,0.3183391003460207,0.000184111541877973,0.054366649504186564,0.0,0.0
0.6124567474048442,0.3183391003460207,-0.0030411797251368405,0.0544572145726223,0.0,0.0
0.6262975778546713,0.3183391003460207,-0.0038108157771533854,0.05445632073351217,0.0,0.0
0.0,0.314878892733564,0.00836359860889224,0.007565081187901957,0.0,0.0
0.0173010380622837,0.314878892733564,0.009279133376841794,0.009304973554903465,0.0,0.0
0.0207612456747404,0.314878892733564,0.009377504063943415,0.009675727819407466,0.0,0.0
0.3598615916955017,0.314878892733564,0.011551431942124884,0.05880118733479668,0.0,0.0
0.3633217993079585,0.314878892733564,0.011474693727885113,0.0585766980955003,0.0,0.0
0.3840830449826989,0.314878892733564,0.010732934061541423,0.05690884196443921,0.0,0.0
0.4048442906574394,0.314878892733564,0.00960913467057269,0.05555895312120368,0.0,0.0
0.4359861591695502,0.314878892733564,0.0077736586073568715,0.054470473225741715,0.0,0.0
0.4948096885813148,0.314878892733564,0.004170020739548853,0.053908753556496804,0.0,0.0
0.5121107266435986,0.314878892733564,0.003134984376429911,0.05380101398493696,0.0,0.0
0.5259515570934256,0.314878892733564,0.002313294825868675,0.05376095303691936,0.0,0.0
0.6262975778546713,0.314878892733564,-0.003754900934296021,0.05387718975842969,0.0,0.0
0.0,0.3114186851211072,0.00815992706480605,0.007572041783513107,0.0,0.0
0.0103806228373702,0.3114186851211072,0.008526009576257276,0.008457405137541361,0.0,0.0
0.0138408304498269,0.3114186851211072,0.008674206865996096,0.00881513912906566,0.0,0.0
0.0173010380622837,0.3114186851211072,0.008855759363287119,0.009208697379901702,0.0,0.0
0.3633217993079585,0.3114186851211072,0.011188867759290918,0.058470835936740156,0.0,0.0
0.3667820069204152,0.3114186851211072,0.01112285825914127,0.058178005747107235,0.0,0.0
0.4463667820069204,0.3114186851211072,0.007058918298751058,0.05389079966872758,0.0,0.0
0.4671280276816609,0.3114186851211072,0.005804377023829789,0.053575032045698155,0.0,0.0
0.5882352941176471,0.3114186851211072,-0.0014591351104661305,0.05339427764613751,0.0,0.0
0.6020761245674741,0.3114186851211072,-0.0023034573675975627,0.053410464388764574,0.0,0.0
0.6262975778546713,0.3114186851211072,-0.003711318611921196,0.053290292614890315,0.0,0.0
0.0,0.3079584775086505,0.00795658517396304,0.00756064080309139,0.0,0.0
0.0034602076124567,0.3079584775086505,0.008009996742894567,0.007804618943974852,0.0,0.0
0.0069204152249134,0.3079584775086505,0.008098768234511142,0.008085377793269729,0.0,0.0
0.0103806228373702,0.3079584775086505,0.008116799359854066,0.0083665571262378,0.0,0.0
0.3667820069204152,0.3079584775086505,0.010834135346747572,0.058067532350661366,0.0,0.0
0.370242214532872,0.3079584775086505,0.010763232568790712,0.05777337122792255,0.0,0.0
0.4186851211072664,0.3079584775086505,0.008551579144796333,0.05420381748202327,0.0,0.0
0.4809688581314879,0.3079584775086505,0.004950165573713606,0.053050091384782685,0.0,0.0
0.5432525951557093,0.3079584775086505,0.0012748792090012835,0.052792973595173584,0.0,0.0
0.5536332179930796,0.3079584775086505,0.0006721598164793037,0.05280067235390153,0.0,0.0
0.5640138408304498,0.3079584775086505,2.9834212446511957e-05,0.05283493575599986,0.0,0.0
0.5778546712802768,0.3079584775086505,-0.0008044108104173393,0.052864460551483444,0.0,0.0
0.615916955017301,0.3079584775086505,-0.003107385708949857,0.05281782833091078,0.0,0.0
0.6262975778546713,0.3079584775086505,-0.0036693378022249145,0.05275373873081271,0.0,0.0
0.0,0.3044982698961938,0.007687466739920747,0.007531550198161316,0.0,0.0
0.0034602076124567,0.3044982698961938,0.007653504774107174,0.007717434041296239,0.0,0.0
0.370242214532872,0.3044982698961938,0.010459783115175127,0.05767372081129188,0.0,0.0
0.3737024221453287,0.3044982698961938,0.010404811097643511,0.05730287413042897,0.0,0.0
0.3875432525951557,0.3044982698961938,0.009962529529533876,0.05589637442470197,0.0,0.0
0.3979238754325259,0.3044982698961938,0.009500166820552304,0.054949281253993225,0.0,0.0
0.4567474048442906,0.3044982698961938,0.006266562169585735,0.05289542450282774,0.0,0.0
0.4913494809688581,0.3044982698961938,0.00427500885553009,0.05253530180158385,0.0,0.0
0.532871972318339,0.3044982698961938,0.001873722881167662,0.05231943981040779,0.0,0.0
0.6262975778546713,0.3044982698961938,-0.003641573973684665,0.05221242710678046,0.0,0.0
0.3737024221453287,0.301038062283737,0.01013696542913747,0.057128305242859966,0.0,0.0
0.3771626297577855,0.301038062283737,0.010082182726217397,0.056743643186357676,0.0,0.0
0.4083044982698962,0.301038062283737,0.008822844426951502,0.053930889029194996,0.0,0.0
0.4671280276816609,0.301038062283737,0.005598972143170506,0.05232348876418379,0.0,0.0
0.5051903114186851,0.301038062283737,0.0034301810758263435,0.05196767033736688,0.0,0.0
0.5190311418685121,0.301038062283737,0.002676871722879046,0.05188417599721085,0.0,0.0
0.5951557093425606,0.301038062283737,-0.0017585259194106526,0.05185552324732978,0.0,0.0
0.6055363321799307,0.301038062283737,-0.0023972569850242023,0.05179701178400031,0.0,0.0
0.6262975778546713,0.301038062283737,-0.003606871249133927,0.05168616203454196,0.0,0.0
0.3771626297577855,0.2975778546712803,0.00983416558258362,0.05655373227805066,0.0,0.0
0.4359861591695502,0.2975778546712803,0.007232670028189479,0.05241795839052436,0.0,0.0
0.5467128027681661,0.2975778546712803,0.0010561764986860562,0.05136854823631574,0.0,0.0
0.5709342560553633,0.2975778546712803,-0.00030594646205526685,0.051316609706911036,0.0,0.0
0.5847750865051903,0.2975778546712803,-0.0011265043434890093,0.051352949048891226,0.0,0.0
0.6262975778546713,0.2975778546712803,-0.0035790717577824627,0.05115383875739758,0.0,0.0
0.3771626297577855,0.2941176470588235,0.00960223176075399,0.05635244037178096,0.0,0.0
0.3806228373702422,0.2941176470588235,0.00954671094022504,0.05591467286298289,0.0,0.0
0.3944636678200692,0.2941176470588235,0.009088648049028937,0.05435448657093485,0.0,0.0
0.4221453287197231,0.2941176470588235,0.007801261750466691,0.05254179467733728,0.0,0.0
0.4498269896193771,0.2941176470588235,0.006388717579379442,0.05177457354996525,0.0,0.0
0.5294117647058824,0.2941176470588235,0.0020458801221109593,0.050922330785743014,0.0,0.0
0.6262975778546713,0.2941176470588235,-0.0035357228667214366,0.05059871493332047,0.0,0.0
0.3806228373702422,0.2906574394463668,0.009355609909985069,0.05562711660401873,0.0,0.0
0.4705882352941176,0.2906574394463668,0.00517847411248051,0.05101998844322789,0.0,0.0
0.4878892733564013,0.2906574394463668,0.004270117989416698,0.050784170136780944,0.0,0.0
0.5017301038062284,0.2906574394463668,0.0035203182449067647,0.05067023404852072,0.0,0.0
0.5605536332179931,0.2906574394463668,0.0002786007933812226,0.0503774125610617,0.0,0.0
0.5951557093425606,0.2906574394463668,-0.0017164729279000462,0.050334949130185075,0.0,0.0
0.6124567474048442,0.2906574394463668,-0.002766522735239347,0.05019484536207882,0.0,0.0
0.6262975778546713,0.2906574394463668,-0.0035037386141595133,0.05006601638937282,0.0,0.0
0.3806228373702422,0.28719723183391,0.009167705130235543,0.055314698752353016,0.0,0.0
0.3840830449826989,0.28719723183391,0.009092840817526822,0.054903726158721744,0.0,0.0
0.4083044982698962,0.28719723183391,0.008106731397097836,0.0525814131077787,0.0,0.0
0.4602076124567474,0.28719723183391,0.005663732521633116,0.05077100291627382,0.0,0.0
0.5190311418685121,0.28719723183391,0.002558797026180504,0.050071126463370766,0.0,0.0
0.5501730103806228,0.28719723183391,0.0008600917760347647,0.04990025341337977,0.0,0.0
0.5743944636678201,0.28719723183391,-0.0004905004970009077,0.04984747605970411,0.0,0.0
0.5847750865051903,0.28719723183391,-0.0011033149369244755,0.049823621645753005,0.0,0.0
0.6262975778546713,0.28719723183391,-0.0034765383417369607,0.04953626587553288,0.0,0.0
0.3840830449826989,0.2837370242214533,0.008923664220339595,0.05458526335717217,0.0,0.0
0.3979238754325259,0.2837370242214533,0.008412193055302077,0.05306519777836656,0.0,0.0
0.4186851211072664,0.2837370242214533,0.007531482675290687,0.051625880580897225,0.0,0.0
0.4359861591695502,0.2837370242214533,0.006738327440227555,0.05092504472858873,0.0,0.0
0.6262975778546713,0.2837370242214533,-0.003464037842406131,0.048986142976006196,0.0,0.0
0.3840830449826989,0.2802768166089965,0.008738817487064364,0.05422961707390534,0.0,0.0
0.3875432525951557,0.2802768166089965,0.00864460706495123,0.0538056225338979,0.0,0.0
0.4498269896193771,0.2802768166089965,0.005999355453950068,0.050176034946055145,0.0,0.0
0.4913494809688581,0.2802768166089965,0.003929396894758887,0.04943511998218328,0.0,0.0
0.5363321799307958,0.2802768166089965,0.0015837425771662251,0.04906791861768563,0.0,0.0
0.6020761245674741,0.2802768166089965,-0.002147358498755843,0.04876635437616123,0.0,0.0
0.6262975778546713,0.2802768166089965,-0.0034511297565328544,0.04846291544414914,0.0,0.0
0.3875432525951557,0.2768166089965398,0.008516743052782624,0.053386407444167866,0.0,0.0
0.4636678200692041,0.2768166089965398,0.0052399907528184065,0.049445512484075485,0.0,0.0
0.5017301038062284,0.2768166089965398,0.003337654296731826,0.04895223384846334,0.0,0.0
0.5674740484429066,0.2768166089965398,-0.00012608456422765412,0.04842278674491583,0.0,0.0
0.5813148788927336,0.2768166089965398,-0.0009421032328058154,0.04837572487450699,0.0,0.0
0.6124567474048442,0.2768166089965398,-0.002737623030922779,0.04813652390641567,0.0,0.0
0.6262975778546713,0.2768166089965398,-0.0034360667231622378,0.04796227603067784,0.0,0.0
0.3875432525951557,0.273356401384083,0.00844050183562838,0.05292344799462161,0.0,0.0
0.4048442906574394,0.273356401384083,0.007691190687273012,0.051308627774095575,0.0,0.0
0.4256055363321799,0.273356401384083,0.006833886486732398,0.0501935907771704,0.0,0.0
0.4775086505190311,0.273356401384083,0.004472665078382154,0.04885311852453375,0.0,0.0
0.5536332179930796,0.273356401384083,0.0005887010250933362,0.04805270240905772,0.0,0.0
0.6262975778546713,0.273356401384083,-0.0034241794937617323,0.0474534716999326,0.0,0.0
0.3875432525951557,0.2698961937716263,0.008340190449630096,0.05238918018997954,0.0,0.0
0.3910034602076124,0.2698961937716263,0.00820378881351012,0.052065802782490685,0.0,0.0
0.4152249134948096,0.2698961937716263,0.007150192570386174,0.05030399321376987,0.0,0.0
0.4878892733564013,0.2698961937716263,0.003927827609048732,0.048273919643810316,0.0,0.0
0.5190311418685121,0.2698961937716263,0.00237783361780751,0.04785960473308624,0.0,0.0
0.5294117647058824,0.2698961937716263,0.001852541889287479,0.04775906827197147,0.0,0.0
0.5951557093425606,0.2698961937716263,-0.0017487623710293588,0.047324081683093835,0.0,0.0
0.6262975778546713,0.2698961937716263,-0.0034070744083697776,0.046935589258940626,0.0,0.0
0.629757785467128,0.2698961937716263,-0.0035467952342794155,0.046917380000970996,0.0,0.0
0.3910034602076124,0.2664359861591695,0.008116286480623812,0.051454452566153275,0.0,0.0
0.4429065743944637,0.2664359861591695,0.005912209007009603,0.048770500588394605,0.0,0.0
0.5051903114186851,0.2664359861591695,0.003031253622616387,0.047596203778821435,0.0,0.0
0.5397923875432526,0.2664359861591695,0.0012682543067687063,0.047222909903293475,0.0,0.0
0.629757785467128,0.2664359861591695,-0.0035457459018783262,0.046267123563782236,0.0,0.0
0.3910034602076124,0.2629757785467128,0.008044775732213521,0.05095820058278054,0.0,0.0
0.4013840830449827,0.2629757785467128,0.007590208875163569,0.05022867010827806,0.0,0.0
0.4602076124567474,0.2629757785467128,0.005073466997357119,0.047878198968806185,0.0,0.0
0.4740484429065744,0.2629757785467128,0.004440088903326724,0.0476159705545527,0.0,0.0
0.5501730103806228,0.2629757785467128,0.0006965585249727663,0.04672624320814916,0.0,0.0
0.5847750865051903,0.2629757785467128,-0.0011590859564769064,0.046425982292804,0.0,0.0
0.6124567474048442,0.2629757785467128,-0.002713927364779475,0.046149847760710495,0.0,0.0
0.629757785467128,0.2629757785467128,-0.003549269820533954,0.04574573557182438,0.0,0.0
0.3910034602076124,0.259515570934256,0.00800660535594414,0.05042152836662691,0.0,0.0
0.4221453287197231,0.259515570934256,0.006565509821712896,0.04873275800404455,0.0,0.0
0.4913494809688581,0.259515570934256,0.0035946302236716152,0.046976023068422905,0.0,0.0
0.5224913494809689,0.259515570934256,0.0020806296795534223,0.046545717353824484,0.0,0.0
0.5674740484429066,0.259515570934256,-0.00024401843066800439,0.04609388011501914,0.0,0.0
0.629757785467128,0.259515570934256,-0.00354798675325291,0.04517847110663809,0.0,0.0
0.3910034602076124,0.2560553633217993,0.0079759116997602,0.04983760681084717,0.0,0.0
0.4117647058823529,0.2560553633217993,0.006967652227462368,0.04874001931168237,0.0,0.0
0.4325259515570934,0.2560553633217993,0.006097929888232029,0.047921164651934814,0.0,0.0
0.4463667820069204,0.2560553633217993,0.005527326477616999,0.047445683851428125,0.0,0.0
0.532871972318339,0.2560553633217993,0.0015138069910490882,0.04597602099556367,0.0,0.0
0.5986159169550173,0.2560553633217993,-0.0019851873583786924,0.045365517843627065,0.0,0.0
0.629757785467128,0.2560553633217993,-0.003552970292063129,0.04465809160013235,0.0,0.0
0.3910034602076124,0.2525951557093425,0.007948379206423686,0.04924499372850474,0.0,0.0
0.4013840830449827,0.2525951557093425,0.0074537595555831185,0.04875057406015995,0.0,0.0
0.4636678200692041,0.2525951557093425,0.0047032647950049356,0.04663948055395893,0.0,0.0
0.5086505190311419,0.2525951557093425,0.0026583126048129735,0.04588397214786365,0.0,0.0
0.629757785467128,0.2525951557093425,-0.003561868824523387,0.044196268520673425,0.0,0.0
0.3910034602076124,0.2491349480968858,0.007916870873518797,0.04868181596880722,0.0,0.0
0.4221453287197231,0.2491349480968858,0.0063956692518343395,0.04744534604346228,0.0,0.0
0.4740484429065744,0.2491349480968858,0.004218080673379087,0.04597559438894917,0.0,0.0
0.5190311418685121,0.2491349480968858,0.002093460599033683,0.045318484767538914,0.0,0.0
0.5501730103806228,0.2491349480968858,0.0005365934114606693,0.04496164252531949,0.0,0.0
0.5640138408304498,0.2491349480968858,-0.00013586530914494796,0.04479713097531514,0.0,0.0
0.6124567474048442,0.2491349480968858,-0.0027516415272824295,0.04418207685951399,0.0,0.0
0.629757785467128,0.2491349480968858,-0.0035700657672394585,0.04369798971338367,0.0,0.0
0.3910034602076124,0.245674740484429,0.007868152153224377,0.04809290348281699,0.0,0.0
0.4498269896193771,0.245674740484429,0.005193203047336558,0.0461454212795824,0.0,0.0
0.5363321799307958,0.245674740484429,0.001208418739199457,0.04464518570911803,0.0,0.0
0.5813148788927336,0.245674740484429,-0.0010460342347939592,0.04415605501516461,0.0,0.0
0.629757785467128,0.245674740484429,-0.003568342525444351,0.043246645633172175,0.0,0.0
0.3910034602076124,0.2422145328719723,0.007841360872853392,0.04742694706097528,0.0,0.0
0.4083044982698962,0.2422145328719723,0.0070101758486644655,0.047013628463223586,0.0,0.0
0.4359861591695502,0.2422145328719723,0.005730110544823303,0.04618016244659126,0.0,0.0
0.4913494809688581,0.2422145328719723,0.0033320417970078924,0.04489429995500738,0.0,0.0
0.5051903114186851,0.2422145328719723,0.0026686144143341123,0.04466725587851842,0.0,0.0
0.5951557093425606,0.2422145328719723,-0.001853457246222333,0.04352775340641708,0.0,0.0
0.629757785467128,0.2422145328719723,-0.0035976074924112806,0.042807207750401144,0.0,0.0
0.3910034602076124,0.2387543252595155,0.007832188162358651,0.0468846590864823,0.0,0.0
0.4221453287197231,0.2387543252595155,0.0062943308292303,0.04613146995337554,0.0,0.0
0.4775086505190311,0.2387543252595155,0.0038718267044841512,0.044759396270206274,0.0,0.0
0.5224913494809689,0.2387543252595155,0.0017903466394559458,0.043957446812637246,0.0,0.0
0.5536332179930796,0.2387543252595155,0.00028655244703030636,0.04358081239102195,0.0,0.0
0.6193771626297578,0.2387543252595155,-0.0031413391072416027,0.04262266819784481,0.0,0.0
0.629757785467128,0.2387543252595155,-0.0036022118330194313,0.04235519726747028,0.0,0.0
0.3910034602076124,0.2352941176470588,0.007833676924501909,0.04642551401746915,0.0,0.0
0.4636678200692041,0.2352941176470588,0.004423084674869012,0.04465425376195288,0.0,0.0
0.5640138408304498,0.2352941176470588,-0.0002474709461900042,0.04301395899903779,0.0,0.0
0.6089965397923875,0.2352941176470588,-0.0026046777553372733,0.04237797403015053,0.0,0.0
0.629757785467128,0.2352941176470588,-0.003622984575461868,0.04186948479649802,0.0,0.0
0.3910034602076124,0.231833910034602,0.007796077403993345,0.045844280535399906,0.0,0.0
0.3944636678200692,0.231833910034602,0.007669918818597519,0.045862580484116136,0.0,0.0
0.4117647058823529,0.231833910034602,0.006765401448765324,0.045479085795529166,0.0,0.0
0.4498269896193771,0.231833910034602,0.00498839504451189,0.04452894213050561,0.0,0.0
0.4948096885813148,0.231833910034602,0.003010871515093095,0.043600539043815514,0.0,0.0
0.5397923875432526,0.231833910034602,0.0008763513584252077,0.042899027308453234,0.0,0.0
0.5778546712802768,0.231833910034602,-0.0009879865233360051,0.04238399933873749,0.0,0.0
0.5986159169550173,0.231833910034602,-0.002079661556858588,0.04210522520520467,0.0,0.0
0.629757785467128,0.231833910034602,-0.003626452821235875,0.04139549237393916,0.0,0.0
0.3944636678200692,0.2283737024221453,0.007663481193990099,0.0453533776197509,0.0,0.0
0.4256055363321799,0.2283737024221453,0.006056306979027726,0.0446963647769155,0.0,0.0
0.4394463667820069,0.2283737024221453,0.005447997878292161,0.04434146883120452,0.0,0.0
0.5051903114186851,0.2283737024221453,0.00248837897036349,0.04302420048432171,0.0,0.0
0.5501730103806228,0.2283737024221453,0.0003661660415355952,0.04229387969559877,0.0,0.0
0.629757785467128,0.2283737024221453,-0.003629415487290917,0.04094673418682344,0.0,0.0
0.3944636678200692,0.2249134948096885,0.007645256181976845,0.04487746415841927,0.0,0.0
0.4671280276816609,0.2249134948096885,0.00413481096212092,0.043382474827770585,0.0,0.0
0.4809688581314879,0.2249134948096885,0.0035237711891656495,0.04308744479354408,0.0,0.0
0.5882352941176471,0.2249134948096885,-0.0015978027588049305,0.04137928690536892,0.0,0.0
0.615916955017301,0.2249134948096885,-0.0029853045353055254,0.04084018616123199,0.0,0.0
0.629757785467128,0.2249134948096885,-0.003621476534803271,0.040484815822912266,0.0,0.0
0.3944636678200692,0.2214532871972318,0.007639247916481365,0.04438814914652954,0.0,0.0
0.4048442906574394,0.2214532871972318,0.0070878736013137425,0.04426905277233272,0.0,0.0
0.4152249134948096,0.2214532871972318,0.006530750968598719,0.04405470573495783,0.0,0.0
0.5224913494809689,0.2214532871972318,0.0015962310970721065,0.04190588412470403,0.0,0.0
0.532871972318339,0.2214532871972318,0.00108414720202299,0.041739818347939356,0.0,0.0
0.5709342560553633,0.2214532871972318,-0.0007164367288998278,0.04119243532395468,0.0,0.0
0.629757785467128,0.2214532871972318,-0.003640570519630612,0.04000084367630126,0.0,0.0
0.3944636678200692,0.2179930795847751,0.0076253479442563565,0.04389436398876651,0.0,0.0
0.4429065743944637,0.2179930795847751,0.005198829101751076,0.04302376494232147,0.0,0.0
0.4567474048442906,0.2179930795847751,0.00450111733712923,0.042774710289588035,0.0,0.0
0.5086505190311419,0.2179930795847751,0.0021623285489602855,0.04175536324786127,0.0,0.0
0.5536332179930796,0.2179930795847751,8.33322312469845e-05,0.04102556175621912,0.0,0.0
0.6055363321799307,0.2179930795847751,-0.00252740991767558,0.04014635694209245,0.0,0.0
0.629757785467128,0.2179930795847751,-0.003649966089684873,0.03954735330258074,0.0,0.0
0.3944636678200692,0.2145328719723183,0.0076008710586288036,0.04341128908500315,0.0,0.0
0.4948096885813148,0.2145328719723183,0.0027579218212422946,0.04161587538520231,0.0,0.0
0.5813148788927336,0.2145328719723183,-0.0013062227973638589,0.040190482088648775,0.0,0.0
0.629757785467128,0.2145328719723183,-0.0036533470000042144,0.03907400645180077,0.0,0.0
0.3944636678200692,0.2110726643598615,0.007580324016107609,0.04294225244359261,0.0,0.0
0.4325259515570934,0.2110726643598615,0.005625471303025757,0.04233395702865698,0.0,0.0
0.4809688581314879,0.2110726643598615,0.0033718519020014123,0.041454865599281625,0.0,0.0
0.5363321799307958,0.2110726643598615,0.0007928944010858495,0.04042856421540006,0.0,0.0
0.5640138408304498,0.2110726643598615,-0.00045815146824953134,0.0400247902961846,0.0,0.0
0.5916955017301038,0.2110726643598615,-0.0019021273504183074,0.03956696145973265,0.0,0.0
0.629757785467128,0.2110726643598615,-0.0036681069970257597,0.03864236968944057,0.0,0.0
0.6332179930795848,0.2110726643598615,-0.0038040504304621974,0.03853354828541973,0.0,0.0
0.3944636678200692,0.2076124567474048,0.00755613870931539,0.0424867074393711,0.0,0.0
0.4117647058823529,0.2076124567474048,0.006623196045207936,0.04234537206997019,0.0,0.0
0.4463667820069204,0.2076124567474048,0.004907183952520065,0.041696329405934596,0.0,0.0
0.4705882352941176,0.2076124567474048,0.003790663626265154,0.04123197100005177,0.0,0.0
0.615916955017301,0.2076124567474048,-0.0030529913066386733,0.03857698998962156,0.0,0.0
0.6332179930795848,0.2076124567474048,-0.003835995382719456,0.03805318605096574,0.0,0.0
0.3944636678200692,0.2041522491349481,0.007541327244796377,0.042000457460477064,0.0,0.0
0.4221453287197231,0.2041522491349481,0.006102324676591295,0.041698356834026215,0.0,0.0
0.4982698961937716,0.2041522491349481,0.002464995512927944,0.040268782264785544,0.0,0.0
0.5121107266435986,0.2041522491349481,0.0018055607899880718,0.039971674671126674,0.0,0.0
0.5259515570934256,0.2041522491349481,0.001189417091800502,0.0397416333028776,0.0,0.0
0.5467128027681661,0.2041522491349481,0.00026586808530904915,0.039444318006576336,0.0,0.0
0.5778546712802768,0.2041522491349481,-0.0012192815559396695,0.038953608407957294,0.0,0.0
0.6332179930795848,0.2041522491349481,-0.003824380920077126,0.037495108850883835,0.0,0.0
0.3944636678200692,0.2006920415224913,0.007508769146600905,0.04150479228751769,0.0,0.0
0.4359861591695502,0.2006920415224913,0.005399645880042458,0.0410013151289199,0.0,0.0
0.4567474048442906,0.2006920415224913,0.004358747340197551,0.040599749463577264,0.0,0.0
0.4878892733564013,0.2006920415224913,0.002895207630601062,0.040057663861802595,0.0,0.0
0.5674740484429066,0.2006920415224913,-0.0007691398741159036,0.03871074326944368,0.0,0.0
0.6020761245674741,0.2006920415224913,-0.0024966479916185016,0.038037869685453994,0.0,0.0
0.6332179930795848,0.2006920415224913,-0.003865615474234302,0.03708524351147607,0.0,0.0
0.3944636678200692,0.1972318339100346,0.007473481880054273,0.04105507062844102,0.0,0.0
0.4083044982698962,0.1972318339100346,0.006741293516091775,0.041018005871849825,0.0,0.0
0.5570934256055363,0.1972318339100346,-0.000297068021306621,0.038464441217040735,0.0,0.0
0.6332179930795848,0.1972318339100346,-0.003901062849941575,0.03669265012656802,0.0,0.0
0.3944636678200692,0.1937716262975778,0.007466640131297778,0.040600057044979244,0.0,0.0
0.4186851211072664,0.1937716262975778,0.006213146291007709,0.04041657175929464,0.0,0.0
0.4463667820069204,0.1937716262975778,0.004804430286035198,0.03994775861711704,0.0,0.0
0.5017301038062284,0.1937716262975778,0.002151111520222161,0.03893039882351011,0.0,0.0
0.5432525951557093,0.1937716262975778,0.0003223222021634462,0.03824482501572484,0.0,0.0
0.5882352941176471,0.1937716262975778,-0.001862645676418923,0.03749901326090699,0.0,0.0
0.615916955017301,0.1937716262975778,-0.003143709165636547,0.03680145749036529,0.0,0.0
0.6332179930795848,0.1937716262975778,-0.0039131588075810245,0.03627008537676275,0.0,0.0
0.3944636678200692,0.1903114186851211,0.007451404492394382,0.040156999757867455,0.0,0.0
0.4325259515570934,0.1903114186851211,0.005510127974018321,0.03975232841060785,0.0,0.0
0.4567474048442906,0.1903114186851211,0.004262070759860973,0.03937033796499907,0.0,0.0
0.4671280276816609,0.1903114186851211,0.0037757582810803714,0.03916199306499492,0.0,0.0
0.4809688581314879,0.1903114186851211,0.0031058049565320864,0.03887964092654104,0.0,0.0
0.5155709342560554,0.1903114186851211,0.0014835637591280224,0.03830212145639722,0.0,0.0
0.532871972318339,0.1903114186851211,0.0007486398672093587,0.0379931796182039,0.0,0.0
0.6332179930795848,0.1903114186851211,-0.003937142193176184,0.03582243901695695,0.0,0.0
0.3944636678200692,0.1868512110726643,0.00742308733995544,0.03970789363757087,0.0,0.0
0.5743944636678201,0.1868512110726643,-0.0012470399548804903,0.036926366449313325,0.0,0.0
0.5986159169550173,0.1868512110726643,-0.002414414380190244,0.03640282610071169,0.0,0.0
0.6332179930795848,0.1868512110726643,-0.003961091789564973,0.0353637732639476,0.0,0.0
0.3944636678200692,0.1833910034602076,0.007395646577262598,0.0392576049945427,0.0,0.0
0.4221453287197231,0.1833910034602076,0.00598622756399525,0.039018053362366245,0.0,0.0
0.4429065743944637,0.1833910034602076,0.004887296775128342,0.03872485024768365,0.0,0.0
0.4948096885813148,0.1833910034602076,0.0023516881775457283,0.03785778981500462,0.0,0.0
0.5605536332179931,0.1833910034602076,-0.00057025657743562,0.03664962771797585,0.0,0.0
0.6228373702422145,0.1833910034602076,-0.003567087397972184,0.03530487385283021,0.0,0.0
0.6332179930795848,0.1833910034602076,-0.0039844703432401225,0.03495589523081453,0.0,0.0
0.3944636678200692,0.1799307958477508,0.007362349938757704,0.038816538754532906,0.0,0.0
0.4117647058823529,0.1799307958477508,0.0064643164413472525,0.038660118537046456,0.0,0.0
0.4532871972318339,0.1799307958477508,0.004317338582776884,0.03818262864197243,0.0,0.0
0.4636678200692041,0.1799307958477508,0.0038258992244041045,0.03799476623585179,0.0,0.0
0.4740484429065744,0.1799307958477508,0.003315098710406062,0.037800370712739104,0.0,0.0
0.532871972318339,0.1799307958477508,0.0006634961177655777,0.03675409319407007,0.0,0.0
0.5467128027681661,0.1799307958477508,4.8177434522804724e-05,0.036497844642010974,0.0,0.0
0.6124567474048442,0.1799307958477508,-0.0031242092122000186,0.03518996269538201,0.0,0.0
0.6332179930795848,0.1799307958477508,-0.004025885724130879,0.03460637418953518,0.0,0.0
0.3944636678200692,0.1764705882352941,0.0073200972267728585,0.03833379213826251,0.0,0.0
0.4844290657439446,0.1764705882352941,0.0027711034794073754,0.0372230750144076,0.0,0.0
0.5051903114186851,0.1764705882352941,0.001814378159191562,0.03684819066280983,0.0,0.0
0.5224913494809689,0.1764705882352941,0.001065175383542579,0.03654974371067808,0.0,0.0
0.5916955017301038,0.1764705882352941,-0.0021165380394895356,0.035232366618376976,0.0,0.0
0.6332179930795848,0.1764705882352941,-0.004026896636319907,0.034054738680727246,0.0,0.0
0.3944636678200692,0.1730103806228373,0.0072826975832109946,0.03790150587787826,0.0,0.0
0.4221453287197231,0.1730103806228373,0.0058754544293521185,0.03766054175537574,0.0,0.0
0.4325259515570934,0.1730103806228373,0.005394199540474231,0.03753657621262208,0.0,0.0
0.5778546712802768,0.1730103806228373,-0.0014776285236749837,0.03513457669418063,0.0,0.0
0.6020761245674741,0.1730103806228373,-0.002656519227758514,0.03462088542135023,0.0,0.0
0.6332179930795848,0.1730103806228373,-0.0040360753530208375,0.033610507871032605,0.0,0.0
0.3944636678200692,0.1695501730103806,0.007232943096459177,0.03743567395928105,0.0,0.0
0.4048442906574394,0.1695501730103806,0.006716618239595519,0.037371382378104986,0.0,0.0
0.4463667820069204,0.1695501730103806,0.004579150694315377,0.03696326954190572,0.0,0.0
0.4705882352941176,0.1695501730103806,0.003398993214597124,0.0365582065292166,0.0,0.0
0.5640138408304498,0.1695501730103806,-0.0008567318544207867,0.0349713981565457,0.0,0.0
0.6193771626297578,0.1695501730103806,-0.0035013903452172845,0.03374586578082619,0.0,0.0
0.6332179930795848,0.1695501730103806,-0.004065746007045,0.03322571491332754,0.0,0.0
0.3944636678200692,0.1660899653979238,0.007189661650313633,0.036963155012661224,0.0,0.0
0.4809688581314879,0.1660899653979238,0.0028448602262663818,0.03599239652121084,0.0,0.0
0.4948096885813148,0.1660899653979238,0.0022216580629958625,0.03576027264033187,0.0,0.0
0.5051903114186851,0.1660899653979238,0.0017676948606627188,0.03561520551870657,0.0,0.0
0.5155709342560554,0.1660899653979238,0.001298043989862022,0.035456417399452586,0.0,0.0
0.5259515570934256,0.1660899653979238,0.0008544076202026806,0.03525274554605601,0.0,0.0
0.5363321799307958,0.1660899653979238,0.0003671316671687357,0.035050195327648484,0.0,0.0
0.5501730103806228,0.1660899653979238,-0.00023160684682264746,0.03477549182791124,0.0,0.0
0.6332179930795848,0.1660899653979238,-0.00408655944097529,0.03279917443139666,0.0,0.0
0.6366782006920415,0.1660899653979238,-0.004200752018480282,0.03259043700850353,0.0,0.0
0.3944636678200692,0.1626297577854671,0.007135280442423257,0.03650116141501249,0.0,0.0
0.4152249134948096,0.1626297577854671,0.006081036364250105,0.036343055236270905,0.0,0.0
0.4290657439446367,0.1626297577854671,0.0053971983073918695,0.03624105370522223,0.0,0.0
0.4567474048442906,0.1626297577854671,0.004011067453264412,0.03591052230108037,0.0,0.0
0.5951557093425606,0.1626297577854671,-0.0023698051607075037,0.03354066136958485,0.0,0.0
0.6089965397923875,0.1626297577854671,-0.003052542274144981,0.03320507416400263,0.0,0.0
0.6366782006920415,0.1626297577854671,-0.0042358236341258635,0.03222726752843256,0.0,0.0
0.3944636678200692,0.1591695501730103,0.007085240234919424,0.03608380510371502,0.0,0.0
0.4048442906574394,0.1591695501730103,0.006586872000518322,0.035982376729263056,0.0,0.0
0.5813148788927336,0.1591695501730103,-0.0016992278587329177,0.03344050817954167,0.0,0.0
0.6366782006920415,0.1591695501730103,-0.004254497459019433,0.03177160010093585,0.0,0.0
0.3944636678200692,0.1557093425605536,0.007040648979848868,0.03563953305710392,0.0,0.0
0.4394463667820069,0.1557093425605536,0.004776890719939017,0.03528117443220928,0.0,0.0
0.4705882352941176,0.1557093425605536,0.0032902718969349196,0.03485048922853489,0.0,0.0
0.4844290657439446,0.1557093425605536,0.0026101173381194447,0.034659334081444344,0.0,0.0
0.5086505190311419,0.1557093425605536,0.001531480843928039,0.03432967388140891,0.0,0.0
0.6228373702422145,0.1557093425605536,-0.0037028032611159806,0.031929925494391734,0.0,0.0
0.6366782006920415,0.1557093425605536,-0.00425048238853246,0.03133307870288752,0.0,0.0
0.3944636678200692,0.1522491349480969,0.006992229456384331,0.03518381066054353,0.0,0.0
0.4948096885813148,0.1522491349480969,0.002119242689603344,0.03409684540369654,0.0,0.0
0.5259515570934256,0.1522491349480969,0.00075945697980916,0.033552936725661085,0.0,0.0
0.5397923875432526,0.1522491349480969,0.00012841933561954212,0.03328985944610337,0.0,0.0
0.5570934256055363,0.1522491349480969,-0.0006281302039102719,0.033012997317182956,0.0,0.0
0.5709342560553633,0.1522491349480969,-0.0012700341085038784,0.032771600150862404,0.0,0.0
0.6366782006920415,0.1522491349480969,-0.00427658305951565,0.031001371928302587,0.0,0.0
0.3944636678200692,0.1487889273356401,0.0069418129272521304,0.03476569164807432,0.0,0.0
0.4083044982698962,0.1487889273356401,0.006263164415739635,0.034634767572724975,0.0,0.0
0.4532871972318339,0.1487889273356401,0.00400137861706991,0.03421717456083459,0.0,0.0
0.6366782006920415,0.1487889273356401,-0.004309058342664425,0.030538953247874343,0.0,0.0
0.3944636678200692,0.1453287197231834,0.0068965274646702445,0.03430063337685615,0.0,0.0
0.4256055363321799,0.1453287197231834,0.00534163615346409,0.034054321856439994,0.0,0.0
0.5121107266435986,0.1453287197231834,0.0013051568652534353,0.03300820573515997,0.0,0.0
0.5882352941176471,0.1453287197231834,-0.0020878361234442835,0.03163305417906758,0.0,0.0
0.6055363321799307,0.1453287197231834,-0.00291080288843032,0.03123846693195841,0.0,0.0
0.6366782006920415,0.1453287197231834,-0.0043133821304726944,0.030148821357430446,0.0,0.0
0.3944636678200692,0.1418685121107266,0.006862105360818934,0.03388183388252455,0.0,0.0
0.4429065743944637,0.1418685121107266,0.004400545095740712,0.03344499819482949,0.0,0.0
0.4705882352941176,0.1418685121107266,0.0031470628329373033,0.03311561148492743,0.0,0.0
0.4844290657439446,0.1418685121107266,0.0024925026285070816,0.03296198551754989,0.0,0.0
0.4982698961937716,0.1418685121107266,0.0018797666999846693,0.03281858578118693,0.0,0.0
0.6366782006920415,0.1418685121107266,-0.0043222569450183995,0.02981286419813207,0.0,0.0
0.3944636678200692,0.1384083044982699,0.006823340861134931,0.033413307696724175,0.0,0.0
0.5294117647058824,0.1384083044982699,0.000525505725873425,0.03184733559233159,0.0,0.0
0.5432525951557093,0.1384083044982699,-8.794376596770294e-05,0.03160014083876741,0.0,0.0
0.5570934256055363,0.1384083044982699,-0.0006726298810407626,0.03135789223675703,0.0,0.0
0.5743944636678201,0.1384083044982699,-0.0014609669866031318,0.031059178189505744,0.0,0.0
0.6193771626297578,0.1384083044982699,-0.0035664363421486034,0.029996856497947214,0.0,0.0
0.6366782006920415,0.1384083044982699,-0.004334512708463418,0.029436446823541896,0.0,0.0
0.3944636678200692,0.1349480968858131,0.006781705060806644,0.03294200201553773,0.0,0.0
0.4117647058823529,0.1349480968858131,0.005888790244080331,0.032841176501960084,0.0,0.0
0.4221453287197231,0.1349480968858131,0.0053640580397273695,0.032770670410618624,0.0,0.0
0.4532871972318339,0.1349480968858131,0.0038303107623988307,0.032475857449430705,0.0,0.0
0.5155709342560554,0.1349480968858131,0.0011018615305706742,0.03167837796009135,0.0,0.0
0.5847750865051903,0.1349480968858131,-0.0019490878509246382,0.030418953406486128,0.0,0.0
0.5986159169550173,0.1349480968858131,-0.0026062136737012745,0.030139009337049126,0.0,0.0
0.6366782006920415,0.1349480968858131,-0.004330929405471358,0.029039240281136768,0.0,0.0
0.3944636678200692,0.1314878892733564,0.006739434129107319,0.0324981341497174,0.0,0.0
0.4359861591695502,0.1314878892733564,0.004616227930464931,0.03218685656191634,0.0,0.0
0.4775086505190311,0.1314878892733564,0.002709366877971267,0.03178311514670991,0.0,0.0
0.5017301038062284,0.1314878892733564,0.001651159298595371,0.031516825524884315,0.0,0.0
0.6089965397923875,0.1314878892733564,-0.0030964673795510584,0.029468509260328124,0.0,0.0
0.6366782006920415,0.1314878892733564,-0.0043297812369117415,0.028615041235319005,0.0,0.0
0.3944636678200692,0.1280276816608996,0.006701161881688334,0.03204114431898602,0.0,0.0
0.4878892733564013,0.1280276816608996,0.0022139436471867785,0.031227573627611496,0.0,0.0
0.6228373702422145,0.1280276816608996,-0.0036985142590357997,0.028655109005004384,0.0,0.0
0.6366782006920415,0.1280276816608996,-0.004314338207332701,0.028160550522232323,0.0,0.0
0.3944636678200692,0.1245674740484429,0.006667931155183185,0.03160666473557733,0.0,0.0
0.4083044982698962,0.1245674740484429,0.00592385184741999,0.0315370290641611,0.0,0.0
0.4463667820069204,0.1245674740484429,0.004023318166875711,0.03120587776116571,0.0,0.0
0.4567474048442906,0.1245674740484429,0.0035486499985219458,0.031119346132906015,0.0,0.0
0.4671280276816609,0.1245674740484429,0.0030734559159854044,0.031028172499174354,0.0,0.0
0.5190311418685121,0.1245674740484429,0.0008633815326700074,0.030347876069339003,0.0,0.0
0.532871972318339,0.1245674740484429,0.00027522440879795563,0.030100755896216413,0.0,0.0
0.5467128027681661,0.1245674740484429,-0.0002906475783960884,0.02988926306322207,0.0,0.0
0.5605536332179931,0.1245674740484429,-0.0008970809617438928,0.02965724573058249,0.0,0.0
0.5743944636678201,0.1245674740484429,-0.0014755023813328683,0.029375721490042146,0.0,0.0
0.5916955017301038,0.1245674740484429,-0.002267661302656736,0.029061242256951496,0.0,0.0
0.6366782006920415,0.1245674740484429,-0.0042954834459255214,0.027763689207690144,0.0,0.0
0.6401384083044983,0.1245674740484429,-0.004413529841530496,0.027615787370944833,0.0,0.0
0.3944636678200692,0.1211072664359861,0.0066231729921233705,0.031161927255958958,0.0,0.0
0.4221453287197231,0.1211072664359861,0.005154924485248911,0.031001521119341274,0.0,0.0
0.6124567474048442,0.1211072664359861,-0.0032481761635515167,0.028107480467197955,0.0,0.0
0.6401384083044983,0.1211072664359861,-0.00441024623473146,0.0271994123265046,0.0,0.0
0.3944636678200692,0.1176470588235294,0.00657370403988866,0.030706855200638455,0.0,0.0
0.4359861591695502,0.1176470588235294,0.004423612104304259,0.030441549012712676,0.0,0.0
0.4775086505190311,0.1176470588235294,0.0025437673610969624,0.030097355108908062,0.0,0.0
0.5051903114186851,0.1176470588235294,0.0014121840079516427,0.02974737558326955,0.0,0.0
0.6020761245674741,0.1176470588235294,-0.0027487041489336864,0.02796518002147872,0.0,0.0
0.6401384083044983,0.1176470588235294,-0.004401658639895253,0.0267487720670129,0.0,0.0
0.3944636678200692,0.1141868512110726,0.0065318795704474835,0.030270581842356974,0.0,0.0
0.4498269896193771,0.1141868512110726,0.0037179112970607674,0.02988812370944757,0.0,0.0
0.5363321799307958,0.1141868512110726,0.00012011288805030532,0.028861248023590108,0.0,0.0
0.6262975778546713,0.1141868512110726,-0.0038591770500283357,0.02689415225034261,0.0,0.0
0.6401384083044983,0.1141868512110726,-0.004383801083225938,0.02637226315450456,0.0,0.0
0.3944636678200692,0.1107266435986159,0.006483801744865555,0.0298181695551768,0.0,0.0
0.4117647058823529,0.1107266435986159,0.005541695677989661,0.029678888062277045,0.0,0.0
0.4602076124567474,0.1107266435986159,0.0032138861933609067,0.029373410006744375,0.0,0.0
0.4878892733564013,0.1107266435986159,0.0020445656124049843,0.0291720490186809,0.0,0.0
0.5224913494809689,0.1107266435986159,0.0006677275895502511,0.028664886821152556,0.0,0.0
0.5467128027681661,0.1107266435986159,-0.00032329937220454814,0.028284253605450914,0.0,0.0
0.5605536332179931,0.1107266435986159,-0.0008886091072612526,0.02800253462271651,0.0,0.0
0.5743944636678201,0.1107266435986159,-0.0014633293499755973,0.027737142833316793,0.0,0.0
0.5882352941176471,0.1107266435986159,-0.0020722551075576176,0.02745627405478273,0.0,0.0
0.615916955017301,0.1107266435986159,-0.003372895400811194,0.026778756802677238,0.0,0.0
0.6401384083044983,0.1107266435986159,-0.004370120851239043,0.026091320052288366,0.0,0.0
0.3944636678200692,0.1072664359861591,0.006425253664413995,0.02934744400190012,0.0,0.0
0.4256055363321799,0.1072664359861591,0.004772921926555142,0.029154678771101936,0.0,0.0
0.4705882352941176,0.1072664359861591,0.0026984990558988195,0.028922064245861377,0.0,0.0
0.4982698961937716,0.1072664359861591,0.0016088045015607774,0.02865851874779947,0.0,0.0
0.6401384083044983,0.1072664359861591,-0.004341540567459466,0.02563524074819963,0.0,0.0
0.3944636678200692,0.1038062283737024,0.006359923878871694,0.028841208335762737,0.0,0.0
0.4463667820069204,0.1038062283737024,0.0037173701618622417,0.02863175964315265,0.0,0.0
0.5121107266435986,0.1038062283737024,0.0010401070946481049,0.028059251966192147,0.0,0.0
0.5986159169550173,0.1038062283737024,-0.0025260887182306114,0.02638409098451564,0.0,0.0
0.629757785467128,0.1038062283737024,-0.003950951260635666,0.025581310646563063,0.0,0.0
0.6401384083044983,0.1038062283737024,-0.004293720558112485,0.02526433446415586,0.0,0.0
0.3910034602076124,0.1003460207612456,0.006443550463205645,0.02840389922550582,0.0,0.0
0.3944636678200692,0.1003460207612456,0.006294094965143444,0.02834301099650166,0.0,0.0
0.4359861591695502,0.1003460207612456,0.004129429137368684,0.028210636184746413,0.0,0.0
0.4809688581314879,0.1003460207612456,0.00221478588270655,0.028032193974442884,0.0,0.0
0.5259515570934256,0.1003460207612456,0.0004646497769090809,0.027453691798902332,0.0,0.0
0.5501730103806228,0.1003460207612456,-0.000465944783431353,0.027060373146179425,0.0,0.0
0.6089965397923875,0.1003460207612456,-0.0029665752754147604,0.025724281800073804,0.0,0.0
0.6193771626297578,0.1003460207612456,-0.0034545747414084713,0.025457551286785254,0.0,0.0
0.6401384083044983,0.1003460207612456,-0.004292471958841583,0.024859546041697152,0.0,0.0
0.3910034602076124,0.0968858131487889,0.006375486136945547,0.02789421208951499,0.0,0.0
0.4048442906574394,0.0968858131487889,0.005683275931524719,0.027843001983603635,0.0,0.0
0.5017301038062284,0.0968858131487889,0.0013899441402785882,0.02739455033736747,0.0,0.0
0.5363321799307958,0.0968858131487889,4.270235454663707e-05,0.026905837968233336,0.0,0.0
0.5605536332179931,0.0968858131487889,-0.0008513609656027077,0.02642902506564581,0.0,0.0
0.6401384083044983,0.0968858131487889,-0.004279095948596833,0.02441410739918297,0.0,0.0
0.3910034602076124,0.0934256055363321,0.006293178457190273,0.02736857970155463,0.0,0.0
0.4152249134948096,0.0934256055363321,0.0050570498682959465,0.027319245978542794,0.0,0.0
0.4567474048442906,0.0934256055363321,0.003122429599461354,0.02728030559929134,0.0,0.0
0.5778546712802768,0.0934256055363321,-0.0015813893153530916,0.02562161232377867,0.0,0.0
0.5916955017301038,0.0934256055363321,-0.002153220788124413,0.02535087471417491,0.0,0.0
0.6401384083044983,0.0934256055363321,-0.0042483535970326124,0.023929968883572465,0.0,0.0
0.3910034602076124,0.0899653979238754,0.006220884830828403,0.026885344449591515,0.0,0.0
0.4290657439446367,0.0899653979238754,0.004337063420093248,0.026864702686854265,0.0,0.0
0.4705882352941176,0.0899653979238754,0.0024908688654169888,0.02685924029277121,0.0,0.0
0.5155709342560554,0.0899653979238754,0.000820186794053535,0.026427955642540045,0.0,0.0
0.6055363321799307,0.0899653979238754,-0.0027033559119771654,0.024603438120212897,0.0,0.0
0.6228373702422145,0.0899653979238754,-0.003510942325856872,0.024123800882671593,0.0,0.0
0.6401384083044983,0.0899653979238754,-0.00419066806047424,0.023409973654091934,0.0,0.0
0.3910034602076124,0.0865051903114186,0.006176138596252351,0.026348993377337725,0.0,0.0
0.4844290657439446,0.0865051903114186,0.0019332004312167552,0.02637048105075952,0.0,0.0
0.5570934256055363,0.0865051903114186,-0.0007537095162782012,0.025367119258855313,0.0,0.0
0.6401384083044983,0.0865051903114186,-0.0041625519680329615,0.022926650946047192,0.0,0.0
0.643598615916955,0.0865051903114186,-0.004256950354164971,0.02264113880319421,0.0,0.0
0.3910034602076124,0.0830449826989619,0.006112485302162807,0.02580518510480802,0.0,0.0
0.4186851211072664,0.0830449826989619,0.004687269184468118,0.02592441522648834,0.0,0.0
0.4394463667820069,0.0830449826989619,0.0037241370694845463,0.025984358376571266,0.0,0.0
0.4982698961937716,0.0830449826989619,0.001410156357093377,0.02583886480970625,0.0,0.0
0.5294117647058824,0.0830449826989619,0.0002695538892785374,0.025474412501458307,0.0,0.0
0.5743944636678201,0.0830449826989619,-0.0013860935415416075,0.02456369704653294,0.0,0.0
0.643598615916955,0.0830449826989619,-0.004230829894696588,0.02225108045365835,0.0,0.0
0.3910034602076124,0.0795847750865051,0.00604125124898643,0.025285445718174322,0.0,0.0
0.4083044982698962,0.0795847750865051,0.005138315047167715,0.02540317883768,0.0,0.0
0.4532871972318339,0.0795847750865051,0.003100663033664971,0.025611767902492692,0.0,0.0
0.5190311418685121,0.0795847750865051,0.0005932791623714454,0.02522833010880186,0.0,0.0
0.5467128027681661,0.0795847750865051,-0.000363051791223166,0.024811069837770816,0.0,0.0
0.5882352941176471,0.0795847750865051,-0.0018972428214254985,0.023819799146286073,0.0,0.0
0.6262975778546713,0.0795847750865051,-0.003541459215147392,0.022818577929775156,0.0,0.0
0.643598615916955,0.0795847750865051,-0.0042111396140982835,0.02186787812664451,0.0,0.0
0.3910034602076124,0.0761245674740484,0.005984044018407715,0.024767223482247303,0.0,0.0
0.4671280276816609,0.0761245674740484,0.0024888259493085255,0.025267352093744352,0.0,0.0
0.5086505190311419,0.0761245674740484,0.0009951685373750037,0.02496856208550663,0.0,0.0
0.5640138408304498,0.0761245674740484,-0.0009839267003187054,0.02403481469388568,0.0,0.0
0.643598615916955,0.0761245674740484,-0.004174602131165114,0.02144240408469573,0.0,0.0
0.3910034602076124,0.0726643598615917,0.005914181775878727,0.024234349127283346,0.0,0.0
0.4221453287197231,0.0726643598615917,0.00432281740298743,0.024554003491869827,0.0,0.0
0.4359861591695502,0.0726643598615917,0.0037181718544514225,0.02470561384516884,0.0,0.0
0.4809688581314879,0.0726643598615917,0.001964731316836196,0.024810020739513508,0.0,0.0
0.5363321799307958,0.0726643598615917,-1.074609164095512e-05,0.024274633056098838,0.0,0.0
0.5986159169550173,0.0726643598615917,-0.002275342235821322,0.022811372788193323,0.0,0.0
0.6124567474048442,0.0726643598615917,-0.0028787621286234825,0.022446967526329152,0.0,0.0
0.643598615916955,0.0726643598615917,-0.004133981278604596,0.020973375592640148,0.0,0.0
0.3910034602076124,0.0692041522491349,0.005826602029988862,0.02367358777116379,0.0,0.0
0.4567474048442906,0.0692041522491349,0.002787720717382717,0.02438605550518019,0.0,0.0
0.5224913494809689,0.0692041522491349,0.00045971989833872517,0.024039513502478654,0.0,0.0
0.5778546712802768,0.0692041522491349,-0.0014494951945352328,0.02290085621769244,0.0,0.0
0.643598615916955,0.0692041522491349,-0.004093285443389115,0.02057249983983604,0.0,0.0
0.3910034602076124,0.0657439446366782,0.00574348363602698,0.023099577686712915,0.0,0.0
0.4048442906574394,0.0657439446366782,0.0050127289461117455,0.023313987106437638,0.0,0.0
0.4463667820069204,0.0657439446366782,0.0031906051680310908,0.023925813770716262,0.0,0.0
0.4705882352941176,0.0657439446366782,0.002249830835057032,0.024016244947539518,0.0,0.0
0.4913494809688581,0.0657439446366782,0.0015503622439299914,0.023980052912980852,0.0,0.0
0.6262975778546713,0.0657439446366782,-0.0033512451615505226,0.02120174179434933,0.0,0.0
0.643598615916955,0.0657439446366782,-0.0040761083083279,0.020172026225731714,0.0,0.0
0.3910034602076124,0.0622837370242214,0.005654507446316169,0.022542188655486198,0.0,0.0
0.4152249134948096,0.0622837370242214,0.004444202859759434,0.023005981015266005,0.0,0.0
0.5051903114186851,0.0622837370242214,0.0010297254878784874,0.023557476848020887,0.0,0.0
0.5432525951557093,0.0622837370242214,-0.00026665836219720134,0.02301973853412988,0.0,0.0
0.5605536332179931,0.0622837370242214,-0.0008113724551936527,0.02259492365376262,0.0,0.0
0.5916955017301038,0.0622837370242214,-0.0019007847326338119,0.021803025830484046,0.0,0.0
0.615916955017301,0.0622837370242214,-0.002858451467840088,0.021164554016279598,0.0,0.0
0.643598615916955,0.0622837370242214,-0.00403133044481066,0.0197678238242778,0.0,0.0
0.3875432525951557,0.0588235294117647,0.005735765003705077,0.021856714350356025,0.0,0.0
0.3910034602076124,0.0588235294117647,0.005573230518518894,0.02196253717604782,0.0,0.0
0.4290657439446367,0.0588235294117647,0.0037649293037741905,0.02285216955446988,0.0,0.0
0.5294117647058824,0.0588235294117647,0.00019034098731316652,0.022891500018215584,0.0,0.0
0.5813148788927336,0.0588235294117647,-0.0015029139981372897,0.021717444710484764,0.0,0.0
0.6055363321799307,0.0588235294117647,-0.0023943874392652912,0.021087290285716206,0.0,0.0
0.643598615916955,0.0588235294117647,-0.003988294656771153,0.019337883319777247,0.0,0.0
0.3875432525951557,0.0553633217993079,0.005632601736628256,0.021290718245801914,0.0,0.0
0.4013840830449827,0.0553633217993079,0.0049674240432493865,0.021729127958039173,0.0,0.0
0.4636678200692041,0.0553633217993079,0.002423176847614365,0.02281808209351163,0.0,0.0
0.4809688581314879,0.0553633217993079,0.001844826564898059,0.02286768959579257,0.0,0.0
0.5155709342560554,0.0553633217993079,0.0006617396931330457,0.02269572070068857,0.0,0.0
0.629757785467128,0.0553633217993079,-0.0033236466511067826,0.019793180151107516,0.0,0.0
0.643598615916955,0.0553633217993079,-0.003936352255703069,0.01899297102836328,0.0,0.0
0.6470588235294118,0.0553633217993079,-0.004085909390997523,0.01874627284058534,0.0,0.0
0.3875432525951557,0.0519031141868512,0.005536769059939827,0.020704343027013877,0.0,0.0
0.4117647058823529,0.0519031141868512,0.004398381433054835,0.021509041395424335,0.0,0.0
0.4463667820069204,0.0519031141868512,0.00300656083601993,0.02227915418941496,0.0,0.0
0.5501730103806228,0.0519031141868512,-0.00044913403827590026,0.021753414854793693,0.0,0.0
0.5709342560553633,0.0519031141868512,-0.0011157130139308313,0.021209491343466936,0.0,0.0
0.6193771626297578,0.0519031141868512,-0.00285446539567276,0.019900869354011187,0.0,0.0
0.6470588235294118,0.0519031141868512,-0.004042818952847216,0.018402301965007483,0.0,0.0
0.3875432525951557,0.0484429065743944,0.005446389227680251,0.02015920584398033,0.0,0.0
0.4948096885813148,0.0484429065743944,0.0013339373214295396,0.02208441041338454,0.0,0.0
0.5605536332179931,0.0484429065743944,-0.0007755707973793048,0.021177671865074636,0.0,0.0
0.5847750865051903,0.0484429065743944,-0.0015418056534719146,0.02042499365810392,0.0,0.0
0.6470588235294118,0.0484429065743944,-0.003986059154666292,0.018025066038795227,0.0,0.0
0.3875432525951557,0.0449826989619377,0.005369938977068734,0.019618068821212434,0.0,0.0
0.4359861591695502,0.0449826989619377,0.0033078544564592253,0.02128013666270577,0.0,0.0
0.4844290657439446,0.0449826989619377,0.0016604450198807181,0.021705801585903003,0.0,0.0
0.5051903114186851,0.0449826989619377,0.0009754133873950239,0.021691012535881394,0.0,0.0
0.532871972318339,0.0449826989619377,8.987520553900848e-05,0.021398910020785564,0.0,0.0
0.5986159169550173,0.0449826989619377,-0.001993482424945091,0.019703123141599742,0.0,0.0
0.6470588235294118,0.0449826989619377,-0.003964514673266587,0.017729898090287334,0.0,0.0
0.3875432525951557,0.0415224913494809,0.005279215754241746,0.019128134855617006,0.0,0.0
0.4221453287197231,0.0415224913494809,0.0037696154881765006,0.020508346085497876,0.0,0.0
0.4532871972318339,0.0415224913494809,0.002660190103224494,0.021167670801914496,0.0,0.0
0.6124567474048442,0.0415224913494809,-0.002451556488377628,0.018947835995484212,0.0,0.0
0.629757785467128,0.0415224913494809,-0.003146001306848275,0.018305628701981144,0.0,0.0
0.6470588235294118,0.0415224913494809,-0.0038867812158824523,0.01732922846606787,0.0,0.0
0.3840830449826989,0.0380622837370242,0.005298714754413228,0.01834085982738625,0.0,0.0
0.3875432525951557,0.0380622837370242,0.0051704056621056736,0.018557437798397393,0.0,0.0
0.4048442906574394,0.0380622837370242,0.00443018018446577,0.01947468228142507,0.0,0.0
0.4740484429065744,0.0380622837370242,0.001969452689274652,0.020934743315316223,0.0,0.0
0.5155709342560554,0.0380622837370242,0.0006236124883382403,0.020871026697601543,0.0,0.0
0.5501730103806228,0.0380622837370242,-0.0004105671891659474,0.020335902985159107,0.0,0.0
0.5674740484429066,0.0380622837370242,-0.0009208387691497856,0.019889726335181268,0.0,0.0
0.6470588235294118,0.0380622837370242,-0.003833655171986236,0.016982963083224348,0.0,0.0
0.3840830449826989,0.0346020761245674,0.005200608411598886,0.017756637941702895,0.0,0.0
0.4429065743944637,0.0346020761245674,0.0029265178674466766,0.020184695377277597,0.0,0.0
0.4878892733564013,0.0346020761245674,0.0015009762935613746,0.02066966711070148,0.0,0.0
0.5363321799307958,0.0346020761245674,-9.448642992029461e-06,0.02025672549992263,0.0,0.0
0.5882352941176471,0.0346020761245674,-0.001559874120584,0.01892293494467208,0.0,0.0
0.6020761245674741,0.0346020761245674,-0.0020249671294142275,0.018523727395535348,0.0,0.0
0.6470588235294118,0.0346020761245674,-0.0037654831102529682,0.0165792127806276,0.0,0.0
0.3840830449826989,0.0311418685121107,0.005122064602392149,0.017257706703864697,0.0,0.0
0.4256055363321799,0.0311418685121107,0.003525507844847822,0.019368853598692427,0.0,0.0
0.4602076124567474,0.0311418685121107,0.002365531019524785,0.020050121417664643,0.0,0.0
0.5017301038062284,0.0311418685121107,0.0010200161972127044,0.020263261009810178,0.0,0.0
0.6332179930795848,0.0311418685121107,-0.0030987330654749,0.016965830752168728,0.0,0.0
0.6470588235294118,0.0311418685121107,-0.003705687933476938,0.016179517685187435,0.0,0.0
0.3840830449826989,0.0276816608996539,0.005058986035251732,0.016844494570291975,0.0,0.0
0.3979238754325259,0.0276816608996539,0.004520072931425552,0.01776484632837983,0.0,0.0
0.4152249134948096,0.0276816608996539,0.0038640215166424424,0.01854273181791983,0.0,0.0
0.5259515570934256,0.0276816608996539,0.00032311901275065255,0.01971792363199461,0.0,0.0
0.5778546712802768,0.0276816608996539,-0.0011965440946506778,0.018546205792699944,0.0,0.0
0.6193771626297578,0.0276816608996539,-0.002530015945171607,0.017232879395789494,0.0,0.0
0.6470588235294118,0.0276816608996539,-0.003657337727527226,0.015846975887261448,0.0,0.0
0.3806228373702422,0.0242214532871972,0.005096564121391962,0.01606025302143833,0.0,0.0
0.3840830449826989,0.0242214532871972,0.005002894788143648,0.016387542941861996,0.0,0.0
0.4498269896193771,0.0242214532871972,0.0026620103491499137,0.01915432254755554,0.0,0.0
0.5605536332179931,0.0242214532871972,-0.0006538387890122785,0.018651590644269158,0.0,0.0
0.5986159169550173,0.0242214532871972,-0.0017995602607079623,0.01760536064486555,0.0,0.0
0.6470588235294118,0.0242214532871972,-0.0035772806850966937,0.015427101119442432,0.0,0.0
0.6505190311418685,0.0242214532871972,-0.0037660556679822484,0.015313564138090374,0.0,0.0
0.3806228373702422,0.0207612456747404,0.005035689761132528,0.015658315805877007,0.0,0.0
0.4325259515570934,0.0207612456747404,0.0031910912991522065,0.018378115639178173,0.0,0.0
0.4671280276816609,0.0207612456747404,0.002104217224806512,0.01901953307847728,0.0,0.0
0.4844290657439446,0.0207612456747404,0.001557351980589018,0.01914385096060991,0.0,0.0
0.5432525951557093,0.0207612456747404,-0.0001693634839401405,0.01873843820258297,0.0,0.0
0.6505190311418685,0.0207612456747404,-0.003696253400095246,0.014898086301337812,0.0,0.0
0.3806228373702422,0.0173010380622837,0.0049763761153737655,0.015205597754224242,0.0,0.0
0.4013840830449827,0.0173010380622837,0.004238917604352522,0.016686197814580986,0.0,0.0
0.4982698961937716,0.0173010380622837,0.0011456188068471082,0.018827188931191573,0.0,0.0
0.5121107266435986,0.0173010380622837,0.000766018869637742,0.01882739782727364,0.0,0.0
0.6332179930795848,0.0173010380622837,-0.0028596894066093316,0.015424594534979038,0.0,0.0
0.6505190311418685,0.0173010380622837,-0.0036115477788703112,0.014459365565140296,0.0,0.0
0.3806228373702422,0.0138408304498269,0.004929169154443467,0.014826425556012775,0.0,0.0
0.4152249134948096,0.0138408304498269,0.003723145641868569,0.016997296025213868,0.0,0.0
0.4429065743944637,0.0138408304498269,0.002818738901033467,0.01789187672401856,0.0,0.0
0.4567474048442906,0.0138408304498269,0.0023740840715794475,0.018130374794680958,0.0,0.0
0.5259515570934256,0.0138408304498269,0.00033182671280347176,0.01834427944837112,0.0,0.0
0.5536332179930796,0.0138408304498269,-0.0004274716162800342,0.01779509188728931,0.0,0.0
0.5709342560553633,0.0138408304498269,-0.0009013155479622997,0.017380900681614336,0.0,0.0
0.5847750865051903,0.0138408304498269,-0.001320079944960166,0.017021818630971974,0.0,0.0
0.6089965397923875,0.0138408304498269,-0.0020275459495049256,0.016197605183984182,0.0,0.0
0.6228373702422145,0.0138408304498269,-0.002485461929590054,0.015627147373022395,0.0,0.0
0.6505190311418685,0.0138408304498269,-0.0035415030466149997,0.014112876434562487,0.0,0.0
0.3771626297577855,0.0103806228373702,0.004947095350563155,0.014123841986462372,0.0,0.0
0.3806228373702422,0.0103806228373702,0.004870619667426421,0.01442324004880028,0.0,0.0
0.6505190311418685,0.0103806228373702,-0.0034724437536413463,0.013768349307427182,0.0,0.0
0.3771626297577855,0.0069204152249134,0.004894938742749684,0.013755034146965875,0.0,0.0
0.6505190311418685,0.0069204152249134,-0.0033877360034040038,0.013418653383532625,0.0,0.0
0.3771626297577855,0.0034602076124567,0.00483427591038995,0.013330327147501422,0.0,0.0
0.6505190311418685,0.0034602076124567,-0.0032991897477699234,0.013065386018410797,0.0,0.0
0.3771626297577855,0.0,0.004767138860440818,0.01295476029985896,0.0,0.0
0.3806228373702422,0.0,0.00467689685520524,0.013259426724609558,0.0,0.0
0.3840830449826989,0.0,0.0045932032162224615,0.013556559807645089,0.0,0.0
0.3875432525951557,0.0,0.0044895817619106364,0.013847926191432946,0.0,0.0
0.3910034602076124,0.0,0.004385970305480733,0.014120506343654884,0.0,0.0
0.3944636678200692,0.0,0.004256036911449741,0.014369187109084431,0.0,0.0
0.3979238754325259,0.0,0.004135430538936304,0.014584224179565373,0.0,0.0
0.4013840830449827,0.0,0.004036524087822835,0.014772466019654443,0.0,0.0
0.4048442906574394,0.0,0.003916127199254257,0.014975419271523262,0.0,0.0
0.4083044982698962,0.0,0.0038203493954320294,0.015148793861779692,0.0,0.0
0.4117647058823529,0.0,0.0036990351425321235,0.01531109791219535,0.0,0.0
0.4152249134948096,0.0,0.003595910235475522,0.015449459406785847,0.0,0.0
0.4186851211072664,0.0,0.0034974390342354077,0.015621373448419663,0.0,0.0
0.4221453287197231,0.0,0.0034031034432066036,0.015767340231365765,0.0,0.0
0.4256055363321799,0.0,0.0033014334678809184,0.015900811748231276,0.0,0.0
0.4290657439446367,0.0,0.0032042450600759794,0.016019152139713916,0.0,0.0
0.4325259515570934,0.0,0.0030788024739777722,0.016120885278931244,0.0,0.0
0.4359861591695502,0.0,0.0029976076508245065,0.01623583479505228,0.0,0.0
0.4394463667820069,0.0,0.0028715884868510157,0.016341684381200722,0.0,0.0
0.4429065743944637,0.0,0.0027642681471322077,0.016422454527156682,0.0,0.0
0.4463667820069204,0.0,0.0026664496638922437,0.016501086446810302,0.0,0.0
0.4498269896193771,0.0,0.002545450728152261,0.01658347943532074,0.0,0.0
0.4532871972318339,0.0,0.0024346310178291566,0.01665971147259299,0.0,0.0
0.4567474048442906,0.0,0.0023441631973922707,0.016727122950396286,0.0,0.0
0.4602076124567474,0.0,0.002240834716754593,0.016770225206584402,0.0,0.0
0.4636678200692041,0.0,0.002139337349158629,0.01683516612547003,0.0,0.0
0.4671280276816609,0.0,0.002012534312205403,0.01689229837952536,0.0,0.0
0.4705882352941176,0.0,0.0019388358658837912,0.016926768452381422,0.0,0.0
0.4740484429065744,0.0,0.001849553220415898,0.01696548756684587,0.0,0.0
0.4775086505190311,0.0,0.0017552068940715143,0.017006003095579907,0.0,0.0
0.4809688581314879,0.0,0.00165743011203718,0.017041502292742657,0.0,0.0
0.4844290657439446,0.0,0.0015377024301493794,0.0170729234173917,0.0,0.0
0.4878892733564013,0.0,0.0014516053866652362,0.017087225472446146,0.0,0.0
0.4913494809688581,0.0,0.0013705314731969412,0.01710567358767079,0.0,0.0
0.4948096885813148,0.0,0.0012514376572697852,0.017102663636527023,0.0,0.0
0.4982698961937716,0.0,0.0011585429900006048,0.017104931396315876,0.0,0.0
0.5017301038062284,0.0,0.0010564989519820272,0.017110633304021967,0.0,0.0
0.5051903114186851,0.0,0.0009537970605544454,0.017106204606546598,0.0,0.0
0.5086505190311419,0.0,0.0008627079395727955,0.017101807384570396,0.0,0.0
0.5121107266435986,0.0,0.0007709367664301891,0.01708993475154944,0.0,0.0
0.5155709342560554,0.0,0.0006338977175978241,0.017068110767904526,0.0,0.0
0.5190311418685121,0.0,0.0005480340790702716,0.0170524285493412,0.0,0.0
0.5224913494809689,0.0,0.00045508882851664936,0.017023004372602825,0.0,0.0
0.5259515570934256,0.0,0.000345935735733287,0.016982328256915445,0.0,0.0
0.5294117647058824,0.0,0.0002534825901794644,0.016940529181649934,0.0,0.0
0.532871972318339,0.0,0.0001620436281556273,0.016887505874099082,0.0,0.0
0.5363321799307958,0.0,7.072021872086412e-05,0.01683566924003786,0.0,0.0
0.5397923875432526,0.0,-1.4063936378467773e-05,0.01677658781796436,0.0,0.0
0.5432525951557093,0.0,-0.00012531411880693815,0.016728952968690015,0.0,0.0
0.5467128027681661,0.0,-0.00021217151439420492,0.01664962425638499,0.0,0.0
0.5501730103806228,0.0,-0.000295537682274937,0.016563602109703826,0.0,0.0
0.5536332179930796,0.0,-0.0003848750978951568,0.01646785713579324,0.0,0.0
0.5570934256055363,0.0,-0.00047948928194952925,0.016377248559116937,0.0,0.0
0.5605536332179931,0.0,-0.0005714013937637915,0.0162599583654403,0.0,0.0
0.5640138408304498,0.0,-0.0006621867442798474,0.016209020838718776,0.0,0.0
0.5674740484429066,0.0,-0.0007572250206134567,0.016108510568901363,0.0,0.0
0.5709342560553633,0.0,-0.0008574073101191312,0.016026803433590826,0.0,0.0
0.5743944636678201,0.0,-0.0009434740324962648,0.015924624209301838,0.0,0.0
0.5778546712802768,0.0,-0.0010514393881396174,0.015879066769224483,0.0,0.0
0.5813148788927336,0.0,-0.0011495222291155313,0.01579877802592034,0.0,0.0
0.5847750865051903,0.0,-0.0012552142609830032,0.015707357821368572,0.0,0.0
0.5882352941176471,0.0,-0.001356088607006581,0.015608881065478862,0.0,0.0
0.5916955017301038,0.0,-0.0014417822701526038,0.015486753725063853,0.0,0.0
0.5951557093425606,0.0,-0.001531611392771139,0.015377895140307036,0.0,0.0
0.5986159169550173,0.0,-0.001645946276730368,0.015263255469112245,0.0,0.0
0.6020761245674741,0.0,-0.0017201259273218364,0.015099465007938982,0.0,0.0
0.6055363321799307,0.0,-0.0018243476279698988,0.014994024163976574,0.0,0.0
0.6089965397923875,0.0,-0.0019274696923686073,0.014871745434478285,0.0,0.0
0.6124567474048442,0.0,-0.0020264183300333443,0.014720376365583718,0.0,0.0
0.615916955017301,0.0,-0.0021176000381209746,0.014592867593878418,0.0,0.0
0.6193771626297578,0.0,-0.0022339278734966623,0.014420424342562127,0.0,0.0
0.6228373702422145,0.0,-0.002347415249118865,0.014259927050000641,0.0,0.0
0.6262975778546713,0.0,-0.0024255748283124458,0.014088440348986812,0.0,0.0
0.629757785467128,0.0,-0.0025372123154906393,0.013910121218982358,0.0,0.0
0.6332179930795848,0.0,-0.0026119473068195393,0.013701143841730764,0.0,0.0
0.6366782006920415,0.0,-0.0026914667486891784,0.013490797431614965,0.0,0.0
0.6401384083044983,0.0,-0.002784228723273343,0.013273665667311908,0.0,0.0
0.643598615916955,0.0,-0.002889558834618948,0.013087233695706506,0.0,0.0
0.6470588235294118,0.0,-0.0030079308027134034,0.012860101965211495,0.0,0.0
0.6505190311418685,0.0,-0.0032004749468432492,0.01269896254878226,0.0,0.0
