x,y,ux,uy,bcx,bcy
0.3356401384083045,1.0,-0.0008292841873180949,0.1086413346181664,0.0,1.0
0.3391003460207612,1.0,-0.0008586205094041447,0.1083551133082297,0.0,1.0
0.3425605536332179,1.0,-0.0008949211803705291,0.1080158025850665,0.0,1.0
0.3460207612456747,1.0,-0.0009333158261952304,0.1076661201531074,0.0,1.0
0.3494809688581315,1.0,-0.0009578446692017064,0.1073452555655564,0.0,1.0
0.3529411764705882,1.0,-0.0009989020568061111,0.1070145920064233,0.0,1.0
0.356401384083045,1.0,-0.0010386334206276024,0.1067235873834714,0.0,1.0
0.3598615916955017,1.0,-0.0010864368996676118,0.106441040152392,0.0,1.0
0.3633217993079585,1.0,-0.0011412247871033267,0.1061378442342132,0.0,1.0
0.3667820069204152,1.0,-0.0012074184619588991,0.105853480642989,0.0,1.0
0.370242214532872,1.0,-0.0012536264238776071,0.105575224342044,0.0,1.0
0.3737024221453287,1.0,-0.0013266292277134388,0.1053166707231083,0.0,1.0
0.3771626297577855,1.0,-0.0014029169881146961,0.1050495888773823,0.0,1.0
0.3806228373702422,1.0,-0.0014791711211669012,0.1047811115094745,0.0,1.0
0.3840830449826989,1.0,-0.0015465455933486461,0.1045280188517523,0.0,1.0
0.3875432525951557,1.0,-0.001630858780890444,0.1042975306753568,0.0,1.0
0.3910034602076124,1.0,-0.0017154459839915422,0.10404493853841,0.0,1.0
0.3944636678200692,1.0,-0.0018087638328672137,0.1037992351597222,0.0,1.0
0.3979238754325259,1.0,-0.0018806554873750424,0.1035827041975726,0.0,1.0
0.4013840830449827,1.0,-0.0019610938835643516,0.1033929952408785,0.0,1.0
0.4048442906574394,1.0,-0.002049276330237165,0.1031901898245251,0.0,1.0
0.4083044982698962,1.0,-0.0021309629081497495,0.1030322696185886,0.0,1.0
0.4117647058823529,1.0,-0.0022188920774983256,0.1028337148901323,0.0,1.0
0.4152249134948096,1.0,-0.002303663001605568,0.1026563186967156,0.0,1.0
0.4186851211072664,1.0,-0.002408253273156454,0.102474331378237,0.0,1.0
0.4221453287197231,1.0,-0.0024931945458800437,0.1023085006551979,0.0,1.0
0.4256055363321799,1.0,-0.002592504618632024,0.1021649314788501,0.0,1.0
0.4290657439446367,1.0,-0.0026944841933835674,0.1019970059361387,0.0,1.0
0.4325259515570934,1.0,-0.002777354955938396,0.1018483062316267,0.0,1.0
0.4359861591695502,1.0,-0.002885125094359193,0.1016826796136571,0.0,1.0
0.4394463667820069,1.0,-0.002981120251651209,0.1015430483098888,0.0,1.0
0.4429065743944637,1.0,-0.003072738443245434,0.1014223546548581,0.0,1.0
0.4463667820069204,1.0,-0.003176157934548746,0.1012928244625807,0.0,1.0
0.4498269896193771,1.0,-0.0032710888051260007,0.1011606607857912,0.0,1.0
0.4532871972318339,1.0,-0.003389019544182751,0.1010418930938735,0.0,1.0
0.4567474048442906,1.0,-0.003491639698791683,0.1009402096913781,0.0,1.0
0.4602076124567474,1.0,-0.0035797168432238637,0.1008498127006514,0.0,1.0
0.4636678200692041,1.0,-0.0036986731556964423,0.1007228692190489,0.0,1.0
0.4671280276816609,1.0,-0.003796155092324455,0.1006163353849587,0.0,1.0
0.4705882352941176,1.0,-0.003891146269428985,0.1005385459065051,0.0,1.0
0.4740484429065744,1.0,-0.0039852776515541324,0.1004659889655664,0.0,1.0
0.4775086505190311,1.0,-0.004072466586452024,0.1003939193785518,0.0,1.0
0.4809688581314879,1.0,-0.0041704157186246,0.1003125669892481,0.0,1.0
0.4844290657439446,1.0,-0.004266692048472459,0.100254732725612,0.0,1.0
0.4878892733564013,1.0,-0.004338081901315516,0.1002063549473746,0.0,1.0
0.4913494809688581,1.0,-0.004430462912944791,0.1001602344724862,0.0,1.0
0.4948096885813148,1.0,-0.004518892782263905,0.1001131062630134,0.0,1.0
0.4982698961937716,1.0,-0.004604090736499209,0.1000630942990738,0.0,1.0
0.5017301038062284,1.0,-0.004696029740310779,0.100033699417566,0.0,1.0
0.5051903114186851,1.0,-0.004781378251365673,0.1000107693095288,0.0,1.0
0.5086505190311419,1.0,-0.004869189806247226,0.0999788677469856,0.0,1.0
0.5121107266435986,1.0,-0.00497050149901169,0.0999428536705052,0.0,1.0
0.5155709342560554,1.0,-0.005054258697383487,0.099928325401398,0.0,1.0
0.5190311418685121,1.0,-0.0051464074589684695,0.0999029273106731,0.0,1.0
0.5224913494809689,1.0,-0.005241618856034174,0.0999031814630952,0.0,1.0
0.5259515570934256,1.0,-0.005332560218104976,0.0998951748065558,0.0,1.0
0.5294117647058824,1.0,-0.005422872524161784,0.0998836832394728,0.0,1.0
0.532871972318339,1.0,-0.005518699924688825,0.0998869364222187,0.0,1.0
0.5363321799307958,1.0,-0.005605269127591476,0.0999015712483706,0.0,1.0
0.5397923875432526,1.0,-0.005701405767648913,0.0999109958800606,0.0,1.0
0.5432525951557093,1.0,-0.005776983640387056,0.0999413598044112,0.0,1.0
0.5467128027681661,1.0,-0.00587683807067133,0.0999650989969216,0.0,1.0
0.5501730103806228,1.0,-0.00595392524795295,0.0999935227805384,0.0,1.0
0.5536332179930796,1.0,-0.006033074082454029,0.1000252998764733,0.0,1.0
0.5570934256055363,1.0,-0.0061122855081395385,0.1000766422861554,0.0,1.0
0.5605536332179931,1.0,-0.00618658186901458,0.1001316408677987,0.0,1.0
0.5640138408304498,1.0,-0.006269548487029604,0.1001694876244659,0.0,1.0
0.5674740484429066,1.0,-0.006346274715774211,0.1002339860072995,0.0,1.0
0.5709342560553633,1.0,-0.0064087027078543815,0.1003040944252321,0.0,1.0
0.5743944636678201,1.0,-0.006503986844178474,0.1003608231307289,0.0,1.0
0.5778546712802768,1.0,-0.0065717291968241595,0.1004377626865844,0.0,1.0
0.5813148788927336,1.0,-0.006643130120118244,0.1005223899341552,0.0,1.0
0.5847750865051903,1.0,-0.006711259160550768,0.1006169308894358,0.0,1.0
0.5882352941176471,1.0,-0.006771720478289032,0.1007323812430844,0.0,1.0
0.5916955017301038,1.0,-0.00683599746085529,0.1008164494550303,0.0,1.0
0.5951557093425606,1.0,-0.006907785485964373,0.1009077417340469,0.0,1.0
0.5986159169550173,1.0,-0.006972210913204352,0.1010199557766406,0.0,1.0
0.6020761245674741,1.0,-0.007053628389065043,0.1011134282343496,0.0,1.0
0.6055363321799307,1.0,-0.007101051354801379,0.1012441029502705,0.0,1.0
0.6089965397923875,1.0,-0.007173300041599317,0.1013659301768045,0.0,1.0
0.6124567474048442,1.0,-0.007236302433638042,0.1014859593536229,0.0,1.0
0.615916955017301,1.0,-0.007305031150386666,0.1016318427058408,0.0,1.0
0.6193771626297578,1.0,-0.007354191044433137,0.1017955421018507,0.0,1.0
0.6228373702422145,1.0,-0.007409879453731978,0.1019562852520582,0.0,1.0
0.6262975778546713,1.0,-0.007467864880333758,0.1021088605894115,0.0,1.0
0.629757785467128,1.0,-0.007533144643306034,0.1022862943363829,0.0,1.0
0.6332179930795848,1.0,-0.007590753335094796,0.102467023150716,0.0,1.0
0.6366782006920415,1.0,-0.007652228651842141,0.1026499103657192,0.0,1.0
0.6401384083044983,1.0,-0.0076860493060379245,0.1028569942416802,0.0,1.0
0.643598615916955,1.0,-0.007755190739309698,0.1030192418386692,0.0,1.0
0.6470588235294118,1.0,-0.007797397614003372,0.1032236372323327,0.0,1.0
0.6505190311418685,1.0,-0.007838096323033998,0.1034411500465817,0.0,1.0
0.6539792387543253,1.0,-0.00785651140418224,0.103683013919241,0.0,1.0
0.657439446366782,1.0,-0.007869748779549289,0.1039335425946885,0.0,1.0
0.3356401384083045,0.9965397923875432,-0.0009263302814021845,0.10854541336574883,0.0,0.0
0.657439446366782,0.9965397923875432,-0.00799130825864871,0.10366572049988007,0.0,0.0
0.3356401384083045,0.9930795847750864,-0.0010346275112984593,0.10846242102286946,0.0,0.0
0.3391003460207612,0.9930795847750864,-0.0010565790374832689,0.10811163837855134,0.0,0.0
0.6539792387543253,0.9930795847750864,-0.008095819568092556,0.10314673893292234,0.0,0.0
0.657439446366782,0.9930795847750864,-0.008112066905319508,0.10340274442985858,0.0,0.0
0.3391003460207612,0.9896193771626296,-0.0011558904417845585,0.10799806553133387,0.0,0.0
0.3425605536332179,0.9896193771626296,-0.0011639681317595738,0.10762575021097223,0.0,0.0
0.370242214532872,0.9896193771626296,-0.0015043038759098098,0.10492833851820857,0.0,0.0
0.4602076124567474,0.9896193771626296,-0.003904565018013442,0.09987961885364384,0.0,0.0
0.4844290657439446,0.9896193771626296,-0.004591913173830764,0.09934324135843042,0.0,0.0
0.5467128027681661,0.9896193771626296,-0.006211186494739443,0.09902658581423548,0.0,0.0
0.6539792387543253,0.9896193771626296,-0.008223610054965694,0.10288609432985059,0.0,0.0
0.3425605536332179,0.986159169550173,-0.0012540602261481083,0.10747801096523962,0.0,0.0
0.3460207612456747,0.986159169550173,-0.001260423432242568,0.10712936516160061,0.0,0.0
0.3598615916955017,0.986159169550173,-0.0014524902818602765,0.10569973734473576,0.0,0.0
0.3840830449826989,0.986159169550173,-0.0018849496356303517,0.10352672265618289,0.0,0.0
0.4083044982698962,0.986159169550173,-0.0024814180321574278,0.10193048197898347,0.0,0.0
0.4221453287197231,0.986159169550173,-0.002889527098187384,0.10111561533347979,0.0,0.0
0.4740484429065744,0.986159169550173,-0.004402460537227781,0.09923507859713138,0.0,0.0
0.4982698961937716,0.986159169550173,-0.00506531664459102,0.09878710306134694,0.0,0.0
0.5259515570934256,0.986159169550173,-0.005824827880236029,0.09856709269844294,0.0,0.0
0.5916955017301038,0.986159169550173,-0.007363003454186574,0.09955906172738835,0.0,0.0
0.6228373702422145,0.986159169550173,-0.007938087174219377,0.10069419461958626,0.0,0.0
0.6539792387543253,0.986159169550173,-0.008374582626182393,0.10261976721305162,0.0,0.0
0.3460207612456747,0.9826989619377162,-0.0013545336626577566,0.10696710554657032,0.0,0.0
0.3979238754325259,0.9826989619377162,-0.0022963196055813817,0.1023207217676205,0.0,0.0
0.4325259515570934,0.9826989619377162,-0.003297258597186556,0.10027345928149851,0.0,0.0
0.4498269896193771,0.9826989619377162,-0.003803895085401166,0.0995367340713268,0.0,0.0
0.5121107266435986,0.9826989619377162,-0.0055671243486747485,0.0983111633811855,0.0,0.0
0.5363321799307958,0.9826989619377162,-0.0061920888145355095,0.09829157978711624,0.0,0.0
0.5640138408304498,0.9826989619377162,-0.006849808729337016,0.09864930488754295,0.0,0.0
0.5813148788927336,0.9826989619377162,-0.007282307769172306,0.09898147374914824,0.0,0.0
0.6089965397923875,0.9826989619377162,-0.007860250109616248,0.09979933745049271,0.0,0.0
0.6366782006920415,0.9826989619377162,-0.00828446607721263,0.10114245569730429,0.0,0.0
0.6539792387543253,0.9826989619377162,-0.008527769334615368,0.10232617820864809,0.0,0.0
0.3460207612456747,0.9792387543252596,-0.001445627366238153,0.10681571346527659,0.0,0.0
0.3494809688581315,0.9792387543252596,-0.0014680072279686508,0.10643075289662572,0.0,0.0
0.3737024221453287,0.9792387543252596,-0.0018443208719701157,0.10389828217067068,0.0,0.0
0.4636678200692041,0.9792387543252596,-0.004318944101917342,0.0988270802607,0.0,0.0
0.4844290657439446,0.9792387543252596,-0.00493494387046599,0.0983646246263535,0.0,0.0
0.5467128027681661,0.9792387543252596,-0.006557745711678341,0.09808524865348109,0.0,0.0
0.6539792387543253,0.9792387543252596,-0.00865760116973292,0.10204608563267556,0.0,0.0
0.3494809688581315,0.9757785467128028,-0.00154416898964934,0.10624024609484001,0.0,0.0
0.4152249134948096,0.9757785467128028,-0.0029981948990362183,0.10052652265615435,0.0,0.0
0.5951557093425606,0.9757785467128028,-0.007887601862670398,0.09868849460274964,0.0,0.0
0.6539792387543253,0.9757785467128028,-0.00882160528996715,0.10176962055821252,0.0,0.0
0.3494809688581315,0.972318339100346,-0.001618633406371831,0.10600914388664026,0.0,0.0
0.3529411764705882,0.972318339100346,-0.00165530323633746,0.10562370537669336,0.0,0.0
0.4013840830449827,0.972318339100346,-0.0026851077577633355,0.10109598553536922,0.0,0.0
0.4740484429065744,0.972318339100346,-0.004867481491619063,0.09790621965502877,0.0,0.0
0.5121107266435986,0.972318339100346,-0.005935214827571407,0.09731552039852318,0.0,0.0
0.5259515570934256,0.972318339100346,-0.006304694411748075,0.09728059435608183,0.0,0.0
0.6228373702422145,0.972318339100346,-0.00853969838402932,0.09943407075150862,0.0,0.0
0.6401384083044983,0.972318339100346,-0.008797375724479884,0.10045651706459484,0.0,0.0
0.6539792387543253,0.972318339100346,-0.008991188990188682,0.1014671145860343,0.0,0.0
0.3529411764705882,0.9688581314878892,-0.001720787833072885,0.10539130706314022,0.0,0.0
0.356401384083045,0.9688581314878892,-0.001766573264656879,0.10498942170745737,0.0,0.0
0.3910034602076124,0.9688581314878892,-0.002493222922273694,0.10158778445537453,0.0,0.0
0.4429065743944637,0.9688581314878892,-0.004066443094745223,0.09850357411098387,0.0,0.0
0.5017301038062284,0.9688581314878892,-0.005780860225427949,0.09709697273017537,0.0,0.0
0.5397923875432526,0.9688581314878892,-0.006776339100035143,0.0970310953387074,0.0,0.0
0.5570934256055363,0.9688581314878892,-0.0072238690805687955,0.09719791789641025,0.0,0.0
0.5743944636678201,0.9688581314878892,-0.007700066834083417,0.09748315180548539,0.0,0.0
0.6055363321799307,0.9688581314878892,-0.008399408056362113,0.09837357989224309,0.0,0.0
0.6539792387543253,0.9688581314878892,-0.009163286310607003,0.10116418605344893,0.0,0.0
0.356401384083045,0.9653979238754326,-0.0018231369019056113,0.10473615489200488,0.0,0.0
0.4152249134948096,0.9653979238754326,-0.0033208420816097225,0.09952192258254554,0.0,0.0
0.4256055363321799,0.9653979238754326,-0.0036331690030440913,0.09894090959035519,0.0,0.0
0.4567474048442906,0.9653979238754326,-0.0046200320663867984,0.09766543856634226,0.0,0.0
0.4878892733564013,0.9653979238754326,-0.00553158508372174,0.09697283576737459,0.0,0.0
0.5882352941176471,0.9653979238754326,-0.008188846335753088,0.09748226956021011,0.0,0.0
0.6505190311418685,0.9653979238754326,-0.009301262645694577,0.10056743894813115,0.0,0.0
0.6539792387543253,0.9653979238754326,-0.009345944591869212,0.10086989723315459,0.0,0.0
0.356401384083045,0.9619377162629758,-0.001879280191494634,0.10451181148743163,0.0,0.0
0.3598615916955017,0.9619377162629758,-0.001937694662708142,0.10410054687588481,0.0,0.0
0.3771626297577855,0.9619377162629758,-0.002301676973400514,0.10224670291668199,0.0,0.0
0.4048442906574394,0.9619377162629758,-0.003097376099361504,0.09988883015048822,0.0,0.0
0.5259515570934256,0.9619377162629758,-0.006692317507680342,0.09630954757201184,0.0,0.0
0.6332179930795848,0.9619377162629758,-0.009205458661383763,0.09905606699725027,0.0,0.0
0.6505190311418685,0.9619377162629758,-0.0094891004406526,0.10024467550942079,0.0,0.0
0.3598615916955017,0.9584775086505192,-0.001991053489954965,0.10380750100666987,0.0,0.0
0.3875432525951557,0.9584775086505192,-0.0026762139748802206,0.10090759785482664,0.0,0.0
0.4463667820069204,0.9584775086505192,-0.0045471778467822705,0.0973484579216497,0.0,0.0
0.4740484429065744,0.9584775086505192,-0.0053923603131304605,0.09649391628498959,0.0,0.0
0.5155709342560554,0.9584775086505192,-0.006552431274077095,0.09599446337538635,0.0,0.0
0.5467128027681661,0.9584775086505192,-0.0073800189993103275,0.09607447234761592,0.0,0.0
0.5605536332179931,0.9584775086505192,-0.007740227889009302,0.09624844796789911,0.0,0.0
0.5709342560553633,0.9584775086505192,-0.008046718229689585,0.0964132081412828,0.0,0.0
0.615916955017301,0.9584775086505192,-0.009047113397243824,0.09784627681468883,0.0,0.0
0.6505190311418685,0.9584775086505192,-0.009680000706375695,0.0999523588752227,0.0,0.0
0.3598615916955017,0.9550173010380624,-0.002035685095151611,0.10352775706412737,0.0,0.0
0.3633217993079585,0.9550173010380624,-0.0021002750548908366,0.10313330661515749,0.0,0.0
0.4636678200692041,0.9550173010380624,-0.005213519408939046,0.09639809605955782,0.0,0.0
0.6020761245674741,0.9550173010380624,-0.008933838928117159,0.09695825617012323,0.0,0.0
0.6505190311418685,0.9550173010380624,-0.009884969507297253,0.09958125835938703,0.0,0.0
0.3633217993079585,0.9515570934256056,-0.0021494403913694432,0.10280327830671855,0.0,0.0
0.4013840830449827,0.9515570934256056,-0.0033050900738804245,0.09909751576840663,0.0,0.0
0.4186851211072664,0.9515570934256056,-0.0038725546951086896,0.0979297536410089,0.0,0.0
0.4359861591695502,0.9515570934256056,-0.004443321968278611,0.09705774836770166,0.0,0.0
0.4913494809688581,0.9515570934256056,-0.006141384558359511,0.09549768986756746,0.0,0.0
0.5051903114186851,0.9515570934256056,-0.0065406126591132496,0.0953591523358296,0.0,0.0
0.5294117647058824,0.9515570934256056,-0.007231525373929247,0.09527666835309476,0.0,0.0
0.5847750865051903,0.9515570934256056,-0.008684515597118104,0.0960854576129117,0.0,0.0
0.6366782006920415,0.9515570934256056,-0.009789527030581113,0.09822980949260987,0.0,0.0
0.6505190311418685,0.9515570934256056,-0.010109389857935764,0.09926580022117507,0.0,0.0
0.3633217993079585,0.9480968858131488,-0.0021966900072821825,0.10249748998873878,0.0,0.0
0.3667820069204152,0.9480968858131488,-0.0022807788419255642,0.10208701095928847,0.0,0.0
0.3806228373702422,0.9480968858131488,-0.0026938164387940357,0.10057636260596012,0.0,0.0
0.4532871972318339,0.9480968858131488,-0.00514019179353422,0.09599219945256622,0.0,0.0
0.5536332179930796,0.9480968858131488,-0.008016721240159192,0.09510608342537405,0.0,0.0
0.5674740484429066,0.9480968858131488,-0.008393587767916405,0.0952920795146654,0.0,0.0
0.6262975778546713,0.9480968858131488,-0.009783407120421497,0.09726654484659505,0.0,0.0
0.6505190311418685,0.9480968858131488,-0.010272296169290646,0.09892069954444892,0.0,0.0
0.3667820069204152,0.944636678200692,-0.002329508542331987,0.10172239740328332,0.0,0.0
0.3910034602076124,0.944636678200692,-0.0031311207657507413,0.09920192590330448,0.0,0.0
0.4775086505190311,0.944636678200692,-0.006023544573594665,0.09498076731474654,0.0,0.0
0.5432525951557093,0.944636678200692,-0.00790113047700469,0.09463780919824011,0.0,0.0
0.5951557093425606,0.944636678200692,-0.00921147033874163,0.09572549225759687,0.0,0.0
0.6505190311418685,0.944636678200692,-0.01045651499550004,0.0985843720746349,0.0,0.0
0.3667820069204152,0.9411764705882352,-0.002375104675708679,0.10137764254938636,0.0,0.0
0.4083044982698962,0.9411764705882352,-0.003853252074241787,0.09743893162723363,0.0,0.0
0.4256055363321799,0.9411764705882352,-0.004461364229757696,0.09643642913232668,0.0,0.0
0.4359861591695502,0.9411764705882352,-0.004815794765030297,0.09592100105894401,0.0,0.0
0.4982698961937716,0.9411764705882352,-0.006756999893573584,0.09432257975193581,0.0,0.0
0.5121107266435986,0.9411764705882352,-0.007175380254382004,0.09425088630017465,0.0,0.0
0.5259515570934256,0.9411764705882352,-0.007589206765258304,0.09422862688477794,0.0,0.0
0.6089965397923875,0.9411764705882352,-0.009731753490990676,0.09581744894562216,0.0,0.0
0.6505190311418685,0.9411764705882352,-0.010685267985697623,0.09818468480071926,0.0,0.0
0.3667820069204152,0.9377162629757786,-0.002413414336007953,0.1009889451379918,0.0,0.0
0.370242214532872,0.9377162629757786,-0.002533097200989405,0.10059250094962363,0.0,0.0
0.4567474048442906,0.9377162629757786,-0.005653207854885807,0.09476092326769472,0.0,0.0
0.4671280276816609,0.9377162629757786,-0.0059826526169405635,0.09445983045771657,0.0,0.0
0.5536332179930796,0.9377162629757786,-0.008479622172948278,0.09405115667265158,0.0,0.0
0.5778546712802768,0.9377162629757786,-0.009098678835443172,0.09450356176355333,0.0,0.0
0.6193771626297578,0.9377162629757786,-0.010152878092263232,0.09584763567500679,0.0,0.0
0.6470588235294118,0.9377162629757786,-0.010841520123330891,0.09750008476505087,0.0,0.0
0.6505190311418685,0.9377162629757786,-0.010883840987303064,0.09783874968682602,0.0,0.0
0.370242214532872,0.9342560553633218,-0.002599017712680769,0.10020261423683265,0.0,0.0
0.3840830449826989,0.9342560553633218,-0.0031198488454767834,0.09870360332020695,0.0,0.0
0.3944636678200692,0.9342560553633218,-0.0035406431374787168,0.09771081574216192,0.0,0.0
0.4463667820069204,0.9342560553633218,-0.0054318130642769386,0.09471610097286431,0.0,0.0
0.4844290657439446,0.9342560553633218,-0.006640639285753322,0.0937553245900078,0.0,0.0
0.5363321799307958,0.9342560553633218,-0.008158596038787148,0.09355101574080367,0.0,0.0
0.5640138408304498,0.9342560553633218,-0.00889816433870135,0.09386547434249191,0.0,0.0
0.629757785467128,0.9342560553633218,-0.010624589160203755,0.09599041955313015,0.0,0.0
0.6470588235294118,0.9342560553633218,-0.011045317346088967,0.09713387171963483,0.0,0.0
0.370242214532872,0.9307958477508652,-0.0026621227992679984,0.09979247364594444,0.0,0.0
0.3737024221453287,0.9307958477508652,-0.002781565119576681,0.09938500476980765,0.0,0.0
0.4152249134948096,0.9307958477508652,-0.0044268013277886644,0.09577456873095716,0.0,0.0
0.4325259515570934,0.9307958477508652,-0.005064972517540392,0.0948891307010799,0.0,0.0
0.5086505190311419,0.9307958477508652,-0.007526680879279033,0.09313009999803687,0.0,0.0
0.5916955017301038,0.9307958477508652,-0.009811211299133408,0.0940966157056121,0.0,0.0
0.6055363321799307,0.9307958477508652,-0.010171570189014854,0.09452367998734756,0.0,0.0
0.6470588235294118,0.9307958477508652,-0.011257099092002554,0.0967387415278098,0.0,0.0
0.3737024221453287,0.9273356401384084,-0.002842105564732014,0.09894604739662341,0.0,0.0
0.4048442906574394,0.9273356401384084,-0.004131223594859035,0.09608846385806255,0.0,0.0
0.4705882352941176,0.9273356401384084,-0.006508955520145928,0.09322286418797676,0.0,0.0
0.4982698961937716,0.9273356401384084,-0.007379444246545655,0.09277413089369242,0.0,0.0
0.5224913494809689,0.9273356401384084,-0.008075636119379977,0.09273998062529167,0.0,0.0
0.5467128027681661,0.9273356401384084,-0.008786263263816624,0.09286398143852116,0.0,0.0
0.615916955017301,0.9273356401384084,-0.010633997901551685,0.0945244461665133,0.0,0.0
0.6470588235294118,0.9273356401384084,-0.011496225349406164,0.09631535002821223,0.0,0.0
0.3737024221453287,0.9238754325259516,-0.002905038644572644,0.09851035111773354,0.0,0.0
0.3910034602076124,0.9238754325259516,-0.003653013988412761,0.09674211935763315,0.0,0.0
0.4567474048442906,0.9238754325259516,-0.006160987508796362,0.09318373469579615,0.0,0.0
0.5674740484429066,0.9238754325259516,-0.00949617788626353,0.0928115233420268,0.0,0.0
0.6470588235294118,0.9238754325259516,-0.011691481505005999,0.09591082297628045,0.0,0.0
0.3737024221453287,0.9204152249134948,-0.0029646758562231214,0.09801055354147893,0.0,0.0
0.3771626297577855,0.9204152249134948,-0.003110762081544958,0.09761657986203344,0.0,0.0
0.4186851211072664,0.9204152249134948,-0.004878439681567867,0.09434459502743406,0.0,0.0
0.4429065743944637,0.9204152249134948,-0.005799055694455675,0.09321238215496683,0.0,0.0
0.4878892733564013,0.9204152249134948,-0.007350403464162772,0.09215108134969546,0.0,0.0
0.5363321799307958,0.9204152249134948,-0.008809605453222392,0.09203343458799804,0.0,0.0
0.5813148788927336,0.9204152249134948,-0.010051982637475436,0.09269758406199066,0.0,0.0
0.629757785467128,0.9204152249134948,-0.011459898060894936,0.09430333712123758,0.0,0.0
0.6470588235294118,0.9204152249134948,-0.011873049753474342,0.09551587973112008,0.0,0.0
0.3771626297577855,0.916955017301038,-0.0031605109905837635,0.09715305390242426,0.0,0.0
0.4083044982698962,0.916955017301038,-0.004556722876089328,0.09451832458554536,0.0,0.0
0.4740484429065744,0.916955017301038,-0.007017423470659234,0.09196210842634216,0.0,0.0
0.4982698961937716,0.916955017301038,-0.007821406196134324,0.09163746009802543,0.0,0.0
0.5121107266435986,0.916955017301038,-0.008240202482698343,0.09155923310726102,0.0,0.0
0.5259515570934256,0.916955017301038,-0.008658367555504028,0.09159121935758771,0.0,0.0
0.5501730103806228,0.916955017301038,-0.00936373308262698,0.09179176085896767,0.0,0.0
0.6020761245674741,0.916955017301038,-0.010793092175087865,0.09286313806976727,0.0,0.0
0.6193771626297578,0.916955017301038,-0.011312979877016426,0.09343492565648026,0.0,0.0
0.6470588235294118,0.916955017301038,-0.012063544636007706,0.09514441176616112,0.0,0.0
0.3771626297577855,0.9134948096885812,-0.003208203795656567,0.09664036288181832,0.0,0.0
0.4290657439446367,0.9134948096885812,-0.005497309437359222,0.09290722309323857,0.0,0.0
0.5916955017301038,0.9134948096885812,-0.010694875040148625,0.09218248577545532,0.0,0.0
0.6470588235294118,0.9134948096885812,-0.012272498755377335,0.09471708080726478,0.0,0.0
0.3771626297577855,0.9100346020761244,-0.003255317398537752,0.09606272376823675,0.0,0.0
0.3910034602076124,0.9100346020761244,-0.003949371902819778,0.0948525315526241,0.0,0.0
0.4602076124567474,0.9100346020761244,-0.00685078216815098,0.09137244967341113,0.0,0.0
0.5640138408304498,0.9100346020761244,-0.010081006294138713,0.09122402828267158,0.0,0.0
0.6332179930795848,0.9100346020761244,-0.012226356147750746,0.09309995990905591,0.0,0.0
0.6470588235294118,0.9100346020761244,-0.012467224738041256,0.09426904911789183,0.0,0.0
0.3771626297577855,0.9065743944636678,-0.0032952222839377366,0.0955038182412109,0.0,0.0
0.3806228373702422,0.9065743944636678,-0.003468414769058082,0.09518591123476386,0.0,0.0
0.4013840830449827,0.9065743944636678,-0.004532889973177344,0.09354101040251692,0.0,0.0
0.4117647058823529,0.9065743944636678,-0.004993334699033666,0.09292384636284796,0.0,0.0
0.4429065743944637,0.9065743944636678,-0.006296102875524659,0.09142901488061886,0.0,0.0
0.4913494809688581,0.9065743944636678,-0.008036387188186233,0.09045178369206693,0.0,0.0
0.5051903114186851,0.9065743944636678,-0.008500559227175476,0.09034901793780552,0.0,0.0
0.532871972318339,0.9065743944636678,-0.00936343710810427,0.090423214335716,0.0,0.0
0.5813148788927336,0.9065743944636678,-0.010751450783912798,0.09117281641180629,0.0,0.0
0.6124567474048442,0.9065743944636678,-0.011712964977130112,0.09192889731184783,0.0,0.0
0.6228373702422145,0.9065743944636678,-0.012066860050981119,0.09226560542695697,0.0,0.0
0.643598615916955,0.9065743944636678,-0.012707023067123202,0.09343338565173495,0.0,0.0
0.6470588235294118,0.9065743944636678,-0.012723180300679995,0.09378543423089224,0.0,0.0
0.3806228373702422,0.903114186851211,-0.00352745885854018,0.09459759591996282,0.0,0.0
0.4221453287197231,0.903114186851211,-0.005545290369906217,0.09186532836634903,0.0,0.0
0.5190311418685121,0.903114186851211,-0.009084336326064237,0.08996435126011325,0.0,0.0
0.5501730103806228,0.903114186851211,-0.010037710028290674,0.09020186935110247,0.0,0.0
0.643598615916955,0.903114186851211,-0.012934829066380464,0.09296191009742907,0.0,0.0
0.3806228373702422,0.8996539792387543,-0.0035665732758686634,0.09403382975825447,0.0,0.0
0.4325259515570934,0.8996539792387543,-0.006108803781166842,0.09091540948599061,0.0,0.0
0.4532871972318339,0.8996539792387543,-0.0069616493026530045,0.0902455430291497,0.0,0.0
0.4775086505190311,0.8996539792387543,-0.007852721955428616,0.08975214969562148,0.0,0.0
0.5709342560553633,0.8996539792387543,-0.01082515644556249,0.09015346778915478,0.0,0.0
0.6020761245674741,0.8996539792387543,-0.011789797146545938,0.09079960494609263,0.0,0.0
0.643598615916955,0.8996539792387543,-0.013146427163890856,0.09247945460921717,0.0,0.0
0.3806228373702422,0.8961937716262975,-0.0036179590222317993,0.09344467750136219,0.0,0.0
0.4117647058823529,0.8961937716262975,-0.005280047478857375,0.09139432074590173,0.0,0.0
0.4429065743944637,0.8961937716262975,-0.006668519013392413,0.09010154634882109,0.0,0.0
0.5882352941176471,0.8961937716262975,-0.011539882120870282,0.09005133917485615,0.0,0.0
0.615916955017301,0.8961937716262975,-0.012475130602359483,0.09071512821882077,0.0,0.0
0.629757785467128,0.8961937716262975,-0.012989884418051817,0.09115741198203875,0.0,0.0
0.643598615916955,0.8961937716262975,-0.013290477040039723,0.09219579894428985,0.0,0.0
0.3806228373702422,0.8927335640138409,-0.0036623392516388765,0.09285706310063183,0.0,0.0
0.3979238754325259,0.8927335640138409,-0.004657302503963745,0.09164631563544638,0.0,0.0
0.4636678200692041,0.8927335640138409,-0.007621849569142889,0.08911006473260531,0.0,0.0
0.4913494809688581,0.8927335640138409,-0.008622822794387832,0.08871747021377092,0.0,0.0
0.5086505190311419,0.8927335640138409,-0.009209781165649675,0.08866122272906103,0.0,0.0
0.5432525951557093,0.8927335640138409,-0.010331481451420918,0.08888296806688069,0.0,0.0
0.5605536332179931,0.8927335640138409,-0.010847622471929105,0.08918877344798773,0.0,0.0
0.643598615916955,0.8927335640138409,-0.013494138661113687,0.09165017604864241,0.0,0.0
0.3806228373702422,0.889273356401384,-0.003717284849453383,0.0922236243117108,0.0,0.0
0.3840830449826989,0.889273356401384,-0.0039163936486800175,0.09198032710386622,0.0,0.0
0.4221453287197231,0.889273356401384,-0.005967936467393637,0.0899117127281836,0.0,0.0
0.5259515570934256,0.889273356401384,-0.009933762745506182,0.08833073105270914,0.0,0.0
0.5743944636678201,0.889273356401384,-0.011486486705525092,0.08898173187521508,0.0,0.0
0.643598615916955,0.889273356401384,-0.013705242647204272,0.0911708218368588,0.0,0.0
0.3840830449826989,0.8858131487889274,-0.003980708595488197,0.09133725408845085,0.0,0.0
0.4325259515570934,0.8858131487889274,-0.006569158162963086,0.08900423673209841,0.0,0.0
0.4498269896193771,0.8858131487889274,-0.007319877215117083,0.08853225827915757,0.0,0.0
0.4740484429065744,0.8858131487889274,-0.008273863241333345,0.08802533804609083,0.0,0.0
0.5847750865051903,0.8858131487889274,-0.012022756138681123,0.08872135776718706,0.0,0.0
0.6228373702422145,0.8858131487889274,-0.013387052329377074,0.08954242664720895,0.0,0.0
0.6332179930795848,0.8858131487889274,-0.013774375923832754,0.08986884128933742,0.0,0.0
0.643598615916955,0.8858131487889274,-0.01390984061430694,0.09067146614647839,0.0,0.0
0.3840830449826989,0.8823529411764706,-0.004039562866061343,0.0907647360806523,0.0,0.0
0.4083044982698962,0.8823529411764706,-0.0054378085710498885,0.0894729378537897,0.0,0.0
0.4602076124567474,0.8823529411764706,-0.007870996106141805,0.08782751260280083,0.0,0.0
0.5017301038062284,0.8823529411764706,-0.00941368759124979,0.08740650122969693,0.0,0.0
0.5155709342560554,0.8823529411764706,-0.009901694462275136,0.08740212863109646,0.0,0.0
0.6020761245674741,0.8823529411764706,-0.012808692710279408,0.08865912396377185,0.0,0.0
0.643598615916955,0.8823529411764706,-0.014124699609497115,0.09016329349820731,0.0,0.0
0.3840830449826989,0.8788927335640139,-0.00409319647815343,0.09015350227600179,0.0,0.0
0.3979238754325259,0.8788927335640139,-0.0049207560678800055,0.08936273608267889,0.0,0.0
0.4878892733564013,0.8788927335640139,-0.009070978831595305,0.08697899098235695,0.0,0.0
0.5536332179930796,0.8788927335640139,-0.011306420902935186,0.0873994426516859,0.0,0.0
0.5674740484429066,0.8788927335640139,-0.011799965338100939,0.08760680097101742,0.0,0.0
0.6124567474048442,0.8788927335640139,-0.013401235518075677,0.08844671329715005,0.0,0.0
0.643598615916955,0.8788927335640139,-0.014325616700423885,0.0896672505689751,0.0,0.0
0.3840830449826989,0.8754325259515571,-0.004148657614296875,0.08954805659557344,0.0,0.0
0.4325259515570934,0.8754325259515571,-0.006879005351468092,0.08749870184186005,0.0,0.0
0.5259515570934256,0.8754325259515571,-0.0105817249846273,0.08657871290850166,0.0,0.0
0.5397923875432526,0.8754325259515571,-0.01104594350728217,0.08673506287574592,0.0,0.0
0.5813148788927336,0.8754325259515571,-0.012454893564337124,0.08740409940286498,0.0,0.0
0.643598615916955,0.8754325259515571,-0.014557895500887551,0.08908697532917341,0.0,0.0
0.3840830449826989,0.8719723183391004,-0.004205766890613686,0.08896908765619935,0.0,0.0
0.4117647058823529,0.8719723183391004,-0.005873941651952995,0.08772555991885675,0.0,0.0
0.4221453287197231,0.8719723183391004,-0.006445292646947774,0.08729840051010362,0.0,0.0
0.4532871972318339,0.8719723183391004,-0.007929056291459784,0.08655257018461031,0.0,0.0
0.4671280276816609,0.8719723183391004,-0.008512981084939107,0.08629857146734801,0.0,0.0
0.4982698961937716,0.8719723183391004,-0.009717900635781542,0.0860814149926613,0.0,0.0
0.5121107266435986,0.8719723183391004,-0.010218110016563135,0.08610742519512392,0.0,0.0
0.5916955017301038,0.8719723183391004,-0.013008912382398667,0.08717137473493947,0.0,0.0
0.6228373702422145,0.8719723183391004,-0.014269330640549804,0.08770358710315088,0.0,0.0
0.6401384083044983,0.8719723183391004,-0.014886976329616431,0.08804942570873374,0.0,0.0
0.643598615916955,0.8719723183391004,-0.014915272755127914,0.0882300569367171,0.0,0.0
0.3840830449826989,0.8685121107266436,-0.004264088454097863,0.08838633073097593,0.0,0.0
0.4013840830449827,0.8685121107266436,-0.005351788219971202,0.0875302260582849,0.0,0.0
0.4429065743944637,0.8685121107266436,-0.007542683931926952,0.0862699446345348,0.0,0.0
0.4809688581314879,0.8685121107266436,-0.009197803088137875,0.08567871003816852,0.0,0.0
0.5674740484429066,0.8685121107266436,-0.012318295176029212,0.0863066589319387,0.0,0.0
0.6089965397923875,0.8685121107266436,-0.01389018360790934,0.08704573610098251,0.0,0.0
0.6401384083044983,0.8685121107266436,-0.015119076586214433,0.08750372389913577,0.0,0.0
0.3840830449826989,0.8650519031141869,-0.004315293690277367,0.08776166144536807,0.0,0.0
0.4325259515570934,0.8650519031141869,-0.007144545535860574,0.08597000226454095,0.0,0.0
0.5570934256055363,0.8650519031141869,-0.012118005207522965,0.08572244224468333,0.0,0.0
0.5778546712802768,0.8650519031141869,-0.012857525210536576,0.08607968439841249,0.0,0.0
0.6401384083044983,0.8650519031141869,-0.015330758413743423,0.08699515532035791,0.0,0.0
0.3840830449826989,0.8615916955017301,-0.004380845830662086,0.08707447970167462,0.0,0.0
0.4705882352941176,0.8615916955017301,-0.009010139972193857,0.08479758732644821,0.0,0.0
0.4913494809688581,0.8615916955017301,-0.00989403369650424,0.0847136895676193,0.0,0.0
0.5051903114186851,0.8615916955017301,-0.010411481266372506,0.08472314748962109,0.0,0.0
0.5397923875432526,0.8615916955017301,-0.011674854628391552,0.08507045866513879,0.0,0.0
0.5986159169550173,0.8615916955017301,-0.013846739550413444,0.08598512305888018,0.0,0.0
0.6401384083044983,0.8615916955017301,-0.015545426059218548,0.08650446632322013,0.0,0.0
0.3840830449826989,0.8581314878892734,-0.0044177804455970545,0.08645242187352394,0.0,0.0
0.4152249134948096,0.8581314878892734,-0.006367810862590078,0.0853443415899403,0.0,0.0
0.4567474048442906,0.8581314878892734,-0.00849260283206032,0.08446461106471212,0.0,0.0
0.5259515570934256,0.8581314878892734,-0.011336504914179594,0.0844421282082644,0.0,0.0
0.5882352941176471,0.8581314878892734,-0.013614994272740398,0.08537624556889374,0.0,0.0
0.6228373702422145,0.8581314878892734,-0.015090952732002215,0.08587737714763564,0.0,0.0
0.6401384083044983,0.8581314878892734,-0.0157196927490555,0.08603535398513179,0.0,0.0
0.3840830449826989,0.8546712802768166,-0.004467461611758749,0.08578786821104654,0.0,0.0
0.4429065743944637,0.8546712802768166,-0.007935967741623525,0.08419238313869395,0.0,0.0
0.5155709342560554,0.8546712802768166,-0.01107966024221571,0.08393047109658966,0.0,0.0
0.5674740484429066,0.8546712802768166,-0.01300571946133605,0.08460963138135216,0.0,0.0
0.6089965397923875,0.8546712802768166,-0.014657887957787885,0.08526486079134049,0.0,0.0
0.6401384083044983,0.8546712802768166,-0.015920362516898122,0.08550708598638766,0.0,0.0
0.3840830449826989,0.8512110726643599,-0.0045100673037988155,0.08514743093515281,0.0,0.0
0.4013840830449827,0.8512110726643599,-0.005676527355151962,0.08456396224090156,0.0,0.0
0.4325259515570934,0.8512110726643599,-0.007500275084802347,0.08382622240497023,0.0,0.0
0.4775086505190311,0.8512110726643599,-0.009644543546424356,0.08336008753951929,0.0,0.0
0.5778546712802768,0.8512110726643599,-0.013567972367304627,0.08433749536980165,0.0,0.0
0.6401384083044983,0.8512110726643599,-0.01610681664577009,0.08503729377531756,0.0,0.0
0.3840830449826989,0.8477508650519031,-0.004549634224308222,0.08448457269163401,0.0,0.0
0.4636678200692041,0.8477508650519031,-0.009168909901717799,0.08286871567560514,0.0,0.0
0.5051903114186851,0.8477508650519031,-0.010953776058693108,0.08298566221201896,0.0,0.0
0.5432525951557093,0.8477508650519031,-0.012421989676830125,0.08336026807546953,0.0,0.0
0.5570934256055363,0.8477508650519031,-0.012919986845720757,0.08357487268286846,0.0,0.0
0.5916955017301038,0.8477508650519031,-0.014294184021867301,0.08412342810339254,0.0,0.0
0.6401384083044983,0.8477508650519031,-0.016280404057984213,0.08458071469308853,0.0,0.0
0.3840830449826989,0.8442906574394463,-0.004620634110159057,0.08381283090610374,0.0,0.0
0.4186851211072664,0.8442906574394463,-0.006886194204643753,0.08292168917851817,0.0,0.0
0.4913494809688581,0.8442906574394463,-0.01051136161132637,0.08239508984008953,0.0,0.0
0.532871972318339,0.8442906574394463,-0.012181207910346407,0.08280273669783603,0.0,0.0
0.6124567474048442,0.8442906574394463,-0.015336160500261166,0.08397101727507182,0.0,0.0
0.6262975778546713,0.8442906574394463,-0.015990192672687597,0.08405877368729586,0.0,0.0
0.6401384083044983,0.8442906574394463,-0.016425552133048592,0.08413920553607981,0.0,0.0
0.3840830449826989,0.8408304498269896,-0.004689924915218226,0.08316245114992141,0.0,0.0
0.3944636678200692,0.8408304498269896,-0.005422340429760533,0.08286432953698436,0.0,0.0
0.4498269896193771,0.8408304498269896,-0.008694425051033225,0.08195559921108073,0.0,0.0
0.4809688581314879,0.8408304498269896,-0.010171083133886498,0.08191139078719448,0.0,0.0
0.5224913494809689,0.8408304498269896,-0.011912417680360936,0.08222194105238524,0.0,0.0
0.6401384083044983,0.8408304498269896,-0.01658040436127964,0.08374780495099096,0.0,0.0
0.3840830449826989,0.8373702422145328,-0.004763737516537196,0.08251402038032239,0.0,0.0
0.4048442906574394,0.8373702422145328,-0.006189100621270765,0.0820706959854676,0.0,0.0
0.4359861591695502,0.8373702422145328,-0.008029679909019665,0.08152520854407011,0.0,0.0
0.5121107266435986,0.8373702422145328,-0.011636112603415584,0.08166176673696277,0.0,0.0
0.5467128027681661,0.8373702422145328,-0.012971108344139014,0.082129400813031,0.0,0.0
0.5570934256055363,0.8373702422145328,-0.013353024974948462,0.08231058978168551,0.0,0.0
0.5674740484429066,0.8373702422145328,-0.013759917256929276,0.08248106570215809,0.0,0.0
0.5813148788927336,0.8373702422145328,-0.014302216094824998,0.08272777253705293,0.0,0.0
0.5916955017301038,0.8373702422145328,-0.014753400330487275,0.0828805160767376,0.0,0.0
0.6020761245674741,0.8373702422145328,-0.015190420012823898,0.08302492561548397,0.0,0.0
0.6401384083044983,0.8373702422145328,-0.016743404863012446,0.08332256490150318,0.0,0.0
0.3840830449826989,0.8339100346020761,-0.0048589096375299175,0.081837118763284,0.0,0.0
0.4671280276816609,0.8339100346020761,-0.009752268252845225,0.08088576862934184,0.0,0.0
0.5017301038062284,0.8339100346020761,-0.011313275394616934,0.08109436762044955,0.0,0.0
0.6193771626297578,0.8339100346020761,-0.016091972662236435,0.08275937173882211,0.0,0.0
0.6366782006920415,0.8339100346020761,-0.01680055186736453,0.08288329746097159,0.0,0.0
0.6401384083044983,0.8339100346020761,-0.016885962106419024,0.08291818018137453,0.0,0.0
0.3840830449826989,0.8304498269896193,-0.00494900021622754,0.08124647922424987,0.0,0.0
0.3944636678200692,0.8304498269896193,-0.005648306643517332,0.08101285241749426,0.0,0.0
0.4256055363321799,0.8304498269896193,-0.007609512755590616,0.0804648552539253,0.0,0.0
0.4775086505190311,0.8304498269896193,-0.01036334461842358,0.08036700282964068,0.0,0.0
0.4878892733564013,0.8304498269896193,-0.010841830083752137,0.08047215539774699,0.0,0.0
0.5259515570934256,0.8304498269896193,-0.012441668641034125,0.08095064074466365,0.0,0.0
0.6366782006920415,0.8304498269896193,-0.016926176661287783,0.08247964292341359,0.0,0.0
0.3840830449826989,0.8269896193771626,-0.005031759930892523,0.08057926025069315,0.0,0.0
0.4117647058823529,0.8269896193771626,-0.006868453068164298,0.08009370863287144,0.0,0.0
0.5363321799307958,0.8269896193771626,-0.012976615425403593,0.08068478228960549,0.0,0.0
0.5536332179930796,0.8269896193771626,-0.013649279643663205,0.08095797418241159,0.0,0.0
0.5951557093425606,0.8269896193771626,-0.015302441683742014,0.08165691027232092,0.0,0.0
0.6055363321799307,0.8269896193771626,-0.015757395640431365,0.08178379110807459,0.0,0.0
0.6366782006920415,0.8269896193771626,-0.017052183149131202,0.08210024236594755,0.0,0.0
0.3840830449826989,0.8235294117647058,-0.005141325033572033,0.07993509692457008,0.0,0.0
0.4359861591695502,0.8235294117647058,-0.008414105950033158,0.07922072113043424,0.0,0.0
0.4498269896193771,0.8235294117647058,-0.009195487021043381,0.07919616178723252,0.0,0.0
0.4602076124567474,0.8235294117647058,-0.009729784774870128,0.07923908742246205,0.0,0.0
0.5121107266435986,0.8235294117647058,-0.012110473085087121,0.07982610081780418,0.0,0.0
0.5743944636678201,0.8235294117647058,-0.01457665150942249,0.08089341523804502,0.0,0.0
0.615916955017301,0.8235294117647058,-0.01633834867731883,0.08147496015041533,0.0,0.0
0.6262975778546713,0.8235294117647058,-0.01680983101289727,0.08155051393202883,0.0,0.0
0.6366782006920415,0.8235294117647058,-0.017178881950524375,0.08167935902048462,0.0,0.0
0.3840830449826989,0.8200692041522492,-0.005214418880009419,0.0793288343472489,0.0,0.0
0.4013840830449827,0.8200692041522492,-0.006382048983171882,0.07904094757639327,0.0,0.0
0.4775086505190311,0.8200692041522492,-0.010693904444057942,0.07887289479322566,0.0,0.0
0.4982698961937716,0.8200692041522492,-0.011653688546577974,0.07913791705053685,0.0,0.0
0.5640138408304498,0.8200692041522492,-0.014295755644165966,0.08027846155463395,0.0,0.0
0.5847750865051903,0.8200692041522492,-0.015130349823046398,0.08066536967697081,0.0,0.0
0.6366782006920415,0.8200692041522492,-0.01728634683110955,0.08127496024128109,0.0,0.0
0.3840830449826989,0.8166089965397924,-0.005311431925308008,0.07868855191773573,0.0,0.0
0.4878892733564013,0.8166089965397924,-0.011293200140935222,0.07850050118383249,0.0,0.0
0.5259515570934256,0.8166089965397924,-0.012936098239226495,0.07914801585324263,0.0,0.0
0.6366782006920415,0.8166089965397924,-0.017388842048058545,0.08088471538393364,0.0,0.0
0.3840830449826989,0.8131487889273357,-0.005403728975787704,0.07810090844577137,0.0,0.0
0.4256055363321799,0.8131487889273357,-0.008097310802112387,0.0775444016627724,0.0,0.0
0.4498269896193771,0.8131487889273357,-0.009472103100609496,0.0775557501862586,0.0,0.0
0.4636678200692041,0.8131487889273357,-0.01021093137183112,0.07766734386516366,0.0,0.0
0.5432525951557093,0.8131487889273357,-0.013733742885182173,0.07905039397549639,0.0,0.0
0.5986159169550173,0.8131487889273357,-0.015938267387168473,0.0800522069108519,0.0,0.0
0.6366782006920415,0.8131487889273357,-0.017468031426305628,0.08052724789634387,0.0,0.0
0.3840830449826989,0.8096885813148789,-0.005486363598597505,0.07749047331522052,0.0,0.0
0.3979238754325259,0.8096885813148789,-0.00641607842656874,0.0772228484043804,0.0,0.0
0.4117647058823529,0.8096885813148789,-0.0073317303778004436,0.07707240159769058,0.0,0.0
0.4394463667820069,0.8096885813148789,-0.009000712790994287,0.07697894807416551,0.0,0.0
0.4740484429065744,0.8096885813148789,-0.010838535313813107,0.07725750935953632,0.0,0.0
0.5051903114186851,0.8096885813148789,-0.01226437765043002,0.07779756880544869,0.0,0.0
0.5570934256055363,0.8096885813148789,-0.014395708241588534,0.07888162953318714,0.0,0.0
0.5674740484429066,0.8096885813148789,-0.01479687497007608,0.07909356607742114,0.0,0.0
0.5813148788927336,0.8096885813148789,-0.015338556782737767,0.07937631581096544,0.0,0.0
0.6089965397923875,0.8096885813148789,-0.016498230966425175,0.0797573991989699,0.0,0.0
0.6366782006920415,0.8096885813148789,-0.017580768896140072,0.08014351311119194,0.0,0.0
0.3840830449826989,0.8062283737024222,-0.005572730419414567,0.07688344674118246,0.0,0.0
0.4913494809688581,0.8062283737024222,-0.011764516998943505,0.07704094207005598,0.0,0.0
0.5155709342560554,0.8062283737024222,-0.012824464694953578,0.0775634506315174,0.0,0.0
0.6193771626297578,0.8062283737024222,-0.01704018037051732,0.07947558510324217,0.0,0.0
0.6366782006920415,0.8062283737024222,-0.017678699958782525,0.0797746161561932,0.0,0.0
0.3840830449826989,0.8027681660899654,-0.005688591150790668,0.07626118108196442,0.0,0.0
0.4290657439446367,0.8027681660899654,-0.008622850234640711,0.07579827342132224,0.0,0.0
0.4636678200692041,0.8027681660899654,-0.010535621141413086,0.076043785319685,0.0,0.0
0.532871972318339,0.8027681660899654,-0.013644871228756454,0.07753183004015203,0.0,0.0
0.5467128027681661,0.8027681660899654,-0.014193556148181794,0.07784173337635916,0.0,0.0
0.5916955017301038,0.8027681660899654,-0.015979086716360745,0.07876001794872158,0.0,0.0
0.6366782006920415,0.8027681660899654,-0.017774941045722817,0.0793307466391864,0.0,0.0
0.3840830449826989,0.7993079584775087,-0.0057476814580414695,0.07562080841474234,0.0,0.0
0.4532871972318339,0.7993079584775087,-0.010088840865678466,0.07537115345055163,0.0,0.0
0.5017301038062284,0.7993079584775087,-0.012405636614954717,0.07632235555855427,0.0,0.0
0.5709342560553633,0.7993079584775087,-0.01525893294516658,0.07795977825496532,0.0,0.0
0.6020761245674741,0.7993079584775087,-0.016499797918562348,0.07850288015918004,0.0,0.0
0.6366782006920415,0.7993079584775087,-0.01784658694385178,0.07894120071903866,0.0,0.0
0.3840830449826989,0.7958477508650519,-0.005858783026155416,0.07498100205370625,0.0,0.0
0.4013840830449827,0.7958477508650519,-0.007079283409772399,0.07469742073155675,0.0,0.0
0.4152249134948096,0.7958477508650519,-0.00796992989917782,0.07463268520018401,0.0,0.0
0.4394463667820069,0.7958477508650519,-0.009430763794396266,0.0747249392667708,0.0,0.0
0.4740484429065744,0.7958477508650519,-0.011222157179701648,0.07519844828820924,0.0,0.0
0.5224913494809689,0.7958477508650519,-0.013384507766185225,0.07638849629373591,0.0,0.0
0.5570934256055363,0.7958477508650519,-0.01479857637453488,0.0772444679685397,0.0,0.0
0.6332179930795848,0.7958477508650519,-0.017749433498008917,0.0786956012008103,0.0,0.0
0.6366782006920415,0.7958477508650519,-0.017827073345472164,0.07882996330599526,0.0,0.0
0.3840830449826989,0.7923875432525952,-0.005967628441469076,0.07428312286442472,0.0,0.0
0.5847750865051903,0.7923875432525952,-0.015990079179350802,0.07744482427663048,0.0,0.0
0.615916955017301,0.7923875432525952,-0.017248001711849,0.07792337017922005,0.0,0.0
0.6332179930795848,0.7923875432525952,-0.017770436329708886,0.07847740979931082,0.0,0.0
0.3840830449826989,0.7889273356401384,-0.006046455437613888,0.07368678050450903,0.0,0.0
0.4290657439446367,0.7889273356401384,-0.009038268275662632,0.07344694074237289,0.0,0.0
0.4636678200692041,0.7889273356401384,-0.010941317915512812,0.07394403399550595,0.0,0.0
0.4913494809688581,0.7889273356401384,-0.012204250118632687,0.07460328103050504,0.0,0.0
0.5121107266435986,0.7889273356401384,-0.013115097314500494,0.0751949054409726,0.0,0.0
0.5467128027681661,0.7889273356401384,-0.014539099379021146,0.07619553004853788,0.0,0.0
0.5743944636678201,0.7889273356401384,-0.01564134199605489,0.0768338781033185,0.0,0.0
0.5951557093425606,0.7889273356401384,-0.01644793915649171,0.07725978207898294,0.0,0.0
0.6332179930795848,0.7889273356401384,-0.01782081836821164,0.07817362751278661,0.0,0.0
0.3840830449826989,0.7854671280276817,-0.00616042912163641,0.0730466908525356,0.0,0.0
0.3979238754325259,0.7854671280276817,-0.007154278313641365,0.07279058013215084,0.0,0.0
0.4186851211072664,0.7854671280276817,-0.008523260984047994,0.07274241459186918,0.0,0.0
0.4809688581314879,0.7854671280276817,-0.011836816187430623,0.07386537416190399,0.0,0.0
0.5017301038062284,0.7854671280276817,-0.012755486358022533,0.07443759851656696,0.0,0.0
0.5294117647058824,0.7854671280276817,-0.013926477823879981,0.07524495205371518,0.0,0.0
0.5640138408304498,0.7854671280276817,-0.015304746510995117,0.07620624765805782,0.0,0.0
0.6332179930795848,0.7854671280276817,-0.01786665680686995,0.0778861568301475,0.0,0.0
0.3840830449826989,0.7820069204152249,-0.0062694189094476835,0.07244578908450884,0.0,0.0
0.4083044982698962,0.7820069204152249,-0.00798202314308031,0.07203780461042612,0.0,0.0
0.4394463667820069,0.7820069204152249,-0.009866092087176665,0.07243527003306074,0.0,0.0
0.4532871972318339,0.7820069204152249,-0.010610018873016522,0.07268944580431584,0.0,0.0
0.6055363321799307,0.7820069204152249,-0.01702981295405616,0.07666459830650511,0.0,0.0
0.6332179930795848,0.7820069204152249,-0.017934338767716117,0.07753904085010091,0.0,0.0
0.3840830449826989,0.7785467128027682,-0.006403011913215532,0.07170807846391239,0.0,0.0
0.4290657439446367,0.7785467128027682,-0.009372473841347036,0.07163831750019103,0.0,0.0
0.6193771626297578,0.7785467128027682,-0.01764593840368699,0.07653693858229701,0.0,0.0
0.6332179930795848,0.7785467128027682,-0.017998942128667282,0.07722303796875463,0.0,0.0
0.3840830449826989,0.7750865051903114,-0.0065185537315498214,0.07099678536117286,0.0,0.0
0.4636678200692041,0.7750865051903114,-0.01128140178682726,0.07195071924320143,0.0,0.0
0.4775086505190311,0.7750865051903114,-0.011918984089468072,0.07233964288659264,0.0,0.0
0.4878892733564013,0.7750865051903114,-0.012372258722865691,0.07263092928802808,0.0,0.0
0.5121107266435986,0.7750865051903114,-0.013386971148037715,0.07338853607599134,0.0,0.0
0.532871972318339,0.7750865051903114,-0.014250139296492822,0.07407996690474024,0.0,0.0
0.5743944636678201,0.7750865051903114,-0.015906007654775265,0.07525040887479717,0.0,0.0
0.5882352941176471,0.7750865051903114,-0.016438067976832886,0.07558718640060269,0.0,0.0
0.6332179930795848,0.7750865051903114,-0.01806700717074791,0.07687452698601681,0.0,0.0
0.3840830449826989,0.7716262975778547,-0.006629670089977023,0.07030099572072689,0.0,0.0
0.4186851211072664,0.7716262975778547,-0.008951101671262816,0.07027541758789707,0.0,0.0
0.4463667820069204,0.7716262975778547,-0.010518690911934038,0.07091597959878555,0.0,0.0
0.4982698961937716,0.7716262975778547,-0.012883467158780661,0.07250139960978304,0.0,0.0
0.5432525951557093,0.7716262975778547,-0.01470630046775095,0.07401007640459413,0.0,0.0
0.5570934256055363,0.7716262975778547,-0.0152701417315082,0.0744231092517423,0.0,0.0
0.6332179930795848,0.7716262975778547,-0.018165491119128883,0.07636586271201906,0.0,0.0
0.3840830449826989,0.7681660899653979,-0.00675206422264339,0.06956263323846705,0.0,0.0
0.4013840830449827,0.7681660899653979,-0.007995227657211994,0.0694767761867035,0.0,0.0
0.4325259515570934,0.7681660899653979,-0.009876236387199349,0.0699635240490966,0.0,0.0
0.5224913494809689,0.7681660899653979,-0.013921921010019406,0.072864959710851,0.0,0.0
0.6332179930795848,0.7681660899653979,-0.018235990633963504,0.07578597250179965,0.0,0.0
0.3840830449826989,0.7647058823529411,-0.006888362243084896,0.06878228321458,0.0,0.0
0.4567474048442906,0.7647058823529411,-0.011180704341061566,0.0702286353663211,0.0,0.0
0.4740484429065744,0.7647058823529411,-0.01198704591716953,0.07080139291279462,0.0,0.0
0.5086505190311419,0.7647058823529411,-0.013418615490411671,0.07197860566747523,0.0,0.0
0.5951557093425606,0.7647058823529411,-0.01684710052334255,0.07463465242941374,0.0,0.0
0.6089965397923875,0.7647058823529411,-0.017392167326526025,0.0749395295813292,0.0,0.0
0.6332179930795848,0.7647058823529411,-0.01829158809607169,0.0754447967473692,0.0,0.0
0.3840830449826989,0.7612456747404844,-0.007001586577322629,0.06796078472696346,0.0,0.0
0.4429065743944637,0.7612456747404844,-0.01060105966084594,0.06919372657297002,0.0,0.0
0.4844290657439446,0.7612456747404844,-0.012471346939498865,0.07070639463362971,0.0,0.0
0.532871972318339,0.7612456747404844,-0.01441703747820903,0.07239465592192851,0.0,0.0
0.5467128027681661,0.7612456747404844,-0.014973108604970023,0.07288853930536628,0.0,0.0
0.5570934256055363,0.7612456747404844,-0.015383158910508718,0.07322855688695243,0.0,0.0
0.5674740484429066,0.7612456747404844,-0.015801103374474677,0.07354457214488759,0.0,0.0
0.6193771626297578,0.7612456747404844,-0.017828369696375336,0.07478767649943831,0.0,0.0
0.6332179930795848,0.7612456747404844,-0.018322750558439287,0.07511383044017053,0.0,0.0
0.3840830449826989,0.7577854671280276,-0.007134752273706241,0.06719088197221941,0.0,0.0
0.4152249134948096,0.7577854671280276,-0.009185509903541982,0.06771875363289154,0.0,0.0
0.4982698961937716,0.7577854671280276,-0.013089669834189131,0.070731960274948,0.0,0.0
0.5847750865051903,0.7577854671280276,-0.01648381210587558,0.0736329131275677,0.0,0.0
0.6332179930795848,0.7577854671280276,-0.018337365585649995,0.07473472352931361,0.0,0.0
0.3840830449826989,0.754325259515571,-0.0072575408148070255,0.0664199290710188,0.0,0.0
0.4290657439446367,0.754325259515571,-0.010042944294867025,0.06757804986950705,0.0,0.0
0.4567474048442906,0.754325259515571,-0.01139101142706496,0.06866445128957926,0.0,0.0
0.4705882352941176,0.754325259515571,-0.012003142457871888,0.06925978195508486,0.0,0.0
0.5224913494809689,0.754325259515571,-0.014059081093340104,0.0712081986930715,0.0,0.0
0.6020761245674741,0.754325259515571,-0.0171730399353541,0.07372775388020178,0.0,0.0
0.6332179930795848,0.754325259515571,-0.018358408944661946,0.074389569721831,0.0,0.0
0.3840830449826989,0.7508650519031141,-0.007375482067921357,0.06563766500172157,0.0,0.0
0.4013840830449827,0.7508650519031141,-0.008575231415606876,0.06601898593635215,0.0,0.0
0.4463667820069204,0.7508650519031141,-0.010975226617365708,0.06773294495286557,0.0,0.0
0.5086505190311419,0.7508650519031141,-0.01356668463840183,0.07027678040034296,0.0,0.0
0.5536332179930796,0.7508650519031141,-0.015317137343800998,0.07192995827967637,0.0,0.0
0.6124567474048442,0.7508650519031141,-0.017580634046597144,0.07360900652496498,0.0,0.0
0.6332179930795848,0.7508650519031141,-0.018363971291263763,0.07407746040235441,0.0,0.0
0.3840830449826989,0.7474048442906575,-0.007470339325552602,0.06485323675391708,0.0,0.0
0.4117647058823529,0.7474048442906575,-0.00929978140563,0.06570729087349465,0.0,0.0
0.4878892733564013,0.7474048442906575,-0.012769870082807756,0.069051134896033,0.0,0.0
0.5363321799307958,0.7474048442906575,-0.014640302478658721,0.07091152900708869,0.0,0.0
0.5743944636678201,0.7474048442906575,-0.016133520559773715,0.07223159163001155,0.0,0.0
0.5882352941176471,0.7474048442906575,-0.016674057202537666,0.07263400383975023,0.0,0.0
0.629757785467128,0.7474048442906575,-0.018243635831973585,0.07368595975889633,0.0,0.0
0.6332179930795848,0.7474048442906575,-0.01834332258774232,0.07376460031445113,0.0,0.0
0.3840830449826989,0.7439446366782007,-0.007570397228213146,0.06402231989147716,0.0,0.0
0.4740484429065744,0.7439446366782007,-0.012255005255460813,0.06797143129564737,0.0,0.0
0.5640138408304498,0.7439446366782007,-0.015722537169875372,0.07151078127261151,0.0,0.0
0.5986159169550173,0.7439446366782007,-0.017048515547734733,0.07255953851636379,0.0,0.0
0.629757785467128,0.7439446366782007,-0.018238139525073315,0.0733297608834846,0.0,0.0
0.3840830449826989,0.740484429065744,-0.007681301889895482,0.0632341377666048,0.0,0.0
0.3979238754325259,0.740484429065744,-0.008670245147600193,0.06383558389872426,0.0,0.0
0.4290657439446367,0.740484429065744,-0.010348483921770825,0.06532043960018956,0.0,0.0
0.4602076124567474,0.740484429065744,-0.011712598584110915,0.06684878902311858,0.0,0.0
0.5017301038062284,0.740484429065744,-0.013332192985363174,0.06875994055138054,0.0,0.0
0.5467128027681661,0.740484429065744,-0.01504145003163853,0.07050674965762094,0.0,0.0
0.629757785467128,0.740484429065744,-0.018216160036824518,0.07301968577842685,0.0,0.0
0.3840830449826989,0.7370242214532872,-0.007774529698119843,0.06235592279561404,0.0,0.0
0.4083044982698962,0.7370242214532872,-0.009380441083223043,0.06368373630626988,0.0,0.0
0.4429065743944637,0.7370242214532872,-0.01102456150421471,0.06548398034062923,0.0,0.0
0.5190311418685121,0.7370242214532872,-0.013974330615039988,0.0690841456507128,0.0,0.0
0.532871972318339,0.7370242214532872,-0.014473595702074923,0.06960368725388164,0.0,0.0
0.629757785467128,0.7370242214532872,-0.018205719144268696,0.07269301700857547,0.0,0.0
0.3840830449826989,0.7335640138408305,-0.007862988476476467,0.061589474073652145,0.0,0.0
0.4186851211072664,0.7335640138408305,-0.00996552785811629,0.06364815272115029,0.0,0.0
0.4913494809688581,0.7335640138408305,-0.01294391857835105,0.06746694538708066,0.0,0.0
0.5674740484429066,0.7335640138408305,-0.015812734616390517,0.07050192261211971,0.0,0.0
0.5847750865051903,0.7335640138408305,-0.016469549565964144,0.07112732746721402,0.0,0.0
0.6124567474048442,0.7335640138408305,-0.017529371727828834,0.07190226827780272,0.0,0.0
0.629757785467128,0.7335640138408305,-0.018170931203558352,0.07233167913460321,0.0,0.0
0.3806228373702422,0.7301038062283737,-0.0077332010183397935,0.060490590239858866,0.0,0.0
0.3840830449826989,0.7301038062283737,-0.007968635026003472,0.060775361317350125,0.0,0.0
0.3944636678200692,0.7301038062283737,-0.008701479761778146,0.06151240235760064,0.0,0.0
0.4636678200692041,0.7301038062283737,-0.011902526177494585,0.06562730537367152,0.0,0.0
0.4775086505190311,0.7301038062283737,-0.012433870255953577,0.066325661968431,0.0,0.0
0.5501730103806228,0.7301038062283737,-0.015109325911307743,0.06951314404321818,0.0,0.0
0.5986159169550173,0.7301038062283737,-0.01697347533252494,0.07118776782552452,0.0,0.0
0.629757785467128,0.7301038062283737,-0.01812419533608952,0.0720736917186526,0.0,0.0
0.3806228373702422,0.726643598615917,-0.007868240736586183,0.059544265063174485,0.0,0.0
0.4325259515570934,0.726643598615917,-0.010689323886932351,0.06336669350441335,0.0,0.0
0.5051903114186851,0.726643598615917,-0.013451140796286284,0.0672570839543061,0.0,0.0
0.5224913494809689,0.726643598615917,-0.014055717249176768,0.06802531181529026,0.0,0.0
0.629757785467128,0.726643598615917,-0.01807562710473279,0.07177106666433658,0.0,0.0
0.3806228373702422,0.7231833910034602,-0.007986301768208002,0.058734460627259864,0.0,0.0
0.4083044982698962,0.7231833910034602,-0.009629205223184863,0.06118178140137343,0.0,0.0
0.4498269896193771,0.7231833910034602,-0.011395779009335867,0.06392845104414728,0.0,0.0
0.532871972318339,0.7231833910034602,-0.014390843385885126,0.06807865297104618,0.0,0.0
0.5709342560553633,0.7231833910034602,-0.01582794457370064,0.06956460958836327,0.0,0.0
0.629757785467128,0.7231833910034602,-0.018017728084674313,0.0714382630247912,0.0,0.0
0.3806228373702422,0.7197231833910035,-0.0080848350172745,0.05793233955551897,0.0,0.0
0.3979238754325259,0.7197231833910035,-0.00913453905451296,0.05972459470588634,0.0,0.0
0.4221453287197231,0.7197231833910035,-0.010282268534958339,0.06164644762735226,0.0,0.0
0.4671280276816609,0.7197231833910035,-0.012043418063387986,0.06448528408752158,0.0,0.0
0.4775086505190311,0.7197231833910035,-0.012399670498342605,0.06503705261309342,0.0,0.0
0.5605536332179931,0.7197231833910035,-0.015394293062947508,0.06883732121187919,0.0,0.0
0.5916955017301038,0.7197231833910035,-0.016558095300662344,0.06996142537843432,0.0,0.0
0.615916955017301,0.7197231833910035,-0.01751182935351508,0.07070280186136167,0.0,0.0
0.629757785467128,0.7197231833910035,-0.01796646889016241,0.07115285949261585,0.0,0.0
0.3806228373702422,0.7162629757785467,-0.008184612234252259,0.05717372464000234,0.0,0.0
0.4878892733564013,0.7162629757785467,-0.01274105906215574,0.06518803507877181,0.0,0.0
0.5017301038062284,0.7162629757785467,-0.013230314765642742,0.0659132074386018,0.0,0.0
0.5467128027681661,0.7162629757785467,-0.014794745677011601,0.06792875895372534,0.0,0.0
0.5813148788927336,0.7162629757785467,-0.01610635274561284,0.06925268296334883,0.0,0.0
0.6020761245674741,0.7162629757785467,-0.016922974957306564,0.06994676644115888,0.0,0.0
0.629757785467128,0.7162629757785467,-0.017906567155135264,0.07083028213313128,0.0,0.0
0.3771626297577855,0.71280276816609,-0.008097936449228764,0.05589993736814505,0.0,0.0
0.3806228373702422,0.71280276816609,-0.008264908978341466,0.056440491816938304,0.0,0.0
0.4394463667820069,0.71280276816609,-0.011004132212980192,0.06185527929706418,0.0,0.0
0.5155709342560554,0.71280276816609,-0.013657204790356153,0.06616008145276943,0.0,0.0
0.5294117647058824,0.71280276816609,-0.014132753888998005,0.06680212960701326,0.0,0.0
0.5709342560553633,0.71280276816609,-0.015662120913837795,0.06852441369054432,0.0,0.0
0.629757785467128,0.71280276816609,-0.017816867157289352,0.07054787025189974,0.0,0.0
0.3771626297577855,0.7093425605536332,-0.008161724456728735,0.05526312273175615,0.0,0.0
0.3910034602076124,0.7093425605536332,-0.008894671874940762,0.057092520505166014,0.0,0.0
0.4256055363321799,0.7093425605536332,-0.010461528295018736,0.06039081523291087,0.0,0.0
0.4636678200692041,0.7093425605536332,-0.011802742752534168,0.06296783080293643,0.0,0.0
0.5916955017301038,0.7093425605536332,-0.016368201171930514,0.06896883318580034,0.0,0.0
0.629757785467128,0.7093425605536332,-0.017742002429609598,0.07023710902071481,0.0,0.0
0.3771626297577855,0.7058823529411765,-0.008218657354584666,0.05458375240797625,0.0,0.0
0.4152249134948096,0.7058823529411765,-0.010024941117160038,0.058975856082832484,0.0,0.0
0.4532871972318339,0.7058823529411765,-0.011431996819429684,0.06189709746256593,0.0,0.0
0.4740484429065744,0.7058823529411765,-0.012126681191963374,0.06319313471666267,0.0,0.0
0.5397923875432526,0.7058823529411765,-0.014366073827863687,0.06655811580148666,0.0,0.0
0.5570934256055363,0.7058823529411765,-0.015004606226432737,0.06725929823576196,0.0,0.0
0.5813148788927336,0.7058823529411765,-0.01590095828949127,0.0682061945755293,0.0,0.0
0.6124567474048442,0.7058823529411765,-0.017109339769170492,0.06931773801166546,0.0,0.0
0.629757785467128,0.7058823529411765,-0.017664844220273087,0.06994114239460966,0.0,0.0
0.3737024221453287,0.7024221453287197,-0.008138512690787823,0.05344894874367842,0.0,0.0
0.3771626297577855,0.7024221453287197,-0.008257946492712274,0.0539897938335118,0.0,0.0
0.4013840830449827,0.7024221453287197,-0.009380741688712396,0.057104698200442075,0.0,0.0
0.5017301038062284,0.7024221453287197,-0.013007640704548011,0.0643757942798717,0.0,0.0
0.5121107266435986,0.7024221453287197,-0.013360064066580041,0.06487264466862105,0.0,0.0
0.5709342560553633,0.7024221453287197,-0.015432675472864432,0.06748754937344402,0.0,0.0
0.6020761245674741,0.7024221453287197,-0.016613484118177726,0.06865239937771353,0.0,0.0
0.629757785467128,0.7024221453287197,-0.017600274658363585,0.06960212454769049,0.0,0.0
0.3737024221453287,0.698961937716263,-0.00816784715157673,0.05288817435410828,0.0,0.0
0.4325259515570934,0.698961937716263,-0.01063924787274163,0.05949663062695536,0.0,0.0
0.4878892733564013,0.698961937716263,-0.012461004586563606,0.06321976460613023,0.0,0.0
0.629757785467128,0.698961937716263,-0.0175037449765607,0.0693635717585598,0.0,0.0
0.370242214532872,0.6955017301038062,-0.008087936226886866,0.051802240186259986,0.0,0.0
0.3737024221453287,0.6955017301038062,-0.008207094328759818,0.05233178794513481,0.0,0.0
0.3875432525951557,0.6955017301038062,-0.008786572406335125,0.05433704677010648,0.0,0.0
0.4463667820069204,0.6955017301038062,-0.011077184562959686,0.060185981460609245,0.0,0.0
0.5259515570934256,0.6955017301038062,-0.013659888312862105,0.06481613129502811,0.0,0.0
0.5363321799307958,0.6955017301038062,-0.014017938591395591,0.06531141303814532,0.0,0.0
0.5605536332179931,0.6955017301038062,-0.01489303344598073,0.066369911825511,0.0,0.0
0.5847750865051903,0.6955017301038062,-0.015774181405236953,0.0673552775912922,0.0,0.0
0.615916955017301,0.6955017301038062,-0.016967766533852333,0.06854349623292608,0.0,0.0
0.629757785467128,0.6955017301038062,-0.01741334613580809,0.06908082546327687,0.0,0.0
0.370242214532872,0.6920415224913494,-0.00809588108299507,0.05117949130456637,0.0,0.0
0.3979238754325259,0.6920415224913494,-0.009195534416250569,0.05518799655230226,0.0,0.0
0.4083044982698962,0.6920415224913494,-0.009600588340397998,0.05636775307447499,0.0,0.0
0.4221453287197231,0.6920415224913494,-0.01015116643807814,0.05770536405930597,0.0,0.0
0.4705882352941176,0.6920415224913494,-0.011718872775665936,0.06138677168831422,0.0,0.0
0.5121107266435986,0.6920415224913494,-0.013097103233046647,0.0637556505209328,0.0,0.0
0.5467128027681661,0.6920415224913494,-0.014308687002566645,0.06542071086077614,0.0,0.0
0.5743944636678201,0.6920415224913494,-0.015314677837365667,0.06661404709491033,0.0,0.0
0.5951557093425606,0.6920415224913494,-0.016062290645023517,0.06740811975574004,0.0,0.0
0.6055363321799307,0.6920415224913494,-0.016468793339637605,0.06780251000677498,0.0,0.0
0.629757785467128,0.6920415224913494,-0.017313493874419408,0.06878662013398469,0.0,0.0
0.370242214532872,0.6885813148788927,-0.008150587889427213,0.05058214937483443,0.0,0.0
0.4567474048442906,0.6885813148788927,-0.011252619810963833,0.06008507348220049,0.0,0.0
0.4982698961937716,0.6885813148788927,-0.012554564523229771,0.0626650931957425,0.0,0.0
0.6262975778546713,0.6885813148788927,-0.01711481173757528,0.06834545520245253,0.0,0.0
0.629757785467128,0.6885813148788927,-0.01721477247150522,0.06849065953828068,0.0,0.0
0.3667820069204152,0.6851211072664359,-0.008078496294377598,0.0494204134679858,0.0,0.0
0.370242214532872,0.6851211072664359,-0.008164253853976164,0.0500853515990036,0.0,0.0
0.5640138408304498,0.6851211072664359,-0.014718765201388257,0.0654762277204688,0.0,0.0
0.615916955017301,0.6851211072664359,-0.01664701920313752,0.0676187291973409,0.0,0.0
0.6262975778546713,0.6851211072664359,-0.01699277320832649,0.06805573116716705,0.0,0.0
0.3633217993079585,0.6816608996539792,-0.00799738957268711,0.04831397678103241,0.0,0.0
0.3667820069204152,0.6816608996539792,-0.008071040931475634,0.04894623345837994,0.0,0.0
0.3910034602076124,0.6816608996539792,-0.008813642152816213,0.052822378245723244,0.0,0.0
0.4013840830449827,0.6816608996539792,-0.009167072126325376,0.054186727045559255,0.0,0.0
0.4152249134948096,0.6816608996539792,-0.009645341816827259,0.05570619686240024,0.0,0.0
0.4256055363321799,0.6816608996539792,-0.00999586525255862,0.05675061453977454,0.0,0.0
0.4394463667820069,0.6816608996539792,-0.010488905974961299,0.05797554747168669,0.0,0.0
0.4671280276816609,0.6816608996539792,-0.011367619734830267,0.060030258413407464,0.0,0.0
0.4844290657439446,0.6816608996539792,-0.011882502066922445,0.06113687144408737,0.0,0.0
0.5294117647058824,0.6816608996539792,-0.013388177340540344,0.06356438414269124,0.0,0.0
0.5536332179930796,0.6816608996539792,-0.014233370483388106,0.06470340586401613,0.0,0.0
0.5951557093425606,0.6816608996539792,-0.015748845885888905,0.06643709635167339,0.0,0.0
0.6262975778546713,0.6816608996539792,-0.016849136712089877,0.06781068608122151,0.0,0.0
0.3633217993079585,0.6782006920415224,-0.007982829813424859,0.047841014503576626,0.0,0.0
0.3806228373702422,0.6782006920415224,-0.008421402375321288,0.05086327455030794,0.0,0.0
0.4532871972318339,0.6782006920415224,-0.010823480550687868,0.05864936514744057,0.0,0.0
0.5121107266435986,0.6782006920415224,-0.012678238452946081,0.062339474139217435,0.0,0.0
0.5813148788927336,0.6782006920415224,-0.015129887702380235,0.06554668097203212,0.0,0.0
0.6262975778546713,0.6782006920415224,-0.016719742452839192,0.06751178494041979,0.0,0.0
0.3598615916955017,0.6747404844290658,-0.007943800944779492,0.04670864976069387,0.0,0.0
0.3633217993079585,0.6747404844290658,-0.00797659416285039,0.04737318014595531,0.0,0.0
0.5432525951557093,0.6747404844290658,-0.013624800627964022,0.06353366933050023,0.0,0.0
0.5709342560553633,0.6747404844290658,-0.014634371979602701,0.0647944184737765,0.0,0.0
0.6089965397923875,0.6747404844290658,-0.01602220996900417,0.06641871962140991,0.0,0.0
0.6262975778546713,0.6747404844290658,-0.016597240635575522,0.06719351791945397,0.0,0.0
0.3598615916955017,0.671280276816609,-0.007884341952975093,0.04633328958020373,0.0,0.0
0.3910034602076124,0.671280276816609,-0.008598542402484219,0.05156189197481194,0.0,0.0
0.4013840830449827,0.671280276816609,-0.008916617933978094,0.052863405730596294,0.0,0.0
0.4117647058823529,0.671280276816609,-0.009223560102786632,0.05410513384352498,0.0,0.0
0.4256055363321799,0.671280276816609,-0.009666279315979059,0.05553662430728384,0.0,0.0
0.4359861591695502,0.671280276816609,-0.010000045424608616,0.056490691914687016,0.0,0.0
0.4775086505190311,0.671280276816609,-0.011306057816346913,0.059612076267554506,0.0,0.0
0.4948096885813148,0.671280276816609,-0.011874220369695179,0.060672211854818414,0.0,0.0
0.5224913494809689,0.671280276816609,-0.012784721334716986,0.0621997573943845,0.0,0.0
0.532871972318339,0.671280276816609,-0.01313645539254604,0.06271338376474846,0.0,0.0
0.6262975778546713,0.671280276816609,-0.016445708736497425,0.06691520216045385,0.0,0.0
0.356401384083045,0.6678200692041523,-0.00782780740675702,0.04533895264395822,0.0,0.0
0.3598615916955017,0.6678200692041523,-0.007844339186037585,0.04596456984575449,0.0,0.0
0.3771626297577855,0.6678200692041523,-0.00814397068915472,0.04904930373957745,0.0,0.0
0.4498269896193771,0.6678200692041523,-0.010304258591142753,0.05729240218321463,0.0,0.0
0.4671280276816609,0.6678200692041523,-0.010856932991322826,0.05855351568123769,0.0,0.0
0.5847750865051903,0.6678200692041523,-0.01487183853528996,0.06473887231002366,0.0,0.0
0.6262975778546713,0.6678200692041523,-0.01632441832139657,0.06662407069806356,0.0,0.0
0.3529411764705882,0.6643598615916955,-0.007741442090975143,0.044275000073335326,0.0,0.0
0.356401384083045,0.6643598615916955,-0.0077506676880827905,0.04492941007020912,0.0,0.0
0.5121107266435986,0.6643598615916955,-0.012180038374348143,0.060962349378446565,0.0,0.0
0.5536332179930796,0.6643598615916955,-0.01361221795659541,0.06301841374186955,0.0,0.0
0.5674740484429066,0.6643598615916955,-0.014096679181266288,0.0636657302359708,0.0,0.0
0.5951557093425606,0.6643598615916955,-0.015110779718413889,0.06487204498070566,0.0,0.0
0.6262975778546713,0.6643598615916955,-0.016180059547936457,0.06634105363248316,0.0,0.0
0.3494809688581315,0.6608996539792388,-0.007653652345593494,0.04328479202076349,0.0,0.0
0.3529411764705882,0.6608996539792388,-0.007648588665819852,0.04397423894234251,0.0,0.0
0.4013840830449827,0.6608996539792388,-0.00856621658325249,0.05174129521051385,0.0,0.0
0.4117647058823529,0.6608996539792388,-0.008832614909085044,0.05296402946296294,0.0,0.0
0.4221453287197231,0.6608996539792388,-0.009165731947183522,0.054049017491384105,0.0,0.0
0.4359861591695502,0.6608996539792388,-0.009587705495188437,0.05536556716087123,0.0,0.0
0.4844290657439446,0.6608996539792388,-0.01113032804805586,0.05900648182683659,0.0,0.0
0.5397923875432526,0.6608996539792388,-0.012971907629121072,0.06203751643318235,0.0,0.0
0.6262975778546713,0.6608996539792388,-0.016012723697762882,0.06602848727304936,0.0,0.0
0.3494809688581315,0.657439446366782,-0.0075822094420543275,0.043023297021902565,0.0,0.0
0.3667820069204152,0.657439446366782,-0.007665529831942702,0.046203720340017254,0.0,0.0
0.3910034602076124,0.657439446366782,-0.008178199240099604,0.050035731995728715,0.0,0.0
0.4567474048442906,0.657439446366782,-0.010078326622873132,0.056727226777893484,0.0,0.0
0.5017301038062284,0.657439446366782,-0.011547633869789048,0.059696042924413925,0.0,0.0
0.5259515570934256,0.657439446366782,-0.012360829200514907,0.06102002490133084,0.0,0.0
0.5813148788927336,0.657439446366782,-0.01432115188560078,0.0636492976258826,0.0,0.0
0.6089965397923875,0.657439446366782,-0.015308298646812416,0.06490748933821616,0.0,0.0
0.6262975778546713,0.657439446366782,-0.015863535229378035,0.06573273232653704,0.0,0.0
0.3460207612456747,0.6539792387543253,-0.007465311802404661,0.042172901201394435,0.0,0.0
0.3494809688581315,0.6539792387543253,-0.007456105532574235,0.04280960799679917,0.0,0.0
0.3806228373702422,0.6539792387543253,-0.007807766104595881,0.04817446005759349,0.0,0.0
0.4463667820069204,0.6539792387543253,-0.00958625636413593,0.05555429714603567,0.0,0.0
0.6262975778546713,0.6539792387543253,-0.015702407338835156,0.06547303456750962,0.0,0.0
0.3425605536332179,0.6505190311418685,-0.007379269037940936,0.041348139109674,0.0,0.0
0.3460207612456747,0.6505190311418685,-0.0073489813686869855,0.041966552508500135,0.0,0.0
0.4256055363321799,0.6505190311418685,-0.008808652251582573,0.05335673831444274,0.0,0.0
0.4359861591695502,0.6505190311418685,-0.009106963507328408,0.054307696182816924,0.0,0.0
0.4740484429065744,0.6505190311418685,-0.01031868501898223,0.05730706561287783,0.0,0.0
0.4878892733564013,0.6505190311418685,-0.010789127422957033,0.05820758418619299,0.0,0.0
0.5121107266435986,0.6505190311418685,-0.011575796183391324,0.05962499768164632,0.0,0.0
0.5501730103806228,0.6505190311418685,-0.01290462768734699,0.06155818101185398,0.0,0.0
0.5640138408304498,0.6505190311418685,-0.013392696247273895,0.06224151090014543,0.0,0.0
0.5916955017301038,0.6505190311418685,-0.01437976485738585,0.06350654412244741,0.0,0.0
0.6262975778546713,0.6505190311418685,-0.015572924954543602,0.06521026559188392,0.0,0.0
0.3391003460207612,0.6470588235294118,-0.007295682189877621,0.040534112088039836,0.0,0.0
0.3425605536332179,0.6470588235294118,-0.007240976536485637,0.04116862495555104,0.0,0.0
0.3598615916955017,0.6470588235294118,-0.0072226089662070425,0.044187701385629774,0.0,0.0
0.370242214532872,0.6470588235294118,-0.007338635304014035,0.04596612302578075,0.0,0.0
0.3944636678200692,0.6470588235294118,-0.007840950343119595,0.04949862343210547,0.0,0.0
0.4083044982698962,0.6470588235294118,-0.00816145735400851,0.0512016567416721,0.0,0.0
0.4602076124567474,0.6470588235294118,-0.009702268183025877,0.05597227905019732,0.0,0.0
0.5363321799307958,0.6470588235294118,-0.012265508173213695,0.060566895390821954,0.0,0.0
0.6124567474048442,0.6470588235294118,-0.014986334815327493,0.06418695899697553,0.0,0.0
0.6262975778546713,0.6470588235294118,-0.015427659211364079,0.06488573574317738,0.0,0.0
0.3356401384083045,0.643598615916955,-0.007177928922696492,0.03974703613322419,0.0,0.0
0.3391003460207612,0.643598615916955,-0.007117748813722787,0.040346202211900814,0.0,0.0
0.3840830449826989,0.643598615916955,-0.007432105820093038,0.047782256203637345,0.0,0.0
0.4982698961937716,0.643598615916955,-0.01080619708612884,0.058188339153927196,0.0,0.0
0.6262975778546713,0.643598615916955,-0.015266782189373372,0.06459966499726935,0.0,0.0
0.0,0.6401384083044983,-0.001203244560372283,0.0031964155564838245,0.0,0.0
0.0034602076124567,0.6401384083044983,-0.0013188212485970429,0.0033736868693772775,0.0,0.0
0.3321799307958477,0.6401384083044983,-0.00705594510326018,0.03899860799068143,0.0,0.0
0.3356401384083045,0.6401384083044983,-0.006995135718628631,0.03963975175401154,0.0,0.0
0.4290657439446367,0.6401384083044983,-0.008390956182614344,0.05269822517109256,0.0,0.0
0.4394463667820069,0.6401384083044983,-0.008733115336494339,0.053627163149586106,0.0,0.0
0.4705882352941176,0.6401384083044983,-0.00969100157098999,0.056059029974230803,0.0,0.0
0.4844290657439446,0.6401384083044983,-0.010150136191816334,0.05698296564056196,0.0,0.0
0.5224913494809689,0.6401384083044983,-0.011453821110719485,0.05921073320860401,0.0,0.0
0.5467128027681661,0.6401384083044983,-0.012308651695060577,0.06043511506741295,0.0,0.0
0.5778546712802768,0.6401384083044983,-0.013405343357295063,0.061966915024070826,0.0,0.0
0.6020761245674741,0.6401384083044983,-0.014278649025358997,0.06308462807393034,0.0,0.0
0.6262975778546713,0.6401384083044983,-0.015114535349250658,0.06431111026106946,0.0,0.0
0.0,0.6366782006920415,-0.0012099718260706956,0.0032038102057513887,0.0,0.0
0.0034602076124567,0.6366782006920415,-0.0013189664343971792,0.003360323989414629,0.0,0.0
0.0069204152249134,0.6366782006920415,-0.0014367271162025294,0.00353085103475062,0.0,0.0
0.0103806228373702,0.6366782006920415,-0.001560953962076331,0.0037157729342646656,0.0,0.0
0.328719723183391,0.6366782006920415,-0.006961039434752239,0.03829105367959616,0.0,0.0
0.3321799307958477,0.6366782006920415,-0.006884314678782156,0.03890404033906812,0.0,0.0
0.356401384083045,0.6366782006920415,-0.006750515271065198,0.04304088320065108,0.0,0.0
0.3737024221453287,0.6366782006920415,-0.0069140001846257374,0.045740383512833216,0.0,0.0
0.3979238754325259,0.6366782006920415,-0.0074101668273390525,0.04903759859077665,0.0,0.0
0.4083044982698962,0.6366782006920415,-0.007665682104097421,0.05021112003334674,0.0,0.0
0.4186851211072664,0.6366782006920415,-0.007923862964116447,0.05133313072322976,0.0,0.0
0.4532871972318339,0.6366782006920415,-0.008953880916332235,0.054421389304501376,0.0,0.0
0.5605536332179931,0.6366782006920415,-0.012629439498819575,0.06078994022504341,0.0,0.0
0.6262975778546713,0.6366782006920415,-0.014978771605354003,0.0640662970492521,0.0,0.0
0.0,0.6332179930795848,-0.0012199644196822302,0.0031938336644800015,0.0,0.0
0.0103806228373702,0.6332179930795848,-0.0015455962971138017,0.003694489877477608,0.0,0.0
0.0138408304498269,0.6332179930795848,-0.0016893876084555278,0.0039006918322971153,0.0,0.0
0.3217993079584775,0.6332179930795848,-0.006905304861213161,0.03699309936777086,0.0,0.0
0.3252595155709342,0.6332179930795848,-0.006820849742185922,0.037600196390101266,0.0,0.0
0.328719723183391,0.6332179930795848,-0.006751688574343768,0.03819668593795027,0.0,0.0
0.3460207612456747,0.6332179930795848,-0.00657546319451959,0.0411514144053676,0.0,0.0
0.5086505190311419,0.6332179930795848,-0.010611916546529258,0.057806061488632786,0.0,0.0
0.5363321799307958,0.6332179930795848,-0.011580583316158863,0.05928470077589788,0.0,0.0
0.5882352941176471,0.6332179930795848,-0.013448283385806125,0.06183616258693414,0.0,0.0
0.6124567474048442,0.6332179930795848,-0.01437439714215739,0.06299180086750863,0.0,0.0
0.6262975778546713,0.6332179930795848,-0.014817172436518332,0.06375914948749731,0.0,0.0
0.0,0.629757785467128,-0.0012215090068898352,0.00319871126450256,0.0,0.0
0.0138408304498269,0.629757785467128,-0.0016389938633714568,0.0038677316668113246,0.0,0.0
0.0173010380622837,0.629757785467128,-0.0017547016364147417,0.004066680151943774,0.0,0.0
0.0207612456747404,0.629757785467128,-0.0018609894451481878,0.004262478424403321,0.0,0.0
0.3183391003460207,0.629757785467128,-0.006739863898629004,0.03635944607326583,0.0,0.0
0.3217993079584775,0.629757785467128,-0.006684671246576421,0.03693181572690307,0.0,0.0
0.4290657439446367,0.629757785467128,-0.007849422682102161,0.051717594169925496,0.0,0.0
0.4948096885813148,0.629757785467128,-0.00994960583132399,0.056646193161837666,0.0,0.0
0.5501730103806228,0.629757785467128,-0.011900615443290071,0.05965840567251583,0.0,0.0
0.5709342560553633,0.629757785467128,-0.012654998138879112,0.06067833854705663,0.0,0.0
0.5986159169550173,0.629757785467128,-0.013657772139791045,0.06202506693490767,0.0,0.0
0.6262975778546713,0.629757785467128,-0.014652953658008052,0.06349939599723968,0.0,0.0
0.0,0.6262975778546713,-0.001211608857079223,0.0031844206367001317,0.0,0.0
0.0207612456747404,0.6262975778546713,-0.0018165087198941793,0.004229364215725196,0.0,0.0
0.0242214532871972,0.6262975778546713,-0.0019326768145540591,0.004437082348385671,0.0,0.0
0.0276816608996539,0.6262975778546713,-0.002088088376530195,0.004683843098887639,0.0,0.0
0.314878892733564,0.6262975778546713,-0.006594151374828136,0.03574243676689931,0.0,0.0
0.3183391003460207,0.6262975778546713,-0.006509544651349652,0.036333456812348584,0.0,0.0
0.3806228373702422,0.6262975778546713,-0.006487200649490456,0.04600319925526407,0.0,0.0
0.3944636678200692,0.6262975778546713,-0.006772540579304717,0.04774871204690081,0.0,0.0
0.4186851211072664,0.6262975778546713,-0.007367684898257464,0.0504023266590755,0.0,0.0
0.4567474048442906,0.6262975778546713,-0.008526680093359412,0.053767734392952994,0.0,0.0
0.4671280276816609,0.6262975778546713,-0.00884434553130458,0.0544954100092096,0.0,0.0
0.4809688581314879,0.6262975778546713,-0.009295946518166117,0.05544622207269993,0.0,0.0
0.6262975778546713,0.6262975778546713,-0.014477301171284122,0.06314414053749323,0.0,0.0
0.0,0.6228373702422145,-0.0011919893916390318,0.00318565398948967,0.0,0.0
0.0276816608996539,0.6228373702422145,-0.0020085420201761757,0.004644279981808,0.0,0.0
0.0311418685121107,0.6228373702422145,-0.0021836747454366478,0.004901400170993074,0.0,0.0
0.0346020761245674,0.6228373702422145,-0.0024190946007002917,0.005152904126754871,0.0,0.0
0.3079584775086505,0.6228373702422145,-0.0065138700372288855,0.03464578784072681,0.0,0.0
0.3114186851211072,0.6228373702422145,-0.006440331029813392,0.03517157391988499,0.0,0.0
0.314878892733564,0.6228373702422145,-0.006349305897316844,0.035730238231642966,0.0,0.0
0.3391003460207612,0.6228373702422145,-0.006019298217218316,0.039672293554291194,0.0,0.0
0.3667820069204152,0.6228373702422145,-0.0060950806142266965,0.04384861450842336,0.0,0.0
0.4083044982698962,0.6228373702422145,-0.006922205343602927,0.04906043342275664,0.0,0.0
0.4463667820069204,0.6228373702422145,-0.008009552156715772,0.05261562219577227,0.0,0.0
0.5224913494809689,0.6228373702422145,-0.01054631335320098,0.05761423249875851,0.0,0.0
0.532871972318339,0.6228373702422145,-0.010917045753311998,0.05816536642481588,0.0,0.0
0.5813148788927336,0.6228373702422145,-0.012672714991225506,0.06056128944185323,0.0,0.0
0.615916955017301,0.6228373702422145,-0.013987055209138032,0.062269167783725855,0.0,0.0
0.6262975778546713,0.6228373702422145,-0.014308294540184084,0.06283209598710628,0.0,0.0
0.0,0.6193771626297578,-0.0011768963175260386,0.003182017492197858,0.0,0.0
0.0346020761245674,0.6193771626297578,-0.002298660881948969,0.0050997741183686045,0.0,0.0
0.0380622837370242,0.6193771626297578,-0.002481597056079243,0.005366458664154573,0.0,0.0
0.0415224913494809,0.6193771626297578,-0.0026686998111305127,0.0056298959819854975,0.0,0.0
0.301038062283737,0.6193771626297578,-0.006424877237994697,0.033603532979520574,0.0,0.0
0.3044982698961938,0.6193771626297578,-0.006329481750824895,0.034118774634444855,0.0,0.0
0.3079584775086505,0.6193771626297578,-0.006244930550218665,0.03463095558042793,0.0,0.0
0.328719723183391,0.6193771626297578,-0.005878942822654729,0.0379036942188879,0.0,0.0
0.3529411764705882,0.6193771626297578,-0.00580949549811261,0.0416583218561215,0.0,0.0
0.4359861591695502,0.6193771626297578,-0.007479973413941203,0.05141904860928689,0.0,0.0
0.5501730103806228,0.6193771626297578,-0.011350423670456201,0.058702540177166,0.0,0.0
0.5605536332179931,0.6193771626297578,-0.011715877994624027,0.059214763078568794,0.0,0.0
0.5916955017301038,0.6193771626297578,-0.012873741278242607,0.060740652493387406,0.0,0.0
0.6055363321799307,0.6193771626297578,-0.013405735447231676,0.06141586594515365,0.0,0.0
0.6262975778546713,0.6193771626297578,-0.014138014687139419,0.06252126139992004,0.0,0.0
0.0,0.615916955017301,-0.0011566079239139068,0.003172997258237232,0.0,0.0
0.0138408304498269,0.615916955017301,-0.001476222296345021,0.0037930109723085057,0.0,0.0
0.0415224913494809,0.615916955017301,-0.0025109924448469064,0.00556492250714926,0.0,0.0
0.0449826989619377,0.615916955017301,-0.0026988342690536624,0.005823533269686174,0.0,0.0
0.0484429065743944,0.615916955017301,-0.0029248390280399487,0.006121198180383817,0.0,0.0
0.0519031141868512,0.615916955017301,-0.003126844730480116,0.006413272192686597,0.0,0.0
0.2941176470588235,0.615916955017301,-0.006334690159586686,0.03258148206790961,0.0,0.0
0.2975778546712803,0.615916955017301,-0.0062327615372486005,0.03307228387973455,0.0,0.0
0.301038062283737,0.615916955017301,-0.006147312473356243,0.03357788939875027,0.0,0.0
0.3806228373702422,0.615916955017301,-0.005921975339168689,0.045302768266142095,0.0,0.0
0.4256055363321799,0.615916955017301,-0.0069825256053808685,0.05019849442552626,0.0,0.0
0.4567474048442906,0.615916955017301,-0.007927318298383664,0.052796029780020105,0.0,0.0
0.4740484429065744,0.615916955017301,-0.008506380991872979,0.054062578957092884,0.0,0.0
0.4878892733564013,0.615916955017301,-0.008944813683574497,0.05496717270597594,0.0,0.0
0.5051903114186851,0.615916955017301,-0.009554011230790433,0.05602042644966823,0.0,0.0
0.5709342560553633,0.615916955017301,-0.011901965597254528,0.059408811391561345,0.0,0.0
0.6262975778546713,0.615916955017301,-0.013973780239282406,0.062215334761716486,0.0,0.0
0.0,0.6124567474048442,-0.001135439529669748,0.0031627375510851906,0.0,0.0
0.0519031141868512,0.6124567474048442,-0.0028640066293969075,0.006299216674696878,0.0,0.0
0.0553633217993079,0.6124567474048442,-0.003063422306850676,0.006576026440556884,0.0,0.0
0.0588235294117647,0.6124567474048442,-0.003235791972450842,0.006867566426369023,0.0,0.0
0.0622837370242214,0.6124567474048442,-0.003503941390886318,0.007199924528062488,0.0,0.0
0.28719723183391,0.6124567474048442,-0.006199740484291362,0.031579155650745955,0.0,0.0
0.2906574394463668,0.6124567474048442,-0.0061269114734099055,0.032012627410612844,0.0,0.0
0.2941176470588235,0.6124567474048442,-0.0060472936344052606,0.0325637538430258,0.0,0.0
0.3910034602076124,0.6124567474048442,-0.005916147402324176,0.0463117169623596,0.0,0.0
0.5397923875432526,0.6124567474048442,-0.010586670031199084,0.05757923692498722,0.0,0.0
0.6262975778546713,0.6124567474048442,-0.013799582273625233,0.06191304518438828,0.0,0.0
0.0,0.6089965397923875,-0.001101524258417585,0.003159447319585064,0.0,0.0
0.0622837370242214,0.6089965397923875,-0.0031624992139722466,0.007064896599967847,0.0,0.0
0.0657439446366782,0.6089965397923875,-0.003328731611500639,0.007362038667065468,0.0,0.0
0.0692041522491349,0.6089965397923875,-0.0035169490134519523,0.007657744189007387,0.0,0.0
0.0726643598615917,0.6089965397923875,-0.0036984837211984233,0.007972797879009626,0.0,0.0
0.2768166089965398,0.6089965397923875,-0.006108495322823111,0.03012019194126507,0.0,0.0
0.2802768166089965,0.6089965397923875,-0.006058446344974563,0.030580906697185616,0.0,0.0
0.2837370242214533,0.6089965397923875,-0.005984012181348898,0.031073360116591855,0.0,0.0
0.28719723183391,0.6089965397923875,-0.005900760601366494,0.031569042293488794,0.0,0.0
0.3321799307958477,0.6089965397923875,-0.0051629561865624484,0.03821083533461491,0.0,0.0
0.356401384083045,0.6089965397923875,-0.005181793320902156,0.041725316353600626,0.0,0.0
0.370242214532872,0.6089965397923875,-0.005325464423493919,0.0435696907009574,0.0,0.0
0.4394463667820069,0.6089965397923875,-0.007002494762141818,0.05082358444937049,0.0,0.0
0.5294117647058824,0.6089965397923875,-0.009997454060136685,0.056717307900660735,0.0,0.0
0.5536332179930796,0.6089965397923875,-0.010890843496536583,0.057959154660226254,0.0,0.0
0.6124567474048442,0.6089965397923875,-0.013132386769393194,0.06083276449830167,0.0,0.0
0.6228373702422145,0.6089965397923875,-0.01351244128578868,0.061412714933725826,0.0,0.0
0.6262975778546713,0.6089965397923875,-0.013621642694615507,0.0615951771476613,0.0,0.0
0.0,0.6055363321799307,-0.0010577705843589215,0.0031489856424534238,0.0,0.0
0.0103806228373702,0.6055363321799307,-0.0012759210090864202,0.003613961977377116,0.0,0.0
0.0207612456747404,0.6055363321799307,-0.0015276969520756258,0.0041348868262668075,0.0,0.0
0.0346020761245674,0.6055363321799307,-0.0018625839840641387,0.0049639192662568055,0.0,0.0
0.0726643598615917,0.6055363321799307,-0.0033608304189128475,0.007875626602063947,0.0,0.0
0.0761245674740484,0.6055363321799307,-0.0035673203694533005,0.008190084601541634,0.0,0.0
0.0795847750865051,0.6055363321799307,-0.0037639072812490886,0.008528023093128223,0.0,0.0
0.0830449826989619,0.6055363321799307,-0.003925382515166551,0.008857547752973267,0.0,0.0
0.0865051903114186,0.6055363321799307,-0.004180279001307421,0.009228936147069459,0.0,0.0
0.2629757785467128,0.6055363321799307,-0.006039219221615629,0.028300883704578336,0.0,0.0
0.2664359861591695,0.6055363321799307,-0.005987292791419497,0.0287565577516581,0.0,0.0
0.2698961937716263,0.6055363321799307,-0.005943737416938814,0.029207472989265917,0.0,0.0
0.273356401384083,0.6055363321799307,-0.005873255826057288,0.029665003368052795,0.0,0.0
0.2768166089965398,0.6055363321799307,-0.005815116395928293,0.030128787674495554,0.0,0.0
0.314878892733564,0.6055363321799307,-0.005075595836931553,0.03560213233976994,0.0,0.0
0.3460207612456747,0.6055363321799307,-0.004903618707373058,0.04011608955678218,0.0,0.0
0.3806228373702422,0.6055363321799307,-0.00529206826945313,0.04463626832027838,0.0,0.0
0.4083044982698962,0.6055363321799307,-0.005910689923065525,0.047742874368196124,0.0,0.0
0.4498269896193771,0.6055363321799307,-0.0071014826954822015,0.051370101359747074,0.0,0.0
0.4636678200692041,0.6055363321799307,-0.007546357660867414,0.0524020591068087,0.0,0.0
0.4913494809688581,0.6055363321799307,-0.008482032553483674,0.05425262414726166,0.0,0.0
0.5190311418685121,0.6055363321799307,-0.00944736650540839,0.0558526921830734,0.0,0.0
0.5674740484429066,0.6055363321799307,-0.011204045720559367,0.05831816432138999,0.0,0.0
0.5882352941176471,0.6055363321799307,-0.011970617271028872,0.05931455520499718,0.0,0.0
0.6020761245674741,0.6055363321799307,-0.012539387501567087,0.06000626011604519,0.0,0.0
0.6228373702422145,0.6055363321799307,-0.013310451267366229,0.06109425711786288,0.0,0.0
0.0,0.6020761245674741,-0.0010040550582992537,0.0031425610272730175,0.0,0.0
0.0865051903114186,0.6020761245674741,-0.0037243491487105934,0.009094852370119498,0.0,0.0
0.0899653979238754,0.6020761245674741,-0.003843283679628391,0.00943876901738094,0.0,0.0
0.0934256055363321,0.6020761245674741,-0.003969145173796049,0.009765890719441884,0.0,0.0
0.0968858131487889,0.6020761245674741,-0.004125344987234444,0.010112835949096774,0.0,0.0
0.1003460207612456,0.6020761245674741,-0.004238683982795923,0.01043208205322173,0.0,0.0
0.1038062283737024,0.6020761245674741,-0.004364256381449955,0.010774556618813425,0.0,0.0
0.1072664359861591,0.6020761245674741,-0.00450743242187559,0.011109424775822097,0.0,0.0
0.1107266435986159,0.6020761245674741,-0.0045980710913643705,0.011409701183596709,0.0,0.0
0.2422145328719723,0.6020761245674741,-0.006019995021457089,0.02568898483045122,0.0,0.0
0.245674740484429,0.6020761245674741,-0.005988860673635545,0.026119104851954483,0.0,0.0
0.2491349480968858,0.6020761245674741,-0.005936950699167915,0.026549164705040148,0.0,0.0
0.2525951557093425,0.6020761245674741,-0.005877846682712938,0.027008405355125983,0.0,0.0
0.2560553633217993,0.6020761245674741,-0.005819413697978415,0.027446230913230594,0.0,0.0
0.259515570934256,0.6020761245674741,-0.005752197325042519,0.027880669981569798,0.0,0.0
0.2629757785467128,0.6020761245674741,-0.005722337273152675,0.028324154353500053,0.0,0.0
0.2975778546712803,0.6020761245674741,-0.005087105200927619,0.03309148587542403,0.0,0.0
0.3944636678200692,0.6020761245674741,-0.00536207402912767,0.046013154949466964,0.0,0.0
0.4221453287197231,0.6020761245674741,-0.006084991316056904,0.04879429012121404,0.0,0.0
0.4809688581314879,0.6020761245674741,-0.007909007722878992,0.05328576857045296,0.0,0.0
0.5086505190311419,0.6020761245674741,-0.008860712173829754,0.05496684051193153,0.0,0.0
0.5432525951557093,0.6020761245674741,-0.010108626545987721,0.05680714695649346,0.0,0.0
0.5778546712802768,0.6020761245674741,-0.011397330064402777,0.05850772176399931,0.0,0.0
0.6228373702422145,0.6020761245674741,-0.013113050912385646,0.060786687386772204,0.0,0.0
0.0,0.5986159169550173,-0.0009497250709999865,0.003154054438211475,0.0,0.0
0.0449826989619377,0.5986159169550173,-0.0019504040857507149,0.005635559230567925,0.0,0.0
0.1107266435986159,0.5986159169550173,-0.0042166601817019075,0.011353496845179794,0.0,0.0
0.1141868512110726,0.5986159169550173,-0.004338956219405959,0.01167148485901516,0.0,0.0
0.1176470588235294,0.5986159169550173,-0.004475203868121244,0.012034787556831239,0.0,0.0
0.1211072664359861,0.5986159169550173,-0.00456983354546829,0.012355012239202596,0.0,0.0
0.1245674740484429,0.5986159169550173,-0.004663628724493672,0.012686145276014027,0.0,0.0
0.1280276816608996,0.5986159169550173,-0.00477637156523893,0.013018917277803327,0.0,0.0
0.1314878892733564,0.5986159169550173,-0.0048254761277063555,0.013391048634349093,0.0,0.0
0.1349480968858131,0.5986159169550173,-0.004963356396215836,0.01372929022409147,0.0,0.0
0.1384083044982699,0.5986159169550173,-0.0050290247222278955,0.014096673656386144,0.0,0.0
0.1418685121107266,0.5986159169550173,-0.005106428965928937,0.014436040553152151,0.0,0.0
0.1453287197231834,0.5986159169550173,-0.0051802301907031886,0.01480136407778233,0.0,0.0
0.1487889273356401,0.5986159169550173,-0.005235699209050555,0.015171510214122889,0.0,0.0
0.1522491349480969,0.5986159169550173,-0.005308368171601231,0.015526608452740339,0.0,0.0
0.1557093425605536,0.5986159169550173,-0.005392487293173006,0.01586104906024763,0.0,0.0
0.1591695501730103,0.5986159169550173,-0.005443206695859744,0.016218631384261224,0.0,0.0
0.1626297577854671,0.5986159169550173,-0.00549268720866138,0.016563992183447653,0.0,0.0
0.1660899653979238,0.5986159169550173,-0.0055312244517455285,0.016954077105956426,0.0,0.0
0.1695501730103806,0.5986159169550173,-0.005587565689753895,0.017321044018970735,0.0,0.0
0.1730103806228373,0.5986159169550173,-0.005620016733985192,0.017696048510369954,0.0,0.0
0.1764705882352941,0.5986159169550173,-0.005655407982194008,0.018064613199750876,0.0,0.0
0.1799307958477508,0.5986159169550173,-0.005619017682102193,0.018481565110569836,0.0,0.0
0.1833910034602076,0.5986159169550173,-0.005628596954322069,0.018873661743241947,0.0,0.0
0.1868512110726643,0.5986159169550173,-0.005680578285266183,0.01929483731654389,0.0,0.0
0.1903114186851211,0.5986159169550173,-0.005672549567252989,0.0196814945440555,0.0,0.0
0.1937716262975778,0.5986159169550173,-0.005734988854013505,0.020057234404385983,0.0,0.0
0.1972318339100346,0.5986159169550173,-0.005725155594990316,0.02045075447563926,0.0,0.0
0.2006920415224913,0.5986159169550173,-0.005753795583383429,0.020818882556097408,0.0,0.0
0.2041522491349481,0.5986159169550173,-0.005778707979886254,0.02120741154926989,0.0,0.0
0.2076124567474048,0.5986159169550173,-0.005752754531355269,0.02162268738430983,0.0,0.0
0.2110726643598615,0.5986159169550173,-0.005755452296405505,0.022017882463543255,0.0,0.0
0.2145328719723183,0.5986159169550173,-0.005777432919531266,0.022424831074171182,0.0,0.0
0.2179930795847751,0.5986159169550173,-0.005745152673715566,0.022825263383630494,0.0,0.0
0.2214532871972318,0.5986159169550173,-0.005759376374169876,0.02323744861890051,0.0,0.0
0.2249134948096885,0.5986159169550173,-0.005726582106769642,0.023652840314008935,0.0,0.0
0.2283737024221453,0.5986159169550173,-0.005708470049314173,0.024064812874389933,0.0,0.0
0.231833910034602,0.5986159169550173,-0.005703324332499182,0.02447220560922986,0.0,0.0
0.2352941176470588,0.5986159169550173,-0.005661433288447717,0.024898566612861245,0.0,0.0
0.2387543252595155,0.5986159169550173,-0.005684323956152624,0.025290346268345042,0.0,0.0
0.2422145328719723,0.5986159169550173,-0.005642552104081572,0.02571627931385615,0.0,0.0
0.3252595155709342,0.5986159169550173,-0.004505513470897914,0.03696863353186522,0.0,0.0
0.3667820069204152,0.5986159169550173,-0.004638986331615691,0.042578944480160794,0.0,0.0
0.4325259515570934,0.5986159169550173,-0.006176883255536997,0.04943179004736939,0.0,0.0
0.532871972318339,0.5986159169550173,-0.00951728756164632,0.05597199196663885,0.0,0.0
0.6124567474048442,0.5986159169550173,-0.012561823924948208,0.05993164962577424,0.0,0.0
0.6228373702422145,0.5986159169550173,-0.012921998868787454,0.060492905183319914,0.0,0.0
0.0,0.5951557093425606,-0.0008978329404964215,0.003137491001016263,0.0,0.0
0.0138408304498269,0.5951557093425606,-0.0011337075146148994,0.00377008278472699,0.0,0.0
0.0553633217993079,0.5951557093425606,-0.00212803352546547,0.006380093189538977,0.0,0.0
0.28719723183391,0.5951557093425606,-0.004652952365087944,0.031637715131278873,0.0,0.0
0.3114186851211072,0.5951557093425606,-0.004346313974480475,0.035013218332367174,0.0,0.0
0.3840830449826989,0.5951557093425606,-0.004727777027719693,0.044408819412617005,0.0,0.0
0.4117647058823529,0.5951557093425606,-0.005367622834137688,0.0473236936831794,0.0,0.0
0.4429065743944637,0.5951557093425606,-0.006265325322403717,0.04999481792728697,0.0,0.0
0.4671280276816609,0.5951557093425606,-0.007022239098133179,0.051782714745010436,0.0,0.0
0.4982698961937716,0.5951557093425606,-0.008089756524629496,0.05375201037228451,0.0,0.0
0.5224913494809689,0.5951557093425606,-0.008930851364931758,0.05511547124746662,0.0,0.0
0.5536332179930796,0.5951557093425606,-0.01007873630758214,0.05670279638381875,0.0,0.0
0.5640138408304498,0.5951557093425606,-0.010484504819515192,0.05720960004374822,0.0,0.0
0.6228373702422145,0.5951557093425606,-0.012731620457816046,0.06019248008836057,0.0,0.0
0.0,0.5916955017301038,-0.0008359433501277697,0.0031416855070350727,0.0,0.0
0.0657439446366782,0.5916955017301038,-0.0022764540274664846,0.007166236993944418,0.0,0.0
0.0795847750865051,0.5916955017301038,-0.0026617174567586874,0.008327938473570823,0.0,0.0
0.0899653979238754,0.5916955017301038,-0.0029631168745123905,0.0092987578228679,0.0,0.0
0.2698961937716263,0.5916955017301038,-0.004607705775667302,0.029379846274558877,0.0,0.0
0.301038062283737,0.5916955017301038,-0.004193765373859432,0.03353136709777697,0.0,0.0
0.3391003460207612,0.5916955017301038,-0.0040226394159719025,0.03872239351070907,0.0,0.0
0.356401384083045,0.5916955017301038,-0.004128887326448295,0.040957961448004086,0.0,0.0
0.4013840830449827,0.5916955017301038,-0.00490092203761107,0.046057258831281915,0.0,0.0
0.4567474048442906,0.5916955017301038,-0.006480395917828625,0.05077542956785056,0.0,0.0
0.5121107266435986,0.5916955017301038,-0.008364761307345502,0.0542558790092898,0.0,0.0
0.5743944636678201,0.5916955017301038,-0.01067548570277654,0.05739932625664405,0.0,0.0
0.6020761245674741,0.5916955017301038,-0.01171821341467541,0.05874404799891966,0.0,0.0
0.6228373702422145,0.5916955017301038,-0.012543403408489386,0.05990349432292092,0.0,0.0
0.0,0.5882352941176471,-0.0007631341885746914,0.0031354822034653073,0.0,0.0
0.0311418685121107,0.5882352941176471,-0.0012955588582770562,0.004712305561492497,0.0,0.0
0.0415224913494809,0.5882352941176471,-0.001499110567049273,0.005364479638985123,0.0,0.0
0.1038062283737024,0.5882352941176471,-0.003079769719408934,0.01059897655074224,0.0,0.0
0.1730103806228373,0.5882352941176471,-0.00440452105141346,0.017879442006031435,0.0,0.0
0.2110726643598615,0.5882352941176471,-0.0046569684822775365,0.02214750768692798,0.0,0.0
0.3217993079584775,0.5882352941176471,-0.003795713943552675,0.03629977816502798,0.0,0.0
0.370242214532872,0.5882352941176471,-0.004072382753506792,0.042464495800272256,0.0,0.0
0.5397923875432526,0.5882352941176471,-0.009145565527952494,0.0553874962217427,0.0,0.0
0.5882352941176471,0.5882352941176471,-0.010998219353708701,0.057774054312297006,0.0,0.0
0.6228373702422145,0.5882352941176471,-0.012327240332501023,0.05957153751757257,0.0,0.0
0.0,0.5847750865051903,-0.0006894283569053661,0.0031337840429863937,0.0,0.0
0.0519031141868512,0.5847750865051903,-0.0016040027236532176,0.006079695504323385,0.0,0.0
0.1211072664359861,0.5847750865051903,-0.0032333290341003667,0.01233888449432283,0.0,0.0
0.1522491349480969,0.5847750865051903,-0.003804125622760523,0.015620393732607771,0.0,0.0
0.1868512110726643,0.5847750865051903,-0.0042112549357494105,0.019435330081095794,0.0,0.0
0.2006920415224913,0.5847750865051903,-0.004247361577945371,0.02100762149596599,0.0,0.0
0.2249134948096885,0.5847750865051903,-0.0042888157050411145,0.023811578171236948,0.0,0.0
0.2387543252595155,0.5847750865051903,-0.0042218038339109495,0.025516134820821795,0.0,0.0
0.2525951557093425,0.5847750865051903,-0.004124881403863356,0.027225974124276794,0.0,0.0
0.3806228373702422,0.5847750865051903,-0.004047978144571881,0.04344360407363043,0.0,0.0
0.3910034602076124,0.5847750865051903,-0.004255791652074813,0.044538351977155874,0.0,0.0
0.4221453287197231,0.5847750865051903,-0.005024828569684937,0.04753265945461713,0.0,0.0
0.4463667820069204,0.5847750865051903,-0.005724454598623222,0.049456647675251986,0.0,0.0
0.4740484429065744,0.5847750865051903,-0.0066048319974351885,0.05138375283908988,0.0,0.0
0.4878892733564013,0.5847750865051903,-0.007054578782765474,0.052240393972709256,0.0,0.0
0.5017301038062284,0.5847750865051903,-0.007554441868771003,0.053039379268831774,0.0,0.0
0.5294117647058824,0.5847750865051903,-0.008549812925231777,0.05454135294816497,0.0,0.0
0.5605536332179931,0.5847750865051903,-0.009723256974140712,0.05609139488187494,0.0,0.0
0.6228373702422145,0.5847750865051903,-0.012124332730883175,0.05926334487299478,0.0,0.0
0.0,0.5813148788927336,-0.0006047009362823716,0.0031306398871868203,0.0,0.0
0.0173010380622837,0.5813148788927336,-0.0008329864159725684,0.00394354529524394,0.0,0.0
0.0622837370242214,0.5813148788927336,-0.001638136364093492,0.006858770142978063,0.0,0.0
0.0934256055363321,0.5813148788927336,-0.0023215710242848507,0.009573627613801056,0.0,0.0
0.1384083044982699,0.5813148788927336,-0.003266180284032755,0.014166005556927744,0.0,0.0
0.1626297577854671,0.5813148788927336,-0.0036109609042089745,0.016770607906471273,0.0,0.0
0.2629757785467128,0.5813148788927336,-0.0036990102985021245,0.028562106190514358,0.0,0.0
0.2768166089965398,0.5813148788927336,-0.0035767028507572886,0.03033816789015134,0.0,0.0
0.2906574394463668,0.5813148788927336,-0.0034307608953368213,0.032158559851486246,0.0,0.0
0.3391003460207612,0.5813148788927336,-0.0033428641212538365,0.0384178696045917,0.0,0.0
0.3494809688581315,0.5813148788927336,-0.0034035379364075156,0.039703417005159,0.0,0.0
0.4117647058823529,0.5813148788927336,-0.0045226793008270524,0.04634224198884131,0.0,0.0
0.4359861591695502,0.5813148788927336,-0.005192387516915734,0.0484020130457789,0.0,0.0
0.4636678200692041,0.5813148788927336,-0.006047386142815364,0.05040625569506662,0.0,0.0
0.5190311418685121,0.5813148788927336,-0.007965685850768317,0.05371202334912335,0.0,0.0
0.5778546712802768,0.5813148788927336,-0.010180563482357685,0.05660040658868358,0.0,0.0
0.6089965397923875,0.5813148788927336,-0.011404255857044106,0.05819388438392745,0.0,0.0
0.6228373702422145,0.5813148788927336,-0.011919193298922963,0.05893629333276959,0.0,0.0
0.0,0.5778546712802768,-0.0005160084895684446,0.0031336257788596405,0.0,0.0
0.0276816608996539,0.5778546712802768,-0.0009011692064766221,0.004512296583407982,0.0,0.0
0.0726643598615917,0.5778546712802768,-0.0016723883502690585,0.007696711937057371,0.0,0.0
0.1730103806228373,0.5778546712802768,-0.0033920488119192813,0.017940762517987565,0.0,0.0
0.3079584775086505,0.5778546712802768,-0.0030578962717320753,0.03438102720699216,0.0,0.0
0.3183391003460207,0.5778546712802768,-0.003052499834277432,0.03571065518313168,0.0,0.0
0.5467128027681661,0.5778546712802768,-0.008757898325700321,0.05478494092450609,0.0,0.0
0.6228373702422145,0.5778546712802768,-0.011700224668882191,0.05862055423322869,0.0,0.0
0.0,0.5743944636678201,-0.0004201427591610181,0.003126882809795968,0.0,0.0
0.0380622837370242,0.5743944636678201,-0.0009308150918377338,0.005149790327050343,0.0,0.0
0.0484429065743944,0.5743944636678201,-0.0010802812815688884,0.0058321025653351646,0.0,0.0
0.0830449826989619,0.5743944636678201,-0.0016543175770998074,0.008614299167714789,0.0,0.0
0.1107266435986159,0.5743944636678201,-0.002198460951884725,0.011262330584176332,0.0,0.0
0.2145328719723183,0.5743944636678201,-0.0032824460780905332,0.022718342550834495,0.0,0.0
0.245674740484429,0.5743944636678201,-0.003188952229123249,0.02647443561879904,0.0,0.0
0.328719723183391,0.5743944636678201,-0.002831340050335154,0.0369330772120601,0.0,0.0
0.3598615916955017,0.5743944636678201,-0.0030586373239941717,0.04064665590752762,0.0,0.0
0.3771626297577855,0.5743944636678201,-0.0033532792838635458,0.04254250202590487,0.0,0.0
0.4013840830449827,0.5743944636678201,-0.0038573240748220666,0.04491525862221217,0.0,0.0
0.4256055363321799,0.5743944636678201,-0.0044428991623646,0.04708478146495201,0.0,0.0
0.4532871972318339,0.5743944636678201,-0.005257779487809113,0.0491566139900039,0.0,0.0
0.4982698961937716,0.5743944636678201,-0.00676900598783013,0.05197364521968204,0.0,0.0
0.5086505190311419,0.5743944636678201,-0.007143108857914512,0.05254267560002944,0.0,0.0
0.532871972318339,0.5743944636678201,-0.008054085231020382,0.053798437905182524,0.0,0.0
0.5570934256055363,0.5743944636678201,-0.008959429300470726,0.054964271578066194,0.0,0.0
0.5674740484429066,0.5743944636678201,-0.009360264127989753,0.05546637788787254,0.0,0.0
0.5916955017301038,0.5743944636678201,-0.010293445008777161,0.05666189418664468,0.0,0.0
0.6228373702422145,0.5743944636678201,-0.011503150456352114,0.058335262803738255,0.0,0.0
0.0,0.5709342560553633,-0.0003243301750077698,0.0031361396580100857,0.0,0.0
0.0138408304498269,0.5709342560553633,-0.00047846035585831113,0.003785097382582158,0.0,0.0
0.1003460207612456,0.5709342560553633,-0.0017677833098447189,0.010226655568587532,0.0,0.0
0.1522491349480969,0.5709342560553633,-0.0025505988720326165,0.01565505674575083,0.0,0.0
0.1937716262975778,0.5709342560553633,-0.002915086706019042,0.02032579161580212,0.0,0.0
0.2352941176470588,0.5709342560553633,-0.0029466111247160344,0.025206865526606326,0.0,0.0
0.2698961937716263,0.5709342560553633,-0.0027499100323447774,0.029485184487935173,0.0,0.0
0.2837370242214533,0.5709342560553633,-0.0026736608229337164,0.031233044651583636,0.0,0.0
0.3425605536332179,0.5709342560553633,-0.002677963594419421,0.03850239008222688,0.0,0.0
0.3910034602076124,0.5709342560553633,-0.00339198191884547,0.04375937354833201,0.0,0.0
0.4429065743944637,0.5709342560553633,-0.00472323083997268,0.04815386595477359,0.0,0.0
0.4878892733564013,0.5709342560553633,-0.0062001495501476595,0.05108560431833002,0.0,0.0
0.6228373702422145,0.5709342560553633,-0.011292474241155844,0.05804638341630755,0.0,0.0
0.0,0.5674740484429066,-0.0002324578862113777,0.003145600974654144,0.0,0.0
0.0622837370242214,0.5674740484429066,-0.0009753247768581323,0.0068817460373694975,0.0,0.0
0.1280276816608996,0.5674740484429066,-0.001917915947028686,0.013049958779514616,0.0,0.0
0.1660899653979238,0.5674740484429066,-0.002411304585169787,0.017214135651057935,0.0,0.0
0.1799307958477508,0.5674740484429066,-0.0025170862200062745,0.01876597225826558,0.0,0.0
0.2041522491349481,0.5674740484429066,-0.002646297975392213,0.021524153334207558,0.0,0.0
0.2249134948096885,0.5674740484429066,-0.0026545405662576254,0.02396482157334559,0.0,0.0
0.259515570934256,0.5674740484429066,-0.002510276082265316,0.02820099342189461,0.0,0.0
0.2941176470588235,0.5674740484429066,-0.0023403800512025465,0.03253673022903949,0.0,0.0
0.4705882352941176,0.5674740484429066,-0.005393455395165071,0.049764475244766695,0.0,0.0
0.5224913494809689,0.5674740484429066,-0.007230994614794856,0.05266975340792593,0.0,0.0
0.6055363321799307,0.5674740484429066,-0.010433766840066399,0.05676824126646897,0.0,0.0
0.6228373702422145,0.5674740484429066,-0.011088935516501343,0.05773263642101947,0.0,0.0
0.0,0.5640138408304498,-0.00013628052888887542,0.0031527683560408303,0.0,0.0
0.0242214532871972,0.5640138408304498,-0.00037960202898553174,0.004333126450894935,0.0,0.0
0.0346020761245674,0.5640138408304498,-0.0004700064515269867,0.004940244355482156,0.0,0.0
0.0484429065743944,0.5640138408304498,-0.0006176245115290645,0.0058613066653478004,0.0,0.0
0.0795847750865051,0.5640138408304498,-0.0010359737375046614,0.008323827977476363,0.0,0.0
0.1141868512110726,0.5640138408304498,-0.001476824851845759,0.011606900836990246,0.0,0.0
0.1418685121107266,0.5640138408304498,-0.0018473012282636976,0.014547520557355469,0.0,0.0
0.2145328719723183,0.5640138408304498,-0.0023347381783872944,0.022785733023664857,0.0,0.0
0.3044982698961938,0.5640138408304498,-0.0020675787978329105,0.03378872979085172,0.0,0.0
0.3183391003460207,0.5640138408304498,-0.0020775032727540516,0.03545555820218892,0.0,0.0
0.3737024221453287,0.5640138408304498,-0.0026314470938974166,0.04168180368904957,0.0,0.0
0.4152249134948096,0.5640138408304498,-0.0035175671078033154,0.04553085601813742,0.0,0.0
0.4325259515570934,0.5640138408304498,-0.003992858001349581,0.046904570204820716,0.0,0.0
0.4567474048442906,0.5640138408304498,-0.004720598662414727,0.04860789590655527,0.0,0.0
0.5121107266435986,0.5640138408304498,-0.0066148748073389906,0.05185274353648266,0.0,0.0
0.5813148788927336,0.5640138408304498,-0.009247827644826201,0.05518619265850276,0.0,0.0
0.5951557093425606,0.5640138408304498,-0.009810271162313715,0.05591340048608312,0.0,0.0
0.6228373702422145,0.5640138408304498,-0.010880818097192081,0.05743871642269684,0.0,0.0
0.0,0.5605536332179931,-4.09313918647201e-05,0.0031489722935724275,0.0,0.0
0.0103806228373702,0.5605536332179931,-0.00011754453280863467,0.0036334398411221355,0.0,0.0
0.0968858131487889,0.5605536332179931,-0.001042693963317589,0.009917594485750584,0.0,0.0
0.1557093425605536,0.5605536332179931,-0.0017259577158315134,0.01607354880828673,0.0,0.0
0.1903114186851211,0.5605536332179931,-0.0020031878503523923,0.019974546217933327,0.0,0.0
0.245674740484429,0.5605536332179931,-0.0020036997531405216,0.02652884799247223,0.0,0.0
0.2768166089965398,0.5605536332179931,-0.0018822643330072125,0.0303590762997227,0.0,0.0
0.3321799307958477,0.5605536332179931,-0.0019065115547344572,0.037005537743199646,0.0,0.0
0.3598615916955017,0.5605536332179931,-0.002180493313875339,0.04006001886269231,0.0,0.0
0.3875432525951557,0.5605536332179931,-0.002652203004071116,0.04286396829822085,0.0,0.0
0.4013840830449827,0.5605536332179931,-0.002948059880248212,0.044100893900295896,0.0,0.0
0.4809688581314879,0.5605536332179931,-0.005286544972394223,0.049833623601990985,0.0,0.0
0.4913494809688581,0.5605536332179931,-0.005638778165612382,0.05041265202667307,0.0,0.0
0.5017301038062284,0.5605536332179931,-0.006020672377978192,0.05100135120917286,0.0,0.0
0.5397923875432526,0.5605536332179931,-0.007431402408478833,0.05288857414305418,0.0,0.0
0.5570934256055363,0.5605536332179931,-0.008111247114725252,0.05372259882028119,0.0,0.0
0.5709342560553633,0.5605536332179931,-0.008625836738042871,0.05435692366601643,0.0,0.0
0.6228373702422145,0.5605536332179931,-0.010679305000970876,0.05712184216843938,0.0,0.0
0.0,0.5570934256055363,6.61256691459133e-05,0.003160930754443922,0.0,0.0
0.0588235294117647,0.5570934256055363,-0.00042743332984191936,0.0066431202267637195,0.0,0.0
0.1245674740484429,0.5570934256055363,-0.0011301328570224299,0.012711633038500626,0.0,0.0
0.2006920415224913,0.5570934256055363,-0.0017673960264794138,0.021190715856271566,0.0,0.0
0.231833910034602,0.5570934256055363,-0.0017497270770469803,0.02486179431357652,0.0,0.0
0.28719723183391,0.5570934256055363,-0.0016031338162077898,0.03163688883018387,0.0,0.0
0.6089965397923875,0.5570934256055363,-0.009935109851424817,0.05599789270024838,0.0,0.0
0.6228373702422145,0.5570934256055363,-0.010468894488064515,0.05679539604386464,0.0,0.0
0.0,0.5536332179930796,0.00015798011032731597,0.0031608705431161485,0.0,0.0
0.0346020761245674,0.5536332179930796,-6.806992123180566e-05,0.004996690785891793,0.0,0.0
0.0830449826989619,0.5536332179930796,-0.0005083123758537402,0.008661942503193775,0.0,0.0
0.1349480968858131,0.5536332179930796,-0.0010074813267700877,0.013831096621455975,0.0,0.0
0.1730103806228373,0.5536332179930796,-0.0013338217109276525,0.018057020035947433,0.0,0.0
0.2179930795847751,0.5536332179930796,-0.001499125487185288,0.023274803691929368,0.0,0.0
0.301038062283737,0.5536332179930796,-0.001369542593526473,0.0332682965208278,0.0,0.0
0.3494809688581315,0.5536332179930796,-0.0016229126320476581,0.03874439126941337,0.0,0.0
0.370242214532872,0.5536332179930796,-0.0019111509033594358,0.04085473972511232,0.0,0.0
0.4290657439446367,0.5536332179930796,-0.003219928896848104,0.04596264379565875,0.0,0.0
0.4463667820069204,0.5536332179930796,-0.0037277272497212633,0.047159233309990195,0.0,0.0
0.4636678200692041,0.5536332179930796,-0.004273270746384313,0.04826095417021075,0.0,0.0
0.5294117647058824,0.5536332179930796,-0.006609981948776089,0.05179688906957942,0.0,0.0
0.5847750865051903,0.5536332179930796,-0.008759112734672392,0.05442628158271426,0.0,0.0
0.6228373702422145,0.5536332179930796,-0.010271298222693192,0.05644714376003192,0.0,0.0
0.0,0.5501730103806228,0.0002626538761723677,0.0031636412410687995,0.0,0.0
0.0173010380622837,0.5501730103806228,0.00015607707094109316,0.004013476235014059,0.0,0.0
0.0692041522491349,0.5501730103806228,-0.00018703834901401273,0.0074932331067401724,0.0,0.0
0.1141868512110726,0.5501730103806228,-0.0005763461024924523,0.011634538276708266,0.0,0.0
0.1522491349480969,0.5501730103806228,-0.000922765012276614,0.015745675627542886,0.0,0.0
0.1868512110726643,0.5501730103806228,-0.0011542547922655637,0.019654306575601174,0.0,0.0
0.259515570934256,0.5501730103806228,-0.0011479557582128558,0.028268048151912875,0.0,0.0
0.3183391003460207,0.5501730103806228,-0.001141961238363426,0.03520600775148823,0.0,0.0
0.4083044982698962,0.5501730103806228,-0.0024486546300039316,0.04409840206414996,0.0,0.0
0.4913494809688581,0.5501730103806228,-0.004990218773100443,0.04961132191660074,0.0,0.0
0.5155709342560554,0.5501730103806228,-0.005871997944464191,0.050830407251995065,0.0,0.0
0.5743944636678201,0.5501730103806228,-0.008139507285574358,0.053620479137263144,0.0,0.0
0.5986159169550173,0.5501730103806228,-0.0091165350422619,0.054820775115787805,0.0,0.0
0.6228373702422145,0.5501730103806228,-0.010068180966249719,0.056116833240051435,0.0,0.0
0.0,0.5467128027681661,0.0003547384582784999,0.0031848071378482103,0.0,0.0
0.0484429065743944,0.5467128027681661,0.00012826562352373635,0.005921625738598752,0.0,0.0
0.0588235294117647,0.5467128027681661,5.366470570566834e-05,0.006695269299816294,0.0,0.0
0.1003460207612456,0.5467128027681661,-0.0002642350862188151,0.010296200718253825,0.0,0.0
0.2076124567474048,0.5467128027681661,-0.0009338023861190898,0.022066064581567468,0.0,0.0
0.2422145328719723,0.5467128027681661,-0.0009126173572646908,0.026192383056275918,0.0,0.0
0.273356401384083,0.5467128027681661,-0.0008597911672297365,0.029917928312055232,0.0,0.0
0.3321799307958477,0.5467128027681661,-0.0010009125955813933,0.036675917197487834,0.0,0.0
0.3840830449826989,0.5467128027681661,-0.0017192300671421614,0.04182243190945333,0.0,0.0
0.3979238754325259,0.5467128027681661,-0.002010994560946019,0.04303554082319523,0.0,0.0
0.4186851211072664,0.5467128027681661,-0.0024935829880193927,0.044723440720963986,0.0,0.0
0.4775086505190311,0.5467128027681661,-0.004273914654194486,0.048558204786280285,0.0,0.0
0.5017301038062284,0.5467128027681661,-0.005144624848055014,0.04987121804820324,0.0,0.0
0.5640138408304498,0.5467128027681661,-0.007525524563596802,0.052849352526639755,0.0,0.0
0.6228373702422145,0.5467128027681661,-0.009878483131055027,0.05577986627711822,0.0,0.0
0.0,0.5432525951557093,0.00045055878335585977,0.003189132662300408,0.0,0.0
0.0865051903114186,0.5432525951557093,5.8847862441666755e-05,0.009015144867076262,0.0,0.0
0.1245674740484429,0.5432525951557093,-0.00022951765482478296,0.012753548817681662,0.0,0.0
0.1626297577854671,0.5432525951557093,-0.00048505803034193357,0.01692861566086143,0.0,0.0
0.2179930795847751,0.5432525951557093,-0.0006637343041607322,0.023309767885597764,0.0,0.0
0.28719723183391,0.5432525951557093,-0.00060021012085909,0.03157073939945165,0.0,0.0
0.3598615916955017,0.5432525951557093,-0.0010812087475045046,0.0394207710691901,0.0,0.0
0.4359861591695502,0.5432525951557093,-0.002764474774487855,0.045753892664424575,0.0,0.0
0.4602076124567474,0.5432525951557093,-0.003495841462258625,0.04729622988688939,0.0,0.0
0.5363321799307958,0.5432525951557093,-0.006234938397933593,0.05122853304723632,0.0,0.0
0.5536332179930796,0.5432525951557093,-0.006902935978610963,0.052067923651178426,0.0,0.0
0.6089965397923875,0.5432525951557093,-0.009110998852879786,0.054708121152740256,0.0,0.0
0.6228373702422145,0.5432525951557093,-0.009663350928428904,0.055436942211846314,0.0,0.0
0.0,0.5397923875432526,0.0005515078610033143,0.003187950884051765,0.0,0.0
0.0311418685121107,0.5397923875432526,0.00046690951770292344,0.004829162564310894,0.0,0.0
0.0761245674740484,0.5397923875432526,0.0002761232660834998,0.008118480490396351,0.0,0.0
0.1972318339100346,0.5397923875432526,-0.0003776384354638478,0.020916938151111827,0.0,0.0
0.2283737024221453,0.5397923875432526,-0.00039469021858929624,0.024566692448997805,0.0,0.0
0.2525951557093425,0.5397923875432526,-0.0003839909546227018,0.027435508601239434,0.0,0.0
0.3114186851211072,0.5397923875432526,-0.00044637407677514915,0.03426942956609741,0.0,0.0
0.5190311418685121,0.5397923875432526,-0.005358499991021096,0.05013426179270688,0.0,0.0
0.6228373702422145,0.5397923875432526,-0.009470286356480792,0.05513230245129397,0.0,0.0
0.0,0.5363321799307958,0.0006530260011218692,0.003200854969793251,0.0,0.0
0.0415224913494809,0.5363321799307958,0.0005698208800389088,0.005503818776391143,0.0,0.0
0.0657439446366782,0.5363321799307958,0.0004883142821387147,0.007275420153373747,0.0,0.0
0.1141868512110726,0.5363321799307958,0.000253865886381952,0.011689439399158142,0.0,0.0
0.1349480968858131,0.5363321799307958,0.00013107520629388925,0.013890523534398997,0.0,0.0
0.1487889273356401,0.5363321799307958,6.413184596306258e-05,0.015398248128172523,0.0,0.0
0.1799307958477508,0.5363321799307958,-7.141415455143233e-05,0.018921568332021188,0.0,0.0
0.2076124567474048,0.5363321799307958,-0.00014261926502509163,0.022139979479221437,0.0,0.0
0.2387543252595155,0.5363321799307958,-0.00013120664813996447,0.02580251027738182,0.0,0.0
0.2975778546712803,0.5363321799307958,-0.00012800302632135738,0.03267880724707518,0.0,0.0
0.3252595155709342,0.5363321799307958,-0.0002904741269517165,0.035681023468780854,0.0,0.0
0.3425605536332179,0.5363321799307958,-0.00042949271419683737,0.03747845575967779,0.0,0.0
0.3771626297577855,0.5363321799307958,-0.0009263340799973275,0.04076706474895491,0.0,0.0
0.4152249134948096,0.5363321799307958,-0.001752637017842326,0.043831175655237614,0.0,0.0
0.4498269896193771,0.5363321799307958,-0.0027207091974690333,0.04618101453825269,0.0,0.0
0.4878892733564013,0.5363321799307958,-0.003947429348950865,0.04831206286978192,0.0,0.0
0.5674740484429066,0.5363321799307958,-0.007028172546264835,0.05209974852934787,0.0,0.0
0.5847750865051903,0.5363321799307958,-0.007717806717222395,0.05288965146524435,0.0,0.0
0.6228373702422145,0.5363321799307958,-0.0092436038964292,0.05477193398413263,0.0,0.0
0.0,0.532871972318339,0.0007614085986114277,0.0032156914317177264,0.0,0.0
0.0173010380622837,0.532871972318339,0.000733634055476786,0.004076298773059595,0.0,0.0
0.1038062283737024,0.532871972318339,0.0004993763912149991,0.010669321640219713,0.0,0.0
0.2629757785467128,0.532871972318339,0.00010575789280539946,0.02864809018835885,0.0,0.0
0.2768166089965398,0.532871972318339,0.00010473281709527812,0.030269561868923,0.0,0.0
0.3667820069204152,0.532871972318339,-0.0005320347203446859,0.039677367214217274,0.0,0.0
0.3910034602076124,0.532871972318339,-0.0009822081222010837,0.041765955293309766,0.0,0.0
0.4394463667820069,0.532871972318339,-0.0022042924829729256,0.04530872781851816,0.0,0.0
0.4705882352941176,0.532871972318339,-0.0031754056107239897,0.047149857092211235,0.0,0.0
0.5051903114186851,0.532871972318339,-0.004377011530966307,0.04892169782627844,0.0,0.0
0.5536332179930796,0.532871972318339,-0.0062701257044099545,0.05115147101739106,0.0,0.0
0.6020761245674741,0.532871972318339,-0.00822628657981844,0.05338574751832681,0.0,0.0
0.6124567474048442,0.532871972318339,-0.008673544766096043,0.05390227473602896,0.0,0.0
0.6228373702422145,0.532871972318339,-0.009048814778726783,0.05441551227133422,0.0,0.0
0.0,0.5294117647058824,0.0008733859362923405,0.003229287348447716,0.0,0.0
0.0519031141868512,0.5294117647058824,0.0008398880330146014,0.006249137489907578,0.0,0.0
0.0899653979238754,0.5294117647058824,0.0007339576809366471,0.009391413569095694,0.0,0.0
0.1626297577854671,0.5294117647058824,0.0004498511774217418,0.016957120086607134,0.0,0.0
0.1903114186851211,0.5294117647058824,0.00037079343506138114,0.020141041524184767,0.0,0.0
0.2179930795847751,0.5294117647058824,0.00033387538724405466,0.023365236345667055,0.0,0.0
0.356401384083045,0.5294117647058824,-0.0001508945605630737,0.03857647609779829,0.0,0.0
0.4048442906574394,0.5294117647058824,-0.001066973039901344,0.04266568441405174,0.0,0.0
0.4290657439446367,0.5294117647058824,-0.001684706999495426,0.04439596929889916,0.0,0.0
0.4602076124567474,0.5294117647058824,-0.0026217699064016446,0.04631864982085198,0.0,0.0
0.5259515570934256,0.5294117647058824,-0.004999651476650812,0.04960462824776474,0.0,0.0
0.5432525951557093,0.5294117647058824,-0.005636659539313105,0.050354540981622294,0.0,0.0
0.6228373702422145,0.5294117647058824,-0.008850182342454428,0.054104304772819294,0.0,0.0
0.0,0.5259515570934256,0.0009831134241092374,0.003233522323925157,0.0,0.0
0.0346020761245674,0.5259515570934256,0.0009875886804329155,0.005116609690028993,0.0,0.0
0.0622837370242214,0.5259515570934256,0.0009574446957841524,0.007077228180957231,0.0,0.0
0.0761245674740484,0.5259515570934256,0.0009395409248189365,0.008201679152894263,0.0,0.0
0.1211072664359861,0.5259515570934256,0.0008074524504539357,0.012470692958212369,0.0,0.0
0.1384083044982699,0.5259515570934256,0.0007523381421381065,0.01431488119066879,0.0,0.0
0.2041522491349481,0.5259515570934256,0.0005770215155810063,0.02179105497791051,0.0,0.0
0.231833910034602,0.5259515570934256,0.0005858209198419035,0.025027919100217677,0.0,0.0
0.245674740484429,0.5259515570934256,0.0005772226562932175,0.026655441070647656,0.0,0.0
0.28719723183391,0.5259515570934256,0.0005636125282095955,0.03143305975150533,0.0,0.0
0.3114186851211072,0.5259515570934256,0.0004893140494196689,0.03407869029126053,0.0,0.0
0.6228373702422145,0.5259515570934256,-0.008658056299987744,0.053767122648215454,0.0,0.0
0.0,0.5224913494809689,0.0010902994818654485,0.003241546872316318,0.0,0.0
0.0103806228373702,0.5224913494809689,0.0010997952687965278,0.0037629314494632897,0.0,0.0
0.1487889273356401,0.5224913494809689,0.000919666785498129,0.015464809713319157,0.0,0.0
0.1799307958477508,0.5224913494809689,0.0008460204076145389,0.01897859112660793,0.0,0.0
0.3252595155709342,0.5224913494809689,0.0005900678947684498,0.03541067505983063,0.0,0.0
0.3737024221453287,0.5224913494809689,8.383174275839906e-06,0.03986889499965054,0.0,0.0
0.4186851211072664,0.5224913494809689,-0.000980792569230687,0.04328594852389782,0.0,0.0
0.4429065743944637,0.5224913494809689,-0.0016574690982485063,0.04484297480372446,0.0,0.0
0.4878892733564013,0.5224913494809689,-0.00309595707240246,0.04727873361744415,0.0,0.0
0.5121107266435986,0.5224913494809689,-0.004001237367931256,0.048377418145324536,0.0,0.0
0.5570934256055363,0.5224913494809689,-0.005748664929489064,0.05034660104411345,0.0,0.0
0.5743944636678201,0.5224913494809689,-0.0064496310524191115,0.05114429063242967,0.0,0.0
0.6228373702422145,0.5224913494809689,-0.008464270392924066,0.05343482657111112,0.0,0.0
0.0,0.5190311418685121,0.001193993546891026,0.003253783684851633,0.0,0.0
0.0207612456747404,0.5190311418685121,0.0012103445651931038,0.004319327531284805,0.0,0.0
0.0449826989619377,0.5190311418685121,0.001251712124836117,0.0058334344946085245,0.0,0.0
0.1072664359861591,0.5190311418685121,0.0011981554880396413,0.011078502846728662,0.0,0.0
0.2629757785467128,0.5190311418685121,0.0010410302915242007,0.028649490540955933,0.0,0.0
0.301038062283737,0.5190311418685121,0.0009771974544116808,0.032871066217952445,0.0,0.0
0.3425605536332179,0.5190311418685121,0.0006400700588072979,0.03698228818031252,0.0,0.0
0.3875432525951557,0.5190311418685121,-5.582649850123088e-05,0.04084544804959699,0.0,0.0
0.4290657439446367,0.5190311418685121,-0.0010588280634458455,0.0437736298168688,0.0,0.0
0.5363321799307958,0.5190311418685121,-0.0047431160087573095,0.04915644476390199,0.0,0.0
0.5882352941176471,0.5190311418685121,-0.006821988907381162,0.05141873907855536,0.0,0.0
0.6228373702422145,0.5190311418685121,-0.008271593376672071,0.05308701863638254,0.0,0.0
0.0,0.5155709342560554,0.00131507341416336,0.003276631889457936,0.0,0.0
0.0934256055363321,0.5155709342560554,0.0014078067764292455,0.009784467526621834,0.0,0.0
0.1591695501730103,0.5155709342560554,0.00131054712724876,0.01663772493383203,0.0,0.0
0.1937716262975778,0.5155709342560554,0.0012738914439468063,0.020603666605169015,0.0,0.0
0.2145328719723183,0.5155709342560554,0.0012597426403200662,0.02302097933050431,0.0,0.0
0.2422145328719723,0.5155709342560554,0.0012592458415554024,0.026254131158818386,0.0,0.0
0.2768166089965398,0.5155709342560554,0.0012421620438037252,0.030191905313617387,0.0,0.0
0.3529411764705882,0.5155709342560554,0.0007218030263641585,0.037834358871737514,0.0,0.0
0.4567474048442906,0.5155709342560554,-0.0016533688411238096,0.04517571524601316,0.0,0.0
0.4740484429065744,0.5155709342560554,-0.0022052586706100526,0.04605886001915288,0.0,0.0
0.5017301038062284,0.5155709342560554,-0.003180566130238571,0.047376489133628005,0.0,0.0
0.6055363321799307,0.5155709342560554,-0.007353808086316868,0.051868728157070956,0.0,0.0
0.6228373702422145,0.5155709342560554,-0.00806973733000169,0.052726220775594676,0.0,0.0
0.0,0.5121107266435986,0.0014237837286904514,0.0032854403755985936,0.0,0.0
0.0622837370242214,0.5121107266435986,0.0015546879885980705,0.007142768327182234,0.0,0.0
0.0795847750865051,0.5121107266435986,0.0015822552211601775,0.008578280251707277,0.0,0.0
0.1211072664359861,0.5121107266435986,0.0015649049509642028,0.012547366831719036,0.0,0.0
0.1349480968858131,0.5121107266435986,0.0015520350331412326,0.014006503334891188,0.0,0.0
0.1730103806228373,0.5121107266435986,0.0014987658226085412,0.01823698522407347,0.0,0.0
0.2041522491349481,0.5121107266435986,0.0014677058413687738,0.02184034657760268,0.0,0.0
0.231833910034602,0.5121107266435986,0.0014904836021705876,0.025064899441843782,0.0,0.0
0.314878892733564,0.5121107266435986,0.0013164387454936237,0.0342041385236201,0.0,0.0
0.3633217993079585,0.5121107266435986,0.000791246445386682,0.0385978493342876,0.0,0.0
0.3979238754325259,0.5121107266435986,0.00014878054459960494,0.041287577654146014,0.0,0.0
0.4117647058823529,0.5121107266435986,-0.0001611017400429585,0.042231875839346664,0.0,0.0
0.4429065743944637,0.5121107266435986,-0.0010145460607272365,0.04418486882529611,0.0,0.0
0.4913494809688581,0.5121107266435986,-0.002609756821692134,0.046638159033372956,0.0,0.0
0.5259515570934256,0.5121107266435986,-0.00391012150773837,0.04811825340040586,0.0,0.0
0.5501730103806228,0.5121107266435986,-0.0048498793122880345,0.049134592287733696,0.0,0.0
0.5605536332179931,0.5121107266435986,-0.005263114642284984,0.049593838822804846,0.0,0.0
0.6228373702422145,0.5121107266435986,-0.007882373820278309,0.05237870819804874,0.0,0.0
0.0,0.5086505190311419,0.0015283397627641204,0.003301343416311219,0.0,0.0
0.0138408304498269,0.5086505190311419,0.0015726630815390541,0.0039996221509338735,0.0,0.0
0.0276816608996539,0.5086505190311419,0.0015905763326391894,0.004752698813655885,0.0,0.0
0.0415224913494809,0.5086505190311419,0.001642432980785998,0.005641647172708705,0.0,0.0
0.1453287197231834,0.5086505190311419,0.0017169159896636118,0.015137295485946138,0.0,0.0
0.1833910034602076,0.5086505190311419,0.0016824202260754717,0.019430598684862056,0.0,0.0
0.2560553633217993,0.5086505190311419,0.0017045005510481445,0.027847496233965652,0.0,0.0
0.2906574394463668,0.5086505190311419,0.0016527652737594726,0.03167445145575751,0.0,0.0
0.3044982698961938,0.5086505190311419,0.001598618963247689,0.033111693621726404,0.0,0.0
0.3321799307958477,0.5086505190311419,0.0013996509003323806,0.03578447378799397,0.0,0.0
0.3771626297577855,0.5086505190311419,0.0007756509399702197,0.03961731914734303,0.0,0.0
0.4325259515570934,0.5086505190311419,-0.0005219539707555473,0.043380019610842376,0.0,0.0
0.5709342560553633,0.5086505190311419,-0.005494698344707297,0.04969065208791944,0.0,0.0
0.5951557093425606,0.5086505190311419,-0.006518480511262843,0.05071984505354459,0.0,0.0
0.6228373702422145,0.5086505190311419,-0.007688335088526134,0.0520373939129429,0.0,0.0
0.0,0.5051903114186851,0.0016429204545325934,0.003322654355015216,0.0,0.0
0.0519031141868512,0.5051903114186851,0.0018146311423288123,0.006403915581632361,0.0,0.0
0.0899653979238754,0.5051903114186851,0.001903476963056539,0.009539656036142732,0.0,0.0
0.1003460207612456,0.5051903114186851,0.0019173043036176843,0.010506074768869549,0.0,0.0
0.1107266435986159,0.5051903114186851,0.001922841424156402,0.0115177487818207,0.0,0.0
0.2698961937716263,0.5051903114186851,0.0018984915545753323,0.029394363377007477,0.0,0.0
0.2802768166089965,0.5051903114186851,0.0018884063862234148,0.030539352772969444,0.0,0.0
0.4221453287197231,0.5051903114186851,-5.674390640003802e-06,0.04253437658662343,0.0,0.0
0.4636678200692041,0.5051903114186851,-0.0012573855389082624,0.044844140362155865,0.0,0.0
0.4740484429065744,0.5051903114186851,-0.0016009996132111464,0.04530381878503556,0.0,0.0
0.5121107266435986,0.5051903114186851,-0.002960227764504082,0.04698594829230425,0.0,0.0
0.5397923875432526,0.5051903114186851,-0.004020612103926297,0.04806907629603595,0.0,0.0
0.5847750865051903,0.5051903114186851,-0.005872945068312025,0.04992658294342207,0.0,0.0
0.6089965397923875,0.5051903114186851,-0.006905017437504844,0.05099928937930737,0.0,0.0
0.6228373702422145,0.5051903114186851,-0.0075093724945072375,0.051702561109378486,0.0,0.0
0.0,0.5017301038062284,0.0017495115752300175,0.0033571368790064606,0.0,0.0
0.0692041522491349,0.5017301038062284,0.0020156550235405214,0.007763161814436354,0.0,0.0
0.1245674740484429,0.5017301038062284,0.00210618584731806,0.012964076724564566,0.0,0.0
0.1349480968858131,0.5017301038062284,0.0021062335695496157,0.014053888416842063,0.0,0.0
0.1557093425605536,0.5017301038062284,0.002114810735499952,0.016324427366163546,0.0,0.0
0.1937716262975778,0.5017301038062284,0.00211583898039503,0.02068531398629711,0.0,0.0
0.2110726643598615,0.5017301038062284,0.0021170509087595243,0.022680983864347828,0.0,0.0
0.2249134948096885,0.5017301038062284,0.0021246938978479995,0.024278601902101696,0.0,0.0
0.2422145328719723,0.5017301038062284,0.002125596740814546,0.02626985634576986,0.0,0.0
0.3460207612456747,0.5017301038062284,0.00164090760239716,0.036845815818033,0.0,0.0
0.3910034602076124,0.5017301038062284,0.0009277202376986492,0.04034320612829653,0.0,0.0
0.4048442906574394,0.5017301038062284,0.0005993737300117902,0.04128113042313909,0.0,0.0
0.4463667820069204,0.5017301038062284,-0.0005080275485769743,0.04371850648929277,0.0,0.0
0.4844290657439446,0.5017301038062284,-0.0017646940718271994,0.045528713769872796,0.0,0.0
0.5570934256055363,0.5017301038062284,-0.004516838004432467,0.0484917845004243,0.0,0.0
0.6228373702422145,0.5017301038062284,-0.0073119369924672505,0.051344652748650035,0.0,0.0
0.0,0.4982698961937716,0.0018490520631051807,0.0033502362419826183,0.0,0.0
0.0103806228373702,0.4982698961937716,0.001920683088269562,0.003879679156070099,0.0,0.0
0.0207612456747404,0.4982698961937716,0.001936100397443011,0.004433477542859207,0.0,0.0
0.1730103806228373,0.4982698961937716,0.0023124664228178935,0.01825775335996248,0.0,0.0
0.2525951557093425,0.4982698961937716,0.0023391495439301488,0.0274878470080924,0.0,0.0
0.2906574394463668,0.4982698961937716,0.002285926536982552,0.03159538552453536,0.0,0.0
0.301038062283737,0.4982698961937716,0.002248645865067187,0.032659914523095745,0.0,0.0
0.3217993079584775,0.4982698961937716,0.0021174261706929163,0.03462305023449803,0.0,0.0
0.3321799307958477,0.4982698961937716,0.0020221903742009637,0.035561179485331676,0.0,0.0
0.3598615916955017,0.4982698961937716,0.0016724189018064413,0.037890767458051644,0.0,0.0
0.4359861591695502,0.4982698961937716,1.4409626881230889e-05,0.042947341593558654,0.0,0.0
0.4982698961937716,0.4982698961937716,-0.0020470195813514737,0.04582686664329186,0.0,0.0
0.5986159169550173,0.4982698961937716,-0.006066707960160883,0.049851400751718414,0.0,0.0
0.6228373702422145,0.4982698961937716,-0.007128430020784725,0.0509932416236891,0.0,0.0
0.0,0.4948096885813148,0.0019582409979662092,0.0033656756459047835,0.0,0.0
0.0346020761245674,0.4948096885813148,0.002128145959271914,0.005281597502758284,0.0,0.0
0.0449826989619377,0.4948096885813148,0.0021974574931259492,0.0059713591114923465,0.0,0.0
0.0795847750865051,0.4948096885813148,0.002333091362287793,0.008678334473988275,0.0,0.0
0.0968858131487889,0.4948096885813148,0.0023925730363888367,0.010223158416844704,0.0,0.0
0.1072664359861591,0.4948096885813148,0.0024235255279362834,0.011230774267799856,0.0,0.0
0.2629757785467128,0.4948096885813148,0.0025442240501984004,0.02863433139954518,0.0,0.0
0.2802768166089965,0.4948096885813148,0.002514536548797567,0.030502836606202947,0.0,0.0
0.3737024221453287,0.4948096885813148,0.0016585751697673731,0.038837836435866135,0.0,0.0
0.4567474048442906,0.4948096885813148,-0.00042734529238540596,0.04378785609999227,0.0,0.0
0.5294117647058824,0.4948096885813148,-0.0030071065624293104,0.046764376931748425,0.0,0.0
0.6089965397923875,0.4948096885813148,-0.006328528039059496,0.04998203826461612,0.0,0.0
0.6228373702422145,0.4948096885813148,-0.0069506499937679374,0.050650472501743815,0.0,0.0
0.0,0.4913494809688581,0.0020622691603868434,0.003376787823551392,0.0,0.0
0.0553633217993079,0.4913494809688581,0.0023698098877515026,0.006727918093118201,0.0,0.0
0.1176470588235294,0.4913494809688581,0.00259137827399023,0.0122804414105111,0.0,0.0
0.1314878892733564,0.4913494809688581,0.002622489247493734,0.013756648890993983,0.0,0.0
0.1453287197231834,0.4913494809688581,0.0026643151741451024,0.015265344470726036,0.0,0.0
0.1557093425605536,0.4913494809688581,0.002675708500325121,0.016405112528407893,0.0,0.0
0.1833910034602076,0.4913494809688581,0.0026968124379358306,0.019514440003355504,0.0,0.0
0.2179930795847751,0.4913494809688581,0.0027258720201713896,0.023553311939442274,0.0,0.0
0.231833910034602,0.4913494809688581,0.002748684180564517,0.025131206381125336,0.0,0.0
0.3114186851211072,0.4913494809688581,0.002587913899444522,0.033580543007407114,0.0,0.0
0.3494809688581315,0.4913494809688581,0.0022313750127412723,0.03686008564289331,0.0,0.0
0.3840830449826989,0.4913494809688581,0.0016810947465808522,0.03943893805938333,0.0,0.0
0.3944636678200692,0.4913494809688581,0.001478379852927789,0.04012619382634957,0.0,0.0
0.4221453287197231,0.4913494809688581,0.000809034704249471,0.0417724659071644,0.0,0.0
0.4671280276816609,0.4913494809688581,-0.0005671183025525903,0.04403695372534763,0.0,0.0
0.4809688581314879,0.4913494809688581,-0.0010449803848529469,0.04459947193930775,0.0,0.0
0.5397923875432526,0.4913494809688581,-0.0032338773026231718,0.046866961456533685,0.0,0.0
0.5674740484429066,0.4913494809688581,-0.004359189852511014,0.04791794709842721,0.0,0.0
0.5847750865051903,0.4913494809688581,-0.005077997785253954,0.04857442146196361,0.0,0.0
0.6228373702422145,0.4913494809688581,-0.00675922334838157,0.050290848540416835,0.0,0.0
0.0,0.4878892733564013,0.0021701144955571456,0.0033913125645540156,0.0,0.0
0.0692041522491349,0.4878892733564013,0.002579734739106276,0.007836344508883422,0.0,0.0
0.1660899653979238,0.4878892733564013,0.0028610251095995236,0.017557272986857726,0.0,0.0
0.2006920415224913,0.4878892733564013,0.00290267790445069,0.02156918393369924,0.0,0.0
0.2422145328719723,0.4878892733564013,0.002950098098914582,0.026324159589237464,0.0,0.0
0.3356401384083045,0.4878892733564013,0.0025925519543071158,0.035653341741240525,0.0,0.0
0.3633217993079585,0.4878892733564013,0.0022509657421031838,0.037829591344696156,0.0,0.0
0.4048442906574394,0.4878892733564013,0.0014324395769841946,0.040613641085042736,0.0,0.0
0.4394463667820069,0.4878892733564013,0.0005109469900173076,0.042495332811322076,0.0,0.0
0.5155709342560554,0.4878892733564013,-0.002090789866180596,0.045638620869179546,0.0,0.0
0.5501730103806228,0.4878892733564013,-0.0034566221353009344,0.046963030833541704,0.0,0.0
0.5951557093425606,0.4878892733564013,-0.005340456049056593,0.0486512490424494,0.0,0.0
0.6228373702422145,0.4878892733564013,-0.0065855180437215995,0.04994442366612508,0.0,0.0
0.0,0.4844290657439446,0.0022750553944526153,0.0034061203488194064,0.0,0.0
0.0138408304498269,0.4844290657439446,0.002370356175709466,0.0041078259703106025,0.0,0.0
0.2802768166089965,0.4844290657439446,0.0031125900490096767,0.03044323545528174,0.0,0.0
0.2941176470588235,0.4844290657439446,0.0030638891326806583,0.03184041884821749,0.0,0.0
0.3217993079584775,0.4844290657439446,0.0029286977104315336,0.034429899021924275,0.0,0.0
0.4948096885813148,0.4844290657439446,-0.0011243931893310263,0.04457908271429173,0.0,0.0
0.6055363321799307,0.4844290657439446,-0.005609075050990988,0.04877016815074275,0.0,0.0
0.6228373702422145,0.4844290657439446,-0.006400788397561632,0.049577607287182565,0.0,0.0
0.0,0.4809688581314879,0.002374901448969057,0.00342312890902969,0.0,0.0
0.0311418685121107,0.4809688581314879,0.00260355395328833,0.005122516804460114,0.0,0.0
0.0449826989619377,0.4809688581314879,0.0027101325712032,0.006041770484189959,0.0,0.0
0.0553633217993079,0.4809688581314879,0.0027744020969407194,0.006779152148560632,0.0,0.0
0.0899653979238754,0.4809688581314879,0.002953046560422251,0.009669090360755427,0.0,0.0
0.1072664359861591,0.4809688581314879,0.0030614913659487175,0.011308738632980195,0.0,0.0
0.1211072664359861,0.4809688581314879,0.003107962286081632,0.012701793065823804,0.0,0.0
0.1384083044982699,0.4809688581314879,0.0031656446344094365,0.014553100084770888,0.0,0.0
0.1764705882352941,0.4809688581314879,0.0032745872335503447,0.018785164517185836,0.0,0.0
0.2249134948096885,0.4809688581314879,0.003340282614910631,0.02436578798939039,0.0,0.0
0.2525951557093425,0.4809688581314879,0.0033493927250078945,0.027488156486051227,0.0,0.0
0.2698961937716263,0.4809688581314879,0.00334803608336474,0.029356331840013645,0.0,0.0
0.3875432525951557,0.4809688581314879,0.002221750662463372,0.039261711714026544,0.0,0.0
0.4186851211072664,0.4809688581314879,0.001481082812850621,0.041031415454538214,0.0,0.0
0.4290657439446367,0.4809688581314879,0.00121669701434361,0.04155367951338253,0.0,0.0
0.4532871972318339,0.4809688581314879,0.00048520224314341334,0.042705187860991395,0.0,0.0
0.4775086505190311,0.4809688581314879,-0.00033920563345494955,0.04369762820842388,0.0,0.0
0.5051903114186851,0.4809688581314879,-0.0013082854033997227,0.04468616259041637,0.0,0.0
0.532871972318339,0.4809688581314879,-0.0023896835385899895,0.04569284399034165,0.0,0.0
0.5605536332179931,0.4809688581314879,-0.0035088250479250976,0.046666851948828705,0.0,0.0
0.5778546712802768,0.4809688581314879,-0.0042141668468863355,0.04727716689938639,0.0,0.0
0.6228373702422145,0.4809688581314879,-0.006207685305439995,0.049200030572147835,0.0,0.0
0.0,0.4775086505190311,0.0024736052043271618,0.003420201909604155,0.0,0.0
0.0761245674740484,0.4775086505190311,0.003033447609661492,0.00847176477811693,0.0,0.0
0.1522491349480969,0.4775086505190311,0.0033953161481552253,0.016064547618342025,0.0,0.0
0.2041522491349481,0.4775086505190311,0.003514068198947118,0.022012799905725293,0.0,0.0
0.2145328719723183,0.4775086505190311,0.0035019152363816586,0.02320932470618778,0.0,0.0
0.2352941176470588,0.4775086505190311,0.0035292067986131756,0.02556355296764944,0.0,0.0
0.3079584775086505,0.4775086505190311,0.0034016984009661846,0.03310599750113009,0.0,0.0
0.3391003460207612,0.4775086505190311,0.0031657618749527583,0.03571042109402889,0.0,0.0
0.3529411764705882,0.4775086505190311,0.002999422789747607,0.036769987899117534,0.0,0.0
0.370242214532872,0.4775086505190311,0.002743163272540105,0.038007327601764694,0.0,0.0
0.4394463667820069,0.4775086505190311,0.0010987176993849084,0.04184340980734387,0.0,0.0
0.4636678200692041,0.4775086505190311,0.00033380107001904807,0.04290331685201903,0.0,0.0
0.5224913494809689,0.4775086505190311,-0.0017855507902343939,0.04501282285685142,0.0,0.0
0.6228373702422145,0.4775086505190311,-0.006019760386217877,0.048830356204727324,0.0,0.0
0.0,0.4740484429065744,0.002584430152439696,0.003438292249381166,0.0,0.0
0.1660899653979238,0.4740484429065744,0.00361923024536184,0.017666417644854004,0.0,0.0
0.1937716262975778,0.4740484429065744,0.0036631975697066,0.020830217187541872,0.0,0.0
0.328719723183391,0.4740484429065744,0.0034355872520161544,0.03483026329242358,0.0,0.0
0.4083044982698962,0.4740484429065744,0.0021642709275378385,0.04014339700923774,0.0,0.0
0.5432525951557093,0.4740484429065744,-0.002418163842122005,0.0454610560451389,0.0,0.0
0.5916955017301038,0.4740484429065744,-0.004467357955707138,0.047143033869583774,0.0,0.0
0.6228373702422145,0.4740484429065744,-0.005831324279515071,0.04838140854434355,0.0,0.0
0.0,0.4705882352941176,0.00268573617136202,0.0034568072516669053,0.0,0.0
0.0173010380622837,0.4705882352941176,0.002830193485145841,0.004353235021691116,0.0,0.0
0.0276816608996539,0.4705882352941176,0.002922323489157549,0.004957571267506575,0.0,0.0
0.0588235294117647,0.4705882352941176,0.003199004470791782,0.007093587792714606,0.0,0.0
0.1280276816608996,0.4705882352941176,0.0036340382363963643,0.013489616902955057,0.0,0.0
0.1418685121107266,0.4705882352941176,0.0036971257932052423,0.014965333739273183,0.0,0.0
0.2249134948096885,0.4705882352941176,0.003903375504370036,0.024413950655173555,0.0,0.0
0.245674740484429,0.4705882352941176,0.003916277411396225,0.026736594837640956,0.0,0.0
0.2629757785467128,0.4705882352941176,0.003924864523142476,0.028612246625167176,0.0,0.0
0.273356401384083,0.4705882352941176,0.003900133227088784,0.029696077994392136,0.0,0.0
0.2837370242214533,0.4705882352941176,0.003871169395767248,0.030740261747551286,0.0,0.0
0.2975778546712803,0.4705882352941176,0.0038292609451390583,0.032074825508781574,0.0,0.0
0.3944636678200692,0.4705882352941176,0.002652382292757584,0.03926252423848081,0.0,0.0
0.4221453287197231,0.4705882352941176,0.001999733416057467,0.04065079533941307,0.0,0.0
0.4532871972318339,0.4705882352941176,0.0010602094863776516,0.042012653619010604,0.0,0.0
0.4740484429065744,0.4705882352941176,0.00037282077760305307,0.04278610471745622,0.0,0.0
0.4982698961937716,0.4705882352941176,-0.0005239002138983978,0.04363437240194489,0.0,0.0
0.5121107266435986,0.4705882352941176,-0.0010318048912845994,0.04409073015510662,0.0,0.0
0.5709342560553633,0.4705882352941176,-0.00340228652005558,0.04605176756623581,0.0,0.0
0.5813148788927336,0.4705882352941176,-0.0038448053349184937,0.046418215951482544,0.0,0.0
0.6228373702422145,0.4705882352941176,-0.00565637243345369,0.04799403652215516,0.0,0.0
0.0,0.4671280276816609,0.002784157641864702,0.003466475367802326,0.0,0.0
0.0415224913494809,0.4671280276816609,0.003183539984201413,0.005853873437253218,0.0,0.0
0.0830449826989619,0.4671280276816609,0.0035163636171952005,0.009119902801001754,0.0,0.0
0.1107266435986159,0.4671280276816609,0.0037172412632294543,0.011734658156891195,0.0,0.0
0.1764705882352941,0.4671280276816609,0.004010108269013088,0.018861580649809327,0.0,0.0
0.2041522491349481,0.4671280276816609,0.00406057204817418,0.02203494423664604,0.0,0.0
0.2145328719723183,0.4671280276816609,0.004060886044932233,0.0232280236398789,0.0,0.0
0.314878892733564,0.4671280276816609,0.003933105349816165,0.033575843781352824,0.0,0.0
0.3425605536332179,0.4671280276816609,0.00371712398089876,0.03577142530623274,0.0,0.0
0.3667820069204152,0.4671280276816609,0.0033784353730842436,0.03745855411585616,0.0,0.0
0.4325259515570934,0.4671280276816609,0.001886959213244329,0.04091882547825114,0.0,0.0
0.4429065743944637,0.4671280276816609,0.0015562964620275267,0.04138430506695589,0.0,0.0
0.4844290657439446,0.4671280276816609,0.00017672200986542752,0.04289338882638336,0.0,0.0
0.6055363321799307,0.4671280276816609,-0.004720106539632713,0.046984945612420184,0.0,0.0
0.6228373702422145,0.4671280276816609,-0.00549712340800077,0.04762306867048645,0.0,0.0
0.0,0.4636678200692041,0.002889165589176204,0.0034794704117015506,0.0,0.0
0.0934256055363321,0.4636678200692041,0.003744501082954094,0.01008451629707015,0.0,0.0
0.1868512110726643,0.4636678200692041,0.0042245778702693715,0.02007513122053675,0.0,0.0
0.3321799307958477,0.4636678200692041,0.004002598601261611,0.03491830640731353,0.0,0.0
0.3771626297577855,0.4636678200692041,0.003408779663062795,0.03798505377768966,0.0,0.0
0.4636678200692041,0.4636678200692041,0.0010886059172988713,0.04194041543755171,0.0,0.0
0.5294117647058824,0.4636678200692041,-0.001339982905040951,0.044082665994389196,0.0,0.0
0.5397923875432526,0.4636678200692041,-0.0017588626263342604,0.04441912511431403,0.0,0.0
0.5536332179930796,0.4636678200692041,-0.002321098403439642,0.04481812657523507,0.0,0.0
0.5951557093425606,0.4636678200692041,-0.004095742295825212,0.046234060045304226,0.0,0.0
0.6228373702422145,0.4636678200692041,-0.005319247878142956,0.0472129314554111,0.0,0.0
0.0,0.4602076124567474,0.0029884591022347326,0.003493721660935078,0.0,0.0
0.0726643598615917,0.4602076124567474,0.003737593094613317,0.008280738521094164,0.0,0.0
0.1245674740484429,0.4602076124567474,0.0041147615650854955,0.013166075123537487,0.0,0.0
0.1453287197231834,0.4602076124567474,0.00423650435053384,0.01538095191581387,0.0,0.0
0.1626297577854671,0.4602076124567474,0.0043121570013694484,0.017311804865576964,0.0,0.0
0.2352941176470588,0.4602076124567474,0.004468147711869017,0.025622982377284057,0.0,0.0
0.259515570934256,0.4602076124567474,0.004479083548424878,0.028258897691758565,0.0,0.0
0.273356401384083,0.4602076124567474,0.004473923789206519,0.02969327446242192,0.0,0.0
0.356401384083045,0.4602076124567474,0.003935988611027293,0.036575537197874874,0.0,0.0
0.4013840830449827,0.4602076124567474,0.0031003662663262096,0.039152211585191596,0.0,0.0
0.4152249134948096,0.4602076124567474,0.0027318075311770816,0.039819284712155706,0.0,0.0
0.5051903114186851,0.4602076124567474,-0.00025904311816722837,0.043039266016137875,0.0,0.0
0.5847750865051903,0.4602076124567474,-0.003478997456043461,0.0455058118844347,0.0,0.0
0.6228373702422145,0.4602076124567474,-0.00516391504088593,0.04684290224876729,0.0,0.0
0.0,0.4567474048442906,0.0030842646213786306,0.003505490458966764,0.0,0.0
0.0138408304498269,0.4567474048442906,0.0032377533946609657,0.004213271860519893,0.0,0.0
0.0276816608996539,0.4567474048442906,0.0033791108016067487,0.005004916815096886,0.0,0.0
0.0380622837370242,0.4567474048442906,0.0035117010415803345,0.005669235229180174,0.0,0.0
0.1038062283737024,0.4567474048442906,0.0041555886700720066,0.011109937166241647,0.0,0.0
0.1349480968858131,0.4567474048442906,0.004350256722634034,0.014269359545232028,0.0,0.0
0.1730103806228373,0.4567474048442906,0.0045289943964770376,0.0185437950807661,0.0,0.0
0.2145328719723183,0.4567474048442906,0.004618715840658335,0.0232869187914802,0.0,0.0
0.2491349480968858,0.4567474048442906,0.0046645075421153275,0.027148159830955827,0.0,0.0
0.28719723183391,0.4567474048442906,0.004624920348355885,0.03105297951912722,0.0,0.0
0.301038062283737,0.4567474048442906,0.004563959468612463,0.03231898283848855,0.0,0.0
0.3217993079584775,0.4567474048442906,0.004470463143976257,0.03406144808434653,0.0,0.0
0.3875432525951557,0.4567474048442906,0.003582435997385842,0.038313375586844195,0.0,0.0
0.4740484429065744,0.4567474048442906,0.001066417696899941,0.04179550435826252,0.0,0.0
0.4878892733564013,0.4567474048442906,0.0005624994533622058,0.04221687669348005,0.0,0.0
0.5674740484429066,0.4567474048442906,-0.00258144552271883,0.04461300952902764,0.0,0.0
0.6089965397923875,0.4567474048442906,-0.004389232335464815,0.04600952349002121,0.0,0.0
0.6228373702422145,0.4567474048442906,-0.005014240229669812,0.04646027035554719,0.0,0.0
0.0,0.4532871972318339,0.0031836670141983025,0.0035282578892282283,0.0,0.0
0.0484429065743944,0.4532871972318339,0.0037704185943395344,0.006424261706793033,0.0,0.0
0.0622837370242214,0.4532871972318339,0.003925890609495025,0.00746777557169904,0.0,0.0
0.1141868512110726,0.4532871972318339,0.004389119050429567,0.01215094427702483,0.0,0.0
0.1972318339100346,0.4532871972318339,0.004778058987073406,0.021325431963187483,0.0,0.0
0.2249134948096885,0.4532871972318339,0.004826087673501846,0.024470610814552204,0.0,0.0
0.3391003460207612,0.4532871972318339,0.004504927196867152,0.035281779984095436,0.0,0.0
0.3667820069204152,0.4532871972318339,0.004160383330299596,0.0370413673659382,0.0,0.0
0.4325259515570934,0.4532871972318339,0.0026213688799425197,0.04014969727155107,0.0,0.0
0.4463667820069204,0.4532871972318339,0.002192753989089912,0.040639675540717325,0.0,0.0
0.5155709342560554,0.4532871972318339,-0.0003183511607769727,0.04278646312643536,0.0,0.0
0.5259515570934256,0.4532871972318339,-0.0007357205843523635,0.04309169588304597,0.0,0.0
0.5432525951557093,0.4532871972318339,-0.001394954500414652,0.04359181884514811,0.0,0.0
0.5536332179930796,0.4532871972318339,-0.0018199551973629442,0.0438664115254704,0.0,0.0
0.5986159169550173,0.4532871972318339,-0.0037647915051321856,0.04528942050403313,0.0,0.0
0.6228373702422145,0.4532871972318339,-0.004858384858342746,0.04606555513575935,0.0,0.0
0.0,0.4498269896193771,0.0032774755483535953,0.0035487254015789033,0.0,0.0
0.0865051903114186,0.4498269896193771,0.004323099946007626,0.009528795754362043,0.0,0.0
0.1591695501730103,0.4498269896193771,0.004826849870805277,0.017008518599291533,0.0,0.0
0.1833910034602076,0.4498269896193771,0.004922685068824099,0.019738262009882247,0.0,0.0
0.2664359861591695,0.4498269896193771,0.0050256241799417865,0.028972822429464515,0.0,0.0
0.3114186851211072,0.4498269896193771,0.004893024986326616,0.03314638936082904,0.0,0.0
0.3494809688581315,0.4498269896193771,0.00459771507412536,0.035908060390523806,0.0,0.0
0.4982698961937716,0.4498269896193771,0.0005017828190499255,0.042009640691560664,0.0,0.0
0.6228373702422145,0.4498269896193771,-0.004706795030586871,0.04572346757112242,0.0,0.0
0.0,0.4463667820069204,0.0033740118113179548,0.0035539934212594987,0.0,0.0
0.0173010380622837,0.4463667820069204,0.003612637272496475,0.0044612186407281705,0.0,0.0
0.0346020761245674,0.4463667820069204,0.0038556916747567423,0.005509712710047245,0.0,0.0
0.1314878892733564,0.4463667820069204,0.004837864487358049,0.01399287225156677,0.0,0.0
0.1695501730103806,0.4463667820069204,0.005056017326559238,0.01820419698755403,0.0,0.0
0.2076124567474048,0.4463667820069204,0.005179833707628014,0.022550981969771094,0.0,0.0
0.245674740484429,0.4463667820069204,0.005243833710661658,0.02680151386630021,0.0,0.0
0.2768166089965398,0.4463667820069204,0.005219083631351685,0.030011783696611342,0.0,0.0
0.2941176470588235,0.4463667820069204,0.005161071495471263,0.03163987796361252,0.0,0.0
0.328719723183391,0.4463667820069204,0.004978451370959728,0.03444730538118137,0.0,0.0
0.3771626297577855,0.4463667820069204,0.004349057420800889,0.037405352543772856,0.0,0.0
0.4186851211072664,0.4463667820069204,0.003367550877375087,0.039249290567181766,0.0,0.0
0.4602076124567474,0.4463667820069204,0.002070223201198768,0.04063183419817899,0.0,0.0
0.4775086505190311,0.4463667820069204,0.0014377807781333618,0.041141557062051394,0.0,0.0
0.5674740484429066,0.4463667820069204,-0.002110348428717343,0.043611825160242576,0.0,0.0
0.5778546712802768,0.4463667820069204,-0.002562162497491547,0.04392354643038653,0.0,0.0
0.6228373702422145,0.4463667820069204,-0.00455864196518058,0.045348302519444696,0.0,0.0
0.0,0.4429065743944637,0.003475715430413703,0.003570982603018729,0.0,0.0
0.0692041522491349,0.4429065743944637,0.004403459058291817,0.008072894397519586,0.0,0.0
0.1003460207612456,0.4429065743944637,0.004754112582982475,0.010852278189946173,0.0,0.0
0.1176470588235294,0.4429065743944637,0.004887691552360811,0.012545064740098224,0.0,0.0
0.1487889273356401,0.4429065743944637,0.005137567242435097,0.015887344561626347,0.0,0.0
0.231833910034602,0.4429065743944637,0.005412488305273768,0.02529614431098618,0.0,0.0
0.3598615916955017,0.4429065743944637,0.004830332075645827,0.03639235117739191,0.0,0.0
0.4048442906574394,0.4429065743944637,0.003930423380663613,0.03853187884523574,0.0,0.0
0.4290657439446367,0.4429065743944637,0.0032496242324610604,0.039448790481902814,0.0,0.0
0.5086505190311419,0.4429065743944637,0.00042446599496570234,0.041737777605225894,0.0,0.0
0.532871972318339,0.4429065743944637,-0.0005232114439994483,0.042387238811496225,0.0,0.0
0.5570934256055363,0.4429065743944637,-0.0015037564846367608,0.04298343508609105,0.0,0.0
0.5916955017301038,0.4429065743944637,-0.0030245494870311225,0.04399518554527275,0.0,0.0
0.6089965397923875,0.4429065743944637,-0.0037830999074137017,0.04451273643378486,0.0,0.0
0.6228373702422145,0.4429065743944637,-0.004413774256011222,0.04497786884428458,0.0,0.0
0.0,0.4394463667820069,0.003571522696619455,0.0035872842599856095,0.0,0.0
0.0553633217993079,0.4394463667820069,0.004374570070842134,0.006997688158481379,0.0,0.0
0.0795847750865051,0.4394463667820069,0.004675329200347468,0.008972187446370768,0.0,0.0
0.1799307958477508,0.4394463667820069,0.005462012667463824,0.019401492140395334,0.0,0.0
0.1903114186851211,0.4394463667820069,0.005534644108493388,0.020610256023967193,0.0,0.0
0.2179930795847751,0.4394463667820069,0.005587621512158576,0.02375837968864344,0.0,0.0
0.2629757785467128,0.4394463667820069,0.005595965284515391,0.028639923431588644,0.0,0.0
0.3183391003460207,0.4394463667820069,0.005426731606334511,0.03361128548727322,0.0,0.0
0.3425605536332179,0.4394463667820069,0.005225615137158831,0.03527290714624353,0.0,0.0
0.3910034602076124,0.4394463667820069,0.004435088836292173,0.03780879217373978,0.0,0.0
0.4429065743944637,0.4394463667820069,0.002976582227013659,0.03967479002067609,0.0,0.0
0.4878892733564013,0.4394463667820069,0.0013600816569461997,0.04090211178634767,0.0,0.0
0.5224913494809689,0.4394463667820069,3.426865497139825e-05,0.041811626835477275,0.0,0.0
0.5432525951557093,0.4394463667820069,-0.0007975790728781955,0.042341079010979714,0.0,0.0
0.6228373702422145,0.4394463667820069,-0.004259684400276934,0.044578792719058756,0.0,0.0
0.0,0.4359861591695502,0.003671838983474694,0.0036026058879023715,0.0,0.0
0.0103806228373702,0.4359861591695502,0.0038177984301582734,0.00412269332178007,0.0,0.0
0.0207612456747404,0.4359861591695502,0.003991673155269617,0.004701814395541894,0.0,0.0
0.0311418685121107,0.4359861591695502,0.004150599807394828,0.005337594196847868,0.0,0.0
0.0415224913494809,0.4359861591695502,0.004292994675926563,0.006014595177502536,0.0,0.0
0.1280276816608996,0.4359861591695502,0.005334089912252306,0.01367749631183452,0.0,0.0
0.1591695501730103,0.4359861591695502,0.005576129119983264,0.017116540485246433,0.0,0.0
0.1695501730103806,0.4359861591695502,0.005621099090475201,0.018269853579820507,0.0,0.0
0.2006920415224913,0.4359861591695502,0.00574287978403798,0.021790140889006562,0.0,0.0
0.2802768166089965,0.4359861591695502,0.005751798352684768,0.030353043414741567,0.0,0.0
0.3079584775086505,0.4359861591695502,0.0056564267049609325,0.03276755337490461,0.0,0.0
0.370242214532872,0.4359861591695502,0.005027642659705175,0.03674420678201886,0.0,0.0
0.4152249134948096,0.4359861591695502,0.0040019537553778305,0.038583814948873904,0.0,0.0
0.4982698961937716,0.4359861591695502,0.0011066016823806295,0.04092566673194527,0.0,0.0
0.5674740484429066,0.4359861591695502,-0.0016362150256077495,0.042570288948879736,0.0,0.0
0.5813148788927336,0.4359861591695502,-0.002255466696785711,0.04297120329747181,0.0,0.0
0.6228373702422145,0.4359861591695502,-0.004107804592039469,0.04417188594767785,0.0,0.0
0.0,0.4325259515570934,0.0037746687990018145,0.003631337681596964,0.0,0.0
0.0899653979238754,0.4325259515570934,0.005092690298417829,0.009931531750422929,0.0,0.0
0.1141868512110726,0.4325259515570934,0.005370069542140123,0.012259148427454783,0.0,0.0
0.1453287197231834,0.4325259515570934,0.0056439781934428425,0.015598780886405053,0.0,0.0
0.2906574394463668,0.4325259515570934,0.0058942418455369605,0.031282357117754504,0.0,0.0
0.328719723183391,0.4325259515570934,0.005717032921662144,0.03428523501433528,0.0,0.0
0.4532871972318339,0.4325259515570934,0.0029493482870116498,0.039519054983480746,0.0,0.0
0.4775086505190311,0.4325259515570934,0.0020838312244503077,0.040099001394196546,0.0,0.0
0.5121107266435986,0.4325259515570934,0.0007269324149755809,0.040961938693542074,0.0,0.0
0.5536332179930796,0.4325259515570934,-0.0009423209690516301,0.041918436462039,0.0,0.0
0.5986159169550173,0.4325259515570934,-0.002893788076746376,0.043077975297621945,0.0,0.0
0.6228373702422145,0.4325259515570934,-0.003968472338018581,0.04378263434331875,0.0,0.0
0.0,0.4290657439446367,0.003876674302860288,0.003644789762123177,0.0,0.0
0.0726643598615917,0.4290657439446367,0.005017583719014135,0.00841852278299005,0.0,0.0
0.1833910034602076,0.4290657439446367,0.006069870932358385,0.019878680906945036,0.0,0.0
0.2491349480968858,0.4290657439446367,0.006163649982553616,0.02721957836753841,0.0,0.0
0.3391003460207612,0.4290657439446367,0.005814151522161166,0.03489292302282974,0.0,0.0
0.3598615916955017,0.4290657439446367,0.005566815856696342,0.03605095628440243,0.0,0.0
0.3806228373702422,0.4290657439446367,0.00519011121221893,0.036989135393967726,0.0,0.0
0.3944636678200692,0.4290657439446367,0.004879934948023914,0.03753304211675769,0.0,0.0
0.4256055363321799,0.4290657439446367,0.00402527040190483,0.03853980927308033,0.0,0.0
0.4671280276816609,0.4290657439446367,0.002601563420182272,0.03962041902044989,0.0,0.0
0.5259515570934256,0.4290657439446367,0.00032617098016550955,0.04098797809008525,0.0,0.0
0.5397923875432526,0.4290657439446367,-0.00023741570408058354,0.041286732296482054,0.0,0.0
0.6228373702422145,0.4290657439446367,-0.003813181723632409,0.043393174542285994,0.0,0.0
0.0,0.4256055363321799,0.003986569601062967,0.0036892977262816175,0.0,0.0
0.0138408304498269,0.4256055363321799,0.004204921073716637,0.004381843371913083,0.0,0.0
0.0415224913494809,0.4256055363321799,0.00465577036167158,0.006049759024791575,0.0,0.0
0.0588235294117647,0.4256055363321799,0.004952108380026398,0.007327198556074801,0.0,0.0
0.1003460207612456,0.4256055363321799,0.005541599038333622,0.01093671759885584,0.0,0.0
0.1349480968858131,0.4256055363321799,0.005939740868808307,0.014493991377600168,0.0,0.0
0.1626297577854671,0.4256055363321799,0.006159805392458019,0.0175542306373254,0.0,0.0
0.1730103806228373,0.4256055363321799,0.006225888969575887,0.01871891910859349,0.0,0.0
0.1937716262975778,0.4256055363321799,0.006325155538447525,0.021089836805035955,0.0,0.0
0.231833910034602,0.4256055363321799,0.006361186460217611,0.025353161850234104,0.0,0.0
0.259515570934256,0.4256055363321799,0.0063443807673653685,0.028300773325310967,0.0,0.0
0.273356401384083,0.4256055363321799,0.006320302725356741,0.02968973850718642,0.0,0.0
0.301038062283737,0.4256055363321799,0.0062184119965008324,0.032158238974564796,0.0,0.0
0.3494809688581315,0.4256055363321799,0.005877099509342031,0.035433397050771906,0.0,0.0
0.4083044982698962,0.4256055363321799,0.004680696738204301,0.0378500684241286,0.0,0.0
0.4429065743944637,0.4256055363321799,0.0036093856893818785,0.03879622013616236,0.0,0.0
0.4913494809688581,0.4256055363321799,0.001791195995876265,0.03991390843496208,0.0,0.0
0.5640138408304498,0.4256055363321799,-0.0011031174195691722,0.04149936485780611,0.0,0.0
0.5743944636678201,0.4256055363321799,-0.001527449118750156,0.04171802837483514,0.0,0.0
0.6089965397923875,0.4256055363321799,-0.003104179446533176,0.0425892359809045,0.0,0.0
0.6228373702422145,0.4256055363321799,-0.0036849192063963883,0.04302323666196052,0.0,0.0
0.0,0.4221453287197231,0.004082159926460959,0.003703607841199837,0.0,0.0
0.0311418685121107,0.4221453287197231,0.004618242718404457,0.005393079150947965,0.0,0.0
0.1245674740484429,0.4221453287197231,0.006016466176435047,0.01340018730262307,0.0,0.0
0.1487889273356401,0.4221453287197231,0.006243777537275932,0.01602497409142787,0.0,0.0
0.2179930795847751,0.4221453287197231,0.006563588104652527,0.02385303157212538,0.0,0.0
0.3252595155709342,0.4221453287197231,0.006285749930851495,0.03395533450222515,0.0,0.0
0.370242214532872,0.4221453287197231,0.005755900536049547,0.036358675447033875,0.0,0.0
0.5017301038062284,0.4221453287197231,0.0015320992873557725,0.03985441689336015,0.0,0.0
0.5882352941176471,0.4221453287197231,-0.002010220266734754,0.04171761950888553,0.0,0.0
0.6228373702422145,0.4221453287197231,-0.003543757885449934,0.0426150196800091,0.0,0.0
0.0,0.4186851211072664,0.004185146417966214,0.0037300618476879925,0.0,0.0
0.0899653979238754,0.4186851211072664,0.005725992240768847,0.01001519688913967,0.0,0.0
0.1141868512110726,0.4186851211072664,0.006062076865692057,0.01235029041301599,0.0,0.0
0.2041522491349481,0.4186851211072664,0.006756381937311225,0.02232157489976267,0.0,0.0
0.314878892733564,0.4186851211072664,0.006508776917102353,0.033221183378713375,0.0,0.0
0.4532871972318339,0.4186851211072664,0.003528443601273027,0.03859492344045695,0.0,0.0
0.5155709342560554,0.4186851211072664,0.0011188397897135846,0.039871008768642247,0.0,0.0
0.5536332179930796,0.4186851211072664,-0.0004335703099679845,0.040615308871163755,0.0,0.0
0.6228373702422145,0.4186851211072664,-0.0034340251761003377,0.042251683091435295,0.0,0.0
0.0,0.4152249134948096,0.004280503042191431,0.003756189182970189,0.0,0.0
0.0173010380622837,0.4152249134948096,0.00459277656056702,0.004616589969797727,0.0,0.0
0.0449826989619377,0.4152249134948096,0.005108673076458271,0.006353375691434846,0.0,0.0
0.0761245674740484,0.4152249134948096,0.005665148254218502,0.008786434381600303,0.0,0.0
0.1384083044982699,0.4152249134948096,0.0065367531059163635,0.014958517393074567,0.0,0.0
0.1626297577854671,0.4152249134948096,0.006764484816330157,0.017650360437591425,0.0,0.0
0.1730103806228373,0.4152249134948096,0.006841968530346392,0.018821913881176586,0.0,0.0
0.2422145328719723,0.4152249134948096,0.006955414354853837,0.02652653441645475,0.0,0.0
0.2560553633217993,0.4152249134948096,0.006948395391582585,0.027982250955803197,0.0,0.0
0.2664359861591695,0.4152249134948096,0.00690402713439177,0.029034781777910135,0.0,0.0
0.2837370242214533,0.4152249134948096,0.006849607914958554,0.03067774642781908,0.0,0.0
0.3425605536332179,0.4152249134948096,0.006478254620919003,0.03491365388073111,0.0,0.0
0.3910034602076124,0.4152249134948096,0.005621127399141925,0.03684856151885956,0.0,0.0
0.4048442906574394,0.4152249134948096,0.00526159629023758,0.03725556135843039,0.0,0.0
0.4359861591695502,0.4152249134948096,0.00428315129369444,0.03798649361712576,0.0,0.0
0.4775086505190311,0.4152249134948096,0.002760814964307054,0.03883685041589871,0.0,0.0
0.5294117647058824,0.4152249134948096,0.0006892067186486216,0.03981669702206081,0.0,0.0
0.5432525951557093,0.4152249134948096,0.00012143606050285508,0.04007316356229435,0.0,0.0
0.5674740484429066,0.4152249134948096,-0.0008834416529520657,0.040550023652945084,0.0,0.0
0.6020761245674741,0.4152249134948096,-0.0023969513836151995,0.04132922675802421,0.0,0.0
0.6124567474048442,0.4152249134948096,-0.0028894061396804267,0.04155883338983341,0.0,0.0
0.6228373702422145,0.4152249134948096,-0.0033287217710552507,0.04185707956579928,0.0,0.0
0.0,0.4117647058823529,0.004379045192829953,0.0037762917900435304,0.0,0.0
0.0622837370242214,0.4117647058823529,0.005564917177087106,0.007648414369289947,0.0,0.0
0.1003460207612456,0.4117647058823529,0.006229960953404847,0.011025201187048535,0.0,0.0
0.1903114186851211,0.4117647058823529,0.007148892301585941,0.02079353603775906,0.0,0.0
0.2145328719723183,0.4117647058823529,0.0071691753370997915,0.02351684432811248,0.0,0.0
0.2975778546712803,0.4117647058823529,0.006955476594855616,0.031867810597026335,0.0,0.0
0.3321799307958477,0.4117647058823529,0.00675189277305975,0.03430133258831246,0.0,0.0
0.3529411764705882,0.4117647058823529,0.006511679020194147,0.035369425776941854,0.0,0.0
0.3806228373702422,0.4117647058823529,0.006029950686163628,0.036414590752430906,0.0,0.0
0.4186851211072664,0.4117647058823529,0.0049895862071431905,0.03743276398946788,0.0,0.0
0.4636678200692041,0.4117647058823529,0.0034209157591203283,0.03831692432125198,0.0,0.0
0.4878892733564013,0.4117647058823529,0.0024557320037196457,0.038763751212074274,0.0,0.0
0.6228373702422145,0.4117647058823529,-0.0032285450369800403,0.041497023304682405,0.0,0.0
0.0,0.4083044982698962,0.004461707529906175,0.0037922293804267173,0.0,0.0
0.1245674740484429,0.4083044982698962,0.006755702320510185,0.013521081691997373,0.0,0.0
0.1522491349480969,0.4083044982698962,0.007089362596174743,0.016520815570144832,0.0,0.0
0.2006920415224913,0.4083044982698962,0.007384130320796531,0.021994191285530748,0.0,0.0
0.2249134948096885,0.4083044982698962,0.00740635640299208,0.024699820258915074,0.0,0.0
0.5051903114186851,0.4083044982698962,0.0018792417583048903,0.038801276190767606,0.0,0.0
0.5847750865051903,0.4083044982698962,-0.0013552453399587987,0.04015766952784364,0.0,0.0
0.6228373702422145,0.4083044982698962,-0.0031157117348544153,0.04112667506334014,0.0,0.0
0.0,0.4048442906574394,0.004541673140284066,0.003815761602637267,0.0,0.0
0.0311418685121107,0.4048442906574394,0.0051991806994570134,0.005484912841797094,0.0,0.0
0.2560553633217993,0.4048442906574394,0.007547534341772452,0.028031940557644824,0.0,0.0
0.2698961937716263,0.4048442906574394,0.0074743453094502695,0.029424336676402783,0.0,0.0
0.2802768166089965,0.4048442906574394,0.007424718562540887,0.030409486470170825,0.0,0.0
0.370242214532872,0.4048442906574394,0.006569102428405981,0.03589903549493449,0.0,0.0
0.4429065743944637,0.4048442906574394,0.00442132713657277,0.0374825839377947,0.0,0.0
0.532871972318339,0.4048442906574394,0.0008621683261948727,0.038971854467469244,0.0,0.0
0.5536332179930796,0.4048442906574394,1.403437322264522e-05,0.0393113054259221,0.0,0.0
0.5743944636678201,0.4048442906574394,-0.0008370203492942778,0.03964937900277933,0.0,0.0
0.5951557093425606,0.4048442906574394,-0.0017307597671868823,0.04002698159519483,0.0,0.0
0.6089965397923875,0.4048442906574394,-0.0024054385275206376,0.04034215021823429,0.0,0.0
0.6228373702422145,0.4048442906574394,-0.003027613129397206,0.04071932393549127,0.0,0.0
0.0,0.4013840830449827,0.004623997705964717,0.0038384022459136817,0.0,0.0
0.0415224913494809,0.4013840830449827,0.005537415014425064,0.006191514720443113,0.0,0.0
0.0553633217993079,0.4013840830449827,0.0058378172027180614,0.007186292027210209,0.0,0.0
0.0865051903114186,0.4013840830449827,0.006498829288458649,0.009777359516304948,0.0,0.0
0.0968858131487889,0.4013840830449827,0.00669717087382297,0.01077031259512798,0.0,0.0
0.1107266435986159,0.4013840830449827,0.006902142708243308,0.012127192222633311,0.0,0.0
0.1384083044982699,0.4013840830449827,0.007352039667950481,0.015041047904001714,0.0,0.0
0.1626297577854671,0.4013840830449827,0.007604882108690903,0.017758951397624984,0.0,0.0
0.1764705882352941,0.4013840830449827,0.007734260607936521,0.01931710136893163,0.0,0.0
0.2110726643598615,0.4013840830449827,0.007834522257402431,0.023209137908692352,0.0,0.0
0.245674740484429,0.4013840830449827,0.007800007623921221,0.02697040822606499,0.0,0.0
0.314878892733564,0.4013840830449827,0.0073881462595473445,0.03317106157740591,0.0,0.0
0.328719723183391,0.4013840830449827,0.007275768976269288,0.03402374780653186,0.0,0.0
0.3910034602076124,0.4013840830449827,0.0062327081137253226,0.036314942152032924,0.0,0.0
0.4048442906574394,0.4013840830449827,0.005848017927475845,0.03657593927601819,0.0,0.0
0.4532871972318339,0.4013840830449827,0.004169891572374674,0.037412824572965166,0.0,0.0
0.4636678200692041,0.4013840830449827,0.003762735043721447,0.03756778545672269,0.0,0.0
0.4913494809688581,0.4013840830449827,0.0026478646193804,0.037977218568185464,0.0,0.0
0.5190311418685121,0.4013840830449827,0.001514185345805973,0.038445100790199416,0.0,0.0
0.5432525951557093,0.4013840830449827,0.0005425386501743425,0.03881100892779161,0.0,0.0
0.5640138408304498,0.4013840830449827,-0.0003143705579569593,0.03913507971026177,0.0,0.0
0.6228373702422145,0.4013840830449827,-0.0029201553273825237,0.04028939818501264,0.0,0.0
0.0,0.3979238754325259,0.004710548908335281,0.0038543435022913054,0.0,0.0
0.0173010380622837,0.3979238754325259,0.005078131110813566,0.004707220831939429,0.0,0.0
0.0726643598615917,0.3979238754325259,0.006363437949765802,0.008588239232283846,0.0,0.0
0.1903114186851211,0.3979238754325259,0.008042795568387627,0.020903257898075636,0.0,0.0
0.2214532871972318,0.3979238754325259,0.008073004817664738,0.024389972279933933,0.0,0.0
0.231833910034602,0.3979238754325259,0.008043935900451857,0.02550628254791643,0.0,0.0
0.301038062283737,0.3979238754325259,0.007670114311630173,0.03217897468967216,0.0,0.0
0.3391003460207612,0.3979238754325259,0.007349467579416506,0.034544486993587545,0.0,0.0
0.356401384083045,0.3979238754325259,0.007107571377916023,0.03525112075058262,0.0,0.0
0.4186851211072664,0.3979238754325259,0.005529794685109437,0.03661875327154405,0.0,0.0
0.4325259515570934,0.3979238754325259,0.005023098763441896,0.036869741823170016,0.0,0.0
0.4740484429065744,0.3979238754325259,0.003449812343461431,0.03746483925297736,0.0,0.0
0.5017301038062284,0.3979238754325259,0.0023360820385004374,0.037850148419437596,0.0,0.0
0.6228373702422145,0.3979238754325259,-0.0028222386434854497,0.03988276504791649,0.0,0.0
0.0,0.3944636678200692,0.004789651494228965,0.0038853890074949642,0.0,0.0
0.0276816608996539,0.3944636678200692,0.005428246366529661,0.0053281369820668105,0.0,0.0
0.28719723183391,0.3944636678200692,0.007945504128460078,0.031027399259988448,0.0,0.0
0.3806228373702422,0.3944636678200692,0.00676239207048747,0.03585202886001102,0.0,0.0
0.5294117647058824,0.3944636678200692,0.0012987667995334633,0.03796855178566293,0.0,0.0
0.5536332179930796,0.3944636678200692,0.000316143539985305,0.0382995386092334,0.0,0.0
0.5882352941176471,0.3944636678200692,-0.0011471266559578515,0.03878947771112132,0.0,0.0
0.6020761245674741,0.3944636678200692,-0.0017766937815848192,0.03903472907124641,0.0,0.0
0.6124567474048442,0.3944636678200692,-0.0022459762984976444,0.039238992285127526,0.0,0.0
0.6228373702422145,0.3944636678200692,-0.0027212875786890756,0.039468016973996656,0.0,0.0
0.0,0.3910034602076124,0.004862709982229277,0.003896305933788912,0.0,0.0
0.0380622837370242,0.3910034602076124,0.005807038235008543,0.0060348046936579735,0.0,0.0
0.0519031141868512,0.3910034602076124,0.006160570354189333,0.006997207935910307,0.0,0.0
0.0968858131487889,0.3910034602076124,0.007229806465576031,0.010833740260084993,0.0,0.0
0.1245674740484429,0.3910034602076124,0.0077669600080174685,0.013646108307036869,0.0,0.0
0.1557093425605536,0.3910034602076124,0.008233142467931016,0.01705086284737945,0.0,0.0
0.1695501730103806,0.3910034602076124,0.008363100934545835,0.018607891809213226,0.0,0.0
0.2006920415224913,0.3910034602076124,0.008533670303908326,0.022135753400403007,0.0,0.0
0.2422145328719723,0.3910034602076124,0.008466307260413398,0.026657799040876635,0.0,0.0
0.259515570934256,0.3910034602076124,0.008369104588302995,0.02846851994032712,0.0,0.0
0.4048442906574394,0.3910034602076124,0.0062195245157972475,0.036074680190699995,0.0,0.0
0.4429065743944637,0.3910034602076124,0.004848372011182406,0.03656950720272782,0.0,0.0
0.4602076124567474,0.3910034602076124,0.004195487866562416,0.036762670333188266,0.0,0.0
0.5778546712802768,0.3910034602076124,-0.0006346775529289513,0.038311708942680496,0.0,0.0
0.6228373702422145,0.3910034602076124,-0.002622306585656444,0.039084247279724586,0.0,0.0
0.0,0.3875432525951557,0.004928995927646142,0.003914840041840759,0.0,0.0
0.0138408304498269,0.3875432525951557,0.005237276165892377,0.00458304434947586,0.0,0.0
0.0622837370242214,0.3875432525951557,0.0065683754108093444,0.007800164627440004,0.0,0.0
0.1107266435986159,0.3875432525951557,0.007713447120505366,0.012235163597440629,0.0,0.0
0.2214532871972318,0.3875432525951557,0.00878391046266791,0.024447255387197664,0.0,0.0
0.273356401384083,0.3875432525951557,0.00846617599394852,0.029815607294493215,0.0,0.0
0.3217993079584775,0.3875432525951557,0.008010113229099083,0.033585150537711536,0.0,0.0
0.3667820069204152,0.3875432525951557,0.007354653339254726,0.03532079401341447,0.0,0.0
0.3944636678200692,0.3875432525951557,0.006637309404547418,0.035800618306248824,0.0,0.0
0.4325259515570934,0.3875432525951557,0.005361577819696582,0.036174649962301124,0.0,0.0
0.4982698961937716,0.3875432525951557,0.002742355997071395,0.036963710823037184,0.0,0.0
0.5121107266435986,0.3875432525951557,0.0021798879506927443,0.037112135634123994,0.0,0.0
0.5397923875432526,0.3875432525951557,0.001049165629472805,0.037479970535840235,0.0,0.0
0.5674740484429066,0.3875432525951557,-0.00010726614350702184,0.03783760372847188,0.0,0.0
0.6228373702422145,0.3875432525951557,-0.002533737990920968,0.038681671254209044,0.0,0.0
0.0,0.3840830449826989,0.00499286096991417,0.003929836879273382,0.0,0.0
0.0795847750865051,0.3840830449826989,0.007156418267794895,0.009279398080388333,0.0,0.0
0.1384083044982699,0.3840830449826989,0.008453652592691348,0.015208941300131338,0.0,0.0
0.1833910034602076,0.3840830449826989,0.008973940350048486,0.02023738890927059,0.0,0.0
0.2110726643598615,0.3840830449826989,0.009036093597945685,0.023318850495733803,0.0,0.0
0.3044982698961938,0.3840830449826989,0.008336909234113473,0.03245508156057518,0.0,0.0
0.4221453287197231,0.3840830449826989,0.005846337923108038,0.03584842435406199,0.0,0.0
0.4844290657439446,0.3840830449826989,0.003391136328824115,0.036518245451427164,0.0,0.0
0.5259515570934256,0.3840830449826989,0.0016978719836199191,0.036984713124332755,0.0,0.0
0.5570934256055363,0.3840830449826989,0.0004185143918147186,0.037370439608552464,0.0,0.0
0.6228373702422145,0.3840830449826989,-0.002448489274927604,0.03827977430829513,0.0,0.0
0.0,0.3806228373702422,0.00506432911139453,0.003953249689111078,0.0,0.0
0.0242214532871972,0.3806228373702422,0.0057217853073071225,0.0052130298553779665,0.0,0.0
0.0346020761245674,0.3806228373702422,0.0060503555850247625,0.00587955824452725,0.0,0.0
0.0899653979238754,0.3806228373702422,0.0076098359028614285,0.01026470294893465,0.0,0.0
0.2387543252595155,0.3806228373702422,0.009195374948706762,0.026333637141706,0.0,0.0
0.28719723183391,0.3806228373702422,0.00869816769222689,0.03107313516867615,0.0,0.0
0.3356401384083045,0.3806228373702422,0.008153555139950466,0.0342596198629619,0.0,0.0
0.3529411764705882,0.3806228373702422,0.007901447993558184,0.0348207744812533,0.0,0.0
0.4083044982698962,0.3806228373702422,0.00640716078613127,0.03557783619408066,0.0,0.0
0.4463667820069204,0.3806228373702422,0.00499510386518235,0.035875609176530876,0.0,0.0
0.4705882352941176,0.3806228373702422,0.004035222443824315,0.03608314441568978,0.0,0.0
0.5778546712802768,0.3806228373702422,-0.00039974361944229584,0.037285064591887046,0.0,0.0
0.6055363321799307,0.3806228373702422,-0.0015691828156219798,0.037602595866590066,0.0,0.0
0.6228373702422145,0.3806228373702422,-0.00236447089653109,0.037862168496874654,0.0,0.0
0.0,0.3771626297577855,0.005123707535796008,0.003964894212794248,0.0,0.0
0.0484429065743944,0.3771626297577855,0.006549937546458226,0.006818572666546322,0.0,0.0
0.0588235294117647,0.3771626297577855,0.006877981257540492,0.007611989947934911,0.0,0.0
0.1038062283737024,0.3771626297577855,0.008176513238462873,0.011637480863471949,0.0,0.0
0.1141868512110726,0.3771626297577855,0.008415149846011818,0.012680650760252609,0.0,0.0
0.1280276816608996,0.3771626297577855,0.008746794386842172,0.014174437918670658,0.0,0.0
0.1660899653979238,0.3771626297577855,0.00933878312558712,0.0183488707561682,0.0,0.0
0.2006920415224913,0.3771626297577855,0.009562575699567208,0.02223457562349992,0.0,0.0
0.2249134948096885,0.3771626297577855,0.00954513250158921,0.024883148742702855,0.0,0.0
0.2525951557093425,0.3771626297577855,0.009331063460064872,0.027772917076012916,0.0,0.0
0.314878892733564,0.3771626297577855,0.008568136891947803,0.03316600406518445,0.0,0.0
0.3840830449826989,0.3771626297577855,0.007276714419621165,0.03524754050420095,0.0,0.0
0.4948096885813148,0.3771626297577855,0.003109517656270694,0.03605343820074175,0.0,0.0
0.5882352941176471,0.3771626297577855,-0.0007667090347506604,0.03704861238864827,0.0,0.0
0.6228373702422145,0.3771626297577855,-0.0022688820640353134,0.03748553207754741,0.0,0.0
0.0,0.3737024221453287,0.00518178328554853,0.0039887506948554485,0.0,0.0
0.0138408304498269,0.3737024221453287,0.005558919883138091,0.0046671720814848655,0.0,0.0
0.0692041522491349,0.3737024221453287,0.00734301232269751,0.008476986702755193,0.0,0.0
0.1384083044982699,0.3737024221453287,0.009207468707680437,0.015335123268550296,0.0,0.0
0.1522491349480969,0.3737024221453287,0.009447162628373015,0.016864759863367853,0.0,0.0
0.1764705882352941,0.3737024221453287,0.009720087135485245,0.019543980129962186,0.0,0.0
0.2698961937716263,0.3737024221453287,0.009361336632676128,0.029485100498154053,0.0,0.0
0.301038062283737,0.3737024221453287,0.008908016664697937,0.03222050754061353,0.0,0.0
0.3667820069204152,0.3737024221453287,0.007853606458293437,0.03494396628342535,0.0,0.0
0.4325259515570934,0.3737024221453287,0.00569084656157166,0.035296613226764556,0.0,0.0
0.4602076124567474,0.3737024221453287,0.004580419526460923,0.035484275669676976,0.0,0.0
0.6228373702422145,0.3737024221453287,-0.002183212373344341,0.03707930527317914,0.0,0.0
0.0,0.370242214532872,0.005233163071932447,0.004012784861297078,0.0,0.0
0.0346020761245674,0.370242214532872,0.006346541444622106,0.005957208496691447,0.0,0.0
0.0830449826989619,0.370242214532872,0.007931616197691291,0.009716360039920498,0.0,0.0
0.2145328719723183,0.370242214532872,0.010103584923044353,0.02378722226033419,0.0,0.0
0.2802768166089965,0.370242214532872,0.009406657682121967,0.030463743446228077,0.0,0.0
0.328719723183391,0.370242214532872,0.008685955757764532,0.03390550538198742,0.0,0.0
0.3425605536332179,0.370242214532872,0.008464978262978026,0.0344115744858651,0.0,0.0
0.3979238754325259,0.370242214532872,0.0070195843568770025,0.0350153165725049,0.0,0.0
0.4775086505190311,0.370242214532872,0.003927370313032145,0.03534892211753853,0.0,0.0
0.5121107266435986,0.370242214532872,0.002537756279121754,0.035625617561913604,0.0,0.0
0.5397923875432526,0.370242214532872,0.0013863654953776199,0.035884423093863,0.0,0.0
0.5536332179930796,0.370242214532872,0.0008181398195966055,0.0360263986336414,0.0,0.0
0.5709342560553633,0.370242214532872,9.38432883054955e-05,0.03620485936779485,0.0,0.0
0.6124567474048442,0.370242214532872,-0.0016879838111480046,0.036578660123314864,0.0,0.0
0.6228373702422145,0.370242214532872,-0.0021055662229665087,0.03669317218631279,0.0,0.0
0.0,0.3667820069204152,0.005280403138838015,0.004033507324713678,0.0,0.0
0.0449826989619377,0.3667820069204152,0.006756660989743054,0.00666778103996142,0.0,0.0
0.0553633217993079,0.3667820069204152,0.00711262124125388,0.007419496366173275,0.0,0.0
0.0968858131487889,0.3667820069204152,0.008589550192460957,0.011087725393202911,0.0,0.0
0.1072664359861591,0.3667820069204152,0.008922553675950799,0.012117001456728263,0.0,0.0
0.1211072664359861,0.3667820069204152,0.009329464869676764,0.013546675298935816,0.0,0.0
0.1903114186851211,0.3667820069204152,0.01040326519305551,0.02114936190955949,0.0,0.0
0.2906574394463668,0.3667820069204152,0.009444935872109633,0.03137243110909136,0.0,0.0
0.3183391003460207,0.3667820069204152,0.00897424203815851,0.03337855173243896,0.0,0.0
0.356401384083045,0.3667820069204152,0.008315136096755483,0.034653232311949576,0.0,0.0
0.4152249134948096,0.3667820069204152,0.006482234921769007,0.03485415401413098,0.0,0.0
0.4498269896193771,0.3667820069204152,0.005123995956793813,0.034904863980650985,0.0,0.0
0.4913494809688581,0.3667820069204152,0.003443510181589112,0.03518577765570767,0.0,0.0
0.5259515570934256,0.3667820069204152,0.0020247754858654468,0.03543497269245878,0.0,0.0
0.6228373702422145,0.3667820069204152,-0.0020158250503200565,0.036307962763948945,0.0,0.0
0.0,0.3633217993079585,0.005333596675488458,0.00407195659840843,0.0,0.0
0.0173010380622837,0.3633217993079585,0.00590619511448666,0.004934453191249875,0.0,0.0
0.1418685121107266,0.3633217993079585,0.01008040824373139,0.015851082367419684,0.0,0.0
0.231833910034602,0.3633217993079585,0.010591977997705084,0.025674816086184597,0.0,0.0
0.2491349480968858,0.3633217993079585,0.010390948322808707,0.027456367487278463,0.0,0.0
0.3667820069204152,0.3633217993079585,0.008158112431317744,0.03466574180405846,0.0,0.0
0.3806228373702422,0.3633217993079585,0.007732686966023442,0.034695854607766384,0.0,0.0
0.4671280276816609,0.3633217993079585,0.004457793559774131,0.03473645028857158,0.0,0.0
0.5017301038062284,0.3633217993079585,0.003081371766234988,0.034953292360284625,0.0,0.0
0.5847750865051903,0.3633217993079585,-0.0003525140388829647,0.035630192412359624,0.0,0.0
0.6020761245674741,0.3633217993079585,-0.0010701990346715035,0.03576057347636225,0.0,0.0
0.6228373702422145,0.3633217993079585,-0.001933541046090565,0.03593832136617214,0.0,0.0
0.0,0.3598615916955017,0.005378462662488838,0.004089898283964188,0.0,0.0
0.0657439446366782,0.3598615916955017,0.0077639793841937045,0.008318171597025097,0.0,0.0
0.1591695501730103,0.3598615916955017,0.010708987444345253,0.0178272545357861,0.0,0.0
0.1764705882352941,0.3598615916955017,0.010915731146376242,0.01969758261627525,0.0,0.0
0.2041522491349481,0.3598615916955017,0.011030151436095023,0.02274574978739375,0.0,0.0
0.2629757785467128,0.3598615916955017,0.010474878089161142,0.028840001067971754,0.0,0.0
0.2768166089965398,0.3598615916955017,0.010193595460377174,0.030142012965973696,0.0,0.0
0.3044982698961938,0.3598615916955017,0.00957092989597803,0.0324839584707902,0.0,0.0
0.3910034602076124,0.3598615916955017,0.007454605104501562,0.034520992877581515,0.0,0.0
0.4048442906574394,0.3598615916955017,0.006980417153210497,0.034501317240488716,0.0,0.0
0.4359861591695502,0.3598615916955017,0.005781448060084372,0.03440504401623798,0.0,0.0
0.4775086505190311,0.3598615916955017,0.004109407672247823,0.03451712971623705,0.0,0.0
0.6228373702422145,0.3598615916955017,-0.0018552917006377546,0.03559087576574665,0.0,0.0
0.0,0.356401384083045,0.005415661083144526,0.004114367990335811,0.0,0.0
0.0484429065743944,0.356401384083045,0.007181513700246678,0.006999723766465692,0.0,0.0
0.0830449826989619,0.356401384083045,0.008657325823667369,0.00993791809055337,0.0,0.0
0.1072664359861591,0.356401384083045,0.009641956572093272,0.012302118360165147,0.0,0.0
0.1176470588235294,0.356401384083045,0.010005598733155825,0.013378533666710955,0.0,0.0
0.1280276816608996,0.356401384083045,0.010330630840471413,0.014489626441937336,0.0,0.0
0.1868512110726643,0.356401384083045,0.011307991043223954,0.020862467114448897,0.0,0.0
0.2179930795847751,0.356401384083045,0.011278728592960615,0.024217428035616113,0.0,0.0
0.28719723183391,0.356401384083045,0.010181955856716104,0.031057633483888094,0.0,0.0
0.314878892733564,0.356401384083045,0.00951464479820335,0.03318824874053522,0.0,0.0
0.3321799307958477,0.356401384083045,0.009107492904445728,0.033993988066550705,0.0,0.0
0.3494809688581315,0.356401384083045,0.008731359866281646,0.034394391331393506,0.0,0.0
0.4221453287197231,0.356401384083045,0.00637611157609054,0.03423139447027829,0.0,0.0
0.4567474048442906,0.356401384083045,0.004954162868382857,0.03419755701310737,0.0,0.0
0.5155709342560554,0.356401384083045,0.002592595546081982,0.034464198825029504,0.0,0.0
0.5432525951557093,0.356401384083045,0.0014467682376071015,0.034668533106070674,0.0,0.0
0.5570934256055363,0.356401384083045,0.0008771997608054167,0.0347847534355634,0.0,0.0
0.5709342560553633,0.356401384083045,0.00031228855436424036,0.03486967887084689,0.0,0.0
0.6228373702422145,0.356401384083045,-0.0017874230253542575,0.03524950617466473,0.0,0.0
0.0,0.3529411764705882,0.005457702259725396,0.004149587166629034,0.0,0.0
0.0138408304498269,0.3529411764705882,0.005939334202653692,0.004832460119941449,0.0,0.0
0.0311418685121107,0.3529411764705882,0.00659999004189678,0.00586248896801106,0.0,0.0
0.0934256055363321,0.3529411764705882,0.009310587408421016,0.010979385525768201,0.0,0.0
0.1384083044982699,0.3529411764705882,0.010892443785869853,0.015671712810511787,0.0,0.0
0.1487889273356401,0.3529411764705882,0.011132530052298424,0.016798147727306915,0.0,0.0
0.2283737024221453,0.3529411764705882,0.011520118202548524,0.025331331508216502,0.0,0.0
0.2387543252595155,0.3529411764705882,0.011434235094982963,0.02641644079385574,0.0,0.0
0.2491349480968858,0.3529411764705882,0.011287996223475127,0.027441365663788783,0.0,0.0
0.3667820069204152,0.3529411764705882,0.00836106069236616,0.03439255195701221,0.0,0.0
0.3771626297577855,0.3529411764705882,0.008039037525121678,0.03433565613384135,0.0,0.0
0.4463667820069204,0.3529411764705882,0.005428888177789361,0.033909699669470265,0.0,0.0
0.4913494809688581,0.3529411764705882,0.0036131279295754785,0.03404824157701399,0.0,0.0
0.5294117647058824,0.3529411764705882,0.0020426688304934605,0.03426879118347259,0.0,0.0
0.5916955017301038,0.3529411764705882,-0.0004775915425742218,0.03468271779101045,0.0,0.0
0.6089965397923875,0.3529411764705882,-0.001175501002115427,0.034789223904167305,0.0,0.0
0.6228373702422145,0.3529411764705882,-0.0017241049048311154,0.034895461638218404,0.0,0.0
0.0,0.3494809688581315,0.005488810136402214,0.0041801964213310705,0.0,0.0
0.0726643598615917,0.3494809688581315,0.008489301367533352,0.009080878147962978,0.0,0.0
0.3979238754325259,0.3494809688581315,0.007356861396176455,0.03398640538584511,0.0,0.0
0.4809688581314879,0.3494809688581315,0.0040656817526412165,0.03374800172640241,0.0,0.0
0.5051903114186851,0.3494809688581315,0.0030848725411749584,0.03382369611569071,0.0,0.0
0.6228373702422145,0.3494809688581315,-0.0016573313021313698,0.034550614501792073,0.0,0.0
0.6262975778546713,0.3494809688581315,-0.0017892236997298122,0.03461131721738349,0.0,0.0
0.0,0.3460207612456747,0.005511954246776513,0.0042050262270945825,0.0,0.0
0.0588235294117647,0.3460207612456747,0.007902250686039307,0.007928034725343685,0.0,0.0
0.3425605536332179,0.3460207612456747,0.009048741885025084,0.034198026217033654,0.0,0.0
0.4152249134948096,0.3460207612456747,0.006691685807057878,0.0336474376533573,0.0,0.0
0.4325259515570934,0.3460207612456747,0.006029388545268529,0.03348289309564318,0.0,0.0
0.4671280276816609,0.3460207612456747,0.004619459771646091,0.033455979963858615,0.0,0.0
0.5813148788927336,0.3460207612456747,3.0344096147545383e-05,0.03395731303427668,0.0,0.0
0.6262975778546713,0.3460207612456747,-0.0017138846262020667,0.03428510567536565,0.0,0.0
0.0,0.3425605536332179,0.005530346533601969,0.004228440591490072,0.0,0.0
0.0173010380622837,0.3425605536332179,0.006195403196251836,0.00512375052853163,0.0,0.0
0.0415224913494809,0.3425605536332179,0.007184481445002044,0.006644555708406394,0.0,0.0
0.1038062283737024,0.3425605536332179,0.010412775155559217,0.012263544575419616,0.0,0.0
0.1072664359861591,0.3425605536332179,0.010568894557982093,0.01261750249623764,0.0,0.0
0.1107266435986159,0.3425605536332179,0.010730004238632077,0.012980641702143778,0.0,0.0
0.1141868512110726,0.3425605536332179,0.01086140566572937,0.013332041155604749,0.0,0.0
0.1176470588235294,0.3425605536332179,0.011014111530350213,0.013694362373160768,0.0,0.0
0.1211072664359861,0.3425605536332179,0.0111748897167127,0.014052233814147379,0.0,0.0
0.1245674740484429,0.3425605536332179,0.011302966906955232,0.014409447614525138,0.0,0.0
0.1280276816608996,0.3425605536332179,0.01145327570009406,0.014790426581488597,0.0,0.0
0.1314878892733564,0.3425605536332179,0.011613788227709834,0.015162455268456783,0.0,0.0
0.1349480968858131,0.3425605536332179,0.01160122142474753,0.015512982484551782,0.0,0.0
0.1384083044982699,0.3425605536332179,0.011719984486422672,0.015902195391249895,0.0,0.0
0.1418685121107266,0.3425605536332179,0.011774385203452628,0.016272992293107323,0.0,0.0
0.1453287197231834,0.3425605536332179,0.011879261389839711,0.016633685153357246,0.0,0.0
0.1487889273356401,0.3425605536332179,0.011970764625488186,0.017002526694678305,0.0,0.0
0.1522491349480969,0.3425605536332179,0.012033396306070646,0.017366608362164172,0.0,0.0
0.1557093425605536,0.3425605536332179,0.01208898833588691,0.01772019868401801,0.0,0.0
0.1591695501730103,0.3425605536332179,0.012289723424259314,0.018129254380853735,0.0,0.0
0.1626297577854671,0.3425605536332179,0.012335921868436102,0.018493889107825092,0.0,0.0
0.1660899653979238,0.3425605536332179,0.012398946518210233,0.018857366947702948,0.0,0.0
0.1695501730103806,0.3425605536332179,0.012451196761594036,0.019220098417913258,0.0,0.0
0.1730103806228373,0.3425605536332179,0.012493440400125752,0.01959392087157511,0.0,0.0
0.1764705882352941,0.3425605536332179,0.012530809021880463,0.019974782605708907,0.0,0.0
0.1799307958477508,0.3425605536332179,0.012554679224665879,0.020345924238286097,0.0,0.0
0.1833910034602076,0.3425605536332179,0.012607979393865794,0.020704895961422606,0.0,0.0
0.1868512110726643,0.3425605536332179,0.012625454472901717,0.021071469759875568,0.0,0.0
0.1903114186851211,0.3425605536332179,0.012630999962612837,0.02143158411689612,0.0,0.0
0.1937716262975778,0.3425605536332179,0.012635717347366581,0.021814192386661616,0.0,0.0
0.1972318339100346,0.3425605536332179,0.012645017398885228,0.02218492230703866,0.0,0.0
0.2006920415224913,0.3425605536332179,0.012625402583948318,0.02255650484584259,0.0,0.0
0.2041522491349481,0.3425605536332179,0.012637050508331134,0.022906266843132014,0.0,0.0
0.2076124567474048,0.3425605536332179,0.012640885669893373,0.023276063911237526,0.0,0.0
0.2110726643598615,0.3425605536332179,0.012624264196578434,0.023633082948531576,0.0,0.0
0.2145328719723183,0.3425605536332179,0.012629558578945346,0.023991063633555996,0.0,0.0
0.2179930795847751,0.3425605536332179,0.012595308593566123,0.02434751055758186,0.0,0.0
0.2214532871972318,0.3425605536332179,0.012585790034351963,0.024707594309630425,0.0,0.0
0.2249134948096885,0.3425605536332179,0.01257612136279926,0.025063823601103742,0.0,0.0
0.2283737024221453,0.3425605536332179,0.012522092567101408,0.025415543120816193,0.0,0.0
0.231833910034602,0.3425605536332179,0.01249107636281195,0.025769780181511475,0.0,0.0
0.2352941176470588,0.3425605536332179,0.012458390931920282,0.026120590030743476,0.0,0.0
0.2387543252595155,0.3425605536332179,0.012410318853600917,0.026462540777967496,0.0,0.0
0.2422145328719723,0.3425605536332179,0.01236299120260934,0.026806358262254654,0.0,0.0
0.245674740484429,0.3425605536332179,0.012322599562945189,0.02713899262062426,0.0,0.0
0.2491349480968858,0.3425605536332179,0.012215274592084529,0.027476677212985495,0.0,0.0
0.2525951557093425,0.3425605536332179,0.01217907768279901,0.027821241759305504,0.0,0.0
0.2560553633217993,0.3425605536332179,0.012108460328186878,0.02815314394211653,0.0,0.0
0.259515570934256,0.3425605536332179,0.01202404850427835,0.028473308147538255,0.0,0.0
0.2629757785467128,0.3425605536332179,0.011924384217010718,0.028786619275503827,0.0,0.0
0.2664359861591695,0.3425605536332179,0.011820479470057165,0.029082804443625293,0.0,0.0
0.2698961937716263,0.3425605536332179,0.011715476820941031,0.029423449051832466,0.0,0.0
0.273356401384083,0.3425605536332179,0.011622206074120837,0.02973912257788157,0.0,0.0
0.2768166089965398,0.3425605536332179,0.01150274476311166,0.03005773340325163,0.0,0.0
0.2802768166089965,0.3425605536332179,0.01138490439881185,0.030352089086528356,0.0,0.0
0.2837370242214533,0.3425605536332179,0.011263709254667312,0.030649948040855683,0.0,0.0
0.28719723183391,0.3425605536332179,0.011135571536913143,0.030954694724037213,0.0,0.0
0.2906574394463668,0.3425605536332179,0.010968950803385174,0.031250433302661806,0.0,0.0
0.2941176470588235,0.3425605536332179,0.01085243758929522,0.03153035361066654,0.0,0.0
0.2975778546712803,0.3425605536332179,0.010713587544556879,0.03182250499243042,0.0,0.0
0.301038062283737,0.3425605536332179,0.010580904777289759,0.03208882851979185,0.0,0.0
0.3044982698961938,0.3425605536332179,0.010453664472854153,0.03236330738933227,0.0,0.0
0.3079584775086505,0.3425605536332179,0.010344579590974061,0.03260162258868065,0.0,0.0
0.3114186851211072,0.3425605536332179,0.010203959076481712,0.03283154785716075,0.0,0.0
0.314878892733564,0.3425605536332179,0.01004664172656708,0.03305868830364875,0.0,0.0
0.3806228373702422,0.3425605536332179,0.007996291555518653,0.033876529624155334,0.0,0.0
0.4532871972318339,0.3425605536332179,0.0051777629761432555,0.03319817774764554,0.0,0.0
0.4948096885813148,0.3425605536332179,0.003550598219970771,0.033235874135676816,0.0,0.0
0.5190311418685121,0.3425605536332179,0.0025741772958217703,0.03332189994267736,0.0,0.0
0.5916955017301038,0.3425605536332179,-0.0003467943542497787,0.033696123490539055,0.0,0.0
0.6020761245674741,0.3425605536332179,-0.0007538250189149727,0.03374910597998359,0.0,0.0
0.6124567474048442,0.3425605536332179,-0.0011628868026051418,0.033774510690033795,0.0,0.0
0.6262975778546713,0.3425605536332179,-0.0016630534721592668,0.033941887912409395,0.0,0.0
0.0,0.3391003460207612,0.005539959491947899,0.004243196628312153,0.0,0.0
0.0830449826989619,0.3391003460207612,0.009442154361040435,0.010291457722237485,0.0,0.0
0.0865051903114186,0.3391003460207612,0.009648166553851183,0.010639752174872591,0.0,0.0
0.0899653979238754,0.3391003460207612,0.009841460555376675,0.010963998225617243,0.0,0.0
0.0934256055363321,0.3391003460207612,0.010015365858708354,0.01128549349578794,0.0,0.0
0.0968858131487889,0.3391003460207612,0.010253027989282558,0.011649696633198535,0.0,0.0
0.1003460207612456,0.3391003460207612,0.010470258185394654,0.012016643011394195,0.0,0.0
0.1038062283737024,0.3391003460207612,0.010621852145008126,0.012376729545758127,0.0,0.0
0.314878892733564,0.3391003460207612,0.010143549212728057,0.03297142602933283,0.0,0.0
0.3183391003460207,0.3391003460207612,0.009997617977845584,0.033175564051120425,0.0,0.0
0.3217993079584775,0.3391003460207612,0.009817682375619446,0.03338894294973069,0.0,0.0
0.3252595155709342,0.3391003460207612,0.009638696678137373,0.033588924309778695,0.0,0.0
0.3598615916955017,0.3391003460207612,0.008588283945887926,0.0341167233693795,0.0,0.0
0.4048442906574394,0.3391003460207612,0.007104876762374265,0.03337930596124476,0.0,0.0
0.5086505190311419,0.3391003460207612,0.002993726428845967,0.033001010224741806,0.0,0.0
0.5467128027681661,0.3391003460207612,0.0014611824634520178,0.033201698321741656,0.0,0.0
0.5640138408304498,0.3391003460207612,0.0007977062264205917,0.03326762316721066,0.0,0.0
0.6262975778546713,0.3391003460207612,-0.0016067543359267718,0.033586409191068145,0.0,0.0
0.0,0.3356401384083045,0.005545842819278533,0.004269230500223204,0.0,0.0
0.0276816608996539,0.3356401384083045,0.00665501801852586,0.005814267135641877,0.0,0.0
0.0692041522491349,0.3356401384083045,0.008758771370681324,0.009108015408275176,0.0,0.0
0.0726643598615917,0.3356401384083045,0.008955850197279054,0.009416368113777024,0.0,0.0
0.0761245674740484,0.3356401384083045,0.009152740460305748,0.00972059762217606,0.0,0.0
0.0795847750865051,0.3356401384083045,0.009373899470060612,0.010046760665967467,0.0,0.0
0.0830449826989619,0.3356401384083045,0.009576129766421826,0.010367511707261115,0.0,0.0
0.3252595155709342,0.3356401384083045,0.009672634382018899,0.033515690486283826,0.0,0.0
0.328719723183391,0.3356401384083045,0.0095361347323688,0.03370380642327162,0.0,0.0
0.3321799307958477,0.3356401384083045,0.009390470873678957,0.033851534652819315,0.0,0.0
0.3356401384083045,0.3356401384083045,0.009268510694205513,0.03395829895154408,0.0,0.0
0.370242214532872,0.3356401384083045,0.008274674954281991,0.03384410357750775,0.0,0.0
0.3944636678200692,0.3356401384083045,0.007474053747087073,0.03334725347858305,0.0,0.0
0.4221453287197231,0.3356401384083045,0.00642596010591323,0.032928585813446896,0.0,0.0
0.4429065743944637,0.3356401384083045,0.005595334619386409,0.03271679626157635,0.0,0.0
0.4740484429065744,0.3356401384083045,0.00437024473876374,0.0327068292394217,0.0,0.0
0.532871972318339,0.3356401384083045,0.002056336503133618,0.032813859905106504,0.0,0.0
0.5743944636678201,0.3356401384083045,0.00041837118558571857,0.032989320014397444,0.0,0.0
0.6262975778546713,0.3356401384083045,-0.0015677163467232493,0.0332748602799874,0.0,0.0
0.0,0.3321799307958477,0.005545334266917157,0.004301563974184273,0.0,0.0
0.0553633217993079,0.3321799307958477,0.00794825464690917,0.007938189773644553,0.0,0.0
0.0588235294117647,0.3321799307958477,0.008127326873962743,0.008222384691959354,0.0,0.0
0.0622837370242214,0.3321799307958477,0.008325906389357195,0.008522862390969381,0.0,0.0
0.0657439446366782,0.3321799307958477,0.008544445379891748,0.008846984067390117,0.0,0.0
0.0692041522491349,0.3321799307958477,0.008812924490571833,0.009187268139139343,0.0,0.0
0.3356401384083045,0.3321799307958477,0.009232314985817988,0.033918608349720894,0.0,0.0
0.3391003460207612,0.3321799307958477,0.009086141379028995,0.03398381305460882,0.0,0.0
0.3425605536332179,0.3321799307958477,0.008942456594671279,0.03406357626747711,0.0,0.0
0.4567474048442906,0.3321799307958477,0.005006411560815096,0.03245262813245113,0.0,0.0
0.4878892733564013,0.3321799307958477,0.003828192961808255,0.03243727133896414,0.0,0.0
0.5882352941176471,0.3321799307958477,-8.322887116388762e-05,0.032737863546426944,0.0,0.0
0.5986159169550173,0.3321799307958477,-0.0004942428442304813,0.03277526958203652,0.0,0.0
0.6124567474048442,0.3321799307958477,-0.0010424450165782946,0.032797029603858704,0.0,0.0
0.6262975778546713,0.3321799307958477,-0.0015159801758110973,0.032928678278925386,0.0,0.0
0.0,0.328719723183391,0.005521085371707795,0.0043264113446149135,0.0,0.0
0.0138408304498269,0.328719723183391,0.006075537909915871,0.0050527197934410704,0.0,0.0
0.0449826989619377,0.328719723183391,0.007389522386763037,0.007181863562169479,0.0,0.0
0.0484429065743944,0.328719723183391,0.007524752762302436,0.007450089521686061,0.0,0.0
0.0519031141868512,0.328719723183391,0.007751402684511887,0.00774855891929489,0.0,0.0
0.0553633217993079,0.328719723183391,0.007948598198429597,0.008034061928275557,0.0,0.0
0.3425605536332179,0.328719723183391,0.008857277347928915,0.03402416378538457,0.0,0.0
0.3460207612456747,0.328719723183391,0.00878612999433265,0.03406107005418398,0.0,0.0
0.4117647058823529,0.328719723183391,0.00673735455121182,0.032659679235421374,0.0,0.0
0.4325259515570934,0.328719723183391,0.0059477401103289525,0.032350621599590616,0.0,0.0
0.5051903114186851,0.328719723183391,0.0031562592525512965,0.032184290188983194,0.0,0.0
0.5467128027681661,0.328719723183391,0.0015339897599216813,0.032325702887480594,0.0,0.0
0.5570934256055363,0.328719723183391,0.001133335589959364,0.032361794627375776,0.0,0.0
0.6262975778546713,0.328719723183391,-0.0014734300840091115,0.03259922139363837,0.0,0.0
0.0,0.3252595155709342,0.005494384127372816,0.004342066866434786,0.0,0.0
0.0380622837370242,0.3252595155709342,0.0070021311709378715,0.006749898980340582,0.0,0.0
0.0415224913494809,0.3252595155709342,0.00716360216932703,0.007021987926255947,0.0,0.0
0.0449826989619377,0.3252595155709342,0.007298036603502594,0.007265305573472158,0.0,0.0
0.3460207612456747,0.3252595155709342,0.00867269093151117,0.03401722642990232,0.0,0.0
0.3494809688581315,0.3252595155709342,0.008583608160218926,0.03402750232600443,0.0,0.0
0.3529411764705882,0.3252595155709342,0.008495060963774483,0.03401313700382547,0.0,0.0
0.3771626297577855,0.3252595155709342,0.007910041821055286,0.03333274551895967,0.0,0.0
0.4671280276816609,0.3252595155709342,0.004584303739401652,0.031923892457294684,0.0,0.0
0.5224913494809689,0.3252595155709342,0.002505096735894609,0.03192116073870579,0.0,0.0
0.6262975778546713,0.3252595155709342,-0.0014361216595962113,0.03221226708708344,0.0,0.0
0.0,0.3217993079584775,0.0054631059558405025,0.004361730815865416,0.0,0.0
0.0311418685121107,0.3217993079584775,0.0066392615819884935,0.006305847703202405,0.0,0.0
0.0346020761245674,0.3217993079584775,0.006766930694754919,0.006584715177660492,0.0,0.0
0.0380622837370242,0.3217993079584775,0.00688512620653897,0.006845990358698512,0.0,0.0
0.3529411764705882,0.3217993079584775,0.008375216039827205,0.03398312245362127,0.0,0.0
0.356401384083045,0.3217993079584775,0.00829871439602823,0.03392405970048368,0.0,0.0
0.3944636678200692,0.3217993079584775,0.007274400531163095,0.0326552403164891,0.0,0.0
0.4221453287197231,0.3217993079584775,0.006275999450343717,0.03202166916484283,0.0,0.0
0.4498269896193771,0.3217993079584775,0.005220185521107441,0.03173284482825838,0.0,0.0
0.4809688581314879,0.3217993079584775,0.00408230220215309,0.031631789532975074,0.0,0.0
0.5363321799307958,0.3217993079584775,0.0019735267334024947,0.03168200868329961,0.0,0.0
0.5743944636678201,0.3217993079584775,0.0005188052225240034,0.03179707538565923,0.0,0.0
0.5847750865051903,0.3217993079584775,0.00014305888158334872,0.031807060802783754,0.0,0.0
0.5986159169550173,0.3217993079584775,-0.0003819470575400221,0.03183362255903613,0.0,0.0
0.6262975778546713,0.3217993079584775,-0.001400387060870455,0.03186613033284758,0.0,0.0
0.0,0.3183391003460207,0.005414077066471958,0.00437860782406202,0.0,0.0
0.0207612456747404,0.3183391003460207,0.006146298673245431,0.005622544183753041,0.0,0.0
0.0242214532871972,0.3183391003460207,0.006273750143030761,0.0058815589945279325,0.0,0.0
0.0276816608996539,0.3183391003460207,0.006366577209530112,0.006114827577928835,0.0,0.0
0.0311418685121107,0.3183391003460207,0.006480130431900139,0.006364417726500813,0.0,0.0
0.356401384083045,0.3183391003460207,0.008145591579844395,0.033885056827846906,0.0,0.0
0.3598615916955017,0.3183391003460207,0.008092119180571017,0.03380617438629195,0.0,0.0
0.5501730103806228,0.3183391003460207,0.001458791110950084,0.03146988931102266,0.0,0.0
0.5605536332179931,0.3183391003460207,0.0010706350686775664,0.031500210681118725,0.0,0.0
0.6124567474048442,0.3183391003460207,-0.0008936079588734206,0.031550706346416345,0.0,0.0
0.6262975778546713,0.3183391003460207,-0.001372182179408608,0.03153869243821856,0.0,0.0
0.0,0.314878892733564,0.0053476047800368135,0.0044078920933440105,0.0,0.0
0.0173010380622837,0.314878892733564,0.0058468749695953,0.005360951607840759,0.0,0.0
0.0207612456747404,0.314878892733564,0.005870760519723364,0.005560816037794109,0.0,0.0
0.3598615916955017,0.314878892733564,0.00793022261747379,0.033747429510315965,0.0,0.0
0.3633217993079585,0.314878892733564,0.007885790657431703,0.03361657590000344,0.0,0.0
0.3840830449826989,0.314878892733564,0.007430579035023015,0.03270880892187855,0.0,0.0
0.4048442906574394,0.314878892733564,0.006747951508228642,0.03196872195273113,0.0,0.0
0.4359861591695502,0.314878892733564,0.00565088964222492,0.031392877615789766,0.0,0.0
0.4948096885813148,0.314878892733564,0.003496755333435032,0.031139988875945913,0.0,0.0
0.5121107266435986,0.314878892733564,0.0028767376882278977,0.031109713674414372,0.0,0.0
0.5259515570934256,0.314878892733564,0.002377841289045624,0.031116869350314425,0.0,0.0
0.6262975778546713,0.314878892733564,-0.0013455626337907022,0.031221675271213327,0.0,0.0
0.0,0.3114186851211072,0.005216707017871337,0.004415149718851797,0.0,0.0
0.0103806228373702,0.3114186851211072,0.005371021080213062,0.00487822905243371,0.0,0.0
0.0138408304498269,0.3114186851211072,0.005453932133803878,0.005080708524956904,0.0,0.0
0.0173010380622837,0.3114186851211072,0.005553638149188504,0.005301097423347116,0.0,0.0
0.3633217993079585,0.3114186851211072,0.007716156757168438,0.03356792441885111,0.0,0.0
0.3667820069204152,0.3114186851211072,0.007683374357052402,0.03339932107642648,0.0,0.0
0.4463667820069204,0.3114186851211072,0.005220753653964922,0.031082206376319026,0.0,0.0
0.4671280276816609,0.3114186851211072,0.004469831715361416,0.0309386425819334,0.0,0.0
0.5882352941176471,0.3114186851211072,8.776003102838379e-05,0.03093422877799583,0.0,0.0
0.6020761245674741,0.3114186851211072,-0.00043232007127864567,0.030950809781728008,0.0,0.0
0.6262975778546713,0.3114186851211072,-0.0013227218637115702,0.03088925745708468,0.0,0.0
0.0,0.3079584775086505,0.005078893745706093,0.004395288245533251,0.0,0.0
0.0034602076124567,0.3079584775086505,0.005086883952280819,0.004520266810325388,0.0,0.0
0.0069204152249134,0.3079584775086505,0.005119415571740882,0.004670392851853309,0.0,0.0
0.0103806228373702,0.3079584775086505,0.005101564856159461,0.004820712653848343,0.0,0.0
0.3667820069204152,0.3079584775086505,0.0075041222378865605,0.033330064937394766,0.0,0.0
0.370242214532872,0.3079584775086505,0.007460139473330846,0.033171668614441305,0.0,0.0
0.4186851211072664,0.3079584775086505,0.006120629315259992,0.031227513083618343,0.0,0.0
0.4809688581314879,0.3079584775086505,0.0039561129765226175,0.03066090952920829,0.0,0.0
0.5432525951557093,0.3079584775086505,0.0017240744133438578,0.030615609672268774,0.0,0.0
0.5536332179930796,0.3079584775086505,0.0013497757709252094,0.030628057660399728,0.0,0.0
0.5640138408304498,0.3079584775086505,0.0009738154425044461,0.03063776909117271,0.0,0.0
0.5778546712802768,0.3079584775086505,0.00048104586315584344,0.030643023633780065,0.0,0.0
0.615916955017301,0.3079584775086505,-0.0009480952517084863,0.030627239283069332,0.0,0.0
0.6262975778546713,0.3079584775086505,-0.0013005325165439154,0.0305848513198096,0.0,0.0
0.0,0.3044982698961938,0.0049100625090742,0.004389022563638903,0.0,0.0
0.0034602076124567,0.3044982698961938,0.004844981800496912,0.004464400853662998,0.0,0.0
0.370242214532872,0.3044982698961938,0.0072825824091977635,0.03312616874834633,0.0,0.0
0.3737024221453287,0.3044982698961938,0.007248479567482921,0.032916275155132894,0.0,0.0
0.3875432525951557,0.3044982698961938,0.006971337201044167,0.03214844090928259,0.0,0.0
0.3979238754325259,0.3044982698961938,0.00669031165755527,0.031629506892181594,0.0,0.0
0.4567474048442906,0.3044982698961938,0.0047431643954410335,0.03054062787443828,0.0,0.0
0.4913494809688581,0.3044982698961938,0.003550186388123903,0.030389185021237698,0.0,0.0
0.532871972318339,0.3044982698961938,0.0021106459922062906,0.030312004249957267,0.0,0.0
0.6262975778546713,0.3044982698961938,-0.0012822114507390606,0.030276884603312314,0.0,0.0
0.3737024221453287,0.301038062283737,0.007080019823267485,0.032823983149090026,0.0,0.0
0.3771626297577855,0.301038062283737,0.0070448773687411155,0.03261247576950074,0.0,0.0
0.4083044982698962,0.301038062283737,0.006293995839356038,0.031075056917570114,0.0,0.0
0.4671280276816609,0.301038062283737,0.0043445584933410565,0.030242388672833836,0.0,0.0
0.5051903114186851,0.301038062283737,0.0030451663095433564,0.030077286671718047,0.0,0.0
0.5190311418685121,0.301038062283737,0.0025908598064586894,0.03004999824888195,0.0,0.0
0.5951557093425606,0.301038062283737,-0.00010798823546036579,0.03006305776597557,0.0,0.0
0.6055363321799307,0.301038062283737,-0.0004993933627354451,0.030025020620446853,0.0,0.0
0.6262975778546713,0.301038062283737,-0.0012703359079269051,0.02998299475644102,0.0,0.0
0.3771626297577855,0.2975778546712803,0.006882552259658907,0.03250586689694551,0.0,0.0
0.4359861591695502,0.2975778546712803,0.005322418692681684,0.030260883463794856,0.0,0.0
0.5467128027681661,0.2975778546712803,0.0015841044747035935,0.029800467205606408,0.0,0.0
0.5709342560553633,0.2975778546712803,0.0007792637514340752,0.02976023564167201,0.0,0.0
0.5847750865051903,0.2975778546712803,0.0002800967959174394,0.029767832057155677,0.0,0.0
0.6262975778546713,0.2975778546712803,-0.001256022524837652,0.029683859932220568,0.0,0.0
0.3771626297577855,0.2941176470588235,0.006738544335223743,0.03237634784394023,0.0,0.0
0.3806228373702422,0.2941176470588235,0.00670169086084605,0.032141169901155175,0.0,0.0
0.3944636678200692,0.2941176470588235,0.006439118451961035,0.031289306415732666,0.0,0.0
0.4221453287197231,0.2941176470588235,0.00566947912146111,0.030295254045963012,0.0,0.0
0.4498269896193771,0.2941176470588235,0.004809948843569078,0.029906085152270796,0.0,0.0
0.5294117647058824,0.2941176470588235,0.002204914764963586,0.029517525138144596,0.0,0.0
0.6262975778546713,0.2941176470588235,-0.00124005462375222,0.029365336871010783,0.0,0.0
0.3806228373702422,0.2906574394463668,0.006575977916398957,0.031983605060673236,0.0,0.0
0.4705882352941176,0.2906574394463668,0.004092378720015699,0.029504436409800487,0.0,0.0
0.4878892733564013,0.2906574394463668,0.0035428343391415477,0.02939952334813623,0.0,0.0
0.5017301038062284,0.2906574394463668,0.0030932928838501546,0.02934968409171894,0.0,0.0
0.5605536332179931,0.2906574394463668,0.0011102336927553374,0.029247959665761887,0.0,0.0
0.5951557093425606,0.2906574394463668,-8.746657001460841e-05,0.02920621765183161,0.0,0.0
0.6124567474048442,0.2906574394463668,-0.0007539222077991505,0.029136263439876943,0.0,0.0
0.6262975778546713,0.2906574394463668,-0.0012188788141284698,0.029057333782425365,0.0,0.0
0.3806228373702422,0.28719723183391,0.0064576142484658395,0.031823032564921735,0.0,0.0
0.3840830449826989,0.28719723183391,0.006415821294801402,0.03160737647687428,0.0,0.0
0.4083044982698962,0.28719723183391,0.005846990678101988,0.030306277961438373,0.0,0.0
0.4602076124567474,0.28719723183391,0.004381729074703288,0.029352610108682165,0.0,0.0
0.5190311418685121,0.28719723183391,0.0025104600542726284,0.029040645517807037,0.0,0.0
0.5501730103806228,0.28719723183391,0.001460406410985378,0.02898293328125565,0.0,0.0
0.5743944636678201,0.28719723183391,0.0006489366336497417,0.028933974868572496,0.0,0.0
0.5847750865051903,0.28719723183391,0.0002901942499208761,0.028910412322678877,0.0,0.0
0.6262975778546713,0.28719723183391,-0.0012040094671516817,0.028735684660758966,0.0,0.0
0.3840830449826989,0.2837370242214533,0.00630394062006567,0.03143161223888135,0.0,0.0
0.3979238754325259,0.2837370242214533,0.0060154381320941565,0.030575098924299784,0.0,0.0
0.4186851211072664,0.2837370242214533,0.00549282981626758,0.02977990953722059,0.0,0.0
0.4359861591695502,0.2837370242214533,0.0050211438091044185,0.02943840460866841,0.0,0.0
0.6262975778546713,0.2837370242214533,-0.001206110798908315,0.02841965594381287,0.0,0.0
0.3840830449826989,0.2802768166089965,0.006187480990162089,0.031240357682943358,0.0,0.0
0.3875432525951557,0.2802768166089965,0.0061314964867444696,0.030989768922988777,0.0,0.0
0.4498269896193771,0.2802768166089965,0.004570107699752706,0.029030369212752993,0.0,0.0
0.4913494809688581,0.2802768166089965,0.0033278608282087258,0.02865793712027538,0.0,0.0
0.5363321799307958,0.2802768166089965,0.0018920456046307805,0.028497146369572443,0.0,0.0
0.6020761245674741,0.2802768166089965,-0.00036333036016863995,0.02830950442606414,0.0,0.0
0.6262975778546713,0.2802768166089965,-0.0012018210687116638,0.02812877771312207,0.0,0.0
0.3875432525951557,0.2768166089965398,0.006048936964505546,0.030772040714700962,0.0,0.0
0.4636678200692041,0.2768166089965398,0.004122365735127718,0.02862984258331628,0.0,0.0
0.5017301038062284,0.2768166089965398,0.0029669072866832127,0.028380459223029546,0.0,0.0
0.5674740484429066,0.2768166089965398,0.0008559623716049843,0.028146783575739628,0.0,0.0
0.5813148788927336,0.2768166089965398,0.00038512926511426594,0.028092641741222932,0.0,0.0
0.6124567474048442,0.2768166089965398,-0.0007509978469764824,0.027949880147144987,0.0,0.0
0.6262975778546713,0.2768166089965398,-0.0011947505285209352,0.027836711574677816,0.0,0.0
0.3875432525951557,0.273356401384083,0.005983997479058985,0.03053003012788,0.0,0.0
0.4048442906574394,0.273356401384083,0.005561238517616234,0.029614804437672955,0.0,0.0
0.4256055363321799,0.273356401384083,0.005058823703562375,0.02901540451469934,0.0,0.0
0.4775086505190311,0.273356401384083,0.0036560101949668525,0.028314701263399057,0.0,0.0
0.5536332179930796,0.273356401384083,0.001271423479490411,0.027941592103137326,0.0,0.0
0.6262975778546713,0.273356401384083,-0.0011867050633401757,0.027550599252209703,0.0,0.0
0.3875432525951557,0.2698961937716263,0.00591666101203734,0.03027022600973301,0.0,0.0
0.3910034602076124,0.2698961937716263,0.005829077450031059,0.030069587678643338,0.0,0.0
0.4152249134948096,0.2698961937716263,0.005235528649880016,0.02907383239055128,0.0,0.0
0.4878892733564013,0.2698961937716263,0.003321231457057024,0.027993156421761527,0.0,0.0
0.5190311418685121,0.2698961937716263,0.0023740781208125665,0.027791294162273567,0.0,0.0
0.5294117647058824,0.2698961937716263,0.0020445228358413527,0.02774723377195487,0.0,0.0
0.5951557093425606,0.2698961937716263,-0.0001144899055180075,0.027478918357127548,0.0,0.0
0.6262975778546713,0.2698961937716263,-0.0011791201260893348,0.02726548634353366,0.0,0.0
0.629757785467128,0.2698961937716263,-0.0012506748309410653,0.02723648246853244,0.0,0.0
0.3910034602076124,0.2664359861591695,0.0057633455894963385,0.029754863096227407,0.0,0.0
0.4429065743944637,0.2664359861591695,0.0045052739088849,0.028233612603044595,0.0,0.0
0.5051903114186851,0.2664359861591695,0.0027742893054116748,0.027635690625438497,0.0,0.0
0.5397923875432526,0.2664359861591695,0.0016776438266584207,0.027467717828184086,0.0,0.0
0.629757785467128,0.2664359861591695,-0.0012596095479472313,0.02686871314025753,0.0,0.0
0.3910034602076124,0.2629757785467128,0.005709672592195038,0.029487966212853444,0.0,0.0
0.4013840830449827,0.2629757785467128,0.005457660834422153,0.02906347527473847,0.0,0.0
0.4602076124567474,0.2629757785467128,0.003998452248015214,0.027745781622175773,0.0,0.0
0.4740484429065744,0.2629757785467128,0.0036173180046592305,0.027617980459291334,0.0,0.0
0.5501730103806228,0.2629757785467128,0.0013226513539696236,0.02719633130446092,0.0,0.0
0.5847750865051903,0.2629757785467128,0.00023393218157962163,0.02697766446871818,0.0,0.0
0.6124567474048442,0.2629757785467128,-0.0007418702533272811,0.02682539695049302,0.0,0.0
0.629757785467128,0.2629757785467128,-0.001277099611823057,0.026575289254677063,0.0,0.0
0.3910034602076124,0.259515570934256,0.005675201456928283,0.029206157566079072,0.0,0.0
0.4221453287197231,0.259515570934256,0.004867067569913317,0.028216193462130376,0.0,0.0
0.4913494809688581,0.259515570934256,0.003099501397186518,0.027271863180012648,0.0,0.0
0.5224913494809689,0.259515570934256,0.0021813794264398823,0.027063066414803296,0.0,0.0
0.5674740484429066,0.259515570934256,0.0007728877085177876,0.026819555822526733,0.0,0.0
0.629757785467128,0.259515570934256,-0.001278027421690539,0.02626143907393045,0.0,0.0
0.3910034602076124,0.2560553633217993,0.005641202328537351,0.028902747124946872,0.0,0.0
0.4117647058823529,0.2560553633217993,0.0050748034367550906,0.02823809353875629,0.0,0.0
0.4325259515570934,0.2560553633217993,0.004583269616651687,0.02775833351287569,0.0,0.0
0.4463667820069204,0.2560553633217993,0.004255787554051869,0.027500236767361116,0.0,0.0
0.532871972318339,0.2560553633217993,0.001820606492465956,0.02675671113707543,0.0,0.0
0.5986159169550173,0.2560553633217993,-0.00027674775590737005,0.02636500142500748,0.0,0.0
0.629757785467128,0.2560553633217993,-0.0012882514031324452,0.025956984862609105,0.0,0.0
0.3910034602076124,0.2525951557093425,0.00561489288917164,0.02860113854608854,0.0,0.0
0.4013840830449827,0.2525951557093425,0.00533876614431515,0.028291558392517676,0.0,0.0
0.4636678200692041,0.2525951557093425,0.003761806488005929,0.02706711894891625,0.0,0.0
0.5086505190311419,0.2525951557093425,0.0025343285891042296,0.026666648294440633,0.0,0.0
0.629757785467128,0.2525951557093425,-0.0012972925588381318,0.025682360607423897,0.0,0.0
0.3910034602076124,0.2491349480968858,0.005588655856136552,0.02831203354117892,0.0,0.0
0.4221453287197231,0.2491349480968858,0.004732557803366662,0.027514215539086125,0.0,0.0
0.4740484429065744,0.2491349480968858,0.0034620010902222647,0.026711050787035753,0.0,0.0
0.5190311418685121,0.2491349480968858,0.0021865195136011287,0.0263631153766476,0.0,0.0
0.5501730103806228,0.2491349480968858,0.0012184581020667625,0.026194258757653025,0.0,0.0
0.5640138408304498,0.2491349480968858,0.0008283165882326895,0.02606559351312605,0.0,0.0
0.6124567474048442,0.2491349480968858,-0.0007734877311278017,0.025686460817132887,0.0,0.0
0.629757785467128,0.2491349480968858,-0.0013037270408582872,0.025397777362332865,0.0,0.0
0.3910034602076124,0.245674740484429,0.005559080657843517,0.027973355566706753,0.0,0.0
0.4498269896193771,0.245674740484429,0.00403509553490131,0.026785278562517265,0.0,0.0
0.5363321799307958,0.245674740484429,0.0016235284306129133,0.026010631518087333,0.0,0.0
0.5813148788927336,0.245674740484429,0.0002768047133223545,0.025671342532027554,0.0,0.0
0.629757785467128,0.245674740484429,-0.0013103867817888055,0.025133784155844028,0.0,0.0
0.3910034602076124,0.2422145328719723,0.005538663871918337,0.027635012287185772,0.0,0.0
0.4083044982698962,0.2422145328719723,0.005050779507535349,0.027333117458541924,0.0,0.0
0.4359861591695502,0.2422145328719723,0.0043324317581638514,0.02681612301802853,0.0,0.0
0.4913494809688581,0.2422145328719723,0.002916095688802742,0.026105429819846003,0.0,0.0
0.5051903114186851,0.2422145328719723,0.002522987002718537,0.02598311323227814,0.0,0.0
0.5951557093425606,0.2422145328719723,-0.00021952189875314946,0.02531668205954433,0.0,0.0
0.629757785467128,0.2422145328719723,-0.001335913968595503,0.024881580387660883,0.0,0.0
0.3910034602076124,0.2387543252595155,0.005521742737279107,0.027321311691626812,0.0,0.0
0.4221453287197231,0.2387543252595155,0.004642455853681653,0.02680992650394861,0.0,0.0
0.4775086505190311,0.2387543252595155,0.0032292656848047488,0.026028826956123168,0.0,0.0
0.5224913494809689,0.2387543252595155,0.0019719684042764666,0.02560601860704715,0.0,0.0
0.5536332179930796,0.2387543252595155,0.001054515108197473,0.025413454800707155,0.0,0.0
0.6193771626297578,0.2387543252595155,-0.0010398661634076877,0.024797765384906065,0.0,0.0
0.629757785467128,0.2387543252595155,-0.0013427037636867532,0.024634456318981826,0.0,0.0
0.3910034602076124,0.2352941176470588,0.005516812716929305,0.027065387872761918,0.0,0.0
0.4636678200692041,0.2352941176470588,0.003549889881966011,0.02597505003022311,0.0,0.0
0.5640138408304498,0.2352941176470588,0.0007363808535359778,0.02506424009385285,0.0,0.0
0.6089965397923875,0.2352941176470588,-0.000701078691874819,0.024661713979280294,0.0,0.0
0.629757785467128,0.2352941176470588,-0.0013633596149393943,0.024357456386893975,0.0,0.0
0.3910034602076124,0.231833910034602,0.005483691240029328,0.026737393945642583,0.0,0.0
0.3944636678200692,0.231833910034602,0.00540644079796677,0.02675179693152146,0.0,0.0
0.4117647058823529,0.231833910034602,0.0048902398782370736,0.02650204390305358,0.0,0.0
0.4498269896193771,0.231833910034602,0.003873800899184172,0.025913783158793707,0.0,0.0
0.4948096885813148,0.231833910034602,0.0027017362362214254,0.02537960547987571,0.0,0.0
0.5397923875432526,0.231833910034602,0.0013729871564337696,0.02505289565197429,0.0,0.0
0.5778546712802768,0.231833910034602,0.00028630137583437386,0.024686940542412,0.0,0.0
0.5986159169550173,0.231833910034602,-0.0003803893528711413,0.024501289612228843,0.0,0.0
0.629757785467128,0.231833910034602,-0.0013690161148079828,0.024087011990849467,0.0,0.0
0.3944636678200692,0.2283737024221453,0.005400162499696493,0.02648284369963432,0.0,0.0
0.4256055363321799,0.2283737024221453,0.004478689405830408,0.02603979122857923,0.0,0.0
0.4394463667820069,0.2283737024221453,0.004122487209357858,0.025812624951729257,0.0,0.0
0.5051903114186851,0.2283737024221453,0.0023804877092978103,0.025068809490377347,0.0,0.0
0.5501730103806228,0.2283737024221453,0.0010656222151744573,0.024704720205062945,0.0,0.0
0.629757785467128,0.2283737024221453,-0.0013819587585237759,0.023841107291737888,0.0,0.0
0.3944636678200692,0.2249134948096885,0.0053878782011142065,0.026213864792430257,0.0,0.0
0.4671280276816609,0.2249134948096885,0.003350053048798159,0.025278190258721252,0.0,0.0
0.4809688581314879,0.2249134948096885,0.0029923355374901076,0.025099468944043697,0.0,0.0
0.5882352941176471,0.2249134948096885,-9.447760273698948e-05,0.0240933882591391,0.0,0.0
0.615916955017301,0.2249134948096885,-0.0009579561690812706,0.02376756445869138,0.0,0.0
0.629757785467128,0.2249134948096885,-0.0013862169509544693,0.023579818644591848,0.0,0.0
0.3944636678200692,0.2214532871972318,0.005374321463023596,0.02595634504491068,0.0,0.0
0.4048442906574394,0.2214532871972318,0.005053864277044687,0.0258678764517671,0.0,0.0
0.4152249134948096,0.2214532871972318,0.0047316518026762795,0.02571541065375189,0.0,0.0
0.5224913494809689,0.2214532871972318,0.0018138183096415217,0.024456253791924114,0.0,0.0
0.532871972318339,0.2214532871972318,0.0014926395894584608,0.024390986862145945,0.0,0.0
0.5709342560553633,0.2214532871972318,0.00042607102587629273,0.02402142942350817,0.0,0.0
0.629757785467128,0.2214532871972318,-0.0014001142208726902,0.02330931710250867,0.0,0.0
0.3944636678200692,0.2179930795847751,0.005356730288735767,0.02568052065197183,0.0,0.0
0.4429065743944637,0.2179930795847751,0.003952314186902118,0.025092485698351714,0.0,0.0
0.4567474048442906,0.2179930795847751,0.003548195960972254,0.024952291664064274,0.0,0.0
0.5086505190311419,0.2179930795847751,0.0021602499353278425,0.024361310858256994,0.0,0.0
0.5536332179930796,0.2179930795847751,0.00089017427786337,0.02396432962186381,0.0,0.0
0.6055363321799307,0.2179930795847751,-0.0006759959318439525,0.02338577533879207,0.0,0.0
0.629757785467128,0.2179930795847751,-0.001411749231197324,0.023050420465453147,0.0,0.0
0.3944636678200692,0.2145328719723183,0.005335480381245944,0.025428513664833872,0.0,0.0
0.4948096885813148,0.2145328719723183,0.0025060133857578264,0.024268221583366046,0.0,0.0
0.5813148788927336,0.2145328719723183,6.118350902141456e-05,0.023430446664857687,0.0,0.0
0.629757785467128,0.2145328719723183,-0.0014177756197791703,0.022784824139077293,0.0,0.0
0.3944636678200692,0.2110726643598615,0.005316536867620441,0.025176177565420406,0.0,0.0
0.4325259515570934,0.2110726643598615,0.004188074276672212,0.02473889337469143,0.0,0.0
0.4809688581314879,0.2110726643598615,0.002859221266435714,0.024194534100950953,0.0,0.0
0.5363321799307958,0.2110726643598615,0.0012949274225401487,0.02364767670762956,0.0,0.0
0.5640138408304498,0.2110726643598615,0.000555939407573956,0.023378029423985786,0.0,0.0
0.5916955017301038,0.2110726643598615,-0.0002924373355783829,0.02305258401966738,0.0,0.0
0.629757785467128,0.2110726643598615,-0.0014319482179363475,0.022537273847648573,0.0,0.0
0.6332179930795848,0.2110726643598615,-0.0015193988734638745,0.022470370332661888,0.0,0.0
0.3944636678200692,0.2076124567474048,0.005296969453333748,0.02492476394416945,0.0,0.0
0.4117647058823529,0.2076124567474048,0.004753754916031397,0.024808128917257706,0.0,0.0
0.4463667820069204,0.2076124567474048,0.003750114716362425,0.024365749247838117,0.0,0.0
0.4705882352941176,0.2076124567474048,0.003099898854612016,0.02407444184746279,0.0,0.0
0.615916955017301,0.2076124567474048,-0.0010282780524078021,0.022491619260008422,0.0,0.0
0.6332179930795848,0.2076124567474048,-0.0015458396065876757,0.02217680390969589,0.0,0.0
0.3944636678200692,0.2041522491349481,0.005278278300864066,0.024664006337160933,0.0,0.0
0.4221453287197231,0.2041522491349481,0.004443038417996968,0.024415520851637208,0.0,0.0
0.4982698961937716,0.2041522491349481,0.002300230228699014,0.023520084662362373,0.0,0.0
0.5121107266435986,0.2041522491349481,0.0019034878121904808,0.023372689704521343,0.0,0.0
0.5259515570934256,0.2041522491349481,0.0015273952289029326,0.023268041475980064,0.0,0.0
0.5467128027681661,0.2041522491349481,0.0009686039218258027,0.023088783429330365,0.0,0.0
0.5778546712802768,0.2041522491349481,9.823573540771453e-05,0.022733030708487395,0.0,0.0
0.6332179930795848,0.2041522491349481,-0.0015427191464320886,0.021838973032087355,0.0,0.0
0.3944636678200692,0.2006920415224913,0.005252077954216049,0.024393420631486112,0.0,0.0
0.4359861591695502,0.2006920415224913,0.00402098529374883,0.023992403933828742,0.0,0.0
0.4567474048442906,0.2006920415224913,0.003403260125120561,0.02374683873812004,0.0,0.0
0.4878892733564013,0.2006920415224913,0.0025528321138277585,0.0234022454632875,0.0,0.0
0.5674740484429066,0.2006920415224913,0.00036267234757936506,0.02261886337340647,0.0,0.0
0.6020761245674741,0.2006920415224913,-0.0006704733441243535,0.022180534542450118,0.0,0.0
0.6332179930795848,0.2006920415224913,-0.0015807418143069572,0.02161889310839708,0.0,0.0
0.3944636678200692,0.1972318339100346,0.005222260730551238,0.02416017306741025,0.0,0.0
0.4083044982698962,0.1972318339100346,0.004794648189503609,0.024091263016594783,0.0,0.0
0.5570934256055363,0.1972318339100346,0.0006259347783029129,0.022504615284234027,0.0,0.0
0.6332179930795848,0.1972318339100346,-0.0016051408141267392,0.021402422570755687,0.0,0.0
0.3944636678200692,0.1937716262975778,0.005210174197651003,0.023899735626866654,0.0,0.0
0.4186851211072664,0.1937716262975778,0.0044787786380146065,0.0237245709182256,0.0,0.0
0.4463667820069204,0.1937716262975778,0.0036459122655571395,0.023416777478116525,0.0,0.0
0.5017301038062284,0.1937716262975778,0.0020925172144347025,0.022792665235099693,0.0,0.0
0.5432525951557093,0.1937716262975778,0.0009717977454585712,0.02242268605449109,0.0,0.0
0.5882352941176471,0.1937716262975778,-0.0003026447783615582,0.021879963978723233,0.0,0.0
0.615916955017301,0.1937716262975778,-0.0011064971297228944,0.02146146101686519,0.0,0.0
0.6332179930795848,0.1937716262975778,-0.0016115238052693145,0.02115347105723295,0.0,0.0
0.3944636678200692,0.1903114186851211,0.005190473749984895,0.02364785458554488,0.0,0.0
0.4325259515570934,0.1903114186851211,0.00405931040974043,0.02332859873174491,0.0,0.0
0.4567474048442906,0.1903114186851211,0.003314752752421619,0.02307095643289729,0.0,0.0
0.4671280276816609,0.1903114186851211,0.003041212790393948,0.022943220716757643,0.0,0.0
0.4809688581314879,0.1903114186851211,0.0026476069433207824,0.02277030599325692,0.0,0.0
0.5155709342560554,0.1903114186851211,0.0016725488883029668,0.022452158852632034,0.0,0.0
0.532871972318339,0.1903114186851211,0.0012193143498297097,0.022294757558473013,0.0,0.0
0.6332179930795848,0.1903114186851211,-0.0016311330508808183,0.02089093361327476,0.0,0.0
0.3944636678200692,0.1868512110726643,0.005165567794762098,0.023404910046804575,0.0,0.0
0.5743944636678201,0.1868512110726643,4.3446122726982836e-05,0.02158435797058798,0.0,0.0
0.5986159169550173,0.1868512110726643,-0.0006433713965168459,0.021242714769416776,0.0,0.0
0.6332179930795848,0.1868512110726643,-0.0016487623746763718,0.020630982020618697,0.0,0.0
0.3944636678200692,0.1833910034602076,0.005138039558318639,0.023156745079534594,0.0,0.0
0.4221453287197231,0.1833910034602076,0.004322561600824342,0.022948470403493994,0.0,0.0
0.4429065743944637,0.1833910034602076,0.0036673233471246295,0.022754946099295535,0.0,0.0
0.4948096885813148,0.1833910034602076,0.002179502191790941,0.022193003397890973,0.0,0.0
0.5605536332179931,0.1833910034602076,0.00042035967898376004,0.021479639985942142,0.0,0.0
0.6228373702422145,0.1833910034602076,-0.00139279267050173,0.02062092192770428,0.0,0.0
0.6332179930795848,0.1833910034602076,-0.0016683340046505172,0.020407605345273184,0.0,0.0
0.3944636678200692,0.1799307958477508,0.00511199728375442,0.022913942091260776,0.0,0.0
0.4117647058823529,0.1799307958477508,0.004589872310765048,0.02279606277214275,0.0,0.0
0.4532871972318339,0.1799307958477508,0.0033228800498732625,0.022424611240559632,0.0,0.0
0.4636678200692041,0.1799307958477508,0.0030391483489831893,0.02231057310760444,0.0,0.0
0.4740484429065744,0.1799307958477508,0.0027448530979293792,0.022184233498339215,0.0,0.0
0.532871972318339,0.1799307958477508,0.0011448684194586521,0.0215866393621948,0.0,0.0
0.5467128027681661,0.1799307958477508,0.0007795069446269274,0.021418386835281442,0.0,0.0
0.6124567474048442,0.1799307958477508,-0.001112130670828933,0.02055348985006162,0.0,0.0
0.6332179930795848,0.1799307958477508,-0.0016966209466875775,0.020205107546966285,0.0,0.0
0.3944636678200692,0.1764705882352941,0.005081639557671569,0.02265368426527249,0.0,0.0
0.4844290657439446,0.1764705882352941,0.0024060551951574634,0.021851762187641878,0.0,0.0
0.5051903114186851,0.1764705882352941,0.0018386488872340957,0.02162234340837798,0.0,0.0
0.5224913494809689,0.1764705882352941,0.0013760117981721914,0.021473701276363107,0.0,0.0
0.5916955017301038,0.1764705882352941,-0.0005026396782724171,0.020597650066519046,0.0,0.0
0.6332179930795848,0.1764705882352941,-0.0016959565288682278,0.01987069349263806,0.0,0.0
0.3944636678200692,0.1730103806228373,0.005056213629218075,0.022407353938377863,0.0,0.0
0.4221453287197231,0.1730103806228373,0.0042273872870779005,0.022211423022553113,0.0,0.0
0.4325259515570934,0.1730103806228373,0.003931630881363517,0.022132002744761868,0.0,0.0
0.5778546712802768,0.1730103806228373,-0.00012189827037476078,0.020563258089026953,0.0,0.0
0.6020761245674741,0.1730103806228373,-0.0008297337291573492,0.020214403472782454,0.0,0.0
0.6332179930795848,0.1730103806228373,-0.0017082272449436887,0.019612622826190532,0.0,0.0
0.3944636678200692,0.1695501730103806,0.005017561592048068,0.02215969320466803,0.0,0.0
0.4048442906574394,0.1695501730103806,0.00471024534798125,0.02209628537208346,0.0,0.0
0.4463667820069204,0.1695501730103806,0.0034428149614965414,0.02178249062637046,0.0,0.0
0.4705882352941176,0.1695501730103806,0.0027611287339388488,0.021493639265549522,0.0,0.0
0.5640138408304498,0.1695501730103806,0.00022717601246520394,0.02051484809082916,0.0,0.0
0.6193771626297578,0.1695501730103806,-0.0013839889850842783,0.019735091359059986,0.0,0.0
0.6332179930795848,0.1695501730103806,-0.0017338356654867254,0.0193918070107055,0.0,0.0
0.3944636678200692,0.1660899653979238,0.004985798286478078,0.021905359633137084,0.0,0.0
0.4809688581314879,0.1660899653979238,0.002427609668498881,0.0211706714496316,0.0,0.0
0.4948096885813148,0.1660899653979238,0.002050770378361143,0.021030609582181854,0.0,0.0
0.5051903114186851,0.1660899653979238,0.0017736610805834767,0.0209475170885329,0.0,0.0
0.5155709342560554,0.1660899653979238,0.0014895792102849242,0.020858940429614496,0.0,0.0
0.5259515570934256,0.1660899653979238,0.001223878333547688,0.02074068292327997,0.0,0.0
0.5363321799307958,0.1660899653979238,0.000935071014508428,0.020623582893217376,0.0,0.0
0.5501730103806228,0.1660899653979238,0.0005862792062713048,0.02044684943428933,0.0,0.0
0.6332179930795848,0.1660899653979238,-0.0017589176740075462,0.01915199019328019,0.0,0.0
0.6366782006920415,0.1660899653979238,-0.001821214679606732,0.019007708303613837,0.0,0.0
0.3944636678200692,0.1626297577854671,0.0049476529423162895,0.02163441753994934,0.0,0.0
0.4152249134948096,0.1626297577854671,0.004318670484958096,0.021496715180192073,0.0,0.0
0.4290657439446367,0.1626297577854671,0.003908708339631663,0.02142770892634689,0.0,0.0
0.4567474048442906,0.1626297577854671,0.0030989503475035715,0.021182643608534075,0.0,0.0
0.5951557093425606,0.1626297577854671,-0.000676722382570508,0.01960778278339234,0.0,0.0
0.6089965397923875,0.1626297577854671,-0.001104623778923416,0.019414617056387855,0.0,0.0
0.6366782006920415,0.1626297577854671,-0.0018539118311334674,0.018813433082526462,0.0,0.0
0.3944636678200692,0.1591695501730103,0.004910647493146923,0.02140286692359602,0.0,0.0
0.4048442906574394,0.1591695501730103,0.004606993772059981,0.021326182763721488,0.0,0.0
0.5813148788927336,0.1591695501730103,-0.0002903212400324815,0.019585884798128752,0.0,0.0
0.6366782006920415,0.1591695501730103,-0.0018729402943968969,0.018541478745066155,0.0,0.0
0.3944636678200692,0.1557093425605536,0.004876336070297679,0.02115745602282597,0.0,0.0
0.4394463667820069,0.1557093425605536,0.003525384712452391,0.02087185761717987,0.0,0.0
0.4705882352941176,0.1557093425605536,0.0026607209175346365,0.02055010527892845,0.0,0.0
0.4844290657439446,0.1557093425605536,0.0022598432503026225,0.020416163710182282,0.0,0.0
0.5086505190311419,0.1557093425605536,0.001600483168875662,0.020239738648880713,0.0,0.0
0.6228373702422145,0.1557093425605536,-0.001538228072421418,0.01869087441850814,0.0,0.0
0.6366782006920415,0.1557093425605536,-0.0018944543374872181,0.01829520315674652,0.0,0.0
0.3944636678200692,0.1522491349480969,0.004837033117829988,0.0209026851383568,0.0,0.0
0.4948096885813148,0.1522491349480969,0.0019505835094572256,0.020110652751471805,0.0,0.0
0.5259515570934256,0.1522491349480969,0.0011268756907057036,0.019789014917377983,0.0,0.0
0.5397923875432526,0.1522491349480969,0.0007543383982479475,0.019619333958476773,0.0,0.0
0.5570934256055363,0.1522491349480969,0.0003129633843057905,0.019420799103578492,0.0,0.0
0.5709342560553633,0.1522491349480969,-6.47416752574659e-05,0.01925320860165233,0.0,0.0
0.6366782006920415,0.1522491349480969,-0.0019188814019562386,0.018103076476599565,0.0,0.0
0.3944636678200692,0.1487889273356401,0.004800897168782646,0.020668777105637248,0.0,0.0
0.4083044982698962,0.1487889273356401,0.004390950013763733,0.020565921170199803,0.0,0.0
0.4532871972318339,0.1487889273356401,0.003056971402272053,0.02023996772114341,0.0,0.0
0.6366782006920415,0.1487889273356401,-0.0019565730389770747,0.017845818151581153,0.0,0.0
0.3944636678200692,0.1453287197231834,0.004763034738648984,0.020400319047004293,0.0,0.0
0.4256055363321799,0.1453287197231834,0.0038339228920193993,0.02021387860026272,0.0,0.0
0.5121107266435986,0.1453287197231834,0.001433813491302525,0.01949469604153871,0.0,0.0
0.5882352941176471,0.1453287197231834,-0.0005595416070184597,0.018548048309450015,0.0,0.0
0.6055363321799307,0.1453287197231834,-0.0010689313425850304,0.018295299547847983,0.0,0.0
0.6366782006920415,0.1453287197231834,-0.0019662844904369267,0.017618174005518246,0.0,0.0
0.3944636678200692,0.1418685121107266,0.004733330504313094,0.020165375099842356,0.0,0.0
0.4429065743944637,0.1418685121107266,0.0032625888224534186,0.01983143222736737,0.0,0.0
0.4705882352941176,0.1418685121107266,0.002536258661918175,0.019572183016530995,0.0,0.0
0.4844290657439446,0.1418685121107266,0.0021429398292433567,0.01947091308231621,0.0,0.0
0.4982698961937716,0.1418685121107266,0.001771388623586333,0.019382704575813668,0.0,0.0
0.6366782006920415,0.1418685121107266,-0.0019726321073049308,0.017413631448958952,0.0,0.0
0.3944636678200692,0.1384083044982699,0.004703168369654361,0.01990644213007623,0.0,0.0
0.5294117647058824,0.1384083044982699,0.0009496252051066432,0.01882296365885808,0.0,0.0
0.5432525951557093,0.1384083044982699,0.0005884103965582549,0.018665546979429504,0.0,0.0
0.5570934256055363,0.1384083044982699,0.0002381987845485489,0.01850251761286279,0.0,0.0
0.5743944636678201,0.1384083044982699,-0.0002186820448783764,0.01828021088068603,0.0,0.0
0.6193771626297578,0.1384083044982699,-0.0015033455223545053,0.01758125949487706,0.0,0.0
0.6366782006920415,0.1384083044982699,-0.0019875661406954545,0.017219022509483622,0.0,0.0
0.3944636678200692,0.1349480968858131,0.004668304796018336,0.01964441968731469,0.0,0.0
0.4117647058823529,0.1349480968858131,0.004131702160417252,0.01953233259721353,0.0,0.0
0.4221453287197231,0.1349480968858131,0.003813126314043766,0.01948480449334196,0.0,0.0
0.4532871972318339,0.1349480968858131,0.002916092885668794,0.019241705811903285,0.0,0.0
0.5155709342560554,0.1349480968858131,0.0012838500423006515,0.018739597181343385,0.0,0.0
0.5847750865051903,0.1349480968858131,-0.0005067676508937243,0.01786974087784133,0.0,0.0
0.5986159169550173,0.1349480968858131,-0.0008942262911523614,0.017654577142605866,0.0,0.0
0.6366782006920415,0.1349480968858131,-0.001990480099680455,0.01699346491657431,0.0,0.0
0.3944636678200692,0.1314878892733564,0.0046325241989867046,0.019393021286166295,0.0,0.0
0.4359861591695502,0.1314878892733564,0.003357139855552703,0.01912740309836729,0.0,0.0
0.4775086505190311,0.1314878892733564,0.0022417411655836065,0.01881356982815205,0.0,0.0
0.5017301038062284,0.1314878892733564,0.0016068672605783364,0.018658044209477545,0.0,0.0
0.6089965397923875,0.1314878892733564,-0.0011939410051057771,0.017271094262938127,0.0,0.0
0.6366782006920415,0.1314878892733564,-0.0019952459339501838,0.016756584262147472,0.0,0.0
0.3944636678200692,0.1280276816608996,0.0045994959613034885,0.01913693395357812,0.0,0.0
0.4878892733564013,0.1280276816608996,0.0019348187427971494,0.01850360011281457,0.0,0.0
0.6228373702422145,0.1280276816608996,-0.0015960871014518091,0.01682043738523081,0.0,0.0
0.6366782006920415,0.1280276816608996,-0.0019943082254070066,0.0164934965082533,0.0,0.0
0.3944636678200692,0.1245674740484429,0.00456544917688639,0.018889364757334482,0.0,0.0
0.4083044982698962,0.1245674740484429,0.004126776887794562,0.018803942880469486,0.0,0.0
0.4463667820069204,0.1245674740484429,0.0030004035813945952,0.018553458860078517,0.0,0.0
0.4567474048442906,0.1245674740484429,0.0027184149257360947,0.018479075284626844,0.0,0.0
0.4671280276816609,0.1245674740484429,0.0024428523990221145,0.01841005519202641,0.0,0.0
0.5190311418685121,0.1245674740484429,0.0011175875052834743,0.017998774309812476,0.0,0.0
0.532871972318339,0.1245674740484429,0.0007639867800978698,0.01784857129328283,0.0,0.0
0.5467128027681661,0.1245674740484429,0.00042880014692159426,0.017685274949440933,0.0,0.0
0.5605536332179931,0.1245674740484429,7.450379617135385e-05,0.017523000369030643,0.0,0.0
0.5743944636678201,0.1245674740484429,-0.0002567397721052658,0.017314455072712003,0.0,0.0
0.5916955017301038,0.1245674740484429,-0.0007148067473435237,0.017076545130020812,0.0,0.0
0.6366782006920415,0.1245674740484429,-0.001982782218378092,0.016275249530150145,0.0,0.0
0.6401384083044983,0.1245674740484429,-0.0020428560317816815,0.016167927664769474,0.0,0.0
0.3944636678200692,0.1211072664359861,0.004533597206769949,0.01864377386487995,0.0,0.0
0.4221453287197231,0.1211072664359861,0.003659525380907573,0.018477144649546064,0.0,0.0
0.6124567474048442,0.1211072664359861,-0.0013109452653086381,0.016505523343936776,0.0,0.0
0.6401384083044983,0.1211072664359861,-0.0020525281184994113,0.015932136454917086,0.0,0.0
0.3944636678200692,0.1176470588235294,0.004492757406344752,0.018377311377491972,0.0,0.0
0.4359861591695502,0.1176470588235294,0.0032154833218215203,0.01814020090521075,0.0,0.0
0.4775086505190311,0.1176470588235294,0.0021127380590874835,0.01785923133368224,0.0,0.0
0.5051903114186851,0.1176470588235294,0.001431045986672813,0.017654321727750947,0.0,0.0
0.6020761245674741,0.1176470588235294,-0.0010146673747063028,0.016425194352700588,0.0,0.0
0.6401384083044983,0.1176470588235294,-0.0020623058683139745,0.015692013220899463,0.0,0.0
0.3944636678200692,0.1141868512110726,0.004459880885477023,0.018125232568616666,0.0,0.0
0.4498269896193771,0.1141868512110726,0.0027938513085959413,0.017797188650547226,0.0,0.0
0.5363321799307958,0.1141868512110726,0.0006375402676904811,0.017150431570038455,0.0,0.0
0.6262975778546713,0.1141868512110726,-0.0017270775646614819,0.015805070796381996,0.0,0.0
0.6401384083044983,0.1141868512110726,-0.0020572837266856583,0.015467984572994887,0.0,0.0
0.3944636678200692,0.1107266435986159,0.004422985310159865,0.01786971357826853,0.0,0.0
0.4117647058823529,0.1107266435986159,0.0038596419742902865,0.017747440019598444,0.0,0.0
0.4602076124567474,0.1107266435986159,0.002488178958876156,0.017486888156365794,0.0,0.0
0.4878892733564013,0.1107266435986159,0.0017884607532592162,0.017337439458297223,0.0,0.0
0.5224913494809689,0.1107266435986159,0.0009559151120894494,0.017054024830004823,0.0,0.0
0.5467128027681661,0.1107266435986159,0.00036455562681792707,0.01681039733824536,0.0,0.0
0.5605536332179931,0.1107266435986159,3.746047815023388e-05,0.01659651086751256,0.0,0.0
0.5743944636678201,0.1107266435986159,-0.00028694242226471017,0.01638186728790921,0.0,0.0
0.5882352941176471,0.1107266435986159,-0.0006364791933946276,0.01616230312228803,0.0,0.0
0.615916955017301,0.1107266435986159,-0.00143228640592518,0.015749300326756383,0.0,0.0
0.6401384083044983,0.1107266435986159,-0.002062854522899991,0.015321080743077016,0.0,0.0
0.3944636678200692,0.1072664359861591,0.004377235002771132,0.017594019725785393,0.0,0.0
0.4256055363321799,0.1072664359861591,0.003385219140176458,0.017433760838901087,0.0,0.0
0.4705882352941176,0.1072664359861591,0.0021732465113186677,0.017217875717547782,0.0,0.0
0.4982698961937716,0.1072664359861591,0.0015232984743127516,0.01704332596047027,0.0,0.0
0.6401384083044983,0.1072664359861591,-0.0020587637446280384,0.015059864398407315,0.0,0.0
0.3944636678200692,0.1038062283737024,0.004331699924243447,0.017309618299249232,0.0,0.0
0.4463667820069204,0.1038062283737024,0.002759020470215257,0.017087210388024264,0.0,0.0
0.5121107266435986,0.1038062283737024,0.001165392971872504,0.016704236545266128,0.0,0.0
0.5986159169550173,0.1038062283737024,-0.0009337347341012154,0.015531635679782111,0.0,0.0
0.629757785467128,0.1038062283737024,-0.00181827503937895,0.015054415234697808,0.0,0.0
0.6401384083044983,0.1038062283737024,-0.0020319977993508193,0.014824157908135035,0.0,0.0
0.3910034602076124,0.1003460207612456,0.0043729253473034765,0.01708610075900506,0.0,0.0
0.3944636678200692,0.1003460207612456,0.004284170040133167,0.017032827943482598,0.0,0.0
0.4359861591695502,0.1003460207612456,0.0029932291519894714,0.01688136296294311,0.0,0.0
0.4809688581314879,0.1003460207612456,0.0018702300424440063,0.016691859564171265,0.0,0.0
0.5259515570934256,0.1003460207612456,0.0008003275803937797,0.01637723040656866,0.0,0.0
0.5501730103806228,0.1003460207612456,0.0002501992103222449,0.01610128083349309,0.0,0.0
0.6089965397923875,0.1003460207612456,-0.0012161304805296425,0.015155852200981758,0.0,0.0
0.6193771626297578,0.1003460207612456,-0.0015162391087835912,0.01499735840127979,0.0,0.0
0.6401384083044983,0.1003460207612456,-0.0020432956501285756,0.014586990142135617,0.0,0.0
0.3910034602076124,0.0968858131487889,0.00432596329817994,0.01680043839918323,0.0,0.0
0.4048442906574394,0.0968858131487889,0.003903670651907427,0.01671940188857142,0.0,0.0
0.5017301038062284,0.0968858131487889,0.0013657810465913702,0.01632309033024445,0.0,0.0
0.5363321799307958,0.0968858131487889,0.0005462393536246011,0.01603491577684521,0.0,0.0
0.5605536332179931,0.0968858131487889,1.442813040838718e-05,0.015693053555700765,0.0,0.0
0.6401384083044983,0.0968858131487889,-0.0020493310281310888,0.014326770438757654,0.0,0.0
0.3910034602076124,0.0934256055363321,0.004269491036743521,0.016502521781378777,0.0,0.0
0.4152249134948096,0.0934256055363321,0.003525415307250232,0.016408200622162368,0.0,0.0
0.4567474048442906,0.0934256055363321,0.0023928029867330246,0.016313021728136323,0.0,0.0
0.5778546712802768,0.0934256055363321,-0.0003965458688363724,0.015161949071823243,0.0,0.0
0.5916955017301038,0.0934256055363321,-0.0007442825591094688,0.014964450662180608,0.0,0.0
0.6401384083044983,0.0934256055363321,-0.0020457039194032166,0.014063663275131161,0.0,0.0
0.3910034602076124,0.0899653979238754,0.004220088857635853,0.016220458946117525,0.0,0.0
0.4290657439446367,0.0899653979238754,0.003081928032109387,0.016130602736085624,0.0,0.0
0.4705882352941176,0.0899653979238754,0.0020141334418016755,0.01604370420604706,0.0,0.0
0.5155709342560554,0.0899653979238754,0.0010040148041904609,0.0157882138382439,0.0,0.0
0.6055363321799307,0.0899653979238754,-0.0010855796379934037,0.014514779883665962,0.0,0.0
0.6228373702422145,0.0899653979238754,-0.0015787513594636964,0.014218462440733295,0.0,0.0
0.6401384083044983,0.0899653979238754,-0.0020084482269438772,0.013748988822076355,0.0,0.0
0.3910034602076124,0.0865051903114186,0.004183529674890533,0.015920993143482078,0.0,0.0
0.4844290657439446,0.0865051903114186,0.0016695890373495837,0.01574803015198585,0.0,0.0
0.5570934256055363,0.0865051903114186,4.835747198665859e-05,0.015107719889147038,0.0,0.0
0.6401384083044983,0.0865051903114186,-0.00199656376557532,0.013466997736047537,0.0,0.0
0.643598615916955,0.0865051903114186,-0.0020649034595000217,0.01326736676360441,0.0,0.0
0.3910034602076124,0.0830449826989619,0.004137255670686909,0.015592665472523075,0.0,0.0
0.4186851211072664,0.0830449826989619,0.0032771697023117677,0.015604839683212279,0.0,0.0
0.4394463667820069,0.0830449826989619,0.0027153520624796034,0.01560284586744342,0.0,0.0
0.4982698961937716,0.0830449826989619,0.0013504202462064862,0.015422770425124722,0.0,0.0
0.5294117647058824,0.0830449826989619,0.0006411069190279256,0.015236177254019094,0.0,0.0
0.5743944636678201,0.0830449826989619,-0.00031888269132574853,0.014573557115552282,0.0,0.0
0.643598615916955,0.0830449826989619,-0.00204571869815835,0.01304109419659834,0.0,0.0
0.3910034602076124,0.0795847750865051,0.004086304041259087,0.015293970984230236,0.0,0.0
0.4083044982698962,0.0795847750865051,0.003536510539676048,0.015335357884897784,0.0,0.0
0.4532871972318339,0.0795847750865051,0.002345749969212109,0.015358762301430937,0.0,0.0
0.5190311418685121,0.0795847750865051,0.0008363372340448176,0.01510228350216557,0.0,0.0
0.5467128027681661,0.0795847750865051,0.00024901788568226936,0.014844468933767114,0.0,0.0
0.5882352941176471,0.0795847750865051,-0.0006213495940919617,0.01410300619636243,0.0,0.0
0.6262975778546713,0.0795847750865051,-0.0016210888519069288,0.01346348826080868,0.0,0.0
0.643598615916955,0.0795847750865051,-0.002047752193038608,0.012836283433572904,0.0,0.0
0.3910034602076124,0.0761245674740484,0.004039483427347148,0.015005176144875964,0.0,0.0
0.4671280276816609,0.0761245674740484,0.0019817040711544633,0.015138760667105157,0.0,0.0
0.5086505190311419,0.0761245674740484,0.0010743054093023327,0.014943237605654688,0.0,0.0
0.5640138408304498,0.0761245674740484,-0.00011382460512837349,0.01432799473350245,0.0,0.0
0.643598615916955,0.0761245674740484,-0.0020291684523907477,0.012562357999428139,0.0,0.0
0.3910034602076124,0.0726643598615917,0.003984164900312866,0.014693318463744373,0.0,0.0
0.4221453287197231,0.0726643598615917,0.003036567418966619,0.01483604597024801,0.0,0.0
0.4359861591695502,0.0726643598615917,0.0026883744015411644,0.014885343587810445,0.0,0.0
0.4809688581314879,0.0726643598615917,0.0016561044825405193,0.014860433302377607,0.0,0.0
0.5363321799307958,0.0726643598615917,0.0004422753936135688,0.01454424382929183,0.0,0.0
0.5986159169550173,0.0726643598615917,-0.0008670640875267018,0.013492389307625842,0.0,0.0
0.6124567474048442,0.0726643598615917,-0.0012322634742453374,0.013261618587711545,0.0,0.0
0.643598615916955,0.0726643598615917,-0.0020111658871085013,0.012307038151339773,0.0,0.0
0.3910034602076124,0.0692041522491349,0.003924433789488033,0.014378371952431676,0.0,0.0
0.4567474048442906,0.0692041522491349,0.0021425432309263716,0.014657259829993524,0.0,0.0
0.5224913494809689,0.0692041522491349,0.0007183721315963453,0.014429667364649328,0.0,0.0
0.5778546712802768,0.0692041522491349,-0.00038940506475658394,0.013621150655248397,0.0,0.0
0.643598615916955,0.0692041522491349,-0.0019803628457074835,0.012057328180447888,0.0,0.0
0.3910034602076124,0.0657439446366782,0.003871828085990282,0.01404666984691523,0.0,0.0
0.4048442906574394,0.0657439446366782,0.003432377701071845,0.01415595175233135,0.0,0.0
0.4463667820069204,0.0657439446366782,0.0023683001445523174,0.014412627091730362,0.0,0.0
0.4705882352941176,0.0657439446366782,0.0018138346202291235,0.014426878142092878,0.0,0.0
0.4913494809688581,0.0657439446366782,0.0013956945672860509,0.014381658894657794,0.0,0.0
0.6262975778546713,0.0657439446366782,-0.0015300887726748711,0.012534721359560894,0.0,0.0
0.643598615916955,0.0657439446366782,-0.001987026185867065,0.011835587902838255,0.0,0.0
0.3910034602076124,0.0622837370242214,0.0038109683665795515,0.013729643969579652,0.0,0.0
0.4152249134948096,0.0622837370242214,0.0030875843108161575,0.013959473366938091,0.0,0.0
0.5051903114186851,0.0622837370242214,0.0010606959943960945,0.014139790195412963,0.0,0.0
0.5432525951557093,0.0622837370242214,0.00026106821852195947,0.01382871548708705,0.0,0.0
0.5605536332179931,0.0622837370242214,-5.526995154957811e-05,0.013514383252682434,0.0,0.0
0.5916955017301038,0.0622837370242214,-0.000671923534757971,0.012933146797103418,0.0,0.0
0.615916955017301,0.0622837370242214,-0.001246089358843832,0.012530063238924341,0.0,0.0
0.643598615916955,0.0622837370242214,-0.001966356066723989,0.011605752594512507,0.0,0.0
0.3875432525951557,0.0588235294117647,0.003852785915502629,0.013338355839043898,0.0,0.0
0.3910034602076124,0.0588235294117647,0.00375545338497838,0.013392980664173978,0.0,0.0
0.4290657439446367,0.0588235294117647,0.0026860642344384827,0.013833899162874657,0.0,0.0
0.5294117647058824,0.0588235294117647,0.0005231327014920822,0.01376326629906496,0.0,0.0
0.5813148788927336,0.0588235294117647,-0.00045321080473365407,0.012924404076357284,0.0,0.0
0.6055363321799307,0.0588235294117647,-0.0009835717344786553,0.012501887151169995,0.0,0.0
0.643598615916955,0.0588235294117647,-0.0019505019384227257,0.01137324795230237,0.0,0.0
0.3875432525951557,0.0553633217993079,0.0037945914542164773,0.013036259367143196,0.0,0.0
0.4013840830449827,0.0553633217993079,0.0033879201451425716,0.013261450070296851,0.0,0.0
0.4636678200692041,0.0553633217993079,0.0018946286068302876,0.013762295426115553,0.0,0.0
0.4809688581314879,0.0553633217993079,0.001549638456749126,0.013750711118469296,0.0,0.0
0.5155709342560554,0.0553633217993079,0.000810879025866091,0.013658585100790939,0.0,0.0
0.629757785467128,0.0553633217993079,-0.0015363120613324072,0.011703736454105069,0.0,0.0
0.643598615916955,0.0553633217993079,-0.0019248585024313506,0.011187119113912503,0.0,0.0
0.6470588235294118,0.0553633217993079,-0.0020288555712597205,0.011012180764149018,0.0,0.0
0.3875432525951557,0.0519031141868512,0.0037340238046095625,0.012696449705405222,0.0,0.0
0.4117647058823529,0.0519031141868512,0.003043586975806484,0.013112975480552043,0.0,0.0
0.4463667820069204,0.0519031141868512,0.0022279238412622328,0.013478209024913135,0.0,0.0
0.5501730103806228,0.0519031141868512,0.00012746626293258626,0.013083554999437511,0.0,0.0
0.5709342560553633,0.0519031141868512,-0.00025772801182992184,0.012683712826219478,0.0,0.0
0.6193771626297578,0.0519031141868512,-0.0012684286196460223,0.01178759607777798,0.0,0.0
0.6470588235294118,0.0519031141868512,-0.0020123571063842727,0.010828920504861892,0.0,0.0
0.3875432525951557,0.0484429065743944,0.0036740924155506238,0.012376604533701476,0.0,0.0
0.4948096885813148,0.0484429065743944,0.0012175886792464658,0.013281481580965447,0.0,0.0
0.5605536332179931,0.0484429065743944,-7.03918453199054e-05,0.012698692386544171,0.0,0.0
0.5847750865051903,0.0484429065743944,-0.0004971147575379202,0.012152517081046381,0.0,0.0
0.6470588235294118,0.0484429065743944,-0.001981531753098768,0.010626431924857488,0.0,0.0
0.3875432525951557,0.0449826989619377,0.0036225799473337587,0.012056553605638013,0.0,0.0
0.4359861591695502,0.0449826989619377,0.0023915077032245482,0.012931491673182586,0.0,0.0
0.4844290657439446,0.0449826989619377,0.0014232885552749144,0.01306738568572597,0.0,0.0
0.5051903114186851,0.0449826989619377,0.0009918766500657502,0.01307875893086431,0.0,0.0
0.532871972318339,0.0449826989619377,0.0004324581282976273,0.012908790076914638,0.0,0.0
0.5986159169550173,0.0449826989619377,-0.0007840074384119808,0.011716434287667287,0.0,0.0
0.6470588235294118,0.0449826989619377,-0.001986739886831441,0.010502103961125532,0.0,0.0
0.3875432525951557,0.0415224913494809,0.0035617092749758517,0.011775038011734006,0.0,0.0
0.4221453287197231,0.0415224913494809,0.0026570327750846923,0.01251066750731374,0.0,0.0
0.4532871972318339,0.0415224913494809,0.0020066838081928156,0.01282335824945404,0.0,0.0
0.6124567474048442,0.0415224913494809,-0.001061989725071091,0.01124723318352798,0.0,0.0
0.629757785467128,0.0415224913494809,-0.0014793040518152026,0.010863934930927851,0.0,0.0
0.6470588235294118,0.0415224913494809,-0.0019515603097669278,0.010287179459313758,0.0,0.0
0.3840830449826989,0.0380622837370242,0.0035734798451220367,0.011312134320364044,0.0,0.0
0.3875432525951557,0.0380622837370242,0.003492007398215752,0.01144373099574476,0.0,0.0
0.4048442906574394,0.0380622837370242,0.00304471360923609,0.011959944761088104,0.0,0.0
0.4740484429065744,0.0380622837370242,0.0015914910312206448,0.012649093434357765,0.0,0.0
0.5155709342560554,0.0380622837370242,0.0007559056577741193,0.012606671175239365,0.0,0.0
0.5501730103806228,0.0380622837370242,0.00011247454337950694,0.012255323199688303,0.0,0.0
0.5674740484429066,0.0380622837370242,-0.00018265263819945517,0.011937010115776492,0.0,0.0
0.6470588235294118,0.0380622837370242,-0.0019269834138036196,0.010081771436731857,0.0,0.0
0.3840830449826989,0.0346020761245674,0.0035129842291565243,0.01098533420831928,0.0,0.0
0.4429065743944637,0.0346020761245674,0.0021536786394850656,0.012272779048442923,0.0,0.0
0.4878892733564013,0.0346020761245674,0.0013004241002742786,0.012468103837534102,0.0,0.0
0.5363321799307958,0.0346020761245674,0.00034706096310626743,0.01223207698725447,0.0,0.0
0.5882352941176471,0.0346020761245674,-0.0005513977701320843,0.01129638907739626,0.0,0.0
0.6020761245674741,0.0346020761245674,-0.0008341694985227381,0.011047504441359284,0.0,0.0
0.6470588235294118,0.0346020761245674,-0.0018932625054556456,0.009847030608607407,0.0,0.0
0.3840830449826989,0.0311418685121107,0.0034602516098055616,0.010687304899051727,0.0,0.0
0.4256055363321799,0.0311418685121107,0.002487737354222398,0.011850828870805859,0.0,0.0
0.4602076124567474,0.0311418685121107,0.0018159241321667365,0.012157825872626753,0.0,0.0
0.5017301038062284,0.0311418685121107,0.0009908773067857442,0.012228447870417896,0.0,0.0
0.6332179930795848,0.0311418685121107,-0.0014849505487851986,0.010099444211201668,0.0,0.0
0.6470588235294118,0.0311418685121107,-0.0018642984209580108,0.009606219236755566,0.0,0.0
0.3840830449826989,0.0276816608996539,0.0034196048943120096,0.010459056145193133,0.0,0.0
0.3979238754325259,0.0276816608996539,0.0030985307845365667,0.010987165241856235,0.0,0.0
0.4152249134948096,0.0276816608996539,0.0026944817206092818,0.011391405001307578,0.0,0.0
0.5259515570934256,0.0276816608996539,0.0005403562754945263,0.011915590379849994,0.0,0.0
0.5778546712802768,0.0276816608996539,-0.0003564864864963443,0.011123773508628997,0.0,0.0
0.6193771626297578,0.0276816608996539,-0.0011556465078104252,0.010261124416910095,0.0,0.0
0.6470588235294118,0.0276816608996539,-0.0018407322870590455,0.00940813485961645,0.0,0.0
0.3806228373702422,0.0242214532871972,0.003444627170534651,0.010005393383988141,0.0,0.0
0.3840830449826989,0.0242214532871972,0.003382674853634024,0.010196957889854558,0.0,0.0
0.4498269896193771,0.0242214532871972,0.001977157338624053,0.011642123402497543,0.0,0.0
0.5605536332179931,0.0242214532871972,-7.411183494724433e-05,0.011258511318416578,0.0,0.0
0.5986159169550173,0.0242214532871972,-0.0007358192819270546,0.01052721374554035,0.0,0.0
0.6470588235294118,0.0242214532871972,-0.0017999376637944315,0.00916183587569676,0.0,0.0
0.6505190311418685,0.0242214532871972,-0.001907672869072349,0.009059228644437024,0.0,0.0
0.3806228373702422,0.0207612456747404,0.0034065463129382815,0.009753978878637035,0.0,0.0
0.4325259515570934,0.0207612456747404,0.002284076564064614,0.01124710413581942,0.0,0.0
0.4671280276816609,0.0207612456747404,0.0016369181135752605,0.01152830712329918,0.0,0.0
0.4844290657439446,0.0207612456747404,0.001308245111384904,0.011570375636094313,0.0,0.0
0.5432525951557093,0.0207612456747404,0.0002210881522219392,0.011329809942880239,0.0,0.0
0.6505190311418685,0.0207612456747404,-0.0018761045566928706,0.008818808650744936,0.0,0.0
0.3806228373702422,0.0173010380622837,0.003367291969133711,0.00948806798424531,0.0,0.0
0.4013840830449827,0.0173010380622837,0.0029215442800596386,0.010350165449085064,0.0,0.0
0.4982698961937716,0.0173010380622837,0.001046727680256758,0.011377579601319902,0.0,0.0
0.5121107266435986,0.0173010380622837,0.0008084470474237289,0.011389894317152052,0.0,0.0
0.6332179930795848,0.0173010380622837,-0.0013881420431136253,0.009215512767043752,0.0,0.0
0.6505190311418685,0.0173010380622837,-0.0018446318827227918,0.008577266561103674,0.0,0.0
0.3806228373702422,0.0138408304498269,0.0033354661490717957,0.009257143511595952,0.0,0.0
0.4152249134948096,0.0138408304498269,0.00260403677589059,0.010486537513797323,0.0,0.0
0.4429065743944637,0.0138408304498269,0.00205612289182967,0.010938662007992955,0.0,0.0
0.4567474048442906,0.0138408304498269,0.0017949789531398856,0.011040798267630755,0.0,0.0
0.5259515570934256,0.0138408304498269,0.000503294005855847,0.01113052329507122,0.0,0.0
0.5536332179930796,0.0138408304498269,4.3848813082931635e-05,0.010777200522243744,0.0,0.0
0.5709342560553633,0.0138408304498269,-0.00022779110284712782,0.010483490514960458,0.0,0.0
0.5847750865051903,0.0138408304498269,-0.00046690512559295193,0.010227519745044412,0.0,0.0
0.6089965397923875,0.0138408304498269,-0.0009048759398470417,0.009690479164780417,0.0,0.0
0.6228373702422145,0.0138408304498269,-0.0011756739338295449,0.009349453486640548,0.0,0.0
0.6505190311418685,0.0138408304498269,-0.0018024192613662678,0.008355016531100623,0.0,0.0
0.3771626297577855,0.0103806228373702,0.0033445034054474013,0.008838461134412383,0.0,0.0
0.3806228373702422,0.0103806228373702,0.0032970459127212724,0.009016879265576368,0.0,0.0
0.6505190311418685,0.0103806228373702,-0.0017858499028890426,0.00818853716467911,0.0,0.0
0.3771626297577855,0.0069204152249134,0.003309502627681513,0.008624999237795382,0.0,0.0
0.6505190311418685,0.0069204152249134,-0.0017505469490801339,0.007997941659025691,0.0,0.0
0.3771626297577855,0.0034602076124567,0.003274816132657395,0.008374931361665151,0.0,0.0
0.6505190311418685,0.0034602076124567,-0.0017122902221284673,0.007809309189109024,0.0,0.0
0.3771626297577855,0.0,0.0032301451678164793,0.008159014132891914,0.0,0.0
0.3806228373702422,0.0,0.0031799594737202345,0.008330541331158528,0.0,0.0
0.3840830449826989,0.0,0.003127950835860314,0.008505110671477542,0.0,0.0
0.3875432525951557,0.0,0.0030711960463196564,0.008682505099330398,0.0,0.0
0.3910034602076124,0.0,0.003004572734307796,0.00883960494843414,0.0,0.0
0.3944636678200692,0.0,0.0029307773921380606,0.008976612591816353,0.0,0.0
0.3979238754325259,0.0,0.002856866861531879,0.009096787838391298,0.0,0.0
0.4013840830449827,0.0,0.002796281648508975,0.009195788586621678,0.0,0.0
0.4048442906574394,0.0,0.0027214134421685125,0.009317852143817012,0.0,0.0
0.4083044982698962,0.0,0.0026621807284346348,0.009414190871179057,0.0,0.0
0.4117647058823529,0.0,0.0025922938598953284,0.009495994783954482,0.0,0.0
0.4152249134948096,0.0,0.002525874922863345,0.009573522235576627,0.0,0.0
0.4186851211072664,0.0,0.0024617187899978305,0.00967091907680744,0.0,0.0
0.4221453287197231,0.0,0.0024002797189051532,0.009745111534939314,0.0,0.0
0.4256055363321799,0.0,0.00233973341791738,0.009811069418002808,0.0,0.0
0.4290657439446367,0.0,0.0022773351464939664,0.009868461336789675,0.0,0.0
0.4325259515570934,0.0,0.0022031989725023265,0.009918716863436133,0.0,0.0
0.4359861591695502,0.0,0.0021459409576543393,0.009981175448105095,0.0,0.0
0.4394463667820069,0.0,0.0020724319950948464,0.010019157198364282,0.0,0.0
0.4429065743944637,0.0,0.0020093469432395763,0.01006350457242065,0.0,0.0
0.4463667820069204,0.0,0.00194986836279031,0.010103172675068441,0.0,0.0
0.4498269896193771,0.0,0.0018819554485495207,0.010140748251386094,0.0,0.0
0.4532871972318339,0.0,0.0018179266018619451,0.01018358282734855,0.0,0.0
0.4567474048442906,0.0,0.001757964995294304,0.010213982205999663,0.0,0.0
0.4602076124567474,0.0,0.0016978450944416098,0.010236292258089282,0.0,0.0
0.4636678200692041,0.0,0.0016388739734340236,0.010261453010500252,0.0,0.0
0.4671280276816609,0.0,0.0015620015417659634,0.010296175033215501,0.0,0.0
0.4705882352941176,0.0,0.0015187727147680406,0.010310721177497803,0.0,0.0
0.4740484429065744,0.0,0.0014612801775715364,0.01032702707222214,0.0,0.0
0.4775086505190311,0.0,0.0014026311630809447,0.010335899870676278,0.0,0.0
0.4809688581314879,0.0,0.001342012161427493,0.010356617560122692,0.0,0.0
0.4844290657439446,0.0,0.0012652889606414323,0.01036898824259552,0.0,0.0
0.4878892733564013,0.0,0.0012079660982629056,0.010368713369858035,0.0,0.0
0.4913494809688581,0.0,0.001156586690165403,0.010371802557692104,0.0,0.0
0.4948096885813148,0.0,0.001079249871845484,0.010364794097468143,0.0,0.0
0.4982698961937716,0.0,0.0010211624770174446,0.010362802939380968,0.0,0.0
0.5017301038062284,0.0,0.0009535271633945227,0.010369146731589386,0.0,0.0
0.5051903114186851,0.0,0.0008869404468909262,0.010370714080485528,0.0,0.0
0.5086505190311419,0.0,0.0008291097565253703,0.010375960152581352,0.0,0.0
0.5121107266435986,0.0,0.000774571737471799,0.010372856792848849,0.0,0.0
0.5155709342560554,0.0,0.0006780071659165468,0.010374210055801986,0.0,0.0
0.5190311418685121,0.0,0.0006241945471696332,0.01036368409773462,0.0,0.0
0.5224913494809689,0.0,0.0005642828439637503,0.010347365800423867,0.0,0.0
0.5259515570934256,0.0,0.0004933158165384514,0.010324496200058786,0.0,0.0
0.5294117647058824,0.0,0.0004363785246918864,0.010299125833412024,0.0,0.0
0.532871972318339,0.0,0.0003798392503570403,0.010263805613049045,0.0,0.0
0.5363321799307958,0.0,0.00032217357488620785,0.010226888862927414,0.0,0.0
0.5397923875432526,0.0,0.0002721524504920838,0.010186461368813963,0.0,0.0
0.5432525951557093,0.0,0.0001923599917825283,0.01016218554321353,0.0,0.0
0.5467128027681661,0.0,0.00013934050924712573,0.010110190821027262,0.0,0.0
0.5501730103806228,0.0,9.027065859807038e-05,0.010047388948859088,0.0,0.0
0.5536332179930796,0.0,3.2832582355772885e-05,0.009985294829190604,0.0,0.0
0.5570934256055363,0.0,-2.0729004268434514e-05,0.009922553480033257,0.0,0.0
0.5605536332179931,0.0,-7.653348107521961e-05,0.009855626657378467,0.0,0.0
0.5640138408304498,0.0,-0.00012288684708274276,0.009813869283255531,0.0,0.0
0.5674740484429066,0.0,-0.00018287424988191282,0.009759809796585715,0.0,0.0
0.5709342560553633,0.0,-0.00024023311876213767,0.009701592209534513,0.0,0.0
0.5743944636678201,0.0,-0.00029209134692696434,0.00963322090454153,0.0,0.0
0.5778546712802768,0.0,-0.00035092361222077294,0.00959033436590638,0.0,0.0
0.5813148788927336,0.0,-0.0004091929354466749,0.009533496204150779,0.0,0.0
0.5847750865051903,0.0,-0.00047338857773336006,0.0094715718428532,0.0,0.0
0.5882352941176471,0.0,-0.0005359068220006768,0.00940452029968843,0.0,0.0
0.5916955017301038,0.0,-0.000591369857974953,0.009332136048894006,0.0,0.0
0.5951557093425606,0.0,-0.0006464805333523688,0.009262749281464557,0.0,0.0
0.5986159169550173,0.0,-0.0007174604087441907,0.009189035348770464,0.0,0.0
0.6020761245674741,0.0,-0.0007715038339839888,0.009086334154088202,0.0,0.0
0.6055363321799307,0.0,-0.0008305211146256359,0.009012609169765423,0.0,0.0
0.6089965397923875,0.0,-0.0008960848065478018,0.008943556230059522,0.0,0.0
0.6124567474048442,0.0,-0.0009531764282922704,0.008848399862480507,0.0,0.0
0.615916955017301,0.0,-0.0010069762796046694,0.008762696920010775,0.0,0.0
0.6193771626297578,0.0,-0.0010773368996134177,0.00866303171250634,0.0,0.0
0.6228373702422145,0.0,-0.0011451050181723599,0.008571196573011785,0.0,0.0
0.6262975778546713,0.0,-0.0011904560450053602,0.00847543014465842,0.0,0.0
0.629757785467128,0.0,-0.0012581959832958308,0.008369375164588848,0.0,0.0
0.6332179930795848,0.0,-0.0013046325018309204,0.00825191508012352,0.0,0.0
0.6366782006920415,0.0,-0.001356730164131094,0.008123775192451249,0.0,0.0
0.6401384083044983,0.0,-0.0014186888939222192,0.007993124231492538,0.0,0.0
0.643598615916955,0.0,-0.0014828199003034982,0.007877947001652888,0.0,0.0
0.6470588235294118,0.0,-0.0015516485851046495,0.007736761967403288,0.0,0.0
0.6505190311418685,0.0,-0.0016630042111165791,0.007611251531327982,0.0,0.0
