x,y,ux,uy,bcx,bcy
0.3356401384083045,1.0,-0.001139354985555,0.144910745853304,0.0,1.0
0.3391003460207612,1.0,-0.0011792555041228,0.1445424799977553,0.0,1.0
0.3425605536332179,1.0,-0.0012222271353998,0.1441140705713091,0.0,1.0
0.3460207612456747,1.0,-0.0012829493729781,0.14366510096929,0.0,1.0
0.3494809688581315,1.0,-0.0013072593010551,0.1432542171386165,0.0,1.0
0.3529411764705882,1.0,-0.0013576737377507,0.1428212279709671,0.0,1.0
0.356401384083045,1.0,-0.0014069607392276,0.1424431212848254,0.0,1.0
0.3598615916955017,1.0,-0.0014735063551464,0.1420667834042948,0.0,1.0
0.3633217993079585,1.0,-0.0015402928844776,0.1416752128890999,0.0,1.0
0.3667820069204152,1.0,-0.0016326527318133,0.1412951279239671,0.0,1.0
0.370242214532872,1.0,-0.0016774316811464,0.1409317916246836,0.0,1.0
0.3737024221453287,1.0,-0.0017731717108473,0.1405962283194347,0.0,1.0
0.3771626297577855,1.0,-0.0018707790343986,0.1402560675814666,0.0,1.0
0.3806228373702422,1.0,-0.0019659912948251,0.1399145060502842,0.0,1.0
0.3840830449826989,1.0,-0.0020492659379828,0.1395889035356431,0.0,1.0
0.3875432525951557,1.0,-0.0021545810320052,0.1392805932718402,0.0,1.0
0.3910034602076124,1.0,-0.0022573182722963,0.13895574897651,0.0,1.0
0.3944636678200692,1.0,-0.0023849645820041,0.138621794777125,0.0,1.0
0.3979238754325259,1.0,-0.0024719888195115,0.1383337368816706,0.0,1.0
0.4013840830449827,1.0,-0.0025705135866368,0.1380795021594628,0.0,1.0
0.4048442906574394,1.0,-0.002679954849871,0.1378122775779932,0.0,1.0
0.4083044982698962,1.0,-0.0027773331043399,0.1375947906846962,0.0,1.0
0.4117647058823529,1.0,-0.0028798573404618,0.1373314168424589,0.0,1.0
0.4152249134948096,1.0,-0.0029858352799344,0.1371046114634723,0.0,1.0
0.4186851211072664,1.0,-0.0031237029335637,0.1368603989886379,0.0,1.0
0.4221453287197231,1.0,-0.0032178281728294,0.1366244385534516,0.0,1.0
0.4256055363321799,1.0,-0.0033418084587259,0.1364404922526251,0.0,1.0
0.4290657439446367,1.0,-0.0034749821725831,0.1362223417366724,0.0,1.0
0.4325259515570934,1.0,-0.003562212056069,0.1360361238116547,0.0,1.0
0.4359861591695502,1.0,-0.0037119171346175,0.1357956550008154,0.0,1.0
0.4394463667820069,1.0,-0.0038275875573867,0.1356134082688527,0.0,1.0
0.4429065743944637,1.0,-0.0039341166486485,0.1354524532026703,0.0,1.0
0.4463667820069204,1.0,-0.0040653884518556,0.1352795165772889,0.0,1.0
0.4498269896193771,1.0,-0.0041795696698079,0.1351006157545616,0.0,1.0
0.4532871972318339,1.0,-0.0043406661122317,0.1349432643379135,0.0,1.0
0.4567474048442906,1.0,-0.0044642173414911,0.1347871459436272,0.0,1.0
0.4602076124567474,1.0,-0.0045687195101274,0.1346670244327601,0.0,1.0
0.4636678200692041,1.0,-0.0047292325531313,0.1345042872825481,0.0,1.0
0.4671280276816609,1.0,-0.0048397101501517,0.1343611131589507,0.0,1.0
0.4705882352941176,1.0,-0.0049704249403202,0.1342454478515108,0.0,1.0
0.4740484429065744,1.0,-0.0050821552598187,0.1341432714462316,0.0,1.0
0.4775086505190311,1.0,-0.0051920442668402,0.1340367289494951,0.0,1.0
0.4809688581314879,1.0,-0.0053167204987387,0.133909349722899,0.0,1.0
0.4844290657439446,1.0,-0.0054397514765663,0.1338285847064974,0.0,1.0
0.4878892733564013,1.0,-0.0055279412142278,0.1337545595551606,0.0,1.0
0.4913494809688581,1.0,-0.0056557101600299,0.1336793126396643,0.0,1.0
0.4948096885813148,1.0,-0.0057725581232856,0.1336079940503564,0.0,1.0
0.4982698961937716,1.0,-0.0058858137124498,0.1335315750723232,0.0,1.0
0.5017301038062284,1.0,-0.0060075268099697,0.1334822820106448,0.0,1.0
0.5051903114186851,1.0,-0.0061166116271425,0.1334466968716931,0.0,1.0
0.5086505190311419,1.0,-0.0062250484187429,0.1334028623553643,0.0,1.0
0.5121107266435986,1.0,-0.0063521455741325,0.1333591743592219,0.0,1.0
0.5155709342560554,1.0,-0.0064497269789279,0.1333430447204087,0.0,1.0
0.5190311418685121,1.0,-0.006562577375475,0.1333151796598806,0.0,1.0
0.5224913494809689,1.0,-0.0066820089239084,0.1333211541665823,0.0,1.0
0.5259515570934256,1.0,-0.0067928421997286,0.1333111970747208,0.0,1.0
0.5294117647058824,1.0,-0.006903816895076,0.1333024412464118,0.0,1.0
0.532871972318339,1.0,-0.0070214306495142,0.1333073384940317,0.0,1.0
0.5363321799307958,1.0,-0.0071216841770014,0.1333247019974064,0.0,1.0
0.5397923875432526,1.0,-0.0072564028825024,0.1333424100214529,0.0,1.0
0.5432525951557093,1.0,-0.0073544558947183,0.1333784447751978,0.0,1.0
0.5467128027681661,1.0,-0.0074869248294265,0.1334116496759656,0.0,1.0
0.5501730103806228,1.0,-0.007579013510913,0.1334530427956201,0.0,1.0
0.5536332179930796,1.0,-0.0076875829220735,0.1334918953431463,0.0,1.0
0.5570934256055363,1.0,-0.00778882526474,0.1335457719890128,0.0,1.0
0.5605536332179931,1.0,-0.0078845368895138,0.1336193284869721,0.0,1.0
0.5640138408304498,1.0,-0.0079834096931553,0.1336714002882025,0.0,1.0
0.5674740484429066,1.0,-0.0080837824213902,0.1337496691301499,0.0,1.0
0.5709342560553633,1.0,-0.0081582585215372,0.1338348630916243,0.0,1.0
0.5743944636678201,1.0,-0.008290668189467,0.1339211386212596,0.0,1.0
0.5778546712802768,1.0,-0.0083764010444707,0.1340209079139827,0.0,1.0
0.5813148788927336,1.0,-0.0084688374562481,0.1341302060636553,0.0,1.0
0.5847750865051903,1.0,-0.0085536217585065,0.1342445006917137,0.0,1.0
0.5882352941176471,1.0,-0.008631504149577,0.134386506141562,0.0,1.0
0.5916955017301038,1.0,-0.0087182761162042,0.1344985664456319,0.0,1.0
0.5951557093425606,1.0,-0.0088062073381965,0.1346194763597138,0.0,1.0
0.5986159169550173,1.0,-0.0088812277948045,0.1347577602775027,0.0,1.0
0.6020761245674741,1.0,-0.0089868810793677,0.1348991931499085,0.0,1.0
0.6055363321799307,1.0,-0.0090448158553865,0.1350833661004125,0.0,1.0
0.6089965397923875,1.0,-0.0091401932240367,0.135245280086152,0.0,1.0
0.6124567474048442,1.0,-0.009219863846893,0.1354064845827309,0.0,1.0
0.615916955017301,1.0,-0.0093144100733095,0.1356016640681044,0.0,1.0
0.6193771626297578,1.0,-0.0093649864552393,0.1358368219429971,0.0,1.0
0.6228373702422145,1.0,-0.0094254920921173,0.1360576191667486,0.0,1.0
0.6262975778546713,1.0,-0.0094920434128604,0.1362671990827079,0.0,1.0
0.629757785467128,1.0,-0.009570677745610701,0.1365071304188196,0.0,1.0
0.6332179930795848,1.0,-0.0096357265454157,0.1367697449898624,0.0,1.0
0.6366782006920415,1.0,-0.0097133057810323,0.1370024548814531,0.0,1.0
0.6401384083044983,1.0,-0.0097400625691124,0.1372751146684309,0.0,1.0
0.643598615916955,1.0,-0.0098384412971441,0.1374959200372514,0.0,1.0
0.6470588235294118,1.0,-0.0098825527747146,0.1377843117230927,0.0,1.0
0.6505190311418685,1.0,-0.009937036249894,0.1380743704788137,0.0,1.0
0.6539792387543253,1.0,-0.0099532804081516,0.1383989137075975,0.0,1.0
0.657439446366782,1.0,-0.0099705494209073,0.1387440612363008,0.0,1.0
0.3356401384083045,0.9965397923875432,-0.0012487259217126,0.1447784816453607,0.0,0.0
0.657439446366782,0.9965397923875432,-0.0101277940611876,0.1383949822827517,0.0,0.0
0.3356401384083045,0.9930795847750864,-0.0013850027298551,0.1446837784259492,0.0,0.0
0.3391003460207612,0.9930795847750864,-0.0014188274158133,0.1442241450677248,0.0,0.0
0.6539792387543253,0.9930795847750864,-0.010253520804186,0.1377357963200629,0.0,0.0
0.657439446366782,0.9930795847750864,-0.0102807673166789,0.1380631353638421,0.0,0.0
0.3391003460207612,0.9896193771626296,-0.0015380809833064,0.1440749332430859,0.0,0.0
0.3425605536332179,0.9896193771626296,-0.0015542364353785,0.1435949885479785,0.0,0.0
0.370242214532872,0.9896193771626296,-0.0019758410118678,0.140119238385799,0.0,0.0
0.4602076124567474,0.9896193771626296,-0.004981845320532,0.1334114712476286,0.0,0.0
0.4844290657439446,0.9896193771626296,-0.0058525100005674,0.1326212418226482,0.0,0.0
0.5467128027681661,0.9896193771626296,-0.007914822467825,0.1321658971758853,0.0,0.0
0.6539792387543253,0.9896193771626296,-0.0104287026976136,0.137381239689163,0.0,0.0
0.3425605536332179,0.986159169550173,-0.0016612706578541,0.1434094330950534,0.0,0.0
0.3460207612456747,0.986159169550173,-0.0016678531900429,0.1429661346736432,0.0,0.0
0.3598615916955017,0.986159169550173,-0.0019118687112264,0.1411366538063121,0.0,0.0
0.3840830449826989,0.986159169550173,-0.0024596967912887,0.1382862717028591,0.0,0.0
0.4083044982698962,0.986159169550173,-0.0032009682771088,0.1361944222062334,0.0,0.0
0.4221453287197231,0.986159169550173,-0.0036980083337189,0.1351162592913964,0.0,0.0
0.4740484429065744,0.986159169550173,-0.0056104631832073,0.1325101232043395,0.0,0.0
0.4982698961937716,0.986159169550173,-0.0064495368342062,0.1318718310014336,0.0,0.0
0.5259515570934256,0.986159169550173,-0.007406767077164,0.1315813895335484,0.0,0.0
0.5916955017301038,0.986159169550173,-0.0094007908833146,0.1328360876174896,0.0,0.0
0.6228373702422145,0.986159169550173,-0.0101074942459915,0.134395689318527,0.0,0.0
0.6539792387543253,0.986159169550173,-0.0106354751306846,0.1370187393236006,0.0,0.0
0.3460207612456747,0.9826989619377162,-0.0017875551584889,0.1427381756721913,0.0,0.0
0.3979238754325259,0.9826989619377162,-0.0029707747939338,0.1367275289845856,0.0,0.0
0.4325259515570934,0.9826989619377162,-0.0042119663662158,0.1339991856177852,0.0,0.0
0.4498269896193771,0.9826989619377162,-0.0048451417704462,0.1329889322131437,0.0,0.0
0.5121107266435986,0.9826989619377162,-0.0070733466098967,0.1312648018049854,0.0,0.0
0.5363321799307958,0.9826989619377162,-0.0078758392543646,0.1312003647920593,0.0,0.0
0.5640138408304498,0.9826989619377162,-0.0087475656727881,0.1316140822521246,0.0,0.0
0.5813148788927336,0.9826989619377162,-0.0092953048494027,0.1320724252614256,0.0,0.0
0.6089965397923875,0.9826989619377162,-0.0100238237279362,0.1331966262860736,0.0,0.0
0.6366782006920415,0.9826989619377162,-0.0105317865508742,0.1350473779149426,0.0,0.0
0.6539792387543253,0.9826989619377162,-0.0108537404510018,0.1366048784438265,0.0,0.0
0.3460207612456747,0.9792387543252596,-0.0019009116682886,0.1425671462413703,0.0,0.0
0.3494809688581315,0.9792387543252596,-0.0019207850233388,0.1420702888027709,0.0,0.0
0.3737024221453287,0.9792387543252596,-0.0023921593179671,0.1387970356881137,0.0,0.0
0.4636678200692041,0.9792387543252596,-0.0055066751867557,0.1320086279810279,0.0,0.0
0.4844290657439446,0.9792387543252596,-0.006276129168789101,0.1313515808960202,0.0,0.0
0.5467128027681661,0.9792387543252596,-0.0083612652539305,0.1308748753311432,0.0,0.0
0.6539792387543253,0.9792387543252596,-0.0110133356931916,0.13624473808429,0.0,0.0
0.3494809688581315,0.9757785467128028,-0.0020165331436877,0.1418241678999957,0.0,0.0
0.4152249134948096,0.9757785467128028,-0.0038302602865679,0.1343751199127722,0.0,0.0
0.5951557093425606,0.9757785467128028,-0.0100620896027353,0.1316931408961677,0.0,0.0
0.6539792387543253,0.9757785467128028,-0.0112331364254668,0.1358786264570782,0.0,0.0
0.3494809688581315,0.972318339100346,-0.0021113434930075,0.1415375904041301,0.0,0.0
0.3529411764705882,0.972318339100346,-0.0021480869290611,0.141028587183068,0.0,0.0
0.4013840830449827,0.972318339100346,-0.0034338612843925,0.135127124985294,0.0,0.0
0.4740484429065744,0.972318339100346,-0.0061884894760453,0.1307745693607994,0.0,0.0
0.5121107266435986,0.972318339100346,-0.0075556820678074,0.1299298662514439,0.0,0.0
0.5259515570934256,0.972318339100346,-0.0080264900432447,0.1298431461259212,0.0,0.0
0.6228373702422145,0.972318339100346,-0.0108999005720772,0.1327200841075766,0.0,0.0
0.6401384083044983,0.972318339100346,-0.0112127550496082,0.1341294630232923,0.0,0.0
0.6539792387543253,0.972318339100346,-0.0114750583328831,0.1354531774738743,0.0,0.0
0.3529411764705882,0.9688581314878892,-0.0022246919675149,0.140725564455389,0.0,0.0
0.356401384083045,0.9688581314878892,-0.0022801017161753,0.1402010933666508,0.0,0.0
0.3910034602076124,0.9688581314878892,-0.003187023037207,0.1357982546228653,0.0,0.0
0.4429065743944637,0.9688581314878892,-0.0051646475998769,0.1316565726367908,0.0,0.0
0.5017301038062284,0.9688581314878892,-0.0073518679345349,0.1296767572212677,0.0,0.0
0.5397923875432526,0.9688581314878892,-0.0086376011955606,0.1294749182609562,0.0,0.0
0.5570934256055363,0.9688581314878892,-0.0092229886048891,0.1296690675791729,0.0,0.0
0.5743944636678201,0.9688581314878892,-0.0098320737233143,0.1300560797281247,0.0,0.0
0.6055363321799307,0.9688581314878892,-0.0107283730275223,0.1312711124221786,0.0,0.0
0.6539792387543253,0.9688581314878892,-0.0117002412950204,0.1350265078400408,0.0,0.0
0.356401384083045,0.9653979238754326,-0.0023388616755282,0.1398735287470673,0.0,0.0
0.4152249134948096,0.9653979238754326,-0.0042291035628207,0.1330749489183814,0.0,0.0
0.4256055363321799,0.9653979238754326,-0.0046053294605708,0.1322827252545839,0.0,0.0
0.4567474048442906,0.9653979238754326,-0.0058730585177519,0.1305152862537902,0.0,0.0
0.4878892733564013,0.9653979238754326,-0.0070258596560947,0.1295430852800159,0.0,0.0
0.5882352941176471,0.9653979238754326,-0.0104639236950506,0.1300680114221716,0.0,0.0
0.6505190311418685,0.9653979238754326,-0.0118989957509051,0.1342099277594909,0.0,0.0
0.6539792387543253,0.9653979238754326,-0.011961275358958,0.1346083984462517,0.0,0.0
0.356401384083045,0.9619377162629758,-0.0023943972492853,0.1395783824265931,0.0,0.0
0.3598615916955017,0.9619377162629758,-0.002475821707483,0.1390377024923017,0.0,0.0
0.3771626297577855,0.9619377162629758,-0.0029501679263265,0.1366551134807119,0.0,0.0
0.4048442906574394,0.9619377162629758,-0.003936108712845,0.1336029034907367,0.0,0.0
0.5259515570934256,0.9619377162629758,-0.0085223358096788,0.1285454061035057,0.0,0.0
0.6332179930795848,0.9619377162629758,-0.0117902912927145,0.1321896286679944,0.0,0.0
0.6505190311418685,0.9619377162629758,-0.012152062258984,0.1337693372445318,0.0,0.0
0.3598615916955017,0.9584775086505192,-0.0025334170062908,0.1386553134270711,0.0,0.0
0.3875432525951557,0.9584775086505192,-0.0034111030538986,0.1349008555762132,0.0,0.0
0.4463667820069204,0.9584775086505192,-0.0057652009048987,0.1301096168632549,0.0,0.0
0.4740484429065744,0.9584775086505192,-0.006847346924698,0.1289125446013058,0.0,0.0
0.5155709342560554,0.9584775086505192,-0.0083410128746339,0.1281333980494438,0.0,0.0
0.5467128027681661,0.9584775086505192,-0.0094250777291591,0.1281610874583715,0.0,0.0
0.5605536332179931,0.9584775086505192,-0.00987011927681,0.1284202161626008,0.0,0.0
0.5709342560553633,0.9584775086505192,-0.0102795942147965,0.1286399059393586,0.0,0.0
0.615916955017301,0.9584775086505192,-0.0116045546907081,0.1305222294979996,0.0,0.0
0.6505190311418685,0.9584775086505192,-0.0124101073443417,0.1333830034852947,0.0,0.0
0.3598615916955017,0.9550173010380624,-0.0025716684628687,0.1382899369638569,0.0,0.0
0.3633217993079585,0.9550173010380624,-0.0026594620588754,0.1378091829071845,0.0,0.0
0.4636678200692041,0.9550173010380624,-0.0066092941001265,0.1288089153856557,0.0,0.0
0.6020761245674741,0.9550173010380624,-0.0114584337391986,0.1293189540624567,0.0,0.0
0.6505190311418685,0.9550173010380624,-0.0126894983288921,0.132851524041591,0.0,0.0
0.3633217993079585,0.9515570934256056,-0.0027119743807848,0.1373660473430644,0.0,0.0
0.4013840830449827,0.9515570934256056,-0.0041992757272099,0.1325563163445149,0.0,0.0
0.4186851211072664,0.9515570934256056,-0.0049046082522115,0.1309835990757846,0.0,0.0
0.4359861591695502,0.9515570934256056,-0.0056250799286061,0.1297636094773745,0.0,0.0
0.4913494809688581,0.9515570934256056,-0.0078023227359204,0.1275559907960446,0.0,0.0
0.5051903114186851,0.9515570934256056,-0.0083266297064529,0.1273158509128883,0.0,0.0
0.5294117647058824,0.9515570934256056,-0.0092302001055292,0.1271217175616693,0.0,0.0
0.5847750865051903,0.9515570934256056,-0.0111304794454701,0.1281378456432514,0.0,0.0
0.6366782006920415,0.9515570934256056,-0.0125856594547738,0.1310066022049795,0.0,0.0
0.6505190311418685,0.9515570934256056,-0.0129951495686818,0.1324406365153647,0.0,0.0
0.3633217993079585,0.9480968858131488,-0.0027572924148935,0.1369818622604342,0.0,0.0
0.3667820069204152,0.9480968858131488,-0.0028704368426126,0.1364338348980412,0.0,0.0
0.3806228373702422,0.9480968858131488,-0.003405330916411,0.1344750124204605,0.0,0.0
0.4532871972318339,0.9480968858131488,-0.0065072465403322,0.1282959805938872,0.0,0.0
0.5536332179930796,0.9480968858131488,-0.0102380145123175,0.1268779987649818,0.0,0.0
0.5674740484429066,0.9480968858131488,-0.0107345125352631,0.1270951723221268,0.0,0.0
0.6262975778546713,0.9480968858131488,-0.0125876049975398,0.1297232671670775,0.0,0.0
0.6505190311418685,0.9480968858131488,-0.0132011174347889,0.131973737682665,0.0,0.0
0.3667820069204152,0.944636678200692,-0.002925297010668,0.1359433158340595,0.0,0.0
0.3910034602076124,0.944636678200692,-0.0039495721375834,0.1326908628899704,0.0,0.0
0.4775086505190311,0.944636678200692,-0.0076437499185091,0.1269111819279048,0.0,0.0
0.5432525951557093,0.944636678200692,-0.0100922938113204,0.1262470740759859,0.0,0.0
0.5951557093425606,0.944636678200692,-0.0118330293490726,0.1276210671384998,0.0,0.0
0.6505190311418685,0.944636678200692,-0.0134427317272651,0.1314928017268747,0.0,0.0
0.3667820069204152,0.9411764705882352,-0.0029659323021749,0.1355084424746953,0.0,0.0
0.4083044982698962,0.9411764705882352,-0.0048600143417346,0.1303447724786381,0.0,0.0
0.4256055363321799,0.9411764705882352,-0.0056385339066553,0.1289919773050611,0.0,0.0
0.4359861591695502,0.9411764705882352,-0.0060872655569731,0.1282542928771189,0.0,0.0
0.4982698961937716,0.9411764705882352,-0.008591629054988,0.125941424476395,0.0,0.0
0.5121107266435986,0.9411764705882352,-0.0091502561500738,0.1258063571329954,0.0,0.0
0.5259515570934256,0.9411764705882352,-0.0096954761445551,0.1257430123423604,0.0,0.0
0.6089965397923875,0.9411764705882352,-0.0125316875494928,0.1277448979466652,0.0,0.0
0.6505190311418685,0.9411764705882352,-0.0137718587602463,0.1309202784480175,0.0,0.0
0.3667820069204152,0.9377162629757786,-0.0030027834877421,0.1349782027765619,0.0,0.0
0.370242214532872,0.9377162629757786,-0.0031612165919744,0.1344678616800144,0.0,0.0
0.4567474048442906,0.9377162629757786,-0.0071589442760149,0.1266692006480009,0.0,0.0
0.4671280276816609,0.9377162629757786,-0.0075824109161504,0.1262569333993387,0.0,0.0
0.5536332179930796,0.9377162629757786,-0.0108519112801195,0.1254308482172005,0.0,0.0
0.5778546712802768,0.9377162629757786,-0.0116873297993573,0.125961367289602,0.0,0.0
0.6193771626297578,0.9377162629757786,-0.0130889008574347,0.1277957293499309,0.0,0.0
0.6470588235294118,0.9377162629757786,-0.013982545582435701,0.1300208385204951,0.0,0.0
0.6505190311418685,0.9377162629757786,-0.0140367406130994,0.1304858414734372,0.0,0.0
0.370242214532872,0.9342560553633218,-0.0032358739693707,0.133942711511581,0.0,0.0
0.3840830449826989,0.9342560553633218,-0.0039110160367828,0.1320023822050938,0.0,0.0
0.3944636678200692,0.9342560553633218,-0.004439079449301,0.1307351282921791,0.0,0.0
0.4463667820069204,0.9342560553633218,-0.0068646011515391,0.1266230626757387,0.0,0.0
0.4844290657439446,0.9342560553633218,-0.0084287916330543,0.1252306284671876,0.0,0.0
0.5363321799307958,0.9342560553633218,-0.0104238016608131,0.1248063372649598,0.0,0.0
0.5640138408304498,0.9342560553633218,-0.0114114957749592,0.1251355647963857,0.0,0.0
0.629757785467128,0.9342560553633218,-0.0137078078234788,0.1279867479030086,0.0,0.0
0.6470588235294118,0.9342560553633218,-0.014261473879066,0.1295286562486888,0.0,0.0
0.370242214532872,0.9307958477508652,-0.00330874986013,0.133392429560588,0.0,0.0
0.3737024221453287,0.9307958477508652,-0.0034523875917833,0.1328648979868445,0.0,0.0
0.4152249134948096,0.9307958477508652,-0.0055735439984843,0.1281075756821548,0.0,0.0
0.4325259515570934,0.9307958477508652,-0.0063916180615843,0.1269075746409589,0.0,0.0
0.5086505190311419,0.9307958477508652,-0.0095972954065641,0.1243064221829152,0.0,0.0
0.5916955017301038,0.9307958477508652,-0.0126365990566056,0.125376495557818,0.0,0.0
0.6055363321799307,0.9307958477508652,-0.0131141135156584,0.1259646147025379,0.0,0.0
0.6470588235294118,0.9307958477508652,-0.0145470303824778,0.128964886945548,0.0,0.0
0.3737024221453287,0.9273356401384084,-0.0035235873292126,0.1322619414953188,0.0,0.0
0.4048442906574394,0.9273356401384084,-0.0051903529542842,0.1285312311339423,0.0,0.0
0.4705882352941176,0.9273356401384084,-0.0082507964333751,0.1245814670041856,0.0,0.0
0.4982698961937716,0.9273356401384084,-0.0093873386421486,0.1238630323031803,0.0,0.0
0.5224913494809689,0.9273356401384084,-0.0103085101678019,0.1237690650632439,0.0,0.0
0.5467128027681661,0.9273356401384084,-0.0112506492796492,0.1238296301887221,0.0,0.0
0.615916955017301,0.9273356401384084,-0.0137355611690017,0.1259342644851409,0.0,0.0
0.6470588235294118,0.9273356401384084,-0.0148738450265226,0.128391083608925,0.0,0.0
0.3737024221453287,0.9238754325259516,-0.0035899075910987,0.1316881763977249,0.0,0.0
0.3910034602076124,0.9238754325259516,-0.0045675067770175,0.1294012930148659,0.0,0.0
0.4567474048442906,0.9238754325259516,-0.007805958687474,0.1245514481193185,0.0,0.0
0.5674740484429066,0.9238754325259516,-0.0121972707232322,0.1236862103626767,0.0,0.0
0.6470588235294118,0.9238754325259516,-0.0151289890994595,0.1278345168542012,0.0,0.0
0.3737024221453287,0.9204152249134948,-0.0036572342898013,0.1310064942425643,0.0,0.0
0.3771626297577855,0.9204152249134948,-0.0038494231050628,0.1305183019324315,0.0,0.0
0.4186851211072664,0.9204152249134948,-0.0061334401610865,0.1262038781989214,0.0,0.0
0.4429065743944637,0.9204152249134948,-0.0073136711217139,0.1246356284174512,0.0,0.0
0.4878892733564013,0.9204152249134948,-0.0093634129138926,0.1230548631500155,0.0,0.0
0.5363321799307958,0.9204152249134948,-0.0112900133322463,0.1227029962937643,0.0,0.0
0.5813148788927336,0.9204152249134948,-0.0129499670495361,0.1234773855720723,0.0,0.0
0.629757785467128,0.9204152249134948,-0.014823146033687,0.1256325527846715,0.0,0.0
0.6470588235294118,0.9204152249134948,-0.0153654452626239,0.1272728193683257,0.0,0.0
0.3771626297577855,0.916955017301038,-0.0038975188728614,0.1298828578698908,0.0,0.0
0.4083044982698962,0.916955017301038,-0.0057045447903727,0.1264083275567317,0.0,0.0
0.4740484429065744,0.916955017301038,-0.0089023935110888,0.1228164078023541,0.0,0.0
0.4982698961937716,0.916955017301038,-0.0099613727363368,0.1223278889029692,0.0,0.0
0.5121107266435986,0.916955017301038,-0.0105091499350664,0.1221692643580731,0.0,0.0
0.5259515570934256,0.916955017301038,-0.0110729206860328,0.1221508116670707,0.0,0.0
0.5501730103806228,0.916955017301038,-0.012026464950549199,0.1223086827205767,0.0,0.0
0.6020761245674741,0.916955017301038,-0.0139357866093637,0.123662923288191,0.0,0.0
0.6193771626297578,0.916955017301038,-0.014627232261063102,0.1244135076095733,0.0,0.0
0.6470588235294118,0.916955017301038,-0.0156207812831487,0.1267523243207273,0.0,0.0
0.3771626297577855,0.9134948096885812,-0.0039499650043035,0.1291962182917022,0.0,0.0
0.4290657439446367,0.9134948096885812,-0.0069147428203687,0.1242494336571964,0.0,0.0
0.5916955017301038,0.9134948096885812,-0.0138033560706712,0.1227618076474823,0.0,0.0
0.6470588235294118,0.9134948096885812,-0.0159420468221605,0.1261138018057372,0.0,0.0
0.3771626297577855,0.9100346020761244,-0.0040088071513749,0.1283993927305446,0.0,0.0
0.3910034602076124,0.9100346020761244,-0.0049158303540174,0.1268655684832633,0.0,0.0
0.4602076124567474,0.9100346020761244,-0.008678149711463,0.1220694420291476,0.0,0.0
0.5640138408304498,0.9100346020761244,-0.0129751850129876,0.1214764356739167,0.0,0.0
0.6332179930795848,0.9100346020761244,-0.015848551581851,0.1239141321943978,0.0,0.0
0.6470588235294118,0.9100346020761244,-0.0162147572989979,0.1254382166425246,0.0,0.0
0.3771626297577855,0.9065743944636678,-0.0040475012124513,0.1276191306230087,0.0,0.0
0.3806228373702422,0.9065743944636678,-0.0042570852783247,0.1272688718224439,0.0,0.0
0.4013840830449827,0.9065743944636678,-0.0056590395290828,0.1250919232087565,0.0,0.0
0.4117647058823529,0.9065743944636678,-0.0062463870062263,0.1242649139817033,0.0,0.0
0.4429065743944637,0.9065743944636678,-0.0079435563959502,0.1222144544168214,0.0,0.0
0.4913494809688581,0.9065743944636678,-0.0102324200598766,0.1207104599172243,0.0,0.0
0.5051903114186851,0.9065743944636678,-0.0108552125662802,0.1205021674253096,0.0,0.0
0.532871972318339,0.9065743944636678,-0.0120090119956709,0.1204922014038058,0.0,0.0
0.5813148788927336,0.9065743944636678,-0.013861678451653,0.12137863980036609,0.0,0.0
0.6124567474048442,0.9065743944636678,-0.0151814069064367,0.122308793945262,0.0,0.0
0.6228373702422145,0.9065743944636678,-0.0156457056668374,0.1227578537715221,0.0,0.0
0.643598615916955,0.9065743944636678,-0.0165270455049899,0.1242963438908302,0.0,0.0
0.6470588235294118,0.9065743944636678,-0.0165818318932773,0.124732953475066,0.0,0.0
0.3806228373702422,0.903114186851211,-0.0043288246538944,0.1264390538208579,0.0,0.0
0.4221453287197231,0.903114186851211,-0.0069542920045482,0.1228148591377829,0.0,0.0
0.5190311418685121,0.903114186851211,-0.011616229562434601,0.1199350883185885,0.0,0.0
0.5501730103806228,0.903114186851211,-0.0129037474958299,0.1201315766750101,0.0,0.0
0.643598615916955,0.903114186851211,-0.0168448295172038,0.123627531948908,0.0,0.0
0.3806228373702422,0.8996539792387543,-0.0043827617108403,0.1256636989786438,0.0,0.0
0.4325259515570934,0.8996539792387543,-0.0076825304578534,0.1215037222462733,0.0,0.0
0.4532871972318339,0.8996539792387543,-0.0088070416389952,0.1205443579945301,0.0,0.0
0.4775086505190311,0.8996539792387543,-0.0099735682311841,0.1197866551963794,0.0,0.0
0.5709342560553633,0.8996539792387543,-0.013953338839252,0.119991597128837,0.0,0.0
0.6020761245674741,0.8996539792387543,-0.0152524680998455,0.1207791804969831,0.0,0.0
0.643598615916955,0.8996539792387543,-0.0171472134555753,0.1229005019257075,0.0,0.0
0.3806228373702422,0.8961937716262975,-0.0044499742689933,0.12488213333961631,0.0,0.0
0.4117647058823529,0.8961937716262975,-0.0066068628241206,0.1221511661040219,0.0,0.0
0.4429065743944637,0.8961937716262975,-0.0084272974494777,0.1203666575017203,0.0,0.0
0.5882352941176471,0.8961937716262975,-0.0149111462937055,0.1197760412890898,0.0,0.0
0.615916955017301,0.8961937716262975,-0.0161984321070888,0.1205856270429299,0.0,0.0
0.629757785467128,0.8961937716262975,-0.0169031437875054,0.1211572318640731,0.0,0.0
0.643598615916955,0.8961937716262975,-0.0173448780434846,0.12250899594376971,0.0,0.0
0.3806228373702422,0.8927335640138409,-0.0045038728449382,0.1240424417029351,0.0,0.0
0.3979238754325259,0.8927335640138409,-0.005796727483119701,0.1224387011216558,0.0,0.0
0.4636678200692041,0.8927335640138409,-0.009658131246201,0.1189474493075681,0.0,0.0
0.4913494809688581,0.8927335640138409,-0.0109773924756414,0.11832327675148249,0.0,0.0
0.5086505190311419,0.8927335640138409,-0.0117815522173111,0.11815945219373511,0.0,0.0
0.5432525951557093,0.8927335640138409,-0.0132766488911931,0.1183405870529012,0.0,0.0
0.5605536332179931,0.8927335640138409,-0.013986601296357199,0.118656192515331,0.0,0.0
0.643598615916955,0.8927335640138409,-0.0176223305417491,0.1217570633399133,0.0,0.0
0.3806228373702422,0.889273356401384,-0.0045672363191053,0.1231218657337494,0.0,0.0
0.3840830449826989,0.889273356401384,-0.0048250528859618,0.1227932510274076,0.0,0.0
0.4221453287197231,0.889273356401384,-0.007500536749402,0.1200760415868737,0.0,0.0
0.5259515570934256,0.889273356401384,-0.0127294495788667,0.1176438663391132,0.0,0.0
0.5743944636678201,0.889273356401384,-0.0148411780322657,0.1183128710073836,0.0,0.0
0.643598615916955,0.889273356401384,-0.0178949214508929,0.1211482761765268,0.0,0.0
0.3840830449826989,0.8858131487889274,-0.0049158566949367,0.1218702652465802,0.0,0.0
0.4325259515570934,0.8858131487889274,-0.0082710276037377,0.1188574590889373,0.0,0.0
0.4498269896193771,0.8858131487889274,-0.0092593008933159,0.1181632404157416,0.0,0.0
0.4740484429065744,0.8858131487889274,-0.0105060300481549,0.117441066739868,0.0,0.0
0.5847750865051903,0.8858131487889274,-0.0155647124884105,0.1179075257639032,0.0,0.0
0.6228373702422145,0.8858131487889274,-0.0174179144532641,0.1188971169534978,0.0,0.0
0.6332179930795848,0.8858131487889274,-0.0179596165715852,0.1193541640464279,0.0,0.0
0.643598615916955,0.8858131487889274,-0.018165221197581,0.1204549699503782,0.0,0.0
0.3840830449826989,0.8823529411764706,-0.0049937222922587,0.1211121045979361,0.0,0.0
0.4083044982698962,0.8823529411764706,-0.0067998568363109,0.1194421648559859,0.0,0.0
0.4602076124567474,0.8823529411764706,-0.0099707667233742,0.1171698799017107,0.0,0.0
0.5017301038062284,0.8823529411764706,-0.0120270047066934,0.1164379194196118,0.0,0.0
0.5155709342560554,0.8823529411764706,-0.0126876779279673,0.1163927031996838,0.0,0.0
0.6020761245674741,0.8823529411764706,-0.0166160468562274,0.1177600792480921,0.0,0.0
0.643598615916955,0.8823529411764706,-0.0184611022864622,0.1197468872977237,0.0,0.0
0.3840830449826989,0.8788927335640139,-0.0050732996173216,0.1202615859540865,0.0,0.0
0.3979238754325259,0.8788927335640139,-0.0061272311676690994,0.11925335184728761,0.0,0.0
0.4878892733564013,0.8788927335640139,-0.0115568129002001,0.1159107472358002,0.0,0.0
0.5536332179930796,0.8788927335640139,-0.0145734541534741,0.116173128527066,0.0,0.0
0.5674740484429066,0.8788927335640139,-0.015250384508669,0.1163923604435865,0.0,0.0
0.6124567474048442,0.8788927335640139,-0.0174320481972648,0.1173735194227278,0.0,0.0
0.643598615916955,0.8788927335640139,-0.0187526067300639,0.119020341816798,0.0,0.0
0.3840830449826989,0.8754325259515571,-0.0051474181300723,0.1194256671264928,0.0,0.0
0.4325259515570934,0.8754325259515571,-0.0086799993475884,0.1167487850122015,0.0,0.0
0.5259515570934256,0.8754325259515571,-0.0135852137278744,0.1151936223658014,0.0,0.0
0.5397923875432526,0.8754325259515571,-0.0142180388929744,0.1153174422088947,0.0,0.0
0.5813148788927336,0.8754325259515571,-0.0161427704018486,0.11605216805698941,0.0,0.0
0.643598615916955,0.8754325259515571,-0.0190780366660651,0.118160443150799,0.0,0.0
0.3840830449826989,0.8719723183391004,-0.0052163485799912,0.1186596529747491,0.0,0.0
0.4117647058823529,0.8719723183391004,-0.0073581255464133,0.1170109455883951,0.0,0.0
0.4221453287197231,0.8719723183391004,-0.0080927917924313,0.1164763482850082,0.0,0.0
0.4532871972318339,0.8719723183391004,-0.0100421733350285,0.1154606060534078,0.0,0.0
0.4671280276816609,0.8719723183391004,-0.0107969224972735,0.1150602175629181,0.0,0.0
0.4982698961937716,0.8719723183391004,-0.0124203786088643,0.1146194359782204,0.0,0.0
0.5121107266435986,0.8719723183391004,-0.0130931589396095,0.1145964972825016,0.0,0.0
0.5916955017301038,0.8719723183391004,-0.0168996273073942,0.1156537820212373,0.0,0.0
0.6228373702422145,0.8719723183391004,-0.0185812055060179,0.1163341924884149,0.0,0.0
0.6401384083044983,0.8719723183391004,-0.0194855966161256,0.1167575637620701,0.0,0.0
0.643598615916955,0.8719723183391004,-0.0195974702419932,0.1169162144745694,0.0,0.0
0.3840830449826989,0.8685121107266436,-0.0053039783168402,0.11784396441981988,0.0,0.0
0.4013840830449827,0.8685121107266436,-0.0066914290150177,0.1167201459981594,0.0,0.0
0.4429065743944637,0.8685121107266436,-0.0095400813445821,0.1150279643932691,0.0,0.0
0.4809688581314879,0.8685121107266436,-0.0117243270639051,0.1141144842639658,0.0,0.0
0.5674740484429066,0.8685121107266436,-0.0159419443581702,0.1145589493808941,0.0,0.0
0.6089965397923875,0.8685121107266436,-0.0180581243113656,0.11542022212939598,0.0,0.0
0.6401384083044983,0.8685121107266436,-0.0198063373121043,0.1159615378468624,0.0,0.0
0.3840830449826989,0.8650519031141869,-0.005379666024172,0.1169591339384992,0.0,0.0
0.4325259515570934,0.8650519031141869,-0.0090065478287149,0.1146283993619796,0.0,0.0
0.5570934256055363,0.8650519031141869,-0.0156555920734762,0.1137802179158854,0.0,0.0
0.5778546712802768,0.8650519031141869,-0.0166711409789911,0.114193791354749,0.0,0.0
0.6401384083044983,0.8650519031141869,-0.0200898461664139,0.1152392439578994,0.0,0.0
0.3840830449826989,0.8615916955017301,-0.0054734624514781,0.1160258201719011,0.0,0.0
0.4705882352941176,0.8615916955017301,-0.0114590223408925,0.1129342825351633,0.0,0.0
0.4913494809688581,0.8615916955017301,-0.0126539657304664,0.1127452252855588,0.0,0.0
0.5051903114186851,0.8615916955017301,-0.0133237489547589,0.1127020696216992,0.0,0.0
0.5397923875432526,0.8615916955017301,-0.0150659085553976,0.1129348217173945,0.0,0.0
0.5986159169550173,0.8615916955017301,-0.0180045968073133,0.1139663454222254,0.0,0.0
0.6401384083044983,0.8615916955017301,-0.0203885709676795,0.1145510356253335,0.0,0.0
0.3840830449826989,0.8581314878892734,-0.0055170637034591,0.1151144255608126,0.0,0.0
0.4152249134948096,0.8581314878892734,-0.0080010462208618,0.1137290394312813,0.0,0.0
0.4567474048442906,0.8581314878892734,-0.0107562602295775,0.1125176306303942,0.0,0.0
0.5259515570934256,0.8581314878892734,-0.014585320566005,0.1121642103566069,0.0,0.0
0.5882352941176471,0.8581314878892734,-0.0177139264125889,0.113130179711652,0.0,0.0
0.6228373702422145,0.8581314878892734,-0.0196749586560888,0.1137717506527461,0.0,0.0
0.6401384083044983,0.8581314878892734,-0.0206062886602653,0.1139420320478654,0.0,0.0
0.3840830449826989,0.8546712802768166,-0.0055925421629801,0.1141814884043938,0.0,0.0
0.4429065743944637,0.8546712802768166,-0.0100386597268924,0.1121323449769918,0.0,0.0
0.5155709342560554,0.8546712802768166,-0.0142247616186811,0.1115128521567692,0.0,0.0
0.5674740484429066,0.8546712802768166,-0.0168694524148135,0.1121465539722841,0.0,0.0
0.6089965397923875,0.8546712802768166,-0.0190953079888995,0.1129060773893873,0.0,0.0
0.6401384083044983,0.8546712802768166,-0.0208582648981926,0.11320564429365751,0.0,0.0
0.3840830449826989,0.8512110726643599,-0.0056493085938269,0.1133290095416985,0.0,0.0
0.4013840830449827,0.8512110726643599,-0.0071229223901892,0.1125839861074436,0.0,0.0
0.4325259515570934,0.8512110726643599,-0.0094782190837681,0.1116395279512472,0.0,0.0
0.4775086505190311,0.8512110726643599,-0.0122966227412186,0.1108824093817327,0.0,0.0
0.5778546712802768,0.8512110726643599,-0.017632119416173,0.1117026130175695,0.0,0.0
0.6401384083044983,0.8512110726643599,-0.0211063213176945,0.1125409893694225,0.0,0.0
0.3840830449826989,0.8477508650519031,-0.005698523104447799,0.1123683604218396,0.0,0.0
0.4636678200692041,0.8477508650519031,-0.011663661717047798,0.1102356737866704,0.0,0.0
0.5051903114186851,0.8477508650519031,-0.0140605248407235,0.1102122922170039,0.0,0.0
0.5432525951557093,0.8477508650519031,-0.0160518376668568,0.11052889046453498,0.0,0.0
0.5570934256055363,0.8477508650519031,-0.0167388760322545,0.1107261691985502,0.0,0.0
0.5916955017301038,0.8477508650519031,-0.0186231001951954,0.111343830065134,0.0,0.0
0.6401384083044983,0.8477508650519031,-0.0213288504037661,0.1119363817398716,0.0,0.0
0.3840830449826989,0.8442906574394463,-0.0058062423072939,0.1114301821749723,0.0,0.0
0.4186851211072664,0.8442906574394463,-0.0086981939285886,0.1103225815493746,0.0,0.0
0.4913494809688581,0.8442906574394463,-0.0134395319084206,0.1094843591780921,0.0,0.0
0.532871972318339,0.8442906574394463,-0.0157316094368246,0.1097953787215462,0.0,0.0
0.6124567474048442,0.8442906574394463,-0.0200071893372794,0.1110480891348085,0.0,0.0
0.6262975778546713,0.8442906574394463,-0.0208769749046335,0.1111882546061481,0.0,0.0
0.6401384083044983,0.8442906574394463,-0.0215196470349391,0.1113200063673214,0.0,0.0
0.3840830449826989,0.8408304498269896,-0.0059081356592413,0.1105276110572075,0.0,0.0
0.3944636678200692,0.8408304498269896,-0.0068175570330059,0.1101620748227994,0.0,0.0
0.4498269896193771,0.8408304498269896,-0.0110389637306757,0.109005874261207,0.0,0.0
0.4809688581314879,0.8408304498269896,-0.0129994305147638,0.1088341129106854,0.0,0.0
0.5224913494809689,0.8408304498269896,-0.015357926402023598,0.1090292478739749,0.0,0.0
0.6401384083044983,0.8408304498269896,-0.0217113712763662,0.1107832149953486,0.0,0.0
0.3840830449826989,0.8373702422145328,-0.0060095508591459,0.1096308598295524,0.0,0.0
0.4048442906574394,0.8373702422145328,-0.0078048373598803,0.1091123645038065,0.0,0.0
0.4359861591695502,0.8373702422145328,-0.0101632060306762,0.1083989335510752,0.0,0.0
0.5121107266435986,0.8373702422145328,-0.0149775822788872,0.1082950732912747,0.0,0.0
0.5467128027681661,0.8373702422145328,-0.0167958537152299,0.1087519564718562,0.0,0.0
0.5570934256055363,0.8373702422145328,-0.0173192251612446,0.10893243007556759,0.0,0.0
0.5674740484429066,0.8373702422145328,-0.0178753538514687,0.1091417287819637,0.0,0.0
0.5813148788927336,0.8373702422145328,-0.0186150298165557,0.1094255530084136,0.0,0.0
0.5916955017301038,0.8373702422145328,-0.0192307103718643,0.1095806280844769,0.0,0.0
0.6020761245674741,0.8373702422145328,-0.0198342325712316,0.1097032556849668,0.0,0.0
0.6401384083044983,0.8373702422145328,-0.0219335057901709,0.1101555871903623,0.0,0.0
0.3840830449826989,0.8339100346020761,-0.0061263400179815,0.1087007377953506,0.0,0.0
0.4671280276816609,0.8339100346020761,-0.0124576888609969,0.1074023893646922,0.0,0.0
0.5017301038062284,0.8339100346020761,-0.0145092068514483,0.1075748894234895,0.0,0.0
0.6193771626297578,0.8339100346020761,-0.02100395688796,0.1093395198705177,0.0,0.0
0.6366782006920415,0.8339100346020761,-0.0219939641745146,0.1095233987945503,0.0,0.0
0.6401384083044983,0.8339100346020761,-0.0221255083609384,0.1095749628762835,0.0,0.0
0.3840830449826989,0.8304498269896193,-0.0062502435322082,0.107890596839839,0.0,0.0
0.3944636678200692,0.8304498269896193,-0.0071094348712456,0.1076379016001864,0.0,0.0
0.4256055363321799,0.8304498269896193,-0.0096332009712467,0.1069035058584062,0.0,0.0
0.4775086505190311,0.8304498269896193,-0.0132671625360973,0.1066726321686958,0.0,0.0
0.4878892733564013,0.8304498269896193,-0.0138859818922473,0.1067749386534817,0.0,0.0
0.5259515570934256,0.8304498269896193,-0.0160804646006915,0.107212080953675,0.0,0.0
0.6366782006920415,0.8304498269896193,-0.0221581122574052,0.10897068803757762,0.0,0.0
0.3840830449826989,0.8269896193771626,-0.0063646983912651,0.1070039061035283,0.0,0.0
0.4117647058823529,0.8269896193771626,-0.0086871988206063,0.1063645875836938,0.0,0.0
0.5363321799307958,0.8269896193771626,-0.0167974721957202,0.106774435110901,0.0,0.0
0.5536332179930796,0.8269896193771626,-0.0177274945757866,0.1070383963924154,0.0,0.0
0.5951557093425606,0.8269896193771626,-0.0199669871785754,0.1078060610604843,0.0,0.0
0.6055363321799307,0.8269896193771626,-0.020579841085309,0.1079962456962239,0.0,0.0
0.6366782006920415,0.8269896193771626,-0.0223446838925461,0.1084100974304737,0.0,0.0
0.3840830449826989,0.8235294117647058,-0.0065257734584514,0.1060756407381154,0.0,0.0
0.4359861591695502,0.8235294117647058,-0.010668362978608,0.1051614366487176,0.0,0.0
0.4498269896193771,0.8235294117647058,-0.0116994997562719,0.1050921441770086,0.0,0.0
0.4602076124567474,0.8235294117647058,-0.0124121566946168,0.1051086121731127,0.0,0.0
0.5121107266435986,0.8235294117647058,-0.0156018105779954,0.1057144648265299,0.0,0.0
0.5743944636678201,0.8235294117647058,-0.0189795115399813,0.1068483007068556,0.0,0.0
0.615916955017301,0.8235294117647058,-0.021358970232073,0.1075367016370606,0.0,0.0
0.6262975778546713,0.8235294117647058,-0.0219990966887014,0.1076173590851303,0.0,0.0
0.6366782006920415,0.8235294117647058,-0.0225245554439525,0.1078211645180502,0.0,0.0
0.3840830449826989,0.8200692041522492,-0.0065934951750601,0.1052646678803104,0.0,0.0
0.4013840830449827,0.8200692041522492,-0.0080832328229461,0.1049115552997769,0.0,0.0
0.4775086505190311,0.8200692041522492,-0.0136937565695245,0.1045437989184128,0.0,0.0
0.4982698961937716,0.8200692041522492,-0.0149984767400219,0.1048066853738221,0.0,0.0
0.5640138408304498,0.8200692041522492,-0.018596064689128,0.1060345499000555,0.0,0.0
0.5847750865051903,0.8200692041522492,-0.0197250595067508,0.1064762920809868,0.0,0.0
0.6366782006920415,0.8200692041522492,-0.0226850395540519,0.1072338074500196,0.0,0.0
0.3840830449826989,0.8166089965397924,-0.0067292443171002,0.1044097421373111,0.0,0.0
0.4878892733564013,0.8166089965397924,-0.0144948903832366,0.1039689208581844,0.0,0.0
0.5259515570934256,0.8166089965397924,-0.0167312127532455,0.1046810462731355,0.0,0.0
0.6366782006920415,0.8166089965397924,-0.0228222410905201,0.1066501903377177,0.0,0.0
0.3840830449826989,0.8131487889273357,-0.0068654872165534,0.103598333869906,0.0,0.0
0.4256055363321799,0.8131487889273357,-0.0102801539331249,0.1028431542524241,0.0,0.0
0.4498269896193771,0.8131487889273357,-0.0120552015070988,0.10280423734668129,0.0,0.0
0.4636678200692041,0.8131487889273357,-0.0130407760916109,0.1029122736698074,0.0,0.0
0.5432525951557093,0.8131487889273357,-0.0178298021854212,0.1044257058218934,0.0,0.0
0.5986159169550173,0.8131487889273357,-0.0208161285172196,0.1055521931491496,0.0,0.0
0.6366782006920415,0.8131487889273357,-0.0229401319336418,0.1061449589138106,0.0,0.0
0.3840830449826989,0.8096885813148789,-0.0069744510163921,0.1027724141436423,0.0,0.0
0.3979238754325259,0.8096885813148789,-0.0081487766169205,0.1024183680077781,0.0,0.0
0.4117647058823529,0.8096885813148789,-0.0093179878357169,0.1022053502272016,0.0,0.0
0.4394463667820069,0.8096885813148789,-0.0114534060938996,0.1020236276215095,0.0,0.0
0.4740484429065744,0.8096885813148789,-0.013871468651338,0.1022821016389445,0.0,0.0
0.5051903114186851,0.8096885813148789,-0.0158150018520042,0.1028626416582456,0.0,0.0
0.5570934256055363,0.8096885813148789,-0.0187253141949304,0.10409410071379,0.0,0.0
0.5674740484429066,0.8096885813148789,-0.019265855855952,0.104357527053457,0.0,0.0
0.5813148788927336,0.8096885813148789,-0.0200122674037769,0.1046658839028661,0.0,0.0
0.6089965397923875,0.8096885813148789,-0.0215680468032317,0.1051593317973851,0.0,0.0
0.6366782006920415,0.8096885813148789,-0.0231115474547181,0.1055850640123678,0.0,0.0
0.3840830449826989,0.8062283737024222,-0.0070745691254546,0.1019765208952289,0.0,0.0
0.4913494809688581,0.8062283737024222,-0.0151344584505129,0.1018820731134884,0.0,0.0
0.5155709342560554,0.8062283737024222,-0.0165850249848813,0.102483318852821,0.0,0.0
0.6193771626297578,0.8062283737024222,-0.022315872881047,0.1046998019246504,0.0,0.0
0.6366782006920415,0.8062283737024222,-0.0232529270576513,0.1050653110439729,0.0,0.0
0.3840830449826989,0.8027681660899654,-0.0072336673504862,0.101127743363468,0.0,0.0
0.4290657439446367,0.8027681660899654,-0.0109677357839778,0.1004156748552411,0.0,0.0
0.4636678200692041,0.8027681660899654,-0.0134771262333018,0.1005956208841818,0.0,0.0
0.532871972318339,0.8027681660899654,-0.0177083406773445,0.1023347774982155,0.0,0.0
0.5467128027681661,0.8027681660899654,-0.0184417314252712,0.102692743166898,0.0,0.0
0.5916955017301038,0.8027681660899654,-0.0208722009936991,0.1037613920205248,0.0,0.0
0.6366782006920415,0.8027681660899654,-0.0233791495651174,0.1044011079965524,0.0,0.0
0.3840830449826989,0.7993079584775087,-0.0073025094373780994,0.1002149928034858,0.0,0.0
0.4532871972318339,0.7993079584775087,-0.0129111177303533,0.0996863465847857,0.0,0.0
0.5017301038062284,0.7993079584775087,-0.0160153692725383,0.1007900595291108,0.0,0.0
0.5709342560553633,0.7993079584775087,-0.0199016226978734,0.1027055717981985,0.0,0.0
0.6020761245674741,0.7993079584775087,-0.0215775865960477,0.1033927695579584,0.0,0.0
0.6366782006920415,0.7993079584775087,-0.0234726898779268,0.1038364291427476,0.0,0.0
0.3840830449826989,0.7958477508650519,-0.0074488459248296,0.0993306637550023,0.0,0.0
0.4013840830449827,0.7958477508650519,-0.0090485374998219,0.0989020875835375,0.0,0.0
0.4152249134948096,0.7958477508650519,-0.0101673254230951,0.0988096249384589,0.0,0.0
0.4394463667820069,0.7958477508650519,-0.0120525830035396,0.0988318325768257,0.0,0.0
0.4740484429065744,0.7958477508650519,-0.0143984119952378,0.0993298219593162,0.0,0.0
0.5224913494809689,0.7958477508650519,-0.0173570735112587,0.1007391987593079,0.0,0.0
0.5570934256055363,0.7958477508650519,-0.0192793322470106,0.101764613412397,0.0,0.0
0.6332179930795848,0.7958477508650519,-0.0233396246090037,0.1034708601280083,0.0,0.0
0.6366782006920415,0.7958477508650519,-0.0234368147428708,0.1036983472119802,0.0,0.0
0.3840830449826989,0.7923875432525952,-0.0075990179950365,0.0983733896735179,0.0,0.0
0.5847750865051903,0.7923875432525952,-0.0209003110139253,0.1019127076073595,0.0,0.0
0.615916955017301,0.7923875432525952,-0.0226177843713796,0.102511412815128,0.0,0.0
0.6332179930795848,0.7923875432525952,-0.023366931084667,0.103195287210273,0.0,0.0
0.3840830449826989,0.7889273356401384,-0.0077079560618128,0.0975009625467062,0.0,0.0
0.4290657439446367,0.7889273356401384,-0.0115468079828286,0.0970993560617392,0.0,0.0
0.4636678200692041,0.7889273356401384,-0.0140554564700842,0.097605383474331,0.0,0.0
0.4913494809688581,0.7889273356401384,-0.0157589472291962,0.0983702392954499,0.0,0.0
0.5121107266435986,0.7889273356401384,-0.0170025080287415,0.099081587933236,0.0,0.0
0.5467128027681661,0.7889273356401384,-0.0189276267316345,0.1003454879162312,0.0,0.0
0.5743944636678201,0.7889273356401384,-0.0204244717952225,0.1011151830777451,0.0,0.0
0.5951557093425606,0.7889273356401384,-0.0215311898746851,0.1016228346770479,0.0,0.0
0.6332179930795848,0.7889273356401384,-0.0234307907849406,0.10275576334597598,0.0,0.0
0.3840830449826989,0.7854671280276817,-0.0078745912108146,0.0965981823938853,0.0,0.0
0.3979238754325259,0.7854671280276817,-0.0091445366207379,0.0962614209097224,0.0,0.0
0.4186851211072664,0.7854671280276817,-0.0109017714304141,0.0961513434286045,0.0,0.0
0.4809688581314879,0.7854671280276817,-0.0152621274348561,0.0973703060207623,0.0,0.0
0.5017301038062284,0.7854671280276817,-0.0165207935035175,0.098065040398006,0.0,0.0
0.5294117647058824,0.7854671280276817,-0.0181022291171652,0.0990522362030876,0.0,0.0
0.5640138408304498,0.7854671280276817,-0.0199773827807331,0.1002666524424675,0.0,0.0
0.6332179930795848,0.7854671280276817,-0.0234968523943421,0.1023590731015581,0.0,0.0
0.3840830449826989,0.7820069204152249,-0.0080218055445772,0.0957775313176922,0.0,0.0
0.4083044982698962,0.7820069204152249,-0.0102040556894875,0.095212364284736,0.0,0.0
0.4394463667820069,0.7820069204152249,-0.012634721210005,0.0956052013841163,0.0,0.0
0.4532871972318339,0.7820069204152249,-0.0136098455622985,0.0959124084270569,0.0,0.0
0.6055363321799307,0.7820069204152249,-0.022330565091711,0.1007471630671386,0.0,0.0
0.6332179930795848,0.7820069204152249,-0.0235921627681011,0.1018886969234737,0.0,0.0
0.3840830449826989,0.7785467128027682,-0.0082192166977727,0.0947659057083526,0.0,0.0
0.4290657439446367,0.7785467128027682,-0.0120097700738791,0.0945270871077031,0.0,0.0
0.6193771626297578,0.7785467128027682,-0.0231865716944079,0.1005126084242096,0.0,0.0
0.6332179930795848,0.7785467128027682,-0.0236924489493223,0.1014414922045178,0.0,0.0
0.3840830449826989,0.7750865051903114,-0.0083782468909914,0.0937482630852807,0.0,0.0
0.4636678200692041,0.7750865051903114,-0.0145401187808116,0.0947584319164019,0.0,0.0
0.4775086505190311,0.7750865051903114,-0.0154060042991115,0.0952284144770983,0.0,0.0
0.4878892733564013,0.7750865051903114,-0.0160240024512534,0.0955614035782595,0.0,0.0
0.5121107266435986,0.7750865051903114,-0.01739232786866,0.09650510765515072,0.0,0.0
0.532871972318339,0.7750865051903114,-0.018560549460236,0.0974090918080366,0.0,0.0
0.5743944636678201,0.7750865051903114,-0.0207989394792487,0.098864739495385,0.0,0.0
0.5882352941176471,0.7750865051903114,-0.021522772285838,0.0992865798857697,0.0,0.0
0.6332179930795848,0.7750865051903114,-0.0237811238731627,0.1009610600457125,0.0,0.0
0.3840830449826989,0.7716262975778547,-0.0085633537630877,0.0927671336695893,0.0,0.0
0.4186851211072664,0.7716262975778547,-0.0114815340101326,0.0926668519244768,0.0,0.0
0.4463667820069204,0.7716262975778547,-0.0135047101479668,0.0934203958205053,0.0,0.0
0.4982698961937716,0.7716262975778547,-0.0167075541078869,0.0953290707227611,0.0,0.0
0.5432525951557093,0.7716262975778547,-0.0191881739395485,0.0972289106710811,0.0,0.0
0.5570934256055363,0.7716262975778547,-0.0199453745325311,0.0977668038499442,0.0,0.0
0.6332179930795848,0.7716262975778547,-0.0239281613392065,0.1002194865078887,0.0,0.0
0.3840830449826989,0.7681660899653979,-0.008717202115176,0.091742698395887,0.0,0.0
0.4013840830449827,0.7681660899653979,-0.010269192524749,0.0916486840679093,0.0,0.0
0.4325259515570934,0.7681660899653979,-0.0126780688402244,0.0921732999527129,0.0,0.0
0.5224913494809689,0.7681660899653979,-0.0181317281792187,0.0957257058720552,0.0,0.0
0.6332179930795848,0.7681660899653979,-0.0240174804370986,0.0993772286544317,0.0,0.0
0.3840830449826989,0.7647058823529411,-0.0088900810087382,0.0906437424038513,0.0,0.0
0.4567474048442906,0.7647058823529411,-0.014418751947120898,0.0923543872206006,0.0,0.0
0.4740484429065744,0.7647058823529411,-0.0155176175955373,0.0930579936332903,0.0,0.0
0.5086505190311419,0.7647058823529411,-0.0174676419638019,0.0945109987960764,0.0,0.0
0.5951557093425606,0.7647058823529411,-0.0220906775197068,0.0979164998632904,0.0,0.0
0.6089965397923875,0.7647058823529411,-0.022832787099563896,0.09831755257138422,0.0,0.0
0.6332179930795848,0.7647058823529411,-0.0241033046276904,0.0988946572372748,0.0,0.0
0.3840830449826989,0.7612456747404844,-0.0090126562163417,0.0894596021041215,0.0,0.0
0.4429065743944637,0.7612456747404844,-0.013665620885802999,0.0909538659414214,0.0,0.0
0.4844290657439446,0.7612456747404844,-0.0161781557754937,0.0928574494783642,0.0,0.0
0.532871972318339,0.7612456747404844,-0.0188285057587602,0.0950000184243609,0.0,0.0
0.5467128027681661,0.7612456747404844,-0.0195880652455866,0.0956163806639315,0.0,0.0
0.5570934256055363,0.7612456747404844,-0.0201316198965959,0.0960383428913799,0.0,0.0
0.5674740484429066,0.7612456747404844,-0.0206926940433135,0.0964829888931268,0.0,0.0
0.6193771626297578,0.7612456747404844,-0.02345522539937,0.0980592537709057,0.0,0.0
0.6332179930795848,0.7612456747404844,-0.0241441065961813,0.0984534476404667,0.0,0.0
0.3840830449826989,0.7577854671280276,-0.0091858493848586,0.0884003587954059,0.0,0.0
0.4152249134948096,0.7577854671280276,-0.0118195102819769,0.0890530848964333,0.0,0.0
0.4982698961937716,0.7577854671280276,-0.0170335859481766,0.0927986998419359,0.0,0.0
0.5847750865051903,0.7577854671280276,-0.0216210308623168,0.0965434273288191,0.0,0.0
0.6332179930795848,0.7577854671280276,-0.0241559330580642,0.0979180349630069,0.0,0.0
0.3840830449826989,0.754325259515571,-0.0093454606772493,0.0873010242491869,0.0,0.0
0.4290657439446367,0.754325259515571,-0.012960945492466899,0.0887513405780806,0.0,0.0
0.4567474048442906,0.754325259515571,-0.0147383992557406,0.0901025124658531,0.0,0.0
0.4705882352941176,0.754325259515571,-0.0155586671864936,0.0908555926393182,0.0,0.0
0.5224913494809689,0.754325259515571,-0.0183547944270412,0.0933439214199734,0.0,0.0
0.6020761245674741,0.754325259515571,-0.022561935714319,0.0966242861759423,0.0,0.0
0.6332179930795848,0.754325259515571,-0.0241801976512317,0.0974615216107756,0.0,0.0
0.3840830449826989,0.7508650519031141,-0.0095008987953529,0.0862302616944544,0.0,0.0
0.4013840830449827,0.7508650519031141,-0.0110449856081996,0.0866619060220916,0.0,0.0
0.4463667820069204,0.7508650519031141,-0.0142100192788125,0.0888189751452977,0.0,0.0
0.5086505190311419,0.7508650519031141,-0.0177037876377743,0.0920877580755119,0.0,0.0
0.5536332179930796,0.7508650519031141,-0.0200703262635948,0.0942054409029752,0.0,0.0
0.6124567474048442,0.7508650519031141,-0.0230853613022115,0.0964469332284465,0.0,0.0
0.6332179930795848,0.7508650519031141,-0.0241945229764653,0.0970439407130577,0.0,0.0
0.3840830449826989,0.7474048442906575,-0.0096293961406863,0.0851113221421545,0.0,0.0
0.4117647058823529,0.7474048442906575,-0.0119959044756981,0.0861422023965341,0.0,0.0
0.4878892733564013,0.7474048442906575,-0.0166290663077004,0.0904171987090467,0.0,0.0
0.5363321799307958,0.7474048442906575,-0.0191695872215449,0.0928410752707906,0.0,0.0
0.5743944636678201,0.7474048442906575,-0.0211602770617257,0.0946121722757401,0.0,0.0
0.5882352941176471,0.7474048442906575,-0.021895004847648,0.0950967170103443,0.0,0.0
0.629757785467128,0.7474048442906575,-0.0240276573490296,0.096466103823304,0.0,0.0
0.6332179930795848,0.7474048442906575,-0.0241640915117573,0.0965928982374355,0.0,0.0
0.3840830449826989,0.7439446366782007,-0.0097606844341489,0.0839512515437155,0.0,0.0
0.4740484429065744,0.7439446366782007,-0.015934789505639,0.0889857111567055,0.0,0.0
0.5640138408304498,0.7439446366782007,-0.0206233033695919,0.0936270682338828,0.0,0.0
0.5986159169550173,0.7439446366782007,-0.0224034044772144,0.094964519902035,0.0,0.0
0.629757785467128,0.7439446366782007,-0.0240380128181246,0.0959259955189544,0.0,0.0
0.3840830449826989,0.740484429065744,-0.0098987804494898,0.0828652426977661,0.0,0.0
0.3979238754325259,0.740484429065744,-0.0111897354496976,0.0835875484191888,0.0,0.0
0.4290657439446367,0.740484429065744,-0.0134183154623415,0.0854763007371138,0.0,0.0
0.4602076124567474,0.740484429065744,-0.0152243601649715,0.0874488888556453,0.0,0.0
0.5017301038062284,0.740484429065744,-0.0174161031597497,0.0899479089235873,0.0,0.0
0.5467128027681661,0.740484429065744,-0.0197209539512385,0.0922322660402521,0.0,0.0
0.629757785467128,0.740484429065744,-0.0240112495305357,0.0955171006194829,0.0,0.0
0.3840830449826989,0.7370242214532872,-0.0100289829827729,0.08163534769869,0.0,0.0
0.4083044982698962,0.7370242214532872,-0.0121250346985651,0.0832997074642432,0.0,0.0
0.4429065743944637,0.7370242214532872,-0.014330382116341698,0.0855937343718522,0.0,0.0
0.5190311418685121,0.7370242214532872,-0.018292139985116,0.0903388493996536,0.0,0.0
0.532871972318339,0.7370242214532872,-0.018966954958177705,0.0910241701545034,0.0,0.0
0.629757785467128,0.7370242214532872,-0.0239962866573562,0.09508840194271521,0.0,0.0
0.3840830449826989,0.7335640138408305,-0.0101566541567345,0.080557779471019,0.0,0.0
0.4186851211072664,0.7335640138408305,-0.0129071076874455,0.0831223528591695,0.0,0.0
0.4913494809688581,0.7335640138408305,-0.0169149347979538,0.0881593751928509,0.0,0.0
0.5674740484429066,0.7335640138408305,-0.0207576590554714,0.0921793578418139,0.0,0.0
0.5847750865051903,0.7335640138408305,-0.0216543462088602,0.0929967103193178,0.0,0.0
0.6124567474048442,0.7335640138408305,-0.0230759057022208,0.0940095063988448,0.0,0.0
0.629757785467128,0.7335640138408305,-0.023967446463080598,0.0945441898256481,0.0,0.0
0.3806228373702422,0.7301038062283737,-0.0100015140342833,0.0790616802750123,0.0,0.0
0.3840830449826989,0.7301038062283737,-0.0103292161019442,0.0793677049644438,0.0,0.0
0.3944636678200692,0.7301038062283737,-0.0112765604953771,0.0802834576949508,0.0,0.0
0.4636678200692041,0.7301038062283737,-0.0155211881390136,0.0856737226783605,0.0,0.0
0.4775086505190311,0.7301038062283737,-0.0162467004280098,0.0866084721329487,0.0,0.0
0.5501730103806228,0.7301038062283737,-0.0198347244188209,0.0908385882324517,0.0,0.0
0.5986159169550173,0.7301038062283737,-0.0223395005187421,0.0930256970982594,0.0,0.0
0.629757785467128,0.7301038062283737,-0.0239160509455084,0.0941868247786894,0.0,0.0
0.3806228373702422,0.726643598615917,-0.010199299463915,0.0776701703373321,0.0,0.0
0.4325259515570934,0.726643598615917,-0.0138921434246989,0.082625834747739,0.0,0.0
0.5051903114186851,0.726643598615917,-0.0176355138783449,0.0878085632065786,0.0,0.0
0.5224913494809689,0.726643598615917,-0.0184322248123013,0.08884483426606168,0.0,0.0
0.629757785467128,0.726643598615917,-0.0238548464660014,0.0937415519387133,0.0,0.0
0.3806228373702422,0.7231833910034602,-0.0103846477789641,0.07646449564462018,0.0,0.0
0.4083044982698962,0.7231833910034602,-0.0125153042479405,0.0797102713703744,0.0,0.0
0.4498269896193771,0.7231833910034602,-0.014864990053446898,0.0833252934269881,0.0,0.0
0.532871972318339,0.7231833910034602,-0.0189005631388039,0.0888763092596688,0.0,0.0
0.5709342560553633,0.7231833910034602,-0.0208199836665709,0.0908547342541759,0.0,0.0
0.629757785467128,0.7231833910034602,-0.0237753142073746,0.0932923573609968,0.0,0.0
0.3806228373702422,0.7197231833910035,-0.0105476566238131,0.0753146761383445,0.0,0.0
0.3979238754325259,0.7197231833910035,-0.0118963904015783,0.0777142438042804,0.0,0.0
0.4221453287197231,0.7197231833910035,-0.0133845873101242,0.0802837838197785,0.0,0.0
0.4671280276816609,0.7197231833910035,-0.0157686823118164,0.0840468360416966,0.0,0.0
0.4775086505190311,0.7197231833910035,-0.0162519001576772,0.0847542662756087,0.0,0.0
0.5605536332179931,0.7197231833910035,-0.0202428830361861,0.0898595382689252,0.0,0.0
0.5916955017301038,0.7197231833910035,-0.0218142521434133,0.091364429946469,0.0,0.0
0.615916955017301,0.7197231833910035,-0.0230894826827503,0.09230521151296171,0.0,0.0
0.629757785467128,0.7197231833910035,-0.02371792909002,0.0928714470472734,0.0,0.0
0.3806228373702422,0.7162629757785467,-0.0107093039876384,0.0742348753211325,0.0,0.0
0.4878892733564013,0.7162629757785467,-0.016705985847623,0.0849487874775006,0.0,0.0
0.5017301038062284,0.7162629757785467,-0.0173604472919994,0.0859212382404727,0.0,0.0
0.5467128027681661,0.7162629757785467,-0.0194570263604588,0.0886226894782429,0.0,0.0
0.5813148788927336,0.7162629757785467,-0.0212060149037273,0.0904082924326793,0.0,0.0
0.6020761245674741,0.7162629757785467,-0.0223132203138581,0.0913030333222585,0.0,0.0
0.629757785467128,0.7162629757785467,-0.0236478151369113,0.0924113064696687,0.0,0.0
0.3771626297577855,0.71280276816609,-0.0106028072821029,0.0724452515221821,0.0,0.0
0.3806228373702422,0.71280276816609,-0.0108242218539765,0.0731858788105244,0.0,0.0
0.4394463667820069,0.71280276816609,-0.0143908563633427,0.0804434206283631,0.0,0.0
0.5155709342560554,0.71280276816609,-0.0179624772904906,0.0862393285176237,0.0,0.0
0.5294117647058824,0.71280276816609,-0.0185926511459956,0.0870870273630705,0.0,0.0
0.5709342560553633,0.71280276816609,-0.0206187633768312,0.089419324705466,0.0,0.0
0.629757785467128,0.71280276816609,-0.0235304438641913,0.0920023672077828,0.0,0.0
0.3771626297577855,0.7093425605536332,-0.0107131425833156,0.0715406589687516,0.0,0.0
0.3910034602076124,0.7093425605536332,-0.0116307961463514,0.0740064411325099,0.0,0.0
0.4256055363321799,0.7093425605536332,-0.0136694041502322,0.0784439461565245,0.0,0.0
0.4636678200692041,0.7093425605536332,-0.015473561639448,0.0818754204090367,0.0,0.0
0.5916955017301038,0.7093425605536332,-0.0215693578839732,0.0899679481527964,0.0,0.0
0.629757785467128,0.7093425605536332,-0.0234416441493432,0.0915713245725173,0.0,0.0
0.3771626297577855,0.7058823529411765,-0.0108217137532494,0.0705842434267226,0.0,0.0
0.4152249134948096,0.7058823529411765,-0.0131213660719136,0.076501288395587,0.0,0.0
0.4532871972318339,0.7058823529411765,-0.014992433688323,0.0804196425317958,0.0,0.0
0.4740484429065744,0.7058823529411765,-0.0159275227784081,0.0821760282017995,0.0,0.0
0.5397923875432526,0.7058823529411765,-0.018924099935884,0.0867262695547624,0.0,0.0
0.5570934256055363,0.7058823529411765,-0.0197651213720776,0.0876706074869904,0.0,0.0
0.5813148788927336,0.7058823529411765,-0.0209677140513798,0.0889346666400288,0.0,0.0
0.6124567474048442,0.7058823529411765,-0.022594086892159,0.0903697686196429,0.0,0.0
0.629757785467128,0.7058823529411765,-0.0233472363308565,0.0911501219668593,0.0,0.0
0.3737024221453287,0.7024221453287197,-0.0107424581677074,0.0690423302787462,0.0,0.0
0.3771626297577855,0.7024221453287197,-0.0108764873213722,0.06978763465632301,0.0,0.0
0.4013840830449827,0.7024221453287197,-0.0122598506583922,0.0739382165580519,0.0,0.0
0.5017301038062284,0.7024221453287197,-0.0171180950099588,0.0837822451108664,0.0,0.0
0.5121107266435986,0.7024221453287197,-0.0175972998419534,0.0844249766470856,0.0,0.0
0.5709342560553633,0.7024221453287197,-0.0203350531301471,0.0879575477560969,0.0,0.0
0.6020761245674741,0.7024221453287197,-0.0219123440717087,0.0894817726366485,0.0,0.0
0.629757785467128,0.7024221453287197,-0.0232678261572233,0.0906616938888223,0.0,0.0
0.3737024221453287,0.698961937716263,-0.0107869832503453,0.0682805177832471,0.0,0.0
0.4325259515570934,0.698961937716263,-0.0139654175426621,0.0770699629422233,0.0,0.0
0.4878892733564013,0.698961937716263,-0.0163865504711418,0.0821700589346213,0.0,0.0
0.629757785467128,0.698961937716263,-0.0231441235084306,0.0903435347982271,0.0,0.0
0.370242214532872,0.6955017301038062,-0.0106921849038268,0.0668186915031001,0.0,0.0
0.3737024221453287,0.6955017301038062,-0.0108372216657377,0.0675132593159059,0.0,0.0
0.3875432525951557,0.6955017301038062,-0.011549901703415699,0.0701434235359836,0.0,0.0
0.4463667820069204,0.6955017301038062,-0.0145651591215937,0.0779899566605744,0.0,0.0
0.5259515570934256,0.6955017301038062,-0.0180248394307162,0.084327715681544,0.0,0.0
0.5363321799307958,0.6955017301038062,-0.0184870514926786,0.085002202398198,0.0,0.0
0.5605536332179931,0.6955017301038062,-0.0196432628287815,0.0864111640539702,0.0,0.0
0.5847750865051903,0.6955017301038062,-0.0208280746189928,0.0877381032235782,0.0,0.0
0.615916955017301,0.6955017301038062,-0.0224317373514448,0.0892671885379236,0.0,0.0
0.629757785467128,0.6955017301038062,-0.0230319502170647,0.0899285717933039,0.0,0.0
0.370242214532872,0.6920415224913494,-0.0107122144552947,0.0659545900637878,0.0,0.0
0.3979238754325259,0.6920415224913494,-0.0120973429058436,0.0712271845583372,0.0,0.0
0.4083044982698962,0.6920415224913494,-0.0126286545708759,0.0728416143870961,0.0,0.0
0.4221453287197231,0.6920415224913494,-0.0133479786998287,0.0746292136035123,0.0,0.0
0.4705882352941176,0.6920415224913494,-0.0154444409366086,0.0796374432694842,0.0,0.0
0.5121107266435986,0.6920415224913494,-0.0172818953838803,0.0828895122625897,0.0,0.0
0.5467128027681661,0.6920415224913494,-0.0188786692410971,0.0851347459096254,0.0,0.0
0.5743944636678201,0.6920415224913494,-0.0202104687051875,0.0867374761370205,0.0,0.0
0.5951557093425606,0.6920415224913494,-0.0212077807217877,0.0877663188309064,0.0,0.0
0.6055363321799307,0.6920415224913494,-0.0217575112375594,0.0882794965021192,0.0,0.0
0.629757785467128,0.6920415224913494,-0.0229048829479523,0.0895281859974029,0.0,0.0
0.370242214532872,0.6885813148788927,-0.0107882060085286,0.0651653943122874,0.0,0.0
0.4567474048442906,0.6885813148788927,-0.0148330481033893,0.0778360307384842,0.0,0.0
0.4982698961937716,0.6885813148788927,-0.016539992411235,0.0813763109310202,0.0,0.0
0.6262975778546713,0.6885813148788927,-0.0226500367696415,0.0889254885820948,0.0,0.0
0.629757785467128,0.6885813148788927,-0.0227797770632211,0.0891285233388865,0.0,0.0
0.3667820069204152,0.6851211072664359,-0.0107051000987317,0.0636002641102921,0.0,0.0
0.370242214532872,0.6851211072664359,-0.0108160291433927,0.0644740035055711,0.0,0.0
0.5640138408304498,0.6851211072664359,-0.0194435292340102,0.0851693412436813,0.0,0.0
0.615916955017301,0.6851211072664359,-0.0220183186496371,0.0879824515504817,0.0,0.0
0.6262975778546713,0.6851211072664359,-0.022494946316590003,0.0885371718820303,0.0,0.0
0.3633217993079585,0.6816608996539792,-0.0106090424891854,0.0621130081090679,0.0,0.0
0.3667820069204152,0.6816608996539792,-0.0107170543795783,0.0629323015436555,0.0,0.0
0.3910034602076124,0.6816608996539792,-0.0116724311240615,0.0679918844709108,0.0,0.0
0.4013840830449827,0.6816608996539792,-0.0121255217970093,0.0698051101169871,0.0,0.0
0.4152249134948096,0.6816608996539792,-0.0127449062700399,0.0718583185723365,0.0,0.0
0.4256055363321799,0.6816608996539792,-0.0131826852535029,0.0732831373647795,0.0,0.0
0.4394463667820069,0.6816608996539792,-0.0138502540549459,0.0749152309665211,0.0,0.0
0.4671280276816609,0.6816608996539792,-0.01502030944526,0.0777538950027945,0.0,0.0
0.4844290657439446,0.6816608996539792,-0.0156981232369664,0.079279152222068,0.0,0.0
0.5294117647058824,0.6816608996539792,-0.0176870686979907,0.0825833152385696,0.0,0.0
0.5536332179930796,0.6816608996539792,-0.018804147884966,0.0841287000802666,0.0,0.0
0.5951557093425606,0.6816608996539792,-0.0208116858083205,0.0864516216801138,0.0,0.0
0.6262975778546713,0.6816608996539792,-0.0223048477831058,0.0882215192537689,0.0,0.0
0.3633217993079585,0.6782006920415224,-0.0106216174208193,0.0614639734184289,0.0,0.0
0.3806228373702422,0.6782006920415224,-0.0111759375433718,0.0653664231231625,0.0,0.0
0.4532871972318339,0.6782006920415224,-0.0143106885082293,0.0758614497648351,0.0,0.0
0.5121107266435986,0.6782006920415224,-0.0167644941143267,0.0809199677584663,0.0,0.0
0.5813148788927336,0.6782006920415224,-0.0200025397538602,0.0852376018005462,0.0,0.0
0.6262975778546713,0.6782006920415224,-0.0221291659750745,0.0877706894730333,0.0,0.0
0.3598615916955017,0.6747404844290658,-0.0106067290989845,0.0599200789911851,0.0,0.0
0.3633217993079585,0.6747404844290658,-0.0106417932901466,0.0607932835840705,0.0,0.0
0.5432525951557093,0.6747404844290658,-0.0180182566165112,0.0825369831664023,0.0,0.0
0.5709342560553633,0.6747404844290658,-0.0193486540700586,0.0842285327166567,0.0,0.0
0.6089965397923875,0.6747404844290658,-0.021180890247914,0.0863639228502243,0.0,0.0
0.6262975778546713,0.6747404844290658,-0.0219876725864263,0.08732845108434,0.0,0.0
0.3598615916955017,0.671280276816609,-0.0105383190474186,0.0594098487016808,0.0,0.0
0.3910034602076124,0.671280276816609,-0.011433151018371,0.0662312448675584,0.0,0.0
0.4013840830449827,0.671280276816609,-0.0118640288536499,0.0679798910282802,0.0,0.0
0.4117647058823529,0.671280276816609,-0.0122519283258105,0.0696442344740691,0.0,0.0
0.4256055363321799,0.671280276816609,-0.0128150732179337,0.0716047191747381,0.0,0.0
0.4359861591695502,0.671280276816609,-0.0132382841248258,0.0728927287300266,0.0,0.0
0.4775086505190311,0.671280276816609,-0.014976458343411398,0.077203456820984,0.0,0.0
0.4948096885813148,0.671280276816609,-0.0157182665837046,0.0786430308732788,0.0,0.0
0.5224913494809689,0.671280276816609,-0.0169234859473794,0.0807137907189148,0.0,0.0
0.532871972318339,0.671280276816609,-0.0173858997458472,0.0814299033090229,0.0,0.0
0.6262975778546713,0.671280276816609,-0.021789655252892,0.0869435768714046,0.0,0.0
0.356401384083045,0.6678200692041523,-0.0104888014599523,0.0581220633936512,0.0,0.0
0.3598615916955017,0.6678200692041523,-0.0105117098592245,0.0589207112289449,0.0,0.0
0.3771626297577855,0.6678200692041523,-0.010863130682250801,0.06291547274554,0.0,0.0
0.4498269896193771,0.6678200692041523,-0.0136602371342214,0.074003567951756,0.0,0.0
0.4671280276816609,0.6678200692041523,-0.0143945972031003,0.0757250125059891,0.0,0.0
0.5847750865051903,0.6678200692041523,-0.019685916197164,0.0841210136144145,0.0,0.0
0.6262975778546713,0.6678200692041523,-0.0216405859470734,0.0865473304487326,0.0,0.0
0.3529411764705882,0.6643598615916955,-0.0103956036092969,0.0567064878612673,0.0,0.0
0.356401384083045,0.6643598615916955,-0.0104013150384595,0.05754600095624699,0.0,0.0
0.5121107266435986,0.6643598615916955,-0.0161540295091596,0.0790474838985345,0.0,0.0
0.5536332179930796,0.6643598615916955,-0.0180290566675645,0.0818475034198862,0.0,0.0
0.5674740484429066,0.6643598615916955,-0.0186570161491638,0.0826934745799882,0.0,0.0
0.5951557093425606,0.6643598615916955,-0.0200123622201598,0.084277671882139,0.0,0.0
0.6262975778546713,0.6643598615916955,-0.021450637954071,0.0861411136490641,0.0,0.0
0.3494809688581315,0.6608996539792388,-0.010291284628726,0.0554401588840056,0.0,0.0
0.3529411764705882,0.6608996539792388,-0.0102933155885893,0.0563012467680887,0.0,0.0
0.4013840830449827,0.6608996539792388,-0.0114439107876075,0.0664350887151422,0.0,0.0
0.4117647058823529,0.6608996539792388,-0.0117862832377737,0.0681011954704688,0.0,0.0
0.4221453287197231,0.6608996539792388,-0.0122178642074287,0.0695715901518624,0.0,0.0
0.4359861591695502,0.6608996539792388,-0.0127598281028056,0.0713841366507462,0.0,0.0
0.4844290657439446,0.6608996539792388,-0.0147729612121424,0.0763782991798901,0.0,0.0
0.5397923875432526,0.6608996539792388,-0.017189421217603,0.080504945744397,0.0,0.0
0.6262975778546713,0.6608996539792388,-0.0212311660358463,0.0857196483969187,0.0,0.0
0.3494809688581315,0.657439446366782,-0.0102088324814502,0.0550995707113724,0.0,0.0
0.3667820069204152,0.657439446366782,-0.0102989055606651,0.0591511910622324,0.0,0.0
0.3910034602076124,0.657439446366782,-0.0109627460657922,0.0641929724646006,0.0,0.0
0.4567474048442906,0.657439446366782,-0.013406836449832501,0.0732176903979223,0.0,0.0
0.5017301038062284,0.657439446366782,-0.0153455127155826,0.0773281446300983,0.0,0.0
0.5259515570934256,0.657439446366782,-0.0164078555189587,0.0791268055622242,0.0,0.0
0.5813148788927336,0.657439446366782,-0.0189784533585903,0.082629934590118,0.0,0.0
0.6089965397923875,0.657439446366782,-0.0202794768421833,0.0842829025378235,0.0,0.0
0.6262975778546713,0.657439446366782,-0.021042991375317,0.0853136834402002,0.0,0.0
0.3460207612456747,0.6539792387543253,-0.0100404144714743,0.0539845125853556,0.0,0.0
0.3494809688581315,0.6539792387543253,-0.0100417846219776,0.0548016166788136,0.0,0.0
0.3806228373702422,0.6539792387543253,-0.0104865762369713,0.061725745280571,0.0,0.0
0.4463667820069204,0.6539792387543253,-0.012773864734847101,0.071641004980248,0.0,0.0
0.6262975778546713,0.6539792387543253,-0.020840008508957,0.084988003140596,0.0,0.0
0.3425605536332179,0.6505190311418685,-0.0099313315478737,0.052921144511351,0.0,0.0
0.3460207612456747,0.6505190311418685,-0.009902499010039399,0.0537072312807927,0.0,0.0
0.4256055363321799,0.6505190311418685,-0.0117893781082993,0.0686738753269103,0.0,0.0
0.4359861591695502,0.6505190311418685,-0.012163825558862,0.0699246231089915,0.0,0.0
0.4740484429065744,0.6505190311418685,-0.0137359504020197,0.0740553820300691,0.0,0.0
0.4878892733564013,0.6505190311418685,-0.0143678517612665,0.0753032384177109,0.0,0.0
0.5121107266435986,0.6505190311418685,-0.0153988746485937,0.0772345228347749,0.0,0.0
0.5501730103806228,0.6505190311418685,-0.0171236208572886,0.0798431598480159,0.0,0.0
0.5640138408304498,0.6505190311418685,-0.0177656315016777,0.0807591388188272,0.0,0.0
0.5916955017301038,0.6505190311418685,-0.0190695123415198,0.0824102228312323,0.0,0.0
0.6262975778546713,0.6505190311418685,-0.0206787797935429,0.0846318232333192,0.0,0.0
0.3391003460207612,0.6470588235294118,-0.0098393140193538,0.0518699966466405,0.0,0.0
0.3425605536332179,0.6470588235294118,-0.009767961388162,0.0526924895851985,0.0,0.0
0.3598615916955017,0.6470588235294118,-0.009769302484146,0.0565305039898561,0.0,0.0
0.370242214532872,0.6470588235294118,-0.0099264740343378,0.05884164781610239,0.0,0.0
0.3944636678200692,0.6470588235294118,-0.0105565570178171,0.0634629887102447,0.0,0.0
0.4083044982698962,0.6470588235294118,-0.0109503485542694,0.0657425676088558,0.0,0.0
0.4602076124567474,0.6470588235294118,-0.0129416145780319,0.0721945386131607,0.0,0.0
0.5363321799307958,0.6470588235294118,-0.0162939412595607,0.078496177173123,0.0,0.0
0.6124567474048442,0.6470588235294118,-0.0198929413007888,0.0832798556223013,0.0,0.0
0.6262975778546713,0.6470588235294118,-0.0204829780470894,0.0841635870663335,0.0,0.0
0.3356401384083045,0.643598615916955,-0.0096849143638827,0.0508574720073062,0.0,0.0
0.3391003460207612,0.643598615916955,-0.0096110412681537,0.0516156000057892,0.0,0.0
0.3840830449826989,0.643598615916955,-0.0100440033231762,0.06121771885253101,0.0,0.0
0.4982698961937716,0.643598615916955,-0.0144167013748905,0.0752774365665922,0.0,0.0
0.6262975778546713,0.643598615916955,-0.020276213267863,0.0837768920909603,0.0,0.0
0.0,0.6401384083044983,-0.0017033021807785,0.0040539124225704,0.0,0.0
0.0034602076124567,0.6401384083044983,-0.0018154784145134,0.0042775541469799,0.0,0.0
0.3321799307958477,0.6401384083044983,-0.0095246230721685,0.0498899642704821,0.0,0.0
0.3356401384083045,0.6401384083044983,-0.0094654607186406,0.0506972826172536,0.0,0.0
0.4290657439446367,0.6401384083044983,-0.011268895623798101,0.0677747189419364,0.0,0.0
0.4394463667820069,0.6401384083044983,-0.0117242856343795,0.0690217860349283,0.0,0.0
0.4705882352941176,0.6401384083044983,-0.0129598331869388,0.0723471535124547,0.0,0.0
0.4844290657439446,0.6401384083044983,-0.0135522561019217,0.0736261837420656,0.0,0.0
0.5224913494809689,0.6401384083044983,-0.0152497638359375,0.0766482017347305,0.0,0.0
0.5467128027681661,0.6401384083044983,-0.0163722230318209,0.0783262709471784,0.0,0.0
0.5778546712802768,0.6401384083044983,-0.0178051639411329,0.0803674030346461,0.0,0.0
0.6020761245674741,0.6401384083044983,-0.0189504524029291,0.081835197484658,0.0,0.0
0.6262975778546713,0.6401384083044983,-0.0200840444283033,0.0833745399094012,0.0,0.0
0.0,0.6366782006920415,-0.0017398077080509,0.0040637302022666,0.0,0.0
0.0034602076124567,0.6366782006920415,-0.001859395476847,0.0042595646309326,0.0,0.0
0.0069204152249134,0.6366782006920415,-0.0019825284822457,0.0044709799072623,0.0,0.0
0.0103806228373702,0.6366782006920415,-0.0021254937272499,0.0047124132089732,0.0,0.0
0.328719723183391,0.6366782006920415,-0.0094260311635266,0.0489720040198631,0.0,0.0
0.3321799307958477,0.6366782006920415,-0.0093236547452807,0.0497794313856434,0.0,0.0
0.356401384083045,0.6366782006920415,-0.0091966197681616,0.055069774034679,0.0,0.0
0.3737024221453287,0.6366782006920415,-0.0094138072017284,0.0585835926259717,0.0,0.0
0.3979238754325259,0.6366782006920415,-0.0100175260519363,0.0628797084485243,0.0,0.0
0.4083044982698962,0.6366782006920415,-0.0103472407159721,0.0644257771789677,0.0,0.0
0.4186851211072664,0.6366782006920415,-0.010681562590219,0.0659318333339274,0.0,0.0
0.4532871972318339,0.6366782006920415,-0.0120079053712532,0.0701222722710518,0.0,0.0
0.5605536332179931,0.6366782006920415,-0.0167945686730313,0.078789608593399,0.0,0.0
0.6262975778546713,0.6366782006920415,-0.0199170889150915,0.083059116963003,0.0,0.0
0.0,0.6332179930795848,-0.0017770074302113,0.0040551094056535,0.0,0.0
0.0103806228373702,0.6332179930795848,-0.0021523920201378,0.0046861109487747,0.0,0.0
0.0138408304498269,0.6332179930795848,-0.0023321049317668,0.0049582141710291,0.0,0.0
0.3217993079584775,0.6332179930795848,-0.0093538839262559,0.0473274531553699,0.0,0.0
0.3252595155709342,0.6332179930795848,-0.009258819846151,0.0481025863742314,0.0,0.0
0.328719723183391,0.6332179930795848,-0.0091742012656075,0.0488649248463931,0.0,0.0
0.3460207612456747,0.6332179930795848,-0.0089832820352995,0.0526467740406126,0.0,0.0
0.5086505190311419,0.6332179930795848,-0.0141583509711518,0.0747453370720662,0.0,0.0
0.5363321799307958,0.6332179930795848,-0.0154341761412396,0.0767609423869619,0.0,0.0
0.5882352941176471,0.6332179930795848,-0.0178730598701622,0.080170113248525,0.0,0.0
0.6124567474048442,0.6332179930795848,-0.0191099862538086,0.0816717145594046,0.0,0.0
0.6262975778546713,0.6332179930795848,-0.0197088493274798,0.0826375183827575,0.0,0.0
0.0,0.629757785467128,-0.0017972546371047,0.00406384854599,0.0,0.0
0.0138408304498269,0.629757785467128,-0.0022984150175241,0.0049206964759614,0.0,0.0
0.0173010380622837,0.629757785467128,-0.0024410002887405,0.0051764627066706,0.0,0.0
0.0207612456747404,0.629757785467128,-0.0025655972079512,0.00543174798535,0.0,0.0
0.3183391003460207,0.629757785467128,-0.0091456841693096,0.0464947763210099,0.0,0.0
0.3217993079584775,0.629757785467128,-0.0090742938739143,0.0472274896548086,0.0,0.0
0.4290657439446367,0.629757785467128,-0.0105885578476262,0.0664542773454761,0.0,0.0
0.4948096885813148,0.629757785467128,-0.0133020304540129,0.0731657579281568,0.0,0.0
0.5501730103806228,0.629757785467128,-0.0158512766470885,0.0772680468406401,0.0,0.0
0.5709342560553633,0.629757785467128,-0.0168354130353643,0.0786305829248024,0.0,0.0
0.5986159169550173,0.629757785467128,-0.0181515234080233,0.0804102846291826,0.0,0.0
0.6262975778546713,0.629757785467128,-0.0194886273204271,0.0822714376938804,0.0,0.0
0.0,0.6262975778546713,-0.0018037977636237,0.0040397749730314,0.0,0.0
0.0207612456747404,0.6262975778546713,-0.0025452235856318,0.0053881092737735,0.0,0.0
0.0242214532871972,0.6262975778546713,-0.0026783921324597,0.0056516275970657,0.0,0.0
0.0276816608996539,0.6262975778546713,-0.0028608193668937,0.005968504540552,0.0,0.0
0.314878892733564,0.6262975778546713,-0.008962013450358,0.0456945131312087,0.0,0.0
0.3183391003460207,0.6262975778546713,-0.0088545227400241,0.0464557249147121,0.0,0.0
0.3806228373702422,0.6262975778546713,-0.0088806878270877,0.0588967661271094,0.0,0.0
0.3944636678200692,0.6262975778546713,-0.0092334058925942,0.0611847239801141,0.0,0.0
0.4186851211072664,0.6262975778546713,-0.0099871920527639,0.0646998468467929,0.0,0.0
0.4567474048442906,0.6262975778546713,-0.0114911574361594,0.0692364486651684,0.0,0.0
0.4671280276816609,0.6262975778546713,-0.0119013683023173,0.0702229642276205,0.0,0.0
0.4809688581314879,0.6262975778546713,-0.0124776099023151,0.0715288811109175,0.0,0.0
0.6262975778546713,0.6262975778546713,-0.0192659768228557,0.0817938193862145,0.0,0.0
0.0,0.6228373702422145,-0.001784670445177,0.0040416085856768,0.0,0.0
0.0276816608996539,0.6228373702422145,-0.0027949661598382,0.0059155223624187,0.0,0.0
0.0311418685121107,0.6228373702422145,-0.0029920066304069,0.0062304500690217,0.0,0.0
0.0346020761245674,0.6228373702422145,-0.0032813551771613,0.0065466760612915,0.0,0.0
0.3079584775086505,0.6228373702422145,-0.0088929003736977,0.0442724232339531,0.0,0.0
0.3114186851211072,0.6228373702422145,-0.0087842601156136,0.0449530358012623,0.0,0.0
0.314878892733564,0.6228373702422145,-0.0086565324213071,0.0456756505243221,0.0,0.0
0.3391003460207612,0.6228373702422145,-0.0082981850485301,0.0507383232794525,0.0,0.0
0.3667820069204152,0.6228373702422145,-0.0084045525591582,0.056120915269068,0.0,0.0
0.4083044982698962,0.6228373702422145,-0.0094260043363034,0.0629027525012116,0.0,0.0
0.4463667820069204,0.6228373702422145,-0.0108333170635463,0.0677005984294571,0.0,0.0
0.5224913494809689,0.6228373702422145,-0.0140889802173732,0.074500368576771,0.0,0.0
0.532871972318339,0.6228373702422145,-0.0145883591724056,0.075260206217437,0.0,0.0
0.5813148788927336,0.6228373702422145,-0.0168740436509284,0.0784599968222112,0.0,0.0
0.615916955017301,0.6228373702422145,-0.0185944420560351,0.0806505052820752,0.0,0.0
0.6262975778546713,0.6228373702422145,-0.0190263992763858,0.0813563533616016,0.0,0.0
0.0,0.6193771626297578,-0.001770172732188,0.004038613326706,0.0,0.0
0.0346020761245674,0.6193771626297578,-0.003174591201667,0.0064835924376261,0.0,0.0
0.0380622837370242,0.6193771626297578,-0.0033986086170983,0.0068230144770347,0.0,0.0
0.0415224913494809,0.6193771626297578,-0.0036286624556052,0.0071747659310523,0.0,0.0
0.301038062283737,0.6193771626297578,-0.0087704838257273,0.0429357292392984,0.0,0.0
0.3044982698961938,0.6193771626297578,-0.0086474326487405,0.0435942865170808,0.0,0.0
0.3079584775086505,0.6193771626297578,-0.0085498171986324,0.044255739000466,0.0,0.0
0.328719723183391,0.6193771626297578,-0.0081019776820407,0.0484552519554693,0.0,0.0
0.3529411764705882,0.6193771626297578,-0.0080538740624124,0.0532840502644906,0.0,0.0
0.4359861591695502,0.6193771626297578,-0.0101457319987675,0.06611305659016,0.0,0.0
0.5501730103806228,0.6193771626297578,-0.015156759423115,0.0759632488382783,0.0,0.0
0.5605536332179931,0.6193771626297578,-0.015637114791065,0.0766659372605565,0.0,0.0
0.5916955017301038,0.6193771626297578,-0.017140791987367,0.0786718401464029,0.0,0.0
0.6055363321799307,0.6193771626297578,-0.0178357590310331,0.0795508391843247,0.0,0.0
0.6262975778546713,0.6193771626297578,-0.0188092450447266,0.0809401390278607,0.0,0.0
0.0,0.615916955017301,-0.0017477599055872,0.0040246543404442,0.0,0.0
0.0138408304498269,0.615916955017301,-0.0021475570754713,0.0048079585364362,0.0,0.0
0.0415224913494809,0.615916955017301,-0.0034615799367454,0.007083588475193701,0.0,0.0
0.0449826989619377,0.615916955017301,-0.0036845230787157,0.0074138194934231,0.0,0.0
0.0484429065743944,0.615916955017301,-0.0039531034785583,0.007785223259243199,0.0,0.0
0.0519031141868512,0.615916955017301,-0.0041837135570828,0.0081726955357456,0.0,0.0
0.2941176470588235,0.615916955017301,-0.0086828859621208,0.0416215543075715,0.0,0.0
0.2975778546712803,0.615916955017301,-0.0085193124058126,0.0422592345734829,0.0,0.0
0.301038062283737,0.615916955017301,-0.0084100146552718,0.0429300746961112,0.0,0.0
0.3806228373702422,0.615916955017301,-0.008188472638253,0.05800989914627609,0.0,0.0
0.4256055363321799,0.615916955017301,-0.0095082422706649,0.0644519698541987,0.0,0.0
0.4567474048442906,0.615916955017301,-0.0107345087503965,0.0679604570291442,0.0,0.0
0.4740484429065744,0.615916955017301,-0.0114810773352448,0.0696660150770252,0.0,0.0
0.4878892733564013,0.615916955017301,-0.0120375250414391,0.0709235564969767,0.0,0.0
0.5051903114186851,0.615916955017301,-0.0128130575621475,0.0723487835033288,0.0,0.0
0.5709342560553633,0.615916955017301,-0.0158695830633513,0.0769086517351548,0.0,0.0
0.6262975778546713,0.615916955017301,-0.0185862823637174,0.0805135062167287,0.0,0.0
0.0,0.6124567474048442,-0.001721933213308,0.0040067565366869,0.0,0.0
0.0519031141868512,0.6124567474048442,-0.0039170048639175,0.0080128253178145,0.0,0.0
0.0553633217993079,0.6124567474048442,-0.0041483971976635,0.0083709945199857,0.0,0.0
0.0588235294117647,0.6124567474048442,-0.004351860565943,0.0087494159576553,0.0,0.0
0.0622837370242214,0.6124567474048442,-0.0047160887619711,0.009185332981547,0.0,0.0
0.28719723183391,0.6124567474048442,-0.0084567320575518,0.0403825289031397,0.0,0.0
0.2906574394463668,0.6124567474048442,-0.0084058652291084,0.0409257541684026,0.0,0.0
0.2941176470588235,0.6124567474048442,-0.0082990574475312,0.0416333991779308,0.0,0.0
0.3910034602076124,0.6124567474048442,-0.0081751465311234,0.0593269496125219,0.0,0.0
0.5397923875432526,0.6124567474048442,-0.0141661515792013,0.0744672211458161,0.0,0.0
0.6262975778546713,0.6124567474048442,-0.0183665028426464,0.0801153816167497,0.0,0.0
0.0,0.6089965397923875,-0.0016772711484823,0.0039983169259742,0.0,0.0
0.0622837370242214,0.6089965397923875,-0.0043407175425166,0.009012122177609,0.0,0.0
0.0657439446366782,0.6089965397923875,-0.0045486362900652,0.0093978695586573,0.0,0.0
0.0692041522491349,0.6089965397923875,-0.0047845483520907,0.009773675564547,0.0,0.0
0.0726643598615917,0.6089965397923875,-0.0050195203693216,0.0101738659568537,0.0,0.0
0.2768166089965398,0.6089965397923875,-0.0083582523828232,0.0385049844593673,0.0,0.0
0.2802768166089965,0.6089965397923875,-0.0082915398653711,0.0390958760038358,0.0,0.0
0.2837370242214533,0.6089965397923875,-0.0081935713990045,0.0397256881379719,0.0,0.0
0.28719723183391,0.6089965397923875,-0.0080998599290883,0.0403610494867209,0.0,0.0
0.3321799307958477,0.6089965397923875,-0.0072173592539565,0.04885558440919121,0.0,0.0
0.356401384083045,0.6089965397923875,-0.0072707653283707,0.0533816496031994,0.0,0.0
0.370242214532872,0.6089965397923875,-0.0074248221446383,0.0557580942873355,0.0,0.0
0.4394463667820069,0.6089965397923875,-0.009553024284645,0.0653072787853383,0.0,0.0
0.5294117647058824,0.6089965397923875,-0.0133993856715114,0.073297922170302,0.0,0.0
0.5536332179930796,0.6089965397923875,-0.0145649685876937,0.0749773464815054,0.0,0.0
0.6124567474048442,0.6089965397923875,-0.0175097076594616,0.0787400961052477,0.0,0.0
0.6228373702422145,0.6089965397923875,-0.0179874859626424,0.0794615503431347,0.0,0.0
0.6262975778546713,0.6089965397923875,-0.0181418751548871,0.0796982355288813,0.0,0.0
0.0,0.6055363321799307,-0.0016180092459816,0.0039822208425295,0.0,0.0
0.0103806228373702,0.6055363321799307,-0.0019034496054205,0.0045705602288023,0.0,0.0
0.0207612456747404,0.6055363321799307,-0.0022256573817497,0.005234188123029499,0.0,0.0
0.0346020761245674,0.6055363321799307,-0.0026792064135124,0.0062953830138941,0.0,0.0
0.0726643598615917,0.6055363321799307,-0.00462153360267,0.0100513247481515,0.0,0.0
0.0761245674740484,0.6055363321799307,-0.0048705128894577,0.01043832645011,0.0,0.0
0.0795847750865051,0.6055363321799307,-0.0051505562108863,0.010887831617887502,0.0,0.0
0.0830449826989619,0.6055363321799307,-0.0053531082348446,0.0113080517394519,0.0,0.0
0.0865051903114186,0.6055363321799307,-0.0056688404408581,0.0117583876203584,0.0,0.0
0.2629757785467128,0.6055363321799307,-0.0082706166959944,0.0361839790051142,0.0,0.0
0.2664359861591695,0.6055363321799307,-0.0082064994737042,0.0367648882860661,0.0,0.0
0.2698961937716263,0.6055363321799307,-0.0081716656638557,0.0373367294312157,0.0,0.0
0.273356401384083,0.6055363321799307,-0.0080662900865143,0.0379238553739629,0.0,0.0
0.2768166089965398,0.6055363321799307,-0.0079996785593428,0.0385127469291705,0.0,0.0
0.314878892733564,0.6055363321799307,-0.0070903970011382,0.0455286636599275,0.0,0.0
0.3460207612456747,0.6055363321799307,-0.0069066374036092,0.0512815189719108,0.0,0.0
0.3806228373702422,0.6055363321799307,-0.007385113073637,0.057149794262702,0.0,0.0
0.4083044982698962,0.6055363321799307,-0.0081706708942636,0.0612230246850004,0.0,0.0
0.4498269896193771,0.6055363321799307,-0.0096811624350983,0.066043851023828,0.0,0.0
0.4636678200692041,0.6055363321799307,-0.0102373905395659,0.0674338153677158,0.0,0.0
0.4913494809688581,0.6055363321799307,-0.0114567992068444,0.0699610133915238,0.0,0.0
0.5190311418685121,0.6055363321799307,-0.0127063933474973,0.0721319562260071,0.0,0.0
0.5674740484429066,0.6055363321799307,-0.0149835541943037,0.075457884039691,0.0,0.0
0.5882352941176471,0.6055363321799307,-0.0159747782508653,0.0767523747308679,0.0,0.0
0.6020761245674741,0.6055363321799307,-0.0167251303674771,0.0776549388189001,0.0,0.0
0.6228373702422145,0.6055363321799307,-0.0177326420895472,0.0790462060724416,0.0,0.0
0.0,0.6020761245674741,-0.0015470213168546,0.0039743454544975,0.0,0.0
0.0865051903114186,0.6020761245674741,-0.0050975027980824,0.0115853252406734,0.0,0.0
0.0899653979238754,0.6020761245674741,-0.0052898861725765,0.0120042098354987,0.0,0.0
0.0934256055363321,0.6020761245674741,-0.0054915679566913,0.0124024416648975,0.0,0.0
0.0968858131487889,0.6020761245674741,-0.0057088453558472,0.0128355625073719,0.0,0.0
0.1003460207612456,0.6020761245674741,-0.0058524171170101,0.0132086149562634,0.0,0.0
0.1038062283737024,0.6020761245674741,-0.0060376172116334,0.0136426587024354,0.0,0.0
0.1072664359861591,0.6020761245674741,-0.0062130996743695,0.0140826732827475,0.0,0.0
0.1107266435986159,0.6020761245674741,-0.0063853452473766,0.0144481250224574,0.0,0.0
0.2422145328719723,0.6020761245674741,-0.008246626769207,0.0328548704243957,0.0,0.0
0.245674740484429,0.6020761245674741,-0.0082120916718974,0.033412739055944,0.0,0.0
0.2491349480968858,0.6020761245674741,-0.0081454054944981,0.0339581983699092,0.0,0.0
0.2525951557093425,0.6020761245674741,-0.008080592380856,0.0345449306644674,0.0,0.0
0.2560553633217993,0.6020761245674741,-0.007987435278091,0.0351038416567072,0.0,0.0
0.259515570934256,0.6020761245674741,-0.0079210508309208,0.0356537065900535,0.0,0.0
0.2629757785467128,0.6020761245674741,-0.0078804437181159,0.0362069161400527,0.0,0.0
0.2975778546712803,0.6020761245674741,-0.007083096259994299,0.042304098868087,0.0,0.0
0.3944636678200692,0.6020761245674741,-0.007480208320092,0.0589643670732881,0.0,0.0
0.4221453287197231,0.6020761245674741,-0.008399424729358,0.0626342583186292,0.0,0.0
0.4809688581314879,0.6020761245674741,-0.0106975769574671,0.0686394219080721,0.0,0.0
0.5086505190311419,0.6020761245674741,-0.0119539241146274,0.0709536106485591,0.0,0.0
0.5432525951557093,0.6020761245674741,-0.0135533773109376,0.0734401894868763,0.0,0.0
0.5778546712802768,0.6020761245674741,-0.0152374338170784,0.075685868808305,0.0,0.0
0.6228373702422145,0.6020761245674741,-0.0174765686711564,0.0786218873122388,0.0,0.0
0.0,0.5986159169550173,-0.0014808987575448,0.0039931003023291,0.0,0.0
0.0449826989619377,0.5986159169550173,-0.0028086599976682,0.0071477651347609,0.0,0.0
0.1107266435986159,0.5986159169550173,-0.0058522964977443,0.014415966206467299,0.0,0.0
0.1141868512110726,0.5986159169550173,-0.005989061082500599,0.0148271591600231,0.0,0.0
0.1176470588235294,0.5986159169550173,-0.0061597697296872,0.0153154600906711,0.0,0.0
0.1211072664359861,0.5986159169550173,-0.0062737378945904,0.0157159868172995,0.0,0.0
0.1245674740484429,0.5986159169550173,-0.0064157689928658,0.0161416526246143,0.0,0.0
0.1280276816608996,0.5986159169550173,-0.0065703292918628,0.0165684687275496,0.0,0.0
0.1314878892733564,0.5986159169550173,-0.0066248869442167,0.0170527514655617,0.0,0.0
0.1349480968858131,0.5986159169550173,-0.0067873360059127,0.0174691709492748,0.0,0.0
0.1384083044982699,0.5986159169550173,-0.0068756333805571005,0.0179521311702062,0.0,0.0
0.1418685121107266,0.5986159169550173,-0.006956082759291199,0.0183929568965534,0.0,0.0
0.1453287197231834,0.5986159169550173,-0.007050440880500599,0.0188554779091711,0.0,0.0
0.1487889273356401,0.5986159169550173,-0.0071186985259265,0.0193414002156116,0.0,0.0
0.1522491349480969,0.5986159169550173,-0.0072268393470503,0.019804112856888,0.0,0.0
0.1557093425605536,0.5986159169550173,-0.0073217592597963,0.0202326326254647,0.0,0.0
0.1591695501730103,0.5986159169550173,-0.0074117993494281,0.0206897085404534,0.0,0.0
0.1626297577854671,0.5986159169550173,-0.0074696793862399,0.021136859236682,0.0,0.0
0.1660899653979238,0.5986159169550173,-0.0075339334740239,0.0216294714224898,0.0,0.0
0.1695501730103806,0.5986159169550173,-0.0076114195116397,0.022109309661838,0.0,0.0
0.1730103806228373,0.5986159169550173,-0.0076407130593445,0.0225999114042934,0.0,0.0
0.1764705882352941,0.5986159169550173,-0.007722267831463,0.0230642260913323,0.0,0.0
0.1799307958477508,0.5986159169550173,-0.0076603957605665,0.023609615710538,0.0,0.0
0.1833910034602076,0.5986159169550173,-0.0076830596253098,0.0241196012741011,0.0,0.0
0.1868512110726643,0.5986159169550173,-0.0077523112882187,0.0246642551732876,0.0,0.0
0.1903114186851211,0.5986159169550173,-0.007753947348886199,0.0251607497144132,0.0,0.0
0.1937716262975778,0.5986159169550173,-0.0078306361187512,0.0256341505335403,0.0,0.0
0.1972318339100346,0.5986159169550173,-0.0078302897012511,0.0261369310169666,0.0,0.0
0.2006920415224913,0.5986159169550173,-0.0079067636106253,0.0265934592764603,0.0,0.0
0.2041522491349481,0.5986159169550173,-0.0079305887782405,0.0270885296601631,0.0,0.0
0.2076124567474048,0.5986159169550173,-0.007901886561173,0.0276239968629337,0.0,0.0
0.2110726643598615,0.5986159169550173,-0.0078895592566545,0.0281298179649055,0.0,0.0
0.2145328719723183,0.5986159169550173,-0.007935499988866,0.0286625838856334,0.0,0.0
0.2179930795847751,0.5986159169550173,-0.0078780395332812,0.0291832598746416,0.0,0.0
0.2214532871972318,0.5986159169550173,-0.0079069909301021,0.029704899264924402,0.0,0.0
0.2249134948096885,0.5986159169550173,-0.0078673052260235,0.0302408652474657,0.0,0.0
0.2283737024221453,0.5986159169550173,-0.0078343090929893,0.030762023097541703,0.0,0.0
0.231833910034602,0.5986159169550173,-0.0078211506090245,0.0312988415590023,0.0,0.0
0.2352941176470588,0.5986159169550173,-0.0077677096146969,0.0318327959780763,0.0,0.0
0.2387543252595155,0.5986159169550173,-0.0078013901852376,0.0323354450172893,0.0,0.0
0.2422145328719723,0.5986159169550173,-0.007772002343607301,0.0328727715916463,0.0,0.0
0.3252595155709342,0.5986159169550173,-0.0063754956551827,0.0472956976105539,0.0,0.0
0.3667820069204152,0.5986159169550173,-0.0065787337347002,0.0544827635606636,0.0,0.0
0.4325259515570934,0.5986159169550173,-0.008515695310095,0.063489842144364,0.0,0.0
0.532871972318339,0.5986159169550173,-0.0127850132390481,0.0723097101756344,0.0,0.0
0.6124567474048442,0.5986159169550173,-0.0167488267917247,0.0775289635385926,0.0,0.0
0.6228373702422145,0.5986159169550173,-0.0172393517955361,0.0782496781573773,0.0,0.0
0.0,0.5951557093425606,-0.0014118324429933,0.0039632022409626,0.0,0.0
0.0138408304498269,0.5951557093425606,-0.0017292134380619,0.0047728907525795,0.0,0.0
0.0553633217993079,0.5951557093425606,-0.0030552735170978,0.0080975715931982,0.0,0.0
0.28719723183391,0.5951557093425606,-0.0065460544767493,0.0404678063613596,0.0,0.0
0.3114186851211072,0.5951557093425606,-0.0061655877290584,0.0447838100589384,0.0,0.0
0.3840830449826989,0.5951557093425606,-0.0066854734858422,0.05688225582002051,0.0,0.0
0.4117647058823529,0.5951557093425606,-0.0074887961193395,0.0607022889732859,0.0,0.0
0.4429065743944637,0.5951557093425606,-0.008628529797148,0.0642247157269182,0.0,0.0
0.4671280276816609,0.5951557093425606,-0.0095526111067381,0.0666333506541874,0.0,0.0
0.4982698961937716,0.5951557093425606,-0.0109462920597856,0.0693121693303022,0.0,0.0
0.5224913494809689,0.5951557093425606,-0.0120441100072114,0.0711781564092911,0.0,0.0
0.5536332179930796,0.5951557093425606,-0.0135206260316003,0.0732990428059136,0.0,0.0
0.5640138408304498,0.5951557093425606,-0.0140550610140353,0.0739644878651381,0.0,0.0
0.6228373702422145,0.5951557093425606,-0.0169873366365163,0.0778256233320755,0.0,0.0
0.0,0.5916955017301038,-0.0013323064083065,0.0039718893384755,0.0,0.0
0.0657439446366782,0.5916955017301038,-0.0032530588119897,0.0091148796203174,0.0,0.0
0.0795847750865051,0.5916955017301038,-0.0037764579733733,0.010615630875475,0.0,0.0
0.0899653979238754,0.5916955017301038,-0.0041734059340619,0.0118477186028737,0.0,0.0
0.2698961937716263,0.5916955017301038,-0.0064867076908842,0.0375763750114952,0.0,0.0
0.301038062283737,0.5916955017301038,-0.0059780230388504,0.0428731815885515,0.0,0.0
0.3391003460207612,0.5916955017301038,-0.0057803683166738,0.0495399587103529,0.0,0.0
0.356401384083045,0.5916955017301038,-0.0059507068953324,0.0524141917383016,0.0,0.0
0.4013840830449827,0.5916955017301038,-0.0068965145332443,0.059022399620618095,0.0,0.0
0.4567474048442906,0.5916955017301038,-0.0088940346158374,0.0652927388455023,0.0,0.0
0.5121107266435986,0.5916955017301038,-0.0113247956606844,0.0700161054921228,0.0,0.0
0.5743944636678201,0.5916955017301038,-0.0143085898087021,0.0742114877851187,0.0,0.0
0.6020761245674741,0.5916955017301038,-0.0156524045570572,0.0759662438808513,0.0,0.0
0.6228373702422145,0.5916955017301038,-0.0167481346458805,0.0774332704832327,0.0,0.0
0.0,0.5882352941176471,-0.0012348050483545,0.003965163813574,0.0,0.0
0.0311418685121107,0.5882352941176471,-0.0019460861251281,0.0059823195011758,0.0,0.0
0.0415224913494809,0.5882352941176471,-0.0022035974975611,0.0068056343376603,0.0,0.0
0.1038062283737024,0.5882352941176471,-0.0043437875764378,0.013522070510595,0.0,0.0
0.1730103806228373,0.5882352941176471,-0.0060988061620926,0.0228648578706084,0.0,0.0
0.2110726643598615,0.5882352941176471,-0.0064671265241692,0.0283497791701037,0.0,0.0
0.3217993079584775,0.5882352941176471,-0.0054844792112107,0.0464504591936588,0.0,0.0
0.370242214532872,0.5882352941176471,-0.0058648740786691,0.0543722262928272,0.0,0.0
0.5397923875432526,0.5882352941176471,-0.0123193982159761,0.0715388413702781,0.0,0.0
0.5882352941176471,0.5882352941176471,-0.0147346134339903,0.0747130832699312,0.0,0.0
0.6228373702422145,0.5882352941176471,-0.0164751012680468,0.0769924299420156,0.0,0.0
0.0,0.5847750865051903,-0.0011446130723621,0.0039699005019785,0.0,0.0
0.0519031141868512,0.5847750865051903,-0.0023505765195888,0.0077239927931475,0.0,0.0
0.1211072664359861,0.5847750865051903,-0.0045443928272714,0.015774100594068,0.0,0.0
0.1522491349480969,0.5847750865051903,-0.0053033803479031,0.0199782889084734,0.0,0.0
0.1868512110726643,0.5847750865051903,-0.0058991437707104,0.0248575751808236,0.0,0.0
0.2006920415224913,0.5847750865051903,-0.005946515328594,0.02686910018798,0.0,0.0
0.2249134948096885,0.5847750865051903,-0.0060278884951979,0.03045974439981,0.0,0.0
0.2387543252595155,0.5847750865051903,-0.0059541934779031,0.0326413706751216,0.0,0.0
0.2525951557093425,0.5847750865051903,-0.0058580684172025,0.034847666189165,0.0,0.0
0.3806228373702422,0.5847750865051903,-0.0058234772451327,0.0556277954891311,0.0,0.0
0.3910034602076124,0.5847750865051903,-0.0060837949977146,0.057039447642173294,0.0,0.0
0.4221453287197231,0.5847750865051903,-0.007050286740885499,0.0609841275507747,0.0,0.0
0.4463667820069204,0.5847750865051903,-0.0079344787031421,0.063546931388676,0.0,0.0
0.4740484429065744,0.5847750865051903,-0.009061412906364,0.0661518782389602,0.0,0.0
0.4878892733564013,0.5847750865051903,-0.0096354512671312,0.0672981330155157,0.0,0.0
0.5017301038062284,0.5847750865051903,-0.0102716503524568,0.0683864453554102,0.0,0.0
0.5294117647058824,0.5847750865051903,-0.0115519762134103,0.0704063628683688,0.0,0.0
0.5605536332179931,0.5847750865051903,-0.0130829417112987,0.0724887980047319,0.0,0.0
0.6228373702422145,0.5847750865051903,-0.0162027749444318,0.0765531006514187,0.0,0.0
0.0,0.5813148788927336,-0.0010363296031201,0.003962660193115,0.0,0.0
0.0173010380622837,0.5813148788927336,-0.0013327607346011,0.0049948177358221,0.0,0.0
0.0622837370242214,0.5813148788927336,-0.0023914987092756,0.0087332405069249,0.0,0.0
0.0934256055363321,0.5813148788927336,-0.0033261796484757,0.0122140115716231,0.0,0.0
0.1384083044982699,0.5813148788927336,-0.0046088699922952,0.0181352865854179,0.0,0.0
0.1626297577854671,0.5813148788927336,-0.0050846000877324,0.0214541353832553,0.0,0.0
0.2629757785467128,0.5813148788927336,-0.0053374474952642,0.0365446142249379,0.0,0.0
0.2768166089965398,0.5813148788927336,-0.0051953553920355,0.0388050374173583,0.0,0.0
0.2906574394463668,0.5813148788927336,-0.0049972826339005,0.0411566754505107,0.0,0.0
0.3391003460207612,0.5813148788927336,-0.0049428038048177,0.0491559322493336,0.0,0.0
0.3494809688581315,0.5813148788927336,-0.0050192500516865,0.0508054852925854,0.0,0.0
0.4117647058823529,0.5813148788927336,-0.0064090078620073,0.0594163444955384,0.0,0.0
0.4359861591695502,0.5813148788927336,-0.007260602294385,0.062151899140282005,0.0,0.0
0.4636678200692041,0.5813148788927336,-0.0083508754797183,0.06483325674441,0.0,0.0
0.5190311418685121,0.5813148788927336,-0.0108125161847424,0.069296807558959,0.0,0.0
0.5778546712802768,0.5813148788927336,-0.0136761663242562,0.073147844109516,0.0,0.0
0.6089965397923875,0.5813148788927336,-0.0152694440996169,0.0752091443544013,0.0,0.0
0.6228373702422145,0.5813148788927336,-0.0159381608232147,0.0761187623150524,0.0,0.0
0.0,0.5778546712802768,-0.0009260552451356,0.003961941911807,0.0,0.0
0.0276816608996539,0.5778546712802768,-0.0014362294346801,0.0057225375505103,0.0,0.0
0.0726643598615917,0.5778546712802768,-0.0024617548707345,0.0098087981344102,0.0,0.0
0.1730103806228373,0.5778546712802768,-0.0048024326540026,0.0229620397176347,0.0,0.0
0.3079584775086505,0.5778546712802768,-0.0045564790632648,0.043986592354689,0.0,0.0
0.3183391003460207,0.5778546712802768,-0.0045543737417165,0.045695706967223,0.0,0.0
0.5467128027681661,0.5778546712802768,-0.011836212224981,0.0707662446057813,0.0,0.0
0.6228373702422145,0.5778546712802768,-0.0156556264761396,0.0756964564130925,0.0,0.0
0.0,0.5743944636678201,-0.00079318378751,0.0039544343202009,0.0,0.0
0.0380622837370242,0.5743944636678201,-0.0014778510311638,0.0065397916103151,0.0,0.0
0.0484429065743944,0.5743944636678201,-0.001682910393964,0.007414329677913,0.0,0.0
0.0830449826989619,0.5743944636678201,-0.0024388972098992,0.0109918520919225,0.0,0.0
0.1107266435986159,0.5743944636678201,-0.0032177739509839003,0.0143891945806837,0.0,0.0
0.2145328719723183,0.5743944636678201,-0.0047067426497118,0.0290952056431991,0.0,0.0
0.245674740484429,0.5743944636678201,-0.0046672955511292,0.0338834188084312,0.0,0.0
0.328719723183391,0.5743944636678201,-0.0042760092889216,0.0472516436174829,0.0,0.0
0.3598615916955017,0.5743944636678201,-0.0045765818752075,0.0520060006407952,0.0,0.0
0.3771626297577855,0.5743944636678201,-0.0049518376266846,0.0544756202109696,0.0,0.0
0.4013840830449827,0.5743944636678201,-0.0055778564296233,0.0575592358985183,0.0,0.0
0.4256055363321799,0.5743944636678201,-0.0063199147585937,0.0604346461035728,0.0,0.0
0.4532871972318339,0.5743944636678201,-0.0073414700029892,0.0631885532502054,0.0,0.0
0.4982698961937716,0.5743944636678201,-0.0092771506346738,0.0669800606091727,0.0,0.0
0.5086505190311419,0.5743944636678201,-0.009747920097972,0.0677313794087046,0.0,0.0
0.532871972318339,0.5743944636678201,-0.0109322321483747,0.0694409940864779,0.0,0.0
0.5570934256055363,0.5743944636678201,-0.0121001153961899,0.07099374815748,0.0,0.0
0.5674740484429066,0.5743944636678201,-0.0126129920570556,0.0716564791702639,0.0,0.0
0.5916955017301038,0.5743944636678201,-0.0138221755483119,0.07320254576539278,0.0,0.0
0.6228373702422145,0.5743944636678201,-0.0153994117089765,0.0753214529195449,0.0,0.0
0.0,0.5709342560553633,-0.0006714744616543,0.0039698587102348,0.0,0.0
0.0138408304498269,0.5709342560553633,-0.0008842943383965002,0.0048049323239395,0.0,0.0
0.1003460207612456,0.5709342560553633,-0.0026202087356641,0.013074239358129,0.0,0.0
0.1522491349480969,0.5709342560553633,-0.003702632144655,0.0200446790784209,0.0,0.0
0.1937716262975778,0.5709342560553633,-0.0042269952905046,0.0260201995610376,0.0,0.0
0.2352941176470588,0.5709342560553633,-0.0043253428817746,0.0322704400927427,0.0,0.0
0.2698961937716263,0.5709342560553633,-0.0041269884142426,0.0377515411877112,0.0,0.0
0.2837370242214533,0.5709342560553633,-0.0040465509501946,0.0399825188502198,0.0,0.0
0.3425605536332179,0.5709342560553633,-0.004093672435688,0.0492686898289624,0.0,0.0
0.3910034602076124,0.5709342560553633,-0.0049901492277897,0.0560830189149206,0.0,0.0
0.4429065743944637,0.5709342560553633,-0.0066638909432002,0.061855669020791294,0.0,0.0
0.4878892733564013,0.5709342560553633,-0.0085615663414996,0.0657715143809177,0.0,0.0
0.6228373702422145,0.5709342560553633,-0.0151128835108721,0.0749282948594413,0.0,0.0
0.0,0.5674740484429066,-0.0005536192882441,0.003980992092331,0.0,0.0
0.0622837370242214,0.5674740484429066,-0.0015574274568719,0.0087632781274782,0.0,0.0
0.1280276816608996,0.5674740484429066,-0.0028660829576425003,0.0167120924277225,0.0,0.0
0.1660899653979238,0.5674740484429066,-0.0035419165470891,0.0220398863895618,0.0,0.0
0.1799307958477508,0.5674740484429066,-0.0037020591490137,0.0240343313170296,0.0,0.0
0.2041522491349481,0.5674740484429066,-0.0038996013630182,0.0275672732818663,0.0,0.0
0.2249134948096885,0.5674740484429066,-0.0039315171931181,0.030696534767186402,0.0,0.0
0.259515570934256,0.5674740484429066,-0.0038035521656235,0.036081752485877,0.0,0.0
0.2941176470588235,0.5674740484429066,-0.0036218273232124,0.0416388232126976,0.0,0.0
0.4705882352941176,0.5674740484429066,-0.0075317398408824,0.0640139074530497,0.0,0.0
0.5224913494809689,0.5674740484429066,-0.0098865728771029,0.0679442045471989,0.0,0.0
0.6055363321799307,0.5674740484429066,-0.014008055662783,0.0733105631171823,0.0,0.0
0.6228373702422145,0.5674740484429066,-0.0148490687601711,0.0745150039333046,0.0,0.0
0.0,0.5640138408304498,-0.0004323814193701,0.0039883908432206,0.0,0.0
0.0242214532871972,0.5640138408304498,-0.0007678165189142,0.0054959693874003,0.0,0.0
0.0346020761245674,0.5640138408304498,-0.0008841664576053,0.006284747413749,0.0,0.0
0.0484429065743944,0.5640138408304498,-0.0010827175143473,0.0074649681197816,0.0,0.0
0.0795847750865051,0.5640138408304498,-0.0016581111745905,0.0106196802976188,0.0,0.0
0.1141868512110726,0.5640138408304498,-0.0022688405306166,0.0148453335444196,0.0,0.0
0.1418685121107266,0.5640138408304498,-0.0028058017056277,0.018637961039275,0.0,0.0
0.2145328719723183,0.5640138408304498,-0.0034989084904661,0.0291772679691108,0.0,0.0
0.3044982698961938,0.5640138408304498,-0.003284746614054,0.0432528470139137,0.0,0.0
0.3183391003460207,0.5640138408304498,-0.003335757967907,0.0453834005952376,0.0,0.0
0.3737024221453287,0.5640138408304498,-0.0040316506226721,0.053381676083346,0.0,0.0
0.4152249134948096,0.5640138408304498,-0.0051494516305935,0.0584008257795913,0.0,0.0
0.4325259515570934,0.5640138408304498,-0.005746085601267501,0.0602022904061966,0.0,0.0
0.4567474048442906,0.5640138408304498,-0.006668863391851,0.0624851409792257,0.0,0.0
0.5121107266435986,0.5640138408304498,-0.0090835000579072,0.0668321980359091,0.0,0.0
0.5813148788927336,0.5640138408304498,-0.0124663319332554,0.0712519678340033,0.0,0.0
0.5951557093425606,0.5640138408304498,-0.013194758683736,0.0721942493648801,0.0,0.0
0.6228373702422145,0.5640138408304498,-0.0145903106991271,0.0741615046783189,0.0,0.0
0.0,0.5605536332179931,-0.0003125063039977,0.0039813626943106,0.0,0.0
0.0103806228373702,0.5605536332179931,-0.0004236403288579,0.0045971824176045,0.0,0.0
0.0968858131487889,0.5605536332179931,-0.0016809965459329,0.0126795872766918,0.0,0.0
0.1557093425605536,0.5605536332179931,-0.0026646976884313,0.0205853564208007,0.0,0.0
0.1903114186851211,0.5605536332179931,-0.0030523638266261,0.0255961024533863,0.0,0.0
0.245674740484429,0.5605536332179931,-0.0031418828669554,0.0339765559405518,0.0,0.0
0.2768166089965398,0.5605536332179931,-0.0030223355466577,0.0388603022508103,0.0,0.0
0.3321799307958477,0.5605536332179931,-0.0030979907139625,0.0473652964231231,0.0,0.0
0.3598615916955017,0.5605536332179931,-0.0034486841288406,0.0512704309313717,0.0,0.0
0.3875432525951557,0.5605536332179931,-0.0040333880929374,0.0549185424692389,0.0,0.0
0.4013840830449827,0.5605536332179931,-0.0044148936980435,0.0565242190275526,0.0,0.0
0.4809688581314879,0.5605536332179931,-0.0073991223432733,0.0641296249680398,0.0,0.0
0.4913494809688581,0.5605536332179931,-0.0078484815257763,0.06488531726082,0.0,0.0
0.5017301038062284,0.5605536332179931,-0.0083306031775128,0.0656818279919945,0.0,0.0
0.5397923875432526,0.5605536332179931,-0.0101369997145638,0.0682422730819038,0.0,0.0
0.5570934256055363,0.5605536332179931,-0.0110089543401957,0.0693311184746724,0.0,0.0
0.5709342560553633,0.5605536332179931,-0.0116598894857744,0.0701645408097746,0.0,0.0
0.6228373702422145,0.5605536332179931,-0.0143159513949916,0.0737192612174555,0.0,0.0
0.0,0.5570934256055363,-0.0001750952312388,0.004004219402947,0.0,0.0
0.0588235294117647,0.5570934256055363,-0.0008524443114307,0.0084621811336194,0.0,0.0
0.1245674740484429,0.5570934256055363,-0.0018419735740801,0.0162828667232339,0.0,0.0
0.2006920415224913,0.5570934256055363,-0.0027680765310463,0.0271490461599131,0.0,0.0
0.231833910034602,0.5570934256055363,-0.0027812678161357,0.0318579998117825,0.0,0.0
0.28719723183391,0.5570934256055363,-0.0026858731672379,0.0404967986039277,0.0,0.0
0.6089965397923875,0.5570934256055363,-0.013352199437736,0.0722715697902942,0.0,0.0
0.6228373702422145,0.5570934256055363,-0.0140479128078532,0.0732952919708282,0.0,0.0
0.0,0.5536332179930796,-5.062846381950464e-05,0.0040074178358225,0.0,0.0
0.0346020761245674,0.5536332179930796,-0.0003648684511609,0.0063563020789858,0.0,0.0
0.0830449826989619,0.5536332179930796,-0.0009864723944479,0.0110634945318387,0.0,0.0
0.1349480968858131,0.5536332179930796,-0.0016933731933563,0.017718776582492,0.0,0.0
0.1730103806228373,0.5536332179930796,-0.0021757286501977,0.0231423790873229,0.0,0.0
0.2179930795847751,0.5536332179930796,-0.0024473914056586,0.0298120407747924,0.0,0.0
0.301038062283737,0.5536332179930796,-0.002397560341188,0.0426085049437649,0.0,0.0
0.3494809688581315,0.5536332179930796,-0.0027357386839338,0.0495836410966462,0.0,0.0
0.370242214532872,0.5536332179930796,-0.0031158398119943,0.0523267705514791,0.0,0.0
0.4290657439446367,0.5536332179930796,-0.0047760769110936,0.0589800595083822,0.0,0.0
0.4463667820069204,0.5536332179930796,-0.0054139480650475,0.0605826981918159,0.0,0.0
0.4636678200692041,0.5536332179930796,-0.006091977171226,0.0620324462390878,0.0,0.0
0.5294117647058824,0.5536332179930796,-0.0090771156565243,0.0667814879729735,0.0,0.0
0.5847750865051903,0.5536332179930796,-0.0118396887704288,0.0702413861831665,0.0,0.0
0.6228373702422145,0.5536332179930796,-0.0137960371672039,0.0728240588637835,0.0,0.0
0.0,0.5501730103806228,8.531073036275202e-05,0.0040123121271812,0.0,0.0
0.0173010380622837,0.5501730103806228,-5.975425630013329e-05,0.0050980912074325,0.0,0.0
0.0692041522491349,0.5501730103806228,-0.0005469273595777,0.0095603559117482,0.0,0.0
0.1141868512110726,0.5501730103806228,-0.0011035196927627,0.0149032298787627,0.0,0.0
0.1522491349480969,0.5501730103806228,-0.0016112409851997,0.0201761242577946,0.0,0.0
0.1868512110726643,0.5501730103806228,-0.0019577747203523,0.0251947546722785,0.0,0.0
0.259515570934256,0.5501730103806228,-0.0020646577787988,0.0362071785233483,0.0,0.0
0.3183391003460207,0.5501730103806228,-0.0021330065596392,0.0450682125709539,0.0,0.0
0.4083044982698962,0.5501730103806228,-0.0037728981125252,0.0565420222771453,0.0,0.0
0.4913494809688581,0.5501730103806228,-0.0070248601265033,0.0638454938806322,0.0,0.0
0.5155709342560554,0.5501730103806228,-0.0081362053068574,0.0654905952526936,0.0,0.0
0.5743944636678201,0.5501730103806228,-0.0110503313001227,0.0692006044268641,0.0,0.0
0.5986159169550173,0.5501730103806228,-0.0123029562660477,0.070750002392745,0.0,0.0
0.6228373702422145,0.5501730103806228,-0.0135377754791671,0.0723914358383829,0.0,0.0
0.0,0.5467128027681661,0.0002019747486205,0.0040396422649605,0.0,0.0
0.0484429065743944,0.5467128027681661,-0.0001238851807483,0.0075386330561935,0.0,0.0
0.0588235294117647,0.5467128027681661,-0.0002317402198272,0.0085429666515948,0.0,0.0
0.1003460207612456,0.5467128027681661,-0.0006822874279418,0.0131628897703295,0.0,0.0
0.2076124567474048,0.5467128027681661,-0.001709762209298,0.0282774363449431,0.0,0.0
0.2422145328719723,0.5467128027681661,-0.0017477059628896,0.0335670342411699,0.0,0.0
0.273356401384083,0.5467128027681661,-0.0017374268045724,0.0382963141509977,0.0,0.0
0.3321799307958477,0.5467128027681661,-0.0019574340483464,0.0469484386785616,0.0,0.0
0.3840830449826989,0.5467128027681661,-0.002858869844033,0.0535659182544061,0.0,0.0
0.3979238754325259,0.5467128027681661,-0.0032257657045816,0.055165141499669,0.0,0.0
0.4186851211072664,0.5467128027681661,-0.0038375087013658,0.057374089164117695,0.0,0.0
0.4775086505190311,0.5467128027681661,-0.0061045067555466,0.0624554890467778,0.0,0.0
0.5017301038062284,0.5467128027681661,-0.0072218885177398,0.0642083821301178,0.0,0.0
0.5640138408304498,0.5467128027681661,-0.0102689235307267,0.0681999579684498,0.0,0.0
0.6228373702422145,0.5467128027681661,-0.0132902475101247,0.0719384436572062,0.0,0.0
0.0,0.5432525951557093,0.0003249089552378,0.0040458154429046,0.0,0.0
0.0865051903114186,0.5432525951557093,-0.000249360541705,0.0115304293378302,0.0,0.0
0.1245674740484429,0.5432525951557093,-0.0006704146042802,0.01633861612086,0.0,0.0
0.1626297577854671,0.5432525951557093,-0.0010724627332518,0.0216951228256578,0.0,0.0
0.2179930795847751,0.5432525951557093,-0.0013793946924683,0.0298863164256735,0.0,0.0
0.28719723183391,0.5432525951557093,-0.0014131953516779,0.040440840973755096,0.0,0.0
0.3598615916955017,0.5432525951557093,-0.002048864380821,0.050471622981033,0.0,0.0
0.4359861591695502,0.5432525951557093,-0.004197934219291,0.0587452455883545,0.0,0.0
0.4602076124567474,0.5432525951557093,-0.0051093404506657,0.0607856351173504,0.0,0.0
0.5363321799307958,0.5432525951557093,-0.0086028510161439,0.0660341648764831,0.0,0.0
0.5536332179930796,0.5432525951557093,-0.0094733395967152,0.0671751827774277,0.0,0.0
0.6089965397923875,0.5432525951557093,-0.0122902234231107,0.0705958941842378,0.0,0.0
0.6228373702422145,0.5432525951557093,-0.0130230848120781,0.0715139637944294,0.0,0.0
0.0,0.5397923875432526,0.0004556248463791,0.004041823965327,0.0,0.0
0.0311418685121107,0.5397923875432526,0.0003412168351715,0.0061468639821395,0.0,0.0
0.0761245674740484,0.5397923875432526,3.407367910623228e-05,0.0103736178189301,0.0,0.0
0.1972318339100346,0.5397923875432526,-0.0009866841347793,0.0268181403294335,0.0,0.0
0.2283737024221453,0.5397923875432526,-0.001065758919577,0.0314773484010375,0.0,0.0
0.2525951557093425,0.5397923875432526,-0.0010710451307353,0.0351703845869465,0.0,0.0
0.3114186851211072,0.5397923875432526,-0.0012327653893324,0.043873747870888,0.0,0.0
0.5190311418685121,0.5397923875432526,-0.0074877472678106,0.0645726537583083,0.0,0.0
0.6228373702422145,0.5397923875432526,-0.0127645277972131,0.0711060455505869,0.0,0.0
0.0,0.5363321799307958,0.000589532908163,0.0040598080400193,0.0,0.0
0.0415224913494809,0.5363321799307958,0.0004491945283025,0.0070019525814423,0.0,0.0
0.0657439446366782,0.5363321799307958,0.0003231414934827,0.0092835206593314,0.0,0.0
0.1141868512110726,0.5363321799307958,-2.9171893993916e-05,0.0149757990280989,0.0,0.0
0.1349480968858131,0.5363321799307958,-0.0002510341154078,0.0178069950440176,0.0,0.0
0.1487889273356401,0.5363321799307958,-0.0003408396837448,0.0197521138410407,0.0,0.0
0.1799307958477508,0.5363321799307958,-0.0005724380520142,0.0242422444833598,0.0,0.0
0.2076124567474048,0.5363321799307958,-0.000695950435318,0.0283752940146954,0.0,0.0
0.2387543252595155,0.5363321799307958,-0.0007475506806413,0.0330540339281991,0.0,0.0
0.2975778546712803,0.5363321799307958,-0.0008209230619753,0.0418402175895846,0.0,0.0
0.3252595155709342,0.5363321799307958,-0.0010332911188653,0.0456717911527138,0.0,0.0
0.3425605536332179,0.5363321799307958,-0.0012092263385713,0.047995920291083,0.0,0.0
0.3771626297577855,0.5363321799307958,-0.0018550719975323,0.0522197510820025,0.0,0.0
0.4152249134948096,0.5363321799307958,-0.0029023084706223,0.0562267141376956,0.0,0.0
0.4498269896193771,0.5363321799307958,-0.0041368679536795,0.059333376768568,0.0,0.0
0.4878892733564013,0.5363321799307958,-0.0056731215399014,0.062138337439004,0.0,0.0
0.5674740484429066,0.5363321799307958,-0.009629549937885,0.0671990815472638,0.0,0.0
0.5847750865051903,0.5363321799307958,-0.0105006368578018,0.0682279778683725,0.0,0.0
0.6228373702422145,0.5363321799307958,-0.0124641903749588,0.0706238428386145,0.0,0.0
0.0,0.532871972318339,0.0007254770224329,0.0040873934753394,0.0,0.0
0.0173010380622837,0.532871972318339,0.00069617422782,0.0051897058068096,0.0,0.0
0.1038062283737024,0.532871972318339,0.0002983283877409,0.0136601276192345,0.0,0.0
0.2629757785467128,0.532871972318339,-0.0004729702855147,0.0367093820223075,0.0,0.0
0.2768166089965398,0.532871972318339,-0.0004931707977349,0.0387728822307411,0.0,0.0
0.3667820069204152,0.532871972318339,-0.001351543160524,0.0508337115699541,0.0,0.0
0.3910034602076124,0.532871972318339,-0.0019368754913136,0.0535356592828313,0.0,0.0
0.4394463667820069,0.532871972318339,-0.0034798387447216,0.05817409409694781,0.0,0.0
0.4705882352941176,0.532871972318339,-0.0047036080618784,0.06062147197734,0.0,0.0
0.5051903114186851,0.532871972318339,-0.0062281500710985,0.0629559668449323,0.0,0.0
0.5536332179930796,0.532871972318339,-0.0086497797287133,0.0659462396861746,0.0,0.0
0.6020761245674741,0.532871972318339,-0.0111597049749552,0.0688722491950155,0.0,0.0
0.6124567474048442,0.532871972318339,-0.0117263895155561,0.0695090620837282,0.0,0.0
0.6228373702422145,0.532871972318339,-0.012200212710935698,0.0701362687715929,0.0,0.0
0.0,0.5294117647058824,0.0008643752110172002,0.0041012308492583,0.0,0.0
0.0519031141868512,0.5294117647058824,0.000783628940402,0.0079706747752769,0.0,0.0
0.0899653979238754,0.5294117647058824,0.0006199027585159,0.0120332985223554,0.0,0.0
0.1626297577854671,0.5294117647058824,0.0001327261432508,0.0217456047815414,0.0,0.0
0.1903114186851211,0.5294117647058824,-2.6381642757710843e-05,0.0258137283060069,0.0,0.0
0.2179930795847751,0.5294117647058824,-0.0001024384898958,0.0299555216781471,0.0,0.0
0.356401384083045,0.5294117647058824,-0.0008520102331039,0.0494048452889174,0.0,0.0
0.4048442906574394,0.5294117647058824,-0.0020416546540916,0.0547171481440648,0.0,0.0
0.4290657439446367,0.5294117647058824,-0.0028159494440861002,0.0569840822288152,0.0,0.0
0.4602076124567474,0.5294117647058824,-0.0039924637832428,0.0595149672540661,0.0,0.0
0.5259515570934256,0.5294117647058824,-0.0070194963341059,0.0638837434633855,0.0,0.0
0.5432525951557093,0.5294117647058824,-0.0078361307750932,0.0648865950601677,0.0,0.0
0.6228373702422145,0.5294117647058824,-0.0119501582239733,0.0697588515470406,0.0,0.0
0.0,0.5259515570934256,0.001002432219404,0.0041013486563895,0.0,0.0
0.0346020761245674,0.5259515570934256,0.0009845553913289,0.0065173473917267,0.0,0.0
0.0622837370242214,0.5259515570934256,0.0009221052703282,0.0090352449160796,0.0,0.0
0.0761245674740484,0.5259515570934256,0.0008867501233614,0.0104825025421984,0.0,0.0
0.1211072664359861,0.5259515570934256,0.0006594018230401,0.0159998514134862,0.0,0.0
0.1384083044982699,0.5259515570934256,0.0005535184333697,0.0183602559043369,0.0,0.0
0.2041522491349481,0.5259515570934256,0.0002227053928011,0.0279368235936041,0.0,0.0
0.231833910034602,0.5259515570934256,0.0001862722554451,0.03208005310448,0.0,0.0
0.245674740484429,0.5259515570934256,0.0001553095934356,0.0341524313826866,0.0,0.0
0.28719723183391,0.5259515570934256,8.771618925949796e-05,0.0402531316783563,0.0,0.0
0.3114186851211072,0.5259515570934256,-3.1448394531818607e-05,0.0436283240317552,0.0,0.0
0.6228373702422145,0.5259515570934256,-0.0116873454547926,0.0692856902182137,0.0,0.0
0.0,0.5224913494809689,0.0011390990785471,0.0041072807112417,0.0,0.0
0.0103806228373702,0.5224913494809689,0.0011500457913964,0.0047779601864764,0.0,0.0
0.1487889273356401,0.5224913494809689,0.0007618448365829,0.0198448139236391,0.0,0.0
0.1799307958477508,0.5224913494809689,0.0006015867849194,0.024348685968930604,0.0,0.0
0.3252595155709342,0.5224913494809689,0.0001114093592477,0.0453296754268833,0.0,0.0
0.3737024221453287,0.5224913494809689,-0.0006602539653034,0.051093266420191505,0.0,0.0
0.4186851211072664,0.5224913494809689,-0.0019295419603473998,0.055531222448355,0.0,0.0
0.4429065743944637,0.5224913494809689,-0.0027653990665781,0.0575755493354748,0.0,0.0
0.4878892733564013,0.5224913494809689,-0.0045746022517793,0.0607947994376465,0.0,0.0
0.5121107266435986,0.5224913494809689,-0.0057424014221105,0.0622590846561578,0.0,0.0
0.5570934256055363,0.5224913494809689,-0.0079802425155134,0.0648723455232338,0.0,0.0
0.5743944636678201,0.5224913494809689,-0.0088639913474984,0.065917264784365,0.0,0.0
0.6228373702422145,0.5224913494809689,-0.0114353427376905,0.0688453967803949,0.0,0.0
0.0,0.5190311418685121,0.0012652067478842,0.0041177310860576,0.0,0.0
0.0207612456747404,0.5190311418685121,0.001296604022127,0.005497787895536,0.0,0.0
0.0449826989619377,0.5190311418685121,0.0013011712191119,0.0074275822322592,0.0,0.0
0.1072664359861591,0.5190311418685121,0.0011789437768332,0.0141888501533938,0.0,0.0
0.2629757785467128,0.5190311418685121,0.0007205332808102,0.036716633962855,0.0,0.0
0.301038062283737,0.5190311418685121,0.0006019646229655,0.0421007924874966,0.0,0.0
0.3425605536332179,0.5190311418685121,0.0001678105716443,0.0473558133483327,0.0,0.0
0.3875432525951557,0.5190311418685121,-0.0007411133069411999,0.0523531919668806,0.0,0.0
0.4290657439446367,0.5190311418685121,-0.0020251588898684,0.0561801765810717,0.0,0.0
0.5363321799307958,0.5190311418685121,-0.0066996573991869,0.0633278842681892,0.0,0.0
0.5882352941176471,0.5190311418685121,-0.009356824832961,0.0662874092268354,0.0,0.0
0.6228373702422145,0.5190311418685121,-0.011198462036591,0.0683942854097626,0.0,0.0
0.0,0.5155709342560554,0.0014200916849834,0.004148502283458,0.0,0.0
0.0934256055363321,0.5155709342560554,0.0014513662272617,0.0125348674606436,0.0,0.0
0.1591695501730103,0.5155709342560554,0.0012239968832243,0.0213390503837083,0.0,0.0
0.1937716262975778,0.5155709342560554,0.0011291454389039,0.0264143867267903,0.0,0.0
0.2145328719723183,0.5155709342560554,0.001074659441107,0.0295233208677095,0.0,0.0
0.2422145328719723,0.5155709342560554,0.0010268550001478,0.0336460543357458,0.0,0.0
0.2768166089965398,0.5155709342560554,0.0009728478510416,0.0386708196151443,0.0,0.0
0.3529411764705882,0.5155709342560554,0.000259971534542,0.0484663844458389,0.0,0.0
0.4567474048442906,0.5155709342560554,-0.0027544290591463,0.0580261363691482,0.0,0.0
0.4740484429065744,0.5155709342560554,-0.0034510427264646,0.059192269574186,0.0,0.0
0.5017301038062284,0.5155709342560554,-0.0047017272560086,0.0609499892670538,0.0,0.0
0.6055363321799307,0.5155709342560554,-0.0100211589455993,0.0668446274619823,0.0,0.0
0.6228373702422145,0.5155709342560554,-0.0109495162315754,0.0679259686470609,0.0,0.0
0.0,0.5121107266435986,0.0015587828746068,0.0041633922118366,0.0,0.0
0.0622837370242214,0.5121107266435986,0.0016852642109799,0.0091253055393957,0.0,0.0
0.0795847750865051,0.5121107266435986,0.0016985355597453,0.0109808882839274,0.0,0.0
0.1211072664359861,0.5121107266435986,0.0016174302125991,0.016091264930688,0.0,0.0
0.1349480968858131,0.5121107266435986,0.0015793315632571,0.0179612043190786,0.0,0.0
0.1730103806228373,0.5121107266435986,0.0014537270750286,0.0234176841519521,0.0,0.0
0.2041522491349481,0.5121107266435986,0.0013504163174636,0.0280234234797386,0.0,0.0
0.231833910034602,0.5121107266435986,0.0013399858008904,0.0321552956297374,0.0,0.0
0.314878892733564,0.5121107266435986,0.0010209822897485,0.0437935490914754,0.0,0.0
0.3633217993079585,0.5121107266435986,0.00034415213526379997,0.04944862784702429,0.0,0.0
0.3979238754325259,0.5121107266435986,-0.0004938116436512,0.0529438645175613,0.0,0.0
0.4117647058823529,0.5121107266435986,-0.0008791814629837,0.0541772771701812,0.0,0.0
0.4429065743944637,0.5121107266435986,-0.0019404953107601,0.0567222722016195,0.0,0.0
0.4913494809688581,0.5121107266435986,-0.0039735530879029,0.0599839795460476,0.0,0.0
0.5259515570934256,0.5121107266435986,-0.0056220762561843,0.0619555419887158,0.0,0.0
0.5501730103806228,0.5121107266435986,-0.0068198806292116,0.0632865051720115,0.0,0.0
0.5605536332179931,0.5121107266435986,-0.007347595736519,0.0638999261147117,0.0,0.0
0.6228373702422145,0.5121107266435986,-0.010710774237202,0.0674706144458214,0.0,0.0
0.0,0.5086505190311419,0.0016946459583143,0.0041846717968071,0.0,0.0
0.0138408304498269,0.5086505190311419,0.0017497648850034,0.0050806504221085,0.0,0.0
0.0276816608996539,0.5086505190311419,0.0017731361435795,0.0060567525422922,0.0,0.0
0.0415224913494809,0.5086505190311419,0.0018035385358301,0.0071913273797857,0.0,0.0
0.1453287197231834,0.5086505190311419,0.0017774169213066,0.0194077400175354,0.0,0.0
0.1833910034602076,0.5086505190311419,0.0016598800348955,0.024931717387610804,0.0,0.0
0.2560553633217993,0.5086505190311419,0.0015746659454745,0.0356944314781083,0.0,0.0
0.2906574394463668,0.5086505190311419,0.0014754009883565,0.0405832778428054,0.0,0.0
0.3044982698961938,0.5086505190311419,0.001392290992197,0.0424120877228922,0.0,0.0
0.3321799307958477,0.5086505190311419,0.0011284807786432,0.0458416043813042,0.0,0.0
0.3771626297577855,0.5086505190311419,0.0003235111802462,0.050783619612702294,0.0,0.0
0.4325259515570934,0.5086505190311419,-0.0013107857949115,0.0556699434086939,0.0,0.0
0.5709342560553633,0.5086505190311419,-0.007648954351321,0.0640215973134425,0.0,0.0
0.5951557093425606,0.5086505190311419,-0.008950164234709,0.0653693756722997,0.0,0.0
0.6228373702422145,0.5086505190311419,-0.0104667743377559,0.0670332341617495,0.0,0.0
0.0,0.5051903114186851,0.001847106188876,0.0042145481479089,0.0,0.0
0.0519031141868512,0.5051903114186851,0.0020215871985704,0.0081670189137228,0.0,0.0
0.0899653979238754,0.5051903114186851,0.0021023488472933,0.0122125419149905,0.0,0.0
0.1003460207612456,0.5051903114186851,0.0020941628075075,0.0134588024768853,0.0,0.0
0.1107266435986159,0.5051903114186851,0.0020915280921349,0.0147606327248671,0.0,0.0
0.2698961937716263,0.5051903114186851,0.0018130760541708,0.0376641078312071,0.0,0.0
0.2802768166089965,0.5051903114186851,0.0017838922592082,0.0391272881218705,0.0,0.0
0.4221453287197231,0.5051903114186851,-0.0006510563941679,0.0545756506595525,0.0,0.0
0.4636678200692041,0.5051903114186851,-0.0022415339925655,0.05759946582150519,0.0,0.0
0.4740484429065744,0.5051903114186851,-0.0026864517366558,0.0582210690939515,0.0,0.0
0.5121107266435986,0.5051903114186851,-0.0044011770077016,0.0604565391748256,0.0,0.0
0.5397923875432526,0.5051903114186851,-0.0057609852455808,0.0618995106238394,0.0,0.0
0.5847750865051903,0.5051903114186851,-0.0081204071434819,0.0643337894702855,0.0,0.0
0.6089965397923875,0.5051903114186851,-0.0094288152873548,0.0656966375106205,0.0,0.0
0.6228373702422145,0.5051903114186851,-0.0102313224518828,0.0665930315030876,0.0,0.0
0.0,0.5017301038062284,0.0019860332963459,0.0042645996634496,0.0,0.0
0.0692041522491349,0.5017301038062284,0.0022515389340647,0.0099081202941259,0.0,0.0
0.1245674740484429,0.5017301038062284,0.0022993396284045,0.0166227926248872,0.0,0.0
0.1349480968858131,0.5017301038062284,0.0022874872178108,0.0180176552506125,0.0,0.0
0.1557093425605536,0.5017301038062284,0.0022648390700823,0.0209522355080134,0.0,0.0
0.1937716262975778,0.5017301038062284,0.0021982162210909,0.0265498637635586,0.0,0.0
0.2110726643598615,0.5017301038062284,0.0021757798824571,0.0291020152294989,0.0,0.0
0.2249134948096885,0.5017301038062284,0.002154775148075,0.0311428453959709,0.0,0.0
0.2422145328719723,0.5017301038062284,0.0021310091517793,0.033687677359223,0.0,0.0
0.3460207612456747,0.5017301038062284,0.0014220051900666,0.047209451953314,0.0,0.0
0.3910034602076124,0.5017301038062284,0.0005247171247681,0.0517177277068384,0.0,0.0
0.4048442906574394,0.5017301038062284,0.0001048779191569,0.052943112880962,0.0,0.0
0.4463667820069204,0.5017301038062284,-0.0013024572113694,0.0561286251278306,0.0,0.0
0.4844290657439446,0.5017301038062284,-0.0028919030074736,0.0585287098744707,0.0,0.0
0.5570934256055363,0.5017301038062284,-0.0064001230662898,0.0624758023754232,0.0,0.0
0.6228373702422145,0.5017301038062284,-0.0099859924792557,0.066139338414049,0.0,0.0
0.0,0.4982698961937716,0.0021075161915635,0.0042494813797488,0.0,0.0
0.0103806228373702,0.4982698961937716,0.0021990798231156,0.0049238247062025,0.0,0.0
0.0207612456747404,0.4982698961937716,0.0022107518520999,0.0056413343921018,0.0,0.0
0.1730103806228373,0.4982698961937716,0.0024930890547857,0.0234415015921931,0.0,0.0
0.2525951557093425,0.4982698961937716,0.0023775067973193,0.0352416605651297,0.0,0.0
0.2906574394463668,0.4982698961937716,0.0022832261149037,0.0404861340468466,0.0,0.0
0.301038062283737,0.4982698961937716,0.0022195047075321,0.0418475538335864,0.0,0.0
0.3217993079584775,0.4982698961937716,0.0020482910715192,0.0443626885246443,0.0,0.0
0.3321799307958477,0.4982698961937716,0.0019357589322227,0.0455568037910491,0.0,0.0
0.3598615916955017,0.4982698961937716,0.0014566879353263,0.048556788075271896,0.0,0.0
0.4359861591695502,0.4982698961937716,-0.0006248791986398,0.0551319146011552,0.0,0.0
0.4982698961937716,0.4982698961937716,-0.0032515172043478,0.0589432237070127,0.0,0.0
0.5986159169550173,0.4982698961937716,-0.0083609706296527,0.064240862104932,0.0,0.0
0.6228373702422145,0.4982698961937716,-0.0097259673372585,0.06565795116929,0.0,0.0
0.0,0.4948096885813148,0.0022485976376293,0.0042711053462671,0.0,0.0
0.0346020761245674,0.4948096885813148,0.0024394273687649,0.0067331689204577,0.0,0.0
0.0449826989619377,0.4948096885813148,0.0025131592456452,0.007624360534215,0.0,0.0
0.0795847750865051,0.4948096885813148,0.0026606054569005,0.0111160176511435,0.0,0.0
0.0968858131487889,0.4948096885813148,0.00271963918922,0.0131035338372457,0.0,0.0
0.1072664359861591,0.4948096885813148,0.0027278776310380995,0.0143939223004557,0.0,0.0
0.2629757785467128,0.4948096885813148,0.002633109738996,0.0367147437693725,0.0,0.0
0.2802768166089965,0.4948096885813148,0.0025761563885707,0.0390958408729909,0.0,0.0
0.3737024221453287,0.4948096885813148,0.0014403427181408,0.0497588257543859,0.0,0.0
0.4567474048442906,0.4948096885813148,-0.0011887875462582,0.0562216713222532,0.0,0.0
0.5294117647058824,0.4948096885813148,-0.0044581768227876,0.0601775710878375,0.0,0.0
0.6089965397923875,0.4948096885813148,-0.0086817614031658,0.0643739270072165,0.0,0.0
0.6228373702422145,0.4948096885813148,-0.009495063984791,0.0652241385504727,0.0,0.0
0.0,0.4913494809688581,0.0023770427561009,0.0042832951466705,0.0,0.0
0.0553633217993079,0.4913494809688581,0.0027242510623444,0.0085857162965044,0.0,0.0
0.1176470588235294,0.4913494809688581,0.002942020500499,0.0157371957421943,0.0,0.0
0.1314878892733564,0.4913494809688581,0.0029571129398972,0.0176412729660363,0.0,0.0
0.1453287197231834,0.4913494809688581,0.0029808327607389997,0.0195690661335822,0.0,0.0
0.1557093425605536,0.4913494809688581,0.0029789479003127,0.0210380270451309,0.0,0.0
0.1833910034602076,0.4913494809688581,0.0029596961113143,0.025045656629301,0.0,0.0
0.2179930795847751,0.4913494809688581,0.0029326653387399,0.030209072713187,0.0,0.0
0.231833910034602,0.4913494809688581,0.0029364043663797,0.0322206068111,0.0,0.0
0.3114186851211072,0.4913494809688581,0.0026478454518588,0.0430128133854391,0.0,0.0
0.3494809688581315,0.4913494809688581,0.0021707308424674,0.0472326743840952,0.0,0.0
0.3840830449826989,0.4913494809688581,0.0014849694051745,0.0505305629928775,0.0,0.0
0.3944636678200692,0.4913494809688581,0.0012302327771621,0.051440282013334296,0.0,0.0
0.4221453287197231,0.4913494809688581,0.0003773350892996,0.0536189467638055,0.0,0.0
0.4671280276816609,0.4913494809688581,-0.0013643268898813,0.0565687809406441,0.0,0.0
0.4809688581314879,0.4913494809688581,-0.0019748829908854,0.0573198086911649,0.0,0.0
0.5397923875432526,0.4913494809688581,-0.0047516010127873,0.0603221888280414,0.0,0.0
0.5674740484429066,0.4913494809688581,-0.0061899681532349,0.061723456323454,0.0,0.0
0.5847750865051903,0.4913494809688581,-0.007088197010742399,0.062569042861828,0.0,0.0
0.6228373702422145,0.4913494809688581,-0.0092389748404269,0.0647526497703676,0.0,0.0
0.0,0.4878892733564013,0.0025166250356813,0.0043128856435856,0.0,0.0
0.0692041522491349,0.4878892733564013,0.0029787339306788,0.0100164133581405,0.0,0.0
0.1660899653979238,0.4878892733564013,0.00319560103901,0.0225443125589539,0.0,0.0
0.2006920415224913,0.4878892733564013,0.0031776095604912,0.0276910234976555,0.0,0.0
0.2422145328719723,0.4878892733564013,0.0031676062588127996,0.0337568614153092,0.0,0.0
0.3356401384083045,0.4878892733564013,0.0026506265039262,0.0456765935466874,0.0,0.0
0.3633217993079585,0.4878892733564013,0.0022076307699195,0.0484822400010192,0.0,0.0
0.4048442906574394,0.4878892733564013,0.001173770776879,0.0520859459376794,0.0,0.0
0.4394463667820069,0.4878892733564013,1.3516211678376746e-05,0.0545464873038945,0.0,0.0
0.5155709342560554,0.4878892733564013,-0.0032848573243278003,0.058692766167452,0.0,0.0
0.5501730103806228,0.4878892733564013,-0.005024533789391,0.0604417794845235,0.0,0.0
0.5951557093425606,0.4878892733564013,-0.007426474658446,0.0626554757214046,0.0,0.0
0.6228373702422145,0.4878892733564013,-0.0090135121609786,0.0643091095791301,0.0,0.0
0.0,0.4844290657439446,0.0026519143176216,0.0043316257842993,0.0,0.0
0.0138408304498269,0.4844290657439446,0.0027799875150654003,0.0052312371160733,0.0,0.0
0.2802768166089965,0.4844290657439446,0.0033514201004798,0.0390197819046243,0.0,0.0
0.2941176470588235,0.4844290657439446,0.0032645238683835,0.0408012328389662,0.0,0.0
0.3217993079584775,0.4844290657439446,0.0030966401519013,0.0441186998424305,0.0,0.0
0.4948096885813148,0.4844290657439446,-0.00205269913686,0.0573003143864179,0.0,0.0
0.6055363321799307,0.4844290657439446,-0.0077679074968756,0.0627927209248947,0.0,0.0
0.6228373702422145,0.4844290657439446,-0.0087655617689498,0.0638174262827214,0.0,0.0
0.0,0.4809688581314879,0.0027805098078855,0.0043568149677354,0.0,0.0
0.0311418685121107,0.4809688581314879,0.0030543719714928,0.0065318579431676,0.0,0.0
0.0449826989619377,0.4809688581314879,0.0031680833140428,0.0077117151207973,0.0,0.0
0.0553633217993079,0.4809688581314879,0.0032496659196986,0.0086752584952613,0.0,0.0
0.0899653979238754,0.4809688581314879,0.0034469709232334,0.0123991936787926,0.0,0.0
0.1072664359861591,0.4809688581314879,0.0035465813456905,0.0144971872611433,0.0,0.0
0.1211072664359861,0.4809688581314879,0.0035917382103364,0.0162886308554148,0.0,0.0
0.1384083044982699,0.4809688581314879,0.0036297816725938,0.0186787432714224,0.0,0.0
0.1764705882352941,0.4809688581314879,0.0037044432289643,0.0241153334001222,0.0,0.0
0.2249134948096885,0.4809688581314879,0.0037083770233013,0.0312511150825446,0.0,0.0
0.2525951557093425,0.4809688581314879,0.0036725041661565,0.0352391125081695,0.0,0.0
0.2698961937716263,0.4809688581314879,0.0036595569481034005,0.0376392673513087,0.0,0.0
0.3875432525951557,0.4809688581314879,0.0021717398653736,0.050336551757593,0.0,0.0
0.4186851211072664,0.4809688581314879,0.0012251684647389,0.0526496133500864,0.0,0.0
0.4290657439446367,0.4809688581314879,0.0009037095102664,0.0533282893139318,0.0,0.0
0.4532871972318339,0.4809688581314879,-1.2970096529943323e-05,0.0548289262015569,0.0,0.0
0.4775086505190311,0.4809688581314879,-0.0010773636584081,0.0561535722061541,0.0,0.0
0.5051903114186851,0.4809688581314879,-0.002285265435409,0.0574577969056907,0.0,0.0
0.532871972318339,0.4809688581314879,-0.003670258471106,0.058790112739215396,0.0,0.0
0.5605536332179931,0.4809688581314879,-0.0050874523213215,0.060048978277954,0.0,0.0
0.5778546712802768,0.4809688581314879,-0.005983244647409699,0.060857400287696505,0.0,0.0
0.6228373702422145,0.4809688581314879,-0.0085236184089833,0.0633432548812144,0.0,0.0
0.0,0.4775086505190311,0.0029016657700517,0.0043484665206811,0.0,0.0
0.0761245674740484,0.4775086505190311,0.0035591370575217994,0.0108542015581137,0.0,0.0
0.1522491349480969,0.4775086505190311,0.0039071041784473,0.0206205402472729,0.0,0.0
0.2041522491349481,0.4775086505190311,0.0039736632000738,0.0282600426410925,0.0,0.0
0.2145328719723183,0.4775086505190311,0.0039281480955357,0.0297937065524394,0.0,0.0
0.2352941176470588,0.4775086505190311,0.0039354171512337,0.0327975630052567,0.0,0.0
0.3079584775086505,0.4775086505190311,0.0036960926642036,0.0424194752007008,0.0,0.0
0.3391003460207612,0.4775086505190311,0.0033886783096452,0.0457530947778492,0.0,0.0
0.3529411764705882,0.4775086505190311,0.0031759382987905,0.0471293252422114,0.0,0.0
0.370242214532872,0.4775086505190311,0.0028474446128789,0.0487094261003041,0.0,0.0
0.4394463667820069,0.4775086505190311,0.0007736782027113,0.0537018507712938,0.0,0.0
0.4636678200692041,0.4775086505190311,-0.0002019069279834,0.0550950836835383,0.0,0.0
0.5224913494809689,0.4775086505190311,-0.0028963952457223,0.05789506796994261,0.0,0.0
0.6228373702422145,0.4775086505190311,-0.0082602072549241,0.0628468153504842,0.0,0.0
0.0,0.4740484429065744,0.0030488792031954,0.0043783966051672,0.0,0.0
0.1660899653979238,0.4740484429065744,0.0041695189418432,0.0226997343408217,0.0,0.0
0.1937716262975778,0.4740484429065744,0.004164008261589,0.026747547213205596,0.0,0.0
0.328719723183391,0.4740484429065744,0.0037224912171093,0.0446214713551195,0.0,0.0
0.4083044982698962,0.4740484429065744,0.0020964224155835,0.0515067215482295,0.0,0.0
0.5432525951557093,0.4740484429065744,-0.0036879275849653,0.0584874053322182,0.0,0.0
0.5916955017301038,0.4740484429065744,-0.0063012713142534,0.0606736741574284,0.0,0.0
0.6228373702422145,0.4740484429065744,-0.0080268116014478,0.062243290444087405,0.0,0.0
0.0,0.4705882352941176,0.0031794647001234,0.0044062279089417,0.0,0.0
0.0173010380622837,0.4705882352941176,0.0033636897317027,0.005565280889559999,0.0,0.0
0.0276816608996539,0.4705882352941176,0.0034677519006906,0.0063383061382096,0.0,0.0
0.0588235294117647,0.4705882352941176,0.0037887489200081,0.0090760571762357,0.0,0.0
0.1280276816608996,0.4705882352941176,0.004246501012486,0.0173218677210806,0.0,0.0
0.1418685121107266,0.4705882352941176,0.0043023551758108,0.019212313953163,0.0,0.0
0.2249134948096885,0.4705882352941176,0.0044221635955956,0.031319816521714,0.0,0.0
0.245674740484429,0.4705882352941176,0.0044102629029743,0.0342884393744818,0.0,0.0
0.2629757785467128,0.4705882352941176,0.0043947682425143,0.0366884817547012,0.0,0.0
0.273356401384083,0.4705882352941176,0.0043594041805414,0.0380772340663316,0.0,0.0
0.2837370242214533,0.4705882352941176,0.0043028132327579,0.0394051584617013,0.0,0.0
0.2975778546712803,0.4705882352941176,0.0042447335676519,0.041109448456676,0.0,0.0
0.3944636678200692,0.4705882352941176,0.0027267965479815,0.050355575558236,0.0,0.0
0.4221453287197231,0.4705882352941176,0.0018954559036012,0.0521533007676263,0.0,0.0
0.4532871972318339,0.4705882352941176,0.000715627885093,0.0539389761262777,0.0,0.0
0.4740484429065744,0.4705882352941176,-0.0001416259487476,0.0549562327795598,0.0,0.0
0.4982698961937716,0.4705882352941176,-0.0012743683385445,0.056073863876157294,0.0,0.0
0.5121107266435986,0.4705882352941176,-0.0019124029107305,0.0566714000102578,0.0,0.0
0.5709342560553633,0.4705882352941176,-0.0049447891174956,0.0592510184773961,0.0,0.0
0.5813148788927336,0.4705882352941176,-0.005510314131982599,0.0597313522583507,0.0,0.0
0.6228373702422145,0.4705882352941176,-0.0077954467671954,0.06172972730961469,0.0,0.0
0.0,0.4671280276816609,0.0033007976564297,0.0044273642880043,0.0,0.0
0.0415224913494809,0.4671280276816609,0.003786755071611,0.007485473130611801,0.0,0.0
0.0830449826989619,0.4671280276816609,0.004164081705383,0.0116953969757004,0.0,0.0
0.1107266435986159,0.4671280276816609,0.0043817487451291,0.0150548536655605,0.0,0.0
0.1764705882352941,0.4671280276816609,0.0046504734565076,0.0242126918056999,0.0,0.0
0.2041522491349481,0.4671280276816609,0.0046638536715952,0.0282663694750659,0.0,0.0
0.2145328719723183,0.4671280276816609,0.0046423038306775,0.0297898918208572,0.0,0.0
0.314878892733564,0.4671280276816609,0.0043688875004707,0.043018167516663,0.0,0.0
0.3425605536332179,0.4671280276816609,0.0040885629267021,0.0458396414735027,0.0,0.0
0.3667820069204152,0.4671280276816609,0.0036454350893234,0.0480051456781538,0.0,0.0
0.4325259515570934,0.4671280276816609,0.0017568127344966,0.052507888967427,0.0,0.0
0.4429065743944637,0.4671280276816609,0.0013546403923825,0.0531144437579046,0.0,0.0
0.4844290657439446,0.4671280276816609,-0.0003937294195756,0.0551077443013017,0.0,0.0
0.6055363321799307,0.4671280276816609,-0.0065997905351831,0.0604276795482086,0.0,0.0
0.6228373702422145,0.4671280276816609,-0.0076008260703634,0.0612412310022324,0.0,0.0
0.0,0.4636678200692041,0.0034396578229296,0.004447905515358801,0.0,0.0
0.0934256055363321,0.4636678200692041,0.0044274986217707,0.0129232005336417,0.0,0.0
0.1868512110726643,0.4636678200692041,0.0049031097628292,0.0257856044344337,0.0,0.0
0.3321799307958477,0.4636678200692041,0.0044531686627006,0.04473713926190111,0.0,0.0
0.3771626297577855,0.4636678200692041,0.0036945714850993,0.0486879341015631,0.0,0.0
0.4636678200692041,0.4636678200692041,0.0007710059918713,0.053856538960232,0.0,0.0
0.5294117647058824,0.4636678200692041,-0.0023140437574291,0.0566941940303546,0.0,0.0
0.5397923875432526,0.4636678200692041,-0.0028506503273195,0.0571434816337988,0.0,0.0
0.5536332179930796,0.4636678200692041,-0.0035633474357477,0.0576437247045802,0.0,0.0
0.5951557093425606,0.4636678200692041,-0.0058101808106932,0.0594607279241157,0.0,0.0
0.6228373702422145,0.4636678200692041,-0.0073548033641918,0.0607165256373138,0.0,0.0
0.0,0.4602076124567474,0.0035704841442687,0.004468195072925,0.0,0.0
0.0726643598615917,0.4602076124567474,0.0044496898597777,0.0106031317515319,0.0,0.0
0.1245674740484429,0.4602076124567474,0.0048592982178859,0.0168893516183878,0.0,0.0
0.1453287197231834,0.4602076124567474,0.0049714973918468,0.0197413719118808,0.0,0.0
0.1626297577854671,0.4602076124567474,0.0050466800098887,0.0222288182246838,0.0,0.0
0.2352941176470588,0.4602076124567474,0.0051257500900156,0.0328632197174391,0.0,0.0
0.259515570934256,0.4602076124567474,0.005107912139545,0.036240445149778,0.0,0.0
0.273356401384083,0.4602076124567474,0.0050882421976777,0.0380810168556755,0.0,0.0
0.356401384083045,0.4602076124567474,0.0043701309464379,0.0468587715281443,0.0,0.0
0.4013840830449827,0.4602076124567474,0.0033040543505918,0.0502108468512584,0.0,0.0
0.4152249134948096,0.4602076124567474,0.002831400317936,0.0510860326646339,0.0,0.0
0.5051903114186851,0.4602076124567474,-0.0009385847971897,0.0553063060267859,0.0,0.0
0.5847750865051903,0.4602076124567474,-0.0050116123406764,0.0585089401536508,0.0,0.0
0.6228373702422145,0.4602076124567474,-0.0071513739860373,0.0602251302396873,0.0,0.0
0.0,0.4567474048442906,0.0036897700878339,0.0044803377785872,0.0,0.0
0.0138408304498269,0.4567474048442906,0.0038789182756534995,0.0053828930151769,0.0,0.0
0.0276816608996539,0.4567474048442906,0.0040410110657276,0.006388835976658401,0.0,0.0
0.0380622837370242,0.4567474048442906,0.0042035162564351,0.0072575551634449,0.0,0.0
0.1038062283737024,0.4567474048442906,0.004930465101938,0.014247940130837602,0.0,0.0
0.1349480968858131,0.4567474048442906,0.0051359639861193,0.0183053405920137,0.0,0.0
0.1730103806228373,0.4567474048442906,0.0053109827346407,0.023805558791425,0.0,0.0
0.2145328719723183,0.4567474048442906,0.005347343975251,0.0298602374947732,0.0,0.0
0.2491349480968858,0.4567474048442906,0.0053578912302925,0.0348188964260813,0.0,0.0
0.28719723183391,0.4567474048442906,0.0052698860958807,0.039812125809659,0.0,0.0
0.301038062283737,0.4567474048442906,0.0051869593640895,0.0414243312223554,0.0,0.0
0.3217993079584775,0.4567474048442906,0.0050581868241503,0.043658927629071,0.0,0.0
0.3875432525951557,0.4567474048442906,0.003909250014373,0.049130832367906906,0.0,0.0
0.4740484429065744,0.4567474048442906,0.0007451338065756,0.0536903434957587,0.0,0.0
0.4878892733564013,0.4567474048442906,0.0001190601790768,0.0542311286834478,0.0,0.0
0.5674740484429066,0.4567474048442906,-0.0038873631400797,0.05738245859575639,0.0,0.0
0.6089965397923875,0.4567474048442906,-0.006173241299688399,0.05916901946571249,0.0,0.0
0.6228373702422145,0.4567474048442906,-0.0069736088789846,0.0597566500010102,0.0,0.0
0.0,0.4532871972318339,0.0038182579010482,0.004513357309286,0.0,0.0
0.0484429065743944,0.4532871972318339,0.0045187212235948,0.0082201053878757,0.0,0.0
0.0622837370242214,0.4532871972318339,0.0046971203351644,0.0095440834564663,0.0,0.0
0.1141868512110726,0.4532871972318339,0.0052213982771919,0.015589248890159202,0.0,0.0
0.1972318339100346,0.4532871972318339,0.0055800718545353,0.0273545272486158,0.0,0.0
0.2249134948096885,0.4532871972318339,0.0055957037445191,0.0313695999171056,0.0,0.0
0.3391003460207612,0.4532871972318339,0.0050954758311416,0.0452150105986187,0.0,0.0
0.3667820069204152,0.4532871972318339,0.0046467641091835,0.0474702482073443,0.0,0.0
0.4325259515570934,0.4532871972318339,0.002695840587593,0.0515347296604027,0.0,0.0
0.4463667820069204,0.4532871972318339,0.0021721129771886,0.0521494045853335,0.0,0.0
0.5155709342560554,0.4532871972318339,-0.0010114231183362,0.0549755087682546,0.0,0.0
0.5259515570934256,0.4532871972318339,-0.0015407222043192,0.0553907737454105,0.0,0.0
0.5432525951557093,0.4532871972318339,-0.0023622199082386,0.0560232919094203,0.0,0.0
0.5536332179930796,0.4532871972318339,-0.0029154716396433,0.0563995799010532,0.0,0.0
0.5986159169550173,0.4532871972318339,-0.0053701895826903,0.0582331913309956,0.0,0.0
0.6228373702422145,0.4532871972318339,-0.0067664642958121,0.0592339398597275,0.0,0.0
0.0,0.4498269896193771,0.0039316855916328,0.0045391700323142,0.0,0.0
0.0865051903114186,0.4498269896193771,0.005181652857489,0.012212253637007,0.0,0.0
0.1591695501730103,0.4498269896193771,0.005706085541554,0.02182967806518,0.0,0.0
0.1833910034602076,0.4498269896193771,0.0057909340638783,0.0253377891766348,0.0,0.0
0.2664359861591695,0.4498269896193771,0.0057948636328521,0.0371546437321388,0.0,0.0
0.3114186851211072,0.4498269896193771,0.00560438491473,0.0424891232205755,0.0,0.0
0.3494809688581315,0.4498269896193771,0.0052192919122917,0.0460115058565244,0.0,0.0
0.4982698961937716,0.4498269896193771,4.007533282700495e-05,0.0539720252888729,0.0,0.0
0.6228373702422145,0.4498269896193771,-0.0065892000885181,0.0588223482923006,0.0,0.0
0.0,0.4463667820069204,0.0040562392477325,0.0045397240614332,0.0,0.0
0.0173010380622837,0.4463667820069204,0.0043594868837387,0.0057041795313232,0.0,0.0
0.0346020761245674,0.4463667820069204,0.0046317750616913,0.0070288405461026,0.0,0.0
0.1314878892733564,0.4463667820069204,0.0057633787167096,0.0179452941842045,0.0,0.0
0.1695501730103806,0.4463667820069204,0.0059815564375178,0.0233780741538674,0.0,0.0
0.2076124567474048,0.4463667820069204,0.006078515649527,0.0289301860243359,0.0,0.0
0.245674740484429,0.4463667820069204,0.0061025978722354,0.0343765747800165,0.0,0.0
0.2768166089965398,0.4463667820069204,0.0060321779184103,0.0384861828541364,0.0,0.0
0.2941176470588235,0.4463667820069204,0.0059466795257862,0.0405661461449307,0.0,0.0
0.328719723183391,0.4463667820069204,0.0057001576741351,0.0441471719795238,0.0,0.0
0.3771626297577855,0.4463667820069204,0.0048917392636722,0.0479532065528934,0.0,0.0
0.4186851211072664,0.4463667820069204,0.003665802277594,0.0503523081411129,0.0,0.0
0.4602076124567474,0.4463667820069204,0.0020195621342188,0.0521508171640692,0.0,0.0
0.4775086505190311,0.4463667820069204,0.0012242739563992,0.052842497477674,0.0,0.0
0.5674740484429066,0.4463667820069204,-0.0032723777563738,0.0560721147829747,0.0,0.0
0.5778546712802768,0.4463667820069204,-0.0038468799432464,0.0564715929806279,0.0,0.0
0.6228373702422145,0.4463667820069204,-0.0063796346479535,0.0583160870500046,0.0,0.0
0.0,0.4429065743944637,0.0041856561622691,0.0045655577502219,0.0,0.0
0.0692041522491349,0.4429065743944637,0.0053045058156979,0.0103447512782168,0.0,0.0
0.1003460207612456,0.4429065743944637,0.0057133335214854,0.0139114925123947,0.0,0.0
0.1176470588235294,0.4429065743944637,0.005848323515544,0.0160976314391252,0.0,0.0
0.1487889273356401,0.4429065743944637,0.0061372793553787,0.0203952627621974,0.0,0.0
0.231833910034602,0.4429065743944637,0.0063461826228138,0.0324387931093619,0.0,0.0
0.3598615916955017,0.4429065743944637,0.0055119905478537,0.0466346723548822,0.0,0.0
0.4048442906574394,0.4429065743944637,0.0043762488519177,0.0494072197224784,0.0,0.0
0.4290657439446367,0.4429065743944637,0.0035164927476968,0.0506329476730147,0.0,0.0
0.5086505190311419,0.4429065743944637,-5.087632233720422e-05,0.053626004187466,0.0,0.0
0.532871972318339,0.4429065743944637,-0.0012445246152977,0.054473492323512604,0.0,0.0
0.5570934256055363,0.4429065743944637,-0.0024951750869151,0.0552429893739014,0.0,0.0
0.5916955017301038,0.4429065743944637,-0.004421198366886,0.0565511993568848,0.0,0.0
0.6089965397923875,0.4429065743944637,-0.0053695671563173,0.0572245345634905,0.0,0.0
0.6228373702422145,0.4429065743944637,-0.0061889423708377,0.0578404505739839,0.0,0.0
0.0,0.4394463667820069,0.0042995683788295,0.0045810824793024,0.0,0.0
0.0553633217993079,0.4394463667820069,0.0052922483903779,0.0089670741548938,0.0,0.0
0.0795847750865051,0.4394463667820069,0.005644273043688,0.0114924137180464,0.0,0.0
0.1799307958477508,0.4394463667820069,0.0064701301583631,0.0248917483564407,0.0,0.0
0.1903114186851211,0.4394463667820069,0.0065666721941429,0.0264744407649334,0.0,0.0
0.2179930795847751,0.4394463667820069,0.0065793504461375,0.0304901205184832,0.0,0.0
0.2629757785467128,0.4394463667820069,0.0065146695462407,0.0367349886679386,0.0,0.0
0.3183391003460207,0.4394463667820069,0.006283996539411499,0.0430687011777657,0.0,0.0
0.3425605536332179,0.4394463667820069,0.0060129015183148,0.0452081411179574,0.0,0.0
0.3910034602076124,0.4394463667820069,0.0050287774745076,0.0484781091635826,0.0,0.0
0.4429065743944637,0.4394463667820069,0.0031701855219423,0.0509318524427167,0.0,0.0
0.4878892733564013,0.4394463667820069,0.001130091684872,0.0525244882176997,0.0,0.0
0.5224913494809689,0.4394463667820069,-0.0005524929747424,0.0537318009412662,0.0,0.0
0.5432525951557093,0.4394463667820069,-0.0015868698296954,0.0544094522984153,0.0,0.0
0.6228373702422145,0.4394463667820069,-0.0059764526428211,0.0573064344713672,0.0,0.0
0.0,0.4359861591695502,0.0044226235997426,0.0045943045116038,0.0,0.0
0.0103806228373702,0.4359861591695502,0.0046210201298011,0.0052642922096616,0.0,0.0
0.0207612456747404,0.4359861591695502,0.0048267274985089,0.0059916738584361,0.0,0.0
0.0311418685121107,0.4359861591695502,0.0050044736215327,0.0067918896995439,0.0,0.0
0.0415224913494809,0.4359861591695502,0.0051940815512704,0.0077026315385133,0.0,0.0
0.1280276816608996,0.4359861591695502,0.006421817536959,0.0175639642389428,0.0,0.0
0.1591695501730103,0.4359861591695502,0.0066602628831684,0.0219959760040399,0.0,0.0
0.1695501730103806,0.4359861591695502,0.0067008892758904,0.0234757321291224,0.0,0.0
0.2006920415224913,0.4359861591695502,0.0068177687536606,0.0279793659023457,0.0,0.0
0.2802768166089965,0.4359861591695502,0.0067113531656703,0.0389330766658232,0.0,0.0
0.3079584775086505,0.4359861591695502,0.0065730927078859,0.0420124810524349,0.0,0.0
0.370242214532872,0.4359861591695502,0.0057577637831841,0.0471185997642636,0.0,0.0
0.4152249134948096,0.4359861591695502,0.0044776817488467,0.0494756565097895,0.0,0.0
0.4982698961937716,0.4359861591695502,0.0008128801489736,0.0525663678735516,0.0,0.0
0.5674740484429066,0.4359861591695502,-0.0026520073199266,0.0547060560925405,0.0,0.0
0.5813148788927336,0.4359861591695502,-0.0034357933491868,0.0552298735307292,0.0,0.0
0.6228373702422145,0.4359861591695502,-0.0057750560780743,0.0567546431979593,0.0,0.0
0.0,0.4325259515570934,0.0045488778379831,0.0046258500385624,0.0,0.0
0.0899653979238754,0.4325259515570934,0.0061567325182325,0.0127524204295704,0.0,0.0
0.1141868512110726,0.4325259515570934,0.0064864180620919,0.0157341443926859,0.0,0.0
0.1453287197231834,0.4325259515570934,0.0067661945177389,0.0200342006661196,0.0,0.0
0.2906574394463668,0.4325259515570934,0.0068824620202714,0.0401118632166506,0.0,0.0
0.328719723183391,0.4325259515570934,0.0066486208910893,0.0439462243758486,0.0,0.0
0.4532871972318339,0.4325259515570934,0.00314152374199,0.05073638180227189,0.0,0.0
0.4775086505190311,0.4325259515570934,0.0020577982926519,0.051487617455017606,0.0,0.0
0.5121107266435986,0.4325259515570934,0.0003292899810743,0.0526221750949474,0.0,0.0
0.5536332179930796,0.4325259515570934,-0.001756401582927,0.0538413754473997,0.0,0.0
0.5986159169550173,0.4325259515570934,-0.0042310995290842,0.0553368390749575,0.0,0.0
0.6228373702422145,0.4325259515570934,-0.0055781611836813,0.0562397022083321,0.0,0.0
0.0,0.4290657439446367,0.0046742851954241,0.0046367040096985,0.0,0.0
0.0726643598615917,0.4290657439446367,0.0060879691661509,0.0107958818301031,0.0,0.0
0.1833910034602076,0.4290657439446367,0.0072507420225214,0.0255216188576715,0.0,0.0
0.2491349480968858,0.4290657439446367,0.0072669031446971,0.0349121417278033,0.0,0.0
0.3391003460207612,0.4290657439446367,0.0067680132528577,0.0447318433936707,0.0,0.0
0.3598615916955017,0.4290657439446367,0.0064549936248033,0.0462184761293437,0.0,0.0
0.3806228373702422,0.4290657439446367,0.0059800988212658,0.0474334293724121,0.0,0.0
0.3944636678200692,0.4290657439446367,0.0055907093321113,0.0481352279379838,0.0,0.0
0.4256055363321799,0.4290657439446367,0.0045299754003926,0.0494327806176085,0.0,0.0
0.4671280276816609,0.4290657439446367,0.0027094644684519,0.0508743509336484,0.0,0.0
0.5259515570934256,0.4290657439446367,-0.0001748675444774,0.0526685871911114,0.0,0.0
0.5397923875432526,0.4290657439446367,-0.0008778939980123,0.0530355404361066,0.0,0.0
0.6228373702422145,0.4290657439446367,-0.0053694816143289,0.0557071431237355,0.0,0.0
0.0,0.4256055363321799,0.0048131501183816,0.0047000092931718,0.0,0.0
0.0138408304498269,0.4256055363321799,0.005119078908009,0.0056058309038334,0.0,0.0
0.0415224913494809,0.4256055363321799,0.0056565250179625,0.0077460040826379,0.0,0.0
0.0588235294117647,0.4256055363321799,0.0060338719838025,0.0094083518225007,0.0,0.0
0.1003460207612456,0.4256055363321799,0.0067331398811668,0.0140549780590889,0.0,0.0
0.1349480968858131,0.4256055363321799,0.0071945434671498,0.0186159129405659,0.0,0.0
0.1626297577854671,0.4256055363321799,0.0073961754046468,0.022536391166161,0.0,0.0
0.1730103806228373,0.4256055363321799,0.0074718532455879,0.0240308552578438,0.0,0.0
0.1937716262975778,0.4256055363321799,0.0075705977202435,0.0270966374841203,0.0,0.0
0.231833910034602,0.4256055363321799,0.0075461250697637,0.032536346510693,0.0,0.0
0.259515570934256,0.4256055363321799,0.0074907516980604,0.0363097286871331,0.0,0.0
0.273356401384083,0.4256055363321799,0.0074434393493132,0.0380946747362857,0.0,0.0
0.301038062283737,0.4256055363321799,0.0072855036242237,0.0412265820291219,0.0,0.0
0.3494809688581315,0.4256055363321799,0.0068468678222787,0.0454227786592391,0.0,0.0
0.4083044982698962,0.4256055363321799,0.0053576973889601,0.0485368185698504,0.0,0.0
0.4429065743944637,0.4256055363321799,0.0039918273440853,0.0497803286500903,0.0,0.0
0.4913494809688581,0.4256055363321799,0.0016969824911133,0.0512453849239409,0.0,0.0
0.5640138408304498,0.4256055363321799,-0.0019572488474877,0.0532914987773012,0.0,0.0
0.5743944636678201,0.4256055363321799,-0.0024991487219118,0.0535854813163261,0.0,0.0
0.6089965397923875,0.4256055363321799,-0.0044802806059548,0.0546824460423274,0.0,0.0
0.6228373702422145,0.4256055363321799,-0.0052067305801781,0.0552511898667703,0.0,0.0
0.0,0.4221453287197231,0.0049292017024106,0.0047101455751828,0.0,0.0
0.0311418685121107,0.4221453287197231,0.0056188481734559,0.0068994773612166,0.0,0.0
0.1245674740484429,0.4221453287197231,0.0073024049027401,0.0172119360167453,0.0,0.0
0.1487889273356401,0.4221453287197231,0.0075242781901377,0.0205841792569509,0.0,0.0
0.2179930795847751,0.4221453287197231,0.0078271118735888,0.0306267867957216,0.0,0.0
0.3252595155709342,0.4221453287197231,0.0073709247642269994,0.0435352518085827,0.0,0.0
0.370242214532872,0.4221453287197231,0.0067134151462311,0.0466120645440261,0.0,0.0
0.5017301038062284,0.4221453287197231,0.0013708272444702,0.05115570802007689,0.0,0.0
0.5882352941176471,0.4221453287197231,-0.0031130318397182,0.0535805031920716,0.0,0.0
0.6228373702422145,0.4221453287197231,-0.0050187142088487,0.0547081494483762,0.0,0.0
0.0,0.4186851211072664,0.0050692559692315,0.0047563407388721,0.0,0.0
0.0899653979238754,0.4186851211072664,0.0069722282763785,0.0128644492180158,0.0,0.0
0.1141868512110726,0.4186851211072664,0.0073809717858623,0.0158648713690289,0.0,0.0
0.2041522491349481,0.4186851211072664,0.0080911687806628,0.0286506283331339,0.0,0.0
0.314878892733564,0.4186851211072664,0.0076538715143298,0.0425999256287039,0.0,0.0
0.4532871972318339,0.4186851211072664,0.003901315708303,0.0495052368470815,0.0,0.0
0.5155709342560554,0.4186851211072664,0.0008499222155578,0.0511914281372651,0.0,0.0
0.5536332179930796,0.4186851211072664,-0.0011162331230885,0.0521504731886992,0.0,0.0
0.6228373702422145,0.4186851211072664,-0.0048841067368259,0.0542584942746433,0.0,0.0
0.0,0.4152249134948096,0.0051913839470117,0.0047899369791638,0.0,0.0
0.0173010380622837,0.4152249134948096,0.0056187389202881,0.0059219789754221,0.0,0.0
0.0449826989619377,0.4152249134948096,0.0062367184043054,0.0081485443160684,0.0,0.0
0.0761245674740484,0.4152249134948096,0.0069250771499306,0.0112841387443701,0.0,0.0
0.1384083044982699,0.4152249134948096,0.0079357398506352,0.0192151095746237,0.0,0.0
0.1626297577854671,0.4152249134948096,0.0081620752093735,0.0226573533801816,0.0,0.0
0.1730103806228373,0.4152249134948096,0.0082504453377664,0.0241659248306491,0.0,0.0
0.2422145328719723,0.4152249134948096,0.0082811052712624,0.0340476846168078,0.0,0.0
0.2560553633217993,0.4152249134948096,0.0082729669810506,0.035906232089844,0.0,0.0
0.2664359861591695,0.4152249134948096,0.0081884848386386,0.0372377819935423,0.0,0.0
0.2837370242214533,0.4152249134948096,0.0081089348185245,0.039353766242334,0.0,0.0
0.3425605536332179,0.4152249134948096,0.0076164081266475,0.0447722369389001,0.0,0.0
0.3910034602076124,0.4152249134948096,0.0065401680535107,0.0472547690802659,0.0,0.0
0.4048442906574394,0.4152249134948096,0.0060980885831649,0.0477883658504647,0.0,0.0
0.4359861591695502,0.4152249134948096,0.00485903459584,0.0487145976217598,0.0,0.0
0.4775086505190311,0.4152249134948096,0.0029275544111436,0.0498616913197779,0.0,0.0
0.5294117647058824,0.4152249134948096,0.0003122141755675,0.051127452207163,0.0,0.0
0.5432525951557093,0.4152249134948096,-0.00041048160392500004,0.0514486078850962,0.0,0.0
0.5674740484429066,0.4152249134948096,-0.0016779481351701,0.0520597580315448,0.0,0.0
0.6020761245674741,0.4152249134948096,-0.00358451363565,0.0530604348242998,0.0,0.0
0.6124567474048442,0.4152249134948096,-0.0042067152335825,0.0533409298775924,0.0,0.0
0.6228373702422145,0.4152249134948096,-0.0047497295214971,0.0537243754232342,0.0,0.0
0.0,0.4117647058823529,0.0053185510637218,0.0048141010261451,0.0,0.0
0.0622837370242214,0.4117647058823529,0.0068085183313873,0.0098341444178813,0.0,0.0
0.1003460207612456,0.4117647058823529,0.0076116631677248,0.0141735513605796,0.0,0.0
0.1903114186851211,0.4117647058823529,0.0086043725439614,0.0266881496596122,0.0,0.0
0.2145328719723183,0.4117647058823529,0.00860495094305,0.0301921660461747,0.0,0.0
0.2975778546712803,0.4117647058823529,0.0082277574400354,0.04087517652485,0.0,0.0
0.3321799307958477,0.4117647058823529,0.0079658365469817,0.0439763695964873,0.0,0.0
0.3529411764705882,0.4117647058823529,0.007662211507361601,0.0453437621401276,0.0,0.0
0.3806228373702422,0.4117647058823529,0.007061905214212,0.0466686694809487,0.0,0.0
0.4186851211072664,0.4117647058823529,0.0057457994119561,0.0480356936383774,0.0,0.0
0.4636678200692041,0.4117647058823529,0.0037680784443605,0.0491647328832175,0.0,0.0
0.4878892733564013,0.4117647058823529,0.0025349957230419,0.0497668452661178,0.0,0.0
0.6228373702422145,0.4117647058823529,-0.0046301890773549,0.0532603572224019,0.0,0.0
0.0,0.4083044982698962,0.0054231830434644,0.0048299241670402,0.0,0.0
0.1245674740484429,0.4083044982698962,0.0082304907599288,0.0173618306152481,0.0,0.0
0.1522491349480969,0.4083044982698962,0.0086092905329636,0.0212143433268621,0.0,0.0
0.2006920415224913,0.4083044982698962,0.0088956712510483,0.0282203195842593,0.0,0.0
0.2249134948096885,0.4083044982698962,0.0088954117397408,0.0317003512102378,0.0,0.0
0.5051903114186851,0.4083044982698962,0.0018295898543949,0.0497904672153313,0.0,0.0
0.5847750865051903,0.4083044982698962,-0.0022593014285272,0.0515431883800526,0.0,0.0
0.6228373702422145,0.4083044982698962,-0.004484971761528,0.0527982774957395,0.0,0.0
0.0,0.4048442906574394,0.0055258264461061,0.0048630351898026,0.0,0.0
0.0311418685121107,0.4048442906574394,0.0063596609768182,0.0070400949246205,0.0,0.0
0.2560553633217993,0.4048442906574394,0.0090206711833096,0.0359393079124099,0.0,0.0
0.2698961937716263,0.4048442906574394,0.0088933958110321,0.0377308359104383,0.0,0.0
0.2802768166089965,0.4048442906574394,0.0088389446373529,0.0389974381859149,0.0,0.0
0.370242214532872,0.4048442906574394,0.0077610574618185,0.0460134155696519,0.0,0.0
0.4429065743944637,0.4048442906574394,0.005048458268591,0.0480785214637759,0.0,0.0
0.532871972318339,0.4048442906574394,0.0005335468665905,0.0500199097110386,0.0,0.0
0.5536332179930796,0.4048442906574394,-0.0005443658937873,0.0504501477130198,0.0,0.0
0.5743944636678201,0.4048442906574394,-0.0016005682093593,0.0508785079078933,0.0,0.0
0.5951557093425606,0.4048442906574394,-0.0027292654726649,0.051346269959073,0.0,0.0
0.6089965397923875,0.4048442906574394,-0.0035863401478514,0.0517533289776771,0.0,0.0
0.6228373702422145,0.4048442906574394,-0.0043710963110041,0.0522356937612573,0.0,0.0
0.0,0.4013840830449827,0.0056316648851968,0.0048944632189482,0.0,0.0
0.0415224913494809,0.4013840830449827,0.0067994317114471,0.007962228342681,0.0,0.0
0.0553633217993079,0.4013840830449827,0.0071582847227863,0.0092286853971544,0.0,0.0
0.0865051903114186,0.4013840830449827,0.0079563390392246,0.0125482809324781,0.0,0.0
0.0968858131487889,0.4013840830449827,0.0082057011683997,0.0138277578842008,0.0,0.0
0.1107266435986159,0.4013840830449827,0.0084326626238708,0.0155641876515138,0.0,0.0
0.1384083044982699,0.4013840830449827,0.0089722600259893,0.0193120458762371,0.0,0.0
0.1626297577854671,0.4013840830449827,0.0092481734125391,0.0228050431908269,0.0,0.0
0.1764705882352941,0.4013840830449827,0.0093950317537599,0.0248177733374126,0.0,0.0
0.2110726643598615,0.4013840830449827,0.0094521567998597,0.029798804817554,0.0,0.0
0.245674740484429,0.4013840830449827,0.0093494451379312,0.0345941850034031,0.0,0.0
0.314878892733564,0.4013840830449827,0.0087907507122718,0.0425337043235186,0.0,0.0
0.328719723183391,0.4013840830449827,0.0086412394100783,0.0436296998678533,0.0,0.0
0.3910034602076124,0.4013840830449827,0.0073369202013237,0.046558113266222,0.0,0.0
0.4048442906574394,0.4013840830449827,0.0068635500671324,0.04690806825706,0.0,0.0
0.4532871972318339,0.4013840830449827,0.0047380070020346,0.0479851062542712,0.0,0.0
0.4636678200692041,0.4013840830449827,0.0042146757757455,0.0481943991726429,0.0,0.0
0.4913494809688581,0.4013840830449827,0.0027969097045633,0.0487261591762961,0.0,0.0
0.5190311418685121,0.4013840830449827,0.0013805985479172,0.0493189553741773,0.0,0.0
0.5432525951557093,0.4013840830449827,0.0001361527019514,0.0498052216794064,0.0,0.0
0.5640138408304498,0.4013840830449827,-0.000946422004906,0.0502085767650015,0.0,0.0
0.6228373702422145,0.4013840830449827,-0.0042320092672423,0.051680573812289,0.0,0.0
0.0,0.3979238754325259,0.0057446033862781,0.0049110030085264,0.0,0.0
0.0173010380622837,0.3979238754325259,0.0062293318889507,0.0060448888904332,0.0,0.0
0.0726643598615917,0.3979238754325259,0.0077945385132291,0.0110197938946959,0.0,0.0
0.1903114186851211,0.3979238754325259,0.0097471408756077,0.026836104715894,0.0,0.0
0.2214532871972318,0.3979238754325259,0.0097475876917174,0.0313039876125596,0.0,0.0
0.231833910034602,0.3979238754325259,0.009694989592852,0.0327230663265125,0.0,0.0
0.301038062283737,0.3979238754325259,0.0091418157957177,0.0412705355262102,0.0,0.0
0.3391003460207612,0.3979238754325259,0.0087456145477673,0.0442948568326136,0.0,0.0
0.356401384083045,0.3979238754325259,0.0084455149288795,0.0451999643984301,0.0,0.0
0.4186851211072664,0.3979238754325259,0.0064597096000028,0.0469648395554213,0.0,0.0
0.4325259515570934,0.3979238754325259,0.005798976043795,0.0473044183265651,0.0,0.0
0.4740484429065744,0.3979238754325259,0.0038225017519033,0.0480641670951621,0.0,0.0
0.5017301038062284,0.3979238754325259,0.0023897222529447,0.0485694802740107,0.0,0.0
0.6228373702422145,0.3979238754325259,-0.0040952299253099,0.0511289010772458,0.0,0.0
0.0,0.3944636678200692,0.0058401660966554,0.0049549695338251,0.0,0.0
0.0276816608996539,0.3944636678200692,0.0066469252325351,0.006831430407956,0.0,0.0
0.28719723183391,0.3944636678200692,0.009511447214417098,0.0397880396729999,0.0,0.0
0.3806228373702422,0.3944636678200692,0.0080258654485234,0.0459556588824229,0.0,0.0
0.5294117647058824,0.3944636678200692,0.001108745503381,0.0486820671038986,0.0,0.0
0.5536332179930796,0.3944636678200692,-0.0001468512113722,0.0491245128211647,0.0,0.0
0.5882352941176471,0.3944636678200692,-0.0019854804850868,0.0497436304534502,0.0,0.0
0.6020761245674741,0.3944636678200692,-0.0027754251682962005,0.050044702349727,0.0,0.0
0.6124567474048442,0.3944636678200692,-0.0033512927589138,0.0502989597457023,0.0,0.0
0.6228373702422145,0.3944636678200692,-0.0039581977083233,0.0505808909494184,0.0,0.0
0.0,0.3910034602076124,0.0059498767713877,0.0049822512123016,0.0,0.0
0.0380622837370242,0.3910034602076124,0.0071329431274425,0.007746733244993,0.0,0.0
0.0519031141868512,0.3910034602076124,0.0075620419424172,0.0089717041357518,0.0,0.0
0.0968858131487889,0.3910034602076124,0.0088889364989683,0.0139192769985162,0.0,0.0
0.1245674740484429,0.3910034602076124,0.0095417319133376,0.0175533866135266,0.0,0.0
0.1557093425605536,0.3910034602076124,0.0100759199060248,0.0219070782452075,0.0,0.0
0.1695501730103806,0.3910034602076124,0.0102175750314505,0.023924096467267498,0.0,0.0
0.2006920415224913,0.3910034602076124,0.0103622171856075,0.0284324382237545,0.0,0.0
0.2422145328719723,0.3910034602076124,0.0102073306653079,0.0342159541931074,0.0,0.0
0.259515570934256,0.3910034602076124,0.010043297678912,0.0365310666668318,0.0,0.0
0.4048442906574394,0.3910034602076124,0.0073372536212319,0.0462548992350837,0.0,0.0
0.4429065743944637,0.3910034602076124,0.0055963176193825,0.0468996972151001,0.0,0.0
0.4602076124567474,0.3910034602076124,0.0047764371153749,0.0471460530591689,0.0,0.0
0.5778546712802768,0.3910034602076124,-0.001345304558098,0.049126424927608,0.0,0.0
0.6228373702422145,0.3910034602076124,-0.0038214176396191,0.0500785028952693,0.0,0.0
0.0,0.3875432525951557,0.0060398743727503,0.0050159143673771,0.0,0.0
0.0138408304498269,0.3875432525951557,0.006432897539147,0.005892887003122,0.0,0.0
0.0622837370242214,0.3875432525951557,0.0080637849625526,0.0100010326304945,0.0,0.0
0.1107266435986159,0.3875432525951557,0.0095021821815806,0.0157449685956831,0.0,0.0
0.2214532871972318,0.3875432525951557,0.0106465958161412,0.0313777873322543,0.0,0.0
0.273356401384083,0.3875432525951557,0.010167891518822,0.0382502115370641,0.0,0.0
0.3217993079584775,0.3875432525951557,0.0095801113329031,0.0430595760395316,0.0,0.0
0.3667820069204152,0.3875432525951557,0.0087674459074601,0.0452901455708871,0.0,0.0
0.3944636678200692,0.3875432525951557,0.0078694152294938,0.04589889373266269,0.0,0.0
0.4325259515570934,0.3875432525951557,0.0062404326211235,0.0463986172257862,0.0,0.0
0.4982698961937716,0.3875432525951557,0.0029294387721081,0.0474198264863659,0.0,0.0
0.5121107266435986,0.3875432525951557,0.0022107833450547,0.0475991274973969,0.0,0.0
0.5397923875432526,0.3875432525951557,0.0007841973779638,0.0480692565787462,0.0,0.0
0.5674740484429066,0.3875432525951557,-0.0006772278787828,0.0485181599102184,0.0,0.0
0.6228373702422145,0.3875432525951557,-0.0037001450034254,0.0495333505591206,0.0,0.0
0.0,0.3840830449826989,0.0061255321997434,0.0050413573287626,0.0,0.0
0.0795847750865051,0.3840830449826989,0.0088098423597069,0.0119189101126631,0.0,0.0
0.1384083044982699,0.3840830449826989,0.010398029673212,0.0195607276924257,0.0,0.0
0.1833910034602076,0.3840830449826989,0.0109647296615285,0.0259971624651224,0.0,0.0
0.2110726643598615,0.3840830449826989,0.0109959096540719,0.0299579999547447,0.0,0.0
0.3044982698961938,0.3840830449826989,0.0099947912233455,0.0416339950582562,0.0,0.0
0.4221453287197231,0.3840830449826989,0.006862834919040701,0.045960059587824,0.0,0.0
0.4844290657439446,0.3840830449826989,0.0037636419651317,0.0468123701475126,0.0,0.0
0.5259515570934256,0.3840830449826989,0.0016165600182214,0.047416799191497896,0.0,0.0
0.5570934256055363,0.3840830449826989,-7.715341691119985e-06,0.0479076416798824,0.0,0.0
0.6228373702422145,0.3840830449826989,-0.0035865766342716,0.0490209996319564,0.0,0.0
0.0,0.3806228373702422,0.0062158779384403,0.0050678686383907,0.0,0.0
0.0242214532871972,0.3806228373702422,0.0070185838766136,0.0066881269860005,0.0,0.0
0.0346020761245674,0.3806228373702422,0.007422947234016,0.0075337397331408,0.0,0.0
0.0899653979238754,0.3806228373702422,0.009379971932528,0.0131829524910262,0.0,0.0
0.2387543252595155,0.3806228373702422,0.011142076991031,0.0338127602629464,0.0,0.0
0.28719723183391,0.3806228373702422,0.010466780211739501,0.0398567954061795,0.0,0.0
0.3356401384083045,0.3806228373702422,0.0097739080865821,0.0439343929003608,0.0,0.0
0.3529411764705882,0.3806228373702422,0.009454504895227,0.0446579813848603,0.0,0.0
0.4083044982698962,0.3806228373702422,0.0075750910479246,0.045606172081412,0.0,0.0
0.4463667820069204,0.3806228373702422,0.0057854828466007,0.0460010924256519,0.0,0.0
0.4705882352941176,0.3806228373702422,0.0045795299821326,0.0462545836197826,0.0,0.0
0.5778546712802768,0.3806228373702422,-0.0010298646148937,0.0477720771137462,0.0,0.0
0.6055363321799307,0.3806228373702422,-0.0024827818473099,0.0481727232533958,0.0,0.0
0.6228373702422145,0.3806228373702422,-0.0034776058151627,0.048469028676828,0.0,0.0
0.0,0.3771626297577855,0.0062912832143619,0.0050813966923304,0.0,0.0
0.0484429065743944,0.3771626297577855,0.0080574810135043,0.0087385411174375,0.0,0.0
0.0588235294117647,0.3771626297577855,0.0084622178784645,0.0097558229566608,0.0,0.0
0.1038062283737024,0.3771626297577855,0.0100975512075038,0.0149660363435596,0.0,0.0
0.1141868512110726,0.3771626297577855,0.0103789845083206,0.0163212646240802,0.0,0.0
0.1280276816608996,0.3771626297577855,0.010785901652485,0.0182285799379928,0.0,0.0
0.1660899653979238,0.3771626297577855,0.0114636796833292,0.0235986375650235,0.0,0.0
0.2006920415224913,0.3771626297577855,0.0116752994320364,0.0285507195993965,0.0,0.0
0.2249134948096885,0.3771626297577855,0.0116238965988276,0.0319430955052351,0.0,0.0
0.2525951557093425,0.3771626297577855,0.0112995684102272,0.0356528959126353,0.0,0.0
0.314878892733564,0.3771626297577855,0.0102910971683956,0.0425409417004297,0.0,0.0
0.3840830449826989,0.3771626297577855,0.008680029288123,0.0451815425144145,0.0,0.0
0.4948096885813148,0.3771626297577855,0.0034022125285659,0.046222908735035,0.0,0.0
0.5882352941176471,0.3771626297577855,-0.0014775312373357,0.0474705723451265,0.0,0.0
0.6228373702422145,0.3771626297577855,-0.0033607550255057997,0.0480080471823567,0.0,0.0
0.0,0.3737024221453287,0.0063663337899683,0.0051150194028212,0.0,0.0
0.0138408304498269,0.3737024221453287,0.0068443773855328,0.0060069034033986,0.0,0.0
0.0692041522491349,0.3737024221453287,0.0090546773285316,0.0108930921754878,0.0,0.0
0.1384083044982699,0.3737024221453287,0.011351737212284,0.0197265580502416,0.0,0.0
0.1522491349480969,0.3737024221453287,0.011634419608800703,0.0216829403177535,0.0,0.0
0.1764705882352941,0.3737024221453287,0.0119283617125263,0.0251403657223794,0.0,0.0
0.2698961937716263,0.3737024221453287,0.0113406087381281,0.0378328427515816,0.0,0.0
0.301038062283737,0.3737024221453287,0.0107211194516807,0.0413283941750544,0.0,0.0
0.3667820069204152,0.3737024221453287,0.0094084868774341,0.0448096964038002,0.0,0.0
0.4325259515570934,0.3737024221453287,0.0066636941425182,0.0452646683271441,0.0,0.0
0.4602076124567474,0.3737024221453287,0.0052688669759314,0.0454832660884718,0.0,0.0
0.6228373702422145,0.3737024221453287,-0.0032514696724432,0.0474694208389715,0.0,0.0
0.0,0.370242214532872,0.0064252612362377,0.0051438185597759,0.0,0.0
0.0346020761245674,0.370242214532872,0.007786381312552,0.0076277424842904,0.0,0.0
0.0830449826989619,0.370242214532872,0.0097922101765871,0.0124998036591418,0.0,0.0
0.2145328719723183,0.370242214532872,0.0123481256692686,0.0305580993021533,0.0,0.0
0.2802768166089965,0.370242214532872,0.0113670141439753,0.0390871506133525,0.0,0.0
0.328719723183391,0.370242214532872,0.010454284182773,0.0434807409407912,0.0,0.0
0.3425605536332179,0.370242214532872,0.0101672827446826,0.0441387994713351,0.0,0.0
0.3979238754325259,0.370242214532872,0.0083646731154804,0.0448764216853481,0.0,0.0
0.4775086505190311,0.370242214532872,0.0044470904618296,0.0452972456366478,0.0,0.0
0.5121107266435986,0.370242214532872,0.0026766428653279,0.0456659260685179,0.0,0.0
0.5397923875432526,0.370242214532872,0.0012438647722353,0.0459637481525409,0.0,0.0
0.5536332179930796,0.370242214532872,0.000513309322136,0.0461679800829487,0.0,0.0
0.5709342560553633,0.370242214532872,-0.000401699166918,0.0463847436802866,0.0,0.0
0.6124567474048442,0.370242214532872,-0.0026432780307846,0.0468326360833756,0.0,0.0
0.6228373702422145,0.370242214532872,-0.0031615431184788,0.04699433355559649,0.0,0.0
0.0,0.3667820069204152,0.0064836942413326,0.0051677754004004,0.0,0.0
0.0449826989619377,0.3667820069204152,0.0083135400164048,0.008545215738205,0.0,0.0
0.0553633217993079,0.3667820069204152,0.0087655999036927,0.0095365417760352,0.0,0.0
0.0968858131487889,0.3667820069204152,0.0106190301939525,0.0142635628188307,0.0,0.0
0.1072664359861591,0.3667820069204152,0.0110275443371138,0.0155749875501556,0.0,0.0
0.1211072664359861,0.3667820069204152,0.0115280960075777,0.0174163142741109,0.0,0.0
0.1903114186851211,0.3667820069204152,0.012777901660927,0.0271923142770048,0.0,0.0
0.2906574394463668,0.3667820069204152,0.0114149878236511,0.040246474999704,0.0,0.0
0.3183391003460207,0.3667820069204152,0.0108077961206628,0.0428119392475919,0.0,0.0
0.356401384083045,0.3667820069204152,0.0099837059855678,0.0444555982346128,0.0,0.0
0.4152249134948096,0.3667820069204152,0.0076847234509576,0.044667173225734505,0.0,0.0
0.4498269896193771,0.3667820069204152,0.0059624566296296,0.0447331754464575,0.0,0.0
0.4913494809688581,0.3667820069204152,0.0038485648961299,0.0450686074670427,0.0,0.0
0.5259515570934256,0.3667820069204152,0.0020531517210552,0.0454078431332483,0.0,0.0
0.6228373702422145,0.3667820069204152,-0.0030484527794978,0.0464878411439249,0.0,0.0
0.0,0.3633217993079585,0.0065475427817317,0.0052145321103698,0.0,0.0
0.0173010380622837,0.3633217993079585,0.0072572784683452,0.0063213478256507,0.0,0.0
0.1418685121107266,0.3633217993079585,0.0124544323192174,0.0203940193783084,0.0,0.0
0.231833910034602,0.3633217993079585,0.0129404145601702,0.0329795425760839,0.0,0.0
0.2491349480968858,0.3633217993079585,0.0126596982426939,0.0352600918730623,0.0,0.0
0.3667820069204152,0.3633217993079585,0.0097994926041101,0.0444625476226325,0.0,0.0
0.3806228373702422,0.3633217993079585,0.009257448399145,0.0444875990154559,0.0,0.0
0.4671280276816609,0.3633217993079585,0.0051142385010403,0.04450047960511,0.0,0.0
0.5017301038062284,0.3633217993079585,0.003378848128753,0.0447852969680991,0.0,0.0
0.5847750865051903,0.3633217993079585,-0.0009530959898769,0.0456299576062729,0.0,0.0
0.6020761245674741,0.3633217993079585,-0.0018372277405931,0.0457701220131168,0.0,0.0
0.6228373702422145,0.3633217993079585,-0.0029348501498693,0.0460000433982614,0.0,0.0
0.0,0.3598615916955017,0.0065978804355877,0.0052326554697859,0.0,0.0
0.0657439446366782,0.3598615916955017,0.0095897623782217,0.0107087034858472,0.0,0.0
0.1591695501730103,0.3598615916955017,0.0132371465058217,0.0229409832168064,0.0,0.0
0.1764705882352941,0.3598615916955017,0.0134607879058032,0.025346809452526,0.0,0.0
0.2041522491349481,0.3598615916955017,0.0135538935049983,0.0292359796541123,0.0,0.0
0.2629757785467128,0.3598615916955017,0.0127645447204514,0.0370266228746471,0.0,0.0
0.2768166089965398,0.3598615916955017,0.012384960365815201,0.0386769079042183,0.0,0.0
0.3044982698961938,0.3598615916955017,0.0115756493067903,0.0416926727268989,0.0,0.0
0.3910034602076124,0.3598615916955017,0.008918939615203,0.0442336795060838,0.0,0.0
0.4048442906574394,0.3598615916955017,0.0083186862198654,0.0441981110600226,0.0,0.0
0.4359861591695502,0.3598615916955017,0.0067958058451221,0.0440910684981118,0.0,0.0
0.4775086505190311,0.3598615916955017,0.0046989860109481,0.0441908926592234,0.0,0.0
0.6228373702422145,0.3598615916955017,-0.0028316678520126,0.0455630095268727,0.0,0.0
0.0,0.356401384083045,0.0066769944170704,0.0052581367195622,0.0,0.0
0.0484429065743944,0.356401384083045,0.0088621078783389,0.0089967732456753,0.0,0.0
0.0830449826989619,0.356401384083045,0.0107183147514056,0.0127883099820396,0.0,0.0
0.1072664359861591,0.356401384083045,0.0119526480400958,0.0158276996078065,0.0,0.0
0.1176470588235294,0.356401384083045,0.0123890691345234,0.017222408960761,0.0,0.0
0.1280276816608996,0.356401384083045,0.0127939510080218,0.0186477983683719,0.0,0.0
0.1868512110726643,0.356401384083045,0.0139359372817522,0.0268475841289562,0.0,0.0
0.2179930795847751,0.356401384083045,0.0138559092913913,0.0311313384331227,0.0,0.0
0.28719723183391,0.356401384083045,0.0123596285851219,0.0398419611569417,0.0,0.0
0.314878892733564,0.356401384083045,0.0115094409542484,0.0425873425585943,0.0,0.0
0.3321799307958477,0.356401384083045,0.0109968611656562,0.0435989662289136,0.0,0.0
0.3494809688581315,0.356401384083045,0.0105291239764652,0.044107023907149,0.0,0.0
0.4221453287197231,0.356401384083045,0.0075522943337447,0.043846118588894,0.0,0.0
0.4567474048442906,0.356401384083045,0.0057487765931363,0.0438128706384704,0.0,0.0
0.5155709342560554,0.356401384083045,0.0027673533635331,0.04414420457752359,0.0,0.0
0.5432525951557093,0.356401384083045,0.0013232398548458,0.04439068051417021,0.0,0.0
0.5570934256055363,0.356401384083045,0.0005897781079975,0.0445464903902123,0.0,0.0
0.5709342560553633,0.356401384083045,-0.0001151234991713,0.0446496619075413,0.0,0.0
0.6228373702422145,0.356401384083045,-0.0027384572179144,0.0451062092181436,0.0,0.0
0.0,0.3529411764705882,0.0066804074979165,0.0052974323565558,0.0,0.0
0.0138408304498269,0.3529411764705882,0.0072469356510415,0.0061437566632166,0.0,0.0
0.0311418685121107,0.3529411764705882,0.0081124398785759,0.0075054088157356,0.0,0.0
0.0934256055363321,0.3529411764705882,0.0115484942806874,0.0141244526570522,0.0,0.0
0.1384083044982699,0.3529411764705882,0.0134972260534644,0.0201721440623175,0.0,0.0
0.1487889273356401,0.3529411764705882,0.0137911706564588,0.021625426696053,0.0,0.0
0.2283737024221453,0.3529411764705882,0.014156206680221,0.0325609447670413,0.0,0.0
0.2387543252595155,0.3529411764705882,0.0140161607995213,0.0339452329859384,0.0,0.0
0.2491349480968858,0.3529411764705882,0.0138172751041784,0.0352442496070742,0.0,0.0
0.3667820069204152,0.3529411764705882,0.010066632473786,0.04408260191797379,0.0,0.0
0.3771626297577855,0.3529411764705882,0.0096531133193462,0.044011592751842,0.0,0.0
0.4463667820069204,0.3529411764705882,0.0063571635495137,0.0434373606045751,0.0,0.0
0.4913494809688581,0.3529411764705882,0.0040638774783279,0.0435949093225836,0.0,0.0
0.5294117647058824,0.3529411764705882,0.002085451420031,0.0438722101050248,0.0,0.0
0.5916955017301038,0.3529411764705882,-0.0011037684565154,0.0444007515585255,0.0,0.0
0.6089965397923875,0.3529411764705882,-0.0019654543660478,0.0445255002314587,0.0,0.0
0.6228373702422145,0.3529411764705882,-0.0026547334904004,0.0446685722384147,0.0,0.0
0.0,0.3494809688581315,0.006714085982036,0.0053255016843491,0.0,0.0
0.0726643598615917,0.3494809688581315,0.0105099462830683,0.0116866013438329,0.0,0.0
0.3979238754325259,0.3494809688581315,0.0087939712940959,0.0435373251975396,0.0,0.0
0.4809688581314879,0.3494809688581315,0.0046398785573848,0.0432037330684626,0.0,0.0
0.5051903114186851,0.3494809688581315,0.0033903067510816,0.0432984270188311,0.0,0.0
0.6228373702422145,0.3494809688581315,-0.0025661258056038994,0.044204787609504706,0.0,0.0
0.6262975778546713,0.3494809688581315,-0.0027370732564923,0.0442804578576306,0.0,0.0
0.0,0.3460207612456747,0.0067384109538531,0.0053522405800108,0.0,0.0
0.0588235294117647,0.3460207612456747,0.0097635536291201,0.010198392533485399,0.0,0.0
0.3425605536332179,0.3460207612456747,0.010934811842674,0.0438521451387334,0.0,0.0
0.4152249134948096,0.3460207612456747,0.0079510935140111,0.0430839934274732,0.0,0.0
0.4325259515570934,0.3460207612456747,0.0071174926431106,0.0428723742970873,0.0,0.0
0.4671280276816609,0.3460207612456747,0.0053296696078837,0.0428441874313974,0.0,0.0
0.5813148788927336,0.3460207612456747,-0.0004710587380667,0.0434757096323463,0.0,0.0
0.6262975778546713,0.3460207612456747,-0.0026365459816358,0.0438714080137904,0.0,0.0
0.0,0.3425605536332179,0.0067681114270708,0.0053818948072073,0.0,0.0
0.0173010380622837,0.3425605536332179,0.0075394899360951,0.006498564843976,0.0,0.0
0.0415224913494809,0.3425605536332179,0.0088670077844923,0.0085272587536124,0.0,0.0
0.1038062283737024,0.3425605536332179,0.0129596543544399,0.015809162561913,0.0,0.0
0.1072664359861591,0.3425605536332179,0.0131485552724661,0.0162586869070249,0.0,0.0
0.1107266435986159,0.3425605536332179,0.0133461326163475,0.0167182899772143,0.0,0.0
0.1141868512110726,0.3425605536332179,0.013504826722861,0.0171651976724658,0.0,0.0
0.1176470588235294,0.3425605536332179,0.0137116137864158,0.017635769136903,0.0,0.0
0.1211072664359861,0.3425605536332179,0.0139111347635158,0.0181108723742421,0.0,0.0
0.1245674740484429,0.3425605536332179,0.0140767277207495,0.0185676382527868,0.0,0.0
0.1280276816608996,0.3425605536332179,0.0142487414915267,0.0190493992830479,0.0,0.0
0.1314878892733564,0.3425605536332179,0.0144618382326196,0.0195229857850872,0.0,0.0
0.1349480968858131,0.3425605536332179,0.0144173983412426,0.0199732331056134,0.0,0.0
0.1384083044982699,0.3425605536332179,0.0145612709252316,0.0204681192500003,0.0,0.0
0.1418685121107266,0.3425605536332179,0.0146102396918203,0.0209379571548606,0.0,0.0
0.1453287197231834,0.3425605536332179,0.0147310541851828,0.0214048779092438,0.0,0.0
0.1487889273356401,0.3425605536332179,0.0148518877086646,0.0218793458708404,0.0,0.0
0.1522491349480969,0.3425605536332179,0.0149210160265328,0.0223438885704781,0.0,0.0
0.1557093425605536,0.3425605536332179,0.0149951250087848,0.0228030990925573,0.0,0.0
0.1591695501730103,0.3425605536332179,0.0152445405148442,0.0233319053922467,0.0,0.0
0.1626297577854671,0.3425605536332179,0.0152865768646275,0.0237971918880078,0.0,0.0
0.1660899653979238,0.3425605536332179,0.015352555668585701,0.0242607153610444,0.0,0.0
0.1695501730103806,0.3425605536332179,0.0154190810378673,0.0247525876116288,0.0,0.0
0.1730103806228373,0.3425605536332179,0.0154422178811953,0.0252224915719977,0.0,0.0
0.1764705882352941,0.3425605536332179,0.015496165435871798,0.0257082769069956,0.0,0.0
0.1799307958477508,0.3425605536332179,0.0155162143663308,0.0261840946666171,0.0,0.0
0.1833910034602076,0.3425605536332179,0.015594282396375298,0.0266374121502414,0.0,0.0
0.1868512110726643,0.3425605536332179,0.015606973723911097,0.0271047065127387,0.0,0.0
0.1903114186851211,0.3425605536332179,0.0156182413432268,0.0275582298503691,0.0,0.0
0.1937716262975778,0.3425605536332179,0.015614130304379,0.0280544405938285,0.0,0.0
0.1972318339100346,0.3425605536332179,0.0156259757293555,0.0285398714338216,0.0,0.0
0.2006920415224913,0.3425605536332179,0.0155949431276767,0.029013493421991103,0.0,0.0
0.2041522491349481,0.3425605536332179,0.0156037195935504,0.0294549282956721,0.0,0.0
0.2076124567474048,0.3425605536332179,0.0156277307108535,0.029941713825048503,0.0,0.0
0.2110726643598615,0.3425605536332179,0.01559175311496,0.0303989661585178,0.0,0.0
0.2145328719723183,0.3425605536332179,0.0156060554209324,0.0308577288686943,0.0,0.0
0.2179930795847751,0.3425605536332179,0.0155515570784726,0.0313154547424987,0.0,0.0
0.2214532871972318,0.3425605536332179,0.0155395534537021,0.031776793696772,0.0,0.0
0.2249134948096885,0.3425605536332179,0.0154998863911681,0.0322306644780813,0.0,0.0
0.2283737024221453,0.3425605536332179,0.0154370600128613,0.03268498052881,0.0,0.0
0.231833910034602,0.3425605536332179,0.0153728147901573,0.0331361111865589,0.0,0.0
0.2352941176470588,0.3425605536332179,0.0153375247416319,0.033585003846745,0.0,0.0
0.2387543252595155,0.3425605536332179,0.0152662263546181,0.0340119018690164,0.0,0.0
0.2422145328719723,0.3425605536332179,0.0152070874284098,0.0344508236578922,0.0,0.0
0.245674740484429,0.3425605536332179,0.0151466806809347,0.0348760980243068,0.0,0.0
0.2491349480968858,0.3425605536332179,0.0150124480416433,0.0353046128881722,0.0,0.0
0.2525951557093425,0.3425605536332179,0.0149594922168134,0.0357587473766886,0.0,0.0
0.2560553633217993,0.3425605536332179,0.01488059033333,0.036182226340474,0.0,0.0
0.259515570934256,0.3425605536332179,0.0147492982305744,0.0365950647749684,0.0,0.0
0.2629757785467128,0.3425605536332179,0.0146287837157432,0.0369970581857996,0.0,0.0
0.2664359861591695,0.3425605536332179,0.0144930398829103,0.0373756605804565,0.0,0.0
0.2698961937716263,0.3425605536332179,0.0143675296587499,0.0377977112279065,0.0,0.0
0.273356401384083,0.3425605536332179,0.0142582117355128,0.0382043175287164,0.0,0.0
0.2768166089965398,0.3425605536332179,0.0140922263732302,0.0386199320767872,0.0,0.0
0.2802768166089965,0.3425605536332179,0.0139577416715618,0.03899702901017,0.0,0.0
0.2837370242214533,0.3425605536332179,0.0137921944138159,0.0393752006550336,0.0,0.0
0.28719723183391,0.3425605536332179,0.0136299535937343,0.0397583718380925,0.0,0.0
0.2906574394463668,0.3425605536332179,0.013366491080715,0.0401147856125551,0.0,0.0
0.2941176470588235,0.3425605536332179,0.0132215143640741,0.0404748250740408,0.0,0.0
0.2975778546712803,0.3425605536332179,0.0130354357092369,0.0408493881066418,0.0,0.0
0.301038062283737,0.3425605536332179,0.0128445517486193,0.0411893398734427,0.0,0.0
0.3044982698961938,0.3425605536332179,0.012674250744812102,0.0415371275893745,0.0,0.0
0.3079584775086505,0.3425605536332179,0.0125445930101088,0.0418297169634617,0.0,0.0
0.3114186851211072,0.3425605536332179,0.0123729318979554,0.0421206091881155,0.0,0.0
0.314878892733564,0.3425605536332179,0.0121725132611199,0.0424115360629294,0.0,0.0
0.3806228373702422,0.3425605536332179,0.00959030840792,0.0434049090910588,0.0,0.0
0.4532871972318339,0.3425605536332179,0.0060315478781912,0.0425200119336546,0.0,0.0
0.4948096885813148,0.3425605536332179,0.0039802547796034,0.0425428559756071,0.0,0.0
0.5190311418685121,0.3425605536332179,0.0027443736387746,0.0426673925007412,0.0,0.0
0.5916955017301038,0.3425605536332179,-0.0009428150392034,0.0431200973315112,0.0,0.0
0.6020761245674741,0.3425605536332179,-0.0014456972933067,0.0431784201638089,0.0,0.0
0.6124567474048442,0.3425605536332179,-0.0019524977766483,0.0432046111214753,0.0,0.0
0.6262975778546713,0.3425605536332179,-0.0025694918018101,0.0434432937582515,0.0,0.0
0.0,0.3391003460207612,0.0067844279614851,0.0054086765669877,0.0,0.0
0.0830449826989619,0.3391003460207612,0.0117051661358545,0.0132296387995871,0.0,0.0
0.0865051903114186,0.3391003460207612,0.0119675023774091,0.0136786632290298,0.0,0.0
0.0899653979238754,0.3391003460207612,0.0122336848388329,0.0141204312327022,0.0,0.0
0.0934256055363321,0.3391003460207612,0.0124427156167992,0.014525904945399,0.0,0.0
0.0968858131487889,0.3391003460207612,0.0127785643645733,0.0150094207167399,0.0,0.0
0.1003460207612456,0.3391003460207612,0.0130582150670112,0.0154948778820578,0.0,0.0
0.1038062283737024,0.3391003460207612,0.0132326179628484,0.0159516300166221,0.0,0.0
0.314878892733564,0.3391003460207612,0.0123064134944661,0.0422888422329718,0.0,0.0
0.3183391003460207,0.3391003460207612,0.0121197335163553,0.0425530953909153,0.0,0.0
0.3217993079584775,0.3391003460207612,0.011891494894192,0.042833432100053,0.0,0.0
0.3252595155709342,0.3391003460207612,0.0116732898707934,0.0430896419788565,0.0,0.0
0.3598615916955017,0.3391003460207612,0.0103620687613631,0.0437127922988434,0.0,0.0
0.4048442906574394,0.3391003460207612,0.0084905623253494,0.0427452666282629,0.0,0.0
0.5086505190311419,0.3391003460207612,0.0032656458516355,0.0422374712239102,0.0,0.0
0.5467128027681661,0.3391003460207612,0.0013481891593335,0.0424667351913713,0.0,0.0
0.5640138408304498,0.3391003460207612,0.0005054348854069,0.0425663063390679,0.0,0.0
0.6262975778546713,0.3391003460207612,-0.0024958976017384,0.0429793167702656,0.0,0.0
0.0,0.3356401384083045,0.0067973640819104005,0.0054387968488281,0.0,0.0
0.0276816608996539,0.3356401384083045,0.0081739246363159,0.0074296717526479,0.0,0.0
0.0692041522491349,0.3356401384083045,0.0108595858289878,0.0117062497871849,0.0,0.0
0.0726643598615917,0.3356401384083045,0.0111031551522487,0.0120927770983634,0.0,0.0
0.0761245674740484,0.3356401384083045,0.0113434450619042,0.0124957148378343,0.0,0.0
0.0795847750865051,0.3356401384083045,0.011622563825256,0.0129116841744225,0.0,0.0
0.0830449826989619,0.3356401384083045,0.01187679670765,0.0133205869783352,0.0,0.0
0.3252595155709342,0.3356401384083045,0.0117221655404061,0.0429835893146292,0.0,0.0
0.328719723183391,0.3356401384083045,0.0115538435940878,0.0432358252399307,0.0,0.0
0.3321799307958477,0.3356401384083045,0.0113687872263901,0.043433960276447,0.0,0.0
0.3356401384083045,0.3356401384083045,0.0112116375542184,0.0435704505006439,0.0,0.0
0.370242214532872,0.3356401384083045,0.0099595929173458,0.043363635169314,0.0,0.0
0.3944636678200692,0.3356401384083045,0.0089309989646476,0.0427210011011489,0.0,0.0
0.4221453287197231,0.3356401384083045,0.0076178176867676,0.0421474705208807,0.0,0.0
0.4429065743944637,0.3356401384083045,0.006559872659799,0.0418898915999719,0.0,0.0
0.4740484429065744,0.3356401384083045,0.0050268627929219,0.0418707729002747,0.0,0.0
0.532871972318339,0.3356401384083045,0.0020968609759624,0.0419978226831353,0.0,0.0
0.5743944636678201,0.3356401384083045,3.3877230146475304e-05,0.0421966623177642,0.0,0.0
0.6262975778546713,0.3356401384083045,-0.0024489425446211,0.0425844215149079,0.0,0.0
0.0,0.3321799307958477,0.0068178488329329,0.0055005901992357,0.0,0.0
0.0553633217993079,0.3321799307958477,0.0098432177398638,0.0101951039057143,0.0,0.0
0.0588235294117647,0.3321799307958477,0.0100594427908615,0.0105496262008247,0.0,0.0
0.0622837370242214,0.3321799307958477,0.0103395889110638,0.0109592687423711,0.0,0.0
0.0657439446366782,0.3321799307958477,0.0106004570286798,0.0113750403182193,0.0,0.0
0.0692041522491349,0.3321799307958477,0.0109373123531624,0.0118031224812372,0.0,0.0
0.3356401384083045,0.3321799307958477,0.0111652033935642,0.0435039794344447,0.0,0.0
0.3391003460207612,0.3321799307958477,0.0109785453497231,0.0435818395668497,0.0,0.0
0.3425605536332179,0.3321799307958477,0.0107873019715708,0.0436790261635975,0.0,0.0
0.4567474048442906,0.3321799307958477,0.0058125005840496,0.0415402772861652,0.0,0.0
0.4878892733564013,0.3321799307958477,0.0043408274473901,0.0414826328386474,0.0,0.0
0.5882352941176471,0.3321799307958477,-0.0005941694652955,0.0418830536569324,0.0,0.0
0.5986159169550173,0.3321799307958477,-0.0011071289201157,0.0419330946834701,0.0,0.0
0.6124567474048442,0.3321799307958477,-0.001794759806545,0.0419498268342225,0.0,0.0
0.6262975778546713,0.3321799307958477,-0.0023718859040434,0.0421344964673639,0.0,0.0
0.0,0.328719723183391,0.0067733434837358,0.0055210249157837,0.0,0.0
0.0138408304498269,0.328719723183391,0.007455438776814599,0.0064436850320073995,0.0,0.0
0.0449826989619377,0.328719723183391,0.0091417977120355,0.0092029271587431,0.0,0.0
0.0484429065743944,0.328719723183391,0.0093090308635687,0.0095539082284712,0.0,0.0
0.0519031141868512,0.328719723183391,0.0096050596272651,0.009942587380393,0.0,0.0
0.0553633217993079,0.328719723183391,0.0098621206046334,0.0103108637238866,0.0,0.0
0.3425605536332179,0.328719723183391,0.0106723283834461,0.0436260975186114,0.0,0.0
0.3460207612456747,0.328719723183391,0.0105942433223713,0.0436795621097705,0.0,0.0
0.4117647058823529,0.328719723183391,0.0080174828167913,0.0418112780086404,0.0,0.0
0.4325259515570934,0.328719723183391,0.007013996816869,0.0413985384285572,0.0,0.0
0.5051903114186851,0.328719723183391,0.0034873042134782,0.041181842106967,0.0,0.0
0.5467128027681661,0.328719723183391,0.0014481033297003,0.041335115091634,0.0,0.0
0.5570934256055363,0.328719723183391,0.0009537805072542,0.0413658690887903,0.0,0.0
0.6262975778546713,0.328719723183391,-0.0023179555250984,0.0417133710552981,0.0,0.0
0.0,0.3252595155709342,0.0067413776282129,0.0055386854433194,0.0,0.0
0.0380622837370242,0.3252595155709342,0.0086367583276785,0.0086299121466853,0.0,0.0
0.0415224913494809,0.3252595155709342,0.0088608016680378,0.0089882717310001,0.0,0.0
0.0449826989619377,0.3252595155709342,0.0090456052164055,0.0093088776703183,0.0,0.0
0.3460207612456747,0.3252595155709342,0.0104384568505163,0.0436364167641369,0.0,0.0
0.3494809688581315,0.3252595155709342,0.0103350698416731,0.0436345513046297,0.0,0.0
0.3529411764705882,0.3252595155709342,0.0102257906687248,0.0436033430917796,0.0,0.0
0.3771626297577855,0.3252595155709342,0.0094947738335486,0.042703108995514,0.0,0.0
0.4671280276816609,0.3252595155709342,0.0052949215101797,0.0408455334282526,0.0,0.0
0.5224913494809689,0.3252595155709342,0.0026620324296717,0.0408562715460759,0.0,0.0
0.6262975778546713,0.3252595155709342,-0.0022675874238875,0.0411925392539184,0.0,0.0
0.0,0.3217993079584775,0.0067082620406168,0.0055652394649026,0.0,0.0
0.0311418685121107,0.3217993079584775,0.0081836584184045,0.0080446716995387,0.0,0.0
0.0346020761245674,0.3217993079584775,0.0083446506532719,0.0084000107816569,0.0,0.0
0.0380622837370242,0.3217993079584775,0.0085049127450441,0.0087420845630335,0.0,0.0
0.3529411764705882,0.3217993079584775,0.0100622449759,0.0435677991000257,0.0,0.0
0.356401384083045,0.3217993079584775,0.0099765680223617,0.0434846207547111,0.0,0.0
0.3944636678200692,0.3217993079584775,0.0086806098586993,0.0418241804476071,0.0,0.0
0.4221453287197231,0.3217993079584775,0.007432238924652101,0.0409718308716925,0.0,0.0
0.4498269896193771,0.3217993079584775,0.0060918038645046,0.0406062501755383,0.0,0.0
0.4809688581314879,0.3217993079584775,0.0046825087686622,0.0404333907493265,0.0,0.0
0.5363321799307958,0.3217993079584775,0.0020022350929741,0.0405126609189892,0.0,0.0
0.5743944636678201,0.3217993079584775,0.0001717422925602,0.0406485914218626,0.0,0.0
0.5847750865051903,0.3217993079584775,-0.0003054018395843,0.0406665093601692,0.0,0.0
0.5986159169550173,0.3217993079584775,-0.0009485781142731999,0.0406956562912399,0.0,0.0
0.6262975778546713,0.3217993079584775,-0.0022178439951464,0.0407518223674395,0.0,0.0
0.0,0.3183391003460207,0.0066484298238541,0.0055874364606711,0.0,0.0
0.0207612456747404,0.3183391003460207,0.0075422139451882,0.0071545700397603,0.0,0.0
0.0242214532871972,0.3183391003460207,0.007712243666092701,0.0074985188466341,0.0,0.0
0.0276816608996539,0.3183391003460207,0.0078338499851027,0.007798927257219801,0.0,0.0
0.0311418685121107,0.3183391003460207,0.0080012135102914,0.0081202026997023,0.0,0.0
0.356401384083045,0.3183391003460207,0.0097593613769501,0.0434354365396471,0.0,0.0
0.3598615916955017,0.3183391003460207,0.0097022745444313,0.0433266982387611,0.0,0.0
0.5501730103806228,0.3183391003460207,0.001372775396964,0.0402156139781223,0.0,0.0
0.5605536332179931,0.3183391003460207,0.0008825787289423,0.0402548145198817,0.0,0.0
0.6124567474048442,0.3183391003460207,-0.0015929030246202,0.0403419871260903,0.0,0.0
0.6262975778546713,0.3183391003460207,-0.0021808236085177,0.0403220924169829,0.0,0.0
0.0,0.314878892733564,0.006571801610576201,0.0056271544887568,0.0,0.0
0.0173010380622837,0.314878892733564,0.0071930129189085,0.0068312707128656,0.0,0.0
0.0207612456747404,0.314878892733564,0.0072071363227966,0.0070741917141475,0.0,0.0
0.3598615916955017,0.314878892733564,0.0094910453421771,0.0432487225342653,0.0,0.0
0.3633217993079585,0.314878892733564,0.0094412812483547,0.0430798444290945,0.0,0.0
0.3840830449826989,0.314878892733564,0.0088808254926071,0.0418998639335508,0.0,0.0
0.4048442906574394,0.314878892733564,0.00802135881127,0.0409284274058539,0.0,0.0
0.4359861591695502,0.314878892733564,0.0066419019471967,0.0401618313620094,0.0,0.0
0.4948096885813148,0.314878892733564,0.003923048342644,0.0398247785589687,0.0,0.0
0.5121107266435986,0.314878892733564,0.0031269011320498,0.0397875112562697,0.0,0.0
0.5259515570934256,0.314878892733564,0.0025002196892773,0.0397975540173919,0.0,0.0
0.6262975778546713,0.314878892733564,-0.0021454557560996,0.0399157946338095,0.0,0.0
0.0,0.3114186851211072,0.0064054111804444,0.0056394753035308,0.0,0.0
0.0103806228373702,0.3114186851211072,0.0066185898062026,0.0062329199172503,0.0,0.0
0.0138408304498269,0.3114186851211072,0.0067177813131797,0.0064860169623436,0.0,0.0
0.0173010380622837,0.3114186851211072,0.0068454656673027,0.006766149637663,0.0,0.0
0.3633217993079585,0.3114186851211072,0.0092311451841343,0.0430159835817583,0.0,0.0
0.3667820069204152,0.3114186851211072,0.0091964632522157,0.0427844698160853,0.0,0.0
0.4463667820069204,0.3114186851211072,0.006100658878399,0.0397798376100439,0.0,0.0
0.4671280276816609,0.3114186851211072,0.0051599048083058995,0.0395522854126782,0.0,0.0
0.5882352941176471,0.3114186851211072,-0.0003694949741236,0.0395516485741249,0.0,0.0
0.6020761245674741,0.3114186851211072,-0.0010176560801372,0.0395703446467866,0.0,0.0
0.6262975778546713,0.3114186851211072,-0.0021131368991674,0.0394769614229652,0.0,0.0
0.0,0.3079584775086505,0.0062548204995151,0.0056248061826446,0.0,0.0
0.0034602076124567,0.3079584775086505,0.0062851550117571,0.005796312734596,0.0,0.0
0.0069204152249134,0.3079584775086505,0.0063362574048826,0.0059944589052981,0.0,0.0
0.0103806228373702,0.3079584775086505,0.0063063045830671,0.0061822073480955,0.0,0.0
0.3667820069204152,0.3079584775086505,0.0089765875542889,0.0427029281056399,0.0,0.0
0.370242214532872,0.3079584775086505,0.0089066464466676,0.0424957648336254,0.0,0.0
0.4186851211072664,0.3079584775086505,0.0072377854814431,0.0399580650031019,0.0,0.0
0.4809688581314879,0.3079584775086505,0.0045299414010382,0.0391779563797482,0.0,0.0
0.5432525951557093,0.3079584775086505,0.0017042846548986,0.0391275774717163,0.0,0.0
0.5536332179930796,0.3079584775086505,0.0012434031705936,0.0391339190199944,0.0,0.0
0.5640138408304498,0.3079584775086505,0.000756457332087,0.0391473044225569,0.0,0.0
0.5778546712802768,0.3079584775086505,0.0001296404537009,0.0391708629864969,0.0,0.0
0.615916955017301,0.3079584775086505,-0.0016473201852879,0.039156668271004,0.0,0.0
0.6262975778546713,0.3079584775086505,-0.0020832593256477,0.039092400052022,0.0,0.0
0.0,0.3044982698961938,0.0060518675869056,0.0056189293049454,0.0,0.0
0.0034602076124567,0.3044982698961938,0.0060066540390113,0.0057388425836157,0.0,0.0
0.370242214532872,0.3044982698961938,0.0086753206667851,0.0424358767268961,0.0,0.0
0.3737024221453287,0.3044982698961938,0.0086402614680534,0.0421604421878516,0.0,0.0
0.3875432525951557,0.3044982698961938,0.0082973266513551,0.0411523591607341,0.0,0.0
0.3979238754325259,0.3044982698961938,0.0079506716985418,0.0404664747957491,0.0,0.0
0.4567474048442906,0.3044982698961938,0.0054986468929355,0.0390756199983488,0.0,0.0
0.4913494809688581,0.3044982698961938,0.0040062490340669,0.0388240268941606,0.0,0.0
0.532871972318339,0.3044982698961938,0.0021653070875663,0.0387525866247955,0.0,0.0
0.6262975778546713,0.3044982698961938,-0.0020591842125489,0.0386947062311392,0.0,0.0
0.3737024221453287,0.301038062283737,0.0084316093882138,0.0420347164427117,0.0,0.0
0.3771626297577855,0.301038062283737,0.0083920038969344,0.041762077257033306,0.0,0.0
0.4083044982698962,0.301038062283737,0.00745048749671,0.0397341062963016,0.0,0.0
0.4671280276816609,0.301038062283737,0.0050094006021035,0.038649161648358,0.0,0.0
0.5051903114186851,0.301038062283737,0.0033523715413012,0.0384507661172034,0.0,0.0
0.5190311418685121,0.301038062283737,0.0027771542180157005,0.0384276551365018,0.0,0.0
0.5951557093425606,0.301038062283737,-0.0005972786828462,0.0384309119190564,0.0,0.0
0.6055363321799307,0.301038062283737,-0.0010932916249697,0.0383845009185454,0.0,0.0
0.6262975778546713,0.301038062283737,-0.0020404762405457,0.0383250556636772,0.0,0.0
0.3771626297577855,0.2975778546712803,0.0081889607354448,0.0416243557532484,0.0,0.0
0.4359861591695502,0.2975778546712803,0.0062307193275129,0.0386796562197224,0.0,0.0
0.5467128027681661,0.2975778546712803,0.0015324285810503998,0.0380707261673078,0.0,0.0
0.5709342560553633,0.2975778546712803,0.0005152364692483,0.0380106843982396,0.0,0.0
0.5847750865051903,0.2975778546712803,-0.0001154302432092,0.0380555047775548,0.0,0.0
0.6262975778546713,0.2975778546712803,-0.0020270756771468,0.0379359664642885,0.0,0.0
0.3771626297577855,0.2941176470588235,0.0080112280296529,0.0414766757596229,0.0,0.0
0.3806228373702422,0.2941176470588235,0.0079695013065864,0.0411568032872269,0.0,0.0
0.3944636678200692,0.2941176470588235,0.0076397868273756,0.0400366840631685,0.0,0.0
0.4221453287197231,0.2941176470588235,0.0066609199190114,0.0387517454048208,0.0,0.0
0.4498269896193771,0.2941176470588235,0.0055901987080166,0.0382376568343796,0.0,0.0
0.5294117647058824,0.2941176470588235,0.0022996273836432,0.0377219121430793,0.0,0.0
0.6262975778546713,0.2941176470588235,-0.0019967230303161,0.0375269841993326,0.0,0.0
0.3806228373702422,0.2906574394463668,0.0078233959998526,0.0409466237042647,0.0,0.0
0.4705882352941176,0.2906574394463668,0.0046875844889,0.0376870908410233,0.0,0.0
0.4878892733564013,0.2906574394463668,0.0040069083857783,0.0375401636262948,0.0,0.0
0.5017301038062284,0.2906574394463668,0.0034206517816176,0.0375127889639842,0.0,0.0
0.5605536332179931,0.2906574394463668,0.0009396908965256,0.0373522455138134,0.0,0.0
0.5951557093425606,0.2906574394463668,-0.0005738152867421,0.0373332940763909,0.0,0.0
0.6124567474048442,0.2906574394463668,-0.0014063722570979002,0.0372378039611912,0.0,0.0
0.6262975778546713,0.2906574394463668,-0.0019700981537331,0.0371272943308361,0.0,0.0
0.3806228373702422,0.28719723183391,0.0076792151343267,0.04072890288722,0.0,0.0
0.3840830449826989,0.28719723183391,0.0076262518436063,0.0404419362971599,0.0,0.0
0.4083044982698962,0.28719723183391,0.0068869689549657,0.038757699424827,0.0,0.0
0.4602076124567474,0.28719723183391,0.0050513859939969,0.0375043043358633,0.0,0.0
0.5190311418685121,0.28719723183391,0.0026831350450146,0.0371096576701926,0.0,0.0
0.5501730103806228,0.28719723183391,0.0013878607117155,0.0369907550206303,0.0,0.0
0.5743944636678201,0.28719723183391,0.0003615823548106,0.0369498232340065,0.0,0.0
0.5847750865051903,0.28719723183391,-9.880691479364629e-05,0.036928888874755,0.0,0.0
0.6262975778546713,0.28719723183391,-0.0019491874489357,0.0367195879116314,0.0,0.0
0.3840830449826989,0.2837370242214533,0.0074929369335055,0.0402126254172548,0.0,0.0
0.3979238754325259,0.2837370242214533,0.007112933441805,0.0391140580568056,0.0,0.0
0.4186851211072664,0.2837370242214533,0.0064551769988783,0.0380885095354128,0.0,0.0
0.4359861591695502,0.2837370242214533,0.0058537305093795,0.0376131673144763,0.0,0.0
0.6262975778546713,0.2837370242214533,-0.0019499022557014,0.0363174463443975,0.0,0.0
0.3840830449826989,0.2802768166089965,0.007348250400131,0.0399747347236285,0.0,0.0
0.3875432525951557,0.2802768166089965,0.0072719197336294,0.0396468810642849,0.0,0.0
0.4498269896193771,0.2802768166089965,0.0052929745622015,0.0370790179839029,0.0,0.0
0.4913494809688581,0.2802768166089965,0.003744163233671,0.0365832355541477,0.0,0.0
0.5363321799307958,0.2802768166089965,0.0019189823338465,0.0364027749811418,0.0,0.0
0.6020761245674741,0.2802768166089965,-0.0009163175573842,0.036157405276967,0.0,0.0
0.6262975778546713,0.2802768166089965,-0.0019453003175597997,0.035939968179481,0.0,0.0
0.3875432525951557,0.2768166089965398,0.007177978811935401,0.039365596265203,0.0,0.0
0.4636678200692041,0.2768166089965398,0.004734054945989,0.0365591594657559,0.0,0.0
0.5017301038062284,0.2768166089965398,0.0032732639611518,0.0362592701962858,0.0,0.0
0.5674740484429066,0.2768166089965398,0.0006339879618966,0.0359208113379839,0.0,0.0
0.5813148788927336,0.2768166089965398,1.8024569208829043e-05,0.035879144166813,0.0,0.0
0.6124567474048442,0.2768166089965398,-0.0013873003423968,0.0356942832669598,0.0,0.0
0.6262975778546713,0.2768166089965398,-0.0019353612934965001,0.0355744964167131,0.0,0.0
0.3875432525951557,0.273356401384083,0.0071230861606335,0.0390342304650652,0.0,0.0
0.4048442906574394,0.273356401384083,0.0065449842438938,0.0378458081598416,0.0,0.0
0.4256055363321799,0.273356401384083,0.0059099394797303,0.0370795880431762,0.0,0.0
0.4775086505190311,0.273356401384083,0.0041555493637881,0.0361397919541218,0.0,0.0
0.5536332179930796,0.273356401384083,0.001168958486333,0.0356487374937808,0.0,0.0
0.6262975778546713,0.273356401384083,-0.0019227076589623002,0.0352035887682718,0.0,0.0
0.3875432525951557,0.2698961937716263,0.0070407861107209,0.0386579318706783,0.0,0.0
0.3910034602076124,0.2698961937716263,0.0069185792041901,0.038415306792272,0.0,0.0
0.4152249134948096,0.2698961937716263,0.0061403662276073,0.0371681243000994,0.0,0.0
0.4878892733564013,0.2698961937716263,0.0037343260346378,0.0357328637836761,0.0,0.0
0.5190311418685121,0.2698961937716263,0.0025261518551366,0.0355018033494489,0.0,0.0
0.5294117647058824,0.2698961937716263,0.0021202014066217,0.0354436874849373,0.0,0.0
0.5951557093425606,0.2698961937716263,-0.0006019096158257,0.0350951931747391,0.0,0.0
0.6262975778546713,0.2698961937716263,-0.0019077268918681,0.0348532311301481,0.0,0.0
0.629757785467128,0.2698961937716263,-0.0020038024924306,0.0348500995066629,0.0,0.0
0.3910034602076124,0.2664359861591695,0.0068444955523631,0.0379663161096135,0.0,0.0
0.4429065743944637,0.2664359861591695,0.0052183297023063,0.0360532381599079,0.0,0.0
0.5051903114186851,0.2664359861591695,0.0030346511536751,0.0352799641794527,0.0,0.0
0.5397923875432526,0.2664359861591695,0.0016721870738164,0.035042960647224,0.0,0.0
0.629757785467128,0.2664359861591695,-0.002006117983621,0.034326312732307,0.0,0.0
0.3910034602076124,0.2629757785467128,0.0067820959213451,0.0376244446292983,0.0,0.0
0.4013840830449827,0.2629757785467128,0.0064416589517515,0.0371165111683394,0.0,0.0
0.4602076124567474,0.2629757785467128,0.0045940577178095,0.0354057603155271,0.0,0.0
0.4740484429065744,0.2629757785467128,0.0041117647173981,0.0352266879795826,0.0,0.0
0.5501730103806228,0.2629757785467128,0.0012330854352214,0.034690556441754,0.0,0.0
0.5847750865051903,0.2629757785467128,-0.0001619713115776,0.0344367569343491,0.0,0.0
0.6124567474048442,0.2629757785467128,-0.0013636915258206,0.0342593184647475,0.0,0.0
0.629757785467128,0.2629757785467128,-0.0020236971921958,0.0339285671368824,0.0,0.0
0.3910034602076124,0.259515570934256,0.0067517268066076,0.0372562520367045,0.0,0.0
0.4221453287197231,0.259515570934256,0.0056821855138219,0.0360412576420011,0.0,0.0
0.4913494809688581,0.259515570934256,0.0034577298228215,0.0348038703668261,0.0,0.0
0.5224913494809689,0.259515570934256,0.0023040574541335,0.0345363991323822,0.0,0.0
0.5674740484429066,0.259515570934256,0.0005307984198528,0.0342075810512708,0.0,0.0
0.629757785467128,0.259515570934256,-0.0020159381754756,0.0335001169333847,0.0,0.0
0.3910034602076124,0.2560553633217993,0.0067143099005403,0.0368398340279511,0.0,0.0
0.4117647058823529,0.2560553633217993,0.0059614019235096,0.0360512788417865,0.0,0.0
0.4325259515570934,0.2560553633217993,0.0053368048746428,0.035446785781617,0.0,0.0
0.4463667820069204,0.2560553633217993,0.0049203698868965,0.0350875891138093,0.0,0.0
0.532871972318339,0.2560553633217993,0.0018534337047983,0.0341293406909899,0.0,0.0
0.5986159169550173,0.2560553633217993,-0.0007943273918996,0.0336742370979269,0.0,0.0
0.629757785467128,0.2560553633217993,-0.0020241907239495,0.0331133798267417,0.0,0.0
0.3910034602076124,0.2525951557093425,0.0066862986577696,0.0364561180400063,0.0,0.0
0.4013840830449827,0.2525951557093425,0.0063158675211353,0.0360906752174198,0.0,0.0
0.4636678200692041,0.2525951557093425,0.0043032988794322,0.0345186213691045,0.0,0.0
0.5086505190311419,0.2525951557093425,0.0027376348366503,0.0340304180237111,0.0,0.0
0.629757785467128,0.2525951557093425,-0.0020350767571965,0.0327694021955619,0.0,0.0
0.3910034602076124,0.2491349480968858,0.0066549871991915,0.0360596086843666,0.0,0.0
0.4221453287197231,0.2491349480968858,0.0055393267095733,0.0351157159173256,0.0,0.0
0.4740484429065744,0.2491349480968858,0.0039280368509486,0.0340487549719244,0.0,0.0
0.5190311418685121,0.2491349480968858,0.0022959356610758,0.0336584571789959,0.0,0.0
0.5501730103806228,0.2491349480968858,0.0011116942386002,0.0334017565739479,0.0,0.0
0.5640138408304498,0.2491349480968858,0.0006145902993311,0.0332409190618007,0.0,0.0
0.6124567474048442,0.2491349480968858,-0.0013979457278156,0.0328028582790152,0.0,0.0
0.629757785467128,0.2491349480968858,-0.0020425295536115,0.0323944652474249,0.0,0.0
0.3910034602076124,0.245674740484429,0.0066107796485526,0.0356347304503519,0.0,0.0
0.4498269896193771,0.245674740484429,0.0046634575035618,0.0341527633615191,0.0,0.0
0.5363321799307958,0.245674740484429,0.0016223512372531,0.0331654459011466,0.0,0.0
0.5813148788927336,0.245674740484429,-7.040180631786739e-05,0.0327572851615974,0.0,0.0
0.629757785467128,0.245674740484429,-0.0020467994493491,0.0320758794082018,0.0,0.0
0.3910034602076124,0.2422145328719723,0.0065816297316032,0.0351665615488735,0.0,0.0
0.4083044982698962,0.2422145328719723,0.0059648538531015,0.0348498636106029,0.0,0.0
0.4359861591695502,0.2422145328719723,0.0050364732857935,0.0342049133481618,0.0,0.0
0.4913494809688581,0.2422145328719723,0.0032412359049704,0.0332871441978592,0.0,0.0
0.5051903114186851,0.2422145328719723,0.0027287080296274,0.0331590002503968,0.0,0.0
0.5951557093425606,0.2422145328719723,-0.0007033639300492,0.0323151837610341,0.0,0.0
0.629757785467128,0.2422145328719723,-0.0020871573635512,0.0317675272331848,0.0,0.0
0.3910034602076124,0.2387543252595155,0.0065716736907907,0.0347740305821617,0.0,0.0
0.4221453287197231,0.2387543252595155,0.005441884308647,0.0341832982744,0.0,0.0
0.4775086505190311,0.2387543252595155,0.0036470304545331,0.0331789267318054,0.0,0.0
0.5224913494809689,0.2387543252595155,0.0020446605008016,0.0326608379208343,0.0,0.0
0.5536332179930796,0.2387543252595155,0.0009166103351915,0.0323867344038934,0.0,0.0
0.6193771626297578,0.2387543252595155,-0.0017286966151082,0.031648324033663,0.0,0.0
0.629757785467128,0.2387543252595155,-0.0020895749646327,0.0314594831243895,0.0,0.0
0.3910034602076124,0.2352941176470588,0.0065780752419806,0.0344673168640676,0.0,0.0
0.4636678200692041,0.2352941176470588,0.0040597115253405,0.0331047483430961,0.0,0.0
0.5640138408304498,0.2352941176470588,0.0005070297659503,0.0319505194403504,0.0,0.0
0.6089965397923875,0.2352941176470588,-0.0013083128381354,0.0314894397191823,0.0,0.0
0.629757785467128,0.2352941176470588,-0.0021140965651522,0.0311062588925454,0.0,0.0
0.3910034602076124,0.231833910034602,0.0065331121417886,0.0340111623439961,0.0,0.0
0.3944636678200692,0.231833910034602,0.0064325472324888,0.0340482243765468,0.0,0.0
0.4117647058823529,0.231833910034602,0.0057723548878041,0.0337613827572358,0.0,0.0
0.4498269896193771,0.231833910034602,0.0044733188112211,0.0330167906217804,0.0,0.0
0.4948096885813148,0.231833910034602,0.0029812660193092,0.032358962634299,0.0,0.0
0.5397923875432526,0.231833910034602,0.0013267469124983,0.0319183479706244,0.0,0.0
0.5778546712802768,0.231833910034602,-5.8592559890669686e-05,0.0314689163114516,0.0,0.0
0.5986159169550173,0.231833910034602,-0.0009055270672149,0.0312758624555202,0.0,0.0
0.629757785467128,0.231833910034602,-0.002113532845999,0.030746135251561703,0.0,0.0
0.3944636678200692,0.2283737024221453,0.0064267157726424,0.0336972846824047,0.0,0.0
0.4256055363321799,0.2283737024221453,0.0052486296682817,0.0331690290478279,0.0,0.0
0.4394463667820069,0.2283737024221453,0.0048081721657544,0.0328771512796515,0.0,0.0
0.5051903114186851,0.2283737024221453,0.0025776153864473,0.0319676888982697,0.0,0.0
0.5501730103806228,0.2283737024221453,0.000946283084449,0.0314517730681681,0.0,0.0
0.629757785467128,0.2283737024221453,-0.0021220868523006,0.030436896896779,0.0,0.0
0.3944636678200692,0.2249134948096885,0.0064125066180572,0.0333414724377605,0.0,0.0
0.4671280276816609,0.2249134948096885,0.0038196605826942,0.0321968355893719,0.0,0.0
0.4809688581314879,0.2249134948096885,0.0033625945633219004,0.0319754115128283,0.0,0.0
0.5882352941176471,0.2249134948096885,-0.0005377202301223,0.030734163255065,0.0,0.0
0.615916955017301,0.2249134948096885,-0.0016144585310006,0.0303384766816492,0.0,0.0
0.629757785467128,0.2249134948096885,-0.0021159853063528,0.0301063710105598,0.0,0.0
0.3944636678200692,0.2214532871972318,0.006404838810648799,0.0330133069492637,0.0,0.0
0.4048442906574394,0.2214532871972318,0.0059913717654939,0.0329110040318268,0.0,0.0
0.4152249134948096,0.2214532871972318,0.0055901445695146,0.0327284849134867,0.0,0.0
0.5224913494809689,0.2214532871972318,0.0018819311729529,0.0311627000075708,0.0,0.0
0.532871972318339,0.2214532871972318,0.0014819463215248,0.031060696040983597,0.0,0.0
0.5709342560553633,0.2214532871972318,0.0001324694901104,0.030611717079926805,0.0,0.0
0.629757785467128,0.2214532871972318,-0.0021357731165561,0.029744158853332,0.0,0.0
0.3944636678200692,0.2179930795847751,0.0063907749499603,0.032657602747002,0.0,0.0
0.4429065743944637,0.2179930795847751,0.0046004258332773,0.0319445783215058,0.0,0.0
0.4567474048442906,0.2179930795847751,0.0040689849953897,0.0317678900045646,0.0,0.0
0.5086505190311419,0.2179930795847751,0.0023125540785498,0.0310540843971465,0.0,0.0
0.5536332179930796,0.2179930795847751,0.0007315830448927,0.0305039512405736,0.0,0.0
0.6055363321799307,0.2179930795847751,-0.0012672368068266,0.0298312579675907,0.0,0.0
0.629757785467128,0.2179930795847751,-0.0021456718316952,0.0294064311352462,0.0,0.0
0.3944636678200692,0.2145328719723183,0.0063657813759655,0.0323154790374527,0.0,0.0
0.4948096885813148,0.2145328719723183,0.0027536345865684,0.0309307492437473,0.0,0.0
0.5813148788927336,0.2145328719723183,-0.0003204931058973,0.0298616877718306,0.0,0.0
0.629757785467128,0.2145328719723183,-0.0021491858615349,0.029051716519596,0.0,0.0
0.3944636678200692,0.2110726643598615,0.0063458349499919,0.031995407782098,0.0,0.0
0.4325259515570934,0.2110726643598615,0.0049007533167415,0.0314624671830808,0.0,0.0
0.4809688581314879,0.2110726643598615,0.0032137157551391,0.030794463517503,0.0,0.0
0.5363321799307958,0.2110726643598615,0.0012527303380486,0.0300898763117196,0.0,0.0
0.5640138408304498,0.2110726643598615,0.0003221068560593,0.0297637750312874,0.0,0.0
0.5916955017301038,0.2110726643598615,-0.0007739910031517,0.0293972415223153,0.0,0.0
0.629757785467128,0.2110726643598615,-0.0021664291074672,0.0287397256506832,0.0,0.0
0.6332179930795848,0.2110726643598615,-0.0022673847794116,0.0286754881638065,0.0,0.0
0.3944636678200692,0.2076124567474048,0.0063210239119309,0.0316728302527597,0.0,0.0
0.4117647058823529,0.2076124567474048,0.0056276277559578,0.0315328843452568,0.0,0.0
0.4463667820069204,0.2076124567474048,0.0043530626511681,0.0309930649766861,0.0,0.0
0.4705882352941176,0.2076124567474048,0.0035281739682603,0.0306245625127405,0.0,0.0
0.615916955017301,0.2076124567474048,-0.0016816868387316,0.0286833225034348,0.0,0.0
0.6332179930795848,0.2076124567474048,-0.0023018409373966,0.0282986647530959,0.0,0.0
0.3944636678200692,0.2041522491349481,0.006307688478458,0.0313105132343265,0.0,0.0
0.4221453287197231,0.2041522491349481,0.0052325370659384,0.0310469571950679,0.0,0.0
0.4982698961937716,0.2041522491349481,0.0025129396535199,0.0299574146456475,0.0,0.0
0.5121107266435986,0.2041522491349481,0.0020074866814551,0.0297609545226058,0.0,0.0
0.5259515570934256,0.2041522491349481,0.0015427124955058,0.0296038565139126,0.0,0.0
0.5467128027681661,0.2041522491349481,0.0008529286526822,0.0293619645526601,0.0,0.0
0.5778546712802768,0.2041522491349481,-0.0002623760121857,0.0289631238686892,0.0,0.0
0.6332179930795848,0.2041522491349481,-0.0022944148713254,0.0278355322615694,0.0,0.0
0.3944636678200692,0.2006920415224913,0.0062777189801847,0.0309638253734914,0.0,0.0
0.4359861591695502,0.2006920415224913,0.0047089569140405,0.0304987832819539,0.0,0.0
0.4567474048442906,0.2006920415224913,0.0039357138389416,0.0301839251626455,0.0,0.0
0.4878892733564013,0.2006920415224913,0.0028377480212344,0.029790519399112498,0.0,0.0
0.5674740484429066,0.2006920415224913,7.572038467433763e-05,0.028790796531095002,0.0,0.0
0.6020761245674741,0.2006920415224913,-0.0012417204509807,0.0282852788598286,0.0,0.0
0.6332179930795848,0.2006920415224913,-0.0023434027243827,0.0275548851244165,0.0,0.0
0.3944636678200692,0.1972318339100346,0.0062360223851655,0.030637787230467596,0.0,0.0
0.4083044982698962,0.1972318339100346,0.0056933320817984,0.0305841153275855,0.0,0.0
0.5570934256055363,0.1972318339100346,0.0004245779031688,0.028623861653945697,0.0,0.0
0.6332179930795848,0.1972318339100346,-0.0023716328558765,0.027283290010489698,0.0,0.0
0.3944636678200692,0.1937716262975778,0.006231364522444,0.0303004109032562,0.0,0.0
0.4186851211072664,0.1937716262975778,0.0052939731296567,0.0301379147131946,0.0,0.0
0.4463667820069204,0.1937716262975778,0.0042491024413437,0.0297423193636752,0.0,0.0
0.5017301038062284,0.1937716262975778,0.002260462468083,0.0290037004338583,0.0,0.0
0.5432525951557093,0.1937716262975778,0.0008741384200384,0.0284939233713268,0.0,0.0
0.5882352941176471,0.1937716262975778,-0.000769936976806,0.0278883492511553,0.0,0.0
0.615916955017301,0.1937716262975778,-0.0017737614408949,0.0273681074118169,0.0,0.0
0.6332179930795848,0.1937716262975778,-0.0023768583122248,0.0269762889648077,0.0,0.0
0.3944636678200692,0.1903114186851211,0.0062142171738667,0.0299760817487799,0.0,0.0
0.4325259515570934,0.1903114186851211,0.0047685629632864,0.0296286319597001,0.0,0.0
0.4567474048442906,0.1903114186851211,0.0038374963151896,0.0293081486646442,0.0,0.0
0.4671280276816609,0.1903114186851211,0.0034890149055416,0.029149993539607795,0.0,0.0
0.4809688581314879,0.1903114186851211,0.0029752927919017994,0.0289450448038379,0.0,0.0
0.5155709342560554,0.1903114186851211,0.0017320288518244,0.028567778015281,0.0,0.0
0.532871972318339,0.1903114186851211,0.0011840412527697,0.0283383533360819,0.0,0.0
0.6332179930795848,0.1903114186851211,-0.0023997297489587,0.0266391019647675,0.0,0.0
0.3944636678200692,0.1868512110726643,0.0061855997193109,0.0296673122335996,0.0,0.0
0.5743944636678201,0.1868512110726643,-0.0003175981841105,0.0274778605291741,0.0,0.0
0.5986159169550173,0.1868512110726643,-0.00119672691387,0.0270776968533003,0.0,0.0
0.6332179930795848,0.1868512110726643,-0.0024188390927108,0.0262906623713335,0.0,0.0
0.3944636678200692,0.1833910034602076,0.006155211262981,0.0293511483555422,0.0,0.0
0.4221453287197231,0.1833910034602076,0.0051021001303894,0.0291362782727362,0.0,0.0
0.4429065743944637,0.1833910034602076,0.0042898574726437,0.028881431631084902,0.0,0.0
0.4948096885813148,0.1833910034602076,0.0023819176971401,0.0282320908801789,0.0,0.0
0.5605536332179931,0.1833910034602076,0.0001909308247487,0.027291274758005597,0.0,0.0
0.6228373702422145,0.1833910034602076,-0.0021139896012039,0.0262684877024138,0.0,0.0
0.6332179930795848,0.1833910034602076,-0.0024389392582745,0.0260113733814911,0.0,0.0
0.3944636678200692,0.1799307958477508,0.0061244176474062,0.0290467780089821,0.0,0.0
0.4117647058823529,0.1799307958477508,0.0054476043746414,0.0289030782786406,0.0,0.0
0.4532871972318339,0.1799307958477508,0.003858106019871,0.028471359092598,0.0,0.0
0.4636678200692041,0.1799307958477508,0.0034984721057624,0.0283325884055301,0.0,0.0
0.4740484429065744,0.1799307958477508,0.0031162485858586,0.0281870680565527,0.0,0.0
0.532871972318339,0.1799307958477508,0.0010985081672632,0.0274315939192505,0.0,0.0
0.5467128027681661,0.1799307958477508,0.0006388853120346,0.0272038791595723,0.0,0.0
0.6124567474048442,0.1799307958477508,-0.0017739750140668,0.0261921607884874,0.0,0.0
0.6332179930795848,0.1799307958477508,-0.0024788767349253,0.0257763739487511,0.0,0.0
0.3944636678200692,0.1764705882352941,0.0060858375318431,0.0286974199963819,0.0,0.0
0.4844290657439446,0.1764705882352941,0.0026821847840363,0.0277718082307566,0.0,0.0
0.5051903114186851,0.1764705882352941,0.0019666828123352,0.0274874522312553,0.0,0.0
0.5224913494809689,0.1764705882352941,0.0013849445510131,0.0272980051346277,0.0,0.0
0.5916955017301038,0.1764705882352941,-0.0009922747891476,0.026218673493475196,0.0,0.0
0.6332179930795848,0.1764705882352941,-0.0024656357300011,0.025307819313202,0.0,0.0
0.3944636678200692,0.1730103806228373,0.006056523989,0.0283846143935308,0.0,0.0
0.4221453287197231,0.1730103806228373,0.0049924255676732,0.0281708425023043,0.0,0.0
0.4325259515570934,0.1730103806228373,0.0046439151205478,0.028053584956141898,0.0,0.0
0.5778546712802768,0.1730103806228373,-0.0005046286749695,0.0261523427525177,0.0,0.0
0.6020761245674741,0.1730103806228373,-0.0014073774883657,0.0257519708248796,0.0,0.0
0.6332179930795848,0.1730103806228373,-0.0024761243896079,0.0249799608218889,0.0,0.0
0.3944636678200692,0.1695501730103806,0.0060118139640779,0.0280611321108277,0.0,0.0
0.4048442906574394,0.1695501730103806,0.0056269992799283,0.0279832802174241,0.0,0.0
0.4463667820069204,0.1695501730103806,0.004028898924828,0.0276199196307127,0.0,0.0
0.4705882352941176,0.1695501730103806,0.0031602756290516,0.0272719360658329,0.0,0.0
0.5640138408304498,0.1695501730103806,-4.983853191477767e-05,0.0260567996015107,0.0,0.0
0.6193771626297578,0.1695501730103806,-0.0020873585008231,0.025131042411516997,0.0,0.0
0.6332179930795848,0.1695501730103806,-0.0025040322013004,0.0247054460452372,0.0,0.0
0.3944636678200692,0.1660899653979238,0.0059738108903683,0.0277085842880251,0.0,0.0
0.4809688581314879,0.1660899653979238,0.0027213811466005,0.0268796903021137,0.0,0.0
0.4948096885813148,0.1660899653979238,0.0022462723370774,0.0267156930396821,0.0,0.0
0.5051903114186851,0.1660899653979238,0.0019004802763947,0.0266160446557253,0.0,0.0
0.5155709342560554,0.1660899653979238,0.001540650347293,0.0265059975656507,0.0,0.0
0.5259515570934256,0.1660899653979238,0.0012133060841871,0.0263348644413991,0.0,0.0
0.5363321799307958,0.1660899653979238,0.0008451574376013,0.0261811780642659,0.0,0.0
0.5501730103806228,0.1660899653979238,0.0004096590741485,0.0259540255758239,0.0,0.0
0.6332179930795848,0.1660899653979238,-0.0025293368497395,0.0243854271589743,0.0,0.0
0.6366782006920415,0.1660899653979238,-0.0026117997794567,0.0242211555612777,0.0,0.0
0.3944636678200692,0.1626297577854671,0.0059289389838065,0.027363176754832,0.0,0.0
0.4152249134948096,0.1626297577854671,0.0051273189195329,0.027227672801114496,0.0,0.0
0.4290657439446367,0.1626297577854671,0.0046149776727412,0.027130223462203,0.0,0.0
0.4567474048442906,0.1626297577854671,0.0035980672887718,0.0268432534312966,0.0,0.0
0.5951557093425606,0.1626297577854671,-0.0012046526681417,0.0249594597271321,0.0,0.0
0.6089965397923875,0.1626297577854671,-0.0017408255284496,0.0247273597697319,0.0,0.0
0.6366782006920415,0.1626297577854671,-0.002649991798924,0.0239727145252042,0.0,0.0
0.3944636678200692,0.1591695501730103,0.0058840381849918,0.0270582342041955,0.0,0.0
0.4048442906574394,0.1591695501730103,0.005509890628847399,0.026985186668927897,0.0,0.0
0.5813148788927336,0.1591695501730103,-0.0007014517030577,0.0249179440133851,0.0,0.0
0.6366782006920415,0.1591695501730103,-0.0026707116846102,0.0236103144953004,0.0,0.0
0.3944636678200692,0.1557093425605536,0.0058474522299992,0.0267463575153179,0.0,0.0
0.4394463667820069,0.1557093425605536,0.0041507789570307,0.0264189637445639,0.0,0.0
0.4705882352941176,0.1557093425605536,0.0030461898907696,0.0260456528038342,0.0,0.0
0.4844290657439446,0.1557093425605536,0.0025201378045068,0.0259003234000089,0.0,0.0
0.5086505190311419,0.1557093425605536,0.0016914021329916,0.0257021091566538,0.0,0.0
0.6228373702422145,0.1557093425605536,-0.00225550555665,0.0237682488000576,0.0,0.0
0.6366782006920415,0.1557093425605536,-0.0026824827135124,0.0232914457602586,0.0,0.0
0.3944636678200692,0.1522491349480969,0.0058058664145578,0.0264144438006337,0.0,0.0
0.4948096885813148,0.1522491349480969,0.0021399670357098,0.0255222378520025,0.0,0.0
0.5259515570934256,0.1522491349480969,0.0011066601523051,0.02510152040987,0.0,0.0
0.5397923875432526,0.1522491349480969,0.0006417353154669,0.0248688698938582,0.0,0.0
0.5570934256055363,0.1522491349480969,8.378147092745785e-05,0.0246470771348352,0.0,0.0
0.5709342560553633,0.1522491349480969,-0.0004010461865618,0.0244498882614846,0.0,0.0
0.6366782006920415,0.1522491349480969,-0.0027146537606596,0.0230727915731637,0.0,0.0
0.3944636678200692,0.1487889273356401,0.0057613501704707,0.0261165204142492,0.0,0.0
0.4083044982698962,0.1487889273356401,0.0052461544087085,0.02600801655305,0.0,0.0
0.4532871972318339,0.1487889273356401,0.0035626124530688,0.0256167237076264,0.0,0.0
0.6366782006920415,0.1487889273356401,-0.0027618436555915,0.0227235347313984,0.0,0.0
0.3944636678200692,0.1453287197231834,0.0057166610516739,0.0257732386823533,0.0,0.0
0.4256055363321799,0.1453287197231834,0.0045493960003335,0.025559763178203,0.0,0.0
0.5121107266435986,0.1453287197231834,0.0014896670006872,0.024739777958536,0.0,0.0
0.5882352941176471,0.1453287197231834,-0.0010269565947373,0.0235758405030404,0.0,0.0
0.6055363321799307,0.1453287197231834,-0.0016644674269839,0.0232831071952358,0.0,0.0
0.6366782006920415,0.1453287197231834,-0.0027687928102768,0.0224270338800205,0.0,0.0
0.3944636678200692,0.1418685121107266,0.0056857406958388,0.0254828500075528,0.0,0.0
0.4429065743944637,0.1418685121107266,0.0038390485684018,0.0250661784750878,0.0,0.0
0.4705882352941176,0.1418685121107266,0.002909974476355,0.0247870530031701,0.0,0.0
0.4844290657439446,0.1418685121107266,0.0023996485497307,0.0246730721994377,0.0,0.0
0.4982698961937716,0.1418685121107266,0.0019245669586829997,0.0245968958984024,0.0,0.0
0.6366782006920415,0.1418685121107266,-0.0027736079404691,0.0221835071385381,0.0,0.0
0.3944636678200692,0.1384083044982699,0.0056516602993882,0.0251392414616808,0.0,0.0
0.5294117647058824,0.1384083044982699,0.0009075390518775,0.0238596730976846,0.0,0.0
0.5432525951557093,0.1384083044982699,0.0004546270591874,0.0236487740801246,0.0,0.0
0.5570934256055363,0.1384083044982699,1.708836987852609e-05,0.0234506594033836,0.0,0.0
0.5743944636678201,0.1384083044982699,-0.0005754085592246,0.0231988697343899,0.0,0.0
0.6193771626297578,0.1384083044982699,-0.0021928457798332,0.022353051998660105,0.0,0.0
0.6366782006920415,0.1384083044982699,-0.0027926574283113,0.0219274465901696,0.0,0.0
0.3944636678200692,0.1349480968858131,0.0056100387489054,0.0247932705700271,0.0,0.0
0.4117647058823529,0.1349480968858131,0.0049371853239601,0.024688030321700104,0.0,0.0
0.4221453287197231,0.1349480968858131,0.0045395119057665,0.0246320506457534,0.0,0.0
0.4532871972318339,0.1349480968858131,0.0034023708884447,0.02433781361343,0.0,0.0
0.5155709342560554,0.1349480968858131,0.0013239723811058,0.0237663472169276,0.0,0.0
0.5847750865051903,0.1349480968858131,-0.0009499340278815,0.0226915576160303,0.0,0.0
0.5986159169550173,0.1349480968858131,-0.0014449291639931,0.0224537507860599,0.0,0.0
0.6366782006920415,0.1349480968858131,-0.0027906451228203,0.0216301890302579,0.0,0.0
0.3944636678200692,0.1314878892733564,0.0055732283934112,0.0244734073437984,0.0,0.0
0.4359861591695502,0.1314878892733564,0.0039760356121514,0.024161412551281604,0.0,0.0
0.4775086505190311,0.1314878892733564,0.0025510964544045,0.0238162672907417,0.0,0.0
0.5017301038062284,0.1314878892733564,0.0017360519520629,0.0236461490740763,0.0,0.0
0.6089965397923875,0.1314878892733564,-0.0018204026620424001,0.0219661418079716,0.0,0.0
0.6366782006920415,0.1314878892733564,-0.0027935291918339,0.0213154245799989,0.0,0.0
0.3944636678200692,0.1280276816608996,0.0055376823189609,0.0241344246377432,0.0,0.0
0.4878892733564013,0.1280276816608996,0.0021610164905418,0.0234278252009183,0.0,0.0
0.6228373702422145,0.1280276816608996,-0.0022910831434777,0.0213757993539256,0.0,0.0
0.6366782006920415,0.1280276816608996,-0.0027858872257323,0.0209543001232418,0.0,0.0
0.3944636678200692,0.1245674740484429,0.0054999964001542,0.0238187891989488,0.0,0.0
0.4083044982698962,0.1245674740484429,0.0049419409698259,0.0237432289243577,0.0,0.0
0.4463667820069204,0.1245674740484429,0.0035276420277832,0.0234314442097432,0.0,0.0
0.4567474048442906,0.1245674740484429,0.0031758687543242,0.0233482940036437,0.0,0.0
0.4671280276816609,0.1245674740484429,0.002817375652014,0.0232763907187428,0.0,0.0
0.5190311418685121,0.1245674740484429,0.0011305909203737,0.02278775713565,0.0,0.0
0.532871972318339,0.1245674740484429,0.0006853950373138,0.0225808570639984,0.0,0.0
0.5467128027681661,0.1245674740484429,0.000277273649815,0.0223761026656644,0.0,0.0
0.5605536332179931,0.1245674740484429,-0.0001837434370103,0.0221887583060467,0.0,0.0
0.5743944636678201,0.1245674740484429,-0.0006087622653309,0.021952853006217,0.0,0.0
0.5916955017301038,0.1245674740484429,-0.0011991046882236,0.0216902231034292,0.0,0.0
0.6366782006920415,0.1245674740484429,-0.0027670683694037,0.0206722428187031,0.0,0.0
0.6401384083044983,0.1245674740484429,-0.0028525640367607,0.0205568740221342,0.0,0.0
0.3944636678200692,0.1211072664359861,0.0054635321030111,0.0234984390274383,0.0,0.0
0.4221453287197231,0.1211072664359861,0.0043626814790275,0.0233313222674765,0.0,0.0
0.6124567474048442,0.1211072664359861,-0.0019558622056191,0.0209699851338582,0.0,0.0
0.6401384083044983,0.1211072664359861,-0.0028648840545047,0.0202544595425107,0.0,0.0
0.3944636678200692,0.1176470588235294,0.0054148873572425,0.023154874772043,0.0,0.0
0.4359861591695502,0.1176470588235294,0.0038145741150355,0.0229006409214895,0.0,0.0
0.4775086505190311,0.1176470588235294,0.0023991712455988,0.0225788391284403,0.0,0.0
0.5051903114186851,0.1176470588235294,0.0015293891100608,0.0223430643056892,0.0,0.0
0.6020761245674741,0.1176470588235294,-0.0015783438750119,0.0208655852773725,0.0,0.0
0.6401384083044983,0.1176470588235294,-0.0028723232150625,0.0199153166750955,0.0,0.0
0.3944636678200692,0.1141868512110726,0.0053775395393245,0.0228387775305799,0.0,0.0
0.4498269896193771,0.1141868512110726,0.0032730638545045,0.0224572646017501,0.0,0.0
0.5363321799307958,0.1141868512110726,0.0005566600934317,0.0216777748186472,0.0,0.0
0.6262975778546713,0.1141868512110726,-0.0024499936805686,0.0200539826009533,0.0,0.0
0.6401384083044983,0.1141868512110726,-0.0028631988989431,0.0196348773326439,0.0,0.0
0.3944636678200692,0.1107266435986159,0.0053323177415871,0.0225107264602273,0.0,0.0
0.4117647058823529,0.1107266435986159,0.0046241809826329,0.0223650549740067,0.0,0.0
0.4602076124567474,0.1107266435986159,0.0028871556876535,0.0220771561064643,0.0,0.0
0.4878892733564013,0.1107266435986159,0.0019974580779441,0.0219286872290095,0.0,0.0
0.5224913494809689,0.1107266435986159,0.0009507849833235,0.021563721879382,0.0,0.0
0.5467128027681661,0.1107266435986159,0.0002142409777334,0.021239774485771,0.0,0.0
0.5605536332179931,0.1107266435986159,-0.0002107070171861,0.0209851439355228,0.0,0.0
0.5743944636678201,0.1107266435986159,-0.0006318566898831,0.0207499523387819,0.0,0.0
0.5882352941176471,0.1107266435986159,-0.0010829599168553,0.0205066491622044,0.0,0.0
0.615916955017301,0.1107266435986159,-0.0020833290867193,0.0199933634677879,0.0,0.0
0.6401384083044983,0.1107266435986159,-0.0028648408848836,0.0194743404847257,0.0,0.0
0.3944636678200692,0.1072664359861591,0.0052777715367582,0.0221629038319584,0.0,0.0
0.4256055363321799,0.1072664359861591,0.0040454706740655,0.0219664044849972,0.0,0.0
0.4705882352941176,0.1072664359861591,0.0024886399183609,0.0217422039647887,0.0,0.0
0.4982698961937716,0.1072664359861591,0.0016602883548362,0.0215648456284145,0.0,0.0
0.6401384083044983,0.1072664359861591,-0.0028507780162467,0.0191233315112124,0.0,0.0
0.3944636678200692,0.1038062283737024,0.0052239198012347,0.0217933180095827,0.0,0.0
0.4463667820069204,0.1038062283737024,0.0032461107226476006,0.0215456728864125,0.0,0.0
0.5121107266435986,0.1038062283737024,0.0012140621493059,0.0211365218350736,0.0,0.0
0.5986159169550173,0.1038062283737024,-0.0014461895582853,0.0197081913742828,0.0,0.0
0.629757785467128,0.1038062283737024,-0.0025502057633452,0.0190873896822973,0.0,0.0
0.6401384083044983,0.1038062283737024,-0.0028095913047782,0.0188427005816813,0.0,0.0
0.3910034602076124,0.1003460207612456,0.0052890153659145,0.0214832488254521,0.0,0.0
0.3944636678200692,0.1003460207612456,0.0051675966091145,0.0214251654881908,0.0,0.0
0.4359861591695502,0.1003460207612456,0.0035413116177664,0.0212584351380183,0.0,0.0
0.4809688581314879,0.1003460207612456,0.0021139658296205,0.0210898222617584,0.0,0.0
0.5259515570934256,0.1003460207612456,0.0007706007589097,0.0206804662398113,0.0,0.0
0.5501730103806228,0.1003460207612456,8.343247732438593e-05,0.0203389143640315,0.0,0.0
0.6089965397923875,0.1003460207612456,-0.0017892717919989,0.0192158159163935,0.0,0.0
0.6193771626297578,0.1003460207612456,-0.002165709374967,0.0190127866216124,0.0,0.0
0.6401384083044983,0.1003460207612456,-0.0028223407236805,0.0185501905885942,0.0,0.0
0.3910034602076124,0.0968858131487889,0.0052289191981046,0.0211237704054303,0.0,0.0
0.4048442906574394,0.0968858131487889,0.0046979519269347,0.021050136715619304,0.0,0.0
0.5017301038062284,0.0968858131487889,0.0014785999253324,0.0206344625900043,0.0,0.0
0.5363321799307958,0.0968858131487889,0.0004596390520623,0.0202450094633421,0.0,0.0
0.5605536332179931,0.0968858131487889,-0.0002131165603146,0.0198275562278389,0.0,0.0
0.6401384083044983,0.0968858131487889,-0.0028216925300619004,0.0181925258200937,0.0,0.0
0.3910034602076124,0.0934256055363321,0.0051570150756746,0.0207344230892163,0.0,0.0
0.4152249134948096,0.0934256055363321,0.0042245802187587,0.020639511548525,0.0,0.0
0.4567474048442906,0.0934256055363321,0.0027903023285638,0.0205540049180784,0.0,0.0
0.5778546712802768,0.0934256055363321,-0.0007602480681414,0.0191911204584892,0.0,0.0
0.5916955017301038,0.0934256055363321,-0.0011868081928194,0.0189711699885167,0.0,0.0
0.6401384083044983,0.0934256055363321,-0.0028108719145871,0.0178512873893606,0.0,0.0
0.3910034602076124,0.0899653979238754,0.0050958228559124,0.0203886210455566,0.0,0.0
0.4290657439446367,0.0899653979238754,0.0036807420742729,0.0202819433758568,0.0,0.0
0.4705882352941176,0.0899653979238754,0.0023059835846011,0.0202368086028213,0.0,0.0
0.5155709342560554,0.0899653979238754,0.0010266799070896,0.0199391765313745,0.0,0.0
0.6055363321799307,0.0899653979238754,-0.0016080140204365,0.0183943329428674,0.0,0.0
0.6228373702422145,0.0899653979238754,-0.0022313549482053,0.0180145006017484,0.0,0.0
0.6401384083044983,0.0899653979238754,-0.0027551311094576,0.0174322648447369,0.0,0.0
0.3910034602076124,0.0865051903114186,0.0050586581487833,0.0200016676777726,0.0,0.0
0.4844290657439446,0.0865051903114186,0.0018671378839623,0.0198721044179539,0.0,0.0
0.5570934256055363,0.0865051903114186,-0.0001651953520045,0.0190696391974881,0.0,0.0
0.6401384083044983,0.0865051903114186,-0.0027375751646209,0.0170634661958621,0.0,0.0
0.643598615916955,0.0865051903114186,-0.0028185899483238,0.0168142654460284,0.0,0.0
0.3910034602076124,0.0830449826989619,0.0050029813284818,0.019574304866349,0.0,0.0
0.4186851211072664,0.0830449826989619,0.0039306020553849,0.0196128765287769,0.0,0.0
0.4394463667820069,0.0830449826989619,0.0032120050493109004,0.0196116734590658,0.0,0.0
0.4982698961937716,0.0830449826989619,0.0014663904923806,0.0194770308143214,0.0,0.0
0.5294117647058824,0.0830449826989619,0.0005969978414592,0.0192149231586051,0.0,0.0
0.5743944636678201,0.0830449826989619,-0.0006363443320282,0.0184349548452179,0.0,0.0
0.643598615916955,0.0830449826989619,-0.0027991690905252,0.0165449825008427,0.0,0.0
0.3910034602076124,0.0795847750865051,0.0049431229330712,0.0192045755965683,0.0,0.0
0.4083044982698962,0.0795847750865051,0.0042557335074119,0.0192700574638404,0.0,0.0
0.4532871972318339,0.0795847750865051,0.0027441854248451,0.0193386755413899,0.0,0.0
0.5190311418685121,0.0795847750865051,0.0008258493981534,0.0190424442357849,0.0,0.0
0.5467128027681661,0.0795847750865051,0.0001072548128058,0.0187068234455087,0.0,0.0
0.5882352941176471,0.0795847750865051,-0.0010162491005549,0.0178458182991046,0.0,0.0
0.6262975778546713,0.0795847750865051,-0.0022711221372763,0.0170625204412866,0.0,0.0
0.643598615916955,0.0795847750865051,-0.0027980590217574,0.0162939325766691,0.0,0.0
0.3910034602076124,0.0761245674740484,0.0048913929667457,0.0188225716577767,0.0,0.0
0.4671280276816609,0.0761245674740484,0.0022747940204577,0.0190897508311777,0.0,0.0
0.5086505190311419,0.0761245674740484,0.0011287895979818,0.018856336817629,0.0,0.0
0.5640138408304498,0.0761245674740484,-0.0003541638703511,0.0180792213429524,0.0,0.0
0.643598615916955,0.0761245674740484,-0.0027679535025088,0.0159603061837308,0.0,0.0
0.3910034602076124,0.0726643598615917,0.0048226907779773,0.0184306724735319,0.0,0.0
0.4221453287197231,0.0726643598615917,0.0036353904322804,0.0186279790271568,0.0,0.0
0.4359861591695502,0.0726643598615917,0.0031940674002911,0.0187032562979515,0.0,0.0
0.4809688581314879,0.0726643598615917,0.0018684376357088,0.0187419900248006,0.0,0.0
0.5363321799307958,0.0726643598615917,0.0003633808552198,0.0183261462417708,0.0,0.0
0.5986159169550173,0.0726643598615917,-0.0013148428809228,0.0170785893564832,0.0,0.0
0.6124567474048442,0.0726643598615917,-0.0017834127764665,0.0167906583825534,0.0,0.0
0.643598615916955,0.0726643598615917,-0.0027369470415361,0.0156085619154479,0.0,0.0
0.3910034602076124,0.0692041522491349,0.0047444020629291,0.0180117176252525,0.0,0.0
0.4567474048442906,0.0692041522491349,0.0024837525437394,0.0184393918307987,0.0,0.0
0.5224913494809689,0.0692041522491349,0.0007045836979644,0.0181744301236585,0.0,0.0
0.5778546712802768,0.0692041522491349,-0.0007116682148487999,0.0172034071381123,0.0,0.0
0.643598615916955,0.0692041522491349,-0.0026989173166138,0.0153020599048773,0.0,0.0
0.3910034602076124,0.0657439446366782,0.004680350242592,0.0176013646420626,0.0,0.0
0.4048442906574394,0.0657439446366782,0.0041366123795936,0.0177383745095386,0.0,0.0
0.4463667820069204,0.0657439446366782,0.0027900058744873,0.0181082230771196,0.0,0.0
0.4705882352941176,0.0657439446366782,0.0020756936999502,0.0181564368189448,0.0,0.0
0.4913494809688581,0.0657439446366782,0.0015481719233469,0.0181269462464437,0.0,0.0
0.6262975778546713,0.0657439446366782,-0.002150777123813,0.0158795231000249,0.0,0.0
0.643598615916955,0.0657439446366782,-0.0027052172406839,0.0150232745615907,0.0,0.0
0.3910034602076124,0.0622837370242214,0.0046057583719191,0.0171894166436491,0.0,0.0
0.4152249134948096,0.0622837370242214,0.00371389943016,0.0174888495843973,0.0,0.0
0.5051903114186851,0.0622837370242214,0.0011245394919334,0.0178444488068554,0.0,0.0
0.5432525951557093,0.0622837370242214,0.0001406252146765,0.017395606744466,0.0,0.0
0.5605536332179931,0.0622837370242214,-0.0002609227385226,0.0170319360363378,0.0,0.0
0.5916955017301038,0.0622837370242214,-0.0010618325023645,0.0163528405174172,0.0,0.0
0.615916955017301,0.0622837370242214,-0.0017890375207552,0.0158503247745842,0.0,0.0
0.643598615916955,0.0622837370242214,-0.0026742948758329,0.0147142428213142,0.0,0.0
0.3875432525951557,0.0588235294117647,0.0046652434446239,0.0166650588798392,0.0,0.0
0.3910034602076124,0.0588235294117647,0.0045388026887276,0.0167451055428314,0.0,0.0
0.4290657439446367,0.0588235294117647,0.0031979412397992,0.0173483006735825,0.0,0.0
0.5294117647058824,0.0588235294117647,0.00047573447292229996,0.017313173355779,0.0,0.0
0.5813148788927336,0.0588235294117647,-0.0007793703062126,0.0163362130565178,0.0,0.0
0.6055363321799307,0.0588235294117647,-0.0014489702819581,0.0158180577000347,0.0,0.0
0.643598615916955,0.0588235294117647,-0.0026505897607104,0.0144028865915319,0.0,0.0
0.3875432525951557,0.0553633217993079,0.004586925117617,0.0162814916717095,0.0,0.0
0.4013840830449827,0.0553633217993079,0.0040905119807262,0.0165893573202493,0.0,0.0
0.4636678200692041,0.0553633217993079,0.0021960028008289,0.0172897450585333,0.0,0.0
0.4809688581314879,0.0553633217993079,0.001754738670658,0.0173014888074143,0.0,0.0
0.5155709342560554,0.0553633217993079,0.0008312745814885,0.0172006159250845,0.0,0.0
0.629757785467128,0.0553633217993079,-0.0021447291913934,0.0147991970450898,0.0,0.0
0.643598615916955,0.0553633217993079,-0.002616529000668,0.0141670352207879,0.0,0.0
0.6470588235294118,0.0553633217993079,-0.0027341743102169,0.013950629899903,0.0,0.0
0.3875432525951557,0.0519031141868512,0.0045142828447444,0.0158571657824637,0.0,0.0
0.4117647058823529,0.0519031141868512,0.0036586621279523996,0.0163938896856,0.0,0.0
0.4463667820069204,0.0519031141868512,0.0026234321793869,0.016904639083231,0.0,0.0
0.5501730103806228,0.0519031141868512,-1.563387327541997e-05,0.016453091267342,0.0,0.0
0.5709342560553633,0.0519031141868512,-0.0005122081552731,0.015978024068812,0.0,0.0
0.6193771626297578,0.0519031141868512,-0.0018046183554665,0.0149099299668136,0.0,0.0
0.6470588235294118,0.0519031141868512,-0.0027124490095471,0.0137109898006462,0.0,0.0
0.3875432525951557,0.0484429065743944,0.0044415069319211,0.0154369470807547,0.0,0.0
0.4948096885813148,0.0484429065743944,0.0013409402987756,0.0167232643680605,0.0,0.0
0.5605536332179931,0.0484429065743944,-0.0002674418708254,0.0159905728849814,0.0,0.0
0.5847750865051903,0.0484429065743944,-0.0008156828802309,0.0153319004897596,0.0,0.0
0.6470588235294118,0.0484429065743944,-0.002671088936394,0.0134429409556856,0.0,0.0
0.3875432525951557,0.0449826989619377,0.0043853839431979,0.0150382054835995,0.0,0.0
0.4359861591695502,0.0449826989619377,0.0028318930492844,0.0161808025650081,0.0,0.0
0.4844290657439446,0.0449826989619377,0.0015971486719383,0.016429685557688,0.0,0.0
0.5051903114186851,0.0449826989619377,0.0010660067275559,0.0164521720558653,0.0,0.0
0.532871972318339,0.0449826989619377,0.000374905166471,0.0162188962369894,0.0,0.0
0.5986159169550173,0.0449826989619377,-0.0011756881932963,0.0147937210169764,0.0,0.0
0.6470588235294118,0.0449826989619377,-0.0026761127713328,0.0132657975452841,0.0,0.0
0.3875432525951557,0.0415224913494809,0.0043106406983247,0.0146908939478427,0.0,0.0
0.4221453287197231,0.0415224913494809,0.0031771991508833,0.015641762250369,0.0,0.0
0.4532871972318339,0.0415224913494809,0.0023505165201172,0.0160783513627861,0.0,0.0
0.6124567474048442,0.0415224913494809,-0.0015217246823169,0.0142065933207703,0.0,0.0
0.629757785467128,0.0415224913494809,-0.0020561487439189,0.0137334318520055,0.0,0.0
0.6470588235294118,0.0415224913494809,-0.0026231275073713,0.012971219643541499,0.0,0.0
0.3840830449826989,0.0380622837370242,0.0043261393734388,0.0140911099780699,0.0,0.0
0.3875432525951557,0.0380622837370242,0.0042208782633809,0.0142515899346316,0.0,0.0
0.4048442906574394,0.0380622837370242,0.0036688471789402,0.0149242738515145,0.0,0.0
0.4740484429065744,0.0380622837370242,0.001817032479981,0.0158879545533788,0.0,0.0
0.5155709342560554,0.0380622837370242,0.000781690492353,0.01583706267586,0.0,0.0
0.5501730103806228,0.0380622837370242,-1.6697523991504056e-05,0.0153913785623788,0.0,0.0
0.5674740484429066,0.0380622837370242,-0.0003949449473232,0.015025620299577,0.0,0.0
0.6470588235294118,0.0380622837370242,-0.0025892032182413,0.0127129974309777,0.0,0.0
0.3840830449826989,0.0346020761245674,0.0042493513448117,0.0136703808587474,0.0,0.0
0.4429065743944637,0.0346020761245674,0.0025329996405322,0.0153607765561704,0.0,0.0
0.4878892733564013,0.0346020761245674,0.0014543511551302,0.0156902068024794,0.0,0.0
0.5363321799307958,0.0346020761245674,0.0002778306092728,0.0153573142662838,0.0,0.0
0.5882352941176471,0.0346020761245674,-0.0008671438101443,0.0142395335035191,0.0,0.0
0.6020761245674741,0.0346020761245674,-0.0012241485885699,0.0139288226274531,0.0,0.0
0.6470588235294118,0.0346020761245674,-0.0025445473940395,0.0124151838900788,0.0,0.0
0.3840830449826989,0.0311418685121107,0.0041876545874396,0.0132861004512529,0.0,0.0
0.4256055363321799,0.0311418685121107,0.0029752609030961,0.014810846575542002,0.0,0.0
0.4602076124567474,0.0311418685121107,0.0021122237752231,0.015247819617485999,0.0,0.0
0.5017301038062284,0.0311418685121107,0.0010645134994988,0.0153733449993201,0.0,0.0
0.6332179930795848,0.0311418685121107,-0.0020429365225266,0.01275360930713,0.0,0.0
0.6470588235294118,0.0311418685121107,-0.0025060784651639,0.0121050587864408,0.0,0.0
0.3840830449826989,0.0276816608996539,0.0041375402992504,0.0130111989034178,0.0,0.0
0.3979238754325259,0.0276816608996539,0.0037324188235703,0.013663733517565899,0.0,0.0
0.4152249134948096,0.0276816608996539,0.0032310961444946,0.0141922771031314,0.0,0.0
0.5259515570934256,0.0276816608996539,0.0005282127202148,0.0149675478615889,0.0,0.0
0.5778546712802768,0.0276816608996539,-0.0006089264601457,0.0139989926071558,0.0,0.0
0.6193771626297578,0.0276816608996539,-0.0016255669255796,0.0129513217280068,0.0,0.0
0.6470588235294118,0.0276816608996539,-0.0024737974390719,0.0118610314979743,0.0,0.0
0.3806228373702422,0.0242214532871972,0.004167678246617,0.0124365873962156,0.0,0.0
0.3840830449826989,0.0242214532871972,0.0040914995392061,0.0126660060120879,0.0,0.0
0.4498269896193771,0.0242214532871972,0.002333144283401,0.0145827053640609,0.0,0.0
0.5605536332179931,0.0242214532871972,-0.0002327839239265,0.0141333726537917,0.0,0.0
0.5986159169550173,0.0242214532871972,-0.0010843497823753,0.0132775539888762,0.0,0.0
0.6470588235294118,0.0242214532871972,-0.0024187074861934,0.0115477509295743,0.0,0.0
0.6505190311418685,0.0242214532871972,-0.0025534009308286,0.0114307402077899,0.0,0.0
0.3806228373702422,0.0207612456747404,0.0041192837678841,0.0121292499990171,0.0,0.0
0.4325259515570934,0.0207612456747404,0.0027213590924824,0.0140431933753924,0.0,0.0
0.4671280276816609,0.0207612456747404,0.0019000531025196,0.0144732816578709,0.0,0.0
0.4844290657439446,0.0207612456747404,0.0014735975566127,0.014539492513890398,0.0,0.0
0.5432525951557093,0.0207612456747404,0.0001314666064777,0.014217715023239198,0.0,0.0
0.6505190311418685,0.0207612456747404,-0.0025095406748931,0.0111170469590885,0.0,0.0
0.3806228373702422,0.0173010380622837,0.0040707012648336,0.0117732657411247,0.0,0.0
0.4013840830449827,0.0173010380622837,0.0035113206579144,0.012850932838723,0.0,0.0
0.4982698961937716,0.0173010380622837,0.0011500093055185,0.0143032641183004,0.0,0.0
0.5121107266435986,0.0173010380622837,0.0008639053787901,0.01432054020149,0.0,0.0
0.6332179930795848,0.0173010380622837,-0.0018975961605676,0.0116135114160516,0.0,0.0
0.6505190311418685,0.0173010380622837,-0.0024617832548537,0.010804178725286,0.0,0.0
0.3806228373702422,0.0138408304498269,0.0040349276437599,0.0114852944024441,0.0,0.0
0.4152249134948096,0.0138408304498269,0.0031165734844146,0.0130517814845902,0.0,0.0
0.4429065743944637,0.0138408304498269,0.0024342241702223,0.0136644074712212,0.0,0.0
0.4567474048442906,0.0138408304498269,0.0020935680995976,0.0138191206989082,0.0,0.0
0.5259515570934256,0.0138408304498269,0.000490784736113,0.0139697070348317,0.0,0.0
0.5536332179930796,0.0138408304498269,-8.249643813081902e-05,0.0135094980872544,0.0,0.0
0.5709342560553633,0.0138408304498269,-0.0004249587326852,0.0131597242627357,0.0,0.0
0.5847750865051903,0.0138408304498269,-0.0007421280525831,0.0128673586258522,0.0,0.0
0.6089965397923875,0.0138408304498269,-0.0012865865630585,0.012208861978907101,0.0,0.0
0.6228373702422145,0.0138408304498269,-0.0016293085225582,0.0117719176291386,0.0,0.0
0.6505190311418685,0.0138408304498269,-0.0024082975180864,0.010538482765537,0.0,0.0
0.3771626297577855,0.0103806228373702,0.0040404322547802,0.0109550021703583,0.0,0.0
0.3806228373702422,0.0103806228373702,0.0039852732483554,0.0111730795036547,0.0,0.0
0.6505190311418685,0.0103806228373702,-0.0023795057148106,0.0103174518269553,0.0,0.0
0.3771626297577855,0.0069204152249134,0.0040073937506573,0.010687665582196,0.0,0.0
0.6505190311418685,0.0069204152249134,-0.0023301029210233,0.0100710462966776,0.0,0.0
0.3771626297577855,0.0034602076124567,0.0039647340456613,0.0103558963732703,0.0,0.0
0.6505190311418685,0.0034602076124567,-0.0022807167305283,0.009831876912814,0.0,0.0
0.3771626297577855,0.0,0.0039097260051951,0.0100786048200891,0.0,0.0
0.3806228373702422,0.0,0.0038410527938095,0.010299670677009,0.0,0.0
0.3840830449826989,0.0,0.0037749103757431,0.010517999813319998,0.0,0.0
0.3875432525951557,0.0,0.0037028264346506,0.0107395564337767,0.0,0.0
0.3910034602076124,0.0,0.0036235366291835,0.0109361502764324,0.0,0.0
0.3944636678200692,0.0,0.0035199609709985,0.0111194086624817,0.0,0.0
0.3979238754325259,0.0,0.003427520394461,0.0112857658983252,0.0,0.0
0.4013840830449827,0.0,0.0033544095355704994,0.0114153749532248,0.0,0.0
0.4048442906574394,0.0,0.0032613316268583,0.0115667069593345,0.0,0.0
0.4083044982698962,0.0,0.0031909946714965,0.0116915168640299,0.0,0.0
0.4117647058823529,0.0,0.0030978160824618,0.0117979258003801,0.0,0.0
0.4152249134948096,0.0,0.0030145805950885,0.0118984338562213,0.0,0.0
0.4186851211072664,0.0,0.0029364213257071,0.0120258800855012,0.0,0.0
0.4221453287197231,0.0,0.0028607354430132,0.0121317365183814,0.0,0.0
0.4256055363321799,0.0,0.0027842075466687,0.0122239323800995,0.0,0.0
0.4290657439446367,0.0,0.0027083590102013,0.0122986313764952,0.0,0.0
0.4325259515570934,0.0,0.0026129021741188,0.0123597416870763,0.0,0.0
0.4359861591695502,0.0,0.0025474005450391,0.0124452868456105,0.0,0.0
0.4394463667820069,0.0,0.0024524606019983,0.0124958215195573,0.0,0.0
0.4429065743944637,0.0,0.0023729415621808,0.0125524478669045,0.0,0.0
0.4463667820069204,0.0,0.0023017805260578,0.0126075513965332,0.0,0.0
0.4498269896193771,0.0,0.0022092970170301,0.0126592440016255,0.0,0.0
0.4532871972318339,0.0,0.0021277544089094,0.0127237108268593,0.0,0.0
0.4567474048442906,0.0,0.0020538132532759,0.0127709380629989,0.0,0.0
0.4602076124567474,0.0,0.0019802218574392,0.0127945617980178,0.0,0.0
0.4636678200692041,0.0,0.0019029526827013,0.0128394943280883,0.0,0.0
0.4671280276816609,0.0,0.0017967024268355,0.0128866220853645,0.0,0.0
0.4705882352941176,0.0,0.0017486390041954,0.0129033959063853,0.0,0.0
0.4740484429065744,0.0,0.0016810996256392,0.0129254351818734,0.0,0.0
0.4775086505190311,0.0,0.0016091201555208,0.0129427145939987,0.0,0.0
0.4809688581314879,0.0,0.0015350103658146,0.0129716238117854,0.0,0.0
0.4844290657439446,0.0,0.0014334329192607,0.012997283016691803,0.0,0.0
0.4878892733564013,0.0,0.0013653772224793,0.0129990174080093,0.0,0.0
0.4913494809688581,0.0,0.0013089812087426,0.0130101651052882,0.0,0.0
0.4948096885813148,0.0,0.0012057277078549,0.0130022943663924,0.0,0.0
0.4982698961937716,0.0,0.0011345814308697,0.013003798909062798,0.0,0.0
0.5017301038062284,0.0,0.001051007083112,0.013011965129525,0.0,0.0
0.5051903114186851,0.0,0.000967635625236,0.0130088779308575,0.0,0.0
0.5086505190311419,0.0,0.0008975467691615,0.0130102024503499,0.0,0.0
0.5121107266435986,0.0,0.0008334121835929,0.0130037099589024,0.0,0.0
0.5155709342560554,0.0,0.0007138539825831,0.0129965957791488,0.0,0.0
0.5190311418685121,0.0,0.0006475737818154,0.0129843813146184,0.0,0.0
0.5224913494809689,0.0,0.0005781940783049,0.0129569436238195,0.0,0.0
0.5259515570934256,0.0,0.0004909987168739,0.0129209029029211,0.0,0.0
0.5294117647058824,0.0,0.0004213717198376,0.0128880742790096,0.0,0.0
0.532871972318339,0.0,0.0003537823577818,0.012841146784014,0.0,0.0
0.5363321799307958,0.0,0.0002835597721507,0.0127978615721918,0.0,0.0
0.5397923875432526,0.0,0.0002240610735899,0.0127486139800796,0.0,0.0
0.5432525951557093,0.0,0.0001228844613582,0.012724194815549,0.0,0.0
0.5467128027681661,0.0,5.574944805854067e-05,0.0126590289691441,0.0,0.0
0.5501730103806228,0.0,-5.92449162220254e-06,0.0125852024859663,0.0,0.0
0.5536332179930796,0.0,-7.792636527488427e-05,0.0125099349773449,0.0,0.0
0.5570934256055363,0.0,-0.0001472124378658,0.0124362154307236,0.0,0.0
0.5605536332179931,0.0,-0.0002178062277047,0.0123464489905853,0.0,0.0
0.5640138408304498,0.0,-0.0002790957220327,0.0123078065634052,0.0,0.0
0.5674740484429066,0.0,-0.000353575886748,0.0122324847998434,0.0,0.0
0.5709342560553633,0.0,-0.0004295426659033,0.01216751335032,0.0,0.0
0.5743944636678201,0.0,-0.0004942201229338,0.012077675256759,0.0,0.0
0.5778546712802768,0.0,-0.0005722140018466,0.0120391120321362,0.0,0.0
0.5813148788927336,0.0,-0.0006464371272818,0.011972439942237,0.0,0.0
0.5847750865051903,0.0,-0.0007286119303071,0.0118970211294503,0.0,0.0
0.5882352941176471,0.0,-0.0008064725617495,0.0118146212229372,0.0,0.0
0.5916955017301038,0.0,-0.0008722433667103,0.0117209836897594,0.0,0.0
0.5951557093425606,0.0,-0.0009383086031031,0.0116347566555842,0.0,0.0
0.5986159169550173,0.0,-0.0010283440852229,0.0115476389246178,0.0,0.0
0.6020761245674741,0.0,-0.0010862710522015,0.0114101820713798,0.0,0.0
0.6055363321799307,0.0,-0.0011631335559602,0.0113271328350336,0.0,0.0
0.6089965397923875,0.0,-0.0012438923790525,0.0112401453099455,0.0,0.0
0.6124567474048442,0.0,-0.001317973276966,0.0111255901544171,0.0,0.0
0.615916955017301,0.0,-0.0013848437760523,0.0110288890665182,0.0,0.0
0.6193771626297578,0.0,-0.0014777640997087,0.0108973439344083,0.0,0.0
0.6228373702422145,0.0,-0.0015633569430106,0.0107719700491797,0.0,0.0
0.6262975778546713,0.0,-0.001618062478804,0.0106463324136371,0.0,0.0
0.629757785467128,0.0,-0.0017092681898686,0.0105143085709456,0.0,0.0
0.6332179930795848,0.0,-0.0017655464090582,0.0103569982655623,0.0,0.0
0.6366782006920415,0.0,-0.0018276830994763999,0.0101906032692833,0.0,0.0
0.6401384083044983,0.0,-0.0019042361167164001,0.0100301860984566,0.0,0.0
0.643598615916955,0.0,-0.0019878918429316,0.0098997130859224,0.0,0.0
0.6470588235294118,0.0,-0.0020728573424059,0.0097163306942944,0.0,0.0
0.6505190311418685,0.0,-0.0022201074679285,0.0095748529254527,0.0,0.0
