id,x,y,ux,uy,fintx,finty,bcx,bcy
0,0.04000000000016646,1.0,0.008844293624649998,0.35000000000000003,-6.418476861114186e-17,0.03577707432805804,0,4
1,0.02000000000008328,1.0,0.004425421015310392,0.35000000000000003,-1.9081958235744878e-17,0.03578332894619487,0,4
2,0.03232300272509022,0.9832996072706063,0.007153716387713954,0.3466746541302947,5.898059818321144e-17,1.717376241217039e-16,0,0
3,0.05000670305834538,0.987790537300419,0.0110567360857164,0.3475651026206351,-1.5612511283791264e-17,-2.220446049250313e-16,0,0
4,0.01464101615145555,0.9853589838485708,0.003240750535376307,0.3470896879767093,4.5102810375396984e-17,3.139849491518021e-16,0,0
5,0.06000000000024963,1.0,0.01325487945706559,0.35000000000000003,2.7755575615628914e-17,0.035787996163721365,0,4
6,0.04951553635497874,0.9722873302562729,0.01096066979000655,0.34447378714932664,7.112366251504909e-17,-4.5102810375396984e-17,0,0
7,0.0,1.0,0.0,0.35000000000000003,-0.017931484602082444,0.017888987795999317,1,4
8,0.01675426480541296,0.9690192378865387,0.0037137918553742924,0.34384232729874975,-3.8163916471489756e-17,-3.660266534311063e-16,0,0
9,0.06820838232751653,0.9809976188558553,0.015072125081843864,0.3461987411747167,2.42861286636753e-17,-6.591949208711867e-17,0,0
10,0.08000000000033292,1.0,0.017653614276101813,0.35000000000000003,6.722053469410127e-17,0.03578481895648469,0,4
11,0.1000000000004161,1.0,0.022030796004830076,0.35000000000000003,3.469446951953614e-18,0.0357801706996898,0,4
12,0.09030668950749172,0.9826249551222674,0.01992147359885878,0.34650601661109365,-5.2475385148298415e-17,1.3530843112619095e-16,0,0
13,0.03293076030482936,0.9630175393470397,0.007299732765089814,0.34264102566301324,3.903127820947816e-17,-3.0531133177191805e-16,0,0
14,0.0,0.9800000000000189,0.0,0.3460258332226222,-0.035868926248087976,-4.163336342344337e-17,1,0
15,0.1100818312278703,0.983697750238486,0.02423887567864436,0.34670542844715935,-5.0306980803327406e-17,3.1051550219984847e-16,0,0
16,0.1200000000004994,1.0,0.026386523602474985,0.35000000000000003,-9.71445146547012e-17,0.03578839470506018,0,4
17,0.04601908431555364,0.9517292130914922,0.010211728979479215,0.3403881304900555,-2.7755575615628914e-17,2.636779683484747e-16,0,0
18,0.0642509559649633,0.9587408182644405,0.014231064553784922,0.34175794496344014,-4.5102810375396984e-17,-4.163336342344337e-17,0,0
19,0.01724790855729413,0.9514067164600164,0.00382958995848347,0.34034818462094435,1.0061396160665481e-16,2.706168622523819e-16,0,0
20,0.0,0.9600000000000526,0.0,0.34205747143591547,-0.035872000258277206,4.5102810375396984e-17,1,0
21,0.08329564921735125,0.9641369649257632,0.01841471157148521,0.34280491488461634,8.673617379884035e-18,1.3877787807814457e-17,0,0
22,0.1029690844391794,0.9678636157400184,0.022717995106272273,0.3435185954361116,-9.71445146547012e-17,-1.700029006457271e-16,0,0
23,0.130000000000541,0.9826794919242392,0.028564976781841996,0.3464743868214615,7.632783294297951e-17,-2.3245294578089215e-16,0,0
24,0.1400000000005825,1.0,0.030712953887133097,0.35000000000000003,1.3010426069826053e-16,0.03579732941251858,0,4
25,0.03153226162719184,0.9440368083945191,0.007008799232487408,0.33887739241361015,-2.5587171270657905e-17,3.8510861166685117e-16,0,0
26,0.1200048973229609,0.9713673042889339,0.02642135077404741,0.34419518294213,1.717376241217039e-16,-1.734723475976807e-16,0,0
27,0.1495222732334486,0.9826679317689861,0.03277735833904061,0.34644619795215814,-1.0755285551056204e-16,2.740863092043355e-16,0,0
28,0.1600000000006658,1.0,0.0350082618827047,0.35000000000000003,-1.0581813203458523e-16,0.03579162338942232,0,4
29,0.05994800125355652,0.9380098468577476,0.013321712663448374,0.3376394522996206,1.2836953722228372e-16,1.4224732503009818e-16,0,0
30,0.04092996143668184,0.9318213742464758,0.009114567644945693,0.33644989159224625,-8.673617379884035e-19,-4.198030811863873e-16,0,0
31,0.0789659417699818,0.9441979224080344,0.017508384253126907,0.33882643573590127,-4.0766001685454967e-17,0.0,0,0
32,0.0,0.9400000000000998,0.0,0.33809743169463474,-0.03587584796034692,-1.3877787807814457e-16,1,0
33,0.02052328817155788,0.929730745330685,0.0045739646529831006,0.33606064923339596,-6.245004513516506e-17,-3.677613769070831e-16,0,0
34,0.09762535966477333,0.9499196179012076,0.021594926466539738,0.33992158484617485,-4.5102810375396984e-17,1.8388068845354155e-16,0,0
35,0.1165000796946289,0.9554351019634533,0.025703810620056645,0.34097678923500446,4.683753385137379e-17,-4.5102810375396984e-17,0,0
36,0.13640794183503,0.9643982025783117,0.029995789230021348,0.34273854123083036,-1.43982048506075e-16,1.5959455978986625e-16,0,0
37,0.168469738189456,0.9830619683466068,0.03683349075934857,0.3465025400910492,3.122502256758253e-17,-2.5153490401663703e-16,0,0
38,0.180000000000749,1.0,0.03927211509591334,0.35000000000000003,-6.938893903907228e-18,0.035802125704914214,0,4
39,0.1571658894098232,0.9666267785429369,0.03445799434194699,0.34313844287363615,1.3357370765021415e-16,-1.717376241217039e-16,0,0
40,0.189767965830992,0.9805332096607943,0.04135724599694411,0.34594015680757123,-3.9898639947466563e-17,-2.7929047963226594e-16,0,0
41,0.07481623589727063,0.924633736029046,0.016652099718776604,0.334941504373081,1.214306433183765e-17,2.5673907444456745e-16,0,0
42,0.0557983572776371,0.9184455065417879,0.012451093701204534,0.33377220869604823,-1.8908485888147197e-16,-1.0061396160665481e-16,0,0
43,0.036780304968602,0.9122570346733238,0.008227567003306962,0.3325953558447255,4.0766001685454967e-17,3.920475055707584e-16,0,0
44,0.09383354963153673,0.9308212990147324,0.020827436396297503,0.3361071150620967,-4.85722573273506e-17,1.4224732503009818e-16,0,0
45,0.0,0.9200000000001403,0.0,0.334153033987883,-0.03587101616368843,4.163336342344337e-17,1,0
46,0.1128491821635707,0.9370071319403168,0.024974537479351962,0.3372724418361097,2.688821387764051e-17,-5.898059818321144e-17,0,0
47,0.1318356546118255,0.9431692527342443,0.02908484025906474,0.33843983591669047,-9.020562075079397e-17,1.97758476261356e-16,0,0
48,0.1510423410020633,0.9489796391754212,0.03321392576947037,0.3395409992942527,-2.862293735361732e-17,1.5612511283791264e-16,0,0
49,0.1758014253994474,0.9690412299273018,0.038428969171874994,0.343583519795678,-2.42861286636753e-17,3.0184188481996443e-16,0,0
50,0.2000000000008322,1.0,0.04349593474511646,0.35000000000000003,7.45931094670027e-17,0.03580493983333426,0,4
51,0.01722418943860115,0.9093685710658588,0.0038592557555653783,0.33205731766529645,-6.591949208711867e-17,1.97758476261356e-16,0,0
52,0.1700409752926172,0.9544763768263718,0.03726194845024199,0.34058918581083647,-3.469446951953614e-18,9.8879238130678e-17,0,0
53,0.210000000000869,0.9826794919242412,0.04560509112872956,0.34634454333216713,3.469446951953614e-18,-6.938893903907228e-18,0,0
54,0.1886956945753838,0.9617339356693173,0.04118854405791059,0.3420234028426181,8.673617379884035e-18,-2.0816681711721685e-17,0,0
55,0.2200000000009155,1.0,0.047671938340341065,0.35000000000000003,-4.336808689942018e-17,0.03582668755356163,0,4
56,0.07066660887616721,0.9050696464761617,0.01580691614694709,0.3310799691785718,-6.938893903907228e-18,-3.0878077872387166e-16,0,0
57,0.0896843013820588,0.9112577025014645,0.019999253727992463,0.3322239037808715,1.5439038936193583e-16,-3.434752482434078e-16,0,0
58,0.05164874173645193,0.8988812494125498,0.01158656801412586,0.32992788420176805,9.8879238130678e-17,-1.734723475976807e-16,0,0
59,0.03326510128999004,0.8934580356323167,0.0074817941622193,0.3289119731325959,3.5561831257524545e-17,-3.1051550219984847e-16,0,0
60,0.1087018020081531,0.9174458797854141,0.024161135921697514,0.33336423125377124,4.423544863740858e-17,-2.8102520310824275e-16,0,0
61,0.0,0.9000000000001855,0.0,0.3302308895298342,-0.03587962535981456,1.0234868508263162e-16,1,0
62,0.1277050688637135,0.9236181669867355,0.02828762414630253,0.33450309761596947,-7.28583859910259e-17,-1.1449174941446927e-16,0,0
63,0.1466547765801098,0.9297615402728652,0.03236776785202157,0.33564128126738046,9.280770596475918e-17,-6.245004513516506e-17,0,0
64,0.1655879330213634,0.9359430239181747,0.03640866723428349,0.33679432531854975,1.231653667943533e-16,-2.185751579730777e-16,0,0
65,0.2038786408389507,0.9675983181804595,0.0443651549941617,0.34319228216800834,-2.6020852139652106e-17,1.734723475976807e-17,0,0
66,0.2299999518439538,0.9826794872487707,0.04976503231548304,0.34630941585336705,-3.469446951953614e-17,-1.1102230246251565e-16,0,0
67,0.2400000000009987,1.0,0.05180624603106658,0.35000000000000003,-3.0791341698588326e-17,0.03581926302429961,0,4
68,0.2600000000010819,1.0,0.0558929614480143,0.35000000000000003,1.3704315460216776e-16,0.03581346904691077,0,4
69,0.250072620498306,0.982969772737339,0.053891437526855636,0.3463316421945514,5.074066167232161e-17,-2.220446049250313e-16,0,0
70,0.01609109631136342,0.8880203633795436,0.003627940630702207,0.32788436288923817,7.632783294297951e-17,-3.382710778154774e-16,0,0
71,0.1845155913517931,0.9421204893413857,0.0404095898092324,0.3379613641355805,1.3877787807814457e-17,-1.5352302762394743e-16,0,0
72,0.220000000000912,0.9653589838484884,0.047750217559501235,0.34266070068628046,2.0816681711721685e-17,5.724587470723463e-17,0,0
73,0.2062627666005528,0.9496238362372309,0.044956866934562766,0.339410417131602,-6.591949208711867e-17,-1.5612511283791264e-17,0,0
74,0.2699999882812355,0.9835170956992749,0.0579389736570832,0.3464130031531457,5.551115123125783e-17,1.8735013540549517e-16,0,0
75,0.2800000000011651,1.0,0.059933678926937836,0.35000000000000003,-7.806255641895632e-17,0.035827963185852116,0,4
76,0.06651710823806159,0.8855055896751026,0.014970783935272158,0.3272460000632584,-1.2923689896027213e-16,2.983724378680108e-16,0,0
77,0.08553473939955383,0.8916939426290824,0.01918483974157982,0.32836812206209964,2.6020852139652106e-18,2.706168622523819e-16,0,0
78,0.1045521535504289,0.8978821294919053,0.023365735553932364,0.32948246322654196,-3.2959746043559335e-17,3.226585665316861e-16,0,0
79,0.04865178536584112,0.8793838943284922,0.01098452749738585,0.32611980725494344,-3.8163916471489756e-17,4.0939474033052647e-16,0,0
80,0.03128327725141246,0.8746702541249278,0.007080019023965557,0.3252540274288942,-2.2659825404947043e-16,1.0408340855860843e-17,0,0
81,0.1235694939310048,0.904070272612781,0.027511425641314636,0.33059419161196263,-2.862293735361732e-17,5.551115123125783e-17,0,0
82,0.0,0.8800000000002458,0.0,0.32633530732135635,-0.03587993294342154,-1.734723475976807e-17,1,0
83,0.142540057100599,0.9102148337844247,0.031610028546481074,0.33169879697745225,-2.42861286636753e-17,-1.9081958235744878e-16,0,0
84,0.1614803299052495,0.9163800674195061,0.035663320083879006,0.3328128399948229,-1.5612511283791264e-17,-6.245004513516506e-17,0,0
85,0.1803865239242571,0.9225499917376718,0.039670301896188274,0.33393811784775984,7.546047120499111e-17,2.5326962749261384e-16,0,0
86,0.2404357872557006,0.9653613323564626,0.051980795753615895,0.3425794113400914,4.5102810375396984e-17,9.540979117872439e-17,0,0
87,0.2610196840336368,0.9667076194299988,0.05618481010272069,0.3427884177075813,-1.2836953722228372e-16,7.28583859910259e-17,0,0
88,0.2897631550125654,0.9827653828389045,0.06190600713998716,0.3461989471528243,-6.245004513516506e-17,-6.765421556309548e-17,0,0
89,0.3000000000012484,1.0,0.06391736432970666,0.35000000000000003,5.3613797429408194e-17,0.03584928620475756,0,4
90,0.3200000000013316,1.0,0.0678504393683068,0.35000000000000003,-1.0408340855860843e-17,0.03583945983700935,0,4
91,0.3089459256693211,0.9823885790029122,0.06571053521525443,0.34607248709485344,-7.068998164605489e-17,3.191891195797325e-16,0,0
92,0.01573934855452849,0.8684145736526215,0.0035701054544481333,0.32407982686899084,1.3877787807814457e-16,3.5735303605122226e-16,0,0
93,0.199237239763368,0.9285553134327034,0.04362537879326369,0.33504671730885266,-8.326672684688674e-17,-3.0357660829594124e-17,0,0
94,0.2293391931637615,0.9495375012645004,0.04977139152291562,0.33926206354620664,2.42861286636753e-17,1.3877787807814457e-17,0,0
95,0.2795741046707085,0.9695391364654514,0.05991667698105759,0.3433291997853649,3.2959746043559335e-17,1.9081958235744878e-16,0,0
96,0.3280131730464912,0.9828604788259226,0.06943936518879791,0.3461361375544186,1.0928757898653885e-16,2.445960101127298e-16,0,0
97,0.3400000000014148,1.0,0.07173203354573142,0.35000000000000003,-1.249000902703301e-16,0.035862190438742614,0,4
98,0.08138530755708862,0.8721301567563944,0.018382098604024413,0.3245439925391392,4.0766001685454967e-17,-3.8163916471489756e-16,0,0
99,0.06236762302517274,0.8659415313361355,0.014141071542750898,0.32344443078836715,1.5785983631388945e-16,-2.1510571102112408e-16,0,0
100,0.1004027684627881,0.8783185897033319,0.02258691662803688,0.3256318976272948,-4.423544863740858e-17,2.0816681711721685e-17,0,0
101,0.1194196240378326,0.8845064774348179,0.026753454101607614,0.32671292864881385,6.331740687315346e-17,1.3183898417423734e-16,0,0
102,0.04492151572745764,0.8603870878784303,0.010219851213044764,0.32244334304438504,-6.591949208711867e-17,-3.122502256758253e-16,0,0
103,0.02904532783885965,0.8590153457463284,0.006612208067714536,0.3222336509845131,8.586881206085195e-17,1.700029006457271e-16,0,0
104,0.138407195847406,0.890664566857932,0.03087373817356719,0.32778589005696196,-1.9949319973733282e-17,1.457167719820518e-16,0,0
105,0.0,0.8600000000003248,0.0,0.3224671413692781,-0.035891515309023375,-1.1102230246251565e-16,1,0
106,0.1573696675871127,0.8968018609627955,0.03494726486011194,0.3288568461013473,0.0,5.204170427930421e-17,0,0
107,0.176281371207092,0.9030216681640821,0.03896658221757145,0.3299519026690674,-9.627715291671279e-17,-2.0816681711721685e-17,0,0
108,0.1952435370824973,0.9091637737936274,0.04295406127464962,0.3310424781271559,-1.0408340855860843e-17,2.255140518769849e-16,0,0
109,0.2194850992021664,0.9334052062369143,0.04784109210976736,0.3359091007804711,6.938893903907228e-17,-2.0990154059319366e-16,0,0
110,0.2526149448468153,0.9471505980203326,0.05458060505160115,0.3386085797785391,-5.117434254131581e-17,-8.326672684688674e-17,0,0
111,0.2754419673770652,0.9528365386138784,0.05917959503468837,0.33969212228211143,-3.5561831257524545e-17,1.734723475976807e-17,0,0
112,0.2955939234544423,0.9626675547762498,0.0631514391646641,0.3417399865485645,1.3357370765021415e-16,-6.591949208711867e-17,0,0
113,0.31650425106359,0.9652259559951815,0.06726419654946608,0.3422106674469678,-2.42861286636753e-17,-4.85722573273506e-16,0,0
114,0.3494452153656302,0.9794004045056546,0.07357996052555894,0.345289886750626,-6.938893903907228e-18,-2.5326962749261384e-16,0,0
115,0.360000000001498,1.0,0.07555331575458696,0.35000000000000003,3.642919299551295e-17,0.03582615768994257,0,4
116,0.01659904082368774,0.8497873005265726,0.0037962028625385573,0.3204920335940238,-4.5102810375396984e-17,-9.367506770274758e-17,0,0
117,0.2141552004239931,0.9150720856588042,0.04688762042995373,0.3320958665225186,3.122502256758253e-17,7.19910242530375e-17,0,0
118,0.2392094606053939,0.9357692533503154,0.05191599617608122,0.3362603264085566,3.209238430557093e-17,-2.0122792321330962e-16,0,0
119,0.3340390848726226,0.9674670671110059,0.07066695855247748,0.3426310360505101,1.3357370765021415e-16,2.42861286636753e-17,0,0
120,0.3697629228876311,0.9833565506893913,0.07742531613442712,0.34615048291968303,5.724587470723463e-17,-2.185751579730777e-16,0,0
121,0.3800000000015813,1.0,0.07932210989725703,0.35000000000000003,3.122502256758253e-17,0.0358960503297568,0,4
122,0.09626200625221895,0.8587631057201879,0.02182383526277406,0.3218184155002392,-1.0581813203458523e-16,2.636779683484747e-16,0,0
123,0.07725037740988157,0.8525758205611338,0.017590357706447277,0.32075780350930777,-8.673617379884035e-17,2.255140518769849e-16,0,0
124,0.05824030746179439,0.8463877649188609,0.013317270360615868,0.3196812222869421,-2.2551405187698492e-17,1.2836953722228372e-16,0,0
125,0.1152707777707575,0.8649436381935046,0.026014940584554173,0.3228667766542253,-3.2959746043559335e-17,-1.214306433183765e-16,0,0
126,0.1342855909193939,0.8711294023881502,0.03016381214537831,0.32390995230107233,8.066464163292153e-17,2.0816681711721685e-17,0,0
127,0.03668345683721189,0.8418175125490893,0.008416828996708644,0.3189068378855734,2.0816681711721685e-17,1.1102230246251565e-16,0,0
128,0.1532581019781437,0.8772767874756431,0.03425891169049122,0.32494443670417844,4.85722573273506e-17,-6.591949208711867e-17,0,0
129,0.0,0.8400000000004,0.0,0.31863541567553527,-0.03591365951876205,-3.469446951953614e-17,1,0
130,0.1722128685615043,0.8834525467875002,0.03830386269658269,0.3259883651191354,-3.5561831257524545e-17,9.71445146547012e-17,0,0
131,0.1911211252955096,0.8896679984941889,0.04229154756424072,0.32704917829940455,-1.734723475976807e-17,-1.1796119636642288e-16,0,0
132,0.2101158409323891,0.8957995238001368,0.04625078511801628,0.3281016341792003,-3.469446951953614e-18,-1.3877787807814457e-16,0,0
133,0.2334416935254613,0.9205393333885131,0.05085897827723052,0.3330634670811732,-8.326672684688674e-17,3.196228004487267e-16,0,0
134,0.2522338260105055,0.9275099231314817,0.05465992449353482,0.3343780368312576,8.673617379884035e-18,1.700029006457271e-16,0,0
135,0.2713347335777835,0.9339897000319867,0.0584904153177797,0.3356191962165304,-4.597017211338539e-17,-3.0878077872387166e-16,0,0
136,0.2903511305383566,0.940178809474723,0.06226119441065866,0.3368152505047681,8.500145032286355e-17,-1.491862189340054e-16,0,0
137,0.3096861610795566,0.9464345930301078,0.06605027220664411,0.3380519606882175,2.6020852139652106e-18,3.157196726277789e-16,0,0
138,0.3287217788528926,0.9515153737204619,0.06973483890710598,0.3390543801759141,-6.938893903907228e-17,1.3877787807814457e-16,0,0
139,0.3475110060345089,0.9583331225078096,0.07331113393108836,0.340484268734131,-1.6653345369377348e-16,7.28583859910259e-17,0,0
140,0.3665070151591969,0.9653740304321197,0.07689284792057854,0.34200112084932494,6.765421556309548e-17,3.469446951953614e-16,0,0
141,0.3871123645654871,0.9771750949973823,0.08069628056863692,0.3446585033237939,-1.7607443281164592e-16,6.591949208711867e-17,0,0
142,0.4000000000016645,1.0,0.0830419628898222,0.35000000000000003,-6.591949208711867e-17,0.03586590504449576,0,4
143,0.01814062329109194,0.8301341470788369,0.004186959038794748,0.3167398121513004,-3.9898639947466563e-17,2.8796409701215e-16,0,0
144,0.2291540091418696,0.9020473798151776,0.0501694707673642,0.3291907352231076,3.469446951953614e-18,1.1145598333150986e-16,0,0
145,0.4100471658915571,0.9821066940902494,0.08491320591753745,0.34575567298733445,6.245004513516506e-17,-1.3357370765021415e-16,0,0
146,0.4200000000017478,1.0,0.08670345810681744,0.35000000000000003,-2.2551405187698492e-17,0.035889648559059614,0,4
147,0.1111309795386618,0.8453877819691732,0.02529592897420151,0.31906166042184403,1.5178830414797062e-16,-1.7694179454963432e-16,0,0
148,0.09213182677413621,0.8392226471375902,0.02107483016929498,0.31804853188625415,3.469446951953614e-18,-2.914335439641036e-16,0,0
149,0.07309022188356437,0.8329947749710682,0.016798787256331833,0.31700842338126584,5.811323644522304e-17,2.220446049250313e-16,0,0
150,0.05363677219424907,0.8270771792048439,0.012383473370047521,0.316007340187883,-7.37257477290143e-17,-1.2836953722228372e-16,0,0
151,0.1301414900388666,0.8515713948058943,0.029471980652985168,0.32006820359580235,-5.898059818321144e-17,-1.8041124150158794e-16,0,0
152,0.1491409399485337,0.8577406211383747,0.033597024572704665,0.3210670384084643,-5.204170427930421e-17,1.1449174941446927e-16,0,0
153,0.03500236565042322,0.8206162238507377,0.008115731423542273,0.314884894419854,1.0755285551056204e-16,-1.491862189340054e-16,0,0
154,0.1680923537949981,0.8638678883974173,0.0376624700764246,0.3220580403627078,-5.204170427930421e-17,2.42861286636753e-16,0,0
155,0.0,0.8200000000004641,0.0,0.3148442412771955,-0.0359078431767615,1.734723475976807e-17,1,0
156,0.1870170286112981,0.8700910963052987,0.04167037195623697,0.32307379129667185,4.2500725161431774e-17,1.0061396160665481e-16,0,0
157,0.2059841626503857,0.876290916945227,0.04563671249843869,0.3240925365412858,9.194034422677078e-17,-5.204170427930421e-17,0,0
158,0.2250016387285732,0.8824737642618367,0.04956285063762696,0.325118856865414,-3.122502256758253e-17,-3.642919299551295e-16,0,0
159,0.2481704402260498,0.9082368828298631,0.054035887392351885,0.3302861440496687,1.0408340855860843e-17,-1.5439038936193583e-16,0,0
160,0.2671867139074335,0.9144261946520977,0.057852911980413174,0.33141125831005064,5.724587470723463e-17,2.3245294578089215e-16,0,0
161,0.2862028397788394,0.9206153479518651,0.06162162352048842,0.33255587214038274,-3.8163916471489756e-17,3.122502256758253e-17,0,0
162,0.3052187475465098,0.9268043445304925,0.06534403105734624,0.33372552727603755,-1.0148132334464322e-16,-7.632783294297951e-17,0,0
163,0.3242344514008547,0.9329932171809934,0.06901945059093317,0.33491951666007447,1.5612511283791264e-17,2.7755575615628914e-17,0,0
164,0.3432500274232689,0.9391816233774757,0.0726437169458735,0.33614917000134487,7.806255641895632e-18,1.3183898417423734e-16,0,0
165,0.3624917661513574,0.945256561619453,0.07626457299448829,0.3373863963887068,5.637851296924623e-17,-2.2898349882893854e-16,0,0
166,0.3821421275357682,0.9522672039329987,0.07990934676734586,0.3388687370417116,-2.7755575615628914e-17,1.4224732503009818e-16,0,0
167,0.4010870336415115,0.9585981673619047,0.08338388488919506,0.3402356087561971,7.806255641895632e-17,-1.5265566588595902e-16,0,0
168,0.4300001212559456,0.9828067865897498,0.08853675626636481,0.3458735887858645,-1.3877787807814457e-17,-2.7929047963226594e-16,0,0
169,0.4400000000018309,1.0,0.09031079192363861,0.35000000000000003,1.1449174941446927e-16,0.03590279489631545,0,4
170,0.01714560909227536,0.810173272637508,0.003998154954785926,0.3129798141685218,4.336808689942018e-17,-2.2898349882893854e-16,0,0
171,0.244022439358565,0.8886735838831652,0.053438813057846375,0.3261649378518348,1.734723475976807e-17,3.382710778154774e-17,0,0
172,0.421505551642548,0.9645251417209334,0.08708183597122088,0.3415273792176604,-6.938893903907228e-18,1.2663481374630692e-16,0,0
173,0.4500006920819306,0.9826791167116691,0.09211676096018294,0.3457920004600249,4.163336342344337e-17,2.896988204881268e-16,0,0
174,0.4600000000019141,1.0,0.09386202505429048,0.35000000000000003,-8.431704770148207e-17,0.035908338165261386,0,4
175,0.4800000000019974,1.0,0.09736235487384577,0.35000000000000003,-2.42861286636753e-17,0.035905301263216415,0,4
176,0.4698893621118765,0.9826190909260553,0.09562386003435087,0.3457321841658814,6.423897871976614e-18,-2.0816681711721685e-17,0,0
177,0.1260129065487458,0.8320290245581359,0.028804926910434236,0.31627280774551975,-5.0306980803327406e-17,2.1510571102112408e-16,0,0
178,0.106999078768117,0.8258337933237394,0.024594706996530873,0.3153017044889052,-1.734723475976807e-18,1.3183898417423734e-16,0,0
179,0.08795061723008335,0.8196136028073373,0.020325169512217457,0.3143121796100606,9.540979117872439e-18,-8.673617379884035e-17,0,0
180,0.0688401410306911,0.8133290201632521,0.015992485041105932,0.31328970805875267,4.336808689942018e-17,-2.706168622523819e-16,0,0
181,0.04996414030180951,0.8073177787760557,0.011661859643546104,0.31229238622484856,-2.7755575615628914e-17,1.2836953722228372e-16,0,0
182,0.1450138776356631,0.8381971901234126,0.032959718881205705,0.3172300578206442,5.898059818321144e-17,-7.632783294297951e-17,0,0
183,0.1640135240937568,0.8443732804177739,0.037060296977027465,0.3181855682958688,-2.6020852139652106e-18,-4.85722573273506e-16,0,0
184,0.03298812256851958,0.8006970117859586,0.007733444586863961,0.31115885484267414,-8.673617379884035e-18,6.938893903907228e-17,0,0
185,0.18295480248176,0.850515159629451,0.04109427537061666,0.319136840807328,1.249000902703301e-16,-1.3877787807814457e-16,0,0
186,0.0,0.8000000000005446,0.0,0.31109916653552183,-0.035923641790560214,5.204170427930421e-18,1,0
187,0.2019130634774329,0.8567118303866204,0.04507646574970668,0.3201050387415027,5.2909066017292616e-17,-1.1796119636642288e-16,0,0
188,0.2208738894723162,0.862920613307268,0.04900448442447777,0.32108598092870955,6.071532165918825e-18,2.1163626406917047e-16,0,0
189,0.2398737294382154,0.8691088100257465,0.05288704590907629,0.322076717269586,-7.979727989493313e-17,6.245004513516506e-17,0,0
190,0.263038567744266,0.8948630493096378,0.05726300876224815,0.3272327103526724,2.0816681711721685e-17,1.1492543028346347e-16,0,0
191,0.2820546898014366,0.9010522939420277,0.06103442466859918,0.3283231933584648,-2.7755575615628914e-17,-1.3877787807814457e-16,0,0
192,0.3010704958516282,0.9072412738075176,0.06475610177623115,0.32943766549473025,-2.7755575615628914e-17,1.5959455978986625e-16,0,0
193,0.3200862389721952,0.9134300924332327,0.06842911898899869,0.33057718942682135,-7.025630077706069e-17,-2.0816681711721685e-17,0,0
194,0.3391019621673921,0.9196186163331391,0.07205470662936216,0.3317474166243377,1.8214596497756474e-16,-4.5102810375396984e-17,0,0
195,0.3581261426198155,0.9258174273280392,0.07563192306094475,0.33295581237971345,2.6020852139652106e-17,-2.983724378680108e-16,0,0
196,0.3771739912960863,0.9320429436632636,0.07916463459924108,0.33420392939203214,2.0816681711721685e-17,-1.3877787807814457e-16,0,0
197,0.3963716708906149,0.9384355105118752,0.08267943991558194,0.33552073493854184,1.3010426069826053e-17,-8.326672684688674e-17,0,0
198,0.4158899559118784,0.9453826646854219,0.08620011373179624,0.33700616884927137,1.474514954580286e-17,4.85722573273506e-17,0,0
199,0.439898283170633,0.9659103568809173,0.09038654115482557,0.3417677600937727,-1.1275702593849246e-16,-1.9081958235744878e-17,0,0
200,0.4900000842926137,0.9826795038325518,0.09911657185107774,0.3457006055986024,-3.2959746043559335e-17,-2.480654570646834e-16,0,0
201,0.500000000002059,1.0,0.10081094640472696,0.35000000000000003,1.3877787807814457e-17,0.035913517626685404,0,4
202,0.01674254304361746,0.7895922531085066,0.0039542905420218545,0.3091529354221247,5.204170427930421e-18,-8.153200337090993e-17,0,0
203,0.2588902810045144,0.8752998716982424,0.05671934349511997,0.32308789208271826,-3.469446951953614e-17,-2.5587171270657905e-16,0,0
204,0.4314106600639073,0.9515528420506056,0.08896082480313013,0.3383583151380465,-1.734723475976807e-17,-2.6020852139652106e-17,0,0
205,0.4591163306859123,0.9648547474194324,0.09380903146215876,0.34141988210062013,7.28583859910259e-17,-1.9081958235744878e-16,0,0
206,0.4793347838546417,0.9649968673841194,0.09734613423335982,0.3413589765118238,3.5561831257524545e-17,2.185751579730777e-16,0,0
207,0.5099998974596268,0.9826795011067215,0.10253701511872788,0.34564845386484006,6.591949208711867e-17,-1.4051260155412137e-16,0,0
208,0.5200000000019419,1.0,0.1042031978335004,0.35000000000000003,6.331740687315346e-17,0.03591665368807456,0,4
209,0.5400000000018033,1.0,0.10754655624374576,0.35000000000000003,-3.469446951953614e-18,0.03591051158907348,0,4
210,0.5299996152044405,0.9826792697630758,0.10590372899897582,0.34560436009377954,-1.0321604682062002e-16,1.214306433183765e-16,0,0
211,0.1408736483260662,0.8186480063016744,0.03234530504292815,0.3134389200962996,2.862293735361732e-17,-2.5326962749261384e-16,0,0
212,0.1218657755166591,0.812464562299585,0.028154405926951256,0.3125219952838408,6.245004513516506e-17,-9.71445146547012e-17,0,0
213,0.1028304069839838,0.8062679242828028,0.02390004280846305,0.31159025265628865,-2.688821387764051e-17,-1.0061396160665481e-16,0,0
214,0.08372663781916873,0.7999932292157782,0.019575080377480108,0.3106256281758871,8.673617379884035e-19,4.822531263215524e-16,0,0
215,0.0640771241942125,0.7931032876490105,0.015073897902844384,0.3095252428633975,-5.0306980803327406e-17,-4.163336342344337e-17,0,0
216,0.04659881747735481,0.7887118911475169,0.010999714055973312,0.3088458341811225,3.469446951953614e-18,1.3877787807814457e-17,0,0
217,0.1598750459471261,0.8248174941528541,0.03647670663001562,0.3143464473779191,1.214306433183765e-17,3.642919299551295e-16,0,0
218,0.1788724066200317,0.8309905897483062,0.04054841231108823,0.31525344609263406,-1.0755285551056204e-16,1.0061396160665481e-16,0,0
219,0.03322696621957338,0.7780372852290323,0.00790521302163424,0.3069722607019575,-6.071532165918825e-17,-2.393918396847994e-16,0,0
220,0.1978195858656955,0.8371544025730275,0.044550525761420386,0.3161631349728922,-1.2663481374630692e-16,4.5102810375396984e-17,0,0
221,0.0,0.7800000000006034,0.0,0.3074100512424991,-0.035943520442156596,-7.979727989493313e-17,1,0
222,0.2167952072862091,0.8433402931775711,0.048499882770680944,0.31708516767626216,-1.734723475976807e-17,2.3245294578089215e-16,0,0
223,0.235748619748529,0.849543486754686,0.0523863932888842,0.31802422709874567,9.540979117872439e-18,1.3877787807814457e-17,0,0
224,0.2547467420502566,0.8557366880770754,0.05622528967068774,0.3189782421364958,-2.42861286636753e-17,1.1796119636642288e-16,0,0
225,0.2779066724812988,0.8814895241876216,0.06049730507810964,0.3241208385014883,9.367506770274758e-17,9.974659986866641e-17,0,0
226,0.2969223805557124,0.8876785710449975,0.06422158539902476,0.325178298679193,6.331740687315346e-17,-1.5612511283791264e-16,0,0
227,0.3159379709422736,0.8938674453952731,0.06789433036756413,0.32626133423802917,7.112366251504909e-17,-2.5673907444456745e-16,0,0
228,0.3349536736571804,0.9000561783220136,0.07151727837795888,0.32737373904425543,-1.0234868508263162e-16,-2.185751579730777e-16,0,0
229,0.3539692928897979,0.9062443250339622,0.07509092529740934,0.32851895337467046,3.469446951953614e-18,3.0878077872387166e-16,0,0
230,0.3729967576007752,0.9124474890521754,0.07861660713829784,0.32970210513017134,-2.949029909160572e-17,3.677613769070831e-16,0,0
231,0.3920292030225192,0.9186563333455023,0.08209489156647694,0.33092029207125173,-7.025630077706069e-17,1.5612511283791264e-16,0,0
232,0.4112023650488376,0.9250200085106371,0.08555254989346782,0.3322065775828695,-5.377642775528102e-17,-7.28583859910259e-17,0,0
233,0.4325949724565162,0.9332320331316044,0.08934611904244597,0.3339468761239153,1.249000902703301e-16,1.457167719820518e-16,0,0
234,0.4471645371379604,0.9487140138341514,0.09180760418411466,0.3375670307675686,3.642919299551295e-17,-2.949029909160572e-17,0,0
235,0.4991812114214133,0.9659115640647684,0.1007584065851761,0.34149043477464885,6.938893903907228e-18,-3.2959746043559335e-17,0,0
236,0.5499999543808936,0.9838222177218123,0.10921719577612961,0.3458529243631316,-8.673617379884035e-18,2.96637714392034e-16,0,0
237,0.5600000000016645,1.0,0.11084205941530123,0.35000000000000003,-9.540979117872439e-17,0.035940130900827476,0,4
238,0.01692169892525578,0.7694081367829876,0.004056493855537446,0.3054594957168471,4.163336342344337e-17,3.157196726277789e-16,0,0
239,0.2737592098766171,0.8619272379055596,0.06001026401823216,0.3199523063371898,-1.7694179454963432e-16,1.9038590148845458e-16,0,0
240,0.4677074816481769,0.9443020814837164,0.09546638026744707,0.3363333800430486,-1.0581813203458523e-16,-2.1163626406917047e-16,0,0
241,0.4898432746083984,0.9485589910907996,0.09927390674118372,0.33721881910961304,1.2576745200831851e-16,1.3530843112619095e-16,0,0
242,0.5209392367668502,0.9629701991650728,0.10446441548322127,0.34064412870646105,-1.734723475976807e-17,2.0816681711721685e-16,0,0
243,0.5420645672740436,0.9671713062850542,0.10796966648125944,0.3416126103247853,4.2500725161431774e-17,-3.885780586188048e-16,0,0
244,0.5700000703458463,0.9826795325377053,0.11249021633507716,0.34551147699626283,1.734723475976807e-16,-7.632783294297951e-17,0,0
245,0.5800000000015259,1.0,0.11408684185377763,0.35000000000000003,3.8760227666356784e-17,0.03594762864571879,0,4
246,0.6000000000013872,1.0,0.11729148447353623,0.35000000000000003,-8.673617379884035e-18,0.035936421599884166,0,4
247,0.5890510582990295,0.9825211575217156,0.11556465121036258,0.3454345209239038,-2.3678975447083417e-16,-1.3877787807814457e-17,0,0
248,0.1557450329986728,0.8052712394879253,0.03592489128843828,0.3105588989797055,-1.1535911115245767e-16,3.469446951953614e-17,0,0
249,0.1367270909379457,0.7991023875835775,0.03175399733739244,0.309700656382435,1.3877787807814457e-17,4.163336342344337e-16,0,0
250,0.1177057250087933,0.7929089857673084,0.02751935909988481,0.3088272538621446,-1.3704315460216776e-16,-1.8388068845354155e-16,0,0
251,0.09861112019211707,0.7866369344249151,0.02320623366291838,0.30792285381819234,2.0643209364124004e-16,-1.8041124150158794e-16,0,0
252,0.07906965832003546,0.7798667773791614,0.018732648737914248,0.30690776011705484,1.734723475976807e-17,-2.5326962749261384e-16,0,0
253,0.0552089132993632,0.7727621549686631,0.01317486730046078,0.3058471904772375,-4.85722573273506e-17,3.122502256758253e-17,0,0
254,0.1747413319295607,0.8114481616221647,0.040027137162754016,0.31141470074017513,2.7755575615628914e-17,-3.469446951953614e-18,0,0
255,0.1937406440931298,0.8176182916779029,0.04406665567301878,0.31227025296635447,1.205632815803881e-16,9.367506770274758e-17,0,0
256,0.03509616163810385,0.7594079284049761,0.008467278625822472,0.30357026592805747,1.734723475976807e-17,4.198030811863873e-16,0,0
257,0.2126956130867421,0.823760074580522,0.04803423169516036,0.31312714521773616,-1.3357370765021415e-16,-3.642919299551295e-16,0,0
258,0.0,0.7600000000006839,0.0,0.30378647928452496,-0.03596783153673481,-8.673617379884035e-18,1,0
259,0.2316437316137446,0.8299670250431002,0.05193678375266682,0.3140088757827618,4.7704895589362195e-17,1.0755285551056204e-16,0,0
260,0.2506017011704864,0.8361806535794347,0.05578023500934202,0.31490797729559333,1.5612511283791264e-17,1.8388068845354155e-16,0,0
261,0.2696175229084249,0.8423662386702855,0.05957603724205056,0.3158197952343727,8.673617379884035e-17,-2.2898349882893854e-16,0,0
262,0.2927745734408887,0.8681163766998368,0.06373973882998282,0.3209500535699389,1.1796119636642288e-16,2.0209528495129803e-16,0,0
263,0.3117898578673219,0.8743051477493082,0.06741434136366964,0.3219739837473327,-2.949029909160572e-17,2.949029909160572e-16,0,0
264,0.3308052282174774,0.8804938347790283,0.07103611231925912,0.3230268435752056,-8.500145032286355e-17,9.71445146547012e-17,0,0
265,0.3498203016261358,0.8866821640819743,0.07460631242112455,0.324111449699359,-4.163336342344337e-17,-5.204170427930421e-17,0,0
266,0.3688364449879797,0.8928716011634728,0.07812593007018279,0.32523002536877504,1.205632815803881e-16,-2.1163626406917047e-16,0,0
267,0.3878552082633392,0.8990645244784968,0.08159584194669366,0.3263840877210434,3.2959746043559335e-17,-2.914335439641036e-16,0,0
268,0.4068648251620828,0.9052471866319717,0.08501584768071556,0.3275706747367127,1.9255430583342559e-16,-1.1102230246251565e-16,0,0
269,0.4258802386823284,0.9114351269363873,0.08839094064636056,0.3287936671367221,-2.3678975447083417e-16,-2.1510571102112408e-16,0,0
270,0.450523315968862,0.9326235869717555,0.09254914794367011,0.3336269167730954,-1.734723475976807e-18,-1.0061396160665481e-16,0,0
271,0.5075654096211814,0.9512118479600373,0.10228394924740625,0.3377586196517872,-1.8735013540549517e-16,4.5102810375396984e-17,0,0
272,0.5600000599317803,0.9704874003808742,0.11090345737918417,0.3423945721865837,5.551115123125783e-17,-3.2612801348363973e-16,0,0
273,0.6091773197591976,0.9832708073518248,0.11876520220339241,0.3455931124397873,1.7694179454963432e-16,-1.2836953722228372e-16,0,0
274,0.6200000000012484,1.0,0.12045426940168676,0.35000000000000003,0.0,0.03595726601880709,0,4
275,0.0173205148147118,0.7500000607246693,0.004212672587472847,0.3019694642664206,-1.1275702593849246e-16,-1.942890293094024e-16,0,0
276,0.2886283341957554,0.8485546098437289,0.06331151797556675,0.316755632214757,2.7755575615628914e-17,-4.458239333260394e-16,0,0
277,0.4448943049038018,0.9176210578301275,0.09172469129482481,0.33003773741254366,2.0816681711721685e-17,3.0791341698588326e-16,0,0
278,0.4641677991303749,0.9230122238890253,0.09505589275500861,0.3311408115204199,-9.540979117872439e-18,4.371503159461554e-16,0,0
279,0.4829979923043898,0.9297692736372352,0.09826520701316477,0.33261404951705315,-4.597017211338539e-17,-2.3592239273284576e-16,0,0
280,0.5022727688005876,0.9351623120149215,0.10151960739151746,0.333772271216984,4.9439619065339e-17,-6.245004513516506e-17,0,0
281,0.5209554394605855,0.9423752002003472,0.10461093486788793,0.3354312119268681,2.688821387764051e-17,-2.914335439641036e-16,0,0
282,0.5388731034008772,0.9488469074113417,0.10755408090724172,0.3369543096888582,1.465841337200402e-16,3.5041414214731503e-16,0,0
283,0.5575304414975415,0.9544239295941528,0.11059341610282585,0.3382639551959518,-1.457167719820518e-16,2.220446049250313e-16,0,0
284,0.5776157598116254,0.9635578685797813,0.11380017707795229,0.34052577987600063,-1.3617579286417936e-16,2.8102520310824275e-16,0,0
285,0.5991195616501441,0.9661263408259742,0.11723178016745761,0.34110924356162386,1.48318857196017e-16,-1.3183898417423734e-16,0,0
286,0.6303961250911536,0.9804056793865074,0.12210051141621465,0.34478719066579205,-7.979727989493313e-17,-2.203098814490545e-16,0,0
287,0.1706125642079759,0.791907044892644,0.03954130492138767,0.3076285874443085,1.1275702593849246e-16,-1.0061396160665481e-16,0,0
288,0.1516026703952819,0.7857267171305097,0.03540028635076219,0.3068271005577274,8.153200337090993e-17,-6.591949208711867e-17,0,0
289,0.132591679134009,0.7795507229785994,0.03119009538926725,0.3060189106003687,-1.43982048506075e-16,-2.498001805406602e-16,0,0
290,0.1135606365439844,0.7733531773829366,0.026907228950682104,0.30519275494923975,-1.6479873021779667e-17,1.734723475976807e-16,0,0
291,0.09456580031562942,0.7671905752370214,0.022564311079114437,0.3043512474863213,2.42861286636753e-17,1.8041124150158794e-16,0,0
292,0.0755488728118404,0.7610030768241174,0.018150389654062123,0.30347500152404705,1.6479873021779667e-17,-1.249000902703301e-16,0,0
293,0.05324563911205712,0.7503856165130752,0.012919575553960424,0.30180933810274857,1.0408340855860843e-16,-2.0816681711721685e-16,0,0
294,0.1896121652199687,0.7980745007378505,0.04361172546255313,0.3084262647571252,-1.214306433183765e-16,-8.673617379884035e-17,0,0
295,0.2086118141293398,0.8042517345233222,0.04761392544475144,0.3092300689411936,1.231653667943533e-16,3.712308238590367e-16,0,0
296,0.03464093119172439,0.7400001471549682,0.008488373588767261,0.3001076629707176,6.245004513516506e-17,-2.0816681711721685e-16,0,0
297,0.2275568284591009,0.8103804764963927,0.0515386500039067,0.3100346867135413,-7.546047120499111e-17,-2.636779683484747e-16,0,0
298,0.0,0.7400000000007427,0.0,0.30022963218290016,-0.035977373975455564,1.1102230246251565e-16,1,0
299,0.2464977589944202,0.8166103899575263,0.05539446581636167,0.3108748822892855,1.9081958235744878e-17,-2.393918396847994e-16,0,0
300,0.2654847669287553,0.8228053487091271,0.05919661851250918,0.31172564357849575,8.326672684688674e-17,-3.8163916471489756e-17,0,0
301,0.2844843832286786,0.8289928939067882,0.06293873491832022,0.3125972426702975,-9.280770596475918e-17,3.469446951953614e-16,0,0
302,0.3076423683574192,0.8547433921086063,0.06698980912430066,0.31771767916017774,-3.8163916471489756e-17,5.724587470723463e-17,0,0
303,0.3266570993641527,0.8609319644185345,0.07061212713257635,0.31870868425881976,7.45931094670027e-17,2.42861286636753e-17,0,0
304,0.3456721488216936,0.8671204540218347,0.0741802225136702,0.31973117893485437,-5.898059818321144e-17,2.3245294578089215e-16,0,0
305,0.3646870199164394,0.8733086821017958,0.07769548000829514,0.32078712303292556,-1.0581813203458523e-16,5.551115123125783e-17,0,0
306,0.3837028715785791,0.8794980531283216,0.08115941784767465,0.32187819827309533,-1.0408340855860843e-16,4.40619762898109e-16,0,0
307,0.4027167040710303,0.8856853218801072,0.08457292618541769,0.32300454253369043,7.632783294297951e-17,3.2612801348363973e-16,0,0
308,0.4217315928612275,0.8918732679137377,0.0879382926724904,0.32416709321909615,-1.240327285323417e-16,2.8449465006019636e-16,0,0
309,0.440746806496952,0.8980608821426193,0.09125782276442032,0.32536035796334783,5.117434254131581e-17,-2.5673907444456745e-16,0,0
310,0.6169132349695035,0.968557020739917,0.12003264753956035,0.3416825625981553,2.2551405187698492e-17,1.734723475976807e-17,0,0
311,0.6400000000011098,1.0,0.12357144338595275,0.35000000000000003,1.0408340855860843e-17,0.03595561387234181,0,4
312,0.01666504831230727,0.7296368077910795,0.004123667879917195,0.298384629683948,5.204170427930421e-17,-4.85722573273506e-17,0,0
313,0.3034956062623645,0.8351819657395729,0.06662200331517093,0.3134948992707963,3.122502256758253e-17,1.3617579286417936e-16,0,0
314,0.4598036237872508,0.9041154841512253,0.09454666016998096,0.32656031493146,-8.326672684688674e-17,-3.413068438984368e-16,0,0
315,0.4787744628418278,0.9104369317061927,0.09776462082057205,0.32787367219046515,1.8301332671555315e-16,1.1102230246251565e-16,0,0
316,0.4977899411994762,0.91662491193542,0.10095638328566137,0.32917962114979915,-1.6479873021779667e-16,1.97758476261356e-16,0,0
317,0.5168614783071614,0.9226418375855641,0.10411884795594997,0.3304800958962491,7.806255641895632e-18,2.3245294578089215e-16,0,0
318,0.5358217434867958,0.9290004096106464,0.10722031729260174,0.3319117087048803,-3.8163916471489756e-17,-3.8163916471489756e-17,0,0
319,0.5548384083788729,0.9351883092592784,0.11029690071611287,0.33333021132657237,-3.642919299551295e-17,-1.1449174941446927e-16,0,0
320,0.573855336662267,0.9413759882844227,0.11333922336062811,0.3347843845179987,1.1622647289044608e-16,-8.326672684688674e-17,0,0
321,0.5929535455345256,0.9473126108727234,0.11636510825619428,0.3362051319344328,7.45931094670027e-17,-2.463307335887066e-16,0,0
322,0.6122242360824861,0.9526667270246733,0.11938286922781434,0.3374990353285738,3.903127820947816e-17,1.249000902703301e-16,0,0
323,0.6507398784103839,0.983106677747061,0.1252454515845737,0.34546416915853717,9.020562075079397e-17,-8.847089727481716e-17,0,0
324,0.6305890104766197,0.9598830553769047,0.12221067006288222,0.3393274853031846,-1.986258379993444e-16,-2.0816681711721685e-17,0,0
325,0.660000000000971,1.0,0.1266450592436814,0.35000000000000003,1.734723475976807e-17,0.03596471199521292,0,4
326,0.1854730646364886,0.7785250806806803,0.04319442934050416,0.3046358867133521,-3.469446951953614e-17,3.920475055707584e-16,0,0
327,0.1664743507801187,0.7723481414842115,0.039088688911040254,0.30389685638775704,-5.551115123125783e-17,1.4224732503009818e-16,0,0
328,0.1474653043129695,0.7661807663561011,0.03490609909017592,0.30315560978007783,-1.0928757898653885e-16,-6.591949208711867e-17,0,0
329,0.1284454144006158,0.7599985242455293,0.03064678056416868,0.30240067490594,1.5612511283791264e-17,1.249000902703301e-16,0,0
330,0.1094324282438562,0.7538151233210022,0.026314568762721615,0.30162713776189753,3.0357660829594124e-17,2.185751579730777e-16,0,0
331,0.09041577954960867,0.7476278334601761,0.02190803775887018,0.3008265282068595,-1.0495077029659683e-16,1.9081958235744878e-16,0,0
332,0.07129553127485101,0.741128788907888,0.01740498857857489,0.29994266491348065,-8.326672684688674e-17,1.734723475976807e-17,0,0
333,0.05110036798725748,0.7308682009876969,0.012608259972786858,0.29836429255640895,0.0,1.700029006457271e-16,0,0
334,0.2044703623315943,0.7846994210426421,0.047226443036641134,0.30537640885528666,-5.204170427930421e-18,-2.2898349882893854e-16,0,0
335,0.2234699142584383,0.7908704194894725,0.05118679449062753,0.30612392765913515,1.0061396160665481e-16,1.214306433183765e-16,0,0
336,0.03190843997420766,0.7202575281260865,0.007962481733018828,0.2966768366809032,-6.071532165918825e-18,-1.8908485888147197e-16,0,0
337,0.2424197987159729,0.7970371610848608,0.055065919093130355,0.30688507704641443,1.3877787807814457e-17,7.979727989493313e-17,0,0
338,0.0,0.7200000000008053,0.0,0.29675248258939224,-0.03599457801663307,-5.0306980803327406e-17,1,0
339,0.2613961822788531,0.8032279641295761,0.058881209472463183,0.3076684705787383,-7.979727989493313e-17,-2.42861286636753e-17,0,0
340,0.2803527630928152,0.8094295575184054,0.06262515554478275,0.3084768994928114,3.469446951953614e-18,5.898059818321144e-17,0,0
341,0.299348158729572,0.8156209481442758,0.06631246741387713,0.3093080603777066,-6.938893903907228e-17,-2.8796409701215e-16,0,0
342,0.3225093742570958,0.8413704520315554,0.07024645751579334,0.31442139385726026,4.163336342344337e-17,-3.126839065448195e-16,0,0
343,0.3415239781008065,0.8475589361699659,0.0738137117920324,0.31537957167157127,-6.938893903907228e-18,-1.2836953722228372e-16,0,0
344,0.3605389171356997,0.8537474506537698,0.07732563838358332,0.3163714924233472,1.4051260155412137e-16,-2.7755575615628914e-16,0,0
345,0.3795541504692712,0.8599360069763291,0.08078408830464008,0.3173987522456376,1.214306433183765e-17,-3.226585665316861e-16,0,0
346,0.398569203786075,0.866123952508582,0.08419078853947594,0.3184623266654785,1.1796119636642288e-16,-4.3021142204224816e-16,0,0
347,0.4175838690725242,0.8723120295931008,0.08754753590898183,0.3195630607984682,-8.847089727481716e-17,-3.122502256758253e-17,0,0
348,0.4365976505120054,0.8784995286874513,0.09085652099012644,0.3206990160564422,7.19910242530375e-17,2.3592239273284576e-16,0,0
349,0.4556120692963087,0.8846869776686452,0.09412156666287606,0.3218741980306325,5.204170427930421e-17,2.0122792321330962e-16,0,0
350,0.6436269905227948,0.9676984358934254,0.12420033114494645,0.3413581459327838,1.0928757898653885e-16,2.914335439641036e-16,0,0
351,0.6690760261163456,0.9833553586905032,0.12805083103369502,0.34550921879568025,-2.6194324487249787e-16,4.458239333260394e-16,0,0
352,0.6800000000008324,1.0,0.12969048469419417,0.35000000000000003,7.632783294297951e-17,0.03597087267411228,0,4
353,0.01656949733854077,0.7078206189146546,0.00418935418959518,0.2946346700758876,2.2551405187698492e-17,1.9081958235744878e-17,0,0
354,0.3183617598859174,0.8218093947767399,0.06994067920147236,0.31016722047865586,2.0469737016526324e-16,3.0444397003392965e-16,0,0
355,0.4746263000542394,0.8908748316707424,0.09734348014310483,0.32308990369950924,-4.163336342344337e-17,-1.452830911130576e-16,0,0
356,0.4936408923919625,0.8970627807497629,0.1005194893777896,0.32434498720451455,4.423544863740858e-17,-8.673617379884035e-17,0,0
357,0.512656541724588,0.9032503122716353,0.10365879547709884,0.32563476148531734,4.85722573273506e-17,-3.469446951953614e-16,0,0
358,0.5316724351709358,0.9094378794804142,0.10675932896108348,0.32696653784991886,1.2836953722228372e-16,-4.5102810375396984e-17,0,0
359,0.5506886843769639,0.9156256121609223,0.10982212020348707,0.32833496423953556,-1.0408340855860843e-16,-2.7755575615628914e-17,0,0
360,0.5697054515843155,0.9218131382955248,0.11285075314850417,0.3297391257979077,9.020562075079397e-17,-8.326672684688674e-17,0,0
361,0.5887178673805236,0.9280016149439123,0.11584535290475766,0.33117864116746626,-5.637851296924623e-17,2.914335439641036e-16,0,0
362,0.6077350519747066,0.9341464348506131,0.11880978627301934,0.33263643144680227,-1.249000902703301e-16,1.1796119636642288e-16,0,0
363,0.6270297233250244,0.9405572650384966,0.12178312738720398,0.334198432771959,1.3444106938820255e-16,1.5265566588595902e-16,0,0
364,0.65923319619839,0.9661691137879326,0.12660965656855164,0.3408963564703387,-3.122502256758253e-16,-5.724587470723463e-17,0,0
365,0.647176742437427,0.9489276531687217,0.12484260156384823,0.3363171182785119,3.8163916471489756e-17,-2.749536709423239e-16,0,0
366,0.6886050815070114,0.9797222124234689,0.13101064831452033,0.34448556109900585,2.185751579730777e-16,2.220446049250313e-16,0,0
367,0.7000000000006936,1.0,0.1326976245464403,0.35000000000000003,-8.326672684688674e-17,0.03596217787277771,0,4
368,0.7200000000005549,1.0,0.1356677575002705,0.35000000000000003,-6.418476861114186e-17,0.03597159945851737,0,4
369,0.7100000000006242,0.9826794919244314,0.13420118498633202,0.3452527786565827,8.673617379884035e-18,1.9081958235744878e-16,0,0
370,0.2003402164471771,0.7651473959224845,0.04688664065048924,0.3015786326859259,4.683753385137379e-17,-2.949029909160572e-16,0,0
371,0.1813285683387378,0.7589705692251117,0.04281644383325015,0.30090452477640445,4.423544863740858e-17,-4.891920202254596e-16,0,0
372,0.1623266730560484,0.7528042665273056,0.038668550353313264,0.3002317616316593,1.0495077029659683e-16,-5.551115123125783e-17,0,0
373,0.1433139384684004,0.7466244070475541,0.03443797117772138,0.29954933723954896,-2.0816681711721685e-17,-1.0408340855860843e-16,0,0
374,0.1242978211975253,0.7404388664105587,0.03012564866578571,0.29885124567007115,1.1362438767648086e-16,8.326672684688674e-17,0,0
375,0.1052824355838999,0.7342528958029627,0.02573265079914217,0.29813040910275984,-2.688821387764051e-17,-3.122502256758253e-16,0,0
376,0.08626611525835683,0.7280652660005188,0.021257964546369645,0.29738024931899426,3.469446951953614e-18,-1.3183898417423734e-16,0,0
377,0.06743156160307373,0.7208871743809803,0.01676527286424117,0.2964179071342306,5.204170427930421e-18,4.163336342344337e-17,0,0
378,0.04852919821297198,0.7128074590186333,0.012184341133338534,0.29525683980232653,-7.45931094670027e-17,-2.1163626406917047e-16,0,0
379,0.2193373559021387,0.7713278170232729,0.050875335227949216,0.3022598927473591,-3.122502256758253e-17,1.3530843112619095e-16,0,0
380,0.2383371194591664,0.7774996816775415,0.05478855479263932,0.30295125816095697,6.245004513516506e-17,-4.163336342344337e-17,0,0
381,0.03270582736623292,0.7051146381668603,0.008284014078660057,0.294088462029137,7.112366251504909e-17,2.740863092043355e-16,0,0
382,0.2572964841840221,0.783646121927268,0.05861990722688638,0.30365559509725176,-1.0061396160665481e-16,2.220446049250313e-16,0,0
383,0.0,0.700000000000853,0.0,0.29337569212282616,-0.0359453276341548,-5.0306980803327406e-17,1,0
384,0.2762527054608623,0.7898535911527592,0.06237698775387189,0.3043945812714867,5.2909066017292616e-17,1.0408340855860843e-17,0,0
385,0.2952043650459516,0.7960643438964056,0.06606396239940827,0.30516044921667795,8.673617379884035e-18,-6.938893903907228e-17,0,0
386,0.314214130579973,0.8022488627142159,0.06969680432670604,0.3059483922593447,-5.637851296924623e-17,-1.942890293094024e-16,0,0
387,0.3373756848363535,0.827997751596881,0.07350832621558723,0.3110584295491855,-2.185751579730777e-16,-9.6710833785707e-17,0,0
388,0.3563920494399158,0.8341861832185775,0.07701811044412002,0.3119839225009676,1.8995222061946038e-16,2.7755575615628914e-16,0,0
389,0.3754058550560383,0.8403749280188673,0.08047134279468583,0.3129456417493632,-1.1622647289044608e-16,-4.85722573273506e-17,0,0
390,0.3944229087122018,0.8465650870390538,0.08387135410807585,0.31394500455533336,-7.632783294297951e-17,2.220446049250313e-16,0,0
391,0.4134401385667064,0.8527519850073355,0.08721985611294616,0.31498194099496857,-1.448494102440634e-16,1.3530843112619095e-16,0,0
392,0.4324497367249247,0.8589385757584111,0.09051777493404008,0.31605710197135733,2.0816681711721685e-16,-2.255140518769849e-16,0,0
393,0.4514639860266747,0.8651261431338116,0.0937702325574699,0.31717248971350465,-6.591949208711867e-17,-3.95516952522712e-16,0,0
394,0.4704777094106271,0.8713136234078287,0.09697827699369022,0.3183285729276776,1.3704315460216776e-16,2.0816681711721685e-16,0,0
395,0.6737162782841541,0.9689869106912554,0.1288005586596656,0.34160849579075014,2.1250362580715887e-16,-3.0531133177191805e-16,0,0
396,0.7300000000004856,0.9835423218247087,0.1371541983392844,0.34546451421086216,-5.204170427930421e-17,-1.0408340855860843e-17,0,0
397,0.7400000000004161,1.0,0.13861008513563233,0.35000000000000003,2.2551405187698492e-17,0.03598359901763987,0,4
398,0.02733703394621676,0.6908407090458013,0.007022024915574924,0.29173160065663867,-4.163336342344337e-17,-2.42861286636753e-17,0,0
399,0.01155273937719225,0.6900957422779483,0.002967830818513199,0.2916999262177494,-9.020562075079397e-17,6.245004513516506e-17,0,0
400,0.3332275754932582,0.8084371087349106,0.07326607932739415,0.30676965566566783,5.898059818321144e-17,1.48318857196017e-16,0,0
401,0.4894920748596222,0.8775012145920957,0.10014358185846886,0.31952454334686475,-1.3877787807814457e-16,-7.979727989493313e-17,0,0
402,0.5085074723386659,0.8836885419444054,0.10326707245519232,0.32076104339381545,5.984795992119984e-17,1.1102230246251565e-16,0,0
403,0.5275232027467467,0.8898758620265823,0.10635328321465558,0.32203712542048807,-1.9081958235744878e-17,1.8735013540549517e-16,0,0
404,0.5465389775781643,0.8960633496603401,0.10940178924892584,0.32335267096703263,-1.3877787807814457e-17,0.0,0,0
405,0.5655526026813561,0.9022511246120973,0.11241438290991196,0.3247064993914553,4.163336342344337e-17,-1.1449174941446927e-16,0,0
406,0.584555221086491,0.9084380285855405,0.11539190022579,0.3260966354919966,-3.469446951953614e-17,-8.673617379884035e-17,0,0
407,0.603562553757338,0.9146243887247765,0.11833838292981733,0.327520345982861,0.0,-2.7755575615628914e-16,0,0
408,0.622572751595304,0.920794099290303,0.12125603801346302,0.32897430655351606,-1.1275702593849246e-17,9.71445146547012e-17,0,0
409,0.6416038695265776,0.9269155397443387,0.12414754759189392,0.3304513728363158,-8.066464163292153e-17,1.7694179454963432e-16,0,0
410,0.6671151466164391,0.9514628061070979,0.12787375714971713,0.3368919556461267,-1.0755285551056204e-16,-2.411265631607762e-16,0,0
411,0.6850575150562721,0.9583139401781369,0.13055074595859448,0.3386695579226375,6.071532165918825e-18,8.673617379884035e-17,0,0
412,0.7032428474586269,0.9643070211316827,0.13325002431790342,0.34024094197772314,1.97758476261356e-16,-3.122502256758253e-17,0,0
413,0.7227801283547352,0.9683668131250349,0.13613282618171918,0.3412969752740608,-1.8735013540549517e-16,-3.5735303605122226e-16,0,0
414,0.7500000000003472,0.9826794919244315,0.1400813786281192,0.34519610964946357,-5.551115123125783e-17,-2.220446049250313e-16,0,0
415,0.7600000000002772,1.0,0.14152127687642646,0.35000000000000003,-1.214306433183765e-17,0.03598774670464366,0,4
416,0.2152044820906579,0.7517827713780524,0.05061478059410175,0.298452542127138,-1.196959198423997e-16,-2.8102520310824275e-16,0,0
417,0.1961980050186789,0.7456017412140485,0.04659037513535749,0.29784395801253255,1.214306433183765e-17,2.8102520310824275e-16,0,0
418,0.1771922823205858,0.739426090607372,0.04248122702252775,0.29724057835319195,2.0816681711721685e-17,1.5265566588595902e-16,0,0
419,0.1581787571392483,0.7332477426238222,0.038283893033966926,0.29663402635432506,1.3877787807814457e-17,-1.6653345369377348e-16,0,0
420,0.1391641032368202,0.727064277419002,0.03399867126411119,0.29601600452024457,4.2500725161431774e-17,-5.551115123125783e-17,0,0
421,0.1201486072515593,0.7208779706273024,0.02962491478768668,0.2953787668106191,-1.9081958235744878e-17,-3.122502256758253e-16,0,0
422,0.1011329046503152,0.7146907548446149,0.025162180557735232,0.29471489930240624,9.280770596475918e-17,2.5673907444456745e-16,0,0
423,0.08211687002369317,0.7085038394456752,0.020611443345799698,0.29401677153552946,-5.377642775528102e-17,-3.122502256758253e-17,0,0
424,0.06310051806663869,0.7023170329615575,0.015975549437273286,0.2932724908642652,-8.326672684688674e-17,3.469446951953614e-17,0,0
425,0.04448112875812571,0.6953458767974556,0.011362746974929137,0.29233848061952233,8.153200337090993e-17,1.97758476261356e-16,0,0
426,0.2342060836934816,0.7579558318322548,0.054555859289708075,0.2990703546798617,7.979727989493313e-17,-1.457167719820518e-16,0,0
427,0.253207197936303,0.7641342616514775,0.058416613775456476,0.29970571202679835,-9.367506770274758e-17,3.122502256758253e-17,0,0
428,0.2721646714141287,0.7702718526184253,0.062192426293885966,0.30035543115203067,9.367506770274758e-17,-2.636779683484747e-16,0,0
429,0.0,0.6800000000008863,0.0,0.29008208015271053,-0.03606892487015942,1.3183898417423734e-16,1,0
430,0.2910954543304231,0.7765055100705605,0.06588533790372844,0.3010523643965244,6.158268339717665e-17,5.898059818321144e-17,0,0
431,0.310096188430845,0.7826791495954348,0.06952362158695696,0.30176418369876307,6.071532165918825e-17,-2.0816681711721685e-17,0,0
432,0.3290799957772987,0.7888770784333573,0.07308947294595906,0.3025152490425703,-2.1250362580715887e-16,1.3877787807814457e-17,0,0
433,0.3522492446360464,0.8146242012869687,0.0767753831707599,0.3076255899736418,-1.3183898417423734e-16,-7.806255641895632e-17,0,0
434,0.3712668304480367,0.8208129756918834,0.08022487436673058,0.308519089233084,1.8127860323957634e-16,2.255140518769849e-16,0,0
435,0.3903001634744864,0.8270044006840953,0.08362092673902077,0.3094514706112192,-1.8474805019152996e-16,-2.7755575615628914e-17,0,0
436,0.4093250074735593,0.8331785584026199,0.08696215572734871,0.3104197696751064,4.336808689942018e-17,-5.551115123125783e-17,0,0
437,0.4283225718846801,0.8393724140350409,0.0902468611481368,0.31143366226853497,1.3010426069826053e-16,-1.734723475976807e-16,0,0
438,0.4473195200390787,0.8455659960366968,0.09348336153481442,0.31248904896821256,-3.9898639947466563e-17,2.706168622523819e-16,0,0
439,0.4663289741858669,0.8517528619806206,0.09667647644492729,0.3135844709108906,7.112366251504909e-17,-2.7755575615628914e-17,0,0
440,0.4853433186962761,0.8579401845588109,0.09982684172970764,0.3147216102618997,-5.898059818321144e-17,-1.3530843112619095e-16,0,0
441,0.6607669650595033,0.9326395800996419,0.12703656492126245,0.3318457475133519,9.367506770274758e-17,3.894454203567932e-16,0,0
442,0.739747803600565,0.9718366202047635,0.13861128454756677,0.34221393584878496,1.942890293094024e-16,3.608224830031759e-16,0,0
443,0.7695446840947222,0.9825691381403117,0.14291475300610634,0.3451431943287459,8.673617379884035e-18,-4.5102810375396984e-17,0,0
444,0.7800000000001385,1.0,0.14440854423041188,0.35000000000000003,1.5785983631388945e-16,0.035987007414985964,0,4
445,0.01872682817288138,0.6722769463575227,0.004909789805069291,0.288768456271654,2.42861286636753e-17,-1.3183898417423734e-16,0,0
446,0.03991479845395134,0.6766977740388739,0.010399685406842052,0.2893071865582546,-3.469446951953614e-18,-6.938893903907228e-17,0,0
447,0.3480928482111985,0.795064907467411,0.07659631551953423,0.3032993045754468,1.8041124150158794e-16,5.074066167232161e-17,0,0
448,0.5043579417948375,0.8641274117647194,0.10293583327170908,0.3159005675820278,5.551115123125783e-17,5.637851296924623e-18,0,0
449,0.5233743626385498,0.8703138081481105,0.10600532684214868,0.31712155836939987,-9.71445146547012e-17,-3.469446951953614e-17,0,0
450,0.542389609210616,0.8765014543103378,0.10903760827230204,0.31838325846422705,6.938893903907228e-18,7.632783294297951e-17,0,0
451,0.5614051652271941,0.8826887020119828,0.11203425655977078,0.3196851028983363,1.5612511283791264e-17,9.367506770274758e-17,0,0
452,0.5803957652480245,0.888881231139934,0.11499309073072224,0.32102743555167346,-7.28583859910259e-17,1.942890293094024e-16,0,0
453,0.5994032020736744,0.8950690163537962,0.11792317869844114,0.32240491545597677,-4.85722573273506e-17,2.3245294578089215e-16,0,0
454,0.6184101958626786,0.9012535729721103,0.1208238089006634,0.3238178883415969,-1.0061396160665481e-16,-3.122502256758253e-17,0,0
455,0.6374273021874686,0.9074296105302484,0.12369814854815642,0.32526453074099215,1.1362438767648086e-16,-1.0061396160665481e-16,0,0
456,0.6564343093227232,0.9136407432348264,0.12654305341234465,0.3267528655653577,8.760353553682876e-17,-2.636779683484747e-16,0,0
457,0.6798144747455526,0.9387337808756469,0.12987541069005185,0.33337365747550723,-4.85722573273506e-17,-6.375108774214766e-17,0,0
458,0.6985943946350083,0.9453817585565791,0.13264815586226922,0.3350846763398146,-6.765421556309548e-17,-1.1102230246251565e-16,0,0
459,0.7172000935522883,0.950993654837319,0.1353794799968289,0.3365375241463382,1.6046192152785466e-16,4.683753385137379e-16,0,0
460,0.7362378291159707,0.9565646105772447,0.13815266375957674,0.33799716423134857,-3.434752482434078e-16,-2.740863092043355e-16,0,0
461,0.756137854082201,0.9640919991555394,0.14101937199436188,0.34002314197714906,2.1163626406917047e-16,1.7694179454963432e-16,0,0
462,0.7902145145269515,0.9828033062575062,0.14588287374829312,0.3451813416826048,-3.9898639947466563e-17,1.942890293094024e-16,0,0
463,0.7999999999999997,1.0,0.14726814128722263,0.35000000000000003,-1.1405806854547507e-16,0.035991669249470115,0,4
464,0.819999999999861,1.0,0.15010564156382808,0.35000000000000003,-3.122502256758253e-17,0.03599370998112146,0,4
465,0.809785834282809,0.9826474805106242,0.1486692607482834,0.3451166306939289,1.4116312285761268e-16,-5.551115123125783e-17,0,0
466,0.2300630607406653,0.7384055923353441,0.05437771899228797,0.29524623574808956,-1.3791051634015616e-16,1.1449174941446927e-16,0,0
467,0.2110648385452364,0.7322279865108261,0.05040589628558319,0.29470596184629505,9.71445146547012e-17,1.6306400674181987e-16,0,0
468,0.1920576423696788,0.7260556336404448,0.04634242140398194,0.29417644749192434,-9.194034422677078e-17,-9.71445146547012e-17,0,0
469,0.1730431331781118,0.7198735178950072,0.04218553968256217,0.2936475784343115,-3.5561831257524545e-17,9.367506770274758e-17,0,0
470,0.1540287373482317,0.7136887127382471,0.03793446279516077,0.29311271543503975,-6.938893903907228e-18,-1.942890293094024e-16,0,0
471,0.1350142105903112,0.707503121776454,0.03358745768719091,0.29256372973073724,1.3877787807814457e-17,2.0122792321330962e-16,0,0
472,0.1159991201926727,0.7013162161503943,0.029143226556857717,0.2919918295502091,8.933825901280557e-17,1.97758476261356e-16,0,0
473,0.09698350622235877,0.6951291585589072,0.024601585371315106,0.291388213956783,-7.112366251504909e-17,-3.7816971776294395e-16,0,0
474,0.0779675772103486,0.688942006135537,0.019964071508277885,0.2907426540272774,9.107298248878237e-17,-1.1796119636642288e-16,0,0
475,0.05895098786241644,0.6827545912195692,0.015230810180177655,0.29004547529203856,6.331740687315346e-17,1.214306433183765e-16,0,0
476,0.2490649439486229,0.7445824125333343,0.05826384809016248,0.29580208096395977,-3.2959746043559335e-17,2.0816681711721685e-16,0,0
477,0.2680671125039448,0.7507580838725583,0.06206680185696786,0.296379078038428,6.591949208711867e-17,-1.249000902703301e-16,0,0
478,0.2870389201896488,0.7569312965855636,0.06578362693345381,0.29698311905885766,-2.42861286636753e-17,7.979727989493313e-17,0,0
479,0.0,0.6600000000009563,0.0,0.2868798696298715,-0.03606028611222204,-7.979727989493313e-17,1,0
480,0.3060039431593216,0.7631164489281859,0.06942269063614258,0.29762057138821524,3.2959746043559335e-17,-1.3877787807814457e-17,0,0
481,0.3249702627090388,0.7692966421061956,0.07298953070005082,0.29829125573620596,-1.231653667943533e-16,6.245004513516506e-17,0,0
482,0.3439451854684188,0.7755055257196981,0.07648805745871773,0.29900545271189266,-4.85722573273506e-17,-1.8388068845354155e-16,0,0
483,0.3671404793875158,0.8012462810121491,0.0800478488021609,0.30411921270569636,-1.0061396160665481e-16,-2.8145888397723695e-16,0,0
484,0.3861604710857193,0.8074360498659363,0.08343457660767692,0.3049819701957271,8.586881206085195e-17,2.42861286636753e-16,0,0
485,0.4052078729522773,0.8136186315073966,0.08677046692902571,0.30588374813613667,-1.9949319973733282e-17,-2.220446049250313e-16,0,0
486,0.4242212182882382,0.8198071021150177,0.09004672857556262,0.3068301709534212,1.734723475976807e-18,2.7755575615628914e-17,0,0
487,0.4431949013432671,0.8260032527952549,0.09326559485781949,0.30782277250757695,-5.0306980803327406e-17,1.942890293094024e-16,0,0
488,0.4621983752927126,0.8321837692479614,0.09644290823140192,0.30885447633697094,-5.0306980803327406e-17,-1.249000902703301e-16,0,0
489,0.4811945937248717,0.8383797519313048,0.09957376856257986,0.30993383314644796,3.122502256758253e-17,3.0531133177191805e-16,0,0
490,0.500208607742474,0.8445668563016981,0.1026656932003441,0.31105433336812816,-9.627715291671279e-17,-4.163336342344337e-17,0,0
491,0.6754505397298585,0.919828873783096,0.1293654216384648,0.3282663646728588,4.163336342344337e-17,-4.85722573273506e-17,0,0
492,0.77959379285619,0.9661580304763634,0.14439301314649017,0.3405421809065451,-5.898059818321144e-17,-2.0469737016526324e-16,0,0
493,0.8300000427289717,0.9826794882876131,0.1515266390771766,0.345107396022067,-1.214306433183765e-17,-2.5847379792054426e-16,0,0
494,0.8399999999997222,1.0,0.15292380665566765,0.35000000000000003,1.3877787807814457e-17,0.0359958328795212,0,4
495,0.03527268774392057,0.6585747443203396,0.009394489286648145,0.2864484580331085,-8.586881206085195e-17,-8.326672684688674e-17,0,0
496,0.05466022691561565,0.6640414895908068,0.014426880459071506,0.2870608410713742,-1.3877787807814457e-17,1.214306433183765e-16,0,0
497,0.01802505072465493,0.6498253970949318,0.004856886224588965,0.28524781073778416,2.42861286636753e-17,1.8041124150158794e-16,0,0
498,0.3629862976476309,0.7816872389177594,0.07993478442390642,0.29975122603523713,8.326672684688674e-17,3.9811903773667723e-16,0,0
499,0.5192225728894079,0.8507539703050323,0.10571757784839841,0.3122185097848644,1.457167719820518e-16,1.6479873021779667e-17,0,0
500,0.5382398723393258,0.8569401885267561,0.10873190737773279,0.31342541390845147,-1.717376241217039e-16,-1.8388068845354155e-16,0,0
501,0.5572556395500381,0.8631270862453162,0.11171039790683707,0.31467437227206824,7.632783294297951e-17,-1.3877787807814457e-17,0,0
502,0.5762465600320732,0.86931953868104,0.1146510077867845,0.3159661713228002,5.377642775528102e-17,7.979727989493313e-17,0,0
503,0.5952411583624412,0.8755122912636736,0.11756058020292733,0.31729735990073177,1.4051260155412137e-16,-3.365363543395006e-16,0,0
504,0.6142554643918103,0.8816979427908893,0.12044393587832712,0.31866471799071105,8.760353553682876e-17,-2.5673907444456745e-16,0,0
505,0.6332696353949445,0.8878902357454242,0.12329945617425606,0.32007136503118677,5.117434254131581e-17,-2.42861286636753e-16,0,0
506,0.6522854163555294,0.8940781684822195,0.12612901415398442,0.3215118550984806,4.85722573273506e-17,-5.204170427930421e-17,0,0
507,0.6713009958038443,0.9002661342141308,0.12893417715563632,0.3229865617658094,-6.938893903907228e-17,5.204170427930421e-17,0,0
508,0.6945021459955802,0.9259071749057598,0.13216904101664775,0.32978346420145355,3.469446951953614e-18,-7.19910242530375e-17,0,0
509,0.7134854981581206,0.9321505747700152,0.13493974145588014,0.3313736403258077,9.540979117872439e-18,-3.0878077872387166e-16,0,0
510,0.7324970883139154,0.9383941307699577,0.13769375945887644,0.3329892728061717,4.85722573273506e-17,-1.0408340855860843e-17,0,0
511,0.7515313218899561,0.9445297248596082,0.14043214098535298,0.33460147976554505,1.6479873021779667e-16,-1.5959455978986625e-16,0,0
512,0.7717478987344745,0.9492960654618872,0.14332977353613816,0.3358524576387075,-1.734723475976807e-18,6.938893903907228e-18,0,0
513,0.7997909585835214,0.9654677957315072,0.1472805425355006,0.3403006873956219,-1.0408340855860843e-16,1.9255430583342559e-16,0,0
514,0.8185004484403801,0.9650431471286696,0.14993419800687743,0.3401445090118844,2.3288662664988635e-16,1.214306433183765e-16,0,0
515,0.8499249053950468,0.9827867185305563,0.15432393863368865,0.34511850069778416,-1.5612511283791264e-16,-1.43982048506075e-16,0,0
516,0.2449189598754703,0.7250253994427767,0.058173762562292126,0.29195504724323507,-8.847089727481716e-17,-2.1163626406917047e-16,0,0
517,0.225918957164205,0.7188555591216429,0.05425886983833298,0.2914850450589693,6.245004513516506e-17,2.220446049250313e-16,0,0
518,0.2069184310748816,0.7126841810666288,0.050250228539554666,0.29103002371950565,-4.85722573273506e-17,1.4224732503009818e-16,0,0
519,0.1879075336988957,0.7065007936527987,0.04614250098583071,0.29058131862524705,-1.734723475976807e-17,2.7755575615628914e-16,0,0
520,0.1688939588189037,0.7003143316429825,0.04193387073867407,0.29013257649132923,-2.0469737016526324e-16,2.42861286636753e-16,0,0
521,0.1498795383371022,0.6941289538049832,0.0376220015207876,0.2896758393635027,3.469446951953614e-18,3.365363543395006e-16,0,0
522,0.1308649045719025,0.6879421255284602,0.03320507323277789,0.28920133247284446,3.5561831257524545e-17,6.591949208711867e-17,0,0
523,0.1118498210569729,0.681754824870977,0.028681831210191865,0.28869937796995815,-1.5959455978986625e-16,1.2836953722228372e-16,0,0
524,0.09283428182634604,0.6755674505059583,0.02405233413803311,0.2881595481352369,-8.673617379884035e-18,4.198030811863873e-16,0,0
525,0.07381827324502416,0.6693798603558658,0.019316816292822222,0.2875713386665945,-9.540979117872439e-18,1.1102230246251565e-16,0,0
526,0.2639285629816903,0.7312110107083393,0.062000034269616894,0.2924494417526144,5.984795992119984e-17,1.734723475976807e-17,0,0
527,0.2829401545365345,0.737397295585803,0.06574058734336333,0.29297097922733795,-4.683753385137379e-17,1.6306400674181987e-16,0,0
528,0.3019290368827864,0.7435620171726103,0.0693953719209117,0.2935206233434201,-2.0816681711721685e-17,1.8735013540549517e-16,0,0
529,0.0,0.6400000000009717,0.0,0.2838070067507621,-0.036095500224052196,1.5612511283791264e-17,1,0
530,0.3208937964131882,0.7497240780387515,0.0729678412769509,0.29410598496288226,-2.7755575615628914e-17,5.551115123125783e-17,0,0
531,0.3398460074315059,0.7559271616113571,0.0764625291221321,0.2947400222794551,4.336808689942018e-17,3.469446951953614e-17,0,0
532,0.3588153939752163,0.7621356966607242,0.07989102304284694,0.29541632068536144,-9.280770596475918e-17,-2.983724378680108e-16,0,0
533,0.3820789136495662,0.787864667241276,0.08332888120891005,0.30053608305280843,-8.326672684688674e-17,-1.196959198423997e-16,0,0
534,0.4011201146208023,0.7940581079462032,0.08665357044538949,0.30136993321459116,1.1275702593849246e-16,1.0408340855860843e-16,0,0
535,0.4201493948452771,0.800245953747151,0.08992059238747958,0.30224727740968843,-1.2836953722228372e-16,8.673617379884035e-17,0,0
536,0.4391275612303687,0.8064238022026432,0.09312653803301066,0.3031690065723812,-5.724587470723463e-17,-1.2836953722228372e-16,0,0
537,0.4581004959824952,0.8126096545896315,0.09628235250055167,0.30413848933806487,1.1796119636642288e-16,2.2898349882893854e-16,0,0
538,0.4770860761988756,0.8187934874541096,0.09939426313120892,0.30515289342663343,-1.5265566588595902e-16,-1.734723475976807e-17,0,0
539,0.4960598584144131,0.8250069009601726,0.10246009160033205,0.3062208724272652,1.3877787807814457e-17,2.7755575615628914e-17,0,0
540,0.5150735241411495,0.8311938924732957,0.1054926575538099,0.30732685569733775,2.0816681711721685e-17,1.0408340855860843e-16,0,0
541,0.6903225858745061,0.906435736729321,0.13171800971888437,0.32448975071833525,-1.3877787807814457e-16,1.5612511283791264e-17,0,0
542,0.7896898921798011,0.9526883147243899,0.14588340101022523,0.33674200163297424,-7.632783294297951e-17,-2.498001805406602e-16,0,0
543,0.8380359461438216,0.9657431024165031,0.1526814784200455,0.34030576596271195,-5.377642775528102e-17,1.97758476261356e-16,0,0
544,0.8599999999995834,1.0,0.1557219534722129,0.35000000000000003,-1.5612511283791264e-17,0.03599545765419344,0,4
545,0.05244327705302891,0.6450969015150974,0.014177702689158737,0.28410293592293107,-9.925870889104793e-17,-1.1796119636642288e-16,0,0
546,0.03455279600725733,0.639207243250418,0.009426484009192142,0.28346777911867954,6.765421556309548e-17,1.1449174941446927e-16,0,0
547,0.06984901692143827,0.6499698157765915,0.01871670010673914,0.28452869147588894,1.2663481374630692e-16,3.469446951953614e-18,0,0
548,0.01726163296130354,0.6299709429382733,0.004783912927205397,0.28225730107050107,-3.469446951953614e-18,-3.122502256758253e-16,0,0
549,0.3779121846338594,0.7683128389836402,0.08327934555235574,0.29612478507181245,2.255140518769849e-16,-2.211772431870429e-17,0,0
550,0.5340867301717244,0.8373805123293135,0.10848669620662198,0.30847783814307483,6.245004513516506e-17,1.8908485888147197e-16,0,0
551,0.5531030905251182,0.8435672474216616,0.11144501202425275,0.309673070745949,-9.540979117872439e-18,-2.463307335887066e-16,0,0
552,0.5720980464721666,0.8497578965169518,0.11436598684884508,0.3109127980159445,1.3010426069826053e-17,-2.42861286636753e-16,0,0
553,0.5910946395376975,0.8559512148549305,0.11725551852454295,0.3121950819776714,-5.811323644522304e-17,1.734723475976807e-16,0,0
554,0.6101055707297427,0.8621397773259085,0.1201178937746507,0.31351656626316,-1.6653345369377348e-16,4.891920202254596e-16,0,0
555,0.6291207987292102,0.8683282951717928,0.12295341593240103,0.31487744453976296,3.5561831257524545e-17,4.128641872824801e-16,0,0
556,0.6481364874575974,0.8745161089575813,0.12576328506424164,0.31627576839410426,-1.8474805019152996e-16,1.97758476261356e-16,0,0
557,0.6671519325450134,0.8807038869771284,0.1285493008312376,0.3177105054042544,-1.1449174941446927e-16,1.700029006457271e-16,0,0
558,0.6861673381310898,0.886891881022092,0.13131315872583485,0.3191806848758109,1.6132928326584306e-16,1.4224732503009818e-16,0,0
559,0.7093393774330123,0.9126209930597247,0.13447852168788826,0.3260289720511034,-5.898059818321144e-17,3.5388358909926865e-16,0,0
560,0.728348068045227,0.9188304642534076,0.13721829410835054,0.3276029959883665,-1.3357370765021415e-16,2.6020852139652106e-16,0,0
561,0.7473644552738129,0.925018898196249,0.1399415797136694,0.32919906887267497,-6.071532165918825e-17,0.0,0,0
562,0.7663826082155759,0.931198588087446,0.14264828526171358,0.3308199191194853,-1.708702623837155e-16,3.95516952522712e-16,0,0
563,0.7858414604877464,0.9367243412123015,0.14540499974401794,0.33227531027148877,2.6020852139652106e-18,4.40619762898109e-16,0,0
564,0.8052670945139342,0.9453468881368421,0.14812498152811546,0.33462544236435454,-5.2909066017292616e-17,-6.245004513516506e-17,0,0
565,0.8264207371766513,0.9483499712282395,0.1510977664854385,0.33540885166248063,-2.2551405187698492e-17,1.7694179454963432e-16,0,0
566,0.8695493896426905,0.9833228551980655,0.15706118211427636,0.3452567140740661,1.0928757898653885e-16,-2.2551405187698492e-17,0,0
567,0.8594553867664206,0.9629948036338655,0.15568110785254627,0.33948819730567786,1.3010426069826053e-16,2.7755575615628914e-17,0,0
568,0.879999999999508,1.0,0.15850423518136203,0.35000000000000003,3.642919299551295e-17,0.03599286972296896,0,4
569,0.2597825097898128,0.7116554984042485,0.06200185882310298,0.288574927258059,-5.984795992119984e-17,-1.1449174941446927e-16,0,0
570,0.2407837453601635,0.705482185788865,0.05815209606225044,0.2881727307128921,9.454242944073599e-17,-6.938893903907228e-18,0,0
571,0.2217834451966091,0.6993122503346747,0.05420441749259715,0.28779309866722086,8.239936510889834e-17,-1.1796119636642288e-16,0,0
572,0.202771886543113,0.6931278401942396,0.05015303889775974,0.2874260832294038,-6.245004513516506e-17,-3.9898639947466563e-16,0,0
573,0.1837584444451263,0.6869413631609507,0.04599534509974805,0.2870659854019888,9.8879238130678e-17,-4.822531263215524e-16,0,0
574,0.1647445450777633,0.6807549250855562,0.041727948302457935,0.2867044054481985,1.3097162243624894e-16,-1.3877787807814457e-16,0,0
575,0.1457303106944724,0.6745683082143149,0.03734782672238365,0.28633171481145225,-2.168404344971009e-17,-6.938893903907228e-17,0,0
576,0.1267157763095658,0.6683811617038493,0.03285276995214358,0.28593740230437703,8.326672684688674e-17,-5.204170427930421e-17,0,0
577,0.1077007208242567,0.6621934775192613,0.02824156959951282,0.2855102077392623,2.0816681711721685e-17,-3.122502256758253e-17,0,0
578,0.08868516640738838,0.6560054759780638,0.023513758242620232,0.28503904632362337,-9.020562075079397e-17,-2.498001805406602e-16,0,0
579,0.278791982869667,0.7178400342296178,0.06576050257244566,0.28900682056888094,4.336808689942018e-18,5.551115123125783e-17,0,0
580,0.2978029163794308,0.7240260673905646,0.06943111398743583,0.28947201924518495,-2.6020852139652106e-17,-1.7694179454963432e-16,0,0
581,0.3168083216348012,0.7302059465058353,0.07301731092238624,0.28997352125224246,1.491862189340054e-16,7.979727989493313e-17,0,0
582,0.0,0.6200000000010513,0.0,0.28087124752890913,-0.03608906671025961,-1.734723475976807e-18,1,0
583,0.3357677468912524,0.7363539100319914,0.07651713794782086,0.2905107932899877,-7.719519468096792e-17,-1.9081958235744878e-16,0,0
584,0.3547381300396422,0.7425638356829851,0.07994246114594498,0.29110522779794856,8.673617379884035e-19,2.0469737016526324e-16,0,0
585,0.3737103255157628,0.7487630409603618,0.08329917380581851,0.2917435891992939,-5.4643789493269423e-17,8.326672684688674e-17,0,0
586,0.3969659855381776,0.7745021422538098,0.08659665137059207,0.2968831011836066,-6.245004513516506e-17,-2.480654570646834e-16,0,0
587,0.4160100758003548,0.7806941041711686,0.089853620925882,0.29768932628982997,-6.331740687315346e-17,9.367506770274758e-17,0,0
588,0.4350210023741492,0.7868831459696934,0.09305001637879773,0.29854366288222484,9.8879238130678e-17,-4.5102810375396984e-17,0,0
589,0.4540068483339149,0.7930455575197319,0.09619180593254668,0.299440390242827,-1.960237527853792e-16,-1.0408340855860843e-16,0,0
590,0.4729892134958328,0.799208058318088,0.09928527937071321,0.3003852396108564,1.4137996329210978e-16,2.1163626406917047e-16,0,0
591,0.4919426311331868,0.8054262510185701,0.1023273360901935,0.30139302964349596,-5.551115123125783e-17,-1.5612511283791264e-16,0,0
592,0.5109249648183201,0.8116340881539248,0.10533304537453556,0.3024453598376062,2.862293735361732e-17,1.9081958235744878e-16,0,0
593,0.5299377822727174,0.8178208961301869,0.10830537374564134,0.3035389704778353,8.586881206085195e-17,-9.367506770274758e-17,0,0
594,0.705182739613957,0.8930795448765878,0.1340563397380023,0.32068415758470875,6.938893903907228e-17,-4.440892098500626e-16,0,0
595,0.844050932538159,0.9507040883730393,0.15356162086193553,0.3360289506288554,-1.2663481374630692e-16,1.0755285551056204e-16,0,0
596,0.8860015240249641,0.9850843949187775,0.1593431863910583,0.3457479517950487,-7.37257477290143e-17,7.632783294297951e-17,0,0
597,0.8999999999995835,1.0,0.16127314716873917,0.35000000000000003,5.204170427930421e-18,0.036003447495032405,0,4
598,0.06898045746591279,0.6295214567815688,0.018993411404677384,0.2813691329727574,-8.326672684688674e-17,-9.020562075079397e-17,0,0
599,0.05134447726402894,0.6292666593708602,0.014170144633791664,0.2817234554682534,-1.734723475976807e-18,-5.724587470723463e-17,0,0
600,0.03452892607752868,0.6195758424336338,0.009684909800495307,0.2805414390565466,-1.734723475976807e-17,-3.8163916471489756e-17,0,0
601,0.08514427467942748,0.636347927512857,0.023159225771573512,0.28200215586217925,1.3877787807814457e-16,2.983724378680108e-16,0,0
602,0.01626284366935944,0.6100000372195793,0.004617464386981229,0.27939176967193724,2.42861286636753e-17,8.673617379884035e-17,0,0
603,0.3928123391244243,0.7549465117677383,0.08661550996533683,0.2924209245043555,9.020562075079397e-17,2.7625471354930653e-16,0,0
604,0.5489467612348604,0.8240054497380624,0.11124051664103236,0.3046786542840875,-7.979727989493313e-17,6.028164079019405e-17,0,0
605,0.5679471335582691,0.8301946364850848,0.11413994092526215,0.30586527621202864,-7.19910242530375e-17,3.920475055707584e-16,0,0
606,0.5869458228334559,0.8363899232966079,0.1170072283195622,0.3070978699110615,-3.729655473350135e-17,1.7694179454963432e-16,0,0
607,0.6059568550944723,0.8425790102813623,0.11984709391295235,0.30837173539663965,4.85722573273506e-17,-3.677613769070831e-16,0,0
608,0.6249718042687384,0.8487666712665545,0.12266018419880031,0.309686943814799,1.1275702593849246e-16,-3.7816971776294395e-16,0,0
609,0.6439877522856071,0.8549543871025148,0.12544802732338742,0.31104230655970216,4.9439619065339e-17,-1.5612511283791264e-16,0,0
610,0.6630027312009658,0.8611419750669996,0.12821231125514243,0.31243640123881367,9.454242944073599e-17,-3.434752482434078e-16,0,0
611,0.6820183723602156,0.8673298551966699,0.1309550896824348,0.3138679727737461,-1.474514954580286e-17,-5.551115123125783e-17,0,0
612,0.7010337623450045,0.8735176678284483,0.13367782488624644,0.31533519705130575,9.107298248878237e-17,2.636779683484747e-16,0,0
613,0.7241983606010299,0.899267733717322,0.13678002338842776,0.32221937338035894,1.734723475976807e-16,-3.0140820395097023e-16,0,0
614,0.7432147693782081,0.9054558805480472,0.139486619657358,0.3237841957612656,1.2663481374630692e-16,-1.7694179454963432e-16,0,0
615,0.762230585914043,0.9116429905868009,0.1421771208349272,0.32537709018586236,-1.734723475976807e-16,-2.255140518769849e-16,0,0
616,0.7812480109958824,0.9178200430898619,0.14485290496216224,0.3269915218982387,1.8127860323957634e-16,-2.8796409701215e-16,0,0
617,0.8002763033513426,0.9239645843863437,0.14751673307130583,0.32862053770934896,7.806255641895632e-17,-1.8735013540549517e-16,0,0
618,0.8193860316123323,0.929864411961023,0.1501825802619754,0.3302035850405251,-4.336808689942018e-18,-1.249000902703301e-16,0,0
619,0.8387136683402986,0.9350977774301886,0.15286795659535296,0.33161471604751985,4.5102810375396984e-17,-1.734723475976807e-16,0,0
620,0.880966737771326,0.9675690708470063,0.15866302840067914,0.3407573920239363,-1.491862189340054e-16,4.7271214720367993e-17,0,0
621,0.8573500987032654,0.9415800020753974,0.15544056757493782,0.33340136167535434,2.0643209364124004e-16,-1.3530843112619095e-16,0,0
622,0.8994914927117138,0.974530048548816,0.16121577045873495,0.3427272605317303,-1.1102230246251565e-16,-1.8735013540549517e-16,0,0
623,0.9399999999997501,1.0,0.16678282425340718,0.35000000000000003,7.45931094670027e-17,0.0360043065430484,0,4
624,0.9199999999996669,1.0,0.16403188340947789,0.35000000000000003,-8.977193988179977e-17,0.036009712464637286,0,4
625,0.9299999999997091,0.9826794919242391,0.16541431626977543,0.34504120297363006,-2.237793284010081e-16,1.8041124150158794e-16,0,0
626,0.9131686323850143,0.9845089026849032,0.16309700945307892,0.345570003448333,2.8102520310824275e-16,3.434752482434078e-16,0,0
627,0.2746454464957416,0.6982841878627856,0.06585712460374517,0.2850976922910804,-3.5561831257524545e-17,-5.204170427930421e-17,0,0
628,0.2556463194002785,0.6921111324628898,0.06207917724531302,0.2847632009235435,-2.6020852139652106e-17,2.0816681711721685e-17,0,0
629,0.2366471526571139,0.6859395374401908,0.05820067485032597,0.2844579561139781,8.673617379884035e-18,-1.1796119636642288e-16,0,0
630,0.2176358472526447,0.6797550855645601,0.05421432129086787,0.2841731507633101,-3.8163916471489756e-17,-2.185751579730777e-16,0,0
631,0.1986230553730498,0.6735687294933235,0.05011681166765635,0.2839028920257131,2.42861286636753e-17,4.2327252813834093e-16,0,0
632,0.179609446922566,0.6673815828694424,0.045903545257931305,0.28363871800686236,-5.204170427930421e-17,2.740863092043355e-16,0,0
633,0.1605954146428343,0.661194929093395,0.04157041160656437,0.28337112100651113,2.7755575615628914e-17,1.2836953722228372e-16,0,0
634,0.1415813823264215,0.6550079679406078,0.037114260110329284,0.28308915857638645,-1.6479873021779667e-17,1.0755285551056204e-16,0,0
635,0.1225671765713768,0.6488208532216453,0.032532962697336645,0.2827810065885725,-3.729655473350135e-17,-3.122502256758253e-16,0,0
636,0.1035526159888144,0.6426329101052751,0.02782600219545212,0.2824340157222492,2.5153490401663703e-17,-2.983724378680108e-16,0,0
637,0.2936549965533506,0.7044695220277537,0.0695415319703756,0.28546883645686594,1.0928757898653885e-16,6.591949208711867e-17,0,0
638,0.31266510603052,0.7106553975880645,0.07313623758169799,0.28587949411703517,-1.7694179454963432e-16,-1.3183898417423734e-16,0,0
639,0.3316594301348571,0.7168275594968875,0.07664404424540068,0.2863311061648089,6.765421556309548e-17,3.122502256758253e-16,0,0
640,0.0,0.6000000000010677,0.0,0.2780607038038378,-0.03613599602418584,-2.42861286636753e-17,1,0
641,0.3506511367442025,0.7230137719631383,0.08007151977063473,0.28683248301471476,-4.336808689942018e-17,1.0408340855860843e-17,0,0
642,0.3696370311132441,0.7292087207120731,0.08342359304832819,0.287385025011492,-3.469446951953614e-18,-1.5612511283791264e-16,0,0
643,0.3886773591754125,0.7353918472738388,0.0867174063369732,0.28798345717900486,7.19910242530375e-17,-7.979727989493313e-17,0,0
644,0.4118622854000591,0.7611366234128326,0.08986030595921567,0.2931515527201246,-1.700029006457271e-16,-1.2533377113932431e-16,0,0
645,0.4308721328019408,0.7673257928748726,0.09304055399385364,0.2939337377130549,1.3183898417423734e-16,-3.122502256758253e-17,0,0
646,0.4498825448577984,0.7735107235974646,0.09616774517633861,0.29476562492872915,8.673617379884035e-17,-1.6653345369377348e-16,0,0
647,0.468888982913104,0.7796914217819413,0.09924466161370565,0.29564756051835833,-5.0306980803327406e-17,-3.7816971776294395e-16,0,0
648,0.487849701640437,0.7858445893908448,0.10226846244531809,0.2965748313822203,1.1709383462843448e-16,-1.4224732503009818e-16,0,0
649,0.5068124566838013,0.7920578205914881,0.10524786310212841,0.29756757140584544,-8.673617379884035e-17,-2.0122792321330962e-16,0,0
650,0.5257895442583612,0.7982615391736086,0.10819016390255524,0.29860746224967666,6.852157730108388e-17,-3.469446951953614e-18,0,0
651,0.544800576487354,0.8044468927258281,0.11110143348732912,0.2996907475074271,-1.1275702593849246e-17,2.8102520310824275e-16,0,0
652,0.7200491227094133,0.8797056249537101,0.13638217916342543,0.3168362683132361,-2.255140518769849e-16,8.109832250191573e-17,0,0
653,0.8763235070589102,0.9487772703982195,0.1580554399569504,0.3354090872815321,-1.7433970933566911e-16,4.5102810375396984e-17,0,0
654,0.9478317020445453,0.9827872125318369,0.16786115970286367,0.345065346894296,1.9255430583342559e-16,1.8908485888147197e-16,0,0
655,0.9599999999998334,1.0,0.16952632803938564,0.35000000000000003,-7.632783294297951e-17,0.0360071289312039,0,4
656,0.08102251259340826,0.6169007128101909,0.022636616061946634,0.2791436903297618,4.423544863740858e-17,-2.5673907444456745e-16,0,0
657,0.0610065947257421,0.6116347275828801,0.01723961566787361,0.2789037864107052,-7.632783294297951e-17,3.469446951953614e-17,0,0
658,0.04767775382154465,0.6160205055518495,0.01343882174648018,0.27984394175171956,-4.683753385137379e-17,-2.2724877535296173e-16,0,0
659,0.02876463826652014,0.6005506260817922,0.008288525950357993,0.27793445522786114,1.0408340855860843e-17,1.0234868508263162e-16,0,0
660,0.09950587131723898,0.6230574120662585,0.027451408104025878,0.27947247593220326,6.071532165918825e-18,1.3530843112619095e-16,0,0
661,0.01732050807564774,0.5900000000011215,0.005079263183303938,0.2766528333853152,-3.469446951953614e-17,6.591949208711867e-17,0,0
662,0.4077095734089965,0.7415811241534366,0.08994473030773155,0.2886359123377948,1.1796119636642288e-16,1.1362438767648086e-16,0,0
663,0.5638050568072647,0.8106304943748224,0.11397713813996421,0.30082182543123764,3.469446951953614e-17,-1.8388068845354155e-16,0,0
664,0.5828053827793178,0.8168225171733747,0.1168199400592673,0.3020021920235167,-1.0408340855860843e-17,-3.191891195797325e-16,0,0
665,0.6018083198943749,0.8230181627585027,0.11963354985036798,0.3032291340087965,1.3357370765021415e-16,1.1449174941446927e-16,0,0
666,0.6208235942074268,0.829205599271195,0.12242197561224817,0.3044979173788075,-1.0581813203458523e-16,1.457167719820518e-16,0,0
667,0.6398387363607538,0.8353927934743713,0.12518523121650005,0.30580936075066845,-1.8041124150158794e-16,2.0122792321330962e-16,0,0
668,0.6588534382978739,0.841579955587781,0.12792536077391356,0.307161996452627,1.48318857196017e-16,3.8163916471489756e-16,0,0
669,0.6778691610443153,0.8477682140006726,0.13064450188273738,0.30855460022547304,-1.491862189340054e-16,-2.0816681711721685e-17,0,0
670,0.6968846894804,0.8539560348877844,0.1333442771075566,0.30998507068990616,7.45931094670027e-17,3.8163916471489756e-17,0,0
671,0.7159000263308198,0.8601436740493602,0.13602638107390372,0.311451688131274,-3.903127820947816e-17,2.42861286636753e-17,0,0
672,0.7390652198903824,0.8858933359796841,0.13906973695756567,0.3183694768063436,4.163336342344337e-17,3.7556763254897874e-16,0,0
673,0.7580817130019695,0.8920808420772232,0.1417421940745985,0.3199328053951296,-8.413408858487514e-17,-1.1796119636642288e-16,0,0
674,0.777094216862144,0.8982687195214638,0.14440024717975902,0.3215237412701798,2.42861286636753e-17,2.42861286636753e-17,0,0
675,0.7961113264867621,0.9044492049042098,0.14704694790440684,0.3231385243335117,-4.163336342344337e-17,6.938893903907228e-17,0,0
676,0.8151235433921357,0.9106478531037057,0.1496819450566965,0.3247838325171495,8.153200337090993e-17,-6.938893903907228e-18,0,0
677,0.8341407301120706,0.9168358654672023,0.1523080971710698,0.3264469228316491,1.3877787807814457e-16,-6.938893903907228e-17,0,0
678,0.853230696321044,0.9228087373319271,0.15493616452748932,0.3280695578746254,-3.209238430557093e-17,2.42861286636753e-17,0,0
679,0.8956933127721411,0.9552968582306303,0.1607202243257782,0.33723585271735607,1.0755285551056204e-16,-3.382710778154774e-17,0,0
680,0.8721869884145921,0.929219942744643,0.15753659786996027,0.3298389769709439,-9.367506770274758e-17,-1.1449174941446927e-16,0,0
681,0.9159979671153411,0.964387478214386,0.1635025577333292,0.3398126334559535,-3.469446951953614e-17,-1.5959455978986625e-16,0,0
682,0.936711956366116,0.9659686173895196,0.16634493608416545,0.34024837511790995,4.163336342344337e-17,-3.920475055707584e-16,0,0
683,0.9687006111491041,0.9809011164293434,0.17071948443484536,0.3445183518471158,-7.806255641895632e-17,2.2551405187698492e-17,0,0
684,0.9799999999999167,1.0,0.17226414769311088,0.35000000000000003,-1.0928757898653885e-16,0.03600926779378122,0,4
685,0.2895125705426409,0.6849155089335541,0.06973610419643551,0.28151808929230054,-1.6740081543176188e-16,-2.6020852139652106e-16,0,0
686,0.2705097640836058,0.6787387050540531,0.06603680037134907,0.28124884592943655,1.1275702593849246e-16,-1.3183898417423734e-16,0,0
687,0.2515092980152338,0.6725666802271963,0.0622349111303485,0.2810170714658323,-5.724587470723463e-17,1.2836953722228372e-16,0,0
688,0.2324995288242523,0.6663828404342925,0.05832259422473119,0.28081388997245155,-5.377642775528102e-17,1.0408340855860843e-16,0,0
689,0.2134873166740427,0.6601966849632666,0.054294700899176145,0.28063361862826386,1.3183898417423734e-16,1.0061396160665481e-16,0,0
690,0.1944746734039604,0.654010084359409,0.05014571919767446,0.2804681083539819,-2.6020852139652106e-18,-2.185751579730777e-16,0,0
691,0.1754604415894257,0.6478223479349078,0.04586997044641626,0.28030762322324093,8.153200337090993e-17,2.0122792321330962e-16,0,0
692,0.1564465002513077,0.6416351391802927,0.04146305765942019,0.28014139543334915,-9.194034422677078e-17,-2.42861286636753e-16,0,0
693,0.1374329080792247,0.6354481511537192,0.03692123478299049,0.2799570444648446,-6.938893903907228e-17,-1.3877787807814457e-16,0,0
694,0.1184191735124351,0.6292609557887809,0.03224192207714077,0.279740802234909,-1.734723475976807e-17,4.822531263215524e-16,0,0
695,0.308517460600183,0.6910996184997066,0.07333879826023455,0.28183051505225004,1.4051260155412137e-16,3.157196726277789e-16,0,0
696,0.3275268842657599,0.6972851303213758,0.07685175407484597,0.28218901632722454,-5.204170427930421e-18,-2.983724378680108e-16,0,0
697,0.04383101721887889,0.603604792820024,0.012560262458099028,0.27812749517035557,1.5612511283791264e-17,2.0816681711721685e-16,0,0
698,0.3465362466759375,0.7034704884126546,0.08028001255392495,0.28259705541316726,1.1015494072452725e-16,-2.949029909160572e-16,0,0
699,0.0,0.5800000000011323,0.0,0.2754099433798296,-0.03621145007269384,1.6479873021779667e-16,1,0
700,0.3655470020652628,0.7096523728320356,0.08362981096540971,0.2830564170355626,5.724587470723463e-17,-1.9081958235744878e-16,0,0
701,0.384556943418872,0.7158370911519343,0.08690598821812084,0.2835707353637824,-1.3010426069826053e-17,4.5102810375396984e-17,0,0
702,0.4035657544761524,0.7220258392894592,0.09011356988915699,0.284141530734545,-3.2959746043559335e-17,6.245004513516506e-17,0,0
703,0.4267238012150699,0.7477685895386764,0.09310870078933291,0.2893419185464885,-1.0408340855860843e-16,-2.3288662664988635e-16,0,0
704,0.445734696639096,0.753954269123857,0.09621638343364737,0.2901014031436031,1.0408340855860843e-16,1.8041124150158794e-16,0,0
705,0.4647459129644738,0.7601398556851591,0.09927239662584059,0.29091479059605174,-9.020562075079397e-17,1.0408340855860843e-16,0,0
706,0.4837284612395993,0.7663035349871459,0.10227643177719252,0.2917773773081419,-3.469446951953614e-18,4.85722573273506e-17,0,0
707,0.502700477537387,0.7724974060893197,0.10523319788869237,0.29270140164230923,-7.806255641895632e-17,-8.326672684688674e-17,0,0
708,0.5216578092509733,0.7786989757498131,0.10814657081051934,0.29368052233461817,-6.938893903907228e-18,-1.3877787807814457e-17,0,0
709,0.5406540657982706,0.7848901426674462,0.11102890727945579,0.2947075830158937,4.5102810375396984e-17,-2.2898349882893854e-16,0,0
710,0.5596664278107965,0.7910767368070788,0.1138789457041092,0.29578382148785143,2.2551405187698492e-17,-1.2836953722228372e-16,0,0
711,0.7349157089955285,0.8663312696760298,0.13869255001649092,0.3129527121079627,-2.740863092043355e-16,-8.760353553682876e-17,0,0
712,0.8912654032250021,0.9354450923241338,0.16015060615824164,0.331569132458648,1.708702623837155e-16,-1.97758476261356e-16,0,0
713,0.9539933144097296,0.9683654684817679,0.1687110688612488,0.3409254451868312,1.1102230246251565e-16,-7.979727989493313e-17,0,0
714,0.9854608147088563,0.9854608147088646,0.17301164618537973,0.3458251549186205,1.6479873021779667e-16,-1.6479873021779667e-16,0,0
715,1.0,1.0,0.17500000000000002,0.35000000000000003,0.017709840153615358,0.018005425702743542,2,4
716,0.09525655173429304,0.6035155710693808,0.027033490705776063,0.27666090138015853,-6.071532165918825e-17,3.0531133177191805e-16,0,0
717,0.0762413256378352,0.597327181848201,0.021939618496554736,0.27642085544244016,-3.9898639947466563e-17,1.734723475976807e-17,0,0
718,0.03597375861400417,0.5843739173582221,0.010637405707072606,0.2756483457433767,4.7704895589362195e-17,1.8735013540549517e-16,0,0
719,0.114271019060148,0.609702092189306,0.031979324693796746,0.2768299234933432,-1.734723475976807e-18,-2.2898349882893854e-16,0,0
720,0.01741654021140049,0.5704430276834367,0.005270614607290316,0.27411995429145647,3.122502256758253e-17,1.0408340855860843e-17,0,0
721,0.422575648147439,0.7282119484739652,0.09325835417467639,0.2847681299816784,3.469446951953614e-18,1.986258379993444e-16,0,0
722,0.5786682515730902,0.7972551444229528,0.1166952549931782,0.29690787549302533,-2.42861286636753e-17,3.7383290907300193e-16,0,0
723,0.5976727416476342,0.8034515300598475,0.11948180427389768,0.2980850114542388,7.546047120499111e-17,-8.673617379884035e-17,0,0
724,0.6166791343920344,0.8096445307280951,0.12224153758501367,0.29930813341128965,-5.0306980803327406e-17,-1.7694179454963432e-16,0,0
725,0.6356927498599143,0.8158317467029483,0.12497759158115612,0.30057489262529835,1.3877787807814457e-16,-1.0408340855860843e-16,0,0
726,0.6547059780965616,0.8220194321833657,0.1276908375999745,0.30188554877872426,-2.6020852139652106e-18,-2.671474153004283e-16,0,0
727,0.6737204063762348,0.8282068321706741,0.13038359594457086,0.30323823867944316,1.1882855810441129e-16,-1.491862189340054e-16,0,0
728,0.692735540198687,0.8343946807552809,0.1330576987070876,0.30463145214011234,-2.8362728832220796e-16,-1.0408340855860843e-16,0,0
729,0.7117507909686704,0.8405821249739042,0.13571488759858463,0.3060631684738682,2.480654570646834e-16,1.942890293094024e-16,0,0
730,0.7307662768362265,0.8467696156574624,0.1383568996617541,0.30753169119645907,-1.7954387976359953e-16,-1.3530843112619095e-16,0,0
731,0.7539307567425622,0.872518572154622,0.14134414528160974,0.3144862323902545,3.2612801348363973e-16,3.5301622736128024e-16,0,0
732,0.7729443533864299,0.8787068057308765,0.14398266339074278,0.3160501717455994,-1.8388068845354155e-16,-1.1449174941446927e-16,0,0
733,0.7919570096221515,0.8848964688161024,0.14660981987038568,0.31764291165376113,9.194034422677078e-17,-9.367506770274758e-17,0,0
734,0.81097401170072,0.8910845727454946,0.14922785409313938,0.31926212564432155,9.367506770274758e-17,-2.7755575615628914e-17,0,0
735,0.8299912057217735,0.8972724837240702,0.15183729593463616,0.32090549689412556,-1.8388068845354155e-16,6.938893903907228e-17,0,0
736,0.8490083181530714,0.9034604443845189,0.15443997338836254,0.3225715351704588,-2.0122792321330962e-16,3.7816971776294395e-16,0,0
737,0.8680274677071682,0.9096498362004273,0.15703668806773705,0.324260530727361,-1.5699247457590104e-16,3.920475055707584e-16,0,0
738,0.910298459246522,0.941521400337643,0.16275441549240274,0.33327166202489067,-1.6653345369377348e-16,-2.6020852139652106e-18,0,0
739,0.8870428227296141,0.9158368690085066,0.15962795077726052,0.3259677919456044,1.0234868508263162e-16,3.5388358909926865e-16,0,0
740,0.9295875512612458,0.9473774499229572,0.16539045095009036,0.33492321108529377,1.0234868508263162e-16,6.591949208711867e-17,0,0
741,0.9489363798614759,0.9525808442237571,0.1680316160121347,0.33639737218542826,-2.7755575615628914e-17,2.7755575615628914e-16,0,0
742,0.9673893950293735,0.960294072862109,0.17054724587932157,0.33860121516829184,-1.196959198423997e-16,6.591949208711867e-17,0,0
743,0.9841239710170981,0.9694786126287799,0.17283112181470306,0.3412355217762103,-4.5102810375396984e-17,-2.2551405187698492e-17,0,0
744,1.0,0.9799999999999475,0.17500000000000002,0.3442567152384979,0.03541600372106756,6.591949208711867e-17,2,0
745,0.3043746284151062,0.6715447158170825,0.0736321532129764,0.2778301517373941,-3.122502256758253e-17,-3.712308238590367e-16,0,0
746,0.2853722415839787,0.6653632319202212,0.07001974451979452,0.27762307234752703,2.42861286636753e-17,2.3592239273284576e-16,0,0
747,0.2663703775184438,0.6591919606629681,0.06630250810680971,0.2774627381737238,-4.336808689942018e-18,-4.85722573273506e-17,0,0
748,0.2473621969047016,0.6530111691098035,0.06247305056327998,0.2773399375360405,-4.336808689942018e-17,1.734723475976807e-17,0,0
749,0.2283508513815568,0.6468250289532926,0.05852468306130313,0.2772485986657997,6.591949208711867e-17,9.020562075079397e-17,0,0
750,0.2093391340827871,0.6406386953849273,0.05445066844293967,0.27718160924132446,-1.5612511283791264e-17,-3.469446951953614e-17,0,0
751,0.1903256760419323,0.6344514329751573,0.050243936911541075,0.2771295345878945,7.19910242530375e-17,-7.28583859910259e-17,0,0
752,0.1713114342508232,0.6282629665175301,0.04589841375658723,0.27708140750982346,-4.85722573273506e-17,-6.591949208711867e-17,0,0
753,0.1522978068814371,0.6220755851204254,0.04140872052614328,0.2770251220761419,-3.642919299551295e-17,2.393918396847994e-16,0,0
754,0.1332845230103515,0.615888837359049,0.036770224658437024,0.2769465164068873,4.336808689942018e-17,7.28583859910259e-17,0,0
755,0.323379363979773,0.677730052330676,0.0771474540650265,0.2780871909322392,-2.6020852139652106e-17,4.163336342344337e-17,0,0
756,0.3423887680072212,0.6839151494483793,0.0805730500566894,0.2783968976462173,1.734723475976807e-18,3.885780586188048e-16,0,0
757,0.05730043450713521,0.5909083413061698,0.01670796799626199,0.276079437660286,-2.3418766925686896e-17,-6.938893903907228e-18,0,0
758,0.3613983072637802,0.6901002378468656,0.08391444557708934,0.27876246313799286,-8.847089727481716e-17,2.5326962749261384e-16,0,0
759,0.0,0.5600000000011761,0.0,0.2729210192745109,-0.0362519715225864,-2.1510571102112408e-16,1,0
760,0.3804077938011542,0.6962849368693715,0.08717783085092592,0.27918593696314664,-1.0061396160665481e-16,1.1449174941446927e-16,0,0
761,0.3994173648501204,0.7024700516980857,0.09036909328195915,0.27966878940737816,-4.336808689942018e-17,-9.020562075079397e-17,0,0
762,0.4184272056587393,0.7086558972209864,0.09349384492565756,0.2802120909107456,2.6020852139652106e-17,5.551115123125783e-17,0,0
763,0.4415858671831459,0.7343975411685127,0.0963448002736485,0.28545170278470255,-1.491862189340054e-16,2.5153490401663703e-17,0,0
764,0.4605969068710228,0.7405829016324162,0.0993774199444837,0.286192444805726,-3.729655473350135e-17,2.5673907444456745e-16,0,0
765,0.4796000701993693,0.7467591806968759,0.10235933677558379,0.28698819754888044,-1.734723475976807e-17,2.1510571102112408e-16,0,0
766,0.4985667688831193,0.7529205783921625,0.10528988849245428,0.28783811817266364,1.4224732503009818e-16,2.2898349882893854e-16,0,0
767,0.5175154558032278,0.7591367197567436,0.10817330543144836,0.28875837507014124,-7.719519468096792e-17,-1.8735013540549517e-16,0,0
768,0.5365060248729098,0.7653315923131271,0.11102586185185001,0.28972663167136925,1.734723475976807e-17,-7.28583859910259e-17,0,0
769,0.5555176651704787,0.7715180944045131,0.11384654893062963,0.29074582634605933,-1.3530843112619095e-16,1.734723475976807e-16,0,0
770,0.5745281962452397,0.7777028984542707,0.11663445994693854,0.2918172122838752,8.673617379884035e-17,-1.2836953722228372e-16,0,0
771,0.7497813180642248,0.852956684136435,0.1409852849487158,0.3090349916573018,4.163336342344337e-17,-1.947227101783966e-16,0,0
772,0.9061158669217741,0.9220198136866543,0.16222506895298816,0.3276891175920703,-1.7520707107365752e-16,-6.938893903907228e-17,0,0
773,0.1101224783408044,0.590141880199307,0.03174908051835257,0.2740620823860819,1.97758476261356e-16,-2.185751579730777e-16,0,0
774,0.09110776893671949,0.5839542882611622,0.026666169063661416,0.2739882768220362,2.6020852139652106e-18,-3.5041414214731503e-16,0,0
775,0.07209243256223022,0.5777657609246519,0.021410474232297565,0.27384642257608677,6.852157730108388e-17,-2.42861286636753e-16,0,0
776,0.03528481063442386,0.5637879330285421,0.010791670625793658,0.2730467340971124,2.6020852139652106e-17,-3.3133218391157016e-16,0,0
777,0.05332048406940521,0.5714893918943358,0.016068826729672015,0.2735921483380914,9.367506770274758e-17,8.847089727481716e-17,0,0
778,0.1291362367820688,0.5963292408711461,0.03666467883036265,0.27407004859572853,-4.336808689942018e-17,-3.191891195797325e-16,0,0
779,0.01739382020149118,0.5507420431130448,0.00545234179207591,0.27174167008378586,-2.0816681711721685e-17,4.85722573273506e-17,0,0
780,0.4374372463815135,0.7148413355211238,0.09655737023319422,0.28081609286169823,1.0408340855860843e-16,-9.194034422677078e-17,0,0
781,0.5935318416226611,0.7838899238636136,0.11939135833338126,0.2929406367564014,5.898059818321144e-17,-2.745199900733297e-16,0,0
782,0.6125382433861091,0.7900805264928785,0.12212138082256675,0.2941146629697576,-4.2500725161431774e-17,3.5735303605122226e-16,0,0
783,0.6315459766039532,0.7962716404364163,0.12482686617930683,0.29533691631978076,-3.382710778154774e-17,1.3530843112619095e-16,0,0
784,0.6505584541958468,0.8024589707813758,0.12751073693024567,0.29660447338983204,-7.806255641895632e-17,7.632783294297951e-17,0,0
785,0.6695720834887467,0.8086462943830438,0.13017453002765975,0.29791673636277555,-4.336808689942018e-18,0.0,0,0
786,0.6885862216227926,0.8148337232758969,0.1328201960537761,0.2992719822526311,-1.214306433183765e-17,2.7755575615628914e-17,0,0
787,0.7076011928048733,0.8210208961997594,0.1354497210675762,0.3006682660442363,8.413408858487514e-17,-2.5326962749261384e-16,0,0
788,0.7266169540121272,0.8272082701995523,0.13806490913808922,0.30210384954608827,2.1250362580715887e-16,-5.898059818321144e-17,0,0
789,0.7456322283183604,0.8333956549243968,0.14066730699928348,0.3035767700828624,-1.1622647289044608e-16,-2.3592239273284576e-16,0,0
790,0.768795760789172,0.8591446713565878,0.14360156815248168,0.31057133849904933,2.1510571102112408e-16,1.9081958235744878e-16,0,0
791,0.7878094526125115,0.8653330181759245,0.14620741329453904,0.31213861453837183,4.163336342344337e-17,-6.938893903907228e-17,0,0
792,0.8068247521663758,0.8715215589768511,0.14880467993740504,0.31373500332846643,-2.246466901389965e-16,9.020562075079397e-17,0,0
793,0.825841848805742,0.8777093468949443,0.15139477175298954,0.31535798460499864,6.158268339717665e-17,1.6653345369377348e-16,0,0
794,0.8448587894494255,0.8838972554247815,0.15397891248213672,0.31700612866746675,-1.4051260155412137e-16,-3.0184188481996443e-16,0,0
795,0.8638758937169856,0.8900851709749646,0.15655860516952919,0.31867795218688244,1.6219664500383146e-16,-2.636779683484747e-16,0,0
796,0.8828931595599047,0.8962731375861673,0.15913446014041355,0.32037141378282014,2.8449465006019636e-16,-3.3306690738754696e-16,0,0
797,0.9252494022193801,0.928204994289494,0.164828176421775,0.329425531014452,9.367506770274758e-17,1.7867651802561113e-16,0,0
798,0.9019106788160324,0.9024612136689614,0.1617080056974035,0.32208388268423754,2.0816681711721685e-17,2.42861286636753e-17,0,0
799,0.9453617659391584,0.9342208538103074,0.1675636283359825,0.3311253170989135,-9.367506770274758e-17,-1.1102230246251565e-16,0,0
800,0.9654029943425227,0.9410281492023194,0.1702885859299323,0.3330640940505271,9.020562075079397e-17,3.8163916471489756e-17,0,0
801,0.9831930052152538,0.95021567177252,0.1727085053012606,0.3356993217007123,-2.7755575615628914e-17,-2.42861286636753e-17,0,0
802,1.0,0.9599999999998947,0.17500000000000002,0.3385103547816409,0.0354124745512864,-5.551115123125783e-17,2,0
803,0.3192320444199291,0.6581755695040443,0.07753952827556973,0.274029800514696,-5.551115123125783e-17,2.2898349882893854e-16,0,0
804,0.3002298371278587,0.651991007397212,0.0740210763058567,0.2738815285718251,-5.811323644522304e-17,2.0122792321330962e-16,0,0
805,0.2812257644081542,0.6458136273277629,0.0703968691497359,0.2737879841508023,1.9081958235744878e-17,-6.245004513516506e-17,0,0
806,0.2622226136093582,0.6396381178780121,0.06665987250612578,0.2737429408465443,7.632783294297951e-17,1.3877787807814457e-17,0,0
807,0.243213670618665,0.6334543074665091,0.06280125716845664,0.2737386399761082,-1.6479873021779667e-17,1.1102230246251565e-16,0,0
808,0.224202497840422,0.6272677881159041,0.05881321181509076,0.2737686380238826,-1.2663481374630692e-16,-1.5265566588595902e-16,0,0
809,0.2051901999639252,0.621080574096952,0.054687717456734945,0.27382445607404293,9.194034422677078e-17,1.1449174941446927e-16,0,0
810,0.1861765520092442,0.6148926812515496,0.05041688389842387,0.2738956189216626,-2.5153490401663703e-17,-1.97758476261356e-16,0,0
811,0.167162702167784,0.6087042226376279,0.04599361552311982,0.2739698781073627,1.5265566588595902e-16,-2.7755575615628914e-17,0,0
812,0.1481495113592527,0.6025165039125382,0.041411460289182356,0.27403333683319864,-6.245004513516506e-17,-3.0531133177191805e-16,0,0
813,0.3382413230576511,0.6643604183989438,0.08096213393908981,0.27423472074854455,-3.5561831257524545e-17,-2.8796409701215e-16,0,0
814,0.3572500956243425,0.6705451776332922,0.0842946436300931,0.2744996924533957,9.627715291671279e-17,-1.734723475976807e-16,0,0
815,0.3762589356623888,0.6767303142045533,0.08754409338290241,0.27482700914690605,-3.8163916471489756e-17,-1.1102230246251565e-16,0,0
816,0.0,0.5400000000011733,0.0,0.270616631997923,-0.03629238213502557,3.8163916471489756e-17,1,0
817,0.3952690359667857,0.6829152350239133,0.09071731830482721,0.275217846982253,9.974659986866641e-17,1.1449174941446927e-16,0,0
818,0.4142775661355937,0.6891007773701495,0.09381999106820894,0.27567348353627125,-5.898059818321144e-17,-6.245004513516506e-17,0,0
819,0.4332887955449561,0.6952857924972992,0.09685877435960044,0.2761938350266655,2.862293735361732e-17,-8.673617379884035e-17,0,0
820,0.4564470943843524,0.7210261286957191,0.09956450617077446,0.28148086489217644,8.673617379884035e-17,-2.255140518769849e-16,0,0
821,0.4754498823924931,0.7272113343562105,0.10251864562648311,0.2822067240812383,4.0766001685454967e-17,-4.510281037539698e-16,0,0
822,0.4944287481883452,0.7333805917858878,0.10542208065270342,0.28298949198921336,-1.1275702593849246e-17,-1.3530843112619095e-16,0,0
823,0.5134026514216405,0.7395694088860103,0.10828044763961209,0.28383665733335883,6.071532165918825e-17,1.8735013540549517e-16,0,0
824,0.5323707627231185,0.7457711965611039,0.11109786693796317,0.284745645518882,2.6020852139652106e-17,1.8735013540549517e-16,0,0
825,0.5513698742416706,0.7519603479521274,0.11388461765524581,0.2857071778906575,-1.1362438767648086e-16,-9.71445146547012e-17,0,0
826,0.5703816186782662,0.758146822274739,0.1166404242001372,0.28672329063088564,-6.591949208711867e-17,-1.1449174941446927e-16,0,0
827,0.5893924497271417,0.7643322408671864,0.11936605953013771,0.28779345064116946,1.3617579286417936e-16,3.677613769070831e-16,0,0
828,0.7646470097152905,0.8395826697859438,0.1432585755335268,0.30508488021746283,-3.469446951953614e-18,-2.0686577451023425e-16,0,0
829,0.9209284352940946,0.9086493124911877,0.16428177725739349,0.3238114400476624,-6.245004513516506e-17,-3.469446951953614e-17,0,0
830,0.1059740653710451,0.5705812794977302,0.0315538506442642,0.2714483247507124,-4.7704895589362195e-17,2.636779683484747e-16,0,0
831,0.1249880058506846,0.5767689770350719,0.03660766283086202,0.27134044193869966,-1.1882855810441129e-16,4.891920202254596e-16,0,0
832,0.08702055311293122,0.5644509957646617,0.026326536992898105,0.27148631351365377,-9.020562075079397e-17,4.753142324176451e-16,0,0
833,0.06831082335311375,0.558551465084065,0.02098433120358427,0.27146568112856745,-4.336808689942018e-17,6.245004513516506e-17,0,0
834,0.05151120094745685,0.5508839211166602,0.01609183331424267,0.27108653234106156,-1.734723475976807e-18,1.700029006457271e-16,0,0
835,0.03436890608564892,0.54113158342316,0.010955418641652245,0.27039649203315064,-5.0306980803327406e-17,-9.540979117872439e-17,0,0
836,0.1440013602251939,0.5829571396510157,0.041475540114497236,0.2711776855783663,8.933825901280557e-17,3.5041414214731503e-16,0,0
837,0.01727144103356693,0.5300164821327571,0.0056395417338326315,0.2694500608152869,2.7755575615628914e-17,-1.97758476261356e-16,0,0
838,0.4522985081367934,0.7014708790476989,0.0998383101764558,0.2767792911031063,-3.469446951953614e-18,2.224782857940255e-16,0,0
839,0.6083982016340377,0.7705163054760744,0.12206371541097,0.28891609925304484,3.469446951953614e-18,-1.0885389811754465e-16,0,0
840,0.6274015644163347,0.7767092283932248,0.12473615342577479,0.29009221283903197,-1.214306433183765e-17,-4.198030811863873e-16,0,0
841,0.6464099823333825,0.782899422926089,0.12738732131005037,0.2913167174573697,-6.505213034913027e-17,1.0408340855860843e-17,0,0
842,0.6654234629351937,0.7890863368296624,0.13001949660700027,0.29258765942817305,1.3877787807814457e-16,2.706168622523819e-16,0,0
843,0.6844372550316811,0.7952733480206693,0.13263405561502034,0.293904258940473,-1.5265566588595902e-16,-2.7755575615628914e-17,0,0
844,0.7034519406738025,0.801460499822857,0.13523311881997682,0.2952646203684677,8.933825901280557e-17,1.7694179454963432e-16,0,0
845,0.7224672729899186,0.8076473886446197,0.13781857999252484,0.2966667034883976,-1.5439038936193583e-16,1.6306400674181987e-16,0,0
846,0.7414830290608078,0.8138346103411205,0.14039221114921124,0.2981087163955389,-5.377642775528102e-17,2.706168622523819e-16,0,0
847,0.760497991588109,0.8200218273600581,0.14295557637401354,0.29958855554374364,7.979727989493313e-17,2.220446049250313e-16,0,0
848,0.7836618062545467,0.8457704003017281,0.14584040021127664,0.3066265084432491,1.491862189340054e-16,2.1640675362810669e-16,0,0
849,0.8026772889815412,0.8519585068920723,0.14841446617505577,0.30819962549824487,-2.463307335887066e-16,-9.367506770274758e-17,0,0
850,0.8216928923797584,0.8581465214842638,0.1509821687610976,0.3098020180026648,1.4051260155412137e-16,2.0816681711721685e-17,0,0
851,0.8407094129137368,0.8643341964942728,0.15354510092436247,0.311431771139657,2.2724877535296173e-16,-1.0755285551056204e-16,0,0
852,0.8597262468430454,0.8705220083369143,0.15610456059613798,0.31308733339764194,-8.239936510889834e-17,-1.8388068845354155e-16,0,0
853,0.8787433767676824,0.8767097223980418,0.15866184290513746,0.3147663714258465,2.0816681711721685e-17,-1.7694179454963432e-16,0,0
854,0.8977608047027399,0.8828974838463669,0.16121778264022868,0.31646694430949196,-1.491862189340054e-16,8.673617379884035e-17,0,0
855,0.9409730696883548,0.9147865837149411,0.16699543580229145,0.3255375922146162,2.671474153004283e-16,-1.942890293094024e-16,0,0
856,0.9167785020226911,0.8890853469419102,0.16377389048134863,0.31818670370491675,-4.2500725161431774e-17,1.0061396160665481e-16,0,0
857,0.9638729376885836,0.9190560405766118,0.17010019950513136,0.3267401655458739,-1.43982048506075e-16,-3.0184188481996443e-16,0,0
858,0.9823784671773255,0.9299718085710339,0.17260642398523057,0.32987306131431776,5.898059818321144e-17,1.9255430583342559e-16,0,0
859,1.0,0.939999999999842,0.17500000000000002,0.3327579202800841,0.035407024717493976,-1.734723475976807e-17,2,0
860,0.3340929496132318,0.6448064926275814,0.08145371840303971,0.2701119160118886,1.5785983631388945e-16,3.8163916471489756e-17,0,0
861,0.3150863668952298,0.6386213517186611,0.0780351559101138,0.2700186524588079,-1.3010426069826053e-17,-2.1163626406917047e-16,0,0
862,0.2960864106526222,0.6324365635931841,0.07451339469400073,0.2699867803106416,5.4643789493269423e-17,1.700029006457271e-16,0,0
863,0.2770829010611512,0.6262654536761425,0.07087669715887197,0.270015594085059,-8.847089727481716e-17,1.1449174941446927e-16,0,0
864,0.2580750565550748,0.6200825940383585,0.06711768829470258,0.27009456023758277,1.249000902703301e-16,2.6020852139652106e-16,0,0
865,0.2390623330778004,0.6138929714062704,0.06322654219752483,0.2702182430018435,-2.3158558404290375e-16,-2.463307335887066e-16,0,0
866,0.2200526636344587,0.6077082517066843,0.05919484239389322,0.270380268951287,1.986258379993444e-16,2.914335439641036e-16,0,0
867,0.2010397781643966,0.6015208544529411,0.055012362798479666,0.2705697849315296,-1.8388068845354155e-16,1.3877787807814457e-17,0,0
868,0.1820264470928583,0.5953325433496638,0.05067050751117771,0.27077529059015987,4.85722573273506e-17,3.642919299551295e-16,0,0
869,0.1630139666213278,0.589145011578105,0.04616089071889307,0.2709832688226618,-1.8908485888147197e-16,-2.5673907444456745e-16,0,0
870,0.3530997676659678,0.6509905540910015,0.0847761032864079,0.2702697726966252,-2.2551405187698492e-17,-3.469446951953614e-18,0,0
871,0.3721048073141323,0.6571755947017534,0.08800959758200004,0.2704950883239925,-1.6479873021779667e-16,-7.632783294297951e-17,0,0
872,0.3911141741313539,0.6633613396340372,0.0911627136823799,0.27078882700042417,-1.214306433183765e-17,1.3183898417423734e-16,0,0
873,0.0,0.5200000000011236,0.0,0.2685262929109179,-0.03635227665308335,7.28583859910259e-17,1,0
874,0.4101231768941428,0.6695472021055147,0.09424151747747395,0.2711520256720044,1.1102230246251565e-16,1.734723475976807e-17,0,0
875,0.4291332187505613,0.675732171827955,0.09725278415436253,0.2715846288996483,-4.2500725161431774e-17,-1.249000902703301e-16,0,0
876,0.4481439284615421,0.6819171445338583,0.10020239884896653,0.2720867743123839,2.6020852139652106e-17,-3.122502256758253e-17,0,0
877,0.4712885144799653,0.7076541826443413,0.10276066695099943,0.2774298775386348,-6.938893903907228e-18,3.4867941867133823e-16,0,0
878,0.49027503862167,0.7138349806747696,0.10563346844209029,0.27814376569201743,-1.2663481374630692e-16,1.700029006457271e-16,0,0
879,0.5092573403743792,0.7200182207674737,0.10846072694834454,0.2789214517236395,1.5959455978986625e-16,-6.245004513516506e-17,0,0
880,0.5282339716712793,0.7262074012792028,0.11124615075384202,0.27976273251366496,-1.4051260155412137e-16,-3.365363543395006e-16,0,0
881,0.5472276510781999,0.7324004897859415,0.11399728180364126,0.28066485030479543,1.3877787807814457e-17,2.1510571102112408e-16,0,0
882,0.5662338675415831,0.7385894101557879,0.11671708179683435,0.28162448601070766,5.637851296924623e-17,5.551115123125783e-17,0,0
883,0.5852452651389541,0.7447757995036135,0.11940750596070884,0.28264079871961945,7.719519468096792e-17,-2.8102520310824275e-16,0,0
884,0.604256644263734,0.7509620086405419,0.12207064357298916,0.283712933689434,-1.734723475976807e-16,-5.898059818321144e-17,0,0
885,0.779512937063283,0.8262092238031521,0.14551045274717692,0.30110425064237994,-1.491862189340054e-16,-1.8171228410857054e-16,0,0
886,0.9355619497765187,0.8959938436514815,0.16629992020127626,0.3201299953180901,-8.673617379884035e-17,1.0581813203458523e-16,0,0
887,0.1208399048465388,0.5572084158959436,0.03660398322246507,0.2687711393006016,3.469446951953614e-17,-1.3530843112619095e-16,0,0
888,0.1018260691167079,0.5510205989630738,0.03139324558478983,0.2690066359506673,7.632783294297951e-17,-3.434752482434078e-16,0,0
889,0.1398531840964935,0.5633970890447721,0.04160639254046687,0.26847081706857834,-3.469446951953614e-18,-3.400058012914542e-16,0,0
890,0.0831781891290346,0.5451783953058913,0.026071273711101035,0.2691744808589936,-6.158268339717665e-17,-5.204170427930421e-16,0,0
891,0.0661336196123453,0.5392246358947305,0.021054389401520643,0.26920140831450057,1.8041124150158794e-16,1.700029006457271e-16,0,0
892,0.05016551823497384,0.5301578552882076,0.016300655499567995,0.26876046795064207,-1.231653667943533e-16,-2.393918396847994e-16,0,0
893,0.03442187542402824,0.5198954828339091,0.011453483895735654,0.2681177254833686,2.6020852139652106e-17,2.5847379792054426e-16,0,0
894,0.1588657492496197,0.5695857928965677,0.04640665048737644,0.2681328617468281,1.9255430583342559e-16,2.706168622523819e-16,0,0
895,0.01731248479404566,0.5100025123923271,0.0059016097856442115,0.2674554653146184,-2.949029909160572e-17,-6.245004513516506e-17,0,0
896,0.4671341048900773,0.6880967380236914,0.10309261420605399,0.27265762858187015,3.469446951953614e-17,-2.172741153660951e-16,0,0
897,0.623261306042928,0.7571449718446182,0.12470839528790051,0.2848384517026242,4.85722573273506e-17,4.649058915617843e-16,0,0
898,0.6422630965923204,0.7633389792098492,0.1273235541029817,0.28601928542575533,-1.9168694409543718e-16,2.914335439641036e-16,0,0
899,0.6612769747245224,0.7695251788144528,0.12992132733826336,0.28724798149435193,4.163336342344337e-17,-2.0816681711721685e-16,0,0
900,0.6802883654484232,0.7757136684185209,0.13250155372803077,0.2885257976883647,1.960237527853792e-16,-3.469446951953614e-17,0,0
901,0.6993019237946673,0.7819004625111652,0.13506716334253943,0.28984955069929424,-2.42861286636753e-17,-2.3245294578089215e-16,0,0
902,0.7183177777988823,0.7880871802850327,0.13762014023998692,0.2912176940760531,-1.457167719820518e-16,1.3183898417423734e-16,0,0
903,0.737333661025608,0.7942740385066271,0.14016206127680178,0.2926283235454283,2.5153490401663703e-17,-5.204170427930421e-17,0,0
904,0.756348872262756,0.8004610056025065,0.1426946369281676,0.2940793817365947,-1.474514954580286e-17,1.0408340855860843e-17,0,0
905,0.7753636453256156,0.8066481239496378,0.14521962406744657,0.29556882247054517,1.2663481374630692e-16,1.491862189340054e-16,0,0
906,0.7985282213772738,0.832396660533121,0.1480584931604668,0.3026537693340643,4.163336342344337e-17,-8.239936510889834e-18,0,0
907,0.8175439884999225,0.8385839870794337,0.15060125660259005,0.3042350075358374,-1.0061396160665481e-16,-1.1449174941446927e-16,0,0
908,0.8365600629112324,0.8447715325680091,0.15314021269841538,0.30584613637055924,1.0755285551056204e-16,1.2836953722228372e-16,0,0
909,0.8555765033738958,0.8509592055467198,0.15567678692419554,0.30748530549874925,-2.992397996059992e-16,4.2327252813834093e-16,0,0
910,0.8745931780526515,0.8571467779759832,0.15821233190078282,0.3091504402476226,2.3245294578089215e-16,2.7755575615628914e-16,0,0
911,0.893610542418645,0.8633343636247761,0.16074850445722538,0.3108391463038304,-1.5092094240998222e-16,-1.1796119636642288e-16,0,0
912,0.912665759313745,0.8698750016545863,0.16328956364438832,0.31265134555342194,2.0990154059319366e-16,-5.898059818321144e-17,0,0
913,0.9547006900602892,0.9007465987096973,0.1688821641936504,0.32146940974861,-2.2551405187698492e-17,3.3046482217358175e-16,0,0
914,0.9318708533502967,0.8778277779952767,0.16584876379152017,0.3148905510637395,1.1796119636642288e-16,-3.400058012914542e-16,0,0
915,0.9836295556878488,0.9099952954738036,0.17278438654355277,0.32411134051264845,-2.6020852139652106e-16,-1.5785983631388945e-16,0,0
916,1.0,0.9199999999997894,0.17500000000000002,0.32699451179246414,0.0354065822486612,9.71445146547012e-17,2,0
917,0.3299442509503614,0.6252531827818509,0.08205531852019089,0.26602953265459056,2.862293735361732e-17,-1.3877787807814457e-17,0,0
918,0.348948454885148,0.6314378397555716,0.08536602504493143,0.2660734997173638,-1.1709383462843448e-16,8.673617379884035e-17,0,0
919,0.3109387574739068,0.6190681501609181,0.07864116389494157,0.26605601054902966,3.469446951953614e-18,-1.0061396160665481e-16,0,0
920,0.2919318468908397,0.6128842791886964,0.07511413463114015,0.2661500654694599,1.457167719820518e-16,-9.367506770274758e-17,0,0
921,0.2729250374384056,0.6067008972268592,0.07146467550095101,0.2663071651680156,8.413408858487514e-17,-1.214306433183765e-16,0,0
922,0.2539175607906717,0.6005166109968358,0.06768247924351958,0.26652134848355596,-2.0296264668928643e-16,-2.7755575615628914e-16,0,0
923,0.2349111237622235,0.5943339897203657,0.06375720089434965,0.2667857211242783,1.1796119636642288e-16,1.6306400674181987e-16,0,0
924,0.2159016307025782,0.5881478708620668,0.059677526120022195,0.267090756245059,-1.734723475976807e-18,-1.2836953722228372e-16,0,0
925,0.196889918638974,0.5819618685596071,0.05543254898003305,0.2674262285179852,4.163336342344337e-17,-1.491862189340054e-16,0,0
926,0.1778778867423459,0.5757741409391324,0.051012282850822974,0.26777867271438227,-1.222980050563649e-16,-3.5041414214731503e-16,0,0
927,0.3679414229791518,0.6376203344965177,0.0885803129814386,0.26619037972941667,1.0755285551056204e-16,2.220446049250313e-16,0,0
928,0.386945921706597,0.643803231089568,0.09171066642198454,0.26638057016537325,-1.474514954580286e-17,-2.5326962749261384e-16,0,0
929,0.4059484370996789,0.6499865538453183,0.09476211969082822,0.2666457825563942,-4.163336342344337e-17,-1.734723475976807e-16,0,0
930,0.0,0.5000000000010534,0.0,0.2666679053490138,-0.036421249326030275,1.1275702593849246e-16,1,0
931,0.4249591444327691,0.6561724330236581,0.09774353917899725,0.266986020891596,9.020562075079397e-17,1.3183898417423734e-16,0,0
932,0.4439651838920736,0.6623564109367145,0.10065947222677529,0.267400744400331,-4.9439619065339e-17,-1.0755285551056204e-16,0,0
933,0.4629662047378709,0.6685393312856862,0.10351604297725922,0.2678893220622065,-4.336808689942018e-18,2.0122792321330962e-16,0,0
934,0.486121368284401,0.6942767717594058,0.10593138408180511,0.2732968176313927,-6.245004513516506e-17,-1.1015494072452725e-16,0,0
935,0.505097832755789,0.7004653685481481,0.10872179533897534,0.2740057380744372,1.3530843112619095e-16,1.5959455978986625e-16,0,0
936,0.5240894490217789,0.7066500833875846,0.11147311884869648,0.2747787132485948,-5.204170427930421e-17,1.8735013540549517e-16,0,0
937,0.5430919396305853,0.712839693979976,0.11418820497080166,0.27561686913344463,-2.0816681711721685e-17,1.0408340855860843e-17,0,0
938,0.5620954068266831,0.719026246265961,0.11686960736015324,0.2765169069931347,-2.2551405187698492e-17,-2.6020852139652106e-16,0,0
939,0.5811003525428258,0.7252162574976722,0.11952058666676761,0.27747881542058617,-1.734723475976807e-18,1.1796119636642288e-16,0,0
940,0.6001083238808314,0.7314047599034901,0.1221447750867335,0.2784994032294719,-5.637851296924623e-17,2.983724378680108e-16,0,0
941,0.6191185019128338,0.7375900579606404,0.1247450762556977,0.2795763486948275,1.5612511283791264e-17,-3.0878077872387166e-16,0,0
942,0.7943788071480268,0.8128351573435776,0.14773878210368593,0.29709452025812294,-8.673617379884035e-17,5.984795992119984e-17,0,0
943,0.9481872705787792,0.8857202004511898,0.16802900677433433,0.3171367530151378,8.153200337090993e-17,-2.8275992658421956e-16,0,0
944,0.9705030161543793,0.8999999953748709,0.17101876097319338,0.3212337262689509,1.3010426069826053e-17,3.434752482434078e-16,0,0
945,0.1357052509206083,0.5438358755108443,0.04181094584981242,0.26592592839953855,1.734723475976807e-18,0.0,0,0
946,0.1166918770643026,0.5376481000272502,0.03665819537684262,0.2663788176858347,1.6479873021779667e-17,1.1796119636642288e-16,0,0
947,0.09767799656314842,0.5314600690561424,0.03127525296759621,0.26675036880618075,-7.112366251504909e-17,3.8163916471489756e-16,0,0
948,0.1547180043550324,0.5500250592833825,0.04673843690026223,0.2654303278216846,-1.0755285551056204e-16,-1.214306433183765e-16,0,0
949,0.08058964440588087,0.5267655132674427,0.026188332901711613,0.26709454080207745,6.938893903907228e-18,2.8449465006019636e-16,0,0
950,0.0659703878167392,0.5195372239397191,0.021821818598841494,0.2670108424163004,-3.8163916471489756e-17,2.0816681711721685e-17,0,0
951,0.05107394622541367,0.5099985683893742,0.017298354281734804,0.2666290311224934,-5.377642775528102e-17,2.2898349882893854e-16,0,0
952,0.03463944272140237,0.4999999955857367,0.012046067330795869,0.266195282562228,-9.8879238130678e-17,3.469446951953614e-17,0,0
953,0.1737300934573245,0.5562163168829994,0.05145016760618478,0.26491593306336036,6.938893903907228e-17,2.5673907444456745e-16,0,0
954,0.01732052354291607,0.4900001717032116,0.006180890339394036,0.265701510811857,5.724587470723463e-17,1.2836953722228372e-16,0,0
955,0.48196211297717,0.6747237368482286,0.10631872146793138,0.26845145429382955,-8.673617379884035e-17,0.0,0,0
956,0.6381255780680558,0.7437760804433818,0.127323319900921,0.2807089385941989,-7.979727989493313e-17,-1.730386667286865e-16,0,0
957,0.6571337540493954,0.7499649224907238,0.12988268224399518,0.2818956362393874,1.8301332671555315e-16,-1.249000902703301e-16,0,0
958,0.6761453399498438,0.7561514888813794,0.1324260384576444,0.28313292433855003,1.214306433183765e-17,5.204170427930421e-17,0,0
959,0.6951541478456016,0.7623405894530231,0.1349546181485579,0.2844202777797636,-4.9439619065339e-17,2.2898349882893854e-16,0,0
960,0.7141682964261473,0.7685271531436437,0.13747181427673238,0.2857539937841222,1.0408340855860843e-17,-6.938893903907228e-17,0,0
961,0.7331843458690905,0.7747136785403691,0.139979056504913,0.2871327929893157,7.025630077706069e-17,-2.0122792321330962e-16,0,0
962,0.7522002155914062,0.7809003491699235,0.14247792821824543,0.28855466254415335,6.331740687315346e-17,-2.42861286636753e-17,0,0
963,0.7712143828474425,0.7870874175910263,0.1449700013662111,0.2900175874128775,4.0766001685454967e-17,-1.5612511283791264e-16,0,0
964,0.7902295470239148,0.7932728282441481,0.1474573786714592,0.29151883097292475,1.734723475976807e-17,-1.6306400674181987e-16,0,0
965,0.8133944573139101,0.8190221330677218,0.15025369135179142,0.2986544167616429,-1.4224732503009818e-16,6.201636426617085e-17,0,0
966,0.8324105104081279,0.825209238293737,0.1527658581784751,0.30024656362960817,2.3765711620882257e-16,1.4224732503009818e-16,0,0
967,0.8514267180663091,0.8313967002855172,0.15527667574191817,0.3018690823607688,-1.7520707107365752e-16,-4.128641872824801e-16,0,0
968,0.8704431615833069,0.8375841980485086,0.1577874793397687,0.30351993060258603,1.8908485888147197e-16,-1.9081958235744878e-16,0,0
969,0.889460264560468,0.8437717991981054,0.16029969330179714,0.305197109872563,-1.951563910473908e-16,3.122502256758253e-16,0,0
970,0.9086080223569877,0.8500289146079409,0.16283230647794508,0.30691714279910787,-5.724587470723463e-17,2.3592239273284576e-16,0,0
971,0.928241337801702,0.8562114288937527,0.16543451895267636,0.3086362257950468,-3.469446951953614e-17,2.42861286636753e-16,0,0
972,0.9650770123318505,0.8824238855734421,0.17031040075825254,0.31615564943722096,-1.6132928326584306e-16,-5.551115123125783e-17,0,0
973,0.9485879653683793,0.8692077030321319,0.1681216668123083,0.31235412293866915,-2.3071822230491534e-16,2.914335439641036e-16,0,0
974,1.0,0.8999999999997367,0.17500000000000002,0.3212197222688167,0.035400941328354404,-4.163336342344337e-17,2,0
975,0.9835368399745886,0.8900000000424553,0.17278545333696962,0.3183297782648267,6.765421556309548e-17,-1.1622647289044608e-16,0,0
976,0.3257959534184115,0.6057003891521445,0.08277527787921354,0.26198842740385736,-5.811323644522304e-17,-2.185751579730777e-16,0,0
977,0.3447940095149578,0.6118817324014488,0.08607221370187335,0.26191002749200015,-8.326672684688674e-17,1.0061396160665481e-16,0,0
978,0.3637873670765506,0.6180593589197373,0.08926769295296426,0.261910057959612,3.2959746043559335e-17,-1.5959455978986625e-16,0,0
979,0.3067896846622276,0.5995159328828545,0.07936627512609488,0.2621435022916698,1.231653667943533e-16,2.463307335887066e-16,0,0
980,0.2877832578220867,0.5933310533188494,0.07583600803920235,0.2623721384453521,-1.43982048506075e-16,-2.0122792321330962e-16,0,0
981,0.2687767927871035,0.5871467800613279,0.07217323868204632,0.2626700462713087,9.367506770274758e-17,-2.3245294578089215e-16,0,0
982,0.2497701186974399,0.5809615223696014,0.06836638271863643,0.26303069612042596,1.3270634591222574e-16,3.642919299551295e-16,0,0
983,0.2307624356703917,0.5747767109807351,0.06440304693632617,0.2634466246337791,-5.204170427930421e-17,-6.938893903907228e-18,0,0
984,0.2117524390797383,0.5685912633591023,0.06027065696333563,0.2639079900986909,-9.194034422677078e-17,-2.740863092043355e-16,0,0
985,0.1927411381161354,0.5624037267314221,0.05595702299126032,0.26440252727573865,3.642919299551295e-17,1.214306433183765e-16,0,0
986,0.382782943766766,0.6242475276099412,0.09237124764555911,0.261992691595954,5.2909066017292616e-17,1.9081958235744878e-16,0,0
987,0.4017837449484994,0.6304280362498408,0.09539337044393101,0.26215397664084594,-5.984795992119984e-17,5.551115123125783e-17,0,0
988,0.4207885090540243,0.636617069058607,0.09834041609090796,0.26239788328559016,-1.9949319973733282e-17,7.28583859910259e-17,0,0
989,0.0,0.4800000000009889,0.0,0.26506306763261617,-0.03650509846678689,-2.5500435096859064e-16,1,0
990,0.4397963409061336,0.6427951903678397,0.10122090489026074,0.26271914881191427,-4.423544863740858e-17,2.8796409701215e-16,0,0
991,0.4588004224049851,0.6489871715965883,0.10403864450639057,0.2631234867952591,-7.806255641895632e-17,1.0061396160665481e-16,0,0
992,0.4777977266729186,0.6551681478070286,0.1068010249623285,0.2636034499459449,1.4311468676808659e-16,1.1796119636642288e-16,0,0
993,0.5009511929606045,0.6809094893160849,0.1090725176252919,0.2690858025957804,-2.7755575615628914e-17,-4.9439619065339e-17,0,0
994,0.5199432317727466,0.6871006594776282,0.11178363624140689,0.2697915259121633,2.5153490401663703e-17,1.214306433183765e-16,0,0
995,0.538950584262555,0.6932845489396647,0.11445900604981905,0.27056306430652827,-1.214306433183765e-17,1.491862189340054e-16,0,0
996,0.5579545749230157,0.6994693942215024,0.11709928324099952,0.27140166342263156,1.3877787807814457e-16,2.0469737016526324e-16,0,0
997,0.5769590512378139,0.7056579080459084,0.11970868478656455,0.2723059726784583,-1.6393136847980827e-16,-5.898059818321144e-17,0,0
998,0.595964400014502,0.7118457699458358,0.12229092547906159,0.2732728197756739,9.540979117872439e-17,-1.1102230246251565e-16,0,0
999,0.6149714119136823,0.7180342758851344,0.12484922383143275,0.2743005142524315,2.0383000842727483e-16,-2.42861286636753e-17,0,0
1000,0.6339819603963828,0.7242203293876287,0.12738688543903134,0.2753860405692627,-3.2612801348363973e-16,-1.8041124150158794e-16,0,0
1001,0.8092447801807429,0.7994590467251947,0.14994149601532297,0.29305701009356183,1.491862189340054e-16,-1.97758476261356e-16,0,0
1002,0.1315611900719755,0.5242805809046562,0.04209747284371056,0.26355812747932655,-1.0408340855860843e-17,1.1796119636642288e-16,0,0
1003,0.1505703105217139,0.5304639803703232,0.047164431333952886,0.2628882235137055,1.3877787807814457e-17,2.0816681711721685e-17,0,0
1004,0.1125437040773635,0.5180877071676598,0.036781739941615425,0.26417810380232604,9.974659986866641e-17,-3.469446951953614e-18,0,0
1005,0.09428536391065662,0.5127394763510194,0.03139819386020856,0.26474844289625926,-8.760353553682876e-17,-2.740863092043355e-16,0,0
1006,0.1695824596073195,0.536655219395051,0.05199335686217497,0.2621972989488602,-8.933825901280557e-17,-2.0816681711721685e-16,0,0
1007,0.07941766590194738,0.5106413105525279,0.026681519316619055,0.26538450960460985,3.903127820947816e-17,2.7755575615628914e-17,0,0
1008,0.068810948723206,0.5003265486823371,0.023708481280798117,0.2649289755320301,6.765421556309548e-17,-1.1449174941446927e-16,0,0
1009,0.05196033464103826,0.4900000000097016,0.0184189443404808,0.2647205938213556,2.42861286636753e-17,-3.608224830031759e-16,0,0
1010,0.034152236918549,0.4800004911421802,0.012453534077209108,0.26452480587245186,5.724587470723463e-17,9.367506770274758e-17,0,0
1011,0.1885940713243507,0.542846355241736,0.05659561188380784,0.26150776428233785,7.806255641895632e-17,3.122502256758253e-17,0,0
1012,0.01723912810597649,0.4700005967846742,0.006476417652382901,0.2642130148469088,-1.474514954580286e-16,-2.7755575615628914e-17,0,0
1013,0.496798710000979,0.6613560862132437,0.10951432679298842,0.2641614919593907,-1.457167719820518e-16,-2.211772431870429e-16,0,0
1014,0.6529907869645695,0.7304053786579925,0.12990579980366,0.27652787635191994,2.706168622523819e-16,9.107298248878237e-17,0,0
1015,0.672000747997061,0.7365924289372872,0.13240882893485603,0.27772460173757035,9.8879238130678e-17,-1.3530843112619095e-16,0,0
1016,0.6910116234179308,0.7427800061314465,0.1348983381341465,0.2789736650892951,-1.1882855810441129e-16,-8.326672684688674e-17,0,0
1017,0.7100260095125318,0.748966267973151,0.137376945231667,0.28027234235573706,-1.214306433183765e-17,-2.498001805406602e-16,0,0
1018,0.7290386086355379,0.7551527174763036,0.1398459358653414,0.281619013036664,1.0148132334464322e-16,8.673617379884035e-17,0,0
1019,0.7480514858829258,0.7613403571000303,0.14230752390657891,0.28301173229937304,-2.8015784137025435e-16,-1.8388068845354155e-16,0,0
1020,0.7670652271134033,0.7675272335182537,0.14476367509386626,0.28444776386924386,8.847089727481716e-17,2.914335439641036e-16,0,0
1021,0.7860795575434345,0.7737139337066175,0.1472160895468051,0.2859251291683621,2.688821387764051e-17,1.3877787807814457e-17,0,0
1022,0.8050959433892653,0.7798943071382342,0.14966671681253413,0.2874398647562951,-8.847089727481716e-17,3.2612801348363973e-16,0,0
1023,0.8282609195835238,0.8056466645638318,0.15242401251835902,0.29463023921863607,7.632783294297951e-17,-2.2638141361497333e-16,0,0
1024,0.847277068359622,0.8118342443426025,0.15490630081476528,0.29623607013000064,1.0842021724855044e-16,1.4224732503009818e-16,0,0
1025,0.8662934376426134,0.818021678730483,0.15738976442704922,0.2978724432288612,-2.1076890233118206e-16,4.5102810375396984e-17,0,0
1026,0.8853100393555643,0.8242091056725568,0.1598756561274988,0.29953749167838584,1.734723475976807e-18,-2.3592239273284576e-16,0,0
1027,0.9043269359374904,0.8303967195658246,0.1623653205242897,0.301229514673519,4.683753385137379e-17,-2.1163626406917047e-16,0,0
1028,0.92224022155893,0.8362571752039504,0.1647158366080157,0.30285481942770404,6.071532165918825e-17,1.734723475976807e-18,0,0
1029,0.9493303811477768,0.8502569970911693,0.16826658895050842,0.3068425213949264,-1.48318857196017e-16,-1.3183898417423734e-16,0,0
1030,0.9655560240227651,0.8604040895492127,0.17040722424197285,0.30976174243383436,1.0755285551056204e-16,-1.2836953722228372e-16,0,0
1031,0.9826794939758151,0.8700000360258888,0.17268333891057033,0.3125311555883846,1.0408340855860843e-16,-6.765421556309548e-17,0,0
1032,1.0,0.8799999999996841,0.17500000000000002,0.315427017299897,0.035390085710546346,5.724587470723463e-17,2,0
1033,0.3216486858328139,0.5861484146939041,0.08362295022563786,0.2579890640037635,1.4137996329210978e-16,2.636779683484747e-16,0,0
1034,0.3406491606659937,0.5923284365941558,0.08690540014182647,0.2577796683122798,-8.066464163292153e-17,6.591949208711867e-17,0,0
1035,0.3596411266755991,0.5985010804044689,0.0900791667455296,0.2576553335715207,5.898059818321144e-17,-9.71445146547012e-17,0,0
1036,0.3786306494671473,0.6046886487491743,0.09315374399442469,0.25762210891996196,-3.729655473350135e-17,-1.1796119636642288e-16,0,0
1037,0.3026430266367966,0.5799638298627808,0.0802209418990191,0.2582820018510898,-1.6653345369377348e-16,-7.979727989493313e-17,0,0
1038,0.2836404392677269,0.5737826288693739,0.0766885182229795,0.2586563986873036,3.2959746043559335e-17,4.822531263215524e-16,0,0
1039,0.2646339403128249,0.5675974411554692,0.0730121364565931,0.25910663372048615,0.0,1.3530843112619095e-16,0,0
1040,0.2456225725587292,0.5614069625973026,0.06917825630664623,0.2596259242116425,-4.163336342344337e-17,-3.920475055707584e-16,0,0
1041,0.226613534568918,0.5552200255790676,0.06517396924893344,0.26020693987868343,-2.42861286636753e-17,2.463307335887066e-16,0,0
1042,0.2076039501759575,0.5490339746187991,0.060984402139864696,0.26083884380970984,-7.19910242530375e-17,2.42861286636753e-16,0,0
1043,0.3976158829836558,0.6108799321713098,0.09613946815472839,0.25767779149311193,6.591949208711867e-17,-7.979727989493313e-17,0,0
1044,0.4166199934454443,0.6170624073050123,0.09905022192410975,0.25781731158261023,-9.020562075079397e-17,-1.2836953722228372e-16,0,0
1045,0.4356258235620527,0.6232471927978211,0.10188997663179125,0.25804385720090856,-8.673617379884035e-18,-4.5102810375396984e-17,0,0
1046,0.0,0.4600000000009417,0.0,0.2637490142950271,-0.0364708962267739,2.255140518769849e-16,1,0
1047,0.4546319491715681,0.6294317236910107,0.10466599641825945,0.2583556586806466,8.066464163292153e-17,-2.463307335887066e-16,0,0
1048,0.4736377808576258,0.6356178288349352,0.1073848579734549,0.25875161948942793,-4.423544863740858e-17,-1.6653345369377348e-16,0,0
1049,0.4926424083846506,0.6418084762726683,0.11005233747257061,0.25923080757201666,2.1597307275911248e-16,6.591949208711867e-17,0,0
1050,0.5157960847111551,0.6675466227973508,0.1121828182494713,0.2647952245145049,1.9081958235744878e-16,-4.336808689942018e-17,0,0
1051,0.5348040604959418,0.6737315091428331,0.11481397057891855,0.26549983924415677,-1.8735013540549517e-16,-3.5735303605122226e-16,0,0
1052,0.5538125011951928,0.679916264765761,0.11741015909462266,0.26627528569393544,1.43982048506075e-16,3.469446951953614e-17,0,0
1053,0.5728169134555147,0.6861005902121716,0.11997472519530518,0.2671195561687629,3.469446951953614e-18,1.249000902703301e-16,0,0
1054,0.5918226596643426,0.692289190132308,0.12251195604718107,0.26803150375489265,-4.336808689942018e-17,-7.979727989493313e-17,0,0
1055,0.6108260416022554,0.6984772475893211,0.12502490112363607,0.2690077452264864,-6.678685382510707e-17,2.42861286636753e-16,0,0
1056,0.6298338129705376,0.704664046057971,0.1275176693836856,0.2700455561453739,-2.6020852139652106e-17,2.393918396847994e-16,0,0
1057,0.6488441878974478,0.7108496975445036,0.12999282996315983,0.2711427946102462,1.5959455978986625e-16,-2.3592239273284576e-16,0,0
1058,0.8241107727247242,0.78608318084521,0.15211643343503883,0.28899421750996024,-1.249000902703301e-16,2.0036056147532122e-16,0,0
1059,0.9372625632608885,0.8398568400836623,0.16669815386717043,0.303846177599785,1.1622647289044608e-16,2.896988204881268e-16,0,0
1060,0.1274334221577162,0.5047425501060429,0.042462383179255374,0.26138119065017823,1.3357370765021415e-16,1.2836953722228372e-16,0,0
1061,0.1464328721720336,0.510914892449374,0.047689316945719235,0.2605205170649592,-1.5612511283791264e-17,-2.220446049250313e-16,0,0
1062,0.1654367978125669,0.5170992809617424,0.052649217491373586,0.25963531507537263,5.204170427930421e-18,1.0408340855860843e-16,0,0
1063,0.1085212146245899,0.4986681938923948,0.036973849766613553,0.2621894704678245,-1.457167719820518e-16,-3.8510861166685117e-16,0,0
1064,0.0874319846532542,0.4938377905221218,0.03038386994445793,0.26317585051737513,1.3530843112619095e-16,1.3877787807814457e-17,0,0
1065,0.1844484247106447,0.5232902519950113,0.05735810373308536,0.25875163296609455,-9.71445146547012e-17,-1.0408340855860843e-17,0,0
1066,0.06838245623436504,0.4819179990069119,0.024587745263376915,0.26323000632421295,-4.683753385137379e-17,4.85722573273506e-17,0,0
1067,0.05054503997284482,0.4710952180076893,0.018766801665219265,0.2632291653544743,5.377642775528102e-17,5.204170427930421e-18,0,0
1068,0.03403222376018986,0.4579500016126375,0.01310315897647507,0.2629563543642723,-1.3877787807814457e-17,-1.960237527853792e-16,0,0
1069,0.2034570656381529,0.5294779097081694,0.061829833807449386,0.25789137853812216,1.3270634591222574e-16,1.491862189340054e-16,0,0
1070,0.01614956002276063,0.4496584989611059,0.006347120140828986,0.26302225331146717,9.194034422677078e-17,-1.5265566588595902e-16,0,0
1071,0.5116489851709163,0.6479934062700932,0.11267526331801532,0.25978825906487524,-1.5265566588595902e-16,-8.456776945386935e-17,0,0
1072,0.6678548089036342,0.7170355511284675,0.13245263244377725,0.2722976534548866,-7.979727989493313e-17,1.3747683547116196e-16,0,0
1073,0.6868659517571258,0.7232215617467075,0.1348995958686377,0.27350781184552553,-1.3704315460216776e-16,9.020562075079397e-17,0,0
1074,0.7058775434454216,0.7294076997971323,0.13733599902924343,0.27477101533741266,3.2699537522162814e-16,1.8388068845354155e-16,0,0
1075,0.7248898263338089,0.7355941212004952,0.13976401314842896,0.2760850326875066,-2.5153490401663703e-16,-2.7755575615628914e-16,0,0
1076,0.743902643955853,0.7417809950473622,0.14218562432101128,0.2774476582525894,4.683753385137379e-17,3.0531133177191805e-16,0,0
1077,0.7629160927458514,0.7479675663156982,0.1446027643458273,0.278856433377273,-5.551115123125783e-17,-1.7694179454963432e-16,0,0
1078,0.7819300903265474,0.7541540243280321,0.14701721142884838,0.2803091971921547,1.5872719805187785e-16,1.0408340855860843e-17,0,0
1079,0.8009466327178605,0.7603332409452955,0.14943106667114753,0.28180162745516163,-1.43982048506075e-16,-3.0184188481996443e-16,0,0
1080,0.8199615448734022,0.766520951625382,0.15184511758109456,0.2833361977431189,2.688821387764051e-17,-1.0755285551056204e-16,0,0
1081,0.8431270365717026,0.7922714055755664,0.1545672900015752,0.2905834053195644,-1.491862189340054e-16,1.3877787807814457e-16,0,0
1082,0.8621436574615364,0.7984590441531751,0.15702060667951037,0.2922053835931733,-6.938893903907228e-18,9.367506770274758e-17,0,0
1083,0.8811602895402803,0.8046465797242425,0.15947772511332256,0.2938582776177623,1.8388068845354155e-16,-6.938893903907228e-18,0,0
1084,0.900177174100362,0.8108342880653443,0.16193990515888215,0.29554054903119187,-2.6020852139652106e-16,-4.5102810375396984e-17,0,0
1085,0.9191942350423896,0.8170219174084089,0.16440880314036535,0.2972498635359043,2.983724378680108e-16,-1.5265566588595902e-16,0,0
1086,0.9357485913682624,0.8235944321051887,0.16655963634055676,0.29910216104916737,-9.194034422677078e-17,-3.191891195797325e-16,0,0
1087,0.9506329972560505,0.8320985700064011,0.16849376561183882,0.3015395286346649,1.3183898417423734e-16,-1.196959198423997e-16,0,0
1088,0.965778742893158,0.8407393096324844,0.17047301411190277,0.3040309233551582,2.3765711620882257e-16,-1.8735013540549517e-16,0,0
1089,0.9827123339264615,0.8500674291397476,0.17270478325484293,0.3067307672337935,-1.249000902703301e-16,1.5612511283791264e-17,0,0
1090,1.0,0.8599999999996314,0.17500000000000002,0.3096169330238628,0.03538837360624775,2.6020852139652106e-17,2,0
1091,0.3175029992312272,0.5665979232241509,0.08460866004632826,0.25403163605419815,-5.4643789493269423e-17,-1.0061396160665481e-16,0,0
1092,0.3365078535235924,0.5727820666353205,0.08787383776154864,0.25368290304005187,8.239936510889834e-17,1.700029006457271e-16,0,0
1093,0.3555110428624504,0.5789652046449586,0.09102346440008113,0.25342868717713785,-5.377642775528102e-17,2.42861286636753e-17,0,0
1094,0.3744958875780239,0.5851307269130442,0.09406758838616057,0.2532672191300261,-1.734723475976807e-17,2.1510571102112408e-16,0,0
1095,0.3934778015159318,0.5913245117526988,0.09701569193171079,0.2532080710686629,-1.1188966420050406e-16,1.214306433183765e-16,0,0
1096,0.2985155178974904,0.5604148744481133,0.08121934138431562,0.2544715225073555,6.591949208711867e-17,-5.204170427930421e-17,0,0
1097,0.2795170769974178,0.5542403057784844,0.07768579111254613,0.2550036270254147,3.9898639947466563e-17,-2.0122792321330962e-16,0,0
1098,0.2605046327785069,0.5480484852011787,0.07399514136415461,0.2556183469019256,-2.0036056147532122e-16,-7.28583859910259e-17,0,0
1099,0.2414755253511439,0.5418492181483393,0.07013038747253961,0.2563106843793348,2.1337098754514727e-16,2.914335439641036e-16,0,0
1100,0.2224659583705796,0.5356641232350368,0.0660817204677768,0.2570727993391978,-9.020562075079397e-17,-4.996003610813204e-16,0,0
1101,0.4124717747042902,0.5975156474516605,0.09988299791470948,0.2532421411639269,1.5785983631388945e-16,3.3306690738754696e-16,0,0
1102,0.4314775573022257,0.6037003040586321,0.10267844252396055,0.2533672869900584,-1.1535911115245767e-16,-2.393918396847994e-16,0,0
1103,0.4504835162602462,0.6098850090853725,0.1054074702356661,0.2535843980714054,3.642919299551295e-17,-1.3877787807814457e-17,0,0
1104,0.0,0.4400000000008816,0.0,0.26270615887360876,-0.03662230538019779,-3.469446951953614e-17,1,0
1105,0.4694895357831493,0.616070139006795,0.10807736516573524,0.25389163060190284,-1.214306433183765e-17,1.5265566588595902e-16,0,0
1106,0.4884953690483109,0.6222559155296565,0.11069478068814391,0.2542868596894182,-3.469446951953614e-18,3.469446951953614e-17,0,0
1107,0.5075018458477573,0.6284408402644139,0.11326602512209533,0.254767261553891,4.2500725161431774e-17,9.367506770274758e-17,0,0
1108,0.5306560188695938,0.6541780877420731,0.11525814451181667,0.2604233857829741,7.632783294297951e-17,3.972516759986888e-16,0,0
1109,0.5496635800991954,0.6603621337229171,0.1178056683368067,0.2611337285955664,-7.546047120499111e-17,-2.8449465006019636e-16,0,0
1110,0.5686690216939868,0.6665466481276852,0.1203216328586636,0.26191735077782885,1.9255430583342559e-16,-6.938893903907228e-17,0,0
1111,0.5876741963788074,0.6727339476201795,0.12281011649520009,0.26277239592950735,-2.6020852139652106e-18,-1.8041124150158794e-16,0,0
1112,0.6066778482067238,0.6789220181048121,0.12527463601898606,0.26369590292654116,-1.8388068845354155e-16,-1.8388068845354155e-16,0,0
1113,0.6256861168437444,0.6851081854098654,0.12771946239058649,0.2646844497979523,2.0469737016526324e-16,7.979727989493313e-17,0,0
1114,0.6446959005959956,0.6912936831477505,0.1301470782048094,0.26573606707817643,-3.469446951953614e-18,-1.5959455978986625e-16,0,0
1115,0.6637062664857509,0.6974789998454218,0.1325600881535844,0.26684849964513213,-2.7929047963226594e-16,3.3306690738754696e-16,0,0
1116,0.838977273901337,0.7727091628841023,0.1542613855422601,0.28490837776062045,3.469446951953614e-18,1.9992688060632702e-16,0,0
1117,0.1232965906203719,0.4851925328197998,0.04292001734152192,0.25941654637965966,-2.3158558404290375e-16,-1.5265566588595902e-16,0,0
1118,0.1422947728811932,0.4913609110288597,0.04832567354412887,0.25834306071507424,1.5785983631388945e-16,3.677613769070831e-16,0,0
1119,0.1612999002510533,0.4975473514936871,0.053432731827708156,0.257242790559675,-7.45931094670027e-17,-1.457167719820518e-16,0,0
1120,0.180302300662576,0.5037358593254521,0.05825700812653802,0.2561451522017565,5.117434254131581e-17,-1.97758476261356e-16,0,0
1121,0.104247653107413,0.4789673082894951,0.037192560012285554,0.2604211425430005,1.4051260155412137e-16,3.400058012914542e-16,0,0
1122,0.1993103868732188,0.5099226703326881,0.06282002913980918,0.25507394602601813,-7.112366251504909e-17,-3.400058012914542e-16,0,0
1123,0.08523435503942164,0.4727796787473049,0.031121505079290283,0.2613467912560058,-8.500145032286355e-17,-8.326672684688674e-17,0,0
1124,0.06631207437642526,0.4634687580723172,0.024972122315841824,0.26184846683331703,2.5153490401663703e-17,-3.8163916471489756e-17,0,0
1125,0.04965706728589583,0.4551747502388809,0.01920556040857283,0.2621811056107886,4.2500725161431774e-17,2.1163626406917047e-16,0,0
1126,0.02875544890351159,0.4400961875692074,0.011622882732719329,0.2621833328009571,9.540979117872439e-18,2.185751579730777e-16,0,0
1127,0.2183184992960032,0.5161088916188684,0.06713943726273616,0.25405054114832293,2.0469737016526324e-16,3.122502256758253e-16,0,0
1128,0.0173205080757259,0.4300000000008601,0.007235383425369029,0.2621322385064378,-5.898059818321144e-17,-2.220446049250313e-16,0,0
1129,0.5265082656430332,0.6346254979484978,0.11579643368351535,0.25533052962156605,-4.163336342344337e-17,-3.881443777498106e-16,0,0
1130,0.6827172979909774,0.7036643708661068,0.1349610510851886,0.26801939178922124,-4.85722573273506e-17,2.0643209364124004e-16,0,0
1131,0.70172755547971,0.7098503508275322,0.1373521363622489,0.26924654183018704,1.3270634591222574e-16,9.020562075079397e-17,0,0
1132,0.7207390589720337,0.7160374693040814,0.13973582053572664,0.2705276840516965,-5.377642775528102e-17,2.42861286636753e-16,0,0
1133,0.7397530551707173,0.7222233225489723,0.14211440704092682,0.27185973720626855,-9.367506770274758e-17,-6.938893903907228e-17,0,0
1134,0.7587668426224738,0.7284083719450184,0.14448946010763752,0.27324057814040925,1.214306433183765e-17,-1.3530843112619095e-16,0,0
1135,0.7777803717450819,0.7345940805880222,0.1468627770429603,0.27466832950782744,-1.196959198423997e-16,-1.0408340855860843e-17,0,0
1136,0.7967965212587101,0.7407740799321885,0.14923661002986296,0.27613881624547126,2.0122792321330962e-16,2.706168622523819e-16,0,0
1137,0.8158118839228179,0.7469605548037537,0.15161193404639892,0.2776534036544334,1.1622647289044608e-16,1.0408340855860843e-17,0,0
1138,0.8348279368266607,0.7531462216383283,0.1539906708078723,0.27920770714902876,-3.0704605524789486e-16,-3.9898639947466563e-16,0,0
1139,0.857993712499591,0.7788959499601835,0.15668132768383555,0.28651551943799497,-3.469446951953614e-17,-1.0668549377257364e-16,0,0
1140,0.8770104335423952,0.7850837610707307,0.15910630636477266,0.2881562315132647,2.0643209364124004e-16,1.7694179454963432e-16,0,0
1141,0.8960272951943975,0.7912713329923406,0.1615376397887973,0.28982813843611516,-1.4311468676808659e-16,-6.591949208711867e-17,0,0
1142,0.9150444297793913,0.7974588479606113,0.163976242002764,0.2915298154476065,1.0408340855860843e-16,1.1449174941446927e-16,0,0
1143,0.9336566617248329,0.8036788091305764,0.1663713322852837,0.29326740265757706,-1.2836953722228372e-16,2.393918396847994e-16,0,0
1144,0.9500431220994037,0.8123342241154095,0.16847804476385292,0.29574934065815894,-1.2836953722228372e-16,3.122502256758253e-17,0,0
1145,0.9663097149694941,0.820900973769029,0.17058552120382126,0.29822228736107154,6.245004513516506e-17,2.0816681711721685e-16,0,0
1146,0.9827621579464587,0.8301471100916651,0.17273128610041977,0.300909901780385,-2.8102520310824275e-16,2.3592239273284576e-16,0,0
1147,1.0,0.8399999999995788,0.17500000000000002,0.3037844366288915,0.035381132484396574,-2.2551405187698492e-17,2,0
1148,0.3323657822622717,0.55323473382102,0.0889880331170378,0.24961709502817142,-6.678685382510707e-17,-1.3877787807814457e-16,0,0
1149,0.31338140275205,0.5470476962718525,0.08574874697175655,0.2501130358929898,1.0755285551056204e-16,1.6306400674181987e-16,0,0
1150,0.3513663931566611,0.559415319390661,0.09210814954424389,0.24922204719937918,1.6479873021779667e-17,-6.938893903907228e-17,0,0
1151,0.3703668539099725,0.5655979512966067,0.09511770930682652,0.24893207127923997,5.204170427930421e-17,1.734723475976807e-17,0,0
1152,0.3893516319341527,0.5717702081003556,0.09802684870287008,0.24874504746427178,-1.3877787807814457e-17,-1.3530843112619095e-16,0,0
1153,0.4083379430239275,0.5779580857211308,0.1008472427637403,0.24866466701751144,2.949029909160572e-17,-2.0469737016526324e-16,0,0
1154,0.2944035715642443,0.5408658777808418,0.08237323264358759,0.2507116557889019,-1.0668549377257364e-16,-1.4224732503009818e-16,0,0
1155,0.2754164569026066,0.5346961485942923,0.07884197429396782,0.25141302484001504,1.9949319973733282e-17,-2.185751579730777e-16,0,0
1156,0.2563492058061937,0.5284855536139887,0.07512780778668036,0.25220884873393956,8.413408858487514e-17,-1.0755285551056204e-16,0,0
1157,0.2373320374714019,0.5222947786073903,0.07123609098930857,0.2530905523836974,-1.726049858596923e-16,-8.673617379884035e-17,0,0
1158,0.4273328818106854,0.5841486748163871,0.10359105895301692,0.2486856284229558,1.205632815803881e-16,7.979727989493313e-17,0,0
1159,0.4463360012887717,0.5903344605453236,0.10626758860938602,0.24880401222309234,6.071532165918825e-17,-4.85722573273506e-17,0,0
1160,0.04411417103895604,0.4413988416672508,0.017729085325385103,0.2616189585230262,-3.2959746043559335e-17,-2.1163626406917047e-16,0,0
1161,0.4653415223114996,0.5965187299070503,0.10888351428549382,0.2490187015361593,-8.326672684688674e-17,-1.5265566588595902e-16,0,0
1162,0.0,0.4200000000008387,0.0,0.262016304082015,-0.03682850664376254,1.5785983631388945e-16,1,0
1163,0.4843460351772072,0.6027030438095247,0.111445377641165,0.24932772530627187,-4.163336342344337e-17,-1.1102230246251565e-16,0,0
1164,0.5033530004261795,0.6088885657336739,0.11396020250711728,0.2497283610501197,-2.5153490401663703e-17,3.8163916471489756e-17,0,0
1165,0.5223613737175565,0.6150738445408712,0.11643382982759556,0.2502173936454156,9.540979117872439e-17,3.5041414214731503e-16,0,0
1166,0.5455143143222706,0.640809916560145,0.11829095567657862,0.2559740763700735,3.469446951953614e-17,-1.3444106938820255e-17,0,0
1167,0.5645201372853582,0.6469933835815894,0.12075420894513562,0.2566950058865457,-1.2750217548429532e-16,2.498001805406602e-16,0,0
1168,0.5835264978605184,0.6531795437139425,0.12319023660909396,0.2574916308221993,-4.85722573273506e-17,3.7816971776294395e-16,0,0
1169,0.6025322373917583,0.659365695430158,0.12560279615922923,0.25836056175958594,4.683753385137379e-17,5.204170427930421e-17,0,0
1170,0.6215387405147108,0.6655527973813422,0.12799549162088913,0.25929934876882016,-1.0581813203458523e-16,-5.898059818321144e-17,0,0
1171,0.640547722029794,0.6717382015017543,0.13037181613855073,0.2603045139470963,3.157196726277789e-16,2.1163626406917047e-16,0,0
1172,0.6595575627794577,0.6779232687804472,0.13273435542873777,0.26137390077523814,-3.634245682171411e-16,-2.5673907444456745e-16,0,0
1173,0.6785684547732315,0.6841077090148118,0.13508579591113207,0.2625048412132697,2.480654570646834e-16,-3.2959746043559335e-16,0,0
1174,0.8538440456527604,0.7593338275156309,0.15637419167077055,0.28080034409234667,2.255140518769849e-16,8.413408858487514e-17,0,0
1175,0.1191395384156873,0.4656133071457115,0.04346813251005804,0.25767909129518257,5.0306980803327406e-17,3.5735303605122226e-16,0,0
1176,0.1381418912537605,0.4718060328988718,0.04907578434306148,0.2563737299963789,-9.020562075079397e-17,-1.6306400674181987e-16,0,0
1177,0.157152960218723,0.4779946122205077,0.05435019097707684,0.2550343684504016,9.540979117872439e-17,2.7755575615628914e-16,0,0
1178,0.1761598218266357,0.4841817011511405,0.0593071601230542,0.25369850674639005,-4.2500725161431774e-17,1.9081958235744878e-16,0,0
1179,0.1951662058859963,0.4903681788304218,0.06397028693128187,0.25239462648051264,1.0408340855860843e-17,4.3368086899420177e-16,0,0
1180,0.1001058045547941,0.4594141724872203,0.03748445996278077,0.2589246842092259,-6.938893903907228e-17,3.469446951953614e-17,0,0
1181,0.2141835123228435,0.4965536832902262,0.06836578540626402,0.251144558283823,-1.0928757898653885e-16,-1.3877787807814457e-17,0,0
1182,0.08108739345128055,0.4532211310011378,0.031144065288329803,0.2600538845091222,-4.683753385137379e-17,2.8796409701215e-16,0,0
1183,0.06207334446048106,0.4470323766454465,0.024423365071883047,0.2609868704968302,-5.204170427930421e-18,-6.938893903907228e-18,0,0
1184,0.0360843343610106,0.4223089036105673,0.01536902695518371,0.26118685525823937,1.3877787807814457e-17,-2.1163626406917047e-16,0,0
1185,0.2332116984299824,0.5027428855444968,0.07251561781307284,0.24996723121089337,2.6020852139652106e-17,5.204170427930421e-17,0,0
1186,0.01756481828958059,0.4104256009755041,0.007783117603064699,0.26156580075350133,1.231653667943533e-16,-1.2836953722228372e-16,0,0
1187,0.5413669569715189,0.6212580489089887,0.11887100062852216,0.2507919081568599,-5.898059818321144e-17,1.9905951886833861e-16,0,0
1188,0.6975792430868969,0.6902927735659448,0.13742838469608565,0.26369518477025294,1.1102230246251565e-16,-1.6436504934880247e-16,0,0
1189,0.7165870184675184,0.6964805301119954,0.13976395440426048,0.2649431226186323,-2.0990154059319366e-16,1.3530843112619095e-16,0,0
1190,0.7355994980679346,0.7026675868413418,0.1420957727052485,0.2662449734451944,3.1051550219984847e-16,1.8388068845354155e-16,0,0
1191,0.754615480566144,0.7088522118972713,0.14442569100160937,0.26759786667662255,-1.0408340855860843e-16,-2.1510571102112408e-16,0,0
1192,0.773630347142612,0.7150351712768876,0.14675493777330875,0.26899975521009334,7.632783294297951e-17,4.85722573273506e-17,0,0
1193,0.7926430621053258,0.7212185694864821,0.1490851089558344,0.27044892427683626,-8.847089727481716e-17,-1.1449174941446927e-16,0,0
1194,0.8116604839143701,0.7274037485638392,0.15141874700748406,0.2719433352401966,-7.45931094670027e-17,1.5959455978986625e-16,0,0
1195,0.8306767590746548,0.7335873256619297,0.15375679924804023,0.2734797944649478,-3.2959746043559335e-17,3.5041414214731503e-16,0,0
1196,0.8496938396475804,0.7397728434089008,0.15610098856972743,0.2750570395334337,-1.43982048506075e-16,-5.551115123125783e-17,0,0
1197,0.872860545594726,0.7655210071152887,0.15876392909444462,0.2824285404727391,-6.245004513516506e-17,-1.5178830414797062e-16,0,0
1198,0.8918773266745113,0.7717085061223168,0.1611613173569196,0.2840903348536751,1.0408340855860843e-16,1.457167719820518e-16,0,0
1199,0.9108830767172673,0.7778968093973516,0.16356612479430682,0.28578374177290417,-1.1449174941446927e-16,-2.42861286636753e-17,0,0
1200,0.9298441315145489,0.7840887554822729,0.16597453593993663,0.2875077953924267,8.413408858487514e-17,1.734723475976807e-17,0,0
1201,0.94834746609236,0.7914411192216215,0.1683321316185629,0.2896004606002222,-2.0816681711721685e-17,6.938893903907228e-18,0,0
1202,0.9658694577639801,0.800426505175249,0.17057481403476502,0.2922004468817002,6.591949208711867e-17,-6.245004513516506e-17,0,0
1203,0.9827228803284097,0.8100754326825386,0.17274946911389702,0.29501636391885944,-6.938893903907228e-17,-2.237793284010081e-16,0,0
1204,1.0,0.8199999999995261,0.17500000000000002,0.2979258407055536,0.03537211829532266,-1.734723475976807e-18,2,0
1205,0.3472315991432654,0.5398670613064445,0.09334763426753,0.2450342101025275,4.163336342344337e-17,1.0408340855860843e-17,0,0
1206,0.3282525731573496,0.5336808737388197,0.0902666215377164,0.2455756429896625,1.3877787807814457e-17,-2.0816681711721685e-17,0,0
1207,0.3092717831949501,0.5275034948931748,0.0870527416515737,0.24623387563850843,-9.367506770274758e-17,-3.469446951953614e-18,0,0
1208,0.3662218923877427,0.5460492529816379,0.09631414225086757,0.24460551605898023,-6.591949208711867e-17,-2.42861286636753e-17,0,0
1209,0.385221565323316,0.552230953860034,0.09917836921888439,0.2442896592661803,1.1275702593849246e-16,3.122502256758253e-17,0,0
1210,0.4042085689162567,0.5584048396337746,0.10194881375624916,0.24408530598673844,-8.239936510889834e-17,-3.469446951953614e-17,0,0
1211,0.4231963044537855,0.5645927368279109,0.10463668145986935,0.24399435794022117,3.469446951953614e-18,9.020562075079397e-17,0,0
1212,0.2902997594423332,0.5213372705264039,0.08369204763772999,0.24700680571901812,-4.336808689942018e-17,5.204170427930421e-17,0,0
1213,0.271254077141797,0.5151391156803253,0.08015372797507254,0.24789205471533549,2.42861286636753e-17,2.220446049250313e-16,0,0
1214,0.2521979919494032,0.5089293900554219,0.07642985706687237,0.2488819893726798,2.0816681711721685e-17,-3.469446951953614e-18,0,0
1215,0.4421893940100687,0.5707838414242068,0.10725350251301005,0.24401111819513677,3.2959746043559335e-17,7.979727989493313e-17,0,0
1216,0.4611937548380324,0.5769680377010564,0.10980975255187767,0.24412961063378494,-1.1449174941446927e-16,1.5959455978986625e-16,0,0
1217,0.0574949826885898,0.4276529942629444,0.023917145832534414,0.26021772588146014,6.071532165918825e-18,7.632783294297951e-17,0,0
1218,0.4801971639625702,0.5831521719538539,0.1123105976562437,0.24434940574538197,2.949029909160572e-17,1.3877787807814457e-16,0,0
1219,0.0,0.4000000000007742,0.0,0.26168538200459046,-0.03689449324206095,-1.1622647289044608e-16,1,0
1220,0.4992046967442916,0.5893380618958891,0.1147637365886705,0.24466738530640766,6.938893903907228e-18,-4.163336342344337e-17,0,0
1221,0.5182163577096701,0.5955238092898816,0.11717563405560051,0.24507970772590146,-7.979727989493313e-17,-1.7694179454963432e-16,0,0
1222,0.5372202151057295,0.6017067286522931,0.11955037536615597,0.24558298905302567,1.2923689896027213e-16,-4.85722573273506e-17,0,0
1223,0.5603724010356121,0.6274420366606016,0.12127690972727345,0.25144893285937964,-1.0061396160665481e-16,-2.645453300864631e-16,0,0
1224,0.5793780517578895,0.6336267943104534,0.12365592679578345,0.25218573343427064,2.5153490401663703e-17,-1.5959455978986625e-16,0,0
1225,0.5983848472990851,0.6398118044737149,0.12601218656257557,0.2529991491179113,2.2638141361497333e-16,-6.245004513516506e-17,0,0
1226,0.6173913943100389,0.6459981392940749,0.12834903717257745,0.253886639256117,-2.0383000842727483e-16,-1.8041124150158794e-16,0,0
1227,0.6363996450719812,0.6521834078875269,0.13067015621036263,0.2548445414472657,2.42861286636753e-16,-2.185751579730777e-16,0,0
1228,0.6554086162357853,0.6583681084020602,0.13297836571767063,0.25587021567841284,-4.597017211338539e-17,1.0755285551056204e-16,0,0
1229,0.674418416556189,0.6645529107708847,0.13527639284358456,0.25696108181428806,7.632783294297951e-17,-1.4224732503009818e-16,0,0
1230,0.6934300505204141,0.6707363387298786,0.13756694771919525,0.25811396979781875,-9.540979117872439e-17,6.245004513516506e-17,0,0
1231,0.8687106334263774,0.7459585606245203,0.15845264863392472,0.27667231778567836,9.71445146547012e-17,-1.734723475976807e-18,0,0
1232,0.1149852195799423,0.4460633444415708,0.04411289670022572,0.2562048363891124,-5.898059818321144e-17,-2.671474153004283e-16,0,0
1233,0.1339978973242074,0.4522573120980663,0.04995994572290659,0.25463010436198835,1.734723475976807e-16,-3.8163916471489756e-17,0,0
1234,0.1530051110825724,0.4584459194844551,0.05541919188131169,0.2530251990919657,-3.903127820947816e-17,-2.0816681711721685e-16,0,0
1235,0.1720121286163279,0.4646290766035568,0.06052262597912888,0.2514246844806561,6.938893903907228e-17,-6.938893903907228e-17,0,0
1236,0.1910221671566101,0.4708151356784219,0.06529729592647363,0.249862329144878,-7.28583859910259e-17,-2.6020852139652106e-16,0,0
1237,0.2100461407425991,0.4770022009129993,0.0697739113499305,0.2483629127943473,-1.734723475976807e-18,-2.0816681711721685e-17,0,0
1238,0.09596991315762034,0.4398669544260051,0.037862130365311976,0.2576984905279404,-1.8214596497756474e-17,-3.191891195797325e-16,0,0
1239,0.2290997351128558,0.4831867401197233,0.07398374734579868,0.24694393997278408,7.025630077706069e-17,1.491862189340054e-16,0,0
1240,0.07695125089374577,0.4336684058661495,0.03119342483691861,0.2590523646395883,6.938893903907228e-18,-3.0184188481996443e-16,0,0
1241,0.05388785649382057,0.4079458110063766,0.023844958557782882,0.2596978182787699,-1.1362438767648086e-16,2.8102520310824275e-16,0,0
1242,0.03505152329763552,0.399886153547147,0.01600205090852921,0.26071851962760323,-1.214306433183765e-16,3.8510861166685117e-16,0,0
1243,0.2481157884509995,0.4893928408667221,0.07793219164291816,0.24563364938021265,4.336808689942018e-18,-2.42861286636753e-17,0,0
1244,0.01693254400311152,0.3903585486928374,0.008018211353505032,0.26140217253508,-6.245004513516506e-17,3.885780586188048e-16,0,0
1245,0.5562252547095237,0.6078906812689551,0.12189415429383335,0.24617431828670128,2.7755575615628914e-17,1.6523241108679088e-16,0,0
1246,0.7124368012668798,0.6769236791774282,0.13985128267521926,0.25932798331588086,-3.469446951953614e-18,-1.1709383462843448e-16,0,0
1247,0.7314480645538992,0.6831125168325306,0.14213290869423648,0.2605995379351319,1.6479873021779667e-16,-4.2327252813834093e-16,0,0
1248,0.7504632664311354,0.6892961400312309,0.1444139570869332,0.26192416568866,-1.222980050563649e-16,1.5959455978986625e-16,0,0
1249,0.7694796881273867,0.6954779856300062,0.1466958333554647,0.26330046674576485,2.0122792321330962e-16,2.8796409701215e-16,0,0
1250,0.7884956858764876,0.7016620692735279,0.14898000470685632,0.2647272525720586,-2.42861286636753e-16,-2.1163626406917047e-16,0,0
1251,0.8075089173021484,0.707846591141313,0.15126793814154232,0.2662016646312378,2.1337098754514727e-16,-1.1102230246251565e-16,0,0
1252,0.82652507360558,0.714031566496452,0.1535619918140719,0.2677212398217964,-4.85722573273506e-17,-2.7755575615628914e-16,0,0
1253,0.8455416559371662,0.7202175979761236,0.1558634215690717,0.26928384646103437,7.19910242530375e-17,-1.2836953722228372e-16,0,0
1254,0.8645582707070242,0.7263996704388772,0.158173725547916,0.2708856528514529,1.951563910473908e-16,-1.8735013540549517e-16,0,0
1255,0.8877273476423613,0.7521457463372874,0.1608130176573712,0.27832402499996306,3.8163916471489756e-17,1.3617579286417936e-16,0,0
1256,0.9067442131718002,0.7583330895132833,0.1631837485487463,0.28000939483202364,-1.1449174941446927e-16,-1.5265566588595902e-16,0,0
1257,0.9257290466539017,0.7646333834845138,0.16556129232839847,0.28175921999233744,-5.551115123125783e-17,1.734723475976807e-17,0,0
1258,0.9453812037290754,0.7715009023467765,0.16803381759976385,0.2837054029197076,-1.0234868508263162e-16,-2.0816681711721685e-17,0,0
1259,0.964508883461116,0.7801129579306842,0.17045186362886264,0.2861945758619528,1.960237527853792e-16,2.671474153004283e-16,0,0
1260,0.9826794919242662,0.7899999999994541,0.17276837743071738,0.28909082688062004,-6.245004513516506e-17,-3.469446951953614e-18,0,0
1261,1.0,0.7999999999994734,0.17500000000000002,0.29203696753983116,0.03536113515858978,-8.153200337090993e-17,2,0
1262,0.3620835169475397,0.5264994555259896,0.09767115481718257,0.2402847064764664,-7.45931094670027e-17,-9.020562075079397e-17,0,0
1263,0.3431127848967933,0.5203126877845595,0.09475627727388665,0.2408585570148166,7.806255641895632e-18,-6.591949208711867e-17,0,0
1264,0.3241307230742146,0.5141374702707386,0.0917134977091333,0.24156273686422397,1.3183898417423734e-16,-5.551115123125783e-17,0,0
1265,0.3051545724300852,0.5079703323650888,0.08853016855545982,0.2423948842992084,-1.0581813203458523e-16,-1.5265566588595902e-16,0,0
1266,0.381076046727779,0.5326845848867667,0.10048051508460039,0.23983307745940743,6.505213034913027e-17,2.42861286636753e-17,0,0
1267,0.4000756703846277,0.538865175081111,0.10319485634586456,0.2395021258994133,-2.949029909160572e-17,-3.122502256758253e-17,0,0
1268,0.41906383256847,0.5450393406969847,0.10582278351569764,0.23929033832389493,1.3877787807814457e-17,-1.1102230246251565e-16,0,0
1269,0.4380531922691464,0.5512299240976506,0.10837504265329088,0.23919887439614704,9.540979117872439e-18,1.1102230246251565e-16,0,0
1270,0.286148937349574,0.5017900023696344,0.08518340058426643,0.24335391675022425,1.2750217548429532e-16,1.6306400674181987e-16,0,0
1271,0.2671073997685077,0.4955943679688046,0.0816517272671447,0.2444379371700081,-1.0581813203458523e-16,-2.0816681711721685e-17,0,0
1272,0.4570468014096947,0.557418280849444,0.11086342348069862,0.2392191801331075,-7.979727989493313e-17,-4.5102810375396984e-17,0,0
1273,0.4760504067417126,0.5636019354304915,0.11329740562179907,0.2393462652232713,4.2500725161431774e-17,-7.979727989493313e-17,0,0
1274,0.0728354614639834,0.414134222126641,0.031315135631179054,0.2583750822466207,-2.6020852139652106e-18,3.712308238590367e-16,0,0
1275,0.4950542436503942,0.5697873439073052,0.11568239528212435,0.23957891074988605,5.4643789493269423e-17,1.0755285551056204e-16,0,0
1276,0.0,0.3800000000007314,0.0,0.2617704380362395,-0.03703754596321873,5.377642775528102e-17,1,0
1277,0.5140613795397282,0.5759734366810957,0.11802572449088684,0.23991269604794332,3.9898639947466563e-17,-1.0755285551056204e-16,0,0
1278,0.5330711060001495,0.5821571683191666,0.12033355754479097,0.24034291845916997,-9.194034422677078e-17,-6.938893903907228e-18,0,0
1279,0.552078190746913,0.5883384731468089,0.12261051072024524,0.24086613147308367,-4.85722573273506e-17,-3.469446951953614e-18,0,0
1280,0.5752309045859183,0.6140748761095226,0.12421156890051152,0.24685015494213575,-1.3877787807814457e-17,-4.7704895589362195e-17,0,0
1281,0.5942370739388064,0.6202595467924117,0.12650676039728223,0.247607268804897,-7.546047120499111e-17,-1.734723475976807e-17,0,0
1282,0.6132439593876879,0.62644432504495,0.12878353504139528,0.24844232617098086,2.7755575615628914e-17,6.245004513516506e-17,0,0
1283,0.6322516335269948,0.6326292057068523,0.1310453086612742,0.24935217939042645,6.331740687315346e-17,1.8735013540549517e-16,0,0
1284,0.6512599844238054,0.6388140220296702,0.13329517057119974,0.25033371313389335,-2.1597307275911248e-16,2.8102520310824275e-16,0,0
1285,0.670269361146377,0.6449989316359775,0.13553598087124114,0.25138398137862683,-1.222980050563649e-16,2.0122792321330962e-16,0,0
1286,0.6892789580001728,0.6511835862313037,0.13777023496471635,0.25250001404063793,1.1102230246251565e-16,2.8102520310824275e-16,0,0
1287,0.7082897554303216,0.6573694619554743,0.14000038117595062,0.25367938147951286,-1.3010426069826053e-16,-1.2836953722228372e-16,0,0
1288,0.8835767549293259,0.7325840550213859,0.16049441521640112,0.27252615322712753,-1.3530843112619095e-16,-1.3444106938820255e-16,0,0
1289,0.1108456913189854,0.4265108271313616,0.044894799784444606,0.255003196355124,-6.071532165918825e-18,3.122502256758253e-17,0,0
1290,0.1298521234983022,0.4327056113850246,0.05099377382136792,0.25313488111476384,-6.071532165918825e-17,-1.491862189340054e-16,0,0
1291,0.1488586660655851,0.4388917990659014,0.05666165146502993,0.2512295012489703,4.336808689942018e-17,1.3183898417423734e-16,0,0
1292,0.1678658623219557,0.4450772264561076,0.06192595244633749,0.24933466235457552,-7.632783294297951e-17,0.0,0,0
1293,0.1868723114486849,0.4512625938256739,0.06682028212410111,0.24748628018937083,2.7755575615628914e-17,1.1449174941446927e-16,0,0
1294,0.2058774777492271,0.4574474628679755,0.07137739938847709,0.2457139468188002,-1.5612511283791264e-17,-2.42861286636753e-17,0,0
1295,0.2249271375086928,0.4636467294614852,0.07563953584205851,0.2440362764348759,1.8214596497756474e-17,-1.8735013540549517e-16,0,0
1296,0.09183609282303276,0.4203185471990349,0.03833733948553743,0.2567767692360542,2.949029909160572e-17,3.5041414214731503e-16,0,0
1297,0.2439898671714661,0.4698577012814709,0.07962816883261868,0.24247410952195056,7.37257477290143e-17,6.938893903907228e-18,0,0
1298,0.05008439695695744,0.3883245255768,0.02364625956154307,0.2596163781265056,6.678685382510707e-17,-2.1684043449710089e-16,0,0
1299,0.06868720771587639,0.3945942748766582,0.03147219363593994,0.25805874575725346,8.673617379884035e-17,-3.3306690738754696e-16,0,0
1300,0.03275207583977384,0.3798994023152116,0.016029097065082282,0.26076367411346557,-1.734723475976807e-17,-3.41740524767431e-16,0,0
1301,0.2630064581795132,0.4760485565001975,0.08336261576132423,0.2410421143529884,-1.9081958235744878e-17,-3.469446951953614e-18,0,0
1302,0.01647979930795699,0.3705651211486116,0.008377599082746804,0.2616576491010008,9.8879238130678e-17,-3.122502256758253e-16,0,0
1303,0.5710839870985196,0.5945219542239879,0.12486132611249533,0.24147972547911642,4.163336342344337e-17,-3.0357660829594124e-18,0,0
1304,0.7272995045246449,0.6635586261636504,0.142228260010155,0.2549200557152702,7.28583859910259e-17,2.5196858488563123e-16,0,0
1305,0.7463102506969032,0.6697433936889821,0.14445644418339726,0.2562170196345887,-1.682681771697503e-16,1.457167719820518e-16,0,0
1306,0.765326616574546,0.6759231452972532,0.14668739148319906,0.25756736155209514,5.377642775528102e-17,-2.8796409701215e-16,0,0
1307,0.7843463949278342,0.6821023812156791,0.1489224628193751,0.2589700058721418,-2.862293735361732e-17,2.949029909160572e-16,0,0
1308,0.8033604593238104,0.6882887900366115,0.15116203460517774,0.2604250182675028,-2.5153490401663703e-17,3.469446951953614e-17,0,0
1309,0.8223740052602262,0.6944740265107123,0.15340860339689952,0.26192736297976904,-8.326672684688674e-17,9.71445146547012e-17,0,0
1310,0.8413886201449159,0.7006601091247956,0.15566389606663683,0.2634752399316607,5.204170427930421e-18,1.9081958235744878e-16,0,0
1311,0.8604037064385528,0.7068440077322939,0.15792947183462686,0.2650653123831879,6.071532165918825e-17,3.2959746043559335e-16,0,0
1312,0.879423383511291,0.7130253727996066,0.16020725650910447,0.26669502411307067,-2.7929047963226594e-16,-4.85722573273506e-17,0,0
1313,0.9025942057447232,0.7387702017446341,0.16282601986226258,0.27420344272577546,1.214306433183765e-16,1.3010426069826053e-17,0,0
1314,0.9216113207529668,0.7449575431521019,0.1651705076158442,0.2759143748726233,-4.5102810375396984e-17,-2.0816681711721685e-17,0,0
1315,0.9405126219150075,0.7518161142969549,0.16751098400867281,0.2778576179122516,2.255140518769849e-16,-1.942890293094024e-16,0,0
1316,0.9623165367071221,0.7573353648602287,0.17024098979134736,0.27942132790046725,-1.7867651802561113e-16,-1.214306433183765e-16,0,0
1317,0.9827092441506624,0.7699484236874978,0.17280058080058786,0.28313826212133897,4.683753385137379e-17,1.2836953722228372e-16,0,0
1318,1.0,0.7799999999994207,0.17500000000000002,0.28611593733623564,0.035349094046655365,5.551115123125783e-17,2,0
1319,0.3769301010709566,0.5131374016518095,0.10194688961165081,0.23536957188931049,-2.7755575615628914e-17,-1.3530843112619095e-16,0,0
1320,0.3579576881236304,0.5069452524449439,0.09920276904954253,0.23596244565816715,9.540979117872439e-18,1.491862189340054e-16,0,0
1321,0.3389853233483228,0.5007618985857613,0.09634194369814632,0.23669472638933398,3.122502256758253e-17,2.393918396847994e-16,0,0
1322,0.3200085706044673,0.4946028898658097,0.09334490299704519,0.23757276521029394,-9.540979117872439e-17,1.1796119636642288e-16,0,0
1323,0.3010132626384716,0.4884273422484598,0.09019577983633056,0.23859013884293495,6.071532165918825e-17,7.28583859910259e-17,0,0
1324,0.395930678651332,0.5193200449689233,0.10459596125342878,0.23490535664575532,2.42861286636753e-17,3.469446951953614e-17,0,0
1325,0.4149246284668288,0.5254974717284775,0.10715603537504072,0.23457073888858432,1.734723475976807e-17,1.1796119636642288e-16,0,0
1326,0.43391645522872,0.5316808945840176,0.10963818355999799,0.23436412085091693,-9.80118763926896e-17,-1.5959455978986625e-16,0,0
1327,0.4529038811364308,0.5378687798251072,0.11205279984582965,0.23428079805962854,1.682681771697503e-16,-1.214306433183765e-16,0,0
1328,0.2820051029539979,0.4822400534994045,0.08687449384439813,0.2397477915960987,-3.469446951953614e-17,-7.979727989493313e-17,0,0
1329,0.4719036437162956,0.5440535708496812,0.1144123393973057,0.23431275576098418,1.734723475976807e-18,-1.1102230246251565e-16,0,0
1330,0.4909086270756289,0.5502377735270172,0.11672345426188681,0.23445686281727254,-1.6479873021779667e-16,-1.214306433183765e-16,0,0
1331,0.08769868234437192,0.4007765747819717,0.03891557622335256,0.2561838379290972,-3.8163916471489756e-17,-4.163336342344337e-16,0,0
1332,0.5099152435206833,0.5564224605474146,0.11899268522628742,0.23470923789129697,1.8995222061946038e-16,2.2898349882893854e-16,0,0
1333,0.0,0.3600000000006675,0.0,0.2623123455242674,-0.03719897028464857,-2.203098814490545e-16,1,0
1334,0.5289246559379417,0.5626071997934772,0.12122665608767617,0.2350652116425775,-1.2923689896027213e-16,-5.551115123125783e-17,0,0
1335,0.5479304280543138,0.5687881017799217,0.12343044348173503,0.23551978962239503,-9.540979117872439e-17,-4.85722573273506e-17,0,0
1336,0.5669355983357296,0.5749690725544607,0.12560923136991378,0.23606959518052842,2.3158558404290375e-16,7.632783294297951e-17,0,0
1337,0.5900895441036573,0.6007072098732502,0.12709055722963167,0.2421798320569858,0.0,6.852157730108388e-17,0,0
1338,0.6090960200778203,0.6068914849746265,0.12930246459680825,0.24296203847188882,1.8388068845354155e-16,-5.204170427930421e-17,0,0
1339,0.6281036932342106,0.6130753994074802,0.13150056030837218,0.2438230629249995,-1.4224732503009818e-16,-1.3530843112619095e-16,0,0
1340,0.6471118524299286,0.6192600421508899,0.13368787384635888,0.24475992373392752,-1.9081958235744878e-16,-7.28583859910259e-17,0,0
1341,0.6661204698191063,0.625444873275273,0.13586732464852075,0.24576924247747192,1.491862189340054e-16,-1.4224732503009818e-16,0,0
1342,0.6851299565217849,0.6316303001714867,0.13804158447926904,0.24684801026962014,1.1102230246251565e-16,-9.020562075079397e-17,0,0
1343,0.7041398474516831,0.6378176332748695,0.14021295445732565,0.24799362833842015,9.194034422677078e-17,-5.551115123125783e-17,0,0
1344,0.7231512281048215,0.6440030599599962,0.14238395056314052,0.2492020212729692,-2.2551405187698492e-17,-4.85722573273506e-17,0,0
1345,0.8984432906712857,0.719209141619463,0.16249802967838545,0.26836334471800416,2.3592239273284576e-16,1.3747683547116196e-16,0,0
1346,0.106704721581478,0.4069651144370202,0.04581864516245982,0.2541001672252612,1.9081958235744878e-17,4.163336342344337e-17,0,0
1347,0.125710600357211,0.4131534480117897,0.0522036984702902,0.2519022147992126,4.163336342344337e-17,1.5612511283791264e-16,0,0
1348,0.1447145496342766,0.4193390453070737,0.058098824079691545,0.24966371946150204,-4.423544863740858e-17,2.7755575615628914e-17,0,0
1349,0.1637197272463654,0.4255247509246686,0.06354012190866475,0.24743943135013785,-6.938893903907228e-18,6.245004513516506e-17,0,0
1350,0.1827255274342292,0.4317108600978558,0.0685650615353187,0.24527262226512625,-1.9081958235744878e-17,-4.85722573273506e-17,0,0
1351,0.201730650467807,0.4378961544935772,0.07321301212105001,0.24319576967912995,2.2551405187698492e-17,-1.734723475976807e-17,0,0
1352,0.2207632967598136,0.4440945896940026,0.07752739701123725,0.24123223235505228,5.204170427930421e-18,1.457167719820518e-16,0,0
1353,0.2398289411347355,0.4503116636119168,0.08154386009774887,0.23940021108268036,1.9949319973733282e-17,9.020562075079397e-17,0,0
1354,0.258866055046715,0.4565124111119127,0.0852855074472886,0.2377153785306582,-5.811323644522304e-17,5.898059818321144e-17,0,0
1355,0.06453867048821751,0.3750419651302482,0.031660244418904235,0.2581549805254093,2.0816681711721685e-17,3.2959746043559335e-16,0,0
1356,0.04685472769610477,0.3685713554959656,0.023750805105988766,0.2599044959191235,-1.5005358067199381e-16,-4.544975507059235e-16,0,0
1357,0.08354950968356245,0.3812298299238241,0.03959735000455923,0.2559540288530536,1.474514954580286e-16,3.3306690738754696e-16,0,0
1358,0.03064409518633257,0.3605457274509066,0.016091052152622652,0.26122073880133423,6.158268339717665e-17,3.4867941867133823e-16,0,0
1359,0.2778669723542269,0.4626957828423746,0.08878301922915903,0.23618579854352711,-7.719519468096792e-17,-7.632783294297951e-17,0,0
1360,0.015670862355394,0.3506512611291772,0.00858559900144968,0.2623774627175574,-1.3183898417423734e-16,4.597017211338539e-16,0,0
1361,0.5859425451524329,0.5811509161760193,0.12776782893271074,0.2367106159179405,-9.367506770274758e-17,-1.1579279202145187e-16,0,0
1362,0.7421615903084575,0.650188932652386,0.14455621215804293,0.25047117550327297,-4.163336342344337e-17,7.025630077706069e-17,0,0
1363,0.7611777586888714,0.6563654505220438,0.1467327911901609,0.25179522906574286,3.2959746043559335e-17,-8.673617379884035e-17,0,0
1364,0.7801935927486691,0.6625454393065063,0.1489142632995408,0.2531755893013159,-1.2663481374630692e-16,4.163336342344337e-17,0,0
1365,0.799210983837476,0.6687284487175229,0.15110260288278454,0.25460956281255465,7.979727989493313e-17,-1.1796119636642288e-16,0,0
1366,0.8182254823099198,0.6749152235070615,0.15329887774812784,0.25609500518847855,-8.673617379884035e-18,1.700029006457271e-16,0,0
1367,0.8372402820909837,0.6811022354935845,0.15550511127075511,0.25762835479495855,2.7755575615628914e-17,-2.7755575615628914e-17,0,0
1368,0.8562554983477515,0.687289493237078,0.1577228251351963,0.25920725935593086,-6.245004513516506e-17,-1.491862189340054e-16,0,0
1369,0.8752683511544337,0.6934701780288998,0.15995341946998098,0.26082714512636707,7.979727989493313e-17,1.1796119636642288e-16,0,0
1370,0.8942867881555397,0.6996470228656635,0.16219922369312864,0.2624862613835017,-9.454242944073599e-17,9.367506770274758e-17,0,0
1371,0.9174612200160969,0.7253943643098595,0.16480185071292436,0.2700688384336544,-2.393918396847994e-16,-3.729655473350135e-17,0,0
1372,0.9355630051678354,0.731776101075849,0.1670056959480971,0.2718727405755651,2.6194324487249787e-16,-1.3183898417423734e-16,0,0
1373,0.9530773593856804,0.7374771044518722,0.16915771523939443,0.2735057761327517,-1.9212062496443139e-16,9.71445146547012e-17,0,0
1374,0.9827931470687574,0.7500482571126017,0.17283740314541035,0.27719140539942244,6.418476861114186e-17,-8.153200337090993e-17,0,0
1375,1.0,0.7599999999993681,0.17500000000000002,0.28015763088427115,0.03534702859737035,6.938893903907228e-17,2,0
1376,0.3917850208714187,0.4997740671723652,0.10616498582133434,0.2302876172819161,-4.683753385137379e-17,-6.938893903907228e-18,0,0
1377,0.3728086505377597,0.4935825476782935,0.103595189601839,0.2308872173379652,9.71445146547012e-17,1.6306400674181987e-16,0,0
1378,0.3538367054631925,0.4873955940569276,0.10092000959273247,0.2316343956551383,5.0306980803327406e-17,-4.163336342344337e-17,0,0
1379,0.3348647969230616,0.4812416919603918,0.09811853707496226,0.23254072792928157,-7.546047120499111e-17,-2.0469737016526324e-16,0,0
1380,0.3158679810570246,0.4750627685101587,0.09517534171585972,0.23359858435268246,-9.540979117872439e-18,-6.245004513516506e-17,0,0
1381,0.2968674307086849,0.4688803868461528,0.09207086495022343,0.23481348002688784,8.153200337090993e-17,1.457167719820518e-16,0,0
1382,0.4107831048678973,0.5059548096240547,0.10864827753777774,0.22982477829668538,-2.949029909160572e-17,-4.85722573273506e-17,0,0
1383,0.4297748518601963,0.5121307168010398,0.11105198383438777,0.22949833520182722,1.0061396160665481e-16,9.367506770274758e-17,0,0
1384,0.4487630559556527,0.5183198704838757,0.1133858096885241,0.2293074885943855,-7.45931094670027e-17,6.938893903907228e-17,0,0
1385,0.4677573336375251,0.5245042777244183,0.11566315660424185,0.22924105180497617,-6.418476861114186e-17,1.5959455978986625e-16,0,0
1386,0.4867613372637296,0.5306910184461061,0.11789244887639773,0.2292953996073075,1.3010426069826053e-17,1.4224732503009818e-16,0,0
1387,0.5057715852869467,0.5368735451852431,0.12008134797537025,0.22946390531440575,-6.245004513516506e-17,-2.393918396847994e-16,0,0
1388,0.1025584152135486,0.387416807368239,0.04689996433156003,0.25351968468525615,-1.0148132334464322e-16,-3.712308238590367e-16,0,0
1389,0.5247795588975078,0.5430570425667434,0.122234890231133,0.22974361689397613,7.979727989493313e-17,9.71445146547012e-17,0,0
1390,0.0,0.340000000000624,0.0,0.2633548551057869,-0.037563847655664104,2.931682674400804e-16,1,0
1391,0.5437831565732507,0.5492402095148989,0.1243589229720896,0.23012929767861887,-5.0306980803327406e-17,4.163336342344337e-17,0,0
1392,0.5627877247697279,0.5554185877041322,0.1264597991316407,0.23061447593832138,1.448494102440634e-16,-1.1449174941446927e-16,0,0
1393,0.581794248925628,0.5615942443890864,0.12854215623412546,0.23119512624658237,-2.0122792321330962e-16,3.469446951953614e-17,0,0
1394,0.6049485052266325,0.587337295745594,0.12990971940323173,0.23744015875911242,9.020562075079397e-17,3.0357660829594124e-17,0,0
1395,0.6239557614086743,0.5935215994957286,0.13203926102014443,0.2382523658481052,-7.45931094670027e-17,7.28583859910259e-17,0,0
1396,0.6429636738677948,0.5997058138451616,0.13415950061252407,0.23914421375051464,-6.505213034913027e-17,-1.3877787807814457e-16,0,0
1397,0.6619721803329025,0.6058905789571066,0.13627334235777364,0.24011240670058637,1.8561541192951836e-16,-1.734723475976807e-17,0,0
1398,0.680981556398949,0.6120758415573614,0.1383834903661315,0.24115357171667853,-6.938893903907228e-17,-1.3877787807814457e-16,0,0
1399,0.6999914601317405,0.6182614310576074,0.14049234316072304,0.24226445990908552,5.724587470723463e-17,6.245004513516506e-17,0,0
1400,0.7190021729480316,0.6244470808441247,0.14260218290026094,0.24344189628181867,-1.3183898417423734e-16,-2.0816681711721685e-17,0,0
1401,0.7380136800462069,0.630632672621768,0.14471505288327122,0.24468287512839978,1.1102230246251565e-16,1.3877787807814457e-17,0,0
1402,0.9132880888607635,0.7058148042792265,0.16445913574459436,0.26418036627747493,-1.4224732503009818e-16,1.8604909279851256e-16,0,0
1403,0.9698820442875578,0.7402012303413275,0.1712468712068395,0.27426159568684344,4.336808689942018e-17,-2.740863092043355e-16,0,0
1404,0.1215653661009966,0.3936025216627851,0.05360713263248069,0.25095276418456824,-3.729655473350135e-17,-2.220446049250313e-16,0,0
1405,0.1405701847961363,0.399787545443459,0.0597568113973655,0.24834098923041723,-3.642919299551295e-17,-8.673617379884035e-17,0,0
1406,0.1595747154854,0.4059725380990972,0.0653921256319861,0.24574922281664457,8.239936510889834e-17,4.85722573273506e-17,0,0
1407,0.1785791153432496,0.4121576315125512,0.07055865638483591,0.24322742048726903,-1.5612511283791264e-17,-8.673617379884035e-17,0,0
1408,0.1975844752705897,0.4183445598898932,0.07530248968453768,0.24081327988515022,6.245004513516506e-17,-1.4224732503009818e-16,0,0
1409,0.2165918491518413,0.4245311065301719,0.07966923535792582,0.23853401270701072,1.734723475976807e-18,-1.6306400674181987e-16,0,0
1410,0.2356386370839425,0.4307403856062993,0.0837071840588619,0.23640678517519717,-3.9898639947466563e-17,-1.457167719820518e-16,0,0
1411,0.2546855747389777,0.4369489869319916,0.08744871953583828,0.23444656944621928,-3.469446951953614e-18,-5.898059818321144e-17,0,0
1412,0.2737205850893303,0.4431517397997031,0.09092804584838987,0.23266264718317192,9.974659986866641e-17,7.632783294297951e-17,0,0
1413,0.0794037896910398,0.3616724151803388,0.040389820879212134,0.25612697825199326,-5.204170427930421e-17,-1.97758476261356e-16,0,0
1414,0.06039291423375624,0.3554830138658796,0.03189267151896986,0.25869220811478333,-1.726049858596923e-16,-2.255140518769849e-16,0,0
1415,0.0418746048014141,0.3491879015140046,0.022945657407964396,0.26081374994355355,1.222980050563649e-16,4.718447854656915e-16,0,0
1416,0.09841331252756048,0.3678619928911265,0.048155989740075573,0.2532895719502926,1.9168694409543718e-16,6.661338147750939e-16,0,0
1417,0.02911561650004557,0.3416513663528643,0.01655023630700025,0.2620727187275315,4.423544863740858e-17,-1.7694179454963432e-16,0,0
1418,0.2927202429870047,0.4493342617896046,0.0941753784585891,0.23105811328684925,-7.632783294297951e-17,-1.491862189340054e-16,0,0
1419,0.01818753239749364,0.3291579476770624,0.010917389741459312,0.26360100603406783,7.979727989493313e-17,-5.342948306008566e-16,0,0
1420,0.6008008560031605,0.5677806331730215,0.13060897669606955,0.23187096441118896,1.4224732503009818e-16,1.687018580387445e-16,0,0
1421,0.757026883902501,0.6368106784228054,0.146833199497349,0.24598224945050426,8.326672684688674e-17,-8.023096076392733e-17,0,0
1422,0.7760476179021518,0.6429811137643302,0.14895902858401242,0.24733710630565736,-8.673617379884035e-19,-2.0816681711721685e-17,0,0
1423,0.7950615148856579,0.6491680760451316,0.15109174328404396,0.24875255878549332,-2.862293735361732e-17,-7.28583859910259e-17,0,0
1424,0.8140759519912082,0.655354911564165,0.1532343374860944,0.2502207753832203,4.163336342344337e-17,-1.1796119636642288e-16,0,0
1425,0.8330907390154791,0.6615413492378504,0.1553883041855829,0.25173920352139667,1.0755285551056204e-16,-8.673617379884035e-17,0,0
1426,0.8521059676868383,0.6677279972524914,0.15755507288459583,0.2533056172750595,-8.500145032286355e-17,-2.0469737016526324e-16,0,0
1427,0.8711205876836613,0.6739139642480583,0.15973591373950555,0.2549174640343006,4.163336342344337e-17,-2.185751579730777e-16,0,0
1428,0.8901364781807195,0.6800942613009361,0.16193284891255955,0.256570424051375,7.546047120499111e-17,-1.5265566588595902e-16,0,0
1429,0.9091611365547452,0.6862683791658496,0.1641481670921228,0.2582619009126462,3.469446951953614e-17,-2.0469737016526324e-16,0,0
1430,0.9321758297778843,0.7120507740785396,0.16672013755965073,0.265932636604169,2.0469737016526324e-16,2.649790109554573e-16,0,0
1431,0.9498457950187311,0.7179859951077232,0.1688497127529017,0.26763553753865565,-2.3678975447083417e-16,1.6306400674181987e-16,0,0
1432,0.9677241417005704,0.7222492010343649,0.1710309880200832,0.26885692856342236,1.960237527853792e-16,2.914335439641036e-16,0,0
1433,1.0,0.7399999999993154,0.17500000000000002,0.2741636869964041,0.03532840090862832,-6.418476861114186e-17,2,0
1434,0.983331592849412,0.7303412535977768,0.17294051105324407,0.271262955004528,-1.97758476261356e-16,-9.540979117872439e-17,0,0
1435,0.4066394870277208,0.4864119325779568,0.11031040070222621,0.22504362470596737,-2.3418766925686896e-17,-2.42861286636753e-17,0,0
1436,0.3876548723923679,0.4802252259690595,0.1079169884118468,0.2256373655653326,4.9439619065339e-17,4.163336342344337e-17,0,0
1437,0.3686864970532342,0.4740319314736011,0.10543283227357185,0.22638254784990144,-5.811323644522304e-17,-1.6306400674181987e-16,0,0
1438,0.3497165283620836,0.4678780870230297,0.10283303443725987,0.22729892030637555,-9.540979117872439e-18,-1.0755285551056204e-16,0,0
1439,0.3307183079561068,0.4616963095460765,0.10010364962034805,0.22837883133640116,8.673617379884035e-18,2.0816681711721685e-17,0,0
1440,0.3117195559782426,0.4555162632577705,0.09722519634389422,0.22963094754368232,1.0061396160665481e-16,-8.673617379884035e-17,0,0
1441,0.4256362949473078,0.492592202787888,0.11262578807500767,0.22459555759795266,-6.245004513516506e-17,0.0,0,0
1442,0.4446328773238876,0.4987739351421787,0.11487205771236367,0.22429048821470418,6.938893903907228e-18,1.4224732503009818e-16,0,0
1443,0.4636331743973318,0.5049570484038838,0.11706053483727687,0.2241216780228033,5.724587470723463e-17,-7.979727989493313e-17,0,0
1444,0.4826318647163448,0.5111420369661435,0.1191996114926121,0.22408353774142908,2.168404344971009e-17,-1.5959455978986625e-16,0,0
1445,0.5016287067453251,0.517325893137248,0.12129773345355543,0.22416907656131332,7.719519468096792e-17,2.42861286636753e-17,0,0
1446,0.5206331630800564,0.5235084212908863,0.12336332333147722,0.22437159962672856,-5.0306980803327406e-17,-2.42861286636753e-17,0,0
1447,0.1174207047354085,0.3740502497268475,0.05522937668112042,0.2503057710578812,-7.979727989493313e-17,6.245004513516506e-17,0,0
1448,0.539636948949088,0.5296920426108654,0.1254012377242751,0.2246869277647037,-4.163336342344337e-17,-1.1102230246251565e-16,0,0
1449,0.0,0.3200000000005747,0.0,0.2649747561424285,-0.03752114818901652,-3.4867941867133823e-16,1,0
1450,0.5586392113250569,0.535870855533871,0.12741735354279787,0.22510800377855775,8.326672684688674e-17,2.7755575615628914e-17,0,0
1451,0.5776437054043897,0.5420490424525559,0.1294166030372787,0.2256307001131322,-2.688821387764051e-17,-3.8163916471489756e-17,0,0
1452,0.5966535212160664,0.5482260287600023,0.13140365813321783,0.22624979786920843,-1.240327285323417e-16,-2.0816681711721685e-16,0,0
1453,0.6198076891783769,0.5739663635138893,0.13266483449931907,0.2326344813273718,-6.938893903907228e-18,4.597017211338539e-17,0,0
1454,0.638815563769014,0.5801509197930256,0.134713180641353,0.2334814842355688,-1.734723475976807e-17,9.020562075079397e-17,0,0
1455,0.6578239243411232,0.5863360520977081,0.1367568114618495,0.23440873991306402,-2.2811613709095013e-16,-3.469446951953614e-18,0,0
1456,0.6768331249180625,0.5925207320305053,0.13879851059656728,0.2354123082953255,1.682681771697503e-16,1.97758476261356e-16,0,0
1457,0.6958429575450708,0.5987055130286456,0.14084064599071414,0.23648893157507656,-9.194034422677078e-17,-3.469446951953614e-17,0,0
1458,0.714853386016485,0.6048905133706598,0.1428854217672547,0.23763536922284323,3.2959746043559335e-17,3.122502256758253e-17,0,0
1459,0.7338644754165178,0.6110754822499285,0.14493489704356274,0.2388483869678061,4.7704895589362195e-17,-7.28583859910259e-17,0,0
1460,0.7528757318477766,0.6172552208296773,0.1469910643547244,0.24012340891297287,-1.4224732503009818e-16,1.2836953722228372e-16,0,0
1461,0.928197730390652,0.6923110734417905,0.166386291105041,0.25995046739994276,1.0408340855860843e-17,-2.229119666630197e-16,0,0
1462,0.1364259453946721,0.3802362831423847,0.061663697715758164,0.24727521057200652,-9.540979117872439e-18,-1.1102230246251565e-16,0,0
1463,0.1554299318042615,0.3864214364376238,0.06751285405600771,0.24427236297343957,-2.862293735361732e-17,-1.4224732503009818e-16,0,0
1464,0.1744331146085003,0.3926060449453764,0.07283185747886727,0.2413552060174251,1.0408340855860843e-17,-3.8163916471489756e-17,0,0
1465,0.193438229497987,0.3987920969401786,0.07767640580723086,0.2385664980637156,8.760353553682876e-17,1.0061396160665481e-16,0,0
1466,0.2124481328067492,0.4049783755820673,0.08210084041290508,0.2359360619121024,-1.1275702593849246e-16,1.3877787807814457e-16,0,0
1467,0.231476109592432,0.4111708534087856,0.08615708842904021,0.2334839063262384,-1.1275702593849246e-17,1.3530843112619095e-16,0,0
1468,0.2505413227967319,0.4173892173139222,0.08989247206786055,0.2312227492483205,1.9081958235744878e-17,5.204170427930421e-17,0,0
1469,0.269565390592512,0.4235974717655364,0.0933352842069948,0.22916771533664682,-4.85722573273506e-17,-1.2836953722228372e-16,0,0
1470,0.2885740730529839,0.4297888749309391,0.09653187257920551,0.22731369725675588,4.336808689942018e-18,-5.898059818321144e-17,0,0
1471,0.094268743670884,0.3483054039155044,0.049600828590161676,0.2534427916164606,-1.5092094240998222e-16,-5.516420653606247e-16,0,0
1472,0.07525835229216096,0.342115096369966,0.04130176201272033,0.256736764769624,2.42861286636753e-17,-1.6653345369377348e-16,0,0
1473,0.05625403679691805,0.3359226776018648,0.032170936350050285,0.2596935794385827,6.765421556309548e-17,4.85722573273506e-17,0,0
1474,0.03769331437821115,0.3298794507609022,0.02241631745995234,0.26217411824098985,-8.500145032286355e-17,-2.0122792321330962e-16,0,0
1475,0.1132778665081193,0.3544980721228086,0.05709603100361316,0.2499830669298749,1.196959198423997e-16,1.0408340855860843e-16,0,0
1476,0.3075728429836851,0.4359712482844798,0.09951553668077105,0.22565953757414936,1.6479873021779667e-17,7.979727989493313e-17,0,0
1477,0.01572834240405491,0.3067192865594947,0.010558307396471827,0.2658143197827148,-8.033938098117588e-17,1.5612511283791264e-16,0,0
1478,0.6156597776311867,0.5544102829122939,0.13338062330173636,0.2269638637212069,1.249000902703301e-16,1.6479873021779667e-17,0,0
1479,0.7718937228559274,0.6234302284220665,0.14905636264784616,0.2414575248417833,-1.734723475976807e-17,1.0408340855860843e-16,0,0
1480,0.7909121843146557,0.6296082142196964,0.151131387863085,0.24285054489528282,6.938893903907228e-17,1.700029006457271e-16,0,0
1481,0.8099262649705091,0.6357947432024343,0.15321700203834532,0.24430167497836835,-9.540979117872439e-17,-6.591949208711867e-17,0,0
1482,0.8289406954432219,0.6419812461293933,0.1553154691523735,0.24580561115802457,-8.500145032286355e-17,1.3530843112619095e-16,0,0
1483,0.847955997710256,0.6481670045226169,0.15742826680461067,0.2473596202623528,8.673617379884035e-17,1.457167719820518e-16,0,0
1484,0.866971629344172,0.6543530977510065,0.15955660290794002,0.24896163559524306,-1.3877787807814457e-17,1.7694179454963432e-16,0,0
1485,0.8859863539614881,0.6605388076482946,0.16170148159778538,0.25060928974998864,-9.280770596475918e-17,1.491862189340054e-16,0,0
1486,0.9049105133114953,0.6668206488094321,0.16385290992724574,0.2523298815241952,7.806255641895632e-18,-1.0408340855860843e-17,0,0
1487,0.9237178907002328,0.6736040258280016,0.16600525369843958,0.25424550716765854,-7.806255641895632e-17,-6.245004513516506e-17,0,0
1488,0.947469639843682,0.697733373409235,0.1686748283496336,0.26148644817371436,-7.28583859910259e-17,1.2576745200831851e-17,0,0
1489,0.9662137149194127,0.7048299632438431,0.17090538106677522,0.2635717766171509,2.8102520310824275e-16,-1.8041124150158794e-16,0,0
1490,0.9836608840059817,0.7108739382570535,0.17300861867447065,0.26536672797332445,-6.852157730108388e-17,-6.938893903907228e-18,0,0
1491,1.0,0.7199999999992628,0.17500000000000002,0.2681225049822955,0.035307237559085755,-2.7755575615628914e-17,2,0
1492,0.4214930212509945,0.4730507541078904,0.11437019492388174,0.21964241788403474,2.5153490401663703e-17,1.3877787807814457e-17,0,0
1493,0.4025041758328225,0.466866581275278,0.11215588319410084,0.22021471262327258,4.163336342344337e-17,6.938893903907228e-18,0,0
1494,0.3835314311182683,0.4606801792990149,0.1098624212966301,0.22094620970276999,-4.336808689942018e-17,-5.204170427930421e-17,0,0
1495,0.3645623067060364,0.4545106425956816,0.10747044910566557,0.22185099029550195,3.122502256758253e-17,9.71445146547012e-17,0,0
1496,0.3455703381390701,0.4483340036838057,0.10496093912650861,0.22293405497248103,3.729655473350135e-17,3.122502256758253e-17,0,0
1497,0.3265705301769499,0.4421526045701508,0.10231644941597141,0.22420158466916168,-5.898059818321144e-17,4.5102810375396984e-17,0,0
1498,0.4404905004193765,0.4792321238071406,0.11651699175891504,0.21922258699357544,-7.45931094670027e-17,-1.734723475976807e-16,0,0
1499,0.4594888824704928,0.4854138797017175,0.11860591165151782,0.21894972901969764,6.245004513516506e-17,2.42861286636753e-17,0,0
1500,0.4784881112806315,0.4915959499118013,0.1206468896262063,0.21881637571888263,-2.0816681711721685e-17,1.7694179454963432e-16,0,0
1501,0.4974879066964575,0.4977785213541406,0.12264839501396628,0.21881561096283897,-5.551115123125783e-17,1.0755285551056204e-16,0,0
1502,0.5164883622194547,0.5039612869300396,0.12461795017271239,0.21894070986388242,-2.168404344971009e-17,7.632783294297951e-17,0,0
1503,0.53548991068552,0.5101442862357949,0.12656209705612448,0.21918522868308113,6.505213034913027e-17,1.734723475976807e-17,0,0
1504,0.1322816838328959,0.3606851277747125,0.06385141209804181,0.24648003126453416,1.1622647289044608e-16,1.4224732503009818e-16,0,0
1505,0.03534931887435346,0.3096971084871992,0.022965654417613154,0.26384118261030687,-1.3010426069826053e-17,2.1510571102112408e-16,0,0
1506,0.5544921079363762,0.5163265312539779,0.12848653384141992,0.21954287091964297,-6.938893903907228e-18,8.673617379884035e-17,0,0
1507,0.0,0.3000000000005164,0.0,0.26733513314497653,-0.037734661055441446,1.0408340855860843e-16,1,0
1508,0.5734943505485002,0.5225036351325655,0.13039641737483237,0.22000672117408374,-3.9898639947466563e-17,1.3877787807814457e-17,0,0
1509,0.5925019153998976,0.5286786508558114,0.13229645437101498,0.2205719352293902,-8.673617379884035e-19,1.4224732503009818e-16,0,0
1510,0.6115118977403177,0.5348577010565909,0.13418960556313686,0.2212355815364128,2.2551405187698492e-17,-3.469446951953614e-18,0,0
1511,0.6346674983880742,0.5605961783114851,0.1353519079777247,0.22776655232796433,-7.28583859910259e-17,-1.1405806854547507e-16,0,0
1512,0.653675566386241,0.5667810812211695,0.1373205272463327,0.22865300656052964,3.382710778154774e-17,1.3877787807814457e-17,0,0
1513,0.6726844931632883,0.5729659596667029,0.1392891604535439,0.22961959582535849,9.71445146547012e-17,-1.249000902703301e-16,0,0
1514,0.6916939445899956,0.5791505955318145,0.1412601811282263,0.23066257629923909,-7.979727989493313e-17,5.551115123125783e-17,0,0
1515,0.7107043121255092,0.5853348118518688,0.14323581024556084,0.2317783868017988,6.938893903907228e-17,8.673617379884035e-17,0,0
1516,0.7297153887114824,0.5915192454920418,0.14521797690972074,0.23296391031314334,-1.9081958235744878e-17,2.42861286636753e-17,0,0
1517,0.7487259608389873,0.5977017288938165,0.14720846816158334,0.23421532109086807,-6.591949208711867e-17,-8.326672684688674e-17,0,0
1518,0.7677424038120984,0.6038765700291444,0.14920989802605425,0.2355276719599136,-2.7755575615628914e-17,-2.1163626406917047e-16,0,0
1519,0.9430454119253716,0.6790787901303724,0.16825443415854774,0.25579093058611324,6.071532165918825e-17,-2.203098814490545e-16,0,0
1520,0.1512850528240077,0.3668715366829551,0.0699370714429382,0.24301605699123946,-6.591949208711867e-17,-1.5612511283791264e-16,0,0
1521,0.1702881144254667,0.3730570177596078,0.07542116139444609,0.23965734665771282,4.85722573273506e-17,7.979727989493313e-17,0,0
1522,0.1892895731229522,0.3792411250119359,0.08036958089420962,0.23645330079610236,-1.1449174941446927e-16,-1.3530843112619095e-16,0,0
1523,0.2082949658358813,0.3854248446992479,0.08484776597439343,0.2334366693790179,-1.9081958235744878e-17,2.42861286636753e-17,0,0
1524,0.2273052638815142,0.3916124820090008,0.088914472465095,0.23062992425380183,6.938893903907228e-18,-1.8735013540549517e-16,0,0
1525,0.246377980049161,0.3978367328948196,0.09263148540655551,0.22804257331790115,1.8214596497756474e-17,1.0408340855860843e-17,0,0
1526,0.2654147818370541,0.4040408131513334,0.09603358743220555,0.22568751949897045,3.9898639947466563e-17,1.5265566588595902e-16,0,0
1527,0.2844273112993231,0.4102418081450677,0.09916447453760986,0.2235667083207127,-1.5612511283791264e-17,4.85722573273506e-17,0,0
1528,0.3034243348569309,0.4164274845047769,0.10206736066098014,0.22167102903138397,5.204170427930421e-17,4.5102810375396984e-17,0,0
1529,0.1091339086154619,0.3349456718111078,0.059235739158062316,0.25000802908257563,-1.0928757898653885e-16,-2.706168622523819e-16,0,0
1530,0.09012410041113801,0.3287522177746061,0.05125462270333948,0.2540101980677362,7.37257477290143e-17,1.942890293094024e-16,0,0
1531,0.07111382917873454,0.3225554857125753,0.042334752272633884,0.2578196534389542,-3.2959746043559335e-17,-1.491862189340054e-16,0,0
1532,0.05248657403039703,0.316283917731436,0.032641758591980055,0.2611734308554258,3.122502256758253e-17,-1.1102230246251565e-16,0,0
1533,0.1281383922688484,0.3411347484058772,0.06635733426479673,0.24596841585255955,-1.6479873021779667e-17,-2.1163626406917047e-16,0,0
1534,0.3224171788547501,0.422608129484544,0.10477618869777558,0.2199948738215564,-2.6020852139652106e-17,-1.5612511283791264e-16,0,0
1535,0.01286315468689172,0.2898901150385138,0.009278054144394402,0.26811403372731296,3.469446951953614e-18,-5.0306980803327406e-17,0,0
1536,0.02894740630797288,0.2906182410257959,0.020777399918149038,0.2664567318959797,-3.209238430557093e-17,-5.204170427930421e-16,0,0
1537,0.6305191706218876,0.5410418898948087,0.13607859597593522,0.2219935918172703,6.938893903907228e-17,1.734723475976807e-18,0,0
1538,0.7867595556229603,0.6100516591016354,0.15122290810541822,0.23690069251104537,-5.551115123125783e-17,-1.3444106938820255e-17,0,0
1539,0.8057766373430586,0.6162348809834244,0.15324867371408268,0.23833412991606784,1.9255430583342559e-16,3.122502256758253e-17,0,0
1540,0.8247899231507315,0.6224215559828945,0.15528836945456723,0.23982400817114816,-1.8388068845354155e-16,3.469446951953614e-18,0,0
1541,0.8438046044715899,0.6286083239028486,0.15734403913351566,0.2413666422755361,1.5612511283791264e-16,6.938893903907228e-17,0,0
1542,0.8628209186792191,0.6347935137019438,0.1594171154864402,0.2429590263108614,-1.1275702593849246e-16,-5.204170427930421e-17,0,0
1543,0.8818376096320117,0.6409780501588569,0.16150868794454384,0.24459911477895804,4.7704895589362195e-17,-2.0816681711721685e-17,0,0
1544,0.9008526859218345,0.6471638267612205,0.1636195087785107,0.2462856584828799,5.637851296924623e-17,5.898059818321144e-17,0,0
1545,0.9193029878073707,0.6539544301423664,0.16567992637278786,0.24820707760073493,-1.214306433183765e-17,1.214306433183765e-16,0,0
1546,0.9373545083132053,0.662057776658777,0.16770828758498238,0.25057720445178017,1.8995222061946038e-16,8.153200337090993e-17,0,0
1547,0.9634715544258844,0.6810784293376251,0.1706707956058519,0.25630812639524353,1.5612511283791264e-17,-2.7755575615628914e-17,0,0
1548,0.9823869651878974,0.6913184777351151,0.17289384026649968,0.2594013115494801,-1.3704315460216776e-16,3.608224830031759e-16,0,0
1549,1.0,0.6999999999992101,0.17500000000000002,0.2620410336274447,0.03528376609614799,6.245004513516506e-17,2,0
1550,0.4363450035825179,0.4596893470527171,0.11833190564354895,0.21408989920292618,6.591949208711867e-17,1.1449174941446927e-16,0,0
1551,0.4173481235353877,0.4535079075141877,0.11629625866245488,0.2146267004652274,-7.546047120499111e-17,-6.591949208711867e-17,0,0
1552,0.3983626117417516,0.4473235291377893,0.11419388411621686,0.2153282355651079,1.474514954580286e-17,1.214306433183765e-16,0,0
1553,0.3793851424362611,0.4411417599323625,0.11200977439709536,0.21620539504266406,-1.734723475976807e-18,1.0755285551056204e-16,0,0
1554,0.3604014200640727,0.4349606755996438,0.1097252884652876,0.21726923265247197,-1.1449174941446927e-16,-9.367506770274758e-17,0,0
1555,0.3414246506891966,0.4287902013861401,0.10732254180515391,0.21852923790753884,6.418476861114186e-17,7.632783294297951e-17,0,0
1556,0.4553429368972745,0.4658703378081985,0.12031087851911659,0.21371116116760078,0.0,2.0816681711721685e-17,0,0
1557,0.4743417308048763,0.4720515592476878,0.12224339714327387,0.21348223002721226,-5.898059818321144e-17,-1.3183898417423734e-16,0,0
1558,0.4933415700154618,0.4782330273502734,0.12413860274153568,0.21339485487535972,7.28583859910259e-17,-1.734723475976807e-17,0,0
1559,0.5123403168092825,0.4844153385344858,0.12600383479415989,0.2134419492201639,-7.806255641895632e-17,-1.1449174941446927e-16,0,0
1560,0.5313414228789943,0.490597384099088,0.12784640636662742,0.21361558060718353,1.5612511283791264e-16,4.85722573273506e-17,0,0
1561,0.5503453407686415,0.4967792907107789,0.12967213160227772,0.2139090023695591,-7.546047120499111e-17,-5.551115123125783e-17,0,0
1562,0.1471402870308362,0.3473214572875329,0.07270614457688414,0.2419846457765996,5.204170427930421e-17,2.3245294578089215e-16,0,0
1563,0.04840823250943638,0.2967118674791097,0.03297265244489496,0.2632682147249625,-2.7755575615628914e-17,-2.3592239273284576e-16,0,0
1564,0.5693455963920366,0.5029585207679098,0.13148544802388867,0.21431558230496106,5.898059818321144e-17,1.3877787807814457e-17,0,0
1565,0.0,0.2800000000004734,0.0,0.2702853606150612,-0.03886702663041508,-5.551115123125783e-17,1,0
1566,0.5883534610949609,0.5091329671584442,0.13329215289095867,0.21482795514874017,-9.280770596475918e-17,-3.469446951953614e-18,0,0
1567,0.6073614997524449,0.5153091205094334,0.13509457635900438,0.21544309715758442,-6.245004513516506e-17,-2.42861286636753e-17,0,0
1568,0.6263708728444702,0.5214888416684534,0.13689609154488702,0.2161563401767929,1.5092094240998222e-16,9.71445146547012e-17,0,0
1569,0.6495272227417396,0.5472265325337242,0.13796716856685723,0.2228398330669558,2.42861286636753e-17,7.025630077706069e-17,0,0
1570,0.6685358775271246,0.5534113249253042,0.13985796114289245,0.22377001725685633,-1.3010426069826053e-16,3.469446951953614e-17,0,0
1571,0.6875450595270918,0.5595959969122946,0.1417533399333977,0.2247800934649384,-1.0928757898653885e-16,-2.42861286636753e-17,0,0
1572,0.7065551056750881,0.5657795147025162,0.1436555101464165,0.2258659847181541,1.1796119636642288e-16,-6.938893903907228e-18,0,0
1573,0.7255669618455972,0.5719599179960573,0.14556655689240575,0.2270235405346674,6.071532165918825e-17,-2.7755575615628914e-17,0,0
1574,0.7445804330540812,0.5781400723353722,0.1474880651837614,0.2282503210636706,-7.632783294297951e-17,6.938893903907228e-18,0,0
1575,0.7635914860520139,0.5843228166995007,0.14942112619402514,0.229544204944782,2.0209528495129803e-16,1.9081958235744878e-16,0,0
1576,0.7826079656549254,0.5904977662281704,0.15136850296181764,0.23089865898976464,-1.7694179454963432e-16,-1.700029006457271e-16,0,0
1577,0.9521363857197243,0.6669492055000679,0.16940436732587777,0.25200202733578625,-3.4867941867133823e-16,6.591949208711867e-17,0,0
1578,0.1661510243931358,0.3535101445939354,0.07837043923165224,0.238130459586628,-1.0495077029659683e-16,9.367506770274758e-17,0,0
1579,0.1851447199382094,0.3596949566731567,0.0834239385860753,0.2344653901463305,8.500145032286355e-17,2.255140518769849e-16,0,0
1580,0.2041766741192862,0.3658840069285731,0.08795939943731632,0.2310167915746976,-6.765421556309548e-17,-9.020562075079397e-17,0,0
1581,0.2232150852580362,0.3720899749672026,0.0920338304857333,0.2278174044728723,1.222980050563649e-16,2.0469737016526324e-16,0,0
1582,0.2422378999372757,0.3782948122351685,0.0957093253276451,0.224882695703673,-8.933825901280557e-17,-7.979727989493313e-17,0,0
1583,0.261292502249958,0.3845122192507076,0.09905276263187812,0.22220726192944787,-5.204170427930421e-18,-5.204170427930421e-17,0,0
1584,0.2802859681343931,0.3907017432423507,0.1021000903074247,0.21980029980954982,-3.5561831257524545e-17,2.42861286636753e-17,0,0
1585,0.2992807679966619,0.3968840018958565,0.10490616707864178,0.21764636387432856,3.9898639947466563e-17,1.734723475976807e-17,0,0
1586,0.318263425310073,0.4030617364363301,0.10750534643366268,0.21574025082087217,6.678685382510707e-17,1.457167719820518e-16,0,0
1587,0.1049903453626611,0.3153930127688447,0.06169258629521318,0.25040042884317715,5.204170427930421e-18,5.898059818321144e-17,0,0
1588,0.1239953958528828,0.3215855178087906,0.06922798036186718,0.2457513315256772,7.28583859910259e-17,3.8163916471489756e-17,0,0
1589,0.0859858525485397,0.3091913229485265,0.05315933801813683,0.25502252530159913,-1.2836953722228372e-16,-4.544975507059235e-16,0,0
1590,0.06703013407643885,0.3029830871928144,0.04354031248422668,0.25942361256488206,1.1449174941446927e-16,3.122502256758253e-16,0,0
1591,0.1429964816790362,0.3277715398735028,0.0758699553513244,0.24117903253365405,-1.457167719820518e-16,-2.42861286636753e-16,0,0
1592,0.3372509589152267,0.4092395239740522,0.10993269939848643,0.2140699746098887,-8.326672684688674e-17,-9.71445146547012e-17,0,0
1593,0.01964002472243081,0.2721130476062886,0.015466948097201491,0.2702552220620059,-1.214306433183765e-17,-5.741934705483231e-16,0,0
1594,0.04344455209214365,0.2772577549511406,0.03269900431460197,0.2660738934894169,-2.949029909160572e-17,-6.591949208711867e-17,0,0
1595,0.6453787294234693,0.5276729255044046,0.13869927757069708,0.21696326493397275,-9.71445146547012e-17,-1.214306433183765e-17,0,0
1596,0.801627058497588,0.5966753203287769,0.15333091777567312,0.2323142344853983,1.5265566588595902e-16,3.469446951953614e-17,0,0
1597,0.8206406331535353,0.6028615562405055,0.15530866064145077,0.233790355599474,-1.0755285551056204e-16,-1.0755285551056204e-16,0,0
1598,0.8396531261753786,0.6090496772036105,0.15730375706451016,0.2353221818105178,8.066464163292153e-17,-2.220446049250313e-16,0,0
1599,0.8586684510791125,0.6152373736796982,0.15931796029746145,0.23690651244550331,-2.6020852139652106e-18,-2.42861286636753e-17,0,0
1600,0.8776858190201098,0.6214199536108379,0.16135267137948558,0.23853943695561985,9.194034422677078e-17,-3.122502256758253e-17,0,0
1601,0.8967034144588031,0.6276045323740495,0.16340880183619733,0.2402209277465424,2.6020852139652106e-17,-2.0816681711721685e-17,0,0
1602,0.915405892651233,0.6337875328558382,0.16545100274958244,0.24195156593922476,-2.42861286636753e-17,-1.0408340855860843e-17,0,0
1603,0.9335933359423777,0.6420425609706145,0.16744161479344719,0.24437487533137944,3.2959746043559335e-17,-1.0408340855860843e-16,0,0
1604,0.9503718234646803,0.6499828178610856,0.16930636401409324,0.24674033676807958,-1.734723475976807e-18,2.2551405187698492e-17,0,0
1605,0.9660224448489378,0.6595869339548901,0.1710632676103444,0.2496532578764664,1.5612511283791264e-16,-1.214306433183765e-17,0,0
1606,0.9824994726041374,0.6703117103910224,0.1729483723286272,0.25293301963645626,-1.1275702593849246e-16,-2.5847379792054426e-16,0,0
1607,1.0,0.6799999999991574,0.17500000000000002,0.2559072188550946,0.03527570964563811,1.3877787807814457e-17,2,0
1608,0.4321990791181758,0.44014714511132,0.12032677968116683,0.2088789143880894,-7.979727989493313e-17,-3.469446951953614e-18,0,0
1609,0.4511926661665734,0.4463266308504092,0.12218339814583712,0.20839363801625677,6.071532165918825e-17,-5.204170427930421e-17,0,0
1610,0.413203097015521,0.433965911119572,0.11841507785342763,0.20953442455508559,2.7755575615628914e-17,2.0816681711721685e-17,0,0
1611,0.3942160334380768,0.4277799168694093,0.11643773627280478,0.21036812120526155,5.204170427930421e-18,-1.3183898417423734e-16,0,0
1612,0.3752314065585837,0.4215981249670905,0.11437742924928286,0.211394389995702,9.540979117872439e-18,-5.551115123125783e-17,0,0
1613,0.3562365338775379,0.4154115223018844,0.112215978438849,0.21262372804488783,-1.3877787807814457e-17,1.734723475976807e-17,0,0
1614,0.4701909361789303,0.4525036978656042,0.12399696826373344,0.20806766407492983,1.2663481374630692e-16,8.673617379884035e-17,0,0
1615,0.4891949784319121,0.4586878417130927,0.12577563530705335,0.2078945942488793,-1.9949319973733282e-16,-1.1796119636642288e-16,0,0
1616,0.5081907290088373,0.464866505189747,0.1275272726391286,0.20786338782443262,1.0668549377257364e-16,5.551115123125783e-17,0,0
1617,0.5271880832710882,0.4710483201610318,0.1292589866404873,0.20796750840428613,1.9949319973733282e-17,-7.632783294297951e-17,0,0
1618,0.5461914783829751,0.4772319181115806,0.13097739936689873,0.2081985195105494,-3.382710778154774e-17,-5.204170427930421e-17,0,0
1619,0.565200417079508,0.4834139705864786,0.13268775667275107,0.20854849667457853,3.2959746043559335e-17,1.1102230246251565e-16,0,0
1620,0.1620120526779144,0.3339634204635747,0.08172692791673689,0.23676894013804253,4.683753385137379e-17,-1.3877787807814457e-16,0,0
1621,0.06289089687132521,0.2834278480445718,0.044864634757349774,0.2616059860574187,-2.1597307275911248e-16,-5.238864897449957e-16,0,0
1622,0.584203000211331,0.4895893925593328,0.13439338274074705,0.2090102353350299,1.1275702593849246e-17,-5.204170427930421e-17,0,0
1623,0.0,0.2600000000004088,0.0,0.27375126275253636,-0.03941370016348464,-2.7582103268031233e-16,1,0
1624,0.6032144042655558,0.495758483125613,0.13609962247592905,0.20957657826107362,-4.2500725161431774e-17,-1.457167719820518e-16,0,0
1625,0.6222230751565272,0.5019364859806745,0.13780716456091094,0.21024751349302195,-1.3964523981613297e-16,1.0408340855860843e-17,0,0
1626,0.6412301988718082,0.5081199027041697,0.13951931963551223,0.21101655019186674,1.4051260155412137e-16,1.457167719820518e-16,0,0
1627,0.6643873313655885,0.5338570487602243,0.14050727457367898,0.21785785084004367,5.898059818321144e-17,-7.719519468096792e-17,0,0
1628,0.683396408789408,0.5400413449453407,0.1423223359248441,0.2188358886616059,7.719519468096792e-17,-2.7755575615628914e-17,0,0
1629,0.7024058894588797,0.5462262569256854,0.14414644998383344,0.21989350612083736,-5.204170427930421e-18,-3.8163916471489756e-17,0,0
1630,0.7214172478706073,0.5524033296294728,0.14598201254437967,0.2210242556194427,-8.413408858487514e-17,-2.7755575615628914e-17,0,0
1631,0.7404360490333349,0.5585677059455362,0.1478314375297382,0.2222229376512871,6.245004513516506e-17,1.3877787807814457e-17,0,0
1632,0.7594474611753569,0.564755506331487,0.14969301794360304,0.22349815411363227,-7.806255641895632e-17,-1.0755285551056204e-16,0,0
1633,0.7784614103939764,0.5709367071176417,0.15157062274244695,0.22483695849940746,-1.0755285551056204e-16,1.3530843112619095e-16,0,0
1634,0.7974763736991127,0.577117595612426,0.15346516133938193,0.22623841439053813,5.551115123125783e-17,6.245004513516506e-17,0,0
1635,0.1810359194623804,0.3401524786967852,0.08689850851176302,0.23258231452358313,-3.122502256758253e-17,-2.5326962749261384e-16,0,0
1636,0.2000253985367947,0.3463394756195562,0.0914641164690443,0.22867180174199592,7.892991815694472e-17,4.5102810375396984e-17,0,0
1637,0.2190925704861038,0.3525587834068478,0.0955349282205245,0.22504050587556795,3.469446951953614e-18,-1.491862189340054e-16,0,0
1638,0.2381246957992448,0.3587702204971494,0.09916235435402031,0.2217207230566139,-4.5102810375396984e-17,-1.3877787807814457e-16,0,0
1639,0.2571464432657914,0.3649799352823793,0.10241951424871715,0.21870755376140896,-5.204170427930421e-18,-2.7755575615628914e-17,0,0
1640,0.2761403831080255,0.3711616084663265,0.10536751970616766,0.21599152608544528,4.423544863740858e-17,-4.5102810375396984e-17,0,0
1641,0.2951298987269471,0.377338013649665,0.10805639202794136,0.21356424537622137,3.9898639947466563e-17,-1.5265566588595902e-16,0,0
1642,0.3141166174856876,0.3835200865241971,0.110527149890466,0.21141587216326535,-1.3530843112619095e-16,-1.1449174941446927e-16,0,0
1643,0.3330976819271922,0.389700017440166,0.1128173168748367,0.20953191033758972,1.3791051634015616e-16,1.5959455978986625e-16,0,0
1644,0.1198529376655748,0.3020374355114194,0.07252210737847122,0.2458330580707272,-2.862293735361732e-17,-1.3530843112619095e-16,0,0
1645,0.1008870728808965,0.2958297957473032,0.06454195285510987,0.2511647726817161,-5.811323644522304e-17,4.5102810375396984e-17,0,0
1646,0.1388526937002815,0.3082236807236768,0.07948719188027542,0.240594518016543,-5.551115123125783e-17,5.551115123125783e-17,0,0
1647,0.08194702286323897,0.2896080428391513,0.05540478156142427,0.2564906857747213,1.2576745200831851e-16,3.122502256758253e-16,0,0
1648,0.1578514077987206,0.3144091561805288,0.08554360122347339,0.23556348864561277,1.734723475976807e-17,-1.0061396160665481e-16,0,0
1649,0.3520837541540978,0.3958779937438242,0.11495988732090966,0.20789609250316676,-5.637851296924623e-17,3.122502256758253e-17,0,0
1650,0.01762814630672756,0.2497350614261246,0.015806655200086808,0.274549605942125,-8.326672684688674e-17,-1.8908485888147197e-16,0,0
1651,0.03601940404821774,0.2570968799126674,0.03036692869561858,0.27015954186147806,-2.706168622523819e-16,-4.874572967494828e-16,0,0
1652,0.05819022842414957,0.2637685898032816,0.04597772779246497,0.2645402885009381,-5.637851296924623e-17,-1.3530843112619095e-16,0,0
1653,0.6602331766470753,0.5143055523909219,0.14123853519945767,0.21187793071696143,-3.122502256758253e-17,4.5536491244391186e-17,0,0
1654,0.8164903004978581,0.5833029637397145,0.15537753369073276,0.22770128984533838,3.469446951953614e-17,9.063930161978817e-17,0,0
1655,0.8355032898921504,0.5894902507952798,0.15730906739748743,0.22922215748912733,-7.112366251504909e-17,1.249000902703301e-16,0,0
1656,0.8545175947932997,0.5956803720579671,0.15926118599690364,0.23079877205639482,-1.1622647289044608e-16,5.551115123125783e-17,0,0
1657,0.8735324513412012,0.6018652223621883,0.1612350975754133,0.2324264159685991,6.765421556309548e-17,0.0,0,0
1658,0.8925408285228361,0.6080489820601106,0.16323150631126643,0.2341040491048517,-1.3877787807814457e-16,1.6653345369377348e-16,0,0
1659,0.9115152473397101,0.6142331658893634,0.16524882912916783,0.23582924036066555,3.642919299551295e-17,-3.122502256758253e-17,0,0
1660,0.9303890365892475,0.6214741387670356,0.16726675614863987,0.2379360669783859,8.760353553682876e-17,1.1449174941446927e-16,0,0
1661,0.9484007109299728,0.6298656129191629,0.16921464234142478,0.2404444672770624,-1.6306400674181987e-16,2.42861286636753e-17,0,0
1662,0.9654130822296834,0.6400006047188841,0.17107934567402722,0.24354182678909575,-1.491862189340054e-16,1.9949319973733282e-16,0,0
1663,0.9826584864558493,0.6500520313037592,0.17301323951368558,0.2466349625641438,1.3877787807814457e-16,-4.5102810375396984e-17,0,0
1664,1.0,0.6599999999991049,0.17500000000000002,0.249719306291304,0.03526304065738782,-3.8163916471489756e-17,2,0
1665,0.4280516119926849,0.420606092673837,0.12251105469917604,0.20357399596397954,8.153200337090993e-17,-1.5612511283791264e-16,0,0
1666,0.4470433867179975,0.426779673136362,0.12423311677916082,0.20298063674248515,-5.811323644522304e-17,-1.1796119636642288e-16,0,0
1667,0.4660381924835465,0.4329562426120645,0.12591455028944068,0.20255984194771348,-1.0061396160665481e-16,9.71445146547012e-17,0,0
1668,0.4090589716309027,0.4144245137902391,0.12073801055139786,0.20434838212893974,3.122502256758253e-17,-1.3877787807814457e-17,0,0
1669,0.3900683462988318,0.4082391520460499,0.11890041530931773,0.20531691470262206,8.673617379884035e-18,7.979727989493313e-17,0,0
1670,0.3710746122085275,0.4020602183703655,0.11697981264688018,0.20649630228190508,-6.938893903907228e-18,-6.938893903907228e-18,0,0
1671,0.4850353944802672,0.4391148965646711,0.12756757875779492,0.20229457699652606,7.37257477290143e-17,1.1796119636642288e-16,0,0
1672,0.5040342696030956,0.4453056175396535,0.12919420867363704,0.20219068985594485,3.209238430557093e-17,3.122502256758253e-17,0,0
1673,0.5230310594717734,0.4514894175064246,0.13080569268383327,0.20222730796029556,6.938893903907228e-17,1.0408340855860843e-17,0,0
1674,0.5420402513882743,0.4576782310843056,0.13240832006908693,0.20239834969085982,-9.454242944073599e-17,-2.7755575615628914e-17,0,0
1675,0.5610480050139868,0.4638652142562941,0.13400618432920505,0.20269514663896726,-1.5959455978986625e-16,-6.938893903907228e-17,0,0
1676,0.5800553569062736,0.4700463374849706,0.1356039779853132,0.20310904104958577,1.0061396160665481e-16,3.469446951953614e-17,0,0
1677,0.1769057111560496,0.3206167965948015,0.0908287979103667,0.23079605854511667,-5.0306980803327406e-17,-3.469446951953614e-17,0,0
1678,0.07781364981764112,0.2700609835657132,0.057911051161728046,0.2584886014694151,-1.3704315460216776e-16,-3.9898639947466563e-16,0,0
1679,0.599055646141529,0.4762208068104976,0.13720456327793104,0.20363355216088738,1.2663481374630692e-16,1.457167719820518e-16,0,0
1680,0.0,0.2400000000003658,0.0,0.27812353029288844,-0.040457223623710015,-4.683753385137379e-17,1,0
1681,0.6180682705362681,0.4823947646992895,0.13881254411214874,0.2042630202137782,-6.071532165918825e-17,-7.28583859910259e-17,0,0
1682,0.6370807082633716,0.4885702769482201,0.1404290609736588,0.20499338808698667,1.6479873021779667e-17,-1.4224732503009818e-16,0,0
1683,0.6560867442802609,0.4947517718294381,0.14205547667666427,0.20582116755074684,4.336808689942018e-17,-1.0408340855860843e-16,0,0
1684,0.6792419690699713,0.5204929280103636,0.14296815860986364,0.21282638316502897,-1.5265566588595902e-16,8.673617379884035e-18,0,0
1685,0.6982555445754299,0.5266750545927461,0.14471038570417188,0.21385550224554106,1.4224732503009818e-16,3.8163916471489756e-17,0,0
1686,0.7172672147523965,0.5328555091417229,0.14646595119433703,0.21496282386655707,-1.2923689896027213e-16,7.632783294297951e-17,0,0
1687,0.7362722664583481,0.5390310730653193,0.14823594286671193,0.2161437870651146,1.0581813203458523e-16,3.122502256758253e-17,0,0
1688,0.7553017622739409,0.5451876619757698,0.15002566511589996,0.21738913887607836,-7.112366251504909e-17,1.214306433183765e-16,0,0
1689,0.7743144628970922,0.5513724564120892,0.1518300352705219,0.21871244866479098,6.591949208711867e-17,-1.2836953722228372e-16,0,0
1690,0.79332746754378,0.5575584539276349,0.15365329989525883,0.22010124629440375,1.2576745200831851e-16,-5.551115123125783e-17,0,0
1691,0.8123411630696731,0.5637435463006617,0.1554967544083854,0.22155193827500622,-5.984795992119984e-17,-1.0755285551056204e-16,0,0
1692,0.1959833620757088,0.3268311701127813,0.09544698363362843,0.22634641950763185,6.938893903907228e-18,-4.163336342344337e-17,0,0
1693,0.2150048177150018,0.3330337463911968,0.09948021107508274,0.2222590584019322,-6.765421556309548e-17,-6.938893903907228e-17,0,0
1694,0.2340087514882593,0.3392352760374089,0.10303121800519432,0.21852862195909079,6.591949208711867e-17,1.457167719820518e-16,0,0
1695,0.252995852587903,0.3454359071615558,0.10617858693495255,0.21515257477627314,6.678685382510707e-17,-8.326672684688674e-17,0,0
1696,0.2719947303183549,0.3516212337852838,0.10900056403431266,0.21211037180257003,-1.3010426069826053e-16,-1.5959455978986625e-16,0,0
1697,0.2909875092985424,0.357800014656304,0.11154754878121222,0.2093956190863377,3.469446951953614e-18,4.85722573273506e-17,0,0
1698,0.3099725726175103,0.3639786588798,0.11386607430130186,0.20699381543762976,-1.734723475976807e-17,5.551115123125783e-17,0,0
1699,0.328955358335742,0.3701580908433658,0.11599809165836934,0.20488667360554366,-3.122502256758253e-17,-8.673617379884035e-17,0,0
1700,0.3479366349152747,0.3763420017567192,0.1179771982353343,0.2030574684983804,-1.6479873021779667e-17,0.0,0,0
1701,0.1347084091644681,0.2886771836255622,0.0836309642745049,0.2402149323209513,4.2500725161431774e-17,4.5102810375396984e-17,0,0
1702,0.1157116850523616,0.2824917102081597,0.07631060746062898,0.24620959950775737,-1.1882855810441129e-16,-2.3245294578089215e-16,0,0
1703,0.09683459379300266,0.276257250207718,0.06785502414625143,0.25230643615099163,9.540979117872439e-18,-2.1337098754514727e-16,0,0
1704,0.153719000437193,0.2948651132137821,0.08990553128015241,0.23447772074820483,2.949029909160572e-17,-1.5612511283791264e-16,0,0
1705,0.172767446757021,0.3010897227229377,0.09528546319297769,0.22907358559186702,-9.107298248878237e-17,-1.3183898417423734e-16,0,0
1706,0.3669293722681803,0.3825227510342247,0.11983579771484627,0.20148427400061739,-3.5561831257524545e-17,2.0816681711721685e-17,0,0
1707,0.01742802835326989,0.2296490487733875,0.01752942929128931,0.2789258051237933,-7.45931094670027e-17,-6.800116025829084e-16,0,0
1708,0.03647496916981043,0.237878756827295,0.034175132339705545,0.2733668537672157,-1.1535911115245767e-16,-2.3418766925686896e-16,0,0
1709,0.05458608366134821,0.2442820478381246,0.04818093404177491,0.26782585506452355,-8.586881206085195e-17,-2.5153490401663703e-16,0,0
1710,0.07411544901095879,0.2506079047091488,0.0611813424224563,0.26085447553952906,-9.367506770274758e-17,-1.5785983631388945e-16,0,0
1711,0.6750860636391222,0.5009464873822158,0.14369335621470308,0.2067437851341299,4.85722573273506e-17,1.734723475976807e-17,0,0
1712,0.8313546646588943,0.5699306543244331,0.15736135014497402,0.22306278212442704,-1.0408340855860843e-17,4.597017211338539e-17,0,0
1713,0.8503691546879735,0.5761201117634084,0.15924823981853256,0.22463129329287634,1.3530843112619095e-16,-1.0408340855860843e-17,0,0
1714,0.8693837739217619,0.5823092239419514,0.1611584033887616,0.22625421727064632,-2.6020852139652106e-17,-3.122502256758253e-17,0,0
1715,0.8883983663554433,0.5884936135246222,0.16309262597389523,0.22792831679353442,-5.898059818321144e-17,-1.5612511283791264e-16,0,0
1716,0.9073906491267003,0.5946571221362598,0.1650504458657553,0.2296456647611326,1.5439038936193583e-16,-1.0061396160665481e-16,0,0
1717,0.9264339215592773,0.6008635857915142,0.16704068836977545,0.23142077074101527,-1.0668549377257364e-16,-4.163336342344337e-17,0,0
1718,0.9475371557385464,0.6069967716716946,0.16928285028511572,0.23320581974364046,4.163336342344337e-17,4.5102810375396984e-17,0,0
1719,0.9656316659935857,0.6200041447246631,0.1711956997103587,0.2372383655276374,6.245004513516506e-17,-2.5326962749261384e-16,0,0
1720,0.9826794417944599,0.6299998727107616,0.1730607123302783,0.24034199637628337,2.0122792321330962e-16,7.806255641895632e-17,0,0
1721,1.0,0.6399999999990521,0.17500000000000002,0.24347057299116767,0.03523854728957261,2.0816681711721685e-17,2,0
1722,0.4239067485615166,0.4010652794863536,0.12489514144588264,0.1981558382929473,-7.979727989493313e-17,1.0755285551056204e-16,0,0
1723,0.4428959826788832,0.4072383212997433,0.1264672748688834,0.1974575948132696,9.540979117872439e-17,1.700029006457271e-16,0,0
1724,0.461887839361551,0.4134102846735329,0.12800388681469266,0.19694260651891463,-9.80118763926896e-17,-1.457167719820518e-16,0,0
1725,0.4808874231455645,0.4195702529429538,0.12951697170381637,0.1965947374445034,1.0408340855860843e-17,-6.938893903907228e-17,0,0
1726,0.4049148209332746,0.394883866972301,0.1232763233265368,0.19904878774357282,1.0755285551056204e-16,3.8163916471489756e-17,0,0
1727,0.3859222642904961,0.388703188463311,0.12159549561906184,0.2001533084916925,-1.734723475976807e-17,6.938893903907228e-17,0,0
1728,0.4998866394575637,0.4257468385684536,0.13100997833627262,0.19641296803967861,5.204170427930421e-17,-9.020562075079397e-17,0,0
1729,0.5188869998442125,0.431933316378617,0.13249134419148498,0.19638472879551278,-9.194034422677078e-17,7.28583859910259e-17,0,0
1730,0.5378872643715626,0.4381196130248604,0.13396786779593742,0.196497590162838,1.196959198423997e-16,-7.632783294297951e-17,0,0
1731,0.556898433782263,0.4443102674287428,0.13544523800469382,0.1967432561903495,3.642919299551295e-17,-1.3877787807814457e-17,0,0
1732,0.5759070987090504,0.450495125082041,0.13692702826289477,0.19711180816064408,-5.898059818321144e-17,-7.979727989493313e-17,0,0
1733,0.5949139093368802,0.4566803904762231,0.13841610991943024,0.19759781103632282,7.025630077706069e-17,-7.979727989493313e-17,0,0
1734,0.1918627856586652,0.3073323211040243,0.09991521414308556,0.2240507203086651,-6.765421556309548e-17,-4.85722573273506e-17,0,0
1735,0.09290370794317153,0.256696265790408,0.07180451148788136,0.25378669566834033,-5.117434254131581e-17,-1.3877787807814457e-16,0,0
1736,0.6139133474083864,0.4628537507715981,0.13991580781767876,0.19819089507277396,-7.19910242530375e-17,7.632783294297951e-17,0,0
1737,0.0,0.2200000000003011,0.0,0.2833159129171731,-0.04147697733983996,-1.0061396160665481e-15,1,0
1738,0.6329234885502526,0.4690314326589879,0.141429048739889,0.1988888555392118,-1.5612511283791264e-17,-6.245004513516506e-17,0,0
1739,0.6519328524250048,0.4752115688127715,0.14295686615464076,0.19968629278949027,2.2898349882893854e-16,1.5959455978986625e-16,0,0
1740,0.670937587815764,0.4813989386373085,0.14450037650238695,0.20057975018587107,-3.2873009869760494e-16,-1.6653345369377348e-16,0,0
1741,0.6940992273551071,0.507141391687278,0.14534760432223243,0.2077513488218449,0.0,-5.5077470362263625e-17,0,0
1742,0.713107981106312,0.5133308254413288,0.14701805419888167,0.2088388117296389,-3.209238430557093e-17,6.938893903907228e-18,0,0
1743,0.732113840040773,0.5194987060252931,0.14870702620253465,0.2099969221057667,8.326672684688674e-17,-1.0408340855860843e-16,0,0
1744,0.7511298563617764,0.5256603164346387,0.15041616239432068,0.21122650609726543,-1.5785983631388945e-16,-4.163336342344337e-17,0,0
1745,0.7701623799418622,0.5318225469722888,0.15214691504096703,0.21252628810630467,2.1250362580715887e-16,4.85722573273506e-17,0,0
1746,0.7891786023889541,0.5379984838744398,0.15389649698516922,0.21389853388786587,-1.8388068845354155e-16,7.979727989493313e-17,0,0
1747,0.8081920650121771,0.5441843268603367,0.15566761522166706,0.2153384328069826,6.938893903907228e-17,1.1102230246251565e-16,0,0
1748,0.8272059621849165,0.550370626430612,0.15746200608270225,0.21684008129597368,-1.1102230246251565e-16,-9.71445146547012e-17,0,0
1749,0.2108867613169462,0.3135298885684278,0.1038999189514611,0.21945296784918406,2.7755575615628914e-17,3.469446951953614e-17,0,0
1750,0.2298730850336082,0.3197211104485638,0.1073493146031955,0.21527795634483265,-2.862293735361732e-17,-6.591949208711867e-17,0,0
1751,0.2488623163474144,0.3259023551124123,0.11036950945060471,0.2115037389474021,8.153200337090993e-17,3.8163916471489756e-17,0,0
1752,0.2678511540445139,0.3320843387806305,0.11303376313884111,0.2081196593281018,-1.3704315460216776e-16,3.469446951953614e-18,0,0
1753,0.2868404065130155,0.3382632695671893,0.11540834122403168,0.20510570445299842,7.37257477290143e-17,4.163336342344337e-17,0,0
1754,0.3058322433116977,0.3444412404259865,0.11754750853627328,0.20244068603863644,-1.214306433183765e-17,-7.632783294297951e-17,0,0
1755,0.3248163792778564,0.3506212298855875,0.1194940775482164,0.20010573050199112,-7.979727989493313e-17,-4.5102810375396984e-17,0,0
1756,0.343797903717447,0.3568037171852581,0.12128691598375074,0.1980775227987142,5.0306980803327406e-17,6.938893903907228e-17,0,0
1757,0.3627858491357198,0.3629847501445512,0.12295961069166737,0.19633200965767797,9.540979117872439e-18,-7.632783294297951e-17,0,0
1758,0.1496340089576573,0.2753245980145171,0.09490986978183656,0.23346004763757558,-9.454242944073599e-17,-7.28583859910259e-17,0,0
1759,0.1305828050829032,0.2691299917170032,0.08840548910705452,0.24000072932355787,-1.1275702593849246e-16,-3.400058012914542e-16,0,0
1760,0.1116282017132132,0.2629379871729154,0.08073091073800631,0.24684119647058653,-8.673617379884035e-18,-2.7755575615628914e-17,0,0
1761,0.1687026644654125,0.281564096750375,0.10037723743020831,0.22734032776020285,7.546047120499111e-17,1.2836953722228372e-16,0,0
1762,0.1877226163105283,0.2877861678545318,0.10497461762220957,0.22170903351416865,-2.229119666630197e-16,-1.6653345369377348e-16,0,0
1763,0.3817776043888655,0.3691648429875013,0.12453738493772261,0.19484969544816405,-1.0408340855860843e-16,-2.1163626406917047e-16,0,0
1764,0.01604622773000094,0.2099810944133627,0.018482286276636402,0.28414725216609626,-2.6020852139652106e-16,-7.875644580934704e-16,0,0
1765,0.0333364013167001,0.2180584954194007,0.03538665138330029,0.2781104390799355,-2.5587171270657905e-16,-6.366435156834882e-16,0,0
1766,0.05152372950419554,0.2251170745918856,0.050963047364302405,0.27157335421437373,-1.214306433183765e-16,-5.464378949326942e-16,0,0
1767,0.07004097825496998,0.2311095151219858,0.0646824182542103,0.2638539298418349,-1.3270634591222574e-16,-4.544975507059235e-16,0,0
1768,0.08876928734686564,0.237160694079611,0.0762303316679887,0.25568388522210156,-1.9081958235744878e-16,-5.325601071248798e-16,0,0
1769,0.6899471248365914,0.4876027355264765,0.14606161355540478,0.2015669800214284,1.2836953722228372e-16,1.1535911115245767e-16,0,0
1770,0.8462199925107841,0.5565586033208059,0.15928060403027833,0.21840113152030438,1.0755285551056204e-16,-9.80118763926896e-17,0,0
1771,0.865235014148897,0.5627474907957815,0.1611243534677087,0.22001885232833795,-1.5612511283791264e-17,-5.898059818321144e-17,0,0
1772,0.8842507816084725,0.5689358818573084,0.16299411661273233,0.22169041393686073,1.1275702593849246e-16,9.71445146547012e-17,0,0
1773,0.9032521048987314,0.5751028246951346,0.16488879643931753,0.22340807181769948,2.168404344971009e-17,-2.0816681711721685e-17,0,0
1774,0.922203426084204,0.5812005608568145,0.1668078041296822,0.22515330639047526,-8.326672684688674e-17,-5.551115123125783e-17,0,0
1775,0.9402371848936705,0.5866212445872652,0.16866594964967221,0.2267369181417216,8.196568423990414e-17,-7.28583859910259e-17,0,0
1776,0.9666999966387237,0.6000143614248648,0.17140548857354163,0.23086283840390084,1.5612511283791264e-16,1.5959455978986625e-16,0,0
1777,0.9829222743114772,0.6100111142625739,0.17313138430649058,0.23400562254236898,-1.8041124150158794e-16,-5.898059818321144e-17,0,0
1778,1.0,0.6199999999989995,0.17500000000000002,0.23716113469358874,0.0352274895818343,3.2959746043559335e-17,2,0
1779,0.4197640557887959,0.3815249553124279,0.12748834601644984,0.19260289670081257,-1.6653345369377348e-16,-6.938893903907228e-18,0,0
1780,0.4387527610861458,0.3877027019174406,0.1288935929920113,0.19180456172191315,1.0668549377257364e-16,-5.551115123125783e-17,0,0
1781,0.4577391013532571,0.3938688196207941,0.13027073653304333,0.1911988561969138,-1.9081958235744878e-17,7.632783294297951e-17,0,0
1782,0.4767376699503159,0.4000281106746333,0.13163038180982414,0.19077197407909427,-1.3617579286417936e-16,-4.85722573273506e-17,0,0
1783,0.4957416054753732,0.4061967116482473,0.1329776523315839,0.1905175388327409,1.6219664500383146e-16,-6.938893903907228e-18,0,0
1784,0.4007703873996794,0.3753448445927063,0.12604106518314218,0.19361248064434794,1.8735013540549517e-16,-1.0408340855860843e-17,0,0
1785,0.5147425080006591,0.412379054457463,0.13431816257668308,0.19042665552151705,-2.3418766925686896e-17,-5.898059818321144e-17,0,0
1786,0.53374397648826,0.4185624146166876,0.13565981079544262,0.19048416397694942,2.3592239273284576e-16,1.0408340855860843e-17,0,0
1787,0.5527484830742526,0.4247500098778139,0.1370070913621621,0.19068144139931895,-2.0296264668928643e-16,9.71445146547012e-17,0,0
1788,0.5717547510544613,0.4309377079233006,0.13836421335934132,0.1910084430552601,-3.8163916471489756e-17,-3.469446951953614e-18,0,0
1789,0.5907627595648279,0.4371247383265393,0.13973434897759096,0.1914570384815251,2.6020852139652106e-17,-3.122502256758253e-17,0,0
1790,0.6097700078956954,0.4433111257900988,0.14111985818738504,0.19202016086332285,-6.331740687315346e-17,-6.938893903907228e-17,0,0
1791,0.2067484351927085,0.294006579670696,0.10886871611934688,0.2165620848501543,7.979727989493313e-17,-1.0408340855860843e-17,0,0
1792,0.1074638646159452,0.2434054637344819,0.08577239026439351,0.2477386047275791,-6.938893903907228e-17,-1.491862189340054e-16,0,0
1793,0.6287740349148596,0.4494903995969654,0.14252310959357264,0.1926891862739105,1.0234868508263162e-16,0.0,0,0
1794,0.0,0.2000000000002582,0.0,0.28947296629981495,-0.04328522525223678,-7.719519468096792e-17,1,0
1795,0.6477847585343226,0.4556710414208204,0.14394617344224458,0.1934601196887101,-1.0061396160665481e-16,-1.249000902703301e-16,0,0
1796,0.6667972675070648,0.4618549736075943,0.14538992655667252,0.19432846969262746,2.185751579730777e-16,1.3530843112619095e-16,0,0
1797,0.6858015154132048,0.4680517777370687,0.14685406734871728,0.19529295959816662,-9.280770596475918e-17,-1.457167719820518e-16,0,0
1798,0.7089583703289601,0.4937902251540783,0.14764364828630994,0.2026328589428531,1.457167719820518e-16,6.071532165918825e-18,0,0
1799,0.72796327904545,0.4999803051577514,0.1492456343410073,0.20377992997664615,-4.9439619065339e-17,1.734723475976807e-17,0,0
1800,0.746976833778812,0.5061407069142426,0.15087170088993224,0.20499309160508156,-1.5959455978986625e-16,-6.245004513516506e-17,0,0
1801,0.7659881224322511,0.512302739130865,0.15252001642570504,0.2062796574181317,1.6132928326584306e-16,-7.28583859910259e-17,0,0
1802,0.7850133526172024,0.5184637076316729,0.15419323490643572,0.20763473156299753,-1.960237527853792e-16,-3.469446951953614e-18,0,0
1803,0.8040426332961522,0.5246248923433667,0.1558911907773541,0.20905626675038352,1.0755285551056204e-16,-6.938893903907228e-18,0,0
1804,0.8230565332926016,0.5308109214080527,0.15761208045563405,0.21055008366329359,8.326672684688674e-17,1.1796119636642288e-16,0,0
1805,0.842070684111009,0.5369973256237964,0.15935924385762684,0.2121048387895152,-9.107298248878237e-17,0.0,0,0
1806,0.9552780691410019,0.5899998793763089,0.17024542856096536,0.22770865520531572,-1.700029006457271e-16,3.8163916471489756e-17,0,0
1807,0.225732776715581,0.3001890416394248,0.1121853522381044,0.2119050583080343,-2.862293735361732e-17,-5.551115123125783e-17,0,0
1808,0.2447200450931365,0.3063696901071432,0.11503474467587814,0.20771550989162527,-1.205632815803881e-16,-8.673617379884035e-17,0,0
1809,0.263707401334652,0.3125499382379237,0.11750554970216573,0.20397207023697064,5.204170427930421e-17,1.3530843112619095e-16,0,0
1810,0.2826927394989189,0.3187270818882036,0.11967234979128266,0.20064877351699129,4.5102810375396984e-17,2.0816681711721685e-17,0,0
1811,0.3016818318413732,0.3249067669168005,0.12159600057430889,0.19771785874457723,-2.2551405187698492e-17,-4.85722573273506e-17,0,0
1812,0.3206689718949281,0.3310852245412686,0.12332675399185548,0.1951516513876809,-4.9439619065339e-17,1.734723475976807e-17,0,0
1813,0.3396551280799284,0.3372666276521358,0.12490515975276338,0.19292393415721004,-8.760353553682876e-17,-7.28583859910259e-17,0,0
1814,0.3586424595162347,0.3434479476032569,0.12636618296330399,0.1910075665280889,1.5612511283791264e-16,6.938893903907228e-18,0,0
1815,0.3776333618387424,0.3496278505539807,0.12773804446421078,0.18937747366062216,1.1796119636642288e-16,-1.0408340855860843e-17,0,0
1816,0.1455245348008775,0.2557535479320256,0.10063627587518229,0.23246803817831438,-1.0755285551056204e-16,2.42861286636753e-17,0,0
1817,0.1646175052908779,0.2620241131064394,0.10616474277638838,0.2255541946262047,6.852157730108388e-17,4.163336342344337e-17,0,0
1818,0.1264512895203164,0.2495889781957308,0.09388722855640817,0.23990982430355154,-1.3183898417423734e-16,-1.5439038936193583e-16,0,0
1819,0.1836187327124911,0.268255414899543,0.11070248259179365,0.21924214414295018,-9.454242944073599e-17,-1.3530843112619095e-16,0,0
1820,0.2026129201196612,0.2744641377357789,0.11446179050431939,0.213509276480671,-3.5561831257524545e-17,-1.5612511283791264e-16,0,0
1821,0.3966257271720662,0.355806852527224,0.12904278616155684,0.18801202051597357,-1.6740081543176188e-16,-3.8163916471489756e-17,0,0
1822,0.0147771658445296,0.1903696875309603,0.019621693787141903,0.29014352373614505,4.5102810375396984e-17,-5.204170427930421e-17,0,0
1823,0.03097140509542898,0.1988511899941753,0.03751931765087036,0.2832215241555441,-1.682681771697503e-16,-5.134781488891349e-16,0,0
1824,0.04760889186633389,0.2057156862596279,0.053511370550338666,0.27632449266884707,-2.445960101127298e-16,-1.0408340855860843e-15,0,0
1825,0.06587476802305794,0.211545409888081,0.06866473094029579,0.26741667523200674,-2.8796409701215e-16,-5.082739784612045e-16,0,0
1826,0.08475904094488863,0.2177014649927133,0.08142743474957695,0.25783965108477236,7.806255641895632e-18,2.2898349882893854e-16,0,0
1827,0.1035665655585125,0.2238248491404043,0.09182605819417677,0.24869388625215186,-2.211772431870429e-16,-2.636779683484747e-16,0,0
1828,0.7048115242305975,0.474248008954011,0.1483420459050881,0.19634353566881882,-4.5102810375396984e-17,-1.2967057982926633e-16,0,0
1829,0.8610855656535346,0.5431854024365073,0.16113361558361547,0.2137182146010792,-1.0755285551056204e-16,2.0513105103425744e-16,0,0
1830,0.8801007754381739,0.5493734367618301,0.16293580946121572,0.21538735299063147,-1.5439038936193583e-16,2.0816681711721685e-17,0,0
1831,0.899116905847747,0.5555610770270902,0.16476673669888886,0.217109573112553,1.0581813203458523e-16,1.8388068845354155e-16,0,0
1832,0.9181334768747732,0.5617484103053707,0.16662524238328782,0.21888550500790918,-5.551115123125783e-17,-1.734723475976807e-17,0,0
1833,0.9366760060264072,0.5672919644134327,0.16847299931533183,0.22050635728696344,-1.1275702593849246e-17,7.979727989493313e-17,0,0
1834,0.952911690584658,0.5712959890613705,0.1701219220211527,0.22168017468871895,-1.734723475976807e-17,-8.326672684688674e-17,0,0
1835,0.9827952783576085,0.5900524514485594,0.17317165637138593,0.2276147945315399,4.5102810375396984e-17,9.194034422677078e-17,0,0
1836,0.9660494447646778,0.5800345770157201,0.17144465319142033,0.2244332997081587,5.377642775528102e-17,-1.249000902703301e-16,0,0
1837,1.0,0.5999999999989468,0.17500000000000002,0.2307911327087462,0.03519815309491518,-6.418476861114186e-17,2,0
1838,0.4156190854873515,0.3619859225104926,0.13029861087176664,0.186891196950187,3.209238430557093e-17,-7.28583859910259e-17,0,0
1839,0.4346133578772289,0.3681655419626624,0.13152042001793196,0.18599630402760367,-5.637851296924623e-17,-3.469446951953614e-17,0,0
1840,0.4536085024384496,0.3743463475842047,0.13272038507206352,0.1853105939468867,7.45931094670027e-17,-6.938893903907228e-18,0,0
1841,0.4725910848533211,0.3805050754241629,0.13391050703939864,0.18481245759727,-4.163336342344337e-17,1.0061396160665481e-16,0,0
1842,0.4915902830881264,0.3866625797913489,0.13509857340600032,0.18449093456747798,1.3270634591222574e-16,3.122502256758253e-17,0,0
1843,0.5105956264549205,0.3928319983903403,0.13628829043940452,0.1843393325044878,-1.5439038936193583e-16,3.8163916471489756e-17,0,0
1844,0.5295979143579728,0.3990146995091328,0.13748411843777772,0.1843476599787663,6.418476861114186e-17,7.979727989493313e-17,0,0
1845,0.5486005077130179,0.4051976122112781,0.1386925237566981,0.18450062623591465,-2.0816681711721685e-16,1.734723475976807e-17,0,0
1846,0.567604092885907,0.4113815508741184,0.13991692739882353,0.18478887361573085,1.1796119636642288e-16,-6.938893903907228e-18,0,0
1847,0.5866113457644736,0.4175689887070113,0.14116016996499786,0.1852044264065711,8.847089727481716e-17,7.28583859910259e-17,0,0
1848,0.6056218966061446,0.4237590426856109,0.14242454517648662,0.18573926224351522,-2.255140518769849e-16,6.591949208711867e-17,0,0
1849,0.6246307251565739,0.4299465315181413,0.14371182944673627,0.18638490610555172,1.0148132334464322e-16,9.71445146547012e-17,0,0
1850,0.2216053138707897,0.2806560414925601,0.11759627520312131,0.20834105039004416,-1.0061396160665481e-16,-5.898059818321144e-17,0,0
1851,0.1223407617084326,0.2300439457413644,0.1002430364236024,0.23985754694723335,-5.204170427930421e-18,-1.214306433183765e-17,0,0
1852,0.6436346598496075,0.436126474776345,0.14502347227875653,0.18713339351736205,-1.3877787807814457e-17,5.551115123125783e-17,0,0
1853,0.0,0.180000000000207,0.0,0.296633574939342,-0.04549323866003875,-6.093216209368535e-16,1,0
1854,0.6626442798854107,0.4423119306191826,0.14636060884285415,0.18798247099096768,2.0816681711721685e-17,1.214306433183765e-16,0,0
1855,0.6816549162815826,0.4485011192585315,0.14772390550157227,0.1889265322052164,-1.3183898417423734e-16,-3.469446951953614e-17,0,0
1856,0.7006634028778049,0.4546921212198758,0.1491140022230916,0.18996024373975104,8.239936510889834e-17,2.498001805406602e-16,0,0
1857,0.7238217893270968,0.4804338783174334,0.14985472032997504,0.1974729555806446,-1.6653345369377348e-16,6.635317295611287e-17,0,0
1858,0.7428262603023621,0.4866127905453027,0.1513920587173285,0.1986787536954129,1.2663481374630692e-16,1.942890293094024e-16,0,0
1859,0.7618304849096318,0.4927813437151772,0.15295539176183925,0.19995572567154202,1.1362438767648086e-16,-1.3877787807814457e-17,0,0
1860,0.7808606625152047,0.4989240178201493,0.15454847511864053,0.20129442868687944,-2.402592014227878e-16,3.122502256758253e-17,0,0
1861,0.799883391079146,0.5050777298754789,0.15616709056134656,0.20270537318300993,2.229119666630197e-16,0.0,0,0
1862,0.8189068671078458,0.5112512927207303,0.15781260041542255,0.20418837874187432,-1.0408340855860843e-16,-1.4224732503009818e-16,0,0
1863,0.8379211200638547,0.5174375469517629,0.15948516531273454,0.20573853046899607,2.42861286636753e-17,7.979727989493313e-17,0,0
1864,0.8569359663526294,0.52362400883154,0.16118692575908358,0.20734872933468126,-1.6046192152785466e-16,-1.5612511283791264e-16,0,0
1865,0.2405796647168835,0.2868357668257201,0.12022555889711692,0.20371997083557986,8.500145032286355e-17,5.551115123125783e-17,0,0
1866,0.2595667225384889,0.2930176432534229,0.12245689337821636,0.199606320019411,-1.5612511283791264e-16,-2.3592239273284576e-16,0,0
1867,0.2785513826791857,0.2991967923773123,0.12437270930325271,0.19596870418631324,-1.734723475976807e-17,-1.3877787807814457e-17,0,0
1868,0.2975363995910078,0.3053748224067626,0.12604170825705105,0.1927705879962405,6.938893903907228e-17,8.326672684688674e-17,0,0
1869,0.3165224399421173,0.3115534015142215,0.12751915303733852,0.1899769591116707,-1.3097162243624894e-16,-4.85722573273506e-17,0,0
1870,0.335510059203176,0.3177324332565142,0.12884992845899393,0.1875544708069613,3.8163916471489756e-17,5.898059818321144e-17,0,0
1871,0.3544984182207521,0.3239127871284467,0.13006994618904894,0.18547260750190953,7.112366251504909e-17,-1.1449174941446927e-16,0,0
1872,0.3734883018912608,0.3300934853171427,0.13120870800544596,0.18370229785942885,-5.204170427930421e-17,8.673617379884035e-17,0,0
1873,0.3924805493531485,0.3362698958626013,0.13229078275633824,0.18221576459696642,-1.1102230246251565e-16,4.85722573273506e-17,0,0
1874,0.1412612360344487,0.2362402410294277,0.10711195201672839,0.23148632823532989,-2.636779683484747e-16,-3.434752482434078e-16,0,0
1875,0.1604564034573726,0.24251246839236,0.11271363573547809,0.22365256546868514,-5.0306980803327406e-17,-2.255140518769849e-16,0,0
1876,0.1795317889568817,0.248754967102627,0.11717343823781208,0.21656344967672095,1.734723475976807e-18,4.85722573273506e-17,0,0
1877,0.1985055065492293,0.2549513452144017,0.12074502897245667,0.21020173082710272,-1.0928757898653885e-16,-2.255140518769849e-16,0,0
1878,0.2174769160822201,0.2611292772829417,0.1236370902364377,0.20450377674250425,-1.5612511283791264e-17,5.551115123125783e-17,0,0
1879,0.4114729028430451,0.3424502893470325,0.13333297086537801,0.18099268238617344,1.3357370765021415e-16,1.4224732503009818e-16,0,0
1880,0.01217181918403954,0.170356221165906,0.018765972359536087,0.29743102444726255,-1.1587952819525071e-15,-1.4220395694319876e-15,0,0
1881,0.0289299177256661,0.1812324038368848,0.0398456202565893,0.2885031588707522,-3.400058012914542e-16,-5.447031714567174e-16,0,0
1882,0.04490655149633594,0.1867837908463986,0.05759688711485748,0.2812019368019336,3.720981855970251e-16,6.609296443471635e-16,0,0
1883,0.06179615481761566,0.1920791509409722,0.0734373777459712,0.27138873532640906,-2.983724378680108e-16,-5.689893001203927e-16,0,0
1884,0.0807205235493618,0.1982193830434972,0.0875189353755635,0.2602473899493178,-2.8102520310824275e-16,-6.192962809237201e-16,0,0
1885,0.09958212293656396,0.2043489386827004,0.09878094157150029,0.24977003686883043,-4.822531263215524e-16,-8.673617379884035e-16,0,0
1886,0.1184164967744305,0.2105299735787032,0.10770404315376562,0.23963029951645234,-1.5092094240998222e-16,-3.8163916471489756e-16,0,0
1887,0.7196735022564253,0.460877659186803,0.15053235984698518,0.19107636212486145,-2.0816681711721685e-16,1.3877787807814457e-17,0,0
1888,0.8759509613597151,0.5298115492852905,0.162918802491582,0.20901650255364576,2.983724378680108e-16,-5.2909066017292616e-17,0,0
1889,0.8949668963592214,0.5359991078516861,0.16468125990388174,0.21073948467396617,-1.491862189340054e-16,-1.491862189340054e-16,0,0
1890,0.9139832220116917,0.5421861838309704,0.16647557662291163,0.21251452973719184,1.6653345369377348e-16,1.0755285551056204e-16,0,0
1891,0.933528395440731,0.5482612784051308,0.16835301074759157,0.21430236837050548,-3.2959746043559335e-17,2.7755575615628914e-17,0,0
1892,0.9521579087214388,0.5532861884508056,0.17018032919504208,0.2158009111767348,1.474514954580286e-16,4.85722573273506e-17,0,0
1893,0.9683166474380638,0.5602124250419792,0.1717755133439687,0.21797397159599685,-1.196959198423997e-16,1.0408340855860843e-17,0,0
1894,0.983374140616027,0.570315400551611,0.17328383152835108,0.22122000215081136,2.42861286636753e-17,-6.071532165918825e-17,0,0
1895,1.0,0.5799999999988942,0.17500000000000002,0.2243482666420261,0.03517600078532972,1.9081958235744878e-17,2,0
1896,0.4304678918220482,0.3486254861162248,0.13435241357137676,0.18000795667068784,-9.020562075079397e-17,6.938893903907228e-18,0,0
1897,0.4494633552152012,0.3548052918098437,0.135359269851494,0.179246130514314,5.0306980803327406e-17,-8.326672684688674e-17,0,0
1898,0.4684570260588402,0.3609836592124722,0.13636411871158427,0.1786880351277341,-2.3332030751888055e-16,-1.457167719820518e-16,0,0
1899,0.4874416949330538,0.3671431655670807,0.13737640679612428,0.17831280011550923,2.3071822230491534e-16,9.367506770274758e-17,0,0
1900,0.5064411679115203,0.3733044715635739,0.13840132980429135,0.17811043089258285,-1.0581813203458523e-16,-2.0816681711721685e-17,0,0
1901,0.5254503771039046,0.3794680521888607,0.13944325564736554,0.17806934209906145,-5.377642775528102e-17,1.3877787807814457e-17,0,0
1902,0.5444535400592285,0.3856504969481014,0.14050259286421357,0.17818575771964773,-7.19910242530375e-17,-2.7755575615628914e-17,0,0
1903,0.5634575411712459,0.3918325787860475,0.14158543532401008,0.1784417523985708,1.5612511283791264e-16,5.898059818321144e-17,0,0
1904,0.5824640686158389,0.3980179578439074,0.14269387543648482,0.1788292904327538,-4.5102810375396984e-17,-2.7755575615628914e-17,0,0
1905,0.6014726534692288,0.4042061000000254,0.14382976540040115,0.17933982257359712,-3.122502256758253e-17,7.979727989493313e-17,0,0
1906,0.620482356998529,0.4103936900369925,0.14499466774555328,0.1799647149455293,9.8879238130678e-17,-8.326672684688674e-17,0,0
1907,0.6394898173298802,0.4165790226114238,0.14618938121021355,0.18069676948776067,1.1275702593849246e-16,9.020562075079397e-17,0,0
1908,0.2364501633774534,0.2673089289034585,0.1259914295379658,0.19943396330543958,-1.1796119636642288e-16,-2.7755575615628914e-17,0,0
1909,0.1372303100896293,0.2166829048341092,0.11470365756027323,0.2301934491416353,-1.8908485888147197e-16,-2.914335439641036e-16,0,0
1910,0.6584973840572957,0.4227631291872742,0.14741469714338318,0.18152994744190595,-2.7582103268031233e-16,-1.249000902703301e-16,0,0
1911,0.0,0.1600000000001506,0.0,0.30491472643095824,-0.04990459683096427,-8.959846753420209e-16,1,0
1912,0.677506170240581,0.4289503088426085,0.1486709781079822,0.18245997611172762,2.6281060661048627e-16,1.457167719820518e-16,0,0
1913,0.6965152452221723,0.4351362797938418,0.14995884966054537,0.18348035390516987,-2.220446049250313e-16,-1.0755285551056204e-16,0,0
1914,0.7155251926130441,0.441321689848531,0.15127859279741476,0.18458662244955,1.2836953722228372e-16,-7.632783294297951e-17,0,0
1915,0.7386841652451015,0.467063072574799,0.15197903360658357,0.19227273381717722,9.020562075079397e-17,-1.6263032587282567e-16,0,0
1916,0.7576937670835286,0.4732480066737019,0.1534543102261457,0.19354542819349668,2.0643209364124004e-16,5.551115123125783e-17,0,0
1917,0.7767059213950007,0.4793995134458104,0.1549604160273635,0.19487973511527962,-2.8622937353617317e-16,-1.1796119636642288e-16,0,0
1918,0.7957427026579968,0.4855190731218914,0.15649949738497887,0.19627225168803947,1.8908485888147197e-16,6.245004513516506e-17,0,0
1919,0.8147564077555717,0.4916946939348622,0.15806411238570958,0.197751531017245,1.5612511283791264e-17,1.457167719820518e-16,0,0
1920,0.8337712088260042,0.4978781470319392,0.15965913583145172,0.19929756801087098,-1.3877787807814457e-16,-1.6306400674181987e-16,0,0
1921,0.8527858414745598,0.5040640749997348,0.16128519793436608,0.20090601067826283,6.938893903907228e-17,1.5265566588595902e-16,0,0
1922,0.8718011425976355,0.5102506576134029,0.16294305621896735,0.2025738336038074,7.28583859910259e-17,7.979727989493313e-17,0,0
1923,0.255430279174623,0.2734874944108995,0.127928619774643,0.1949463771223139,2.393918396847994e-16,8.673617379884035e-17,0,0
1924,0.2744108638034137,0.2796669299245585,0.12954263165208801,0.1909963174087108,-3.469446951953614e-16,-2.2898349882893854e-16,0,0
1925,0.2933941076751723,0.285845004544392,0.13091079327179136,0.1875365185349705,8.413408858487514e-17,3.469446951953614e-18,0,0
1926,0.3123792470588206,0.2920227916789739,0.13209329315969573,0.18452376206236742,7.28583859910259e-17,-4.85722573273506e-17,0,0
1927,0.3313659456081883,0.2982007137752579,0.13313828261754834,0.1819177096631586,-1.0495077029659683e-16,-1.6653345369377348e-16,0,0
1928,0.3503549397575416,0.3043796910412287,0.13408382103615196,0.17968161294435867,1.1622647289044608e-16,1.0408340855860843e-16,0,0
1929,0.3693449129284951,0.3105607147390099,0.13495991918431782,0.17778252874546455,-9.280770596475918e-17,7.632783294297951e-17,0,0
1930,0.388335098184316,0.3167418119262941,0.13579095169551175,0.17618986735667638,1.9081958235744878e-17,-2.0816681711721685e-17,0,0
1931,0.4073251102680543,0.3229210114897996,0.1365963296311088,0.17487569816770904,3.469446951953614e-17,-6.938893903907228e-17,0,0
1932,0.1562018137774967,0.2229370631881267,0.12018102279488908,0.22150722637391845,-2.714842239903703e-16,-3.9898639947466563e-16,0,0
1933,0.1752857722514367,0.2291869468328109,0.12447451370704192,0.21359712100444284,-3.8163916471489756e-17,-4.85722573273506e-17,0,0
1934,0.194368744072739,0.2354275535885765,0.12780048421331877,0.20652740912625026,3.469446951953614e-17,6.245004513516506e-17,0,0
1935,0.2133438119176101,0.241605789763691,0.13037595601790392,0.20027797771321787,-2.6107588313450947e-16,-1.3183898417423734e-16,0,0
1936,0.2323170560252929,0.2477838997364889,0.13238313240545374,0.19475636786568878,-2.862293735361732e-17,-1.734723475976807e-17,0,0
1937,0.4263208773688397,0.3290906801974278,0.1373928135584551,0.1738121313217473,-6.158268339717665e-17,-1.700029006457271e-16,0,0
1938,0.0173205080757259,0.1500000000001291,0.03170806755447831,0.30312078860885733,2.643718577388654e-15,2.3751833833074443e-14,0,0
1939,0.0273474445647005,0.1656426823558722,0.04274751526739413,0.2936355709994751,1.0408340855860843e-17,-4.698498534683182e-15,0,0
1940,0.04211905851323988,0.169826796775517,0.061496143831871256,0.2862127160410976,5.516420653606247e-16,4.562322741819003e-16,0,0
1941,0.05870977388853554,0.1740658830035197,0.0792520496230972,0.275019477747415,-5.273559366969494e-16,-1.412064909445121e-15,0,0
1942,0.07664528621794205,0.1787830457075928,0.09464865815652837,0.26278344773442697,-8.291978215169138e-16,-1.403391292065237e-15,0,0
1943,0.09559455185280774,0.184958830453453,0.10688523421613488,0.2507937019419535,6.245004513516506e-17,2.0296264668928643e-16,0,0
1944,0.1144946438024873,0.1911121710273112,0.11633398394163486,0.23913950546105417,-4.753142324176451e-16,-5.880712583561376e-16,0,0
1945,0.1332845765509575,0.1971670320463302,0.12347713523151432,0.22845825911197726,-2.723515857283587e-16,-2.220446049250313e-16,0,0
1946,0.734535136371739,0.4475071392726364,0.15263032639830318,0.18577475745036406,8.673617379884035e-17,5.594483210025203e-17,0,0
1947,0.8908167376735553,0.5164375498655501,0.1646338886995888,0.2042978207147546,-1.3530843112619095e-16,7.546047120499111e-17,0,0
1948,0.9098330441664444,0.522624401684838,0.1663573997617738,0.2060764831964986,1.6306400674181987e-16,-2.0469737016526324e-16,0,0
1949,0.929466177484986,0.5286807294178953,0.16817836807115188,0.20785529022184404,-3.469446951953614e-17,-5.204170427930421e-17,0,0
1950,0.9510364894270504,0.5343259651509595,0.17022428826655397,0.2095425285188963,-1.8648277366750676e-17,6.245004513516506e-17,0,0
1951,0.9688454991766426,0.5401813833691864,0.1719286322340348,0.21137779876616605,-5.204170427930421e-17,-2.7755575615628914e-17,0,0
1952,0.9841079303344316,0.5497226454024854,0.17340856406952881,0.2144740372319296,-2.2551405187698492e-17,2.0816681711721685e-17,0,0
1953,1.0,0.5599999999988415,0.17500000000000002,0.21783370289546644,0.03514945983562497,3.642919299551295e-17,2,0
1954,0.4453173817437671,0.3352638370206399,0.1381890704834871,0.17298310542799444,1.3270634591222574e-16,1.0061396160665481e-16,0,0
1955,0.464314578015645,0.3414442151608168,0.13899382480016553,0.1723706544472202,-1.3444106938820255e-16,7.632783294297951e-17,0,0
1956,0.4833104785219851,0.3476238652380699,0.13981540368750583,0.1719548768314258,2.2551405187698492e-17,-1.1102230246251565e-16,0,0
1957,0.5022938533437655,0.3537804598909593,0.14066130984799888,0.17171370456688828,-9.020562075079397e-17,1.0755285551056204e-16,0,0
1958,0.5212943703607149,0.3599422092245179,0.14153417383103234,0.17163968366555155,2.949029909160572e-17,-1.2836953722228372e-16,0,0
1959,0.540304117066046,0.3661097025449727,0.14243648311952817,0.1717218820847244,1.7954387976359953e-16,-2.7755575615628914e-17,0,0
1960,0.5593108527829427,0.3722842130570233,0.14336940587819338,0.1719509890823057,-4.2500725161431774e-17,1.734723475976807e-17,0,0
1961,0.5783154346904912,0.3784661685777793,0.14433484798831306,0.1723172444593809,-6.418476861114186e-17,-1.0755285551056204e-16,0,0
1962,0.5973233437136873,0.3846523601184629,0.14533493583819784,0.1728099800532043,7.806255641895632e-18,-2.42861286636753e-17,0,0
1963,0.6163327523780916,0.3908393289364576,0.14637069175613315,0.17342009815165033,3.0357660829594124e-17,-6.591949208711867e-17,0,0
1964,0.6353413667859266,0.3970251619505092,0.14744253097072277,0.17413988440368158,-1.9255430583342559e-16,3.122502256758253e-17,0,0
1965,0.6543496000158995,0.4032106188571103,0.14855063093233256,0.17496305521687094,1.6479873021779667e-16,2.42861286636753e-17,0,0
1966,0.2512917503949116,0.2539610936721406,0.13395982110727622,0.18990006386348368,1.5785983631388945e-16,3.8163916471489756e-17,0,0
1967,0.1521076096786917,0.2033777931710026,0.128776605004497,0.21880875867482968,9.71445146547012e-17,1.7867651802561113e-16,0,0
1968,0.6733580126407215,0.4093958666594342,0.14969507135040283,0.17588373977970315,1.3183898417423734e-16,-1.1796119636642288e-16,0,0
1969,0.0,0.1400000000001077,0.0,0.3138084232337925,-0.05598090037674927,3.759904713962481e-15,1,0
1970,0.6923671265076929,0.4155807649233844,0.15087588872062677,0.17689653464148006,-1.231653667943533e-16,-4.5102810375396984e-17,0,0
1971,0.7113769316944861,0.4217658231344487,0.1520929260947074,0.17799681106741316,7.112366251504909e-17,-4.5102810375396984e-17,0,0
1972,0.7303856832191309,0.4279516153780739,0.15334583234519636,0.17918048928807134,-1.3704315460216776e-16,-3.469446951953614e-17,0,0
1973,0.7535468947575278,0.4536726603148975,0.15401532305954746,0.18703390432206451,2.7755575615628914e-17,-6.158268339717665e-17,0,0
1974,0.7725645864870955,0.4598288301451719,0.15543346922928858,0.1883641016627139,-3.0357660829594124e-17,5.898059818321144e-17,0,0
1975,0.7915847732148471,0.4659836523511839,0.15688409746751533,0.18976500108007183,8.066464163292153e-17,-1.0061396160665481e-16,0,0
1976,0.810607929671288,0.4721334157416897,0.15836765191322116,0.19123232365672801,-2.0036056147532122e-16,-2.1163626406917047e-16,0,0
1977,0.8296212478372422,0.4783183652608148,0.15988194869930217,0.19277750781852276,2.220446049250313e-16,2.3592239273284576e-16,0,0
1978,0.8486359083111472,0.48450379942989,0.1614296142870611,0.19438560967028398,-1.8301332671555315e-16,-1.2836953722228372e-16,0,0
1979,0.8676509093717254,0.4906898394888699,0.16301085539382557,0.1960543393737195,1.2923689896027213e-16,-2.0816681711721685e-16,0,0
1980,0.8866666311059831,0.4968760882389717,0.16462605864843596,0.19778143181800917,-3.382710778154774e-17,-9.71445146547012e-17,0,0
1981,0.2702705320307997,0.2601392869868352,0.13521291509103642,0.1856476148873125,-1.708702623837155e-16,2.7755575615628914e-17,0,0
1982,0.2892517837561251,0.2663165493282195,0.13622681321678115,0.1819406753529047,2.0296264668928643e-16,7.28583859910259e-17,0,0
1983,0.3082358901783449,0.27249247444507,0.1370671129618351,0.1787250773223132,-2.177077962350893e-16,-8.326672684688674e-17,0,0
1984,0.3272221680711026,0.2786686356381168,0.13778428404525533,0.17595292095063403,8.153200337090993e-17,9.367506770274758e-17,0,0
1985,0.3462096709354421,0.2848460052060243,0.13841796783358873,0.1735809089407667,-5.551115123125783e-17,-1.1449174941446927e-16,0,0
1986,0.3652029689818749,0.2910268598036856,0.13899904100286384,0.17156995134822975,-1.682681771697503e-16,-1.0061396160665481e-16,0,0
1987,0.3841929094362552,0.2972084208992324,0.1395513116278057,0.16988651867688215,1.3964523981613297e-16,8.673617379884035e-17,0,0
1988,0.4031882110043911,0.3033924983082844,0.14009391986289696,0.16849875636809106,-2.949029909160572e-17,-3.469446951953614e-18,0,0
1989,0.4221760039083915,0.3095557138268672,0.14064454308644278,0.16737312325397577,1.960237527853792e-16,1.4224732503009818e-16,0,0
1990,0.1711800881560916,0.2096381714148838,0.13278270423470984,0.21005499829157734,-4.2587461335230614e-16,-4.475586568020162e-16,0,0
1991,0.1901933271711839,0.2158719943721362,0.1357227356428516,0.20232598941178861,-1.0581813203458523e-16,-5.551115123125783e-17,0,0
1992,0.2092059536319803,0.2220841375733358,0.13788022074312262,0.1955156370094795,-6.938893903907228e-17,-6.938893903907228e-18,0,0
1993,0.2281786564287263,0.2282621150326988,0.13945062072119582,0.1895552244719401,-2.237793284010081e-16,-2.6020852139652106e-16,0,0
1994,0.247152743887816,0.2344384111104987,0.14058779648544856,0.18434951660582782,5.898059818321144e-17,-6.938893903907228e-18,0,0
1995,0.4411705291242483,0.3157229551661276,0.141210268567616,0.16649218873669677,-3.0357660829594124e-16,-3.469446951953614e-17,0,0
1996,0.01837468896030796,0.1293913683825914,0.03951884100318036,0.3102792668027478,-1.7598769663784708e-14,-9.453202109988013e-14,0,0
1997,0.03898439399735035,0.1525154470633039,0.06548413851984687,0.29192354008911864,-5.238864897449957e-16,3.183217578417441e-16,0,0
1998,0.05668225079120628,0.1569346538451153,0.08672004675302483,0.2779706922551943,9.194034422677078e-16,-1.249000902703301e-16,0,0
1999,0.07303145197469148,0.1608720515844664,0.10258336763536785,0.2649288845700245,-6.271025365656158e-16,-1.5595164049031496e-15,0,0
2000,0.09153831743487979,0.165544827066502,0.11642086882166741,0.2516072390300106,-1.2490009027033011e-15,-2.007075061705166e-15,0,0
2001,0.1104398787076858,0.1716868095040018,0.1263421513951521,0.23819562417656007,-4.0072112295064244e-16,-4.85722573273506e-16,0,0
2002,0.129294237029946,0.177782811281592,0.1334988115073387,0.22609779292708554,-3.191891195797325e-16,-3.7816971776294395e-16,0,0
2003,0.1481816292631355,0.1839084757499407,0.1386130835435981,0.21529354519617308,-6.661338147750939e-16,-7.077671781985373e-16,0,0
2004,0.7494039360680709,0.4341044910268806,0.15463720668707462,0.18043137293910486,2.7755575615628914e-17,-6.808789643208968e-17,0,0
2005,0.9056827691536468,0.5030625708289166,0.16627688452014844,0.1995626305803087,3.8163916471489756e-17,1.1232334506949826e-16,0,0
2006,0.9246993405827104,0.5092496378148069,0.16796048254388898,0.2013999185570577,-2.3678975447083417e-16,1.491862189340054e-16,0,0
2007,0.9437165732812873,0.5154369096206673,0.16968366272112206,0.20328559024570403,9.280770596475918e-17,-7.979727989493313e-17,0,0
2008,0.9644910436738778,0.518255017877456,0.17163583507001395,0.20408853430993656,2.2724877535296173e-16,4.85722573273506e-17,0,0
2009,0.9838118303454974,0.5282629753005086,0.17344127260205155,0.2073613562305849,-1.9081958235744878e-16,-2.6020852139652106e-17,0,0
2010,1.0,0.5399999999987888,0.17500000000000002,0.21124691572356571,0.035114726810348586,1.734723475976807e-17,2,0
2011,0.4601682942555485,0.3219016231149213,0.14179791706419162,0.1658381651123417,8.673617379884035e-18,1.1102230246251565e-16,0,0
2012,0.4791667983662407,0.3280823275122789,0.14241529664836067,0.16538911957532937,2.5673907444456745e-16,-4.85722573273506e-17,0,0
2013,0.4981608622007727,0.3342580378786292,0.14306768255525784,0.16512627011353365,-3.165870343657673e-16,-2.0816681711721685e-16,0,0
2014,0.5171480804929471,0.3404199163426316,0.1437590957761012,0.16503173867154308,3.226585665316861e-16,1.3530843112619095e-16,0,0
2015,0.5361482420313294,0.3465907039694139,0.1444902136226032,0.16509814649267437,-1.240327285323417e-16,9.367506770274758e-17,0,0
2016,0.5551637287263804,0.3527436555523275,0.1452661307061288,0.16530378286557762,-1.8388068845354155e-16,-4.85722573273506e-17,0,0
2017,0.574168846704509,0.3589157593772551,0.14608123437348383,0.1656548010419936,1.6566609195578508e-16,4.85722573273506e-17,0,0
2018,0.5931741415908728,0.365099287758919,0.14693805806574534,0.16613760584355566,-8.673617379884035e-17,1.3877787807814457e-17,0,0
2019,0.6121841888716589,0.3712873323413105,0.14783792724752515,0.16674080917958284,-6.591949208711867e-17,4.85722573273506e-17,0,0
2020,0.6311926044295199,0.3774713291714456,0.14878101009742897,0.1674543220053899,1.6566609195578508e-16,-3.122502256758253e-17,0,0
2021,0.6502011326005392,0.3836562126937997,0.1497666202951291,0.16827300037330287,2.949029909160572e-17,-1.700029006457271e-16,0,0
2022,0.6692098305731393,0.3898408631800766,0.15079437741685864,0.16919034366174143,-1.1622647289044608e-16,6.245004513516506e-17,0,0
2023,0.2661295009423914,0.2406148783900653,0.14140997323214946,0.17981976602456679,-7.19910242530375e-17,-2.0816681711721685e-17,0,0
2024,0.1670897169700006,0.1901300118503625,0.14215394539672194,0.20575592798688727,1.196959198423997e-16,2.220446049250313e-16,0,0
2025,0.6882187369510296,0.3960254147900993,0.1518637145465486,0.17020093303433984,-2.168404344971009e-17,8.326672684688674e-17,0,0
2026,0.0,0.1200000000000429,0.0,0.32341451449516834,-0.06298514729434088,-9.05699126807491e-15,1,0
2027,0.03877497653601179,0.1324986600189494,0.07641671768056432,0.2966666970874957,-9.416079027602109e-15,-2.437893636964006e-14,0,0
2028,0.7072285144744531,0.4022099554266713,0.15297410504404674,0.1712998217375763,2.0296264668928643e-16,0.0,0,0
2029,0.7262388900813337,0.4083951899584043,0.154124933445789,0.17248279889852,-2.0990154059319366e-16,-3.8163916471489756e-17,0,0
2030,0.7452498061331039,0.4145811025732571,0.15531559493854777,0.17374591900238098,8.239936510889834e-17,3.8163916471489756e-17,0,0
2031,0.768417711907576,0.4402631838442773,0.15596327668823504,0.18176006922800222,6.591949208711867e-17,8.586881206085195e-17,0,0
2032,0.7874384505640927,0.4464059642411605,0.15732596217147193,0.18315518585393437,-9.540979117872439e-17,1.0408340855860843e-17,0,0
2033,0.806457280631682,0.4525723610862811,0.1587228155505068,0.18462801021044675,5.551115123125783e-17,2.0469737016526324e-16,0,0
2034,0.8254714275251775,0.4587583503192843,0.1601539805214739,0.18617422619776416,-1.960237527853792e-16,-4.5102810375396984e-17,0,0
2035,0.8444856660743152,0.464944120106831,0.1616208077263447,0.1877842014572416,9.8879238130678e-17,-6.591949208711867e-17,0,0
2036,0.8635006509553314,0.471129534248952,0.16312348006918825,0.18945549011281362,1.6132928326584306e-16,1.5265566588595902e-16,0,0
2037,0.8825159388814517,0.477315768392515,0.16466208815335576,0.19118637920553597,-3.0791341698588326e-16,1.214306433183765e-16,0,0
2038,0.9015321368500188,0.4835011205362074,0.16623685127439755,0.1929748387646185,9.80118763926896e-17,1.734723475976807e-17,0,0
2039,0.2851089254643543,0.2467915208433973,0.14200822365634963,0.17589298500481612,-2.949029909160572e-17,-1.8041124150158794e-16,0,0
2040,0.3040920636182762,0.2529655791515436,0.1424528220453765,0.1725022721500761,-5.2909066017292616e-17,-5.204170427930421e-17,0,0
2041,0.3230778376861151,0.2591369439525191,0.14279655790764578,0.16959013443289403,9.194034422677078e-17,5.204170427930421e-17,0,0
2042,0.3420665087332022,0.2653133081155338,0.1430777332303232,0.16710843147567211,-2.0816681711721685e-17,1.1102230246251565e-16,0,0
2043,0.3610570812583119,0.2714929189762448,0.14332800198720377,0.16501168085350584,-1.2750217548429532e-16,-3.469446951953614e-17,0,0
2044,0.3800502833153294,0.2776731904072265,0.14357143793611724,0.16325974446785427,2.688821387764051e-17,-1.0061396160665481e-16,0,0
2045,0.3990390795126311,0.2838533841680645,0.14382516788159622,0.1618194620078466,5.117434254131581e-17,-6.938893903907228e-17,0,0
2046,0.4180281440340993,0.2900204332977543,0.1441055200153326,0.16065428661301515,-2.7755575615628914e-17,-9.71445146547012e-17,0,0
2047,0.4370231516507169,0.2961867045018099,0.14441966901736614,0.15974177581719406,-1.0234868508263162e-16,9.367506770274758e-17,0,0
2048,0.1860566011807676,0.1963358430540529,0.14459502717723843,0.1973555569197859,-4.5102810375396984e-17,-9.71445146547012e-17,0,0
2049,0.2050628037340886,0.2025593137691578,0.14620753170152015,0.1900275865785426,-3.720981855970251e-16,-3.400058012914542e-16,0,0
2050,0.2240391253987026,0.2087433755099908,0.14723467763171613,0.18366281576630736,1.4137996329210978e-16,1.3530843112619095e-16,0,0
2051,0.2430122017091549,0.2149198195910931,0.14783935234344137,0.1781507240005964,-2.2551405187698492e-17,-8.673617379884035e-17,0,0
2052,0.2619882262440031,0.2210928141865971,0.1481516679628654,0.17338708219444757,-2.1250362580715887e-16,-6.938893903907228e-17,0,0
2053,0.4560223859547308,0.3023592002516138,0.1447732547230921,0.15906179159994113,8.673617379884035e-19,-1.5265566588595902e-16,0,0
2054,0.01474142151757528,0.1130332403287886,0.03898555420829703,0.3186363045968922,6.045164369083977e-14,7.762193665605821e-14,0,0
2055,0.03474664110960964,0.1128652910115621,0.08377968604413928,0.30360632730404796,-1.762479051592436e-14,-1.6048967710347029e-13,0,0
2056,0.05607888756946564,0.1399538646122055,0.09750886121881586,0.2794924950821753,1.214306433183765e-16,-1.294103713078698e-15,0,0
2057,0.0708222260809221,0.1450469870484604,0.11161166955472127,0.2658780115799344,4.163336342344337e-17,-3.2612801348363973e-16,0,0
2058,0.0873084192409245,0.1468001266882807,0.12732281830125866,0.2519615010419344,-1.4085954624931674e-15,-2.105954299835844e-15,0,0
2059,0.1065274746302186,0.1523944097396519,0.138013775200591,0.23627623269911982,-1.240327285323417e-15,-1.3808398868775384e-15,0,0
2060,0.1252694960501943,0.1583688308815835,0.145062497710731,0.22270872069650563,-9.332812300755222e-16,-8.552186736565659e-16,0,0
2061,0.1441308724034758,0.1645006759313307,0.14972321229876076,0.21078712220574775,-2.0643209364124004e-16,-1.0755285551056204e-16,0,0
2062,0.163032082277721,0.1706634931708864,0.15270060126472415,0.20036155346583095,-7.719519468096792e-16,-6.036837696399289e-16,0,0
2063,0.7642621777069414,0.4207049319280405,0.1565487468822804,0.17506308697271997,-1.734723475976807e-17,6.722053469410127e-17,0,0
2064,0.9205486985311342,0.4896880956266212,0.1678515437857635,0.19481540556076263,-3.8163916471489756e-17,-2.3852447794681098e-17,0,0
2065,0.9383962498036138,0.496122259009705,0.1693874124967346,0.19681164715673666,2.8102520310824275e-16,-3.8163916471489756e-17,0,0
2066,0.952987809703399,0.5024803032953766,0.17066925621080295,0.1988460442838028,-4.0245584642661925e-16,1.9081958235744878e-17,0,0
2067,0.9828930211513012,0.5096301877258602,0.17340567876964172,0.20110820788737704,-1.4224732503009818e-16,5.724587470723463e-17,0,0
2068,1.0,0.5199999999987361,0.17500000000000002,0.20457162590018219,0.035084342652180384,-3.642919299551295e-17,2,0
2069,0.4750202207076889,0.308536920758714,0.1451712403978445,0.1585944622132138,1.7607443281164592e-16,1.1796119636642288e-16,0,0
2070,0.4940208407082626,0.3147188178445147,0.14561755993432582,0.1583206781990616,-2.6020852139652106e-18,9.020562075079397e-17,0,0
2071,0.5130169590416523,0.3208959829232472,0.14611514073796902,0.15822208955236958,9.71445146547012e-17,-1.6653345369377348e-16,0,0
2072,0.5320092044564181,0.3270552245964091,0.14666674977673574,0.15827952385165386,-2.185751579730777e-16,-1.3877787807814457e-16,0,0
2073,0.5510258269822786,0.3332033793411602,0.14727374297955917,0.15848001148734897,2.5153490401663703e-17,-4.5102810375396984e-17,0,0
2074,0.5700231651807828,0.3393670782308385,0.1479295887088636,0.15882731839276082,1.9081958235744878e-16,2.42861286636753e-17,0,0
2075,0.5890270343362873,0.3455475319237331,0.14863598689565213,0.15930935600649343,-1.3183898417423734e-16,-2.42861286636753e-17,0,0
2076,0.6080350193307729,0.3517323139521643,0.14939369259183036,0.15991294351754556,-6.938893903907228e-18,1.3877787807814457e-17,0,0
2077,0.6270437070419838,0.3579173649956755,0.15020201571077296,0.16062907573774837,2.194425197110661e-16,3.469446951953614e-17,0,0
2078,0.6460524065130274,0.3641020620626202,0.15105991161058113,0.1614506036343343,1.734723475976807e-18,-2.42861286636753e-17,0,0
2079,0.6650611343938776,0.3702866288792168,0.15196627036066399,0.16237135113224702,-1.6479873021779667e-16,3.469446951953614e-18,0,0
2080,0.6840700516175781,0.3764707224464494,0.1529200000526873,0.16338559374105782,-1.0148132334464322e-16,-4.163336342344337e-17,0,0
2081,0.2809677901085359,0.2272683711100787,0.14826598536536673,0.16928404055902094,4.683753385137379e-17,1.249000902703301e-16,0,0
2082,0.1819802912635959,0.1768562945414089,0.15447279263020028,0.19133598279153363,-1.5612511283791264e-16,-9.367506770274758e-17,0,0
2083,0.7030796489980874,0.3826536094766704,0.15392005944181159,0.1644880437183672,2.194425197110661e-16,9.71445146547012e-17,0,0
2084,0.0,0.1,0.0,0.33398449371210637,-0.04108573549607546,1.5057399771478686e-15,1,0
2085,0.05788300606156506,0.1224348466859376,0.11578034267409013,0.2767404871692421,-2.275957200481571e-14,-4.1945613649119196e-14,0,0
2086,0.7220901474735243,0.3888386529105849,0.15496517488872755,0.1656754212987956,-1.8474805019152996e-16,6.591949208711867e-17,0,0
2087,0.7410942967802049,0.3950163781556812,0.1560543909095313,0.16694057037141477,2.1684043449710089e-16,-1.1449174941446927e-16,0,0
2088,0.7601162546454382,0.401155424151683,0.1571901367760942,0.16826746823177366,-1.1188966420050406e-16,-1.2836953722228372e-16,0,0
2089,0.7832940258563301,0.4268317219145734,0.15782177534066238,0.17645363804029332,-6.938893903907228e-17,3.252606517456513e-17,0,0
2090,0.8023071506336723,0.4330124824928419,0.15912916766337987,0.17793406345169308,-4.163336342344337e-17,-2.0816681711721685e-17,0,0
2091,0.8213212028195856,0.4391983067361025,0.16047466630090318,0.17948336422131123,-1.214306433183765e-17,-7.28583859910259e-17,0,0
2092,0.8403355697222423,0.445384323036107,0.16185829205040447,0.18109737297384035,2.1250362580715887e-16,1.0755285551056204e-16,0,0
2093,0.8593502179236872,0.4515705430980834,0.1632800169773493,0.18277370863810727,-1.93421667571414e-16,-1.6306400674181987e-16,0,0
2094,0.878365609143952,0.4577568967826962,0.16473989972292968,0.18451021522948935,-1.3444106938820255e-16,1.0408340855860843e-17,0,0
2095,0.8973804731590319,0.4639433645681207,0.16623791377618113,0.18630518965376244,2.7842311789427754e-16,-8.673617379884035e-17,0,0
2096,0.9162965842988524,0.4701498454129043,0.1677646389424627,0.18816770191515558,-8.673617379884035e-17,-8.326672684688674e-17,0,0
2097,0.9678198258758807,0.4976523234016121,0.17206866789179318,0.19711572352415876,2.480654570646834e-16,5.0306980803327406e-17,0,0
2098,0.2999486145498892,0.233440792757363,0.1482560527306532,0.16576089356232893,1.6479873021779667e-16,1.5265566588595902e-16,0,0
2099,0.3189323592250928,0.2396101305326229,0.14817502066256308,0.16274996527671673,-8.326672684688674e-17,-7.28583859910259e-17,0,0
2100,0.3379211454438655,0.2457792187523743,0.14806215584214102,0.16019306725776775,-2.740863092043355e-16,-1.8041124150158794e-16,0,0
2101,0.3569124855987543,0.2519562609654775,0.14794462484062063,0.15804364708036414,2.255140518769849e-16,1.3877787807814457e-16,0,0
2102,0.3759008349905818,0.2581355082145532,0.14784625889949143,0.15625656462731616,5.551115123125783e-17,-1.1449174941446927e-16,0,0
2103,0.3948852721203147,0.2643064120380147,0.14778501656888224,0.1547897857243265,-1.448494102440634e-16,8.326672684688674e-17,0,0
2104,0.4138780947941727,0.2704734680157099,0.14777200223647266,0.15360957655533927,5.724587470723463e-17,1.0755285551056204e-16,0,0
2105,0.432873819346411,0.2766451850914716,0.14781260322115677,0.15269191134956853,-1.448494102440634e-16,0.0,0,0
2106,0.4518719179301115,0.2828113094345747,0.14791412702110818,0.15200797639110886,1.8127860323957634e-16,-1.0408340855860843e-16,0,0
2107,0.2009277178835769,0.183047604311416,0.15539916003507181,0.18357122433033485,1.8388068845354155e-16,3.0184188481996443e-16,0,0
2108,0.2198987279663436,0.1892277489775517,0.1557596404531712,0.1768746838099371,-1.6132928326584306e-16,-7.28583859910259e-17,0,0
2109,0.2388708285103873,0.1953963108547357,0.1557303580497007,0.17112497871988006,-1.205632815803881e-16,-8.326672684688674e-17,0,0
2110,0.2578472045000362,0.2015711771465414,0.15544244678796548,0.16619968208713393,-8.586881206085195e-17,6.938893903907228e-17,0,0
2111,0.2768268061660641,0.2077448722482075,0.15499844314842356,0.16198633889186073,2.2551405187698492e-17,-7.28583859910259e-17,0,0
2112,0.4708725715946121,0.2889907198135707,0.14807662275902686,0.15154345679650083,-1.1622647289044608e-16,-1.6306400674181987e-16,0,0
2113,0.01950903225015753,0.09807852803066691,0.061386962248501174,0.3208023375494983,-2.671474153004283e-14,3.1530333899354446e-14,0,0
2114,0.05555153914232636,0.1016784250325749,0.1340277006528175,0.2764697699573044,-1.0314665788158095e-13,-2.392322451250095e-13,0,0
2115,0.07606981845947332,0.1302377430066605,0.13078294219725017,0.25908563014769,-3.670674875166924e-15,-4.541506060107281e-15,0,0
2116,0.1006767266282129,0.1309158289318551,0.15238313008168758,0.23364587637504977,-2.34708086299662e-15,-1.9220736113823023e-15,0,0
2117,0.1214618434709066,0.1390230899723007,0.1585571925904519,0.21754323540770945,-2.4875934645507414e-15,-2.014013955609073e-15,0,0
2118,0.1400813133553554,0.1450643718176328,0.16239555636074168,0.20469335665657343,-9.97465998686664e-16,-7.546047120499111e-16,0,0
2119,0.158926476444503,0.1512160726863489,0.16450261675558694,0.1934970631657135,-3.0184188481996443e-16,-1.6653345369377348e-16,0,0
2120,0.1778159182302883,0.1573822291301112,0.16538546430484677,0.18397645986063615,8.673617379884035e-17,5.551115123125783e-17,0,0
2121,0.7791366597955174,0.4072854207624038,0.15836811980837232,0.16966452502185486,-5.898059818321144e-17,-1.1709383462843448e-17,0,0
2122,0.934810368295846,0.4764414478084469,0.16930224798446436,0.19010634210402433,-3.469446951953614e-18,5.984795992119984e-17,0,0
2123,0.9533617237176806,0.4827955644082983,0.17087333135831576,0.19213788826719835,-1.1362438767648086e-16,-2.0816681711721685e-17,0,0
2124,0.9835245894360183,0.4899383824054073,0.17351838346347845,0.19441111018946944,-6.938893903907228e-18,-5.0306980803327406e-17,0,0
2125,1.0,0.4999999999986943,0.17500000000000002,0.19781761407385878,0.035085914209099914,-3.469446951953614e-18,2,0
2126,0.4898740332632057,0.295172662173307,0.1483037969242606,0.15127518883025007,8.673617379884035e-17,6.938893903907228e-17,0,0
2127,0.50887567671442,0.3013547142966809,0.1485966905879508,0.15118555932424285,-6.678685382510707e-17,3.469446951953614e-17,0,0
2128,0.5278733635140009,0.307531210095808,0.14895565103871689,0.15125817521425614,9.367506770274758e-17,1.5959455978986625e-16,0,0
2129,0.5468699559846592,0.3136790818047515,0.14938274171544577,0.15147085486921563,-8.326672684688674e-17,-8.326672684688674e-17,0,0
2130,0.5658764781620121,0.3198294227265462,0.14987334335298158,0.15182271397050304,5.117434254131581e-17,1.0408340855860843e-17,0,0
2131,0.5848786575151549,0.3259951912167632,0.15042374919465978,0.1523106558404867,-9.974659986866641e-17,-5.204170427930421e-17,0,0
2132,0.6038862288420815,0.3321790408270931,0.15103309038275803,0.15292542533071798,-7.979727989493313e-17,-3.469446951953614e-17,0,0
2133,0.6228948153017538,0.3383633258662552,0.151701352360142,0.15365272072077557,8.673617379884035e-19,3.469446951953614e-17,0,0
2134,0.6419036849574418,0.3445478028996972,0.15242671895366555,0.15448540024663093,-2.5153490401663703e-17,1.249000902703301e-16,0,0
2135,0.6609125827416197,0.3507322277567543,0.15320738695508318,0.15541707240552965,-1.1275702593849246e-16,7.979727989493313e-17,0,0
2136,0.6799214268984819,0.3569159401753879,0.15404165010444332,0.15644185198882335,-1.214306433183765e-17,2.7755575615628914e-17,0,0
2137,0.6989302639012003,0.3630998389586886,0.15492774300257955,0.15755503449408995,1.5612511283791264e-16,-1.249000902703301e-16,0,0
2138,0.2958076964347777,0.2139202851847725,0.15446951896106584,0.15839304078181016,8.153200337090993e-17,-1.1796119636642288e-16,0,0
2139,0.1967438781583239,0.1635051594192511,0.1654959775405814,0.1758463101840957,-6.054184931159057e-16,-4.926614671774132e-16,0,0
2140,0.7179401106653334,0.3692827052729282,0.15586419191859008,0.1587516472159431,-1.734723475976807e-16,-1.3877787807814457e-17,0,0
2141,0.03826834333741969,0.09238795320933009,0.10959151747352193,0.30045791334861305,7.894379594475254e-14,2.7984385642110254e-13,0,0
2142,0.07467739297789157,0.1099661303430575,0.14981191430834143,0.2541686478913199,-2.4716340085717547e-14,-3.294586825575152e-14,0,0
2143,0.7369485075834594,0.3754663435892733,0.15684916603249108,0.1600284067157525,2.203098814490545e-16,1.3877787807814457e-16,0,0
2144,0.7559607284709715,0.381615944907109,0.15788356887280885,0.16136880207815657,-2.5066754227864863e-16,-1.0408340855860843e-17,0,0
2145,0.7749938589858902,0.3877287665836066,0.15896710847895967,0.1627679550639831,1.734723475976807e-16,1.3530843112619095e-16,0,0
2146,0.7981571170167415,0.4134529773505379,0.15958580214899246,0.17114540218381744,7.28583859910259e-17,5.941427905220564e-17,0,0
2147,0.8171712001815752,0.4196386168879694,0.1608432998721781,0.1727005619026642,6.245004513516506e-17,-1.3877787807814457e-17,0,0
2148,0.8361856999723575,0.4258244303261644,0.1621414799795937,0.17432082565308543,-6.071532165918825e-17,-8.326672684688674e-17,0,0
2149,0.8552005039608828,0.4320106428645872,0.16347997272677828,0.17600402772406876,1.3183898417423734e-16,1.2836953722228372e-16,0,0
2150,0.8742158524031415,0.4381976010158842,0.16485862964182738,0.17774806762884188,-6.245004513516506e-17,-5.898059818321144e-17,0,0
2151,0.8932315436030951,0.4443842459765588,0.16627717540939038,0.17955061091345773,1.231653667943533e-16,-6.938893903907228e-18,0,0
2152,0.9122468806499674,0.4505699955868179,0.1677350568075922,0.18140962386248988,-1.4224732503009818e-16,5.551115123125783e-17,0,0
2153,0.9312609483071164,0.4567550483512121,0.16922838123739847,0.18332890680043346,-6.071532165918825e-18,4.85722573273506e-17,0,0
2154,0.9706829908263812,0.4805751286824073,0.1724149947046505,0.19125290997455796,7.112366251504909e-17,-3.8163916471489756e-17,0,0
2155,0.3147800161537975,0.2200915452011897,0.15390886939301002,0.1553425632893575,-2.5413698923060224e-16,-1.214306433183765e-16,0,0
2156,0.3337609052208746,0.2262434820810137,0.15335940252375221,0.15275799136577692,1.457167719820518e-16,1.6306400674181987e-16,0,0
2157,0.352747120794775,0.2324012575775364,0.15284061283725922,0.1505942599327416,-8.673617379884035e-17,-7.632783294297951e-17,0,0
2158,0.371749928973425,0.238586962952747,0.152366725946469,0.1488118891974694,3.2526065174565133e-16,1.0755285551056204e-16,0,0
2159,0.390731409037408,0.2447503542432403,0.15196264507709276,0.14735575915298418,-3.963843142607004e-16,-1.7694179454963432e-16,0,0
2160,0.4097228427388205,0.2509272489585115,0.1516297442413832,0.14619886994796966,3.729655473350135e-17,-4.5102810375396984e-17,0,0
2161,0.42871941101276,0.2570881445404427,0.15137968824092082,0.14529905564358933,-8.933825901280557e-17,-7.632783294297951e-17,0,0
2162,0.4477193777338291,0.2632615499316437,0.15120942894696254,0.1446429178136745,2.237793284010081e-16,1.8735013540549517e-16,0,0
2163,0.4667241806233842,0.2694439672133798,0.15112114087613024,0.14420565660184853,-1.3704315460216776e-16,8.326672684688674e-17,0,0
2164,0.2157575192705471,0.1697258538494423,0.1650221760691076,0.16894412365833686,5.724587470723463e-17,2.7755575615628914e-17,0,0
2165,0.2347238574528927,0.1758697558087909,0.1642486048500674,0.16306617920631777,-7.28583859910259e-17,-1.3530843112619095e-16,0,0
2166,0.2537038540351939,0.1820459880944463,0.16326526825959164,0.15808314137193608,-1.3877787807814457e-16,-1.0408340855860843e-16,0,0
2167,0.2726838322133118,0.1882192144292372,0.16218536703518627,0.15385327964387227,4.336808689942018e-18,-5.204170427930421e-17,0,0
2168,0.2916677557193958,0.1943941206065719,0.1610739808868173,0.15027055129391906,5.204170427930421e-18,0.0,0,0
2169,0.4857266244181412,0.2756261787842604,0.15111616834309025,0.1439646278833934,3.8163916471489756e-17,1.3877787807814457e-17,0,0
2170,0.07310115631937508,0.08907487570957508,0.1756030429724316,0.24298920996719467,-2.466915560717098e-13,-2.8630396664564017e-13,0,0
2171,0.05555702344683316,0.08314696113345352,0.1583216630496867,0.26853570051273395,1.8259699308131871e-13,3.2573943542502093e-13,0,0
2172,0.0904029142907545,0.1167235466155223,0.1582687362842456,0.23786343488299436,-4.7878367936959876e-15,-6.95971058561895e-15,0,0
2173,0.118216325712894,0.1193540867041253,0.17462662645450913,0.20949474772841054,4.926614671774132e-16,-3.365363543395006e-16,0,0
2174,0.13605592357774,0.1255677743837516,0.17678410322781563,0.19622264225447722,-5.117434254131581e-16,-8.569533971325427e-16,0,0
2175,0.1548001511816144,0.1317420389077882,0.17759642179404597,0.18454211931789205,-9.08995101411847e-16,-7.494005416219807e-16,0,0
2176,0.1736466353429563,0.1378449796073459,0.17736932727552332,0.17472994548384932,3.642919299551295e-17,9.020562075079397e-17,0,0
2177,0.1925353730758728,0.1440299572472412,0.17638178705867918,0.16654688545026794,-7.112366251504909e-17,-1.734723475976807e-17,0,0
2178,0.79400750894729,0.3938978417460252,0.16009120828630183,0.16425871536192263,-2.255140518769849e-16,-1.5569143196891844e-16,0,0
2179,0.9466699309760309,0.4646878933811169,0.17045259108862648,0.18592610716059685,1.1796119636642288e-16,-1.214306433183765e-16,0,0
2180,0.9650025864637574,0.4623673097648769,0.17203569183362652,0.1849992882855336,-1.0928757898653885e-16,-2.42861286636753e-17,0,0
2181,1.0,0.4799999999987418,0.17500000000000002,0.1909817910032524,0.03503093399518279,-5.551115123125783e-17,2,0
2182,0.9837062286385683,0.4701220634318416,0.17360196894548285,0.1875922368357993,9.020562075079397e-17,7.632783294297951e-17,0,0
2183,0.5047273976723021,0.2818064754052785,0.15119369311660943,0.1439016662191386,4.163336342344337e-17,5.551115123125783e-17,0,0
2184,0.5237306483094076,0.2879873438043286,0.1513517639346257,0.1440021731567629,-2.3071822230491534e-16,-3.8163916471489756e-17,0,0
2185,0.5427285500416323,0.2941449335664149,0.15159077250325775,0.14424430185829537,2.177077962350893e-16,2.220446049250313e-16,0,0
2186,0.561740929038252,0.3002810276086299,0.15190857189140694,0.14461510547023748,-3.0531133177191805e-16,-6.245004513516506e-17,0,0
2187,0.5807345193042259,0.3064506379908188,0.1522941832047456,0.14512953311940316,2.0296264668928643e-16,1.97758476261356e-16,0,0
2188,0.5997375295111859,0.3126255666281451,0.15275013378215663,0.14576439123120077,-3.469446951953614e-17,1.0408340855860843e-17,0,0
2189,0.6187459219435552,0.3188094380353561,0.15327337300273036,0.14651352550762117,1.5612511283791264e-17,-2.7755575615628914e-17,0,0
2190,0.637754840638844,0.324993667977114,0.15386185428302135,0.14736688467864542,1.457167719820518e-16,-5.551115123125783e-17,0,0
2191,0.6567640477123418,0.3311777877586505,0.15451301056373345,0.1483179981625567,-1.3010426069826053e-16,-9.020562075079397e-17,0,0
2192,0.6757730585416294,0.3373616049748545,0.15522434918772296,0.14936125315696924,8.326672684688674e-17,2.7755575615628914e-17,0,0
2193,0.6947815308080005,0.3435449291792405,0.15599353792637188,0.15049159560672298,2.211772431870429e-16,5.898059818321144e-17,0,0
2194,0.7137896655837355,0.3497300826570107,0.1568182326747301,0.15170542337016973,-3.3133218391157016e-16,-7.632783294297951e-17,0,0
2195,0.310653473831923,0.2005713531862455,0.1599801482799817,0.14724926401217878,1.5612511283791264e-16,1.8388068845354155e-16,0,0
2196,0.2114507909050473,0.1499191399899009,0.17512927696583233,0.1594700339328876,-1.1882855810441129e-16,-1.5265566588595902e-16,0,0
2197,0.7327986003469076,0.3558908508566677,0.1576979911166604,0.15298895413282404,2.7755575615628914e-17,3.8163916471489756e-17,0,0
2198,0.09346731086856337,0.09786196430711816,0.1819420060650834,0.22242890830216835,-2.3040597207923952e-14,-2.4065818782226245e-14,0,0
2199,0.1041599131015017,0.1122779157968114,0.1741505800990131,0.21922758998003053,-5.792241686286559e-15,-4.598751934814516e-15,0,0
2200,0.7518135475384385,0.3620420925887966,0.15863021399983848,0.15434423123243032,1.5265566588595902e-16,1.3183898417423734e-16,0,0
2201,0.7708370386038175,0.368177493439071,0.15961353469694187,0.15576557358719714,-2.2898349882893854e-16,-9.367506770274758e-17,0,0
2202,0.7898575689514501,0.3743334736155046,0.16064385389583888,0.1572642170979213,1.0581813203458523e-16,9.020562075079397e-17,0,0
2203,0.8130211923624026,0.4000789422767699,0.16125886042314025,0.16582133116550757,1.491862189340054e-16,4.466912950640278e-17,0,0
2204,0.8320355944787932,0.4062641334528964,0.1624697572565614,0.1674505298275813,-9.8879238130678e-17,-2.42861286636753e-17,0,0
2205,0.8510506434229683,0.4124503191396003,0.16372343348816112,0.16914306268713386,1.734723475976807e-17,6.938893903907228e-17,0,0
2206,0.8700660661498367,0.4186368353238298,0.16501950858985612,0.17089683061589458,7.45931094670027e-17,4.163336342344337e-17,0,0
2207,0.8890819098934936,0.4248235400392721,0.16635806329807767,0.1727097803726344,-5.204170427930421e-17,-5.204170427930421e-17,0,0
2208,0.9080982855396893,0.4310102969200127,0.16773911976112138,0.17458020866634658,-6.245004513516506e-17,-9.71445146547012e-17,0,0
2209,0.9271144384499195,0.4371963969363344,0.16916307352778814,0.17650592885222857,9.194034422677078e-17,-2.0816681711721685e-17,0,0
2210,0.948914028095754,0.4450800965727502,0.17083203441639155,0.179065825461599,9.367506770274758e-17,8.673617379884035e-17,0,0
2211,0.3296010197307461,0.2067065774114904,0.1589485738463845,0.14470947533665804,-2.671474153004283e-16,-1.457167719820518e-16,0,0
2212,0.3485767475558794,0.2128484220129378,0.1579894141271721,0.14259191716792835,1.6306400674181987e-16,-7.632783294297951e-17,0,0
2213,0.3675615119758512,0.2189931987006682,0.15711932239433632,0.14085152821311894,-3.209238430557093e-17,-8.673617379884035e-17,0,0
2214,0.3865669453296858,0.2251884123717763,0.15633711130119624,0.13946371495288562,-2.671474153004283e-16,1.457167719820518e-16,0,0
2215,0.4055626300716204,0.2313575809238391,0.15566587182588068,0.13836226693336448,1.9081958235744878e-16,2.42861286636753e-17,0,0
2216,0.4245701479235447,0.2375323775357022,0.15510127653691813,0.13752558096278727,2.6020852139652106e-17,-3.469446951953614e-18,0,0
2217,0.4435726220276963,0.2437142075439549,0.15464255123137344,0.1369302232252238,4.85722573273506e-17,-1.97758476261356e-16,0,0
2218,0.462575906536526,0.2498962048166694,0.15428999949662633,0.13654844947436182,6.938893903907228e-18,-5.551115123125783e-17,0,0
2219,0.4815791830523011,0.2560784169233113,0.1540411253598669,0.13636025767235654,-2.1597307275911248e-16,-5.204170427930421e-17,0,0
2220,0.2304744970393137,0.156180060085269,0.173429117266032,0.15368079671153603,1.7867651802561113e-16,2.5326962749261384e-16,0,0
2221,0.2495067979274084,0.1624374993367041,0.17161765209649807,0.14881128675643973,-3.625572064791527e-16,-1.5959455978986625e-16,0,0
2222,0.2685396778806551,0.1686925486549797,0.16978673981672252,0.1447190980768284,-1.9081958235744878e-17,5.204170427930421e-17,0,0
2223,0.2875295857273796,0.1748221177586894,0.1680445005994246,0.14123264501358396,8.847089727481716e-17,6.938893903907228e-18,0,0
2224,0.3065103126916763,0.1810382753598062,0.1663504193982088,0.1383601370478228,-2.393918396847994e-16,-1.6306400674181987e-16,0,0
2225,0.5005804509499937,0.2622585241020463,0.153893049999681,0.1363473696624002,1.8214596497756474e-16,6.938893903907228e-18,0,0
2226,0.0707106782866362,0.0707106779506733,0.19994948763814266,0.22805650757705181,2.869232629265639e-13,3.330877240692587e-13,0,0
2227,0.08888365202470638,0.07431991037966859,0.20942442757193463,0.20247226107375876,-1.7236906346695946e-13,-1.6138132497012236e-13,0,0
2228,0.1316643610120335,0.1060831279344921,0.19192036634575382,0.1848363918402936,-1.9186041644303486e-15,-1.4016565685892601e-15,0,0
2229,0.1128881962871568,0.1000231639486372,0.19085594009151363,0.19891782132926888,-4.047109869453891e-15,-3.0322966360074588e-15,0,0
2230,0.1506098089405966,0.1122573552621605,0.1915446521501494,0.1729321324547514,-5.672545766444159e-16,-3.400058012914542e-16,0,0
2231,0.1694793057034999,0.1183768983425439,0.1901107627662441,0.16320297391957012,-1.0720591081536668e-15,-7.632783294297951e-16,0,0
2232,0.1883734169505181,0.1244585317385425,0.188050509628727,0.15512456383554635,3.8510861166685117e-16,2.1163626406917047e-16,0,0
2233,0.2073188270922092,0.1304710272565226,0.1856693012746692,0.14834961631159677,-7.45931094670027e-17,-1.0408340855860843e-17,0,0
2234,0.8088708846951989,0.3805187622637956,0.1617195054039329,0.15884100987800517,-2.42861286636753e-17,-1.214306433183765e-17,0,0
2235,0.9831378399071256,0.4507938914779741,0.17360088729216583,0.18086076289119432,-1.0668549377257364e-16,-5.898059818321144e-17,0,0
2236,1.0,0.4599999999988,0.17500000000000002,0.18404662229530966,0.03500084338190247,3.8163916471489756e-17,2,0
2237,0.5195771589123572,0.2684369591423486,0.1538418748930361,0.13649506474600456,1.9081958235744878e-17,-6.245004513516506e-17,0,0
2238,0.5385760583437615,0.2745933179889935,0.15388665999325027,0.13678078381111802,-6.158268339717665e-17,-2.0816681711721685e-16,0,0
2239,0.5575810646808331,0.2807457831214453,0.15402079799734333,0.13720035160378616,6.938893903907228e-17,0.0,0,0
2240,0.5765851353105844,0.2869008465462582,0.1542391841503003,0.13774663500343387,-1.0408340855860843e-16,-1.942890293094024e-16,0,0
2241,0.5955883862881668,0.2930717732185708,0.15453677022821855,0.13841628612218318,8.586881206085195e-17,6.938893903907228e-17,0,0
2242,0.6145970915187187,0.2992555030028548,0.15491076877295515,0.13919934730677594,2.0816681711721685e-17,-7.979727989493313e-17,0,0
2243,0.6336063065920612,0.3054396519601302,0.15535869210154662,0.14008424236495037,1.708702623837155e-16,3.8163916471489756e-17,0,0
2244,0.6526153456577158,0.3116238015018342,0.1558770681520029,0.1410646742779715,-2.237793284010081e-16,-1.3877787807814457e-17,0,0
2245,0.6716248439457448,0.3178070839464163,0.1564627376938351,0.14213486903971306,-4.423544863740858e-17,8.326672684688674e-17,0,0
2246,0.6906346640393639,0.3239909207301911,0.1571125419793829,0.1432905752513509,3.642919299551295e-17,-1.734723475976807e-17,0,0
2247,0.7096411393112271,0.3301764924408997,0.15782338030184248,0.144528090659326,2.6020852139652106e-17,5.898059818321144e-17,0,0
2248,0.7286396005839388,0.3363361946752813,0.15859406698217038,0.1458333447218674,5.811323644522304e-17,-7.28583859910259e-17,0,0
2249,0.3254518573799015,0.1871652094355403,0.16479331965064764,0.13594434927257412,-3.0357660829594124e-17,1.0061396160665481e-16,0,0
2250,0.2262806457433826,0.1365787292349435,0.1830662033131658,0.14276680505714764,-5.490399801466594e-16,-2.0469737016526324e-16,0,0
2251,0.7476498194091428,0.3424937234688446,0.1594216259610741,0.1472111035699579,1.1622647289044608e-16,-1.6306400674181987e-16,0,0
2252,0.1087763499782067,0.08065983395727888,0.21095486543829486,0.18302209827725818,-1.6688039838896884e-14,-1.8415824420969784e-14,0,0
2253,0.7666865908163321,0.3486081992718143,0.1603069149772498,0.1486425336114358,-1.1275702593849246e-17,1.0408340855860843e-17,0,0
2254,0.7857052364848551,0.3547704972521433,0.16124049937021304,0.15016115953656975,1.97758476261356e-16,-4.163336342344337e-17,0,0
2255,0.8047195586493269,0.3609564505842358,0.16222311018804775,0.15175473939814996,-3.2873009869760494e-16,-3.8163916471489756e-17,0,0
2256,0.8278851529515947,0.3867034137633552,0.1628413576680218,0.16048222089093298,9.71445146547012e-17,7.025630077706069e-17,0,0
2257,0.8469002629017226,0.3928893810836382,0.1640083610044952,0.16218657654091997,7.546047120499111e-17,-2.1163626406917047e-16,0,0
2258,0.8659157229047475,0.3990756082189211,0.16521974877800205,0.1639519763709108,8.673617379884035e-18,-6.245004513516506e-17,0,0
2259,0.8849314692107559,0.4052619646442681,0.1664749317734049,0.16577691270546943,-3.9898639947466563e-17,1.3877787807814457e-17,0,0
2260,0.9039477955150688,0.4114483123862005,0.16777407213592319,0.1676592429617617,5.898059818321144e-17,1.734723475976807e-17,0,0
2261,0.922964553872937,0.4176347107188536,0.16911667912396136,0.16959732414322004,-1.0755285551056204e-16,4.85722573273506e-17,0,0
2262,0.9419817755696591,0.4238213791426015,0.17050219093374264,0.17159221097655125,0.0,1.734723475976807e-17,0,0
2263,0.9684831205401747,0.4440012305366736,0.17243316865846295,0.17853422037093114,-2.42861286636753e-17,1.249000902703301e-16,0,0
2264,0.3444048640288441,0.1932535233069343,0.16337014104904246,0.1339298541709213,2.3158558404290375e-16,7.632783294297951e-17,0,0
2265,0.3634028352714287,0.1994334718513303,0.16205565847570835,0.1323248581578639,-2.6194324487249787e-16,7.979727989493313e-17,0,0
2266,0.3824025203912722,0.205617075329255,0.1608799258424307,0.13104903237209717,4.85722573273506e-17,-1.1102230246251565e-16,0,0
2267,0.401411397340394,0.2118056290155769,0.15984448069066404,0.13006324406894615,2.185751579730777e-16,-4.5102810375396984e-17,0,0
2268,0.420418559326446,0.2179835966516938,0.15895030041276711,0.12933081957749212,-2.957703526540456e-16,-7.632783294297951e-17,0,0
2269,0.4394247038431611,0.2241666263367856,0.15819077166220227,0.1288312630645806,1.4224732503009818e-16,7.979727989493313e-17,0,0
2270,0.4584280340858667,0.2303478718119142,0.15756257462037623,0.1285385007324716,-8.153200337090993e-17,1.0061396160665481e-16,0,0
2271,0.4774317481849043,0.2365295541852564,0.15706014051453368,0.12843295602389884,-1.6132928326584306e-16,-6.938893903907228e-18,0,0
2272,0.4964349858830024,0.2427113840928077,0.1566779074063151,0.12849742703583497,2.732189474663471e-16,6.245004513516506e-17,0,0
2273,0.2453066510951755,0.142825856823507,0.18037682864870433,0.13817986309052704,4.0245584642661925e-16,1.3183898417423734e-16,0,0
2274,0.2643198176911413,0.1490517512959901,0.17776778069582302,0.13435803734137672,-1.1102230246251565e-16,-2.42861286636753e-17,0,0
2275,0.2833580866375768,0.1552559976843249,0.1752915133568939,0.13116117257886872,1.3877787807814457e-17,-7.979727989493313e-17,0,0
2276,0.3024178492216623,0.161332549817217,0.1730128806620829,0.12843347879421183,-6.765421556309548e-17,1.0061396160665481e-16,0,0
2277,0.3213000362048326,0.1676293286645062,0.17083376031671096,0.12636637057980157,-1.9949319973733282e-16,-1.3877787807814457e-16,0,0
2278,0.5154302660481885,0.2488917933403398,0.15641016704741434,0.12871717548102452,-2.2638141361497333e-16,-1.0408340855860843e-17,0,0
2279,0.08314696132508038,0.0555570231600433,0.23527325582936515,0.17795452160801054,2.07930894724484e-13,1.396955467969363e-13,0,0
2280,0.1027398934086151,0.05491561694053849,0.24099757163240812,0.1508820720642832,-8.367959103416922e-14,-6.356720705369412e-14,0,0
2281,0.127154570714973,0.0862506821095896,0.21023341507907736,0.1689999907801602,-1.9203388879063255e-15,-1.8318679906315083e-15,0,0
2282,0.1464011688273432,0.0927913065177049,0.20749132142584722,0.1578445497372524,-1.3548190347378863e-15,-1.0408340855860843e-15,0,0
2283,0.1652977722254031,0.09895509180632779,0.20423159019045864,0.14876344763304616,-3.3480163086352377e-16,-2.393918396847994e-16,0,0
2284,0.1842250635405643,0.1049829575517281,0.20065421509759232,0.14122732490379894,-6.730727086790012e-16,-4.683753385137379e-16,0,0
2285,0.2031652541107667,0.1109398286109972,0.19695442186572235,0.1350037534895385,-6.678685382510707e-17,-5.898059818321144e-17,0,0
2286,0.2221448066441015,0.1170652149049785,0.19316714143496716,0.1300021109453551,-3.139849491518021e-16,-1.8041124150158794e-16,0,0
2287,0.8237343263091292,0.3671424515968827,0.16325472179065526,0.15341215293441324,2.1510571102112408e-16,-6.245004513516506e-17,0,0
2288,0.9625833060054199,0.4287743883138905,0.1720706533362526,0.17317950219955186,-1.3877787807814457e-16,-6.765421556309548e-17,0,0
2289,1.0,0.4399999999988584,0.17500000000000002,0.17703500935468847,0.03498215534738622,-4.5102810375396984e-17,2,0
2290,0.9840328441730836,0.432344074854214,0.17373944333559152,0.17435081335297906,1.2576745200831851e-16,5.898059818321144e-17,0,0
2291,0.5344256123551361,0.2550520923879299,0.15625384494406144,0.12907033828344847,2.6194324487249787e-16,1.3183898417423734e-16,0,0
2292,0.553422819283527,0.2612091921384263,0.1562006910980309,0.12955275325916982,-3.0010716134398763e-16,-9.020562075079397e-17,0,0
2293,0.5724328960672417,0.2673453808799491,0.15624774831763472,0.13014616449447586,2.220446049250313e-16,5.898059818321144e-17,0,0
2294,0.5914389041063199,0.273517765333167,0.15638274402118768,0.1308675550774529,-1.5439038936193583e-16,-1.1102230246251565e-16,0,0
2295,0.6104480139912603,0.2797012489024866,0.156604319100118,0.13169798255965473,2.940356291780688e-16,-2.42861286636753e-17,0,0
2296,0.6294574551392358,0.2858851488267904,0.15690891520237737,0.1326264940518715,-1.726049858596923e-16,-5.898059818321144e-17,0,0
2297,0.6484675031436183,0.2920700675327328,0.15729209489149273,0.13364731578014505,-1.3010426069826053e-16,5.204170427930421e-17,0,0
2298,0.6674767648632038,0.2982526920798652,0.15774998436038185,0.13475421016095343,1.734723475976807e-17,-8.673617379884035e-17,0,0
2299,0.686486114241067,0.3044355696118064,0.1582786174719446,0.13594357698026172,-1.734723475976807e-17,-5.551115123125783e-17,0,0
2300,0.7054968168516217,0.3106201362413765,0.15887445025454872,0.1372117744154072,1.6479873021779667e-16,8.326672684688674e-17,0,0
2301,0.7244947772608931,0.316796175867649,0.1595341410206802,0.1385520586600292,-1.8127860323957634e-16,6.938893903907228e-18,0,0
2302,0.7434995943302113,0.3229473147598001,0.16025664959338365,0.13995389900293911,6.938893903907228e-18,9.020562075079397e-17,0,0
2303,0.3402564300018887,0.1737100991159858,0.1689043409201531,0.1245595864010621,1.6479873021779667e-16,4.163336342344337e-17,0,0
2304,0.2411260720608012,0.1232467537971166,0.1894832792065086,0.1259411817145984,5.030698080332741e-16,2.1510571102112408e-16,0,0
2305,0.7625147716310324,0.3290669288227556,0.16103942035121566,0.14141230902780688,-2.645453300864631e-16,1.214306433183765e-16,0,0
2306,0.1207022997869541,0.06428364210579296,0.23283061984540768,0.14538537076825292,-5.797445856714489e-15,-3.800779135865184e-15,0,0
2307,0.7815548862886672,0.3352111162580362,0.16187793138585796,0.1429456180113732,1.6132928326584306e-16,1.1102230246251565e-16,0,0
2308,0.8005691762165773,0.3413965733097519,0.16276662968604025,0.14456004391045396,-1.4224732503009818e-16,-8.673617379884035e-17,0,0
2309,0.8195839015802886,0.347582031204436,0.16370731706441718,0.14623692899929117,1.8041124150158794e-16,-2.42861286636753e-17,0,0
2310,0.842749746196757,0.3733284285930782,0.16433401490967878,0.15513141780820616,1.5612511283791264e-16,1.942890293094024e-16,0,0
2311,0.8617653022796297,0.3795145800945791,0.16545982336308643,0.1569110654013132,-3.157196726277789e-16,4.85722573273506e-17,0,0
2312,0.880781038021738,0.3857008103128289,0.1666312146636901,0.15874966292502685,-1.196959198423997e-16,9.020562075079397e-17,0,0
2313,0.8997967788430279,0.3918873387075817,0.16784730900396058,0.16064635207288303,2.0643209364124004e-16,9.71445146547012e-17,0,0
2314,0.9188132126924313,0.3980739950062889,0.16910880630645694,0.16259835324874602,-1.6132928326584306e-16,-3.469446951953614e-17,0,0
2315,0.9377683510826605,0.40424927183152,0.17041014030144647,0.164601657279369,-5.204170427930421e-17,1.734723475976807e-17,0,0
2316,0.9564774689493456,0.4103752108938417,0.17173641573769532,0.16664140014708825,2.185751579730777e-16,2.0816681711721685e-17,0,0
2317,0.3592565125469214,0.179889832233918,0.16713001195088356,0.12315428025620828,-2.0816681711721685e-16,-5.551115123125783e-17,0,0
2318,0.3782540683146274,0.1860716773299141,0.16554009854768942,0.12206195539256783,2.914335439641036e-16,1.1449174941446927e-16,0,0
2319,0.3972610280925722,0.1922535714834939,0.16413027877710507,0.12124217715958856,-2.723515857283587e-16,-7.28583859910259e-17,0,0
2320,0.4162661429293584,0.198434705576217,0.16289439251103124,0.12066570747117254,1.474514954580286e-16,6.245004513516506e-17,0,0
2321,0.4352761759352439,0.2046184288800402,0.16182392885129254,0.12030673639633539,9.107298248878237e-17,-6.591949208711867e-17,0,0
2322,0.4542794315248769,0.2108003868169353,0.1609115646067954,0.12014292037447648,-1.3530843112619095e-16,-3.469446951953614e-17,0,0
2323,0.47328320429288,0.2169813638949863,0.160148770571055,0.12015443028886935,-1.1102230246251565e-16,-1.734723475976807e-17,0,0
2324,0.4922878825541739,0.2231619223796276,0.15952714714056196,0.12032532419769162,1.6306400674181987e-16,-1.0061396160665481e-16,0,0
2325,0.5112930150074774,0.2293441278913695,0.15903833651183324,0.12064261720343314,1.3183898417423734e-16,3.8163916471489756e-17,0,0
2326,0.2601320761090057,0.1294603471910188,0.1859922970994481,0.12261694345126742,-6.158268339717665e-16,-1.8735013540549517e-16,0,0
2327,0.279146230750897,0.1356500684060506,0.1827485560577189,0.11986957551706105,3.235259282696745e-16,1.5265566588595902e-16,0,0
2328,0.2981622051215379,0.141802285572923,0.1797658182873663,0.11759858992755788,-2.931682674400804e-16,-1.3877787807814457e-16,0,0
2329,0.3171469122793227,0.1479611033486666,0.1770308734023866,0.11577651682218268,3.5214886562329184e-16,5.204170427930421e-17,0,0
2330,0.3361171579770609,0.1541742338114044,0.17452898172050696,0.11437253483244934,-2.237793284010081e-16,-1.8388068845354155e-16,0,0
2331,0.5302857072374247,0.2355192606152379,0.15867548277375246,0.12109188646102823,-1.5005358067199381e-16,-4.163336342344337e-17,0,0
2332,0.09238795329750174,0.03826834312455452,0.25840747420042587,0.1284457299557853,6.272760089132134e-14,3.692879335659427e-14,0,0
2333,0.1217976452622463,0.048294609478073,0.24550581367258925,0.11500999239463401,-6.779299344117362e-15,-9.298117831235686e-16,0,0
2334,0.1417955917656073,0.07285049006915224,0.225242031848962,0.1372926413750498,-3.726186026398182e-15,-2.4771851236948805e-15,0,0
2335,0.1611265393986409,0.07947546923055837,0.2191944309177867,0.1300702133776731,-1.4536982728685643e-15,-1.0685896612017132e-15,0,0
2336,0.1800433638078425,0.08557095028453326,0.2136407665072147,0.12400733592806523,-1.8388068845354155e-16,-1.9081958235744878e-16,0,0
2337,0.1989912684453558,0.09159644452742419,0.20833584401206384,0.11903529269658267,-4.172009959724221e-16,-3.365363543395006e-16,0,0
2338,0.2180024800839189,0.09754948521936498,0.2033514584484827,0.11489962058010762,-1.0755285551056204e-16,-6.938893903907228e-17,0,0
2339,0.2369783267618007,0.1037208837740464,0.1985909916648684,0.1117628752090871,-4.0419056990259605e-16,-2.3245294578089215e-16,0,0
2340,0.8385991412986603,0.3537676513787457,0.164698249410286,0.14797441200339587,-2.1510571102112408e-16,3.0791341698588326e-17,0,0
2341,0.9758668694932677,0.4166316557995286,0.17316354369554854,0.16876767407270715,1.734723475976807e-18,-2.203098814490545e-16,0,0
2342,1.0,0.4199999999989167,0.17500000000000002,0.1699195399175885,0.03490937389580887,3.122502256758253e-17,2,0
2343,0.5492703008499721,0.2416675024480806,0.1584334332752012,0.12165321236287614,-6.591949208711867e-17,1.3183898417423734e-16,0,0
2344,0.5682733322158243,0.2478162212423195,0.15830223442009547,0.12232682297108927,-1.734723475976807e-18,-9.367506770274758e-17,0,0
2345,0.5872891985536461,0.2539638936754856,0.1582754114958555,0.12310497069026782,5.0306980803327406e-17,1.457167719820518e-16,0,0
2346,0.6062962873308414,0.2601538758601941,0.1583418875262555,0.12400078717219004,-5.811323644522304e-17,6.938893903907228e-18,0,0
2347,0.6253042162754332,0.2663426812031072,0.15850101793481297,0.12498850158443259,-8.153200337090993e-17,1.3530843112619095e-16,0,0
2348,0.6443177441681814,0.272516305957969,0.15874878505288761,0.12605659174038883,1.5612511283791264e-17,4.163336342344337e-17,0,0
2349,0.6633284648939719,0.2786986841662692,0.15907779748638987,0.12721100882377587,7.979727989493313e-17,-1.2836953722228372e-16,0,0
2350,0.6823366344757218,0.2848835054647766,0.15948407361269124,0.1284449036357981,-4.597017211338539e-17,3.469446951953614e-17,0,0
2351,0.701348030825081,0.2910636859656046,0.15996416855382622,0.12975128001445746,6.505213034913027e-17,-1.1102230246251565e-16,0,0
2352,0.7203593934395462,0.2972484173045995,0.16051339863676292,0.13113072912398957,3.9898639947466563e-17,-7.979727989493313e-17,0,0
2353,0.7393714772400813,0.3034341722356311,0.16112849354939834,0.13257908114382527,7.112366251504909e-17,-4.163336342344337e-17,0,0
2354,0.7583532337479735,0.3095620233891289,0.1618077507536074,0.13407238152300574,-1.0755285551056204e-16,-2.7755575615628914e-17,0,0
2355,0.3551091219091851,0.1603443405965218,0.17228210391334708,0.11325781879438067,1.700029006457271e-16,3.122502256758253e-17,0,0
2356,0.255962176784376,0.1098973361355868,0.1941950151387543,0.10924349227994529,4.7704895589362195e-17,-4.85722573273506e-17,0,0
2357,0.777378465053229,0.3156962666378479,0.16254831870070677,0.13563021166173023,1.3444106938820255e-16,-1.9081958235744878e-16,0,0
2358,0.1124814947383463,0.03316886478028849,0.26114271011727247,0.09046200015667437,-6.430359716924627e-14,-1.3791051634015616e-14,0,0
2359,0.1382288996084491,0.05359557060722273,0.23896721047203215,0.11005858813958246,-3.3202607330196088e-15,-1.007874339542525e-15,0,0
2360,0.7964185775379138,0.3218370376649172,0.16334634418041405,0.13725229049380258,1.6653345369377348e-16,-5.204170427930421e-17,0,0
2361,0.8154257703505322,0.3280417285935823,0.16419460669152158,0.13896073171255388,-2.7755575615628914e-16,6.245004513516506e-17,0,0
2362,0.8344482708514123,0.334206350317955,0.1650981438466174,0.14071214905643956,2.1337098754514727e-16,-6.938893903907228e-18,0,0
2363,0.8576147577544013,0.3599535574132291,0.16573796537537688,0.14977124595099967,2.42861286636753e-17,5.0306980803327406e-17,0,0
2364,0.8766305699583118,0.3661395498755639,0.1668252402553335,0.15162611347653407,1.1102230246251565e-16,-1.0755285551056204e-16,0,0
2365,0.895646335017567,0.3723259127926515,0.16795899243443815,0.153538047640439,9.8879238130678e-17,-1.5959455978986625e-16,0,0
2366,0.91467504296214,0.378524415419896,0.16913861583994594,0.15551115303114277,4.683753385137379e-17,1.1102230246251565e-16,0,0
2367,0.933641763732339,0.3847675992227731,0.17036056517920864,0.15755422667285515,-1.4311468676808659e-16,0.0,0,0
2368,0.9520442324756362,0.3910402271453797,0.1715867715813704,0.1596644904073193,1.1102230246251565e-16,-9.71445146547012e-17,0,0
2369,0.9697976537810034,0.3987342458187346,0.1728007565307839,0.16234482732433783,-1.0408340855860843e-16,7.979727989493313e-17,0,0
2370,0.3741115409195409,0.1665256562846524,0.17026578973197457,0.11242919673550242,-7.979727989493313e-17,-1.3183898417423734e-16,0,0
2371,0.393112882853059,0.1727052927123336,0.16847248061058975,0.11184739543433697,2.1684043449710089e-16,3.122502256758253e-17,0,0
2372,0.4121191567267229,0.1788870489376665,0.1668889308321996,0.11148496964287,-2.706168622523819e-16,-7.28583859910259e-17,0,0
2373,0.4311270318575493,0.1850694832870193,0.16550311892201,0.11131818913916203,1.1102230246251565e-16,9.71445146547012e-17,0,0
2374,0.4501324636758239,0.1912524522363236,0.16430288720364308,0.11132786731948577,-1.942890293094024e-16,-1.734723475976807e-17,0,0
2375,0.4691369940738679,0.1974333285441654,0.16327682328892948,0.11149561663075035,1.8041124150158794e-16,-3.469446951953614e-18,0,0
2376,0.4881399726542701,0.2036130530229262,0.1624135247645398,0.111807679789639,1.1796119636642288e-16,-2.42861286636753e-17,0,0
2377,0.5071450775757513,0.2097929939387352,0.16170226075409175,0.11225192277266796,-1.717376241217039e-16,-6.591949208711867e-17,0,0
2378,0.5261521915373253,0.2159767431461191,0.16113272732207454,0.11281931062338911,-1.1188966420050406e-16,5.204170427930421e-17,0,0
2379,0.2749536298316023,0.1160770147409976,0.19017414020655915,0.10719449689479184,-1.0581813203458523e-16,-4.85722573273506e-17,0,0
2380,0.2939515691145177,0.1222530139510492,0.18650365432715207,0.10553272639156894,1.231653667943533e-16,-5.551115123125783e-17,0,0
2381,0.3129574526434957,0.1284163162469724,0.1831672157495362,0.10422563417411507,8.673617379884035e-19,-1.3877787807814457e-17,0,0
2382,0.3319602457634125,0.134600047774591,0.18014242008662593,0.10325417607145637,-8.239936510889834e-17,1.0408340855860843e-17,0,0
2383,0.3509591411042528,0.1407967762147206,0.1774161006938383,0.10256215845447121,-1.691355389077387e-16,-1.734723475976807e-17,0,0
2384,0.5451456517611905,0.2221458063705695,0.1606977131602121,0.11349388306812995,2.42861286636753e-17,-1.0755285551056204e-16,0,0
2385,0.09807852805189025,0.01950903214346056,0.2758608731888578,0.06807069298825943,1.3831297218658278e-13,3.358077704795903e-14,0,0
2386,0.134835638768867,0.03550935295652233,0.2528679836846439,0.0792630314175934,-3.0010716134398763e-15,-1.7069679003611782e-15,0,0
2387,0.1569861662483983,0.06002064742244641,0.231594295463857,0.10619948225802735,-2.3800406090401793e-15,-8.81239525796218e-16,0,0
2388,0.1759355971318592,0.06619910513594258,0.2247087233154218,0.10278907567339055,-1.6662018986757232e-15,-5.48172618408671e-16,0,0
2389,0.1948090357556311,0.07220397912913937,0.21837247873763488,0.0998499651299854,2.732189474663471e-16,5.551115123125783e-17,0,0
2390,0.2138128792646747,0.07814298992371682,0.2124767113821925,0.09734814411138525,-9.62771529167128e-16,-3.191891195797325e-16,0,0
2391,0.23283193671575,0.08420045626813029,0.20698448090801436,0.09540143798414694,-3.217912047936977e-16,-1.2836953722228372e-16,0,0
2392,0.2518141950164263,0.09037004291421548,0.20185827906252798,0.09407724890130593,4.3021142204224816e-16,1.0061396160665481e-16,0,0
2393,0.853463843016673,0.3403926357131855,0.16605156009898306,0.14252973381333103,-6.245004513516506e-17,-1.9949319973733282e-16,0,0
2394,0.9856872581226777,0.4049636127160746,0.17394180760167907,0.16454230394787916,-1.700029006457271e-16,2.411265631607762e-16,0,0
2395,0.5641324774255664,0.2283043155860014,0.16038775241411635,0.11426863382451194,3.131175874138137e-16,6.591949208711867e-17,0,0
2396,0.5831165648509726,0.2344806449545094,0.16019175165820418,0.115148413200283,-3.165870343657673e-16,-8.673617379884035e-17,0,0
2397,0.6021251270606043,0.2406650424765548,0.16010433768404958,0.11612004761984356,2.185751579730777e-16,0.0,0,0
2398,0.6211394005410978,0.2468432772634564,0.160119705068325,0.1171741184042889,-1.3183898417423734e-16,3.469446951953614e-18,0,0
2399,0.6401613472944114,0.2529873990307239,0.1602338565209285,0.1182941910143649,-7.806255641895632e-17,3.469446951953614e-18,0,0
2400,0.6591795523630771,0.259142541851583,0.1604364615182456,0.11949631946960307,1.7520707107365752e-16,6.245004513516506e-17,0,0
2401,0.67818480842379,0.265335343490585,0.16071997783357891,0.12078788090387553,-2.896988204881268e-16,-1.0408340855860843e-17,0,0
2402,0.6971932096892395,0.2715224424374208,0.1610835046142046,0.12214651628637371,2.5500435096859064e-16,5.898059818321144e-17,0,0
2403,0.7162099179032916,0.2776910505222223,0.1615234981660986,0.12356409302838729,4.336808689942018e-18,-3.8163916471489756e-17,0,0
2404,0.7352221804334891,0.2838762405572857,0.16203300455340489,0.1250531579210124,-2.419939248987646e-16,2.7755575615628914e-17,0,0
2405,0.7542291444662889,0.2900556747823363,0.16260964225557445,0.12660273529605623,6.678685382510707e-17,1.734723475976807e-17,0,0
2406,0.7732191015901597,0.2961962029349413,0.16325082046555667,0.1281983581112142,9.8879238130678e-17,2.7755575615628914e-17,0,0
2407,0.3699627095340632,0.1469767664894716,0.17497771147295918,0.10209162118664043,1.6393136847980827e-16,6.591949208711867e-17,0,0
2408,0.2708041331034992,0.09654094266629189,0.1971829873132253,0.09302720892932223,-7.129713486264677e-16,-2.706168622523819e-16,0,0
2409,0.7922457581408355,0.3023577320477242,0.16395327405339152,0.12985986537494204,3.8163916471489756e-17,9.367506770274758e-17,0,0
2410,0.1125980890520034,0.01431945732233675,0.2728546648369939,0.04221476206851322,-6.277964259560065e-14,-1.8058471384918562e-14,0,0
2411,0.1299999999999428,0.01732050807565262,0.26392492018038705,0.04201032615002843,-1.3147469224428221e-14,-1.932481952238163e-15,0,0
2412,0.1537442633279108,0.0402445896820425,0.24449190109591368,0.07691642583367318,-3.148523108897905e-15,-1.0677222994637248e-15,0,0
2413,0.811257706564738,0.3085271857172369,0.1647123402104645,0.13158283609763352,-1.8388068845354155e-16,3.469446951953614e-17,0,0
2414,0.8302802473711548,0.3146800589142575,0.16552797101405312,0.1333557782991192,2.1684043449710089e-16,-6.591949208711867e-17,0,0
2415,0.8493118198928006,0.320833758472631,0.1663972349003971,0.13518453551738924,-3.469446951953614e-18,3.469446951953614e-18,0,0
2416,0.8724799783238023,0.346578122879022,0.16705460249518891,0.1444037483096379,1.2836953722228372e-16,4.5102810375396984e-17,0,0
2417,0.8914961072730605,0.3527642833800811,0.16810598374881958,0.14633385621075107,-1.1188966420050406e-16,1.0061396160665481e-16,0,0
2418,0.9105123059798765,0.3589522513443999,0.16920465872306925,0.14831976612726425,-1.1102230246251565e-16,-9.020562075079397e-17,0,0
2419,0.9296032089674526,0.3652052080918896,0.17035264437665185,0.15038573478143788,-2.0816681711721685e-17,-2.0816681711721685e-17,0,0
2420,0.9482960875502442,0.371664156336075,0.1715225967329919,0.15257988729985475,1.5699247457590104e-16,4.85722573273506e-17,0,0
2421,0.9660219397156778,0.3799710003094731,0.1726581134222395,0.15550953868423192,2.949029909160572e-17,-6.938893903907228e-18,0,0
2422,0.9827717673391168,0.3894521619642178,0.1737780648936641,0.1589154535322826,-1.3877787807814457e-17,-2.255140518769849e-16,0,0
2423,1.0,0.3999999999989749,0.17500000000000002,0.16271437470999028,0.03486009353984973,-7.45931094670027e-17,2,0
2424,0.3889673617028928,0.1531569382215205,0.17280404677756717,0.1018270273349591,-1.8648277366750676e-16,1.3877787807814457e-17,0,0
2425,0.4079735834605891,0.1593380322595681,0.17087681555246298,0.10174597848479572,-7.806255641895632e-17,4.163336342344337e-17,0,0
2426,0.4269788086802889,0.1655194882807082,0.16917900041565517,0.10182961756247083,4.85722573273506e-17,-6.938893903907228e-17,0,0
2427,0.4459859141651473,0.1717022640520407,0.16769407480364548,0.10206226184907843,3.382710778154774e-17,1.0408340855860843e-17,0,0
2428,0.4649918203644754,0.1778859932381372,0.16640696041080696,0.10243079505827875,-1.6653345369377348e-16,-5.204170427930421e-17,0,0
2429,0.4839950655663917,0.1840648731198764,0.16530442171080478,0.10292132654017147,1.734723475976807e-16,1.3530843112619095e-16,0,0
2430,0.5029962890017448,0.1902413984214189,0.1643730644027031,0.10352536654679309,-1.474514954580286e-16,3.469446951953614e-18,0,0
2431,0.5220037159652227,0.1964235730717765,0.16359983307811557,0.10423699520359819,-1.1015494072452725e-16,3.469446951953614e-18,0,0
2432,0.5410121986546113,0.2026074472074385,0.1629742743559805,0.10504739034644507,1.0668549377257364e-16,2.0816681711721685e-17,0,0
2433,0.2898006238261772,0.102713634617127,0.1929363170725048,0.09214997340447571,4.848552115355176e-16,1.0755285551056204e-16,0,0
2434,0.3088018246023626,0.1088872085635371,0.1890664022563017,0.09154626814361955,-4.0939474033052647e-16,-7.979727989493313e-17,0,0
2435,0.3278046294826851,0.1150663736665235,0.1855626829529403,0.09118290489895525,1.9255430583342559e-16,1.734723475976807e-17,0,0
2436,0.3468082522184203,0.1212482478496345,0.18240619988742848,0.09101059620582574,-1.7867651802561113e-16,-2.7755575615628914e-17,0,0
2437,0.3658135209624804,0.1274278909891494,0.17957334478292858,0.09100266018691894,-3.469446951953614e-17,-9.367506770274758e-17,0,0
2438,0.5600099118842345,0.2087803095415791,0.16248740299506628,0.10594537846530529,-1.249000902703301e-16,-2.0816681711721685e-17,0,0
2439,0.1,0.0,0.28644093734867343,0.0,4.285634347400702e-14,-0.0437993502025993,0,3
2440,0.1502029946801069,0.01774880432028964,0.2552981409065823,0.03651922639617083,-6.7394007041698956e-15,-1.1188966420050406e-15,0,0
2441,0.1718358567752797,0.04676994154775758,0.23610525418435818,0.07803023545966195,-1.83100062889352e-15,-3.2612801348363973e-16,0,0
2442,0.1907837915514234,0.05290730309769526,0.2283887690632513,0.07791259890899781,-4.0505793164058446e-16,-3.469446951953614e-18,0,0
2443,0.2096557780854281,0.05913633106089627,0.22131693029809854,0.07787394220004146,-5.516420653606247e-16,-7.28583859910259e-17,0,0
2444,0.2296286530487593,0.064889529843581,0.21481318866607182,0.07693809092707837,-1.249000902703301e-16,-3.122502256758253e-17,0,0
2445,0.2476620539188817,0.07084723640980092,0.2092372851638186,0.07719973532775959,-5.082739784612045e-16,-1.682681771697503e-16,0,0
2446,0.2665759211711063,0.07828286971910758,0.20349639601053793,0.07852341893658583,-4.8138576458356397e-17,3.8163916471489756e-17,0,0
2447,0.8683290899789606,0.3270163738175306,0.16731623965162162,0.13707982088969134,-2.3245294578089215e-16,-2.0816681711721685e-17,0,0
2448,0.5790128198304261,0.2149602698387547,0.1621278138816595,0.10693180157780728,-9.627715291671279e-17,8.673617379884035e-17,0,0
2449,0.5980178212330538,0.2211425780546279,0.16188745601075136,0.10799977689877123,2.3071822230491534e-16,-3.122502256758253e-17,0,0
2450,0.6170277627432597,0.2273259697783027,0.16175863926278475,0.10914416972933462,-2.5934115965853266e-16,-5.204170427930421e-17,0,0
2451,0.6360140989796073,0.2334786176071739,0.1617359238868349,0.11034984025104981,2.0122792321330962e-16,0.0,0,0
2452,0.6550035075801744,0.2396673134532864,0.16180749769780672,0.1116397490505114,1.5265566588595902e-16,-1.214306433183765e-16,0,0
2453,0.6740143996188126,0.2458531490123246,0.16197109838183202,0.112992985202952,-8.847089727481716e-17,-1.734723475976807e-17,0,0
2454,0.693030585059671,0.2520218941215072,0.16222160391322782,0.11440260451761898,5.0306980803327406e-17,-3.469446951953614e-17,0,0
2455,0.7120539676993249,0.2581655541043893,0.16255416528492375,0.11586329611774292,-2.688821387764051e-17,1.249000902703301e-16,0,0
2456,0.7310727399660903,0.2643181442847686,0.16296132955106235,0.11738771802053122,-1.7954387976359953e-16,-1.734723475976807e-17,0,0
2457,0.7500854943301294,0.2705036468844224,0.16343760665493545,0.11898402075865046,6.158268339717665e-17,-1.0755285551056204e-16,0,0
2458,0.7690868654226417,0.2766752093479959,0.16398151181844478,0.12063182468103884,1.7607443281164592e-16,6.245004513516506e-17,0,0
2459,0.7880994869729584,0.2828535368073147,0.16458938831112643,0.12233732023827025,-1.9081958235744878e-16,1.734723475976807e-17,0,0
2460,0.3848178164316965,0.1336087662754543,0.1770413529056779,0.09114288920247407,-1.1449174941446927e-16,3.469446951953614e-17,0,0
2461,0.2858573820235683,0.08341090419850967,0.19892375666905765,0.07760443482724208,-1.1102230246251565e-16,-8.326672684688674e-17,0,0
2462,0.8071044691449069,0.2890150280911473,0.16525840320844493,0.12409078345941486,-3.469446951953614e-17,6.245004513516506e-17,0,0
2463,0.1199999999999637,0.0,0.27562257827267445,0.0,-1.4155343563970746e-14,-0.06819071588638628,0,3
2464,0.1399999999999219,0.0,0.26554436518574076,0.0,-6.6190542630240046e-15,-0.05908540234323145,0,3
2465,0.1703760238863638,0.02782322123801628,0.24387720531445703,0.048557600107264724,-2.0747292772682613e-15,-2.185751579730777e-16,0,0
2466,0.8261310710843424,0.2951494101481765,0.16598729351658253,0.12588682924830685,-5.377642775528102e-17,2.0816681711721685e-17,0,0
2467,0.8451546174812777,0.3012889174341802,0.1667710908544264,0.12773814918479925,1.960237527853792e-16,1.8041124150158794e-16,0,0
2468,0.8641781924029855,0.3074544977693156,0.16760727402346057,0.12965230727766017,-2.5587171270657905e-16,0.0,0,0
2469,0.8873452866296702,0.3332025089261583,0.16828503066642303,0.1390308687701055,7.979727989493313e-17,-1.2576745200831851e-17,0,0
2470,0.9063603718351663,0.3393901860696103,0.16930252700377482,0.14103635790842703,1.8388068845354155e-16,2.0816681711721685e-17,0,0
2471,0.9255023854114921,0.3455989912111693,0.17037557660609118,0.14310128416727055,-2.0469737016526324e-16,-2.7755575615628914e-17,0,0
2472,0.9450918343901017,0.3518225688101583,0.17152169460875813,0.14522581297931283,1.1275702593849246e-16,-2.0816681711721685e-17,0,0
2473,0.9637493303616017,0.3600457376956596,0.17264765259748582,0.14814394027775118,-1.6653345369377348e-16,1.1449174941446927e-16,0,0
2474,0.9813628962129213,0.3697473022613184,0.17375478419799845,0.15166945664670256,-3.9898639947466563e-17,2.1163626406917047e-16,0,0
2475,1.0,0.3799999999990332,0.17500000000000002,0.15541620889746766,0.034850554472849696,-6.938893903907228e-18,2,0
2476,0.4038236394486592,0.1397900258039325,0.1747877528738151,0.09141716369535433,1.8995222061946038e-16,-5.204170427930421e-17,0,0
2477,0.4228312146073653,0.1459695586073176,0.1727920448885389,0.09181249646585266,6.245004513516506e-17,-3.469446951953614e-18,0,0
2478,0.4418384468126089,0.1521510948071731,0.17103420781457007,0.09232167555434674,-3.2786273695961654e-16,6.938893903907228e-18,0,0
2479,0.4608469136001381,0.1583350724628831,0.1694960438886996,0.09293597872569456,2.949029909160572e-16,6.591949208711867e-17,0,0
2480,0.4798501561155086,0.1645181270161036,0.16816167499255547,0.09364779316153299,-2.3592239273284576e-16,-1.5612511283791264e-16,0,0
2481,0.4988535409402212,0.1706966119195393,0.16701640193651446,0.0944487584036644,1.6393136847980827e-16,4.163336342344337e-17,0,0
2482,0.5178563113455363,0.1768721995716434,0.16604617269518715,0.09533373599017146,5.551115123125783e-17,-1.0408340855860843e-17,0,0
2483,0.5368632460230963,0.1830530604317834,0.16523720134560838,0.09630099751285208,9.194034422677078e-17,-7.632783294297951e-17,0,0
2484,0.5558729695242325,0.1892373951761449,0.1645781008562244,0.09734530822002514,-2.654126918244515e-16,-2.0816681711721685e-17,0,0
2485,0.3046788816453545,0.0893809066823248,0.19464014389689946,0.07772951612204054,-1.205632815803881e-16,-2.7755575615628914e-17,0,0
2486,0.3236519317211406,0.09552036767252098,0.19070829272401058,0.07810581617094121,4.7704895589362195e-17,-1.734723475976807e-17,0,0
2487,0.3426564869372009,0.1017006721129329,0.18715689286672046,0.07858616500636938,-2.0643209364124004e-16,-7.632783294297951e-17,0,0
2488,0.3616634639325867,0.1078778238878278,0.183966889695688,0.07913898898584217,1.682681771697503e-16,6.245004513516506e-17,0,0
2489,0.380670765311388,0.1140587056951505,0.181105632774319,0.07977054902660874,-1.968911145233676e-16,-6.245004513516506e-17,0,0
2490,0.5748833160401268,0.1954223610518477,0.16405844494613528,0.09846158025687385,5.724587470723463e-17,5.898059818321144e-17,0,0
2491,0.1599999999998912,0.0,0.2561653154550657,0.0,-2.080367128565186e-15,-0.0530686031492964,0,3
2492,0.1699999999998724,0.01192962377076415,0.2489016830268999,0.021320625434060516,-1.961972251329769e-15,-2.5847379792054426e-16,0,0
2493,0.1872845196755813,0.03441305198328348,0.2360243855729921,0.05341782769203497,-7.563394355258879e-16,-1.1449174941446927e-16,0,0
2494,0.205148586049694,0.04149008796455542,0.2283862306067135,0.05743037448544727,2.467644144577008e-16,1.2836953722228372e-16,0,0
2495,0.2239713822180504,0.04586673207603938,0.22195653609233618,0.05728683642092967,-8.265957363029486e-16,-8.326672684688674e-17,0,0
2496,0.2486337481407062,0.05154524979450791,0.21434606364118788,0.0570800847517718,2.1163626406917047e-16,1.214306433183765e-16,0,0
2497,0.2611272353195028,0.06339520662216178,0.20848253646698803,0.06600670380421174,-2.949029909160572e-17,-4.683753385137379e-17,0,0
2498,0.2797299142125366,0.06571469110458539,0.20426670596218807,0.06365449168403271,-4.4885969940899884e-17,5.204170427930421e-17,0,0
2499,0.8831945697320079,0.3136406577965455,0.16849395536459233,0.13162690791061407,-1.0408340855860843e-17,8.586881206085195e-17,0,0
2500,0.5938940177885788,0.2016074134622496,0.16366848047129728,0.09964612309911865,1.8041124150158794e-16,-2.7755575615628914e-17,0,0
2501,0.6129006915148223,0.2077892950279115,0.16339939929926942,0.1008947995790007,-1.2836953722228372e-16,3.122502256758253e-17,0,0
2502,0.6318996286162579,0.213961848437583,0.16324328747820843,0.10220255558915843,-8.586881206085195e-17,-3.122502256758253e-17,0,0
2503,0.6509090952124919,0.2201474904012361,0.16319094128897207,0.10357538085172498,6.938893903907228e-18,1.1796119636642288e-16,0,0
2504,0.6699081258928803,0.2263257098450854,0.16323664639718977,0.1050037518336768,-1.0755285551056204e-16,1.2836953722228372e-16,0,0
2505,0.688916311975079,0.2325053207789679,0.16337386509162166,0.10648857052251257,-8.673617379884035e-17,-3.122502256758253e-17,0,0
2506,0.707913968242546,0.2386510155096471,0.1635983613818001,0.1080147579246607,3.9898639947466563e-17,4.5102810375396984e-17,0,0
2507,0.726924417611826,0.2447652300270302,0.16390498894130018,0.10958108468832331,4.336808689942018e-17,-1.3877787807814457e-17,0,0
2508,0.7459359285772077,0.2509449978128349,0.16428311790083364,0.1112272403653919,2.0209528495129803e-16,-1.3877787807814457e-17,0,0
2509,0.7649495130964636,0.2571307602600225,0.16473210234210522,0.11292755798380685,-2.3071822230491534e-16,-2.42861286636753e-17,0,0
2510,0.7839634696482041,0.263316991308564,0.16524824038846705,0.11467905804467782,-1.734723475976807e-18,-5.551115123125783e-17,0,0
2511,0.8029778005328648,0.2695033104562156,0.1658280068140362,0.11648103001337869,1.6479873021779667e-17,-6.591949208711867e-17,0,0
2512,0.3996750096247194,0.1202397161465662,0.1785515867492574,0.08047510575332577,1.93421667571414e-16,2.7755575615628914e-17,0,0
2513,0.3004782870222493,0.06977813866222946,0.19969953895725692,0.06264772049534623,-1.0148132334464322e-16,-3.469446951953614e-18,0,0
2514,0.8219752804926252,0.2756417807497413,0.16646920156192183,0.11831464844868544,1.465841337200402e-16,-5.204170427930421e-17,0,0
2515,0.1886559691211861,0.01622480444274578,0.24066866038827908,0.025418764426010987,-1.0564465968698755e-15,-2.7755575615628914e-17,0,0
2516,0.8410141054513527,0.2817434899824955,0.16717081455840363,0.12018250728256866,6.938893903907228e-18,-1.1102230246251565e-16,0,0
2517,0.8600304928494757,0.2878963639122926,0.16792453455314593,0.12212107804788164,-3.469446951953614e-17,3.469446951953614e-17,0,0
2518,0.879043698019753,0.2940788774824255,0.16873016198974047,0.12412098820366528,-1.0408340855860843e-16,-6.938893903907228e-18,0,0
2519,0.9022110986641222,0.3198275740310421,0.16943041054450575,0.13365397063564052,1.3183898417423734e-16,1.9081958235744878e-17,0,0
2520,0.9212176454528685,0.326017050355094,0.17041488927582116,0.13573443677931077,-1.3444106938820255e-16,0.0,0,0
2521,0.9402289458434872,0.3322066825958637,0.1714481770721838,0.13786615697116356,1.734723475976807e-16,-9.367506770274758e-17,0,0
2522,0.9634492873081564,0.3387225035217837,0.17278071881259335,0.14014293268967723,-1.231653667943533e-16,-3.2959746043559335e-17,0,0
2523,0.9813216956749403,0.3502297436942868,0.17382667062234003,0.14439219367576947,2.0903417885520525e-16,-2.0990154059319366e-16,0,0
2524,1.0,0.3599999999990915,0.17500000000000002,0.14800980701296748,0.0348147610482426,-1.0408340855860843e-17,2,0
2525,0.4186840455646266,0.1264196245223807,0.1762798037306401,0.08124792173238168,-2.255140518769849e-16,-3.8163916471489756e-17,0,0
2526,0.4376901127492254,0.132598278335258,0.17426851457308878,0.08208856773644341,-1.8735013540549517e-16,-1.3877787807814457e-17,0,0
2527,0.456698922022824,0.1387810574979637,0.17249593482549808,0.08299603348762091,2.983724378680108e-16,0.0,0,0
2528,0.4757072924291189,0.1449661298750758,0.17094377882615425,0.0839691018304412,5.551115123125783e-17,-3.469446951953614e-18,0,0
2529,0.4947029038303518,0.1511475364420261,0.1695966900472895,0.08500559706264078,-1.5959455978986625e-16,-8.326672684688674e-17,0,0
2530,0.5137061806748053,0.1573200946175424,0.16843936142620358,0.08609739751154434,-4.5102810375396984e-17,2.0816681711721685e-17,0,0
2531,0.5327132752198664,0.1634977324108315,0.16745604242258114,0.08724969975886618,1.3357370765021415e-16,6.591949208711867e-17,0,0
2532,0.5517236117649406,0.1696818051170569,0.166633709881874,0.0884613288248614,-3.5301622736128024e-16,3.8163916471489756e-17,0,0
2533,0.570734111247218,0.1758661886507891,0.16596129548437832,0.08972801770251301,2.8102520310824275e-16,-9.020562075079397e-17,0,0
2534,0.3194832406766296,0.07597518638002473,0.1954005161993908,0.0640094136330221,7.979727989493313e-17,-2.42861286636753e-17,0,0
2535,0.3384960865421111,0.08216220778673813,0.1915274570706306,0.06528063989410539,-9.540979117872439e-18,6.938893903907228e-17,0,0
2536,0.3575117513025178,0.08832482887985288,0.18804318840877293,0.06649229107268687,-2.8275992658421956e-16,-8.326672684688674e-17,0,0
2537,0.3765188131979911,0.09450645113711205,0.18490688174701347,0.0676968552558176,1.1449174941446927e-16,6.591949208711867e-17,0,0
2538,0.3955235389256038,0.1006863652551026,0.1820892404452577,0.06890858619178342,-7.546047120499111e-17,-7.979727989493313e-17,0,0
2539,0.5897451130170708,0.1820508959710899,0.16542795267739138,0.09104812955207482,4.5102810375396984e-17,-6.938893903907228e-17,0,0
2540,0.1799999999998534,0.0,0.24719134092036535,0.0,-1.547373340571312e-15,-0.04799624713669477,0,3
2541,0.1999353821690695,0.026927027991097,0.2339017111547732,0.03913210873496536,-6.557254739192331e-16,-9.71445146547012e-17,0,0
2542,0.2178706718764317,0.02963727298443117,0.2276414610381131,0.03893088189509104,-5.377642775528102e-17,1.3877787807814457e-17,0,0
2543,0.2389648288401485,0.032588310944828,0.22095127289076158,0.038425611815246216,2.2985086056692694e-17,3.469446951953614e-18,0,0
2544,0.2711409843188162,0.04974169084282315,0.20957039765404542,0.050417651130625074,-3.3306690738754696e-16,-1.0408340855860843e-16,0,0
2545,0.2937702304005888,0.04961991264968636,0.20483189891866946,0.046443820538134936,-6.071532165918825e-17,-1.3877787807814457e-17,0,0
2546,0.8980603989177793,0.3002652155836488,0.16958689705523014,0.12617189255808464,2.393918396847994e-16,-7.762887554996212e-17,0,0
2547,0.6087556039769675,0.1882356828339105,0.1650237294539938,0.09242019424443795,-8.933825901280557e-17,1.3877787807814457e-17,0,0
2548,0.6277652842829886,0.1944190700927662,0.16473959970548205,0.09384235258602024,-8.326672684688674e-17,-1.0408340855860843e-17,0,0
2549,0.6467827861466995,0.2006109033732904,0.16456656730598235,0.09531711638862997,2.0990154059319366e-16,3.122502256758253e-17,0,0
2550,0.6657961210778568,0.2067972937394031,0.16449789255647018,0.0968382442782141,1.0408340855860843e-17,-1.1796119636642288e-16,0,0
2551,0.6848093198928683,0.2129836916852948,0.16452618965398808,0.09840708067561825,6.418476861114186e-17,-3.8163916471489756e-17,0,0
2552,0.7038052420650492,0.2191422416928195,0.16464620742588015,0.10001220699875599,-2.237793284010081e-16,-4.85722573273506e-17,0,0
2553,0.722787156050438,0.225260963669328,0.16485242416982399,0.10164794759376539,1.968911145233676e-16,1.0408340855860843e-17,0,0
2554,0.7417949991533714,0.2313986531040968,0.1651372113747787,0.10333668280842083,1.6740081543176188e-16,2.42861286636753e-17,0,0
2555,0.7607996966130404,0.2375713392709661,0.16549442316849253,0.10508646458109583,-3.972516759986888e-16,-2.7755575615628914e-17,0,0
2556,0.7798136765387755,0.243757168367868,0.16592151291024346,0.10688710319295708,3.0704605524789486e-16,3.469446951953614e-18,0,0
2557,0.7988280061658097,0.249943157515074,0.1664148459898291,0.10873355253160982,-9.020562075079397e-17,5.204170427930421e-17,0,0
2558,0.8178337283920302,0.2561192852935729,0.16697089907863719,0.1106222118917199,9.107298248878237e-17,-4.163336342344337e-17,0,0
2559,0.4145270448305958,0.1068761725785798,0.1795728528299261,0.07013134118914952,2.211772431870429e-16,5.204170427930421e-17,0,0
2560,0.3152905332676513,0.05653575748022173,0.19964794481899606,0.049020344345554225,-5.204170427930421e-17,1.3877787807814457e-17,0,0
2561,0.8368396993852424,0.262237095361198,0.16758824882645604,0.11253352029283116,-1.726049858596923e-16,4.85722573273506e-17,0,0
2562,0.1999999999998319,0.0,0.23909407004159347,0.0,1.1622647289044608e-16,-0.045974765943188126,0,3
2563,0.2598047875918192,0.03421744470433703,0.2152018722254902,0.03685711657257289,1.3877787807814457e-16,9.020562075079397e-17,0,0
2564,0.8558738795501624,0.2683573139521479,0.16826311321178633,0.11449136928230431,2.5153490401663703e-17,2.0816681711721685e-17,0,0
2565,0.8748932645760533,0.2745174542462845,0.1689903531290685,0.11651238724399827,-1.0928757898653885e-16,-9.367506770274758e-17,0,0
2566,0.8939095817820342,0.2807032234282881,0.1697690950076215,0.11859044160017623,2.2724877535296173e-16,9.020562075079397e-17,0,0
2567,0.9170678756959557,0.3064543196103108,0.17049208766341342,0.12827423452360662,6.245004513516506e-17,-7.37257477290143e-18,0,0
2568,0.9360474491980537,0.3126498686449122,0.1714433715364509,0.13043002792589747,-5.204170427930421e-17,6.938893903907228e-18,0,0
2569,0.9550574007477276,0.3188386274842137,0.1724434325993488,0.13263940991722886,-2.3418766925686896e-16,1.6653345369377348e-16,0,0
2570,0.9846324620761788,0.332654408737882,0.1740854782802729,0.13773986063573804,-6.245004513516506e-17,6.938893903907228e-17,0,0
2571,1.0,0.3399999999991498,0.17500000000000002,0.14049794920740444,0.03480910244716058,8.500145032286355e-17,2,0
2572,0.4335391745729461,0.1130454231288026,0.17733682974631243,0.0713551243928863,-2.940356291780688e-16,-9.71445146547012e-17,0,0
2573,0.4525491301970888,0.1192260107420858,0.17535367673681274,0.07260317621139202,2.6020852139652106e-16,6.938893903907228e-18,0,0
2574,0.4715567071058032,0.125410378226623,0.17360449237466202,0.07387838584103226,-9.8879238130678e-17,2.7755575615628914e-17,0,0
2575,0.4905548768462661,0.1315946292436685,0.1720729132508562,0.07518689810398992,-3.8163916471489756e-17,7.28583859910259e-17,0,0
2576,0.5095558352644971,0.1377668780920157,0.17074344004031913,0.076520432984819,-8.847089727481716e-17,-7.28583859910259e-17,0,0
2577,0.5285625685390332,0.1439423507375112,0.1695988633370352,0.07788744483652073,-8.153200337090993e-17,1.3877787807814457e-17,0,0
2578,0.547574217061424,0.1501256490228902,0.16862489645234627,0.07929173728692396,2.949029909160572e-17,2.42861286636753e-17,0,0
2579,0.5665849818877842,0.1563101086130682,0.16780973410837513,0.08073207748052572,2.1076890233118206e-16,-6.591949208711867e-17,0,0
2580,0.585596037316417,0.1624944362541806,0.16714188723620613,0.08220818106105535,-1.3704315460216776e-16,4.85722573273506e-17,0,0
2581,0.3343144878673205,0.06268301425337819,0.19548182366733793,0.051164506031183686,-3.5648567431323386e-16,2.0816681711721685e-17,0,0
2582,0.3533586207478577,0.06876917742171923,0.1917458096696573,0.05308411282684818,3.191891195797325e-16,4.163336342344337e-17,0,0
2583,0.3723679186232184,0.07495223690065464,0.18837365091159314,0.05494383897929826,-2.2898349882893854e-16,-1.0408340855860843e-16,0,0
2584,0.3913541381959931,0.0811792694690393,0.18533883744364194,0.05675089233510203,1.700029006457271e-16,4.5102810375396984e-17,0,0
2585,0.4103625251314371,0.08734558093161951,0.18260958015016518,0.05846689762997717,-5.4643789493269423e-17,-2.0816681711721685e-17,0,0
2586,0.6046074011407492,0.1686791673367383,0.1666106048107408,0.0837207147145018,-4.683753385137379e-17,-1.734723475976807e-17,0,0
2587,0.2098772875520288,0.01493475725809349,0.2333516367897387,0.02082290512053631,-1.1622647289044608e-16,-6.245004513516506e-17,0,0
2588,0.2299712803241356,0.01616205068926153,0.2265698896844736,0.02028154653053481,-6.02924828119189e-16,3.469446951953614e-17,0,0
2589,0.2499772975019129,0.01731798110174396,0.22044126273824483,0.019745680366280684,1.7227972520794665e-16,3.469446951953614e-18,0,0
2590,0.2800237121265952,0.03465683072528986,0.21023517303223638,0.03452791329708734,-2.671474153004283e-16,8.673617379884035e-18,0,0
2591,0.3120235670059271,0.03712217898949299,0.2030376391490929,0.03292194113362249,-1.6740081543176188e-16,-6.245004513516506e-17,0,0
2592,0.9129265319946923,0.2868897872071992,0.17059829532400092,0.12071589351771007,-2.2898349882893854e-16,8.153200337090993e-17,0,0
2593,0.9720782164784172,0.3216117810107858,0.17340328756023593,0.1335868776509672,1.700029006457271e-16,8.673617379884035e-18,0,0
2594,0.623619770078373,0.1748648982068008,0.16620600737281127,0.08527042427027144,1.1535911115245767e-16,-4.163336342344337e-17,0,0
2595,0.6426332253648119,0.1810517926771011,0.1659191055524237,0.08685761057677327,-1.9081958235744878e-17,-1.3183898417423734e-16,0,0
2596,0.6616469068233165,0.1872383484895134,0.16574178499248643,0.08848196344765144,-1.9081958235744878e-17,1.1102230246251565e-16,0,0
2597,0.6806601346685571,0.1934246018988355,0.16566642927755867,0.09014389527056084,1.1275702593849246e-17,0.0,0,0
2598,0.6996557698842654,0.1996050649625303,0.16568611351612966,0.09184227446906443,-7.112366251504909e-17,3.469446951953614e-18,0,0
2599,0.7186426680922529,0.2057350914197155,0.16579675307435723,0.09355802128354174,1.3270634591222574e-16,-6.938893903907228e-17,0,0
2600,0.7376461663930693,0.2118517809953465,0.16599085302678923,0.09530614006378316,-9.974659986866641e-17,-2.0816681711721685e-17,0,0
2601,0.7566494390854649,0.2180115469895468,0.16626015969734143,0.0971123353788004,2.6020852139652106e-18,3.469446951953614e-17,0,0
2602,0.7756637368129938,0.2241974117222165,0.16660146136676,0.09896889273952639,1.5092094240998222e-16,-5.898059818321144e-17,0,0
2603,0.7946772071318243,0.230383047547852,0.16701139107646676,0.10086562167978734,-2.0643209364124004e-16,4.163336342344337e-17,0,0
2604,0.813686399432256,0.2365684992349857,0.1674858795544733,0.10280338444599843,-3.469446951953614e-18,5.204170427930421e-17,0,0
2605,0.8326987042341978,0.2427110296850267,0.16802307042222653,0.10476518114628942,-5.0306980803327406e-17,6.938893903907228e-18,0,0
2606,0.4293779751642424,0.09352032548700719,0.1801775182221186,0.06014168529933046,-1.6479873021779667e-17,-6.938893903907228e-18,0,0
2607,0.3299676938349474,0.04372087977772578,0.19886123649737905,0.03657593711562491,-2.437286483747414e-16,-6.245004513516506e-17,0,0
2608,0.8517294127462827,0.2488052399641594,0.16862016802943272,0.10674933126139642,1.222980050563649e-16,2.0816681711721685e-17,0,0
2609,0.2199999999997871,0.0,0.2316684610273482,0.0,-4.562322741819003e-16,-0.043766673245169974,0,3
2610,0.2698153368628992,0.01716548324087618,0.21504160013059828,0.017985850711893837,-4.5102810375396984e-17,1.0408340855860843e-17,0,0
2611,0.2958496951181008,0.03222536702767073,0.20702861054447666,0.030343547757477874,2.8080836267374565e-16,1.734723475976807e-17,0,0
2612,0.8707451568096585,0.2549636731033088,0.1692700551559323,0.10880315488097478,8.239936510889834e-17,3.469446951953614e-17,0,0
2613,0.8897585264890786,0.2611408713503697,0.16997249167372097,0.11090819604521668,-1.9949319973733282e-16,-1.2836953722228372e-16,0,0
2614,0.9087756145195356,0.2673271811284246,0.17072610500200464,0.11306097809289359,1.8735013540549517e-16,-3.469446951953614e-18,0,0
2615,0.9319441299482181,0.2930764218399686,0.17147564480581043,0.1228901932469137,1.1796119636642288e-16,7.806255641895632e-17,0,0
2616,0.950675839081138,0.2993240744645076,0.1723840408973824,0.12514361213597955,-1.1449174941446927e-16,-1.734723475976807e-16,0,0
2617,0.9687279978768496,0.3046524561706134,0.17330979494780166,0.12708773875801785,8.586881206085195e-17,-8.326672684688674e-17,0,0
2618,1.0,0.3199999999992081,0.17500000000000002,0.1328952899489564,0.03472630262829819,-4.5102810375396984e-17,2,0
2619,0.9854087740181224,0.3115777746719661,0.1741951644425706,0.12967587206080539,-8.586881206085195e-17,1.734723475976807e-17,0,0
2620,0.4483973343659421,0.09967597718894362,0.17801592528980217,0.061760599972705825,-1.734723475976807e-17,-5.204170427930421e-17,0,0
2621,0.4674100596023565,0.1058532910965081,0.17609479425899607,0.0633732396202718,5.204170427930421e-18,-4.5102810375396984e-17,0,0
2622,0.4864150984637475,0.1120371918889979,0.17440129693598075,0.06498978909898522,-6.071532165918825e-18,6.938893903907228e-18,0,0
2623,0.5054138143628666,0.1182199690501333,0.17291879896720547,0.06660425952326982,1.4311468676808659e-16,-1.734723475976807e-17,0,0
2624,0.5244134568170696,0.1243969510912033,0.17163055441918396,0.06821717463835568,-1.1882855810441129e-16,-7.28583859910259e-17,0,0
2625,0.543420396484679,0.1305693816964504,0.1705212513109872,0.06983492045037447,-6.071532165918825e-17,-7.632783294297951e-17,0,0
2626,0.5624347553778137,0.1367542913211255,0.1695766911722385,0.07147173231513705,2.2724877535296173e-16,2.7755575615628914e-17,0,0
2627,0.5814463407018816,0.1429377013378573,0.16878621271494407,0.07312402508268359,-1.7780915628762273e-16,-3.469446951953614e-18,0,0
2628,0.600458308227658,0.1491216366548336,0.1681383458147071,0.07479503906262747,1.717376241217039e-16,1.734723475976807e-17,0,0
2629,0.3490175675916572,0.0497906631752633,0.1949123173274493,0.0393759173190144,3.9898639947466563e-16,-1.0408340855860843e-17,0,0
2630,0.3682188801617366,0.05539537361187027,0.19141212433770197,0.04150360984623695,-1.4224732503009818e-16,1.0408340855860843e-17,0,0
2631,0.3872113347180147,0.06158295012339123,0.18821315762655066,0.04393954973206809,4.9439619065339e-17,-6.938893903907228e-18,0,0
2632,0.4061406985796939,0.06800203246635586,0.18532070218486182,0.04636305003816596,-1.8474805019152996e-16,2.42861286636753e-17,0,0
2633,0.4251764804177173,0.07411714436149645,0.18272246231949898,0.04851750668554324,1.1449174941446927e-16,3.469446951953614e-17,0,0
2634,0.6194709504490555,0.1553070015289007,0.16762280746932764,0.07648767673801435,-1.214306433183765e-16,-2.7755575615628914e-17,0,0
2635,0.2399999999997272,0.0,0.22496029073577345,0.0,1.8041124150158794e-16,-0.042384998323719475,0,3
2636,0.2599999999996782,0.0,0.21891429026860945,0.0,-9.71445146547012e-17,-0.04136575515041062,0,3
2637,0.2890862239577888,0.01680064291388626,0.21026141484671915,0.016399209075128655,-6.938893903907228e-18,3.469446951953614e-18,0,0
2638,0.3251478714970607,0.02403480515547689,0.20183438798328387,0.02069576650334409,1.6132928326584306e-16,-3.469446951953614e-18,0,0
2639,0.3070178929296441,0.01836383234775448,0.20601203591469242,0.016799465034842028,-1.096128396382845e-16,2.0816681711721685e-17,0,0
2640,0.9277929426053872,0.2735136147457873,0.17152918392494462,0.11525841764339861,2.42861286636753e-17,-1.0234868508263162e-16,0,0
2641,0.6384842898854046,0.1614930545848986,0.16723014208851145,0.07820355176054315,1.0408340855860843e-17,1.457167719820518e-16,0,0
2642,0.6574979063487744,0.1676792516317039,0.16695166712860002,0.07994410799764837,-2.411265631607762e-16,-2.7755575615628914e-17,0,0
2643,0.6765113947080288,0.1738653012904487,0.16677941233855206,0.08171085131716291,2.0643209364124004e-16,5.898059818321144e-17,0,0
2644,0.6955242605703063,0.180051487874694,0.16670600333835714,0.08350554826778525,-4.336808689942018e-17,-3.122502256758253e-17,0,0
2645,0.7144814389028553,0.1862277300292071,0.16672415704799803,0.08532758681773743,6.938893903907228e-18,1.0408340855860843e-17,0,0
2646,0.7334841171826046,0.1922655560747834,0.1668355694320531,0.0871182868619962,5.898059818321144e-17,1.1102230246251565e-16,0,0
2647,0.7524989818589717,0.1984513506091098,0.1670200866518628,0.08900447472890682,-8.239936510889834e-17,1.3877787807814457e-17,0,0
2648,0.7715137328755902,0.204637288624001,0.16727987225973745,0.09092369479973686,-6.418476861114186e-17,-4.163336342344337e-17,0,0
2649,0.790528480538506,0.210823189278463,0.16761034837105152,0.09287688997381133,-1.7520707107365752e-16,3.122502256758253e-17,0,0
2650,0.8095350122125271,0.2170038267508355,0.16800724073858322,0.094863425078834,1.8735013540549517e-16,-3.469446951953614e-17,0,0
2651,0.8285478457570359,0.2231497410471502,0.16846799772755858,0.09687202102234223,9.194034422677078e-17,6.938893903907228e-18,0,0
2652,0.8475740120117674,0.229223954128732,0.16899028284018383,0.09888875462660067,9.540979117872439e-18,-7.28583859910259e-17,0,0
2653,0.4442489914933537,0.08011585505929102,0.18042506502424388,0.050467631958274854,-1.986258379993444e-16,3.469446951953614e-18,0,0
2654,0.3434273546638564,0.03223694093290948,0.19772621975795063,0.026148342792644587,-1.1232334506949826e-16,-3.469446951953614e-18,0,0
2655,0.8665934316682353,0.2353960788346216,0.16956555648301253,0.10098483621683943,-1.0321604682062002e-16,0.0,0,0
2656,0.279999999999601,0.0,0.2134488002566039,0.0,2.0816681711721685e-17,-0.04052581226761021,0,3
2657,0.8856071815197302,0.2415783127094972,0.17019395541809396,0.10312517953749663,1.2663481374630692e-16,6.245004513516506e-17,0,0
2658,0.904624444063748,0.2477646408344547,0.17087403858125827,0.10530799877009113,-9.627715291671279e-17,-5.204170427930421e-17,0,0
2659,0.9236419184706006,0.2539509586994865,0.1716038990139049,0.1075325411848506,4.597017211338539e-17,-3.469446951953614e-18,0,0
2660,0.9465652778191123,0.2797522258482052,0.1723655611765944,0.11752673748870991,-9.367506770274758e-17,8.283304597789254e-17,0,0
2661,0.9652441344645708,0.2857227038727766,0.17324342596539447,0.11973852253003538,-1.1102230246251565e-16,1.3877787807814457e-17,0,0
2662,0.9838879947632553,0.2919414930073901,0.17416415812656913,0.12207593153600883,9.627715291671279e-17,2.0816681711721685e-17,0,0
2663,1.0,0.2999999999992664,0.17500000000000002,0.1251834388344628,0.034672939883621134,-1.734723475976807e-18,2,0
2664,0.4632586751656652,0.08629495761996714,0.1783633397630101,0.052455726698982165,1.8127860323957634e-16,1.0408340855860843e-17,0,0
2665,0.4822709862155206,0.09247933423195046,0.17653444320830647,0.05442159586783954,-3.625572064791527e-16,1.3877787807814457e-17,0,0
2666,0.5012808538970102,0.09866509826465047,0.17492513565730622,0.056345684426056156,3.209238430557093e-16,4.85722573273506e-17,0,0
2667,0.5202640328230369,0.1048500141703217,0.17351598473705587,0.05823680612321345,-2.8622937353617317e-16,2.0816681711721685e-17,0,0
2668,0.5392677455632053,0.1110199161115054,0.17229008990041075,0.06009585630570381,8.153200337090993e-17,1.3877787807814457e-17,0,0
2669,0.5582819057876658,0.117197423648054,0.17123349193984075,0.06194802701731043,7.892991815694472e-17,-2.7755575615628914e-17,0,0
2670,0.5772935308745368,0.1233790605349891,0.17033544695072653,0.06379622806184246,-1.717376241217039e-16,-1.0408340855860843e-17,0,0
2671,0.5963072031871129,0.1295635267895652,0.1695840196045047,0.06564415923922248,1.3357370765021415e-16,-3.469446951953614e-18,0,0
2672,0.6153211464426751,0.1357482178435495,0.16896909891113643,0.06749585420479172,-9.194034422677078e-17,0.0,0,0
2673,0.3640674209689546,0.03583639873667466,0.19396275349336142,0.027410200407992805,-3.122502256758253e-17,0.0,0,0
2674,0.3836441999749057,0.04343577276435166,0.1904190279484209,0.031521509355081724,-1.2706849461530112e-16,3.469446951953614e-18,0,0
2675,0.4023602749592446,0.04887376393579207,0.18754738459804052,0.033861072457200256,-1.7433970933566911e-16,-3.469446951953614e-18,0,0
2676,0.4206548085250001,0.05569305889176,0.18490460438709652,0.037057430454418214,3.3480163086352377e-16,-2.42861286636753e-17,0,0
2677,0.4397673553570126,0.06169380689848384,0.18245915157838383,0.0394877945949261,-9.553176392312901e-17,2.42861286636753e-17,0,0
2678,0.6343346240309269,0.1419337892959167,0.16848112881216684,0.06935516301076654,-5.204170427930421e-17,-7.28583859910259e-17,0,0
2679,0.2999999999995319,0.0,0.20848763628021108,0.0,8.847089727481716e-17,-0.0396363222746497,0,3
2680,0.3362965523141713,0.01368519190173918,0.20014159016091387,0.01139049669049887,-4.85722573273506e-16,5.724587470723463e-17,0,0
2681,0.3199999999994552,0.0,0.2039993168685494,0.0,-4.85722573273506e-17,-0.03893532921066332,0,3
2682,0.9426185181344549,0.2601461019774673,0.1723803308951371,0.10980194745372951,-7.28583859910259e-17,4.597017211338539e-17,0,0
2683,0.653348603846196,0.1481196938266277,0.168110879245016,0.07122495634724216,1.457167719820518e-16,1.734723475976807e-17,0,0
2684,0.6723628423091579,0.1543059764254344,0.167850034219848,0.0731084273888703,-8.847089727481716e-17,-8.673617379884035e-17,0,0
2685,0.6913619159832172,0.1604929381545372,0.16769093912038097,0.07500937968566766,2.1337098754514727e-16,0.0,0,0
2686,0.7103439656771025,0.1666602050168269,0.1676274375613614,0.07692106650469324,-1.3357370765021415e-16,2.42861286636753e-17,0,0
2687,0.729332032414159,0.1727681926189348,0.16765486732075022,0.07882785688972546,2.7755575615628914e-17,-1.1102230246251565e-16,0,0
2688,0.7483486128042267,0.17889094716389,0.16776419012609567,0.08076339724201945,-3.122502256758253e-17,4.163336342344337e-17,0,0
2689,0.7673576118565388,0.1850995286061078,0.16794673553203865,0.08276191368474031,1.8301332671555315e-16,2.0816681711721685e-17,0,0
2690,0.7863784915637264,0.1912625947536796,0.16820367417430004,0.08476762813671315,-1.9255430583342559e-16,-2.42861286636753e-17,0,0
2691,0.8053937303626172,0.1974486820397894,0.16852748214421867,0.08681235057220667,1.457167719820518e-16,3.469446951953614e-18,0,0
2692,0.8243963614604324,0.2035982976073293,0.16891584580476401,0.08887285572513891,-1.474514954580286e-16,2.0816681711721685e-17,0,0
2693,0.8434311277158866,0.2096885567385386,0.16936668275146602,0.0909406683189116,5.898059818321144e-17,2.0816681711721685e-17,0,0
2694,0.862443067752189,0.2158347488502226,0.1698717058898245,0.09306640119049954,-4.163336342344337e-17,-1.0408340855860843e-17,0,0
2695,0.4591359435484424,0.06676759315112718,0.18035747743764094,0.041148702141956796,2.0036056147532122e-16,6.938893903907228e-18,0,0
2696,0.3508678444614715,0.01706161090746967,0.1973142686158611,0.013617666646092926,3.4184894498467955e-16,-4.163336342344337e-17,0,0
2697,0.8814558373743188,0.2220159191697059,0.17042967305142576,0.09524223352892339,1.3010426069826053e-17,-6.245004513516506e-17,0,0
2698,0.9004731761916264,0.2282020411315418,0.17103889616511617,0.09745734139612525,8.500145032286355e-17,2.42861286636753e-17,0,0
2699,0.9194907423741091,0.2343882176957938,0.17169750151435137,0.09971055434923275,-1.0755285551056204e-16,4.85722573273506e-17,0,0
2700,0.9385085151563701,0.2405746108636694,0.17240337789127758,0.10200238804131369,-1.2923689896027213e-16,4.163336342344337e-17,0,0
2701,0.9616756505534518,0.2663237017313482,0.17320327470802527,0.11211069519924999,-3.469446951953614e-18,-1.0842021724855044e-16,0,0
2702,0.9820592632862983,0.2711997347711479,0.17413675258265224,0.11394610292965185,1.0234868508263162e-16,-6.591949208711867e-17,0,0
2703,1.0,0.2799999999993247,0.17500000000000002,0.11738498876094025,0.034644131479110975,1.734723475976807e-17,2,0
2704,0.478121552455287,0.07292023892793403,0.17842885051460106,0.04348901929130738,-3.3133218391157016e-16,-1.0408340855860843e-16,0,0
2705,0.4971349596781229,0.07910574171361556,0.1767195749978056,0.04576037975534931,3.5214886562329184e-16,3.469446951953614e-17,0,0
2706,0.5161159668051263,0.08529013167336003,0.17521818987205123,0.04794995100821392,-2.8709673527416157e-16,-6.938893903907228e-18,0,0
2707,0.5351106535580037,0.09146077948436039,0.17389932482286344,0.050073723995113055,1.6306400674181987e-16,-3.122502256758253e-17,0,0
2708,0.5541204560134625,0.09763280153411363,0.17275153808984034,0.05216315485732806,5.551115123125783e-17,0.0,0,0
2709,0.5731333980914678,0.1038158501736881,0.17176307241493968,0.054228818603517345,-7.37257477290143e-17,-2.42861286636753e-17,0,0
2710,0.592153909823357,0.1100032712388718,0.1709238634656034,0.056271325982056364,-3.642919299551295e-17,3.8163916471489756e-17,0,0
2711,0.6111712053915883,0.1161890000980881,0.1702234621765078,0.05829827554868449,-6.158268339717665e-17,2.42861286636753e-17,0,0
2712,0.6301846833874916,0.1223738928321934,0.1696525183057775,0.06031549824697417,-6.331740687315346e-17,7.632783294297951e-17,0,0
2713,0.3801931869486064,0.02803515236520918,0.19199121189844498,0.020569715398464875,-1.5959455978986625e-16,-2.7755575615628914e-17,0,0
2714,0.3983116592101054,0.03136196091747142,0.18926154233533998,0.022054454553031285,1.2598429244281562e-16,2.7755575615628914e-17,0,0
2715,0.4195671464440778,0.03599068580745388,0.18635989620736632,0.024102764590434894,1.9081958235744878e-16,4.683753385137379e-17,0,0
2716,0.4341286224349481,0.04725794719445391,0.18403934087518628,0.03068441028746843,-3.677613769070831e-16,-4.5102810375396984e-17,0,0
2717,0.4532485812370816,0.0469792419865392,0.18217628035941688,0.029430321174869767,1.8257964584655895e-16,8.673617379884035e-18,0,0
2718,0.3699999999992927,0.01701402779511971,0.19415987598325476,0.012864137327875032,6.765421556309548e-17,4.5102810375396984e-17,0,0
2719,0.649198755476107,0.1285599190386689,0.16920190584976405,0.06232736958004222,1.1275702593849246e-17,-5.898059818321144e-17,0,0
2720,0.3399999999993845,0.0,0.1999400504398672,0.0,2.0816681711721685e-16,-0.038328013108317786,0,3
2721,0.9575268042018074,0.2467614999763076,0.17315628339951622,0.10432984487395053,2.706168622523819e-16,1.0408340855860843e-17,0,0
2722,0.6682133721184316,0.1347460245091042,0.16886267516108777,0.06433865598748117,5.898059818321144e-17,-1.3877787807814457e-17,0,0
2723,0.6872280292911487,0.1409323961177405,0.1686273203740395,0.06635431338949935,1.3010426069826053e-17,7.632783294297951e-17,0,0
2724,0.7062205311559129,0.1471091467876051,0.16848907765137053,0.06837408485885285,-2.411265631607762e-16,4.85722573273506e-17,0,0
2725,0.7252031060740122,0.1532570165908911,0.16844202680051995,0.07039228579372607,1.0755285551056204e-16,3.8163916471489756e-17,0,0
2726,0.7441782252509335,0.1594257641169081,0.1684776480126449,0.07243350893425787,-1.5699247457590104e-16,5.898059818321144e-17,0,0
2727,0.7631908079108504,0.1656050129771092,0.16859182304939463,0.07449469425718064,1.6132928326584306e-16,-5.551115123125783e-17,0,0
2728,0.7822241531301618,0.1717411642542609,0.16878127426211276,0.07655663103012948,-2.636779683484747e-16,9.020562075079397e-17,0,0
2729,0.8012435649668224,0.1778876438794363,0.16903875117830902,0.0786458628899088,6.938893903907228e-17,-6.938893903907228e-17,0,0
2730,0.8202500429598718,0.184063603671501,0.16935947754482247,0.08077248025078956,-6.418476861114186e-17,6.938893903907228e-17,0,0
2731,0.8392190892189186,0.1901981660902589,0.16974081336564661,0.08290908414646617,6.591949208711867e-17,1.734723475976807e-17,0,0
2732,0.8582667914074298,0.1963286689832398,0.17018141832009026,0.0850709828306816,1.205632815803881e-16,4.163336342344337e-17,0,0
2733,0.8772998013125426,0.2024705202204398,0.1706750999005488,0.08726914107546675,-4.423544863740858e-17,1.3877787807814457e-17,0,0
2734,0.4740046910043272,0.05339730395163479,0.18003866229544355,0.03222698731767533,2.1597307275911248e-16,-1.0408340855860843e-17,0,0
2735,0.3599999999993138,0.0,0.19627138874986544,0.0,-2.1163626406917047e-16,-0.03834195034391816,0,3
2736,0.8963177072054005,0.20864919344558,0.1712186189094675,0.08951576045430361,-5.204170427930421e-17,-1.734723475976807e-17,0,0
2737,0.9153393970809209,0.2148252664776875,0.1718107872315022,0.09179637340201753,-1.3183898417423734e-16,5.204170427930421e-17,0,0
2738,0.9343572534678053,0.2210115389256963,0.172450128109368,0.09411665103804372,1.93421667571414e-16,-1.0061396160665481e-16,0,0
2739,0.9524696099828753,0.2273901441289611,0.17309675400435526,0.09655927486391454,1.0581813203458523e-16,-4.85722573273506e-17,0,0
2740,0.9788616232282242,0.2496449251174278,0.17407326344776788,0.10539029246851686,-1.3877787807814457e-16,3.469446951953614e-17,0,0
2741,1.0,0.259999999999383,0.17500000000000002,0.10949074099085124,0.03458619441224735,2.0816681711721685e-17,2,0
2742,0.492986716916083,0.05954542588318648,0.17826663367775616,0.034859487637780524,-2.740863092043355e-16,-1.0061396160665481e-16,0,0
2743,0.5119554610150161,0.06576734003964202,0.17669257965680915,0.0374041680049119,3.382710778154774e-17,4.5102810375396984e-17,0,0
2744,0.5309588064975319,0.07189705095346238,0.17531283687825358,0.03978239768081904,2.393918396847994e-16,-4.163336342344337e-17,0,0
2745,0.5499664332970811,0.07806879085234408,0.1740983208066615,0.0421320888545496,-2.0816681711721685e-16,-3.8163916471489756e-17,0,0
2746,0.5689825847695118,0.08425470253474501,0.17304237340365028,0.04443224099542269,6.852157730108388e-17,5.551115123125783e-17,0,0
2747,0.5879989033621058,0.09044091919265154,0.17213280364664477,0.046684295317078864,-1.942890293094024e-16,6.938893903907228e-18,0,0
2748,0.6070173935960386,0.09662728799144289,0.17136395392648732,0.048900575726711484,2.3245294578089215e-16,-3.469446951953614e-18,0,0
2749,0.6260339395403365,0.1028130206676302,0.17072478080112516,0.05108968923284839,-2.246466901389965e-16,-9.367506770274758e-17,0,0
2750,0.6450484294433163,0.1089994100493073,0.1702063406318429,0.05325644116730325,2.8102520310824275e-16,2.0816681711721685e-17,0,0
2751,0.3900008677424577,0.01597198969038357,0.19116849197588345,0.011464041935975819,-1.7867651802561113e-16,-3.8163916471489756e-17,0,0
2752,0.4099999999991963,0.01665531604418397,0.18842518219923804,0.011424413220031977,-2.2388774861825667e-16,-4.5102810375396984e-17,0,0
2753,0.4404031088688192,0.03279314897862473,0.18421414121587648,0.021099310866434896,-1.6306400674181987e-16,-7.19910242530375e-17,0,0
2754,0.4708070650155565,0.03492467641791795,0.181245270106253,0.02126497736308269,2.632442874794805e-16,1.457167719820518e-16,0,0
2755,0.3799999999992717,0.0,0.19298970610624497,0.0,6.591949208711867e-17,-0.03791890465084091,0,3
2756,0.6640634240030138,0.1151855612013234,0.16980080735033468,0.05540601840507628,-7.112366251504909e-17,-2.42861286636753e-17,0,0
2757,0.9674629732918274,0.2341773779560724,0.1736587116505645,0.09921957098740232,-1.3357370765021415e-16,-1.3877787807814457e-17,0,0
2758,0.683078456918612,0.1213719424378595,0.16949976047591703,0.057547167989142604,-1.8648277366750676e-16,-3.8163916471489756e-17,0,0
2759,0.702093724891518,0.1275585857392342,0.16929636612296747,0.05968390317450139,1.4051260155412137e-16,-2.42861286636753e-17,0,0
2760,0.7210894758512307,0.1337274825637929,0.1691847777987379,0.061813178240188664,2.0383000842727483e-16,-5.551115123125783e-17,0,0
2761,0.7400962125239743,0.1399093828641589,0.1691573795113001,0.06395057093527375,-2.6107588313450947e-16,-7.28583859910259e-17,0,0
2762,0.7591038979247322,0.1460922524613492,0.16920887405470686,0.06609589811991709,2.0643209364124004e-16,3.122502256758253e-17,0,0
2763,0.7780876513781118,0.152230158794579,0.1693354441725577,0.0682341323706596,-2.2898349882893854e-16,-7.979727989493313e-17,0,0
2764,0.7970899489813277,0.1583757807925211,0.16953120682455378,0.07039003445934816,3.5561831257524545e-16,-4.5102810375396984e-17,0,0
2765,0.816102052834578,0.1645275757702252,0.1697917312031299,0.07256592015944244,-2.2985086056692694e-16,-1.0755285551056204e-16,0,0
2766,0.8351191668353413,0.1706931839191732,0.17011274601985202,0.07476776964985285,2.419939248987646e-16,-7.632783294297951e-17,0,0
2767,0.8540838166884299,0.1768153388035872,0.17049034508480776,0.0769753114443179,-1.5612511283791264e-17,-3.8163916471489756e-17,0,0
2768,0.8731213183963331,0.1829846272202413,0.17092276209152105,0.07922679590504336,-7.025630077706069e-17,3.469446951953614e-18,0,0
2769,0.8921501666529024,0.1891193219074715,0.17140638678272027,0.08149230641256873,9.367506770274758e-17,3.8163916471489756e-17,0,0
2770,0.488582096354773,0.04076344781675623,0.17956683304317206,0.024137482695300652,-2.5326962749261384e-16,3.122502256758253e-17,0,0
2771,0.4299999999991477,0.01732050807563687,0.1859912078318473,0.011410655104631821,3.2439329000766293e-16,6.418476861114186e-17,0,0
2772,0.4553304909657073,0.03091638537627411,0.18282497671200665,0.019380644364537895,-2.003775021342663e-16,-3.469446951953614e-17,0,0
2773,0.9111878646200926,0.1952620917666336,0.17193846021897488,0.08379187132736204,-1.48318857196017e-16,1.0408340855860843e-17,0,0
2774,0.9302058042380098,0.2014483020440499,0.1725150036883545,0.08614401220330666,2.740863092043355e-16,-1.734723475976807e-17,0,0
2775,0.9486499801088095,0.207893357413733,0.17311510001530614,0.08863901319347019,-1.734723475976807e-16,2.0816681711721685e-17,0,0
2776,0.9659411442531299,0.2156591492626143,0.17370586135534438,0.09171142120416645,1.214306433183765e-17,4.163336342344337e-17,0,0
2777,0.9824169292224711,0.2278522306450008,0.17429892266273364,0.09660961581807846,-8.326672684688674e-17,-5.551115123125783e-17,0,0
2778,1.0,0.2399999999994413,0.17500000000000002,0.10149146632308097,0.0345861030589762,2.0816681711721685e-17,2,0
2779,0.5074327455663057,0.04735879913707391,0.1779182867172154,0.027235566765289924,-1.3877787807814457e-17,2.0816681711721685e-17,0,0
2780,0.5267273226515898,0.05258676046272916,0.1764967734938758,0.029390252301723922,1.214306433183765e-17,2.7755575615628914e-17,0,0
2781,0.5458155787801331,0.05850741758178683,0.17525138247720906,0.03187311650102203,-1.214306433183765e-16,4.5102810375396984e-17,0,0
2782,0.5648317414190717,0.06469345700927581,0.17414973442643153,0.03442439910196884,-3.642919299551295e-17,3.469446951953614e-18,0,0
2783,0.583847977848079,0.07087928352653858,0.17319190005729238,0.03689190793568552,-3.903127820947816e-17,-7.979727989493313e-17,0,0
2784,0.6028647543569441,0.07706563413496995,0.172367624432729,0.03931425141030161,2.185751579730777e-16,-1.3877787807814457e-17,0,0
2785,0.6218816491019001,0.08325188261644584,0.1716783000183986,0.04168743980329803,-1.1709383462843448e-16,3.8163916471489756e-17,0,0
2786,0.640897870965988,0.08943811396126594,0.17110732599674006,0.0440186638607494,8.413408858487514e-17,-6.938893903907228e-17,0,0
2787,0.6599132808166925,0.09562465210742324,0.1706469463011617,0.04631753430460999,-1.0234868508263162e-16,4.85722573273506e-17,0,0
2788,0.3999999999992156,0.0,0.19006343785387894,0.0,6.245004513516506e-17,-0.03759034132756722,0,3
2789,0.4199999999991775,0.0,0.1874559528682458,0.0,-8.847089727481716e-17,-0.037478374180256416,0,3
2790,0.4491001900599111,0.01680096049972846,0.18394444341151908,0.010676393099834718,-4.683753385137379e-17,-3.8163916471489756e-17,0,0
2791,0.4884315339930885,0.02001009575896563,0.18028127391167706,0.011877804615055682,1.9552230928060466e-16,0.0,0,0
2792,0.467396079817228,0.01659827791507921,0.18216722011527695,0.010216944143529777,-1.932048271369169e-16,-1.0408340855860843e-17,0,0
2793,0.6789284622396219,0.1018108445649022,0.17029309831464792,0.04859300124480458,-5.377642775528102e-17,3.469446951953614e-17,0,0
2794,0.6979438741044072,0.1079972716560484,0.17003600162678628,0.0508512184677216,9.540979117872439e-17,-4.85722573273506e-17,0,0
2795,0.7169598744053804,0.1141841557738477,0.16986996813696179,0.05309846088054917,-5.204170427930421e-17,5.551115123125783e-17,0,0
2796,0.7359760303447886,0.1203713665766647,0.16978833346003766,0.055336050053484666,-1.3010426069826053e-16,-1.0408340855860843e-17,0,0
2797,0.7549921073347929,0.1265586611173979,0.16978546719735485,0.0575712979702998,2.1684043449710089e-16,-2.42861286636753e-17,0,0
2798,0.7739853125898812,0.132722316996299,0.16985705109022411,0.059800448482783417,5.637851296924623e-17,1.734723475976807e-17,0,0
2799,0.7929575652326358,0.1388610646512543,0.16999819191002727,0.062025939974312,-1.0321604682062002e-16,-1.734723475976807e-17,0,0
2800,0.8119384974261014,0.1450368799433356,0.1702030105740297,0.06427711744448056,-6.591949208711867e-17,6.591949208711867e-17,0,0
2801,0.8309748898947557,0.1511369950040021,0.1704712997324922,0.06650765648926212,-4.85722573273506e-17,-1.0408340855860843e-17,0,0
2802,0.8499791512752025,0.1573099529608124,0.17079376082917846,0.06878701248518554,-7.28583859910259e-17,7.979727989493313e-17,0,0
2803,0.8689769973268688,0.1634686213921011,0.1711695145997051,0.07107999870691971,-6.245004513516506e-17,3.469446951953614e-18,0,0
2804,0.8879685843339127,0.169616924769851,0.1715955354729983,0.07339151162311325,-2.42861286636753e-17,4.5102810375396984e-17,0,0
2805,0.9070152116138566,0.1757346253713075,0.17207093400248974,0.07571545849574017,1.734723475976807e-18,0.0,0,0
2806,0.5028263571988904,0.03181014553819875,0.1788230681864595,0.0184560844194987,-1.0408340855860843e-16,-5.551115123125783e-17,0,0
2807,0.4399999999991175,0.0,0.18513199966037078,0.0,1.5092094240998222e-16,-0.037370378515499555,0,3
2808,0.9260542347084488,0.1818850323243294,0.17259067934007113,0.07808195949626362,1.2836953722228372e-16,-2.0816681711721685e-17,0,0
2809,0.9450724458431417,0.1880712732606848,0.17315100535952585,0.080496934354979,-1.457167719820518e-16,4.85722573273506e-17,0,0
2810,0.9642371559840514,0.1950483227549194,0.1737577731206796,0.08326282849350217,-1.1275702593849246e-16,7.28583859910259e-17,0,0
2811,0.98261241697604,0.2086486212688597,0.17435813444509946,0.08878678900455814,-5.204170427930421e-18,4.163336342344337e-17,0,0
2812,1.0,0.2199999999994996,0.17500000000000002,0.09339355847185957,0.03452722338859139,-6.938893903907228e-18,2,0
2813,0.5198471399515251,0.03371316033958548,0.17761663995189228,0.019070076058322248,1.1676857397668883e-16,-3.469446951953614e-17,0,0
2814,0.5421971324406223,0.03636489860584022,0.1762350477838482,0.019976594576964993,1.6132928326584306e-16,0.0,0,0
2815,0.5616840775508632,0.04572315890417389,0.17497249447111868,0.024503495327557502,-1.5178830414797062e-17,-7.28583859910259e-17,0,0
2816,0.5800212572534136,0.05169901619527635,0.17403906307363226,0.027101035478618453,1.708702623837155e-16,2.0816681711721685e-17,0,0
2817,0.5987138473994889,0.05750353489556323,0.17321864860625608,0.029541268332993555,-2.2811613709095013e-16,1.3877787807814457e-17,0,0
2818,0.6177304828319612,0.06368999343568829,0.17248805868478276,0.03212332236402005,-9.367506770274758e-17,1.3877787807814457e-17,0,0
2819,0.6367470546383414,0.06987639577752212,0.17188641390407194,0.03462613287163037,2.3765711620882257e-16,2.0816681711721685e-17,0,0
2820,0.6557632466124126,0.07606296460632762,0.17138689481360675,0.0370779660356655,-1.8041124150158794e-16,-5.898059818321144e-17,0,0
2821,0.674778743926162,0.08224938458986111,0.17098957818079963,0.03950121758933509,1.1275702593849246e-16,-2.0816681711721685e-17,0,0
2822,0.4599999999990794,0.0,0.1830574796943549,0.0,-2.0122792321330962e-16,-0.03717683379647284,0,3
2823,0.5098382701287596,0.01720522463861249,0.17871360368040937,0.009867284711886859,-9.540979117872439e-17,-2.2551405187698492e-17,0,0
2824,0.4799999999990204,0.0,0.18120427913080026,0.0,2.1510571102112408e-16,-0.03692075941368887,0,3
2825,0.6937936132845699,0.08843555052621145,0.17069332865598222,0.041887406734474386,1.8995222061946038e-16,-2.0816681711721685e-17,0,0
2826,0.7128097547326977,0.09462223424282888,0.17048574724449253,0.044252809120302536,-2.983724378680108e-16,-1.734723475976807e-17,0,0
2827,0.7318260054737253,0.1008092263448257,0.17035975172253157,0.04659383795285328,2.5326962749261384e-16,-1.0408340855860843e-17,0,0
2828,0.7508422932038243,0.1069964073462941,0.17031100652215328,0.04892232817492114,-1.0234868508263162e-16,-1.0408340855860843e-17,0,0
2829,0.7698544836244741,0.1131791591323658,0.17033619896512117,0.05124502039996715,-1.2836953722228372e-16,4.85722573273506e-17,0,0
2830,0.7888617634838007,0.1193562593015182,0.17043047142757217,0.05356361097213209,1.0581813203458523e-16,6.591949208711867e-17,0,0
2831,0.8078433201476394,0.125484997878785,0.1705895791060773,0.05586284383856833,7.979727989493313e-17,-2.0816681711721685e-17,0,0
2832,0.8268823127759851,0.1315761690206581,0.17081000603581453,0.05815074237129425,-9.367506770274758e-17,-3.469446951953614e-17,0,0
2833,0.8458516038875548,0.1377561616903757,0.1710829840611852,0.060488195878419616,8.500145032286355e-17,-4.163336342344337e-17,0,0
2834,0.8648580097430372,0.1439479667859131,0.1714087803325706,0.06284325316589237,-4.85722573273506e-17,-2.7755575615628914e-17,0,0
2835,0.8838646990637903,0.1501228190545935,0.17178404306761036,0.06520827624076268,-1.214306433183765e-17,-7.28583859910259e-17,0,0
2836,0.9028313471362022,0.1562436802235751,0.17220540311704496,0.06757148773735233,9.194034422677078e-17,1.0408340855860843e-17,0,0
2837,0.9218811536820577,0.1623640079967893,0.17267270349011535,0.06995751117358308,-1.43982048506075e-16,-6.938893903907228e-18,0,0
2838,0.4999999999989813,0.0,0.1795784159289913,0.0,-1.1449174941446927e-16,-0.03694280598659051,0,3
2839,0.9409208316546706,0.1685077464109912,0.17318122423417223,0.0723798849243104,9.194034422677078e-17,-3.469446951953614e-18,0,0
2840,0.9622637524647926,0.1750219198021042,0.17379718974703298,0.074976974518342,1.3010426069826053e-16,-1.682681771697503e-16,0,0
2841,0.9828678827944768,0.1895105712818297,0.174419421641479,0.08090968653052276,2.0816681711721685e-16,-7.979727989493313e-17,0,0
2842,1.0,0.1999999999995579,0.17500000000000002,0.08521253930644168,0.03450179695119829,-3.9898639947466563e-17,2,0
2843,0.5306985820209149,0.01752343454939637,0.177344345614988,0.009782137117138602,-1.0375814790686277e-16,4.85722573273506e-17,0,0
2844,0.5600379152505426,0.02955787351673308,0.17550575359555315,0.01588435934165802,-1.6132928326584306e-16,-9.540979117872439e-18,0,0
2845,0.5772387554130798,0.03363723753233501,0.17464183389391247,0.01772978383948802,-4.7704895589362195e-18,3.122502256758253e-17,0,0
2846,0.594814435278619,0.03834830407501281,0.17388618363181127,0.019828790775153194,-1.700029006457271e-16,2.42861286636753e-17,0,0
2847,0.613396719660861,0.04469017926191094,0.17316193566937854,0.022684636376397636,2.896988204881268e-16,-7.45931094670027e-17,0,0
2848,0.632596415192055,0.05031433663436852,0.1725273954852154,0.025102443674522433,1.3688052427629493e-17,-3.469446951953614e-17,0,0
2849,0.6516131075152382,0.05650064365450412,0.1720097696707088,0.027701483779273343,-1.249000902703301e-16,6.591949208711867e-17,0,0
2850,0.6706293097964926,0.0626875253052126,0.1715866397693704,0.030278680143390777,6.071532165918825e-18,1.3877787807814457e-17,0,0
2851,0.6907104422742978,0.06823916205794615,0.17126273880467632,0.032480071667202376,-2.177077962350893e-16,-3.469446951953614e-17,0,0
2852,0.5199999999989373,0.0,0.17816854979361,0.0,-1.1275702593849246e-16,-0.03680956092395082,0,3
2853,0.7097779634279218,0.07469671671514264,0.1710228505000927,0.035098423292429876,5.551115123125783e-17,5.724587470723463e-17,0,0
2854,0.728099265896376,0.08144975487749749,0.17085197726898302,0.03782398916633956,1.8648277366750676e-16,-3.469446951953614e-18,0,0
2855,0.7466924474777956,0.08743392537321616,0.17077273637081608,0.04016568401784312,-2.2898349882893854e-16,-1.0408340855860843e-17,0,0
2856,0.7657092124343061,0.09362124261489414,0.17076114522481387,0.042581877832886056,1.2836953722228372e-16,-1.734723475976807e-17,0,0
2857,0.7847262410505912,0.0998088785012739,0.17081810365811792,0.04498734729525315,-5.204170427930421e-17,-9.367506770274758e-17,0,0
2858,0.8037314413371499,0.1059832854033477,0.1709378949941379,0.047379165794429225,4.423544863740858e-17,1.0408340855860843e-17,0,0
2859,0.8226882061438742,0.1121041972487927,0.17111628237428658,0.04974586433153579,0.0,3.122502256758253e-17,0,0
2860,0.8417101929084027,0.1182255507400228,0.17135000441503045,0.05211424403336498,3.469446951953614e-17,2.0816681711721685e-17,0,0
2861,0.8607092384093163,0.1243842658718775,0.17163315532478085,0.05450576368731844,-5.984795992119984e-17,-4.5102810375396984e-17,0,0
2862,0.8797251222512532,0.1305718885348056,0.17196395018692157,0.056920831524599196,7.45931094670027e-17,4.163336342344337e-17,0,0
2863,0.8987424314952641,0.1367593165532874,0.1723395920082747,0.05935076831307638,2.688821387764051e-17,-6.938893903907228e-17,0,0
2864,0.9176883813649901,0.1428668916987348,0.1727563925774865,0.06176587148790813,-6.331740687315346e-17,-5.551115123125783e-17,0,0
2865,0.9366561876484469,0.1489525091448971,0.1732132964614846,0.06419348044330321,2.0383000842727483e-16,-3.469446951953614e-17,0,0
2866,0.5499999999988742,0.01732050807565667,0.1762633042908169,0.009440804049400137,2.445960101127298e-16,2.42861286636753e-17,0,0
2867,0.9550138672770021,0.1546176381798894,0.1736923557929848,0.06647488244866326,-5.204170427930421e-17,4.163336342344337e-17,0,0
2868,0.9826794919243618,0.1699999999996454,0.17445965674296116,0.07280299385543665,-1.97758476261356e-16,-3.122502256758253e-17,0,0
2869,1.0,0.1799999999996162,0.17500000000000002,0.07694734254157312,0.03446744546343145,6.938893903907228e-17,2,0
2870,0.539999999998883,0.0,0.17693858304037882,0.0,1.5265566588595902e-16,-0.03679790448579866,0,3
2871,0.5696083107451853,0.01646197967188543,0.17531222840791427,0.00875118995726962,-1.7694179454963432e-16,-8.673617379884035e-18,0,0
2872,0.5917973253320858,0.01798420817071024,0.1743641632596407,0.00935133229579842,-5.898059818321144e-17,-5.377642775528102e-17,0,0
2873,0.6109197758908227,0.02718872220437152,0.17356591530873797,0.013856964849327424,2.3765711620882257e-16,4.85722573273506e-17,0,0
2874,0.6263456745398622,0.03479225236133267,0.17302057382961616,0.017471193180521895,-2.3765711620882257e-16,1.734723475976807e-17,0,0
2875,0.64526681740008,0.03443289323078419,0.17258111669855206,0.017012253086262207,-2.688821387764051e-17,8.673617379884035e-18,0,0
2876,0.6663413588806809,0.04354954838101983,0.17205570664962364,0.021153183638134825,1.9949319973733282e-17,-1.3877787807814457e-17,0,0
2877,0.6861887224535232,0.049002049091365,0.17172058072100987,0.023445995420761895,8.977193988179977e-17,5.551115123125783e-17,0,0
2878,0.7090943007571173,0.05236374611988419,0.1714906050080927,0.024669932233490635,8.153200337090993e-17,-4.336808689942018e-17,0,0
2879,0.7253545976514995,0.06268721164294605,0.17123764734167166,0.02921333512620357,-2.3722343533982837e-16,-1.9081958235744878e-17,0,0
2880,0.9705635516902044,0.1595372007842713,0.1741266482596994,0.06847143764506482,-2.0816681711721685e-17,5.204170427930421e-17,0,0
2881,0.7427454124781728,0.06809695337678962,0.1711524951429348,0.031410860828601346,1.9212062496443139e-16,6.938893903907228e-18,0,0
2882,0.7615592681552165,0.07405836529533626,0.17112169161294238,0.03382179381723472,-5.117434254131581e-17,-3.469446951953614e-17,0,0
2883,0.7805763770695765,0.08024586135133305,0.1711508647359904,0.03631594647744345,4.7704895589362195e-17,7.28583859910259e-17,0,0
2884,0.7995936865185869,0.0864334710824608,0.17124170950994616,0.038789898703227826,-1.0928757898653885e-16,-1.0408340855860843e-17,0,0
2885,0.8186090218960231,0.09260190280131948,0.1713885387673582,0.04124441739342809,-1.0408340855860843e-16,4.85722573273506e-17,0,0
2886,0.8375554981592881,0.09872829693730455,0.17158752104947317,0.043676345509412066,-9.020562075079397e-17,-1.3877787807814457e-17,0,0
2887,0.8565686882029526,0.104859509316012,0.1718358648812254,0.04610787453367762,1.9255430583342559e-16,5.898059818321144e-17,0,0
2888,0.8755745235333279,0.1110086839796214,0.17212935873539018,0.04855336351761761,-2.2898349882893854e-16,-2.0816681711721685e-17,0,0
2889,0.8945918687905519,0.1171959076980418,0.17246576002342742,0.05102412569792765,1.3877787807814457e-16,2.42861286636753e-17,0,0
2890,0.9135963354199326,0.1233674163024492,0.17284219797484773,0.05350125884334132,-7.546047120499111e-17,4.5102810375396984e-17,0,0
2891,0.9325866035209822,0.1295182322529667,0.17325619517825538,0.05598624498292647,-1.231653667943533e-16,3.469446951953614e-17,0,0
2892,0.9511064305380041,0.135223653721936,0.17369579742032157,0.0583063867669624,-6.158268339717665e-17,5.204170427930421e-17,0,0
2893,0.5599999999988632,0.0,0.17586862300348283,0.0,-9.540979117872439e-17,-0.036700036155600954,0,3
2894,0.9682011793789609,0.1414675017772366,0.1741254599410312,0.060877708246581966,3.8163916471489756e-17,5.204170427930421e-17,0,0
2895,0.983404853108528,0.1500034929100333,0.1745277818682577,0.06442663766662979,4.683753385137379e-17,4.336808689942018e-17,0,0
2896,1.0,0.1599999999996745,0.17500000000000002,0.06860783576160841,0.03442024687951069,-6.245004513516506e-17,2,0
2897,0.5799999999989266,0.0,0.17496030611732813,0.0,6.938893903907228e-17,-0.03660074778236474,0,3
2898,0.6102311985481221,0.01140035578212973,0.17378189602103955,0.005811200656618025,-1.8743145056843158e-17,-2.42861286636753e-17,0,0
2899,0.6295486445554923,0.0173351304752282,0.17315671106348188,0.008691402877998989,-7.860465750519907e-18,1.0408340855860843e-17,0,0
2900,0.6623292833166191,0.02356120196577395,0.17241249763412456,0.011485934313846115,-1.231653667943533e-16,-2.6020852139652106e-17,0,0
2901,0.6799500437934745,0.03014583155798757,0.1720668555152529,0.014514276703902923,-1.951563910473908e-17,2.0816681711721685e-17,0,0
2902,0.6993723848181266,0.03352176736309173,0.1718256878824861,0.015912130263760395,7.318364664277155e-17,-1.3877787807814457e-17,0,0
2903,0.7239839934307056,0.04848809233826329,0.17149664299382256,0.022631605998896305,-4.85722573273506e-17,1.0408340855860843e-17,0,0
2904,0.7398920559912382,0.05018257866393275,0.1714504872620223,0.023218922605905308,1.6089560239684886e-16,-3.469446951953614e-18,0,0
2905,0.7574429770534432,0.0545327540601275,0.17142317151267336,0.024997470281309515,-1.942890293094024e-16,3.469446951953614e-17,0,0
2906,0.7763220816835514,0.06074830431959127,0.17142894809083112,0.02759502865624785,-1.1709383462843448e-16,6.938893903907228e-18,0,0
2907,0.7954436892268603,0.06687010840816113,0.17149528587749002,0.030118974252901734,1.3227266504323154e-16,3.8163916471489756e-17,0,0
2908,0.8144612494673366,0.07305785634254862,0.17161815643869613,0.03265168273532091,-1.0755285551056204e-16,-2.42861286636753e-17,0,0
2909,0.8336240497499032,0.07930430979346255,0.1717925462487864,0.03519684800069122,2.680147770384167e-16,-3.122502256758253e-17,0,0
2910,0.8525106601398653,0.08535047166025628,0.17201169711341693,0.03764579089407612,-1.5092094240998222e-16,-2.7755575615628914e-17,0,0
2911,0.8714396310112528,0.09145819798480745,0.17227426751996103,0.04012243560924032,-6.418476861114186e-17,2.42861286636753e-17,0,0
2912,0.8904411897380922,0.09763242053769963,0.17257795615220867,0.042630651863693136,2.8536201179818477e-16,-3.469446951953614e-17,0,0
2913,0.9094591197079795,0.1038195549231048,0.1729203168656682,0.04515086183835457,-2.237793284010081e-16,-2.0816681711721685e-17,0,0
2914,0.928477232820932,0.1100068755371507,0.17329778291742307,0.04768244745766818,-9.194034422677078e-17,3.8163916471489756e-17,0,0
2915,0.9473625441875035,0.1160465044616158,0.173706244568379,0.05016672487358996,1.93421667571414e-16,-2.0816681711721685e-17,0,0
2916,0.9655592438994987,0.1224411534926553,0.1741252369606575,0.05282058661224024,-2.0990154059319366e-16,-3.122502256758253e-17,0,0
2917,0.5999999999989684,0.0,0.1741968547887149,0.0,-1.5612511283791264e-17,-0.0366493622398208,0,3
2918,0.6474289490540813,0.01506584513435727,0.17276873452697594,0.0074417365918530215,9.711740960038906e-17,0.0,0,0
2919,0.7188917022263864,0.03383908938643115,0.17170406936450258,0.015864944174673167,1.5612511283791264e-17,3.122502256758253e-17,0,0
2920,0.9827917057915048,0.1300410766252385,0.17454715044107358,0.055999804347994474,2.3418766925686896e-16,2.7755575615628914e-17,0,0
2921,1.0,0.1399999999997328,0.17500000000000002,0.06019501404475116,0.034386057816769025,-2.949029909160572e-17,2,0
2922,0.6199999999990318,0.0,0.1735557004081414,0.0,2.6020852139652106e-17,-0.03645304925000884,0,3
2923,0.6399999999990779,0.0,0.17302700753909397,0.0,-3.122502256758253e-17,-0.03656885205652286,0,3
2924,0.6745832192200902,0.01408331137347301,0.17228369621790518,0.0068088341578645475,-9.020562075079397e-17,6.938893903907228e-18,0,0
2925,0.6599999999991369,0.0,0.17260717871762443,0.0,-8.673617379884035e-17,-0.03643517025108913,0,3
2926,0.6906367689920426,0.01670952334360351,0.17206108536816134,0.007988563756452596,1.970876261671306e-16,-4.5102810375396984e-17,0,0
2927,0.7099999999992513,0.01732050807573087,0.1718906578476303,0.008173677161372813,-2.2053349814712964e-16,-2.42861286636753e-17,0,0
2928,0.7359599526614595,0.0336690757374272,0.17165863130285552,0.01562718152487866,-5.551115123125783e-17,1.214306433183765e-17,0,0
2929,0.7544913388476738,0.03572105132523509,0.17164334372550918,0.016419410440298144,-6.071532165918825e-18,-5.204170427930421e-17,0,0
2930,0.7722761234231326,0.04111933880344216,0.17165099573237733,0.018739208816123426,-2.42861286636753e-17,-2.42861286636753e-17,0,0
2931,0.7906340551730795,0.04766339799914754,0.17169029719669412,0.0215425821304285,8.478460988836645e-17,-1.0581813203458523e-16,0,0
2932,0.8117995507621387,0.05144794613096713,0.1718358750519328,0.02305300942267194,1.734723475976807e-17,-1.734723475976807e-17,0,0
2933,0.8303465365032651,0.0601962801802355,0.17195506859365514,0.026787325734496267,1.5569143196891844e-16,3.469446951953614e-18,0,0
2934,0.8485240281749336,0.06588738491078036,0.1721505374127858,0.029139728168349283,-2.931682674400804e-16,-1.3877787807814457e-17,0,0
2935,0.867352065540862,0.0718651310191707,0.17239168589713336,0.0316112443492159,2.463307335887066e-16,-3.122502256758253e-17,0,0
2936,0.8863062117146547,0.07806808104828487,0.17267057722544418,0.034176183819143925,2.6020852139652106e-18,1.0408340855860843e-17,0,0
2937,0.9053083087555631,0.08425585795971868,0.17298517349111006,0.03673552966376596,-7.37257477290143e-17,2.42861286636753e-17,0,0
2938,0.9243264443358898,0.09044303271640389,0.173333677447494,0.0392983929797093,-8.673617379884035e-17,-3.122502256758253e-17,0,0
2939,0.9433447186371737,0.09663026329222507,0.17371149967265542,0.0418716341061431,1.5439038936193583e-16,-7.979727989493313e-17,0,0
2940,0.9622750223971037,0.1027196148528845,0.17411670513911004,0.04441395834807949,-5.204170427930421e-18,1.0408340855860843e-17,0,0
2941,0.9813356141881361,0.1106160712945235,0.17454582742067348,0.04774257139521033,1.3877787807814457e-16,-3.8163916471489756e-17,0,0
2942,0.7295294721816363,0.0166924450652471,0.1718006324644094,0.007782933217713243,1.734723475976807e-17,7.979727989493313e-17,0,0
2943,1.0,0.1199999999997832,0.17500000000000002,0.05172196684970888,0.034368097122351074,1.734723475976807e-17,2,0
2944,0.6799999999991786,0.0,0.17227884417155478,0.0,1.0408340855860843e-16,-0.036388676236424916,0,3
2945,0.699999999999242,0.0,0.17204143745610992,0.0,0.0,-0.03641931790863549,0,3
2946,0.7199999999992837,0.0,0.17189293893148172,0.0,-1.5439038936193583e-16,-0.036407131984675475,0,3
2947,0.7489711532911179,0.01709119764545387,0.17177058263775935,0.007887639030441835,2.8102520310824275e-16,-2.42861286636753e-17,0,0
2948,0.77016004352558,0.02029849025960448,0.1717932310482843,0.009264108402660221,-2.8622937353617317e-16,1.0408340855860843e-17,0,0
2949,0.784961228638593,0.03190862887238542,0.17178421912814407,0.014462585821858288,2.949029909160572e-16,1.734723475976807e-17,0,0
2950,0.8017359210717157,0.03314140922400656,0.17188909575788505,0.014917612635116515,-3.0444397003392965e-16,7.632783294297951e-17,0,0
2951,0.8297138067412784,0.04502429587746919,0.17208194135063454,0.020050982768786894,-2.185751579730777e-16,-6.418476861114186e-17,0,0
2952,0.8447444446775884,0.0471403083144805,0.172250198026522,0.020895848394481765,9.237402509576498e-17,1.1102230246251565e-16,0,0
2953,0.863311285452095,0.05248385311405855,0.1724771856890173,0.023140198263317202,9.194034422677078e-17,-2.0816681711721685e-17,0,0
2954,0.8821387526012179,0.0585048916154753,0.17273779205380058,0.025671297680416153,-2.706168622523819e-16,4.5102810375396984e-17,0,0
2955,0.9011573226409413,0.06469198717283753,0.1730335019380183,0.028267874194957555,1.7954387976359953e-16,3.8163916471489756e-17,0,0
2956,0.9201756281134024,0.07087914942331267,0.17335733869036968,0.030864216388994618,-2.0469737016526324e-16,-3.469446951953614e-18,0,0
2957,0.9379450408421751,0.07682181738874165,0.17368552702566395,0.03336160283751556,2.8015784137025435e-16,3.2959746043559335e-17,0,0
2958,0.957742806857226,0.08204490100262904,0.17408250572361056,0.0355528808012151,-2.3071822230491534e-16,-6.852157730108388e-17,0,0
2959,0.9772308237758938,0.08944071732881334,0.17449151606099045,0.03868571786573509,6.418476861114186e-17,3.122502256758253e-17,0,0
2960,1.0,0.09999999999981465,0.17500000000000002,0.04319318480120853,0.0343393055615249,2.42861286636753e-17,2,0
2961,0.7399999999993466,0.0,0.17182266110529526,0.0,1.6653345369377348e-16,-0.036376192480751995,0,3
2962,0.8207274322779028,0.03233434999599384,0.172072101240024,0.014455639978237943,1.8735013540549517e-16,-1.5612511283791264e-17,0,0
2963,0.7599999999993889,0.0,0.17181878765900047,0.0,-1.3877787807814457e-16,-0.036336486204468006,0,3
2964,0.7899999999994566,0.01732050807572635,0.17189870537580368,0.007830385088064959,-9.71445146547012e-17,7.979727989493313e-17,0,0
2965,0.8103789509290995,0.01710172573519939,0.1720505818010004,0.007678536227451736,2.1952722300579153e-16,-4.85722573273506e-17,0,0
2966,0.8397856070706077,0.03079778652207835,0.17229346052670855,0.013679996827813562,-1.9949319973733282e-16,-5.898059818321144e-17,0,0
2967,0.8593530671698247,0.03371097009897196,0.17252959105843732,0.014893026330901891,1.9992688060632702e-16,4.5102810375396984e-17,0,0
2968,0.8779876992878738,0.03894074562469477,0.17277854033713985,0.01712090790318788,-1.6219664500383146e-16,-3.8163916471489756e-17,0,0
2969,0.8968516982706817,0.04516069795387369,0.1730565277655272,0.019773616919411992,1.8821749714348357e-16,-4.163336342344337e-17,0,0
2970,0.9150974228520281,0.05151187696837995,0.17335158739280773,0.022473863320005984,-6.591949208711867e-17,-1.0408340855860843e-17,0,0
2971,0.9342589587887802,0.05591989182649869,0.17369200063392162,0.024328590122703695,1.1449174941446927e-16,-7.632783294297951e-17,0,0
2972,0.9478216883205793,0.06501366607138054,0.1739270695022268,0.02823226344656271,1.43982048506075e-16,3.469446951953614e-18,0,0
2973,0.9698056775528905,0.07559105870975236,0.17435001354635943,0.032742975587729,5.2909066017292616e-17,-1.734723475976807e-17,0,0
2974,1.0,0.07999999999984518,0.17500000000000002,0.03461105778516777,0.034333454794637425,3.122502256758253e-17,2,0
2975,0.7799999999994371,0.0,0.17188178453462624,0.0,0.0,-0.03634256138530028,0,3
2976,0.8301166365818147,0.01648605182730553,0.1722426630778637,0.007350344461950933,-4.336808689942018e-17,3.2959746043559335e-17,0,0
2977,0.962196300964983,0.06139708866600978,0.17422713295394632,0.026632487575231293,-2.6020852139652106e-16,1.734723475976807e-17,0,0
2978,0.9820527786134591,0.06948152784155728,0.1746235237902234,0.03009562418086778,-1.0495077029659683e-16,3.469446951953614e-18,0,0
2979,0.7999999999994944,0.0,0.17200183778129632,0.0,9.194034422677078e-17,-0.03632356102726739,0,3
2980,0.8199999999995363,0.0,0.17216666835113295,0.0,-2.7755575615628914e-17,-0.03632104577632683,0,3
2981,0.8503208174176861,0.01678147963557228,0.17247817373947497,0.00743313633928613,-1.3877787807814457e-17,-4.85722573273506e-17,0,0
2982,0.8729422113962243,0.01806162005261533,0.17277948444715344,0.007955938118373113,-3.122502256758253e-17,4.5102810375396984e-17,0,0
2983,0.8932759040797049,0.02654257864420551,0.17306191755969869,0.011639099113140223,6.201636426617085e-17,-5.898059818321144e-17,0,0
2984,0.9118738155239507,0.03175097950835401,0.17335645845488248,0.013871251029171663,9.367506770274758e-17,2.42861286636753e-17,0,0
2985,0.9256141128731339,0.0390396221015727,0.17358040374590702,0.01701653302760375,-1.9081958235744878e-17,-4.163336342344337e-17,0,0
2986,0.9523527246390997,0.04979093538306635,0.17405522103377735,0.02162979244433174,3.9898639947466563e-17,1.0061396160665481e-16,0,0
2987,1.0,0.05999999999987837,0.17500000000000002,0.02599153284645998,0.03432190054887316,-4.336808689942018e-17,2,0
2988,0.8399999999995998,0.0,0.17237539090582926,0.0,-3.2959746043559335e-17,-0.03630511671827229,0,3
2989,0.9411606973449947,0.03572680977182109,0.17387374041727913,0.015547452550209458,-1.5439038936193583e-16,2.42861286636753e-17,0,0
2990,0.9681712852660633,0.04620232806703879,0.17437069787795909,0.020050982026192314,-1.734723475976807e-18,-1.734723475976807e-17,0,0
2991,0.9839069173671295,0.052125963229309,0.17467595086746757,0.022597654328503792,8.326672684688674e-17,-3.469446951953614e-17,0,0
2992,0.8599999999996417,0.0,0.17262454682940032,0.0,-6.938893903907228e-18,-0.036295508848959365,0,3
2993,0.8899999999997255,0.01098540099876702,0.17304668670824533,0.004818820251165601,1.2836953722228372e-16,3.642919299551295e-17,0,0
2994,0.9080144588161309,0.01468233509427121,0.17332843383219684,0.006423602552438857,-1.4299610215547098e-16,3.8163916471489756e-17,0,0
2995,0.9281717344531157,0.01959818909592385,0.17366670987735008,0.008546319546485983,-7.920943902953864e-17,4.163336342344337e-17,0,0
2996,0.9596387936023343,0.03332101132092567,0.17422372550979373,0.014475253163282123,8.673617379884035e-17,3.469446951953614e-18,0,0
2997,1.0,0.03999999999992186,0.17500000000000002,0.017345956538413938,0.03430125300814495,4.5102810375396984e-17,2,0
2998,0.8799999999997054,0.0,0.17290817825126473,0.0,0.0,-0.03629625606409233,0,3
2999,0.9495663715771625,0.01762569102676112,0.17405348594307074,0.007666326172101785,-5.204170427930421e-17,-2.6020852139652106e-17,0,0
3000,0.9810244426630432,0.0320470085864359,0.17463293031935012,0.013905588565675888,-9.627715291671279e-17,1.5612511283791264e-17,0,0
3001,0.8999999999997471,0.0,0.17321499181036729,0.0,-1.0408340855860843e-17,-0.036266565902226905,0,3
3002,0.9199999999997972,0.0,0.17354199087626604,0.0,7.979727989493313e-17,-0.036274946851804185,0,3
3003,0.9399999999998527,0.0,0.17388960322110195,0.0,-1.9081958235744878e-17,-0.036284024140900206,0,3
3004,0.9692264950103417,0.01687392476176435,0.17441838455713177,0.007329220504261783,-2.949029909160572e-17,-2.7755575615628914e-17,0,0
3005,1.0,0.01999999999996237,0.17500000000000002,0.008678739102294322,0.03429438906421805,-5.377642775528102e-17,2,0
3006,0.9599999999998945,0.0,0.17425246372192263,0.0,7.112366251504909e-17,-0.03627715086396777,0,3
3007,0.9853589838485715,0.01464101615140568,0.17472359392913941,0.006354127177655271,1.9085992230156177e-16,2.0816681711721685e-17,0,0
3008,0.979999999999958,0.0,0.17462400405193748,0.0,-1.196959198423997e-16,-0.03627246540903648,0,3
3009,1.0,0.0,0.17500000000000002,0.0,0.01714118942637264,-0.018133565266566648,2,3
