id,x,y,ux,uy,fintx,finty,bcx,bcy
0,0.0400000000001664,1.0,0.008665158652990893,0.3,1.7347234759768068e-17,0.0298730688657537,0,4
1,0.0200000000000832,1.0,0.00420087540737209,0.3,-4.163336342344337e-17,0.0298770223462899,0,4
2,0.0323230027250902,0.9832996072706064,0.006367819470931342,0.2955717646601924,7.28583859910259e-17,-9.714451465470121e-17,0,0
3,0.0500067030583453,0.987790537300419,0.010303380391887594,0.2965071545277209,3.2959746043559335e-17,-3.2959746043559335e-17,0,0
4,0.0146410161514555,0.9853589838485708,0.0028332931777845273,0.29601295511316555,-2.255140518769849e-17,2.42861286636753e-16,0,0
5,0.0600000000002496,1.0,0.013031427265874508,0.3,2.0816681711721685e-17,0.0298837683771157,0,4
6,0.0495155363549787,0.9722873302562728,0.009710738420505636,0.2941265009376594,-7.112366251504909e-17,1.700029006457271e-16,0,0
7,0.0,1.0,0.0,0.3,-0.014991213137461,0.0149360667675884,1,4
8,0.0167542648054129,0.9690192378865388,0.003131659316865271,0.29389457061980057,1.4224732503009818e-16,-2.0296264668928643e-16,0,0
9,0.0682083823275165,0.9809976188558552,0.013808613935122343,0.29552409474057745,-9.107298248878236e-17,2.6367796834847473e-16,0,0
10,0.0800000000003329,1.0,0.016824173617349426,0.3,-5.5077470362263625e-17,0.0298838570083657,0,4
11,0.1000000000004161,1.0,0.02003040585140433,0.3,-1.5612511283791264e-17,0.0298835655227774,0,4
12,0.0903066895074917,0.9826249551222674,0.017940638494559676,0.2961046529440242,6.938893903907227e-17,1.7347234759768068e-17,0,0
13,0.0329307603048293,0.9630175393470396,0.006189703037727273,0.29302308597882004,-9.194034422677078e-17,3.573530360512222e-16,0,0
14,0.0,0.9800000000000187,0.0,0.2955285450903583,-0.0299875969032243,1.0581813203458523e-16,1,0
15,0.1100818312278703,0.983697750238486,0.021263124023319764,0.2965429208032904,-7.806255641895632e-17,-5.117434254131581e-17,0,0
16,0.1200000000004994,1.0,0.023069605351695034,0.3,5.2041704279304207e-17,0.0298944683968519,0,4
17,0.0460190843155536,0.9517292130914922,0.00873794746005918,0.2915841707172682,-6.0715321659188256e-18,-2.324529457808921e-16,0,0
18,0.0642509559649633,0.9587408182644404,0.012487126926562439,0.2926423770748861,1.231653667943533e-16,6.245004513516506e-17,0,0
19,0.0172479085572941,0.9514067164600164,0.0032505712708509986,0.29183464396819386,-8.847089727481715e-17,1.4224732503009818e-16,0,0
20,0.0,0.9600000000000526,0.0,0.2936034715697853,-0.0299908293746581,-7.112366251504909e-17,1,0
21,0.0832956492173512,0.9641369649257632,0.016268925200841763,0.2935230939601561,-2.949029909160572e-17,-3.0357660829594124e-16,0,0
22,0.1029690844391794,0.9678636157400184,0.019846208855606784,0.29419378094899756,8.586881206085195e-17,2.1337098754514727e-16,0,0
23,0.130000000000541,0.9826794919242392,0.024622690262238033,0.2965840462325352,7.806255641895632e-17,2.96637714392034e-16,0,0
24,0.1400000000005825,1.0,0.026394874822239355,0.3,1.214306433183765e-17,0.0299067241981265,0,4
25,0.0315322616271918,0.9440368083945192,0.005925828969446843,0.2904571321047354,1.0516761073109392e-16,-3.972516759986888e-16,0,0
26,0.1200048973229609,0.971367304288934,0.022827942622662384,0.29479607268208985,-1.214306433183765e-16,-3.434752482434078e-16,0,0
27,0.1495222732334486,0.982667931768986,0.028204590542009585,0.29672086176593204,-3.9898639947466563e-17,3.348016308635237e-16,0,0
28,0.1600000000006658,1.0,0.030138151432018815,0.3,-1.908195823574488e-17,0.0299072456604904,0,4
29,0.0599480012535565,0.9380098468577476,0.011493470988041161,0.28951135773371667,-7.979727989493313e-17,-2.3939183968479943e-16,0,0
30,0.0409299614366818,0.9318213742464758,0.0077906066113591806,0.2882497630385682,-2.5153490401663706e-17,3.209238430557093e-16,0,0
31,0.0789659417699818,0.9441979224080344,0.015229320621687996,0.2906982813921005,8.326672684688674e-17,2.1857515797307772e-16,0,0
32,0.0,0.9400000000000998,0.0,0.29086389127924256,-0.0299951736706543,-9.020562075079396e-17,1,0
33,0.0205232881715578,0.929730745330685,0.004016214701903529,0.28799896307504214,-3.122502256758253e-17,-7.112366251504909e-17,0,0
34,0.0976253596647733,0.9499196179012076,0.01872820415855746,0.29166743787700883,-1.0755285551056204e-16,-1.457167719820518e-16,0,0
35,0.1165000796946289,0.9554351019634532,0.022129144684858056,0.2924917353504644,7.28583859910259e-17,2.0816681711721683e-16,0,0
36,0.13640794183503,0.9643982025783115,0.02576234487416647,0.29379663402586376,-6.0715321659188256e-18,-2.584737979205442e-16,0,0
37,0.168469738189456,0.9830619683466068,0.03188351678580581,0.2968778539729373,3.642919299551295e-17,9.887923813067799e-17,0,0
38,0.180000000000749,1.0,0.034065291350507315,0.3,-5.898059818321144e-17,0.0299217546925956,0,4
39,0.1571658894098232,0.9666267785429368,0.029724113767946085,0.29408576249617335,-2.949029909160572e-17,-2.740863092043355e-16,0,0
40,0.189767965830992,0.9805332096607944,0.035967678528112786,0.2964906369201515,3.5561831257524545e-17,-1.1102230246251563e-16,0,0
41,0.0748162358972706,0.924633736029046,0.014399813016395686,0.2871820579089471,-8.153200337090992e-17,1.2836953722228372e-16,0,0
42,0.0557983572776371,0.918445506541788,0.010743092041654053,0.2857312402938097,4.3368086899420185e-18,-6.938893903907228e-18,0,0
43,0.036780304968602,0.9122570346733238,0.007178758740689183,0.28424591229387675,1.908195823574488e-17,-1.717376241217039e-16,0,0
44,0.0938335496315367,0.9308212990147324,0.017970964268344915,0.2884474479247492,7.025630077706069e-17,-3.9898639947466563e-17,0,0
45,0.0,0.9200000000001404,0.0,0.28683248961679825,-0.0299932218259932,-2.4286128663675302e-17,1,0
46,0.1128491821635707,0.9370071319403168,0.021428638410727795,0.2895012933859697,4.510281037539698e-17,-3.2959746043559335e-17,0,0
47,0.1318356546118255,0.9431692527342443,0.024895776659781228,0.2903942889069485,3.0357660829594124e-17,-2.1163626406917047e-16,0,0
48,0.1510423410020633,0.9489796391754212,0.02853603020625403,0.29115834515183336,-4.076600168545497e-17,2.012279232133096e-16,0,0
49,0.1758014253994474,0.9690412299273018,0.033350582602101456,0.2944327391442836,1.5612511283791264e-17,2.1337098754514727e-16,0,0
50,0.2000000000008322,1.0,0.03781928931974156,0.3,-2.775557561562892e-17,0.0299311569793882,0,4
51,0.0172241894386011,0.9093685710658588,0.0035958850427843633,0.28374281217250213,-6.245004513516506e-17,8.153200337090992e-17,0,0
52,0.1700409752926172,0.9544763768263718,0.032232636178659665,0.29189577842550857,3.122502256758253e-17,-1.8171228410857052e-16,0,0
53,0.210000000000869,0.9826794919242412,0.0395237485881371,0.2969368941092996,-5.2041704279304207e-17,-2.229119666630197e-16,0,0
54,0.1886956945753838,0.9617339356693172,0.035790759755017526,0.2930513085683114,7.806255641895632e-18,-3.261280134836397e-16,0,0
55,0.2200000000009155,1.0,0.04121930424990378,0.3,6.071532165918825e-17,0.0299563292120824,0,4
56,0.0706666088761672,0.9050696464761616,0.013662963361636285,0.2832991568387071,-1.0408340855860844e-16,-2.0469737016526324e-16,0,0
57,0.0896843013820588,0.9112577025014644,0.017234257652353993,0.2846874165110013,7.112366251504909e-17,-3.469446951953614e-18,0,0
58,0.0516487417364519,0.8988812494125498,0.0100612292303612,0.28178995268170925,3.642919299551295e-17,2.60208521396521e-16,0,0
59,0.03326510128999,0.8934580356323167,0.006674736853340326,0.2805034810191579,-2.5587171270657905e-17,7.112366251504909e-17,0,0
60,0.1087018020081531,0.917445879785414,0.02070657827686889,0.2858818827569015,-2.255140518769849e-17,2.0816681711721685e-17,0,0
61,0.0,0.9000000000001855,0.0,0.2824953608573544,-0.0300027819028092,7.979727989493313e-17,1,0
62,0.1277050688637135,0.9236181669867356,0.024156569895977864,0.28689041861484516,-4.77048955893622e-17,2.740863092043355e-16,0,0
63,0.1466547765801098,0.9297615402728652,0.02769178223893868,0.2877685992555126,-1.0408340855860844e-16,2.3418766925686896e-16,0,0
64,0.1655879330213634,0.9359430239181749,0.03133207282038489,0.2886050724734434,2.6020852139652106e-17,3.122502256758253e-17,0,0
65,0.2038786408389507,0.9675983181804596,0.03851125781987669,0.29408806718395525,1.7347234759768068e-17,2.255140518769849e-16,0,0
66,0.2299999518439538,0.9826794872487709,0.04274783869091984,0.2969948301911232,2.4286128663675302e-17,4.163336342344337e-17,0,0
67,0.2400000000009987,1.0,0.04438026328132761,0.3,-5.767955557622884e-17,0.0299575992509549,0,4
68,0.2600000000010819,1.0,0.04758869831531024,0.3,1.0928757898653883e-16,0.0299606037065701,0,4
69,0.250072620498306,0.982969772737339,0.04591203392566943,0.2971040742570477,2.7321894746634715e-17,-2.255140518769849e-16,0,0
70,0.0160910963113634,0.8880203633795436,0.003506117426258363,0.27957072835632707,-5.204170427930421e-18,2.0296264668928643e-16,0,0
71,0.1845155913517931,0.9421204893413856,0.03496185897183034,0.28946896544819356,-3.122502256758253e-17,4.137315490204685e-16,0,0
72,0.220000000000912,0.9653589838484884,0.04122310751380722,0.2936293944212272,3.2959746043559335e-17,-1.700029006457271e-16,0,0
73,0.2062627666005528,0.9496238362372308,0.03892034518764392,0.2906516557588125,1.214306433183765e-17,-3.903127820947816e-17,0,0
74,0.2699999882812355,0.9835170956992748,0.04922748033494034,0.29724080555103627,-6.245004513516506e-17,3.148523108897905e-16,0,0
75,0.2800000000011651,1.0,0.05106272750777615,0.3,-1.7347234759768068e-17,0.029980957647532,0,4
76,0.0665171082380615,0.8855055896751026,0.012930224233890753,0.2796871278282527,1.3791051634015616e-16,1.0928757898653883e-16,0,0
77,0.0855347393995538,0.8916939426290824,0.016530263081437277,0.2809849655385696,-5.724587470723462e-17,-2.463307335887066e-16,0,0
78,0.1045521535504289,0.8978821294919053,0.02004530300945636,0.2821635549919165,1.908195823574488e-17,6.938893903907228e-18,0,0
79,0.0486517853658411,0.8793838943284922,0.009558436921575838,0.27838275727259915,-1.908195823574488e-17,-1.52655665885959e-16,0,0
80,0.0312832772514124,0.8746702541249278,0.00636510940253011,0.2774221887609422,4.250072516143178e-17,-3.226585665316861e-16,0,0
81,0.1235694939310048,0.904070272612781,0.02350071346891022,0.2832155860555582,-4.8572257327350605e-17,-5.204170427930421e-18,0,0
82,0.0,0.8800000000002458,0.0,0.2788435469087144,-0.0300057469074283,0.0,1,0
83,0.142540057100599,0.9102148337844248,0.026984605416382035,0.28415982510251764,8.673617379884035e-19,-2.2724877535296173e-16,0,0
84,0.1614803299052495,0.916380067419506,0.03054672437370136,0.2850471278497481,1.1275702593849246e-16,-6.245004513516506e-17,0,0
85,0.1803865239242571,0.9225499917376718,0.034128390522242334,0.28591833436752323,2.949029909160572e-17,-2.445960101127298e-16,0,0
86,0.2404357872557006,0.9653613323564626,0.0445224374821224,0.2936232119252965,-3.642919299551295e-17,2.949029909160572e-17,0,0
87,0.2610196840336368,0.9667076194299988,0.047902228663387,0.29390315831098623,-6.591949208711867e-17,1.6306400674181987e-16,0,0
88,0.2897631550125654,0.9827653828389044,0.052776195103224295,0.2970902969614562,6.938893903907227e-17,2.3592239273284576e-16,0,0
89,0.3000000000012484,1.0,0.054792375748330714,0.3,-1.0766127572781059e-16,0.0300074123690395,0,4
90,0.3200000000013316,1.0,0.05856805442413836,0.3,6.591949208711867e-17,0.0300078985433138,0,4
91,0.3089459256693211,0.9823885790029122,0.05633059928905226,0.296956502129582,1.8214596497756478e-17,-2.3592239273284576e-16,0,0
92,0.0157393485545284,0.8684145736526215,0.003456019594677612,0.2765877683571505,6.938893903907227e-17,-1.3530843112619095e-16,0,0
93,0.199237239763368,0.9285553134327034,0.03761067330693022,0.2867883796685451,7.63278329429795e-17,-1.8388068845354155e-16,0,0
94,0.2293391931637615,0.9495375012645004,0.042817662485478365,0.2905094202185792,-1.7347234759768068e-17,5.898059818321144e-17,0,0
95,0.2795741046707085,0.9695391364654514,0.0510983764021359,0.29446901634871525,2.0816681711721685e-17,-3.434752482434078e-16,0,0
96,0.3280131730464912,0.9828604788259226,0.059770732878851755,0.2969387049543552,4.8572257327350605e-17,-8.673617379884034e-17,0,0
97,0.3400000000014148,1.0,0.06214916641144027,0.3,3.122502256758253e-17,0.0300357226243755,0,4
98,0.0813853075570886,0.8721301567563944,0.015801086747935823,0.2777139497302938,1.0928757898653883e-16,2.8622937353617317e-16,0,0
99,0.0623676230251727,0.8659415313361355,0.012143892537347755,0.27663649004408714,-6.938893903907227e-17,-2.4286128663675302e-17,0,0
100,0.1004027684627881,0.8783185897033319,0.01940014678285691,0.27872391051122225,-1.4051260155412135e-16,-1.1796119636642288e-16,0,0
101,0.1194196240378326,0.8845064774348179,0.022912075507353125,0.2796773936475836,9.540979117872439e-17,8.673617379884034e-17,0,0
102,0.0449215157274576,0.8603870878784303,0.008838017817427315,0.275653785746775,-3.599551212651875e-17,3.4694469519536136e-17,0,0
103,0.0290453278388596,0.8590153457463284,0.00592284490986069,0.27532554397610803,9.107298248878236e-17,4.3021142204224816e-16,0,0
104,0.138407195847406,0.890664566857932,0.026390767672996817,0.28059762328805904,-3.2959746043559335e-17,-2.42861286636753e-16,0,0
105,0.0,0.8600000000003248,0.0,0.2760790177509804,-0.0300183430173193,4.163336342344337e-17,1,0
106,0.1573696675871127,0.8968018609627955,0.029893016420944128,0.2815041379742121,1.0408340855860844e-17,2.0816681711721685e-17,0,0
107,0.176281371207092,0.903021668164082,0.033400178358742094,0.28242271769057287,1.908195823574488e-17,7.979727989493313e-17,0,0
108,0.1952435370824973,0.9091637737936274,0.036866429157860925,0.2833304685117726,-3.0357660829594124e-17,1.231653667943533e-16,0,0
109,0.2194850992021664,0.9334052062369144,0.04117020037055264,0.2875009201567275,-6.071532165918825e-17,6.938893903907228e-18,0,0
110,0.2526149448468153,0.9471505980203326,0.04673406067091375,0.289975884094047,-9.97465998686664e-17,-4.3541559247017863e-16,0,0
111,0.2754419673770652,0.9528365386138784,0.050653437105794265,0.29105415041959315,3.5561831257524545e-17,3.469446951953614e-18,0,0
112,0.2955939234544423,0.9626675547762498,0.05412744303045341,0.29299479513243315,3.122502256758253e-17,1.5092094240998222e-16,0,0
113,0.31650425106359,0.9652259559951816,0.05785288568523912,0.2933807448384407,-3.382710778154774e-17,7.112366251504909e-17,0,0
114,0.3494452153656302,0.9794004045056546,0.06333628362305982,0.2960583741604127,-5.030698080332741e-17,1.8388068845354155e-16,0,0
115,0.360000000001498,1.0,0.06542875374665705,0.3,-4.6837533851373785e-17,0.0300154168905141,0,4
116,0.0165990408236877,0.8497873005265726,0.00356038880120281,0.27426200529032346,-8.847089727481715e-17,-4.215378046623641e-16,0,0
117,0.2141552004239931,0.9150720856588042,0.040223261555841994,0.2842160587002624,-1.908195823574488e-17,8.673617379884034e-17,0,0
118,0.2392094606053939,0.9357692533503154,0.04452630248212783,0.2878296864711231,1.2663481374630692e-16,3.174543961037557e-16,0,0
119,0.3340390848726226,0.967467067111006,0.06083291310388012,0.2936809056625589,-4.163336342344337e-17,1.8561541192951838e-16,0,0
120,0.3697629228876311,0.9833565506893912,0.06653494323578976,0.2967296961469207,7.28583859910259e-17,-1.0581813203458523e-16,0,0
121,0.3800000000015813,1.0,0.06847724447640484,0.3,-5.551115123125783e-17,0.0300814966571266,0,4
122,0.0962620062522189,0.8587631057201879,0.018729632847751164,0.2756394567767833,1.908195823574488e-17,3.209238430557093e-16,0,0
123,0.0772503774098815,0.8525758205611338,0.015025593398366994,0.2748237907989441,-7.45931094670027e-17,1.734723475976807e-18,0,0
124,0.0582403074617943,0.8463877649188609,0.011305458994146287,0.2739293024840793,-1.0321604682062001e-16,7.979727989493313e-17,0,0
125,0.1152707777707575,0.8649436381935046,0.022343817780611456,0.2764202565003188,-4.163336342344337e-17,6.938893903907227e-17,0,0
126,0.1342855909193939,0.8711294023881502,0.02588271355339005,0.2772273593969896,1.3617579286417936e-16,2.0816681711721683e-16,0,0
127,0.0366834568372118,0.8418175125490893,0.007227725361725154,0.2732004715558696,-1.3877787807814457e-17,-1.8388068845354155e-16,0,0
128,0.1532581019781437,0.8772767874756431,0.029378863571271185,0.27808374525513085,-1.43982048506075e-16,-1.006139616066548e-16,0,0
129,0.0,0.8400000000004,0.0,0.27366492796063197,-0.0300403472075528,1.249000902703301e-16,1,0
130,0.1722128685615043,0.8834525467875002,0.03284256245615371,0.2789936186387588,3.209238430557093e-17,2.0816681711721685e-17,0,0
131,0.1911211252955096,0.8896679984941889,0.036237771795829064,0.2799338125737287,-4.6837533851373785e-17,7.28583859910259e-17,0,0
132,0.2101158409323891,0.8957995238001368,0.03956930430866541,0.28086140480262084,-3.0357660829594124e-17,6.245004513516506e-17,0,0
133,0.2334416935254613,0.9205393333885132,0.04356647951218077,0.28505685574515416,-1.5959455978986623e-16,-2.45029690981724e-16,0,0
134,0.2522338260105055,0.9275099231314816,0.04681850665745368,0.2862223758180392,1.6479873021779667e-16,4.0245584642661925e-16,0,0
135,0.2713347335777835,0.9339897000319868,0.0501775239977131,0.28734415138521774,-9.367506770274757e-17,-8.847089727481715e-17,0,0
136,0.2903511305383566,0.940178809474723,0.05355898893271753,0.2884321841457351,-4.3368086899420185e-18,-9.887923813067799e-17,0,0
137,0.3096861610795566,0.9464345930301078,0.056937668231476585,0.28952476525512677,5.724587470723462e-17,-1.3357370765021415e-16,0,0
138,0.3287217788528926,0.951515373720462,0.060118912666760435,0.2903601997706286,5.377642775528102e-17,-1.6132928326584306e-16,0,0
139,0.3475110060345089,0.9583331225078096,0.06305629887392139,0.2915666964385513,-1.5872719805187782e-16,-1.769417945496343e-16,0,0
140,0.3665070151591969,0.9653740304321196,0.06592676758061719,0.2928704086731024,1.240327285323417e-16,3.209238430557093e-16,0,0
141,0.3871123645654871,0.9771750949973824,0.06909125863229376,0.2952928936159897,-1.9775847626135598e-16,-2.0816681711721685e-17,0,0
142,0.4000000000016645,1.0,0.07145808483688464,0.3,1.214306433183765e-16,0.030065994823476,0,4
143,0.0181406232910919,0.8301341470788369,0.003738344562818881,0.27172223937775125,9.194034422677078e-17,3.8857805861880484e-16,0,0
144,0.2291540091418696,0.9020473798151776,0.04286002237543663,0.2818084544188847,8.500145032286355e-17,1.2750217548429532e-16,0,0
145,0.4100471658915571,0.9821066940902494,0.07268229433002893,0.29630359841709886,8.153200337090992e-17,3.226585665316861e-16,0,0
146,0.4200000000017478,1.0,0.0745027098402472,0.3,-1.1969591984239971e-16,0.0300946044319424,0,4
147,0.1111309795386618,0.8453877819691732,0.02175459422298023,0.2733313315493972,3.209238430557093e-17,-1.491862189340054e-16,0,0
148,0.0921318267741362,0.8392226471375902,0.01802600279036009,0.2726782843869525,1.3010426069826053e-17,-1.700029006457271e-16,0,0
149,0.0730902218835643,0.8329947749710682,0.01421954309137817,0.27194569497201054,-2.688821387764051e-17,-2.7929047963226594e-16,0,0
150,0.053636772194249,0.8270771792048439,0.010362307829222032,0.27112999718846276,7.63278329429795e-17,2.203098814490545e-16,0,0
151,0.1301414900388666,0.8515713948058943,0.02538989978811424,0.27401096461634594,9.714451465470121e-17,9.540979117872439e-17,0,0
152,0.1491409399485337,0.8577406211383747,0.02894354294497211,0.2747752253769269,-1.0408340855860844e-17,1.0755285551056204e-16,0,0
153,0.0350023656504232,0.8206162238507377,0.006800727266835734,0.27014934934274937,-5.2909066017292616e-17,-6.071532165918825e-17,0,0
154,0.1680923537949981,0.8638678883974173,0.03241358046260765,0.2756272972562749,-9.107298248878236e-17,-1.1796119636642288e-16,0,0
155,0.0,0.8200000000004641,0.0,0.2709003390251187,-0.0300399531180417,-1.5785983631388942e-16,1,0
156,0.1870170286112981,0.8700910963052987,0.03578296081157546,0.2765562464273802,-7.28583859910259e-17,1.3183898417423734e-16,0,0
157,0.2059841626503857,0.876290916945227,0.03906006210688082,0.2774957609389351,1.1102230246251563e-16,-1.7347234759768068e-17,0,0
158,0.2250016387285732,0.8824737642618367,0.042289431698914026,0.27841738777156005,-2.6020852139652106e-17,-1.6653345369377348e-16,0,0
159,0.2481704402260498,0.9082368828298631,0.046175031071365766,0.28275441951667984,-5.724587470723462e-17,-2.6150956400350367e-16,0,0
160,0.2671867139074335,0.9144261946520976,0.049571522402833086,0.28371727242474765,9.97465998686664e-17,5.204170427930421e-18,0,0
161,0.2862028397788394,0.9206153479518652,0.05302040188529401,0.2846933521438705,-6.765421556309548e-17,9.020562075079396e-17,0,0
162,0.3052187475465098,0.9268043445304924,0.05640945111823499,0.28567000832261535,-3.0357660829594124e-17,6.071532165918825e-17,0,0
163,0.3242344514008547,0.9329932171809934,0.059613842668264486,0.28664002107821546,-3.9898639947466563e-17,1.3357370765021415e-16,0,0
164,0.3432500274232689,0.9391816233774756,0.06258694380646113,0.28761688812052244,2.6020852139652106e-17,2.324529457808921e-16,0,0
165,0.3624917661513574,0.945256561619453,0.06543533857394483,0.2886121385464134,-1.0581813203458523e-16,-3.174543961037557e-16,0,0
166,0.3821421275357682,0.9522672039329988,0.06832651553762871,0.2898977255599295,2.498001805406602e-16,-9.194034422677078e-17,0,0
167,0.4010870336415115,0.9585981673619048,0.07123148748204496,0.29117535681814133,-4.6837533851373785e-17,-3.8857805861880484e-16,0,0
168,0.4300001212559456,0.9828067865897498,0.07587145519057588,0.29647561645867965,-2.775557561562892e-17,-8.153200337090992e-17,0,0
169,0.4400000000018309,1.0,0.07764204569645596,0.3,-2.0816681711721685e-17,0.0301147006844118,0,4
170,0.0171456090922753,0.810173272637508,0.0034393673970346214,0.2686205566163969,1.908195823574488e-17,-1.3357370765021415e-16,0,0
171,0.244022439358565,0.8886735838831652,0.04555074811441231,0.27932266202989614,2.949029909160572e-17,1.1058862159352144e-16,0,0
172,0.421505551642548,0.9645251417209334,0.07450965336577044,0.2924861003280896,-3.469446951953614e-18,2.0816681711721685e-17,0,0
173,0.4500006920819306,0.9826791167116692,0.07909603520640471,0.29651497784128505,1.0408340855860844e-17,-1.700029006457271e-16,0,0
174,0.4600000000019141,1.0,0.0808256470369021,0.3,1.3105293759918536e-17,0.0301282984383222,0,4
175,0.4800000000019974,1.0,0.08398526575694429,0.3,2.949029909160572e-17,0.0301344878908829,0,4
176,0.4698893621118765,0.9826190909260551,0.08223695410917577,0.29657618084711723,-3.957337929572091e-18,-4.336808689942018e-17,0,0
177,0.1260129065487458,0.8320290245581359,0.024869717862136716,0.2708006254301496,-3.4694469519536136e-17,-3.1051550219984847e-16,0,0
178,0.106999078768117,0.8258337933237394,0.021138388607781822,0.27017377692163314,1.0408340855860844e-16,6.591949208711867e-17,0,0
179,0.0879506172300833,0.8196136028073373,0.0173087142263146,0.2695194393841456,-1.5785983631388942e-16,-2.237793284010081e-16,0,0
180,0.0688401410306911,0.8133290201632521,0.01342229665078532,0.26872452996948165,2.203098814490545e-16,1.6132928326584306e-16,0,0
181,0.0499641403018095,0.8073177787760557,0.009643504898958316,0.2678050611108408,-1.0408340855860844e-16,-2.8796409701215003e-16,0,0
182,0.1450138776356631,0.8381971901234126,0.02850457078789705,0.2714919351361268,0.0,5.030698080332741e-17,0,0
183,0.1640135240937568,0.8443732804177739,0.032040328846196536,0.2722900073861951,8.326672684688674e-17,-1.734723475976807e-18,0,0
184,0.0329881225685195,0.8006970117859586,0.006372228725103789,0.2666876591934814,-6.938893903907228e-18,2.6194324487249787e-16,0,0
185,0.18295480248176,0.850515159629451,0.03544441868672617,0.2731667267589476,-2.0816681711721685e-17,-1.960237527853792e-16,0,0
186,0.0,0.8000000000005446,0.0,0.267483188912987,-0.0300580171166414,-3.9898639947466563e-17,1,0
187,0.2019130634774329,0.8567118303866204,0.03871633704692191,0.27408589400827393,5.898059818321144e-17,-2.498001805406602e-16,0,0
188,0.2208738894723162,0.862920613307268,0.0418915551132424,0.27499467992352555,8.239936510889834e-17,1.1275702593849246e-16,0,0
189,0.2398737294382154,0.8691088100257465,0.04506944353570464,0.27586790646900194,-1.5699247457590104e-16,-1.2663481374630692e-16,0,0
190,0.263038567744266,0.8948630493096378,0.04891652721076053,0.28021754984494546,-3.122502256758253e-17,4.336808689942019e-19,0,0
191,0.2820546898014366,0.9010522939420276,0.0523783417074717,0.2811136108568784,-1.0234868508263162e-16,7.63278329429795e-17,0,0
192,0.3010704958516282,0.9072412738075176,0.05582869480680558,0.2820108167808102,5.377642775528102e-17,1.2836953722228372e-16,0,0
193,0.3200862389721952,0.9134300924332328,0.059121309234297516,0.2829045508612013,-3.209238430557093e-17,-6.245004513516506e-17,0,0
194,0.3391019621673921,0.9196186163331392,0.062168399184706256,0.2838004186859552,-6.678685382510706e-17,1.0234868508263162e-16,0,0
195,0.3581261426198155,0.9258174273280392,0.06500617706300463,0.2847282261685159,1.4051260155412135e-16,1.491862189340054e-16,0,0
196,0.3771739912960863,0.9320429436632636,0.06777610564481513,0.28573879684273096,-1.0234868508263162e-16,-1.6653345369377348e-16,0,0
197,0.3963716708906149,0.9384355105118752,0.07065065924090692,0.28690914891711405,3.4694469519536136e-17,3.8337388819087437e-16,0,0
198,0.4158899559118784,0.945382664685422,0.07372816455844128,0.28834802579232116,-1.0928757898653883e-16,4.8572257327350605e-17,0,0
199,0.439898283170633,0.9659103568809172,0.07753601496559834,0.2928782157350061,8.153200337090992e-17,-7.112366251504909e-17,0,0
200,0.4900000842926137,0.9826795038325518,0.0852870353426602,0.2966311402036782,4.336808689942018e-17,9.020562075079396e-17,0,0
201,0.500000000002059,1.0,0.08707875162462876,0.3,-2.775557561562892e-17,0.0301502519386218,0,4
202,0.0167425430436174,0.7895922531085066,0.0033020299742923345,0.26482527010056545,-9.714451465470121e-17,1.873501354054952e-16,0,0
203,0.2588902810045144,0.8752998716982424,0.04834415740306777,0.2767176961239552,4.510281037539698e-17,1.1622647289044608e-16,0,0
204,0.4314106600639073,0.9515528420506056,0.07624975979952321,0.2897279261622621,1.1449174941446927e-16,-1.52655665885959e-16,0,0
205,0.4591163306859123,0.9648547474194324,0.08067337389881259,0.29277393050916073,-8.153200337090992e-17,1.734723475976807e-18,0,0
206,0.4793347838546417,0.9649968673841194,0.08382032820507482,0.2929006358496468,3.3393426912553537e-17,-1.9081958235744878e-16,0,0
207,0.5099998974596268,0.9826795011067216,0.08819930174958866,0.29661727928039927,0.0,3.816391647148976e-17,0,0
208,0.5200000000019419,1.0,0.0900877439018641,0.3,3.469446951953614e-18,0.0301615714174743,0,4
209,0.5400000000018033,1.0,0.09299331619187629,0.3,5.030698080332741e-17,0.0301647241604981,0,4
210,0.5299996152044405,0.9826792697630758,0.09102488124319061,0.2965466769234525,-9.107298248878236e-17,1.006139616066548e-16,0,0
211,0.1408736483260662,0.8186480063016744,0.028009300094071016,0.26814587054094285,-5.204170427930421e-18,2.0296264668928643e-16,0,0
212,0.1218657755166591,0.812464562299585,0.02430970971800531,0.2674635535824356,-6.071532165918825e-17,1.5612511283791264e-16,0,0
213,0.1028304069839838,0.8062679242828028,0.020515718620393194,0.2668006020136699,-3.5561831257524545e-17,-1.7520707107365752e-16,0,0
214,0.0837266378191687,0.7999932292157782,0.01662481734431136,0.2660456241936923,6.071532165918825e-17,2.8622937353617317e-16,0,0
215,0.0640771241942125,0.7931032876490105,0.012594910396346396,0.2650153851740404,-1.0408340855860844e-16,-1.734723475976807e-16,0,0
216,0.0465988174773548,0.7887118911475169,0.00905825073787699,0.2642993647329061,1.700029006457271e-16,2.775557561562892e-17,0,0
217,0.1598750459471261,0.8248174941528541,0.03161553922236832,0.2689067777518151,2.775557561562892e-17,-1.994931997373328e-16,0,0
218,0.1788724066200317,0.8309905897483062,0.03510209875787614,0.26975005483815667,-7.28583859910259e-17,1.5612511283791264e-16,0,0
219,0.0332269662195733,0.7780372852290323,0.006474367665050822,0.2623294182622492,4.6837533851373785e-17,-1.0234868508263162e-16,0,0
220,0.1978195858656955,0.8371544025730275,0.03843120330001025,0.27063208513768167,-5.724587470723462e-17,2.584737979205442e-16,0,0
221,0.0,0.7800000000006034,0.0,0.2636696797341178,-0.0300805872647148,7.28583859910259e-17,1,0
222,0.2167952072862091,0.8433402931775711,0.041627792726105894,0.2715080102315746,-1.1362438767648086e-16,1.8214596497756474e-16,0,0
223,0.235748619748529,0.849543486754686,0.04475655144929012,0.27235041084348194,8.326672684688674e-17,2.706168622523819e-16,0,0
224,0.2547467420502566,0.8557366880770754,0.04793616019673558,0.27315796982292834,-1.5092094240998222e-16,-1.4051260155412135e-16,0,0
225,0.2779066724812988,0.8814895241876216,0.05174467498158101,0.2775619494211297,3.642919299551295e-17,1.2663481374630692e-16,0,0
226,0.2969223805557124,0.8876785710449975,0.055198431818045506,0.2784124408431665,6.591949208711867e-17,-3.8163916471489756e-16,0,0
227,0.3159379709422736,0.8938674453952731,0.05856378206745748,0.2792685168227953,2.0816681711721685e-17,-9.367506770274757e-17,0,0
228,0.3349536736571804,0.9000561783220136,0.06171917888285209,0.280126788337736,-6.245004513516506e-17,-1.6132928326584306e-16,0,0
229,0.3539692928897979,0.9062443250339622,0.06464503777347066,0.28099749910889416,8.586881206085195e-17,-1.9775847626135598e-16,0,0
230,0.3729967576007752,0.9124474890521754,0.0674399331093102,0.2819166987978845,5.898059818321144e-17,3.6082248300317592e-16,0,0
231,0.3920292030225192,0.9186563333455025,0.07025271928585129,0.2829312481555467,-5.898059818321144e-17,-2.5500435096859064e-16,0,0
232,0.4112023650488376,0.9250200085106371,0.07320922679924058,0.28411208098970636,4.510281037539698e-17,5.898059818321144e-17,0,0
233,0.4325949724565162,0.9332320331316044,0.07663906589740549,0.2858347665851622,-1.3704315460216776e-16,-1.5612511283791264e-17,0,0
234,0.4471645371379604,0.9487140138341514,0.07889847652907982,0.2892173294721305,-7.63278329429795e-17,1.9081958235744878e-16,0,0
235,0.4991812114214133,0.9659115640647684,0.0867379231814702,0.29310678573149185,-1.301042606982605e-16,1.7520707107365752e-16,0,0
236,0.5499999543808936,0.9838222177218124,0.09380086672497434,0.29668647492085864,9.020562075079396e-17,1.5872719805187782e-16,0,0
237,0.5600000000016645,1.0,0.09576914662588915,0.3,-1.0581813203458523e-16,0.0301973551264048,0,4
238,0.0169216989252557,0.7694081367829876,0.0033442278226249113,0.2609727100046987,2.688821387764051e-17,-2.0990154059319366e-16,0,0
239,0.2737592098766171,0.8619272379055596,0.0512329362396987,0.27395776815213174,3.4694469519536136e-17,-2.4286128663675302e-17,0,0
240,0.4677074816481769,0.9443020814837164,0.08225632595304488,0.2883762733956528,-8.673617379884034e-17,-1.6479873021779667e-16,0,0
241,0.4898432746083984,0.9485589910907996,0.08558178366626157,0.28934009744492317,-2.775557561562892e-17,3.209238430557093e-16,0,0
242,0.5209392367668502,0.9629701991650728,0.08985233016763505,0.29235861174376276,1.2663481374630692e-16,-2.012279232133096e-16,0,0
243,0.5420645672740436,0.9671713062850542,0.09272899397124008,0.2930967141819203,4.336808689942018e-17,-2.7929047963226594e-16,0,0
244,0.5700000703458463,0.9826795325377052,0.09648816826559022,0.29633116865063447,6.938893903907228e-18,-2.3592239273284576e-16,0,0
245,0.5800000000015259,1.0,0.09840415220252731,0.3,4.935830390240259e-17,0.0302113106383929,0,4
246,0.6000000000013872,1.0,0.10092971383635081,0.3,5.724587470723462e-17,0.0302091402469517,0,4
247,0.5890510582990295,0.9825211575217156,0.09900700999002583,0.29621272918193425,-1.431146867680866e-17,-1.0408340855860844e-17,0,0
248,0.1557450329986728,0.8052712394879253,0.03110813186342041,0.2654951230806201,6.765421556309548e-17,6.245004513516506e-17,0,0
249,0.1367270909379457,0.7991023875835775,0.027460281174806127,0.2647390832832765,1.8214596497756478e-17,-3.3133218391157016e-16,0,0
250,0.1177057250087933,0.7929089857673084,0.023740360954812575,0.26402122134893374,-1.5612511283791264e-17,3.660266534311063e-16,0,0
251,0.098611120192117,0.7866369344249151,0.019920599143802994,0.2632666625744488,-2.6020852139652106e-17,1.3183898417423734e-16,0,0
252,0.0790696583200354,0.7798667773791614,0.01592326869638249,0.2623195976654383,-9.714451465470121e-17,-8.673617379884035e-18,0,0
253,0.0552089132993632,0.7727621549686631,0.010982411678745165,0.26119009803500237,3.9898639947466563e-17,8.673617379884034e-17,0,0
254,0.1747413319295607,0.8114481616221647,0.03466525841178011,0.2663139353622009,-2.6020852139652106e-17,5.551115123125783e-17,0,0
255,0.1937406440931298,0.8176182916779029,0.0380976544046951,0.2671650364391746,2.255140518769849e-17,-3.573530360512222e-16,0,0
256,0.0350961616381038,0.7594079284049761,0.006981430844078479,0.2588919936822748,-2.6020852139652106e-17,-1.0928757898653883e-16,0,0
257,0.2126956130867421,0.823760074580522,0.04137585800314079,0.26799925083835885,9.367506770274757e-17,-2.3418766925686896e-16,0,0
258,0.0,0.7600000000006839,0.0,0.2599957448236042,-0.0301072373676179,2.949029909160572e-17,1,0
259,0.2316437316137446,0.8299670250431002,0.044538928831469655,0.26880184308963545,4.163336342344337e-17,-2.706168622523819e-16,0,0
260,0.2506017011704864,0.8361806535794347,0.04767682754211484,0.2695638988655897,3.382710778154774e-17,-5.551115123125783e-17,0,0
261,0.2696175229084249,0.8423662386702855,0.05088781691488539,0.2703083921201455,-3.816391647148976e-17,-1.52655665885959e-16,0,0
262,0.2927745734408887,0.8681163766998368,0.054626026819166756,0.27477445718012966,-1.0408340855860844e-17,2.1770779623508932e-16,0,0
263,0.3117898578673219,0.8743051477493082,0.05800854719022294,0.2756154569912299,-1.1275702593849246e-17,3.226585665316861e-16,0,0
264,0.3308052282174774,0.8804938347790283,0.061252346087689806,0.2764716992380314,3.0357660829594124e-17,-7.63278329429795e-17,0,0
265,0.3498203016261358,0.8866821640819743,0.06429087173622268,0.27733350823755937,7.37257477290143e-17,-5.898059818321144e-17,0,0
266,0.3688364449879797,0.8928716011634728,0.0671614957556011,0.27820943007186727,-1.5785983631388942e-16,-3.0010716134398763e-16,0,0
267,0.3878552082633392,0.8990645244784968,0.0699765754827346,0.27913268886917647,1.5092094240998222e-16,-4.510281037539698e-17,0,0
268,0.4068648251620828,0.9052471866319716,0.07284528600696699,0.28014585703418937,-2.0816681711721685e-17,1.4224732503009818e-16,0,0
269,0.4258802386823284,0.9114351269363872,0.07581060512071189,0.2812842644355278,9.54097911787244e-18,-5.898059818321144e-17,0,0
270,0.450523315968862,0.9326235869717556,0.07960674902536762,0.28577301359396307,1.873501354054952e-16,2.1857515797307772e-16,0,0
271,0.5075654096211814,0.9512118479600372,0.08811716443632635,0.28985689954703386,1.1969591984239971e-16,-3.1051550219984847e-16,0,0
272,0.5600000599317803,0.9704874003808742,0.09514761209021279,0.2936696488072928,6.158268339717665e-17,1.0755285551056204e-16,0,0
273,0.6091773197591976,0.9832708073518248,0.101641956342869,0.2963310234918775,-6.071532165918825e-17,2.220446049250313e-16,0,0
274,0.6200000000012484,1.0,0.10341835766112242,0.3,-1.0234868508263162e-16,0.030233542190387,0,4
275,0.0173205148147118,0.7500000607246693,0.003481974765808899,0.25762515963453153,6.678685382510706e-17,1.9081958235744878e-16,0,0
276,0.2886283341957554,0.8485546098437289,0.05419092894584769,0.27108037424382303,5.2041704279304207e-17,1.478851763270228e-16,0,0
277,0.4448943049038018,0.9176210578301276,0.07882819964719655,0.28254372041319403,-6.938893903907227e-17,-2.693158196453993e-16,0,0
278,0.4641677991303749,0.9230122238890252,0.08185720116239878,0.28370630285636217,1.4224732503009818e-16,8.326672684688674e-17,0,0
279,0.4829979923043898,0.9297692736372352,0.08470560804214103,0.2851791534292005,-1.700029006457271e-16,-1.6826817716975031e-16,0,0
280,0.5022727688005876,0.9351623120149216,0.08750776811246154,0.2862967263512331,5.724587470723462e-17,-5.898059818321144e-17,0,0
281,0.5209554394605855,0.9423752002003472,0.09011285336995341,0.2877564901703027,3.469446951953614e-18,3.209238430557093e-16,0,0
282,0.5388731034008772,0.9488469074113416,0.09254491361459045,0.2890073189193972,-1.474514954580286e-16,1.3704315460216776e-16,0,0
283,0.5575304414975415,0.9544239295941528,0.09504008638651024,0.2900410624161162,2.0816681711721685e-17,1.1796119636642288e-16,0,0
284,0.5776157598116254,0.9635578685797812,0.09761767873550978,0.29192752634257507,-5.377642775528102e-17,-1.7347234759768068e-17,0,0
285,0.5991195616501441,0.9661263408259742,0.10044633669111117,0.29237629735002396,-1.0755285551056204e-16,-1.3877787807814457e-17,0,0
286,0.6303961250911536,0.9804056793865074,0.10443485372083014,0.29563775091183825,3.469446951953614e-18,-1.7520707107365752e-16,0,0
287,0.1706125642079759,0.791907044892644,0.03412380333615241,0.2629257973702935,3.5561831257524545e-17,-1.5612511283791264e-17,0,0
288,0.1516026703952819,0.7857267171305097,0.030536419917706503,0.2621295552282957,-9.887923813067799e-17,2.0816681711721683e-16,0,0
289,0.132591679134009,0.7795507229785994,0.026902387761583196,0.2613722123321463,1.786765180256111e-16,1.908195823574488e-17,0,0
290,0.1135606365439844,0.7733531773829366,0.023202136402063988,0.2606226616410299,-6.852157730108388e-17,-4.544975507059236e-16,0,0
291,0.0945658003156294,0.7671905752370214,0.019405335937021206,0.2598338320909855,8.326672684688674e-17,-2.0643209364124002e-16,0,0
292,0.0755488728118404,0.7610030768241174,0.015488457079637023,0.2589512196388725,3.816391647148976e-17,1.8041124150158796e-16,0,0
293,0.0532456391120571,0.7503856165130752,0.010873016751149033,0.25728005648352953,-1.1102230246251563e-16,2.0469737016526324e-16,0,0
294,0.1896121652199687,0.7980745007378505,0.03763653398462033,0.26374362110011695,-4.163336342344337e-17,1.1102230246251563e-16,0,0
295,0.2086118141293398,0.8042517345233222,0.04103517662266436,0.26454698976080926,-1.1882855810441126e-16,2.6194324487249787e-16,0,0
296,0.0346409311917243,0.7400001471549682,0.007067185492461128,0.2557953329567331,1.3877787807814457e-17,7.28583859910259e-17,0,0
297,0.2275568284591009,0.8103804764963927,0.04430102568319116,0.26529200024655325,-2.949029909160572e-17,3.434752482434078e-16,0,0
298,0.0,0.7400000000007427,0.0,0.25683717072651974,-0.0301224850760134,-8.500145032286355e-17,1,0
299,0.2464977589944202,0.8166103899575263,0.047482802768117886,0.2660013056493488,1.3877787807814457e-17,6.765421556309548e-17,0,0
300,0.2654847669287553,0.8228053487091271,0.05066624450186469,0.2666805031618885,-3.903127820947816e-17,-6.418476861114186e-17,0,0
301,0.2844843832286786,0.8289928939067882,0.05390066648688617,0.26738474744288576,-2.775557561562892e-17,-7.45931094670027e-17,0,0
302,0.3076423683574192,0.8547433921086063,0.05753507756631985,0.2719001959767333,3.122502256758253e-17,-3.1181654480683108e-16,0,0
303,0.3266570993641527,0.8609319644185345,0.06081631342977182,0.2727612560673644,6.852157730108388e-17,7.979727989493313e-17,0,0
304,0.3456721488216936,0.8671204540218347,0.06394795705340131,0.27363915268741706,-8.153200337090992e-17,1.2663481374630692e-16,0,0
305,0.3646870199164394,0.8733086821017958,0.06691427470601921,0.2745141047624655,-3.4694469519536136e-17,1.994931997373328e-16,0,0
306,0.3837028715785791,0.8794980531283216,0.06977349527467654,0.27539117902338917,-7.806255641895632e-17,2.0469737016526324e-16,0,0
307,0.4027167040710303,0.8856853218801072,0.07261066962413847,0.27630243882800964,-1.1969591984239971e-16,1.908195823574488e-17,0,0
308,0.4217315928612275,0.8918732679137377,0.07548151826813627,0.2772923474199796,1.3097162243624894e-16,2.7582103268031233e-16,0,0
309,0.440746806496952,0.8980608821426193,0.07838449944578259,0.27838958902090494,-3.7296554733501346e-17,-1.214306433183765e-16,0,0
310,0.6169132349695035,0.968557020739917,0.10276247862377258,0.29287602119994566,1.6566609195578508e-16,-1.2663481374630692e-16,0,0
311,0.6400000000011098,1.0,0.10594770629866024,0.3,5.898059818321144e-17,0.0302396273829818,0,4
312,0.0166650483123072,0.7296368077910795,0.0034362406974048653,0.2546949546957494,-6.591949208711867e-17,-2.8622937353617317e-16,0,0
313,0.3034956062623645,0.8351819657395729,0.05718311073435734,0.268154741985011,4.8572257327350605e-17,-2.8189256484623115e-17,0,0
314,0.4598036237872508,0.9041154841512252,0.08128636063656319,0.27955864978491635,2.0816681711721685e-17,1.7650811368064012e-16,0,0
315,0.4787744628418278,0.9104369317061928,0.0841254896399228,0.28084738441858004,-3.9898639947466563e-17,-1.249000902703301e-16,0,0
316,0.4977899411994762,0.91662491193542,0.08691197568733026,0.2821104571941817,2.4286128663675302e-17,5.030698080332741e-17,0,0
317,0.5168614783071614,0.922641837585564,0.0896554607930934,0.28329486873633264,-2.4286128663675302e-17,-1.7520707107365752e-16,0,0
318,0.5358217434867958,0.9290004096106464,0.09233583204702915,0.2845122392418281,6.852157730108388e-17,6.938893903907227e-17,0,0
319,0.5548384083788729,0.9351883092592784,0.09496384264276682,0.285669533897936,4.4235448637408575e-17,-3.4867941867133823e-16,0,0
320,0.573855336662267,0.9413759882844228,0.09750721818751057,0.28685134849545924,2.255140518769849e-17,8.326672684688674e-17,0,0
321,0.5929535455345256,0.9473126108727234,0.09997583269963946,0.2880365197992021,6.938893903907227e-17,6.071532165918825e-17,0,0
322,0.6122242360824861,0.9526667270246733,0.10241760883752524,0.2891585646504748,-3.469446951953614e-18,-1.5959455978986623e-16,0,0
323,0.6507398784103839,0.983106677747061,0.10715476643143844,0.296244191743857,4.336808689942018e-17,2.0816681711721685e-17,0,0
324,0.6305890104766197,0.9598830553769048,0.10470522840932264,0.29078049274287887,-5.551115123125783e-17,1.214306433183765e-16,0,0
325,0.660000000000971,1.0,0.10855651036721457,0.3,4.163336342344337e-17,0.0302533220832424,0,4
326,0.1854730646364886,0.7785250806806803,0.03706888988070142,0.26042964886659736,6.938893903907228e-18,1.9428902930940242e-16,0,0
327,0.1664743507801187,0.7723481414842115,0.033529053182893585,0.25965733266822527,-1.7347234759768068e-17,-1.301042606982605e-16,0,0
328,0.1474653043129695,0.7661807663561011,0.02996802454913696,0.25890570797077217,2.6020852139652106e-18,6.591949208711867e-17,0,0
329,0.1284454144006158,0.7599985242455293,0.026376718791384215,0.2581742085797097,-1.292368989602721e-16,-1.2836953722228372e-16,0,0
330,0.1094324282438562,0.7538151233210022,0.022703146967469653,0.25743600270563877,5.984795992119983e-17,3.8857805861880484e-16,0,0
331,0.0904157795496086,0.7476278334601761,0.018885896723285833,0.25665228498286247,-3.469446951953614e-18,9.714451465470121e-17,0,0
332,0.071295531274851,0.741128788907888,0.014903922382097456,0.25576735244443227,3.122502256758253e-17,-3.209238430557093e-16,0,0
333,0.0511003679872574,0.7308682009876969,0.010662488845552903,0.25435879360033564,9.020562075079396e-17,-2.983724378680108e-16,0,0
334,0.2044703623315943,0.7846994210426421,0.04055580350511057,0.2611879726565452,7.199102425303751e-17,-1.4224732503009818e-16,0,0
335,0.2234699142584383,0.7908704194894725,0.04395222097709041,0.261894406814179,2.6020852139652106e-18,-3.660266534311063e-16,0,0
336,0.0319084399742076,0.7202575281260865,0.006658925318335008,0.25312235875391303,-1.6479873021779667e-17,-1.0581813203458523e-16,0,0
337,0.2424197987159729,0.7970371610848608,0.04724382203468705,0.2625359562657521,3.816391647148976e-17,-1.1796119636642288e-16,0,0
338,0.0,0.7200000000008053,0.0,0.25415381206834203,-0.030146093086173,2.4286128663675302e-17,1,0
339,0.2613961822788531,0.8032279641295761,0.05047872642897412,0.26314031722612297,9.627715291671279e-17,1.1969591984239971e-16,0,0
340,0.2803527630928152,0.8094295575184054,0.05369696993089405,0.26376028473359026,-4.510281037539698e-17,-1.1102230246251563e-16,0,0
341,0.299348158729572,0.8156209481442758,0.056933957263676754,0.26444613968318725,-8.586881206085195e-17,-1.5612511283791264e-17,0,0
342,0.3225093742570958,0.8413704520315554,0.060452306326586255,0.2689968150142496,4.510281037539698e-17,1.782428371566169e-16,0,0
343,0.3415239781008065,0.8475589361699659,0.06363206626955964,0.2698836769754795,-5.204170427930421e-18,-2.0990154059319366e-16,0,0
344,0.3605389171356997,0.8537474506537698,0.06667898995779827,0.2707737487451904,-2.6020852139652106e-18,-1.1449174941446927e-16,0,0
345,0.3795541504692712,0.8599360069763291,0.06960305483914264,0.27163971544922433,3.2959746043559335e-17,-2.1857515797307772e-16,0,0
346,0.398569203786075,0.866123952508582,0.07244918711452283,0.2724876788311264,1.0408340855860844e-16,-1.1796119636642288e-16,0,0
347,0.4175838690725242,0.8723120295931008,0.07526011455558583,0.27335573582816275,2.255140518769849e-17,-3.3306690738754696e-16,0,0
348,0.4365976505120054,0.8784995286874513,0.07805236110806421,0.27429188804511223,1.474514954580286e-17,2.255140518769849e-17,0,0
349,0.4556120692963087,0.8846869776686452,0.08082203913954412,0.27532685449421024,-8.413408858487513e-17,4.8572257327350605e-17,0,0
350,0.6436269905227948,0.9676984358934254,0.10632665939616939,0.29260008461823567,-1.734723475976807e-18,2.4286128663675302e-17,0,0
351,0.6690760261163456,0.9833553586905032,0.109654959123528,0.29626575057396143,-1.2836953722228372e-16,2.654126918244515e-16,0,0
352,0.6800000000008324,1.0,0.11122675212282096,0.3,-4.8572257327350605e-17,0.0302640904888155,0,4
353,0.0165694973385407,0.7078206189146546,0.003507859161922261,0.2518965182003295,3.209238430557093e-17,2.8102520310824275e-16,0,0
354,0.3183617598859174,0.8218093947767399,0.06016835294497678,0.2652273245978459,0.0,7.068998164605489e-17,0,0
355,0.4746263000542394,0.8908748316707424,0.08356741179549602,0.2764570478061428,4.6837533851373785e-17,6.852157730108388e-17,0,0
356,0.4936408923919625,0.8970627807497629,0.08630356079042022,0.2776480524247464,-8.847089727481715e-17,9.714451465470121e-17,0,0
357,0.512656541724588,0.9032503122716352,0.08905116385062999,0.2788556946709618,3.0357660829594124e-17,7.112366251504909e-17,0,0
358,0.5316724351709358,0.9094378794804142,0.09180994378245866,0.2800508080662052,-1.1102230246251563e-16,-9.020562075079396e-17,0,0
359,0.5506886843769639,0.9156256121609224,0.09454389740877371,0.28123201168474976,5.2909066017292616e-17,2.3418766925686896e-16,0,0
360,0.5697054515843155,0.9218131382955248,0.09719590909050449,0.2824207605886504,-1.2750217548429532e-16,1.3530843112619095e-16,0,0
361,0.5887178673805236,0.9280016149439124,0.09972449989786195,0.28364409804608315,-4.8572257327350605e-17,-6.071532165918825e-17,0,0
362,0.6077350519747066,0.9341464348506132,0.10213918429017792,0.2849057633827157,6.765421556309548e-17,3.1398494915180213e-16,0,0
363,0.6270297233250244,0.9405572650384966,0.1045279007443937,0.2862701855792485,-5.898059818321144e-17,-1.006139616066548e-16,0,0
364,0.65923319619839,0.9661691137879326,0.10844477732695311,0.29217754861095424,-1.7347234759768068e-17,-1.1622647289044608e-16,0,0
365,0.647176742437427,0.9489276531687216,0.10702711979395259,0.28811799145964856,-2.775557561562892e-17,3.7296554733501346e-17,0,0
366,0.6886050815070114,0.9797222124234688,0.11235185799945836,0.29532235684602415,2.5066754227864863e-16,-5.2041704279304207e-17,0,0
367,0.7000000000006936,1.0,0.11390185783936915,0.3,3.469446951953614e-18,0.0302632372397629,0,4
368,0.7200000000005549,1.0,0.11652145598998727,0.3,-4.8572257327350605e-17,0.0302763774061221,0,4
369,0.7100000000006242,0.9826794919244314,0.1152431747953629,0.2959281868323724,-8.153200337090992e-17,-2.1337098754514727e-16,0,0
370,0.2003402164471771,0.7651473959224845,0.03999933051905762,0.25794140855390707,2.949029909160572e-17,-2.0816681711721685e-17,0,0
371,0.1813285683387378,0.7589705692251117,0.03648303980075478,0.25724295295579197,-1.1102230246251563e-16,-2.0296264668928643e-16,0,0
372,0.1623266730560484,0.7528042665273056,0.032972708569037154,0.25654369229613466,1.6306400674181987e-16,2.7582103268031233e-16,0,0
373,0.1433139384684004,0.7466244070475541,0.029463758288882324,0.2558618871552826,-1.7520707107365752e-16,-8.500145032286355e-17,0,0
374,0.1242978211975253,0.7404388664105587,0.0259029532059458,0.2551903568999346,5.811323644522304e-17,-2.4286128663675302e-17,0,0
375,0.1052824355838999,0.7342528958029627,0.0222081490876141,0.25450079874978404,1.0321604682062001e-16,-8.847089727481715e-17,0,0
376,0.0862661152583568,0.7280652660005188,0.01832605854210841,0.2537715411858592,-9.714451465470121e-17,-3.469446951953614e-18,0,0
377,0.0674315616030737,0.7208871743809803,0.014336078483554657,0.2528818896679401,-1.1969591984239971e-16,1.2663481374630692e-16,0,0
378,0.0485291982129719,0.7128074590186333,0.010281087461856365,0.25193172771750616,2.168404344971009e-17,3.0704605524789486e-16,0,0
379,0.2193373559021387,0.7713278170232729,0.043481130431618276,0.2586002113925519,1.7347234759768068e-17,3.6255720647915273e-16,0,0
380,0.2383371194591664,0.7774996816775415,0.046896070890412526,0.259190160345731,6.505213034913027e-17,1.214306433183765e-16,0,0
381,0.0327058273662329,0.7051146381668603,0.0069284875640342036,0.25114530900556786,-4.8572257327350605e-17,-6.245004513516506e-17,0,0
382,0.2572964841840221,0.783646121927268,0.050227910048750685,0.2597177763138616,-1.0842021724855043e-16,-2.7929047963226594e-16,0,0
383,0.0,0.700000000000853,0.0,0.25157974537044486,-0.0301156463751459,-5.898059818321144e-17,1,0
384,0.2762527054608623,0.7898535911527592,0.05349841243381727,0.26024457490543906,9.280770596475918e-17,1.3704315460216776e-16,0,0
385,0.2952043650459516,0.7960643438964056,0.05672972724493397,0.260825677311849,2.5153490401663706e-17,-1.7347234759768068e-17,0,0
386,0.314214130579973,0.8022488627142159,0.05993907408127894,0.2615036380905987,-1.249000902703301e-16,-3.1051550219984847e-16,0,0
387,0.3373756848363535,0.827997751596881,0.0633514032007044,0.26608884356941936,-3.4694469519536136e-17,2.0946785972419943e-16,0,0
388,0.3563920494399158,0.8341861832185775,0.06644159642114913,0.26698116665595995,-2.688821387764051e-17,2.671474153004283e-16,0,0
389,0.3754058550560383,0.8403749280188673,0.06942263858774403,0.26785075806828507,3.2959746043559335e-17,1.5785983631388942e-16,0,0
390,0.3944229087122018,0.8465650870390538,0.0723051840894721,0.26867133013838834,-5.551115123125783e-17,3.9898639947466563e-17,0,0
391,0.4134401385667064,0.8527519850073355,0.07510586651623,0.26945812462579033,5.551115123125783e-17,-3.122502256758253e-17,0,0
392,0.4324497367249247,0.8589385757584111,0.07783433619916078,0.27026140205513854,-3.642919299551295e-17,1.6132928326584306e-16,0,0
393,0.4514639860266747,0.8651261431338116,0.0805019227391438,0.27113690099435894,-5.030698080332741e-17,-1.769417945496343e-16,0,0
394,0.4704777094106271,0.8713136234078287,0.08313180544676659,0.2721183356718271,6.0715321659188256e-18,-1.2836953722228372e-16,0,0
395,0.6737162782841541,0.9689869106912554,0.1103862083249267,0.2927895295099937,-8.673617379884035e-19,-2.2724877535296173e-16,0,0
396,0.7300000000004856,0.9835423218247088,0.11788250766874293,0.2960288868446089,-1.734723475976807e-18,-2.975050761300224e-16,0,0
397,0.7400000000004161,1.0,0.1190459175369524,0.3,3.816391647148976e-17,0.0302912431771795,0,4
398,0.0273370339462167,0.6908407090458013,0.005860429575512293,0.24935652235593722,9.584347204771859e-17,1.0408340855860844e-16,0,0
399,0.0115527393771922,0.6900957422779483,0.002505603363463191,0.24972969036605885,-8.153200337090992e-17,1.1449174941446927e-16,0,0
400,0.3332275754932582,0.8084371087349106,0.0631012454904361,0.2622930835086749,1.1275702593849246e-16,1.8214596497756478e-17,0,0
401,0.4894920748596222,0.8775012145920957,0.08576856871209823,0.2732041706593598,-3.469446951953614e-18,5.2041704279304207e-17,0,0
402,0.5085074723386659,0.8836885419444054,0.0884592001826848,0.2743647588422179,-4.250072516143178e-17,-2.949029909160572e-17,0,0
403,0.5275232027467467,0.8898758620265823,0.09121952504285531,0.2755635019607421,1.1275702593849246e-17,9.367506770274757e-17,0,0
404,0.5465389775781643,0.8960633496603401,0.09401191623922042,0.27677654322730805,-3.209238430557093e-17,3.642919299551295e-17,0,0
405,0.5655526026813561,0.9022511246120972,0.09675624794905298,0.2779996937935941,1.5612511283791264e-17,2.6020852139652106e-17,0,0
406,0.584555221086491,0.9084380285855403,0.09937263906051272,0.2792402395990307,1.249000902703301e-16,-1.5612511283791264e-17,0,0
407,0.603562553757338,0.9146243887247764,0.10183365593333507,0.2805029870457072,8.673617379884035e-18,-3.261280134836397e-16,0,0
408,0.622572751595304,0.920794099290303,0.10417802463525759,0.28177775871920957,9.194034422677078e-17,-7.806255641895632e-17,0,0
409,0.6416038695265776,0.9269155397443388,0.10649369391776144,0.2830423780731376,-2.6020852139652106e-18,4.6837533851373785e-17,0,0
410,0.6671151466164391,0.951462806107098,0.10962786600241389,0.2885928207988248,8.673617379884034e-17,6.591949208711867e-17,0,0
411,0.6850575150562721,0.9583139401781368,0.11199672244491032,0.290109382944596,-1.1275702593849246e-16,2.775557561562892e-17,0,0
412,0.7032428474586269,0.9643070211316828,0.114430838974394,0.2914331363024731,-4.4235448637408575e-17,3.400058012914542e-16,0,0
413,0.7227801283547352,0.9683668131250348,0.1170300491683731,0.292289659824038,1.6479873021779667e-17,1.769417945496343e-16,0,0
414,0.7500000000003472,0.9826794919244316,0.12043923547538395,0.2957086382210811,1.734723475976807e-18,-1.3357370765021415e-16,0,0
415,0.7600000000002772,1.0,0.12146237228954194,0.3,3.9898639947466563e-17,0.0302994391049275,0,4
416,0.2152044820906579,0.7517827713780524,0.04297629126412948,0.25536678422808773,-1.0755285551056204e-16,-5.724587470723462e-17,0,0
417,0.1961980050186789,0.7456017412140485,0.03947633265027704,0.2547631450456905,-1.8214596497756478e-17,-6.245004513516506e-17,0,0
418,0.1771922823205858,0.739426090607372,0.035995998951923014,0.2541410039690929,7.806255641895632e-17,2.949029909160572e-17,0,0
419,0.1581787571392483,0.7332477426238222,0.032537966650644116,0.2535312404881216,-6.331740687315346e-17,-4.2500725161431774e-16,0,0
420,0.1391641032368202,0.727064277419002,0.029055803020548793,0.2529387356757155,7.45931094670027e-17,-1.7347234759768068e-17,0,0
421,0.1201486072515593,0.7208779706273024,0.02546141380980518,0.25234175717588403,3.642919299551295e-17,2.8102520310824275e-16,0,0
422,0.1011329046503152,0.7146907548446149,0.021674014954138933,0.2517115333914144,-6.071532165918825e-17,-2.012279232133096e-16,0,0
423,0.0821168700236931,0.7085038394456752,0.017678425691403658,0.25104101673390583,2.775557561562892e-17,-2.012279232133096e-16,0,0
424,0.0631005180666386,0.7023170329615575,0.013551940912831625,0.2503638137486172,8.586881206085195e-17,1.0408340855860844e-16,0,0
425,0.0444811287581257,0.6953458767974556,0.009515988733967277,0.2496378889534053,-4.076600168545497e-17,-1.3704315460216776e-16,0,0
426,0.2342060836934816,0.7579558318322548,0.0464597542460036,0.2559129050140249,1.474514954580286e-17,-1.0408340855860844e-17,0,0
427,0.253207197936303,0.7641342616514775,0.04989127269661967,0.25639104831508286,1.3704315460216776e-16,4.440892098500626e-16,0,0
428,0.2721646714141287,0.7702718526184253,0.05324489855252884,0.25682317093851414,-1.5959455978986623e-16,-9.714451465470121e-17,0,0
429,0.0,0.6800000000008863,0.0,0.24874732888405213,-0.0302250278781279,-5.724587470723462e-17,1,0
430,0.2910954543304231,0.7765055100705605,0.056517519073298175,0.2572959189510349,-1.7347234759768068e-17,1.0581813203458523e-16,0,0
431,0.310096188430845,0.7826791495954348,0.05973213922582109,0.25784415582319437,1.9949319973733282e-17,2.8622937353617317e-16,0,0
432,0.3290799957772987,0.7888770784333573,0.06287113926625416,0.25852223365516763,-2.5153490401663706e-17,-8.326672684688674e-17,0,0
433,0.3522492446360464,0.8146242012869687,0.0661953693513016,0.26315283476542684,1.7347234759768068e-17,-3.8640965427383383e-16,0,0
434,0.3712668304480367,0.8208129756918834,0.06920432411860855,0.2640178105553075,2.4286128663675302e-17,-3.816391647148976e-17,0,0
435,0.3903001634744864,0.8270044006840953,0.0721256500253863,0.26483235226393287,9.887923813067799e-17,-1.3877787807814457e-17,0,0
436,0.4093250074735593,0.8331785584026199,0.07495214818669799,0.2655781086703853,-1.4311468676808659e-16,1.6132928326584306e-16,0,0
437,0.4283225718846801,0.8393724140350409,0.07767457624290529,0.2662964247549319,2.688821387764051e-17,2.255140518769849e-16,0,0
438,0.4473195200390787,0.8455659960366968,0.08029945854500325,0.26704546190170797,-2.862293735361732e-17,2.0816681711721685e-17,0,0
439,0.4663289741858669,0.8517528619806206,0.08285549208206065,0.26788437643688207,6.765421556309548e-17,2.307182223049153e-16,0,0
440,0.4853433186962761,0.8579401845588109,0.08539962678800089,0.2688470646772644,-3.2959746043559335e-17,-1.8388068845354155e-16,0,0
441,0.6607669650595033,0.932639580099642,0.10887990553497919,0.2842034794556942,-1.214306433183765e-17,-1.470178145890344e-16,0,0
442,0.739747803600565,0.9718366202047636,0.11922630487548533,0.29304458837879144,-2.949029909160572e-17,1.214306433183765e-16,0,0
443,0.7695446840947222,0.9825691381403115,0.12283168188398823,0.2955974309076986,-6.765421556309548e-17,1.0581813203458523e-16,0,0
444,0.7800000000001385,1.0,0.1237841542013318,0.3,8.673617379884035e-18,0.0303031458512901,0,4
445,0.0187268281728813,0.6722769463575227,0.004106789171768573,0.24691225189078814,1.6479873021779667e-17,-1.994931997373328e-16,0,0
446,0.0399147984539513,0.6766977740388739,0.008616202833228876,0.24706454100904032,3.382710778154774e-17,-8.500145032286355e-17,0,0
447,0.3480928482111985,0.795064907467411,0.06594264429240373,0.25930675400227554,1.3183898417423734e-16,7.199102425303751e-17,0,0
448,0.5043579417948375,0.8641274117647194,0.0880020187848301,0.26992853958420904,1.1969591984239971e-16,-1.782428371566169e-16,0,0
449,0.5233743626385498,0.8703138081481105,0.09070659744511032,0.27109800342491847,6.505213034913027e-17,-2.688821387764051e-16,0,0
450,0.542389609210616,0.8765014543103378,0.09349507221874877,0.2723204902511477,1.7347234759768068e-17,-2.0643209364124002e-16,0,0
451,0.5614051652271941,0.8826887020119828,0.09628689940427294,0.273570903375848,7.979727989493313e-17,-9.714451465470121e-17,0,0
452,0.5803957652480245,0.888881231139934,0.09897378997962558,0.2748390718711261,7.63278329429795e-17,-2.3418766925686896e-16,0,0
453,0.5994032020736744,0.8950690163537962,0.10149149727608864,0.2761152692215712,5.2909066017292616e-17,9.714451465470121e-17,0,0
454,0.6184101958626786,0.9012535729721104,0.1038418267035165,0.2773881587061498,-1.9255430583342559e-16,2.012279232133096e-16,0,0
455,0.6374273021874686,0.9074296105302484,0.1061033421553493,0.27863963093720473,-7.28583859910259e-17,2.012279232133096e-16,0,0
456,0.6564343093227232,0.9136407432348264,0.10838120843879916,0.27986820810939816,-2.6020852139652106e-18,2.237793284010081e-16,0,0
457,0.6798144747455526,0.9387337808756469,0.11134321611405679,0.2854451060230561,-6.591949208711867e-17,1.3400738851920835e-16,0,0
458,0.6985943946350083,0.9453817585565792,0.11384696038403645,0.28684062919484465,2.6020852139652106e-18,-1.1102230246251563e-16,0,0
459,0.7172000935522883,0.950993654837319,0.11634385314590881,0.2880315993058774,-4.076600168545497e-17,-2.0643209364124002e-16,0,0
460,0.7362378291159707,0.9565646105772448,0.1188490907080791,0.289266057223079,1.0408340855860844e-17,2.931682674400804e-16,0,0
461,0.756137854082201,0.9640919991555394,0.12134935088846059,0.29103673205699676,-3.599551212651875e-17,8.500145032286355e-17,0,0
462,0.7902145145269515,0.9828033062575062,0.12526193358921314,0.2955924051302883,1.5785983631388942e-16,1.8041124150158796e-16,0,0
463,0.7999999999999997,1.0,0.1260544597308005,0.3,-3.426078865054194e-17,0.0303111402890413,0,4
464,0.819999999999861,1.0,0.12834490595710088,0.3,9.367506770274757e-17,0.0303163737347138,0,4
465,0.809785834282809,0.9826474805106242,0.12752433068729246,0.2955102188382412,-2.7592945289756093e-16,-1.1796119636642288e-16,0,0
466,0.2300630607406653,0.7384055923353441,0.04604319942514456,0.25262171029419167,7.199102425303751e-17,-2.688821387764051e-16,0,0
467,0.2110648385452364,0.7322279865108261,0.0425658791076051,0.2521113523418918,-1.8214596497756478e-17,-1.1449174941446927e-16,0,0
468,0.1920576423696788,0.7260556336404448,0.03911288572472517,0.2515694152154269,3.122502256758253e-17,-1.1796119636642288e-16,0,0
469,0.1730431331781118,0.7198735178950072,0.035689868234896775,0.25103234417869036,3.469446951953614e-18,1.9775847626135598e-16,0,0
470,0.1540287373482317,0.7136887127382471,0.032256215617779756,0.25051845891350316,-6.331740687315346e-17,2.8622937353617317e-16,0,0
471,0.1350142105903112,0.707503121776454,0.02872727903391683,0.2500126978264723,5.2041704279304207e-17,-6.938893903907227e-17,0,0
472,0.1159991201926727,0.7013162161503943,0.025011602861969753,0.24948020565412538,-6.245004513516506e-17,-1.1622647289044608e-16,0,0
473,0.0969835062223587,0.6951291585589072,0.021065789432428404,0.2488948633295999,-2.5153490401663706e-17,9.714451465470121e-17,0,0
474,0.0779675772103486,0.688942006135537,0.01693515262150074,0.24826271814544593,6.591949208711867e-17,1.457167719820518e-16,0,0
475,0.0589509878624164,0.6827545912195692,0.01274387476821808,0.24762615201540558,-5.637851296924623e-17,3.4694469519536136e-17,0,0
476,0.2490649439486229,0.7445824125333343,0.049514143638418065,0.25306673338530294,-7.37257477290143e-17,-3.972516759986888e-16,0,0
477,0.2680671125039448,0.7507580838725583,0.05293891586336253,0.25344895402722,1.3877787807814454e-16,1.1796119636642288e-16,0,0
478,0.2870389201896488,0.7569312965855636,0.056280666981132516,0.25381543116697564,-3.122502256758253e-17,-1.214306433183765e-16,0,0
479,0.0,0.6600000000009563,0.0,0.2455750606190925,-0.0302294300068745,-5.551115123125783e-17,1,0
480,0.3060039431593216,0.7631164489281859,0.059524271236651584,0.254239111775905,9.97465998686664e-17,-1.9775847626135598e-16,0,0
481,0.3249702627090388,0.7692966421061956,0.06266469826986219,0.2547770446820289,-1.734723475976807e-18,-1.786765180256111e-16,0,0
482,0.3439451854684188,0.7755055257196981,0.06570823360675286,0.2554530736534569,-5.551115123125783e-17,2.1163626406917047e-16,0,0
483,0.3671404793875158,0.8012462810121491,0.0689485318011485,0.26013877102547245,-2.3939183968479943e-16,-7.37257477290143e-18,0,0
484,0.3861604710857193,0.8074360498659363,0.07187919871204637,0.260950755386137,2.168404344971009e-17,1.5092094240998222e-16,0,0
485,0.4052078729522773,0.8136186315073966,0.07473707165021665,0.2616925978100334,-9.280770596475918e-17,1.5092094240998222e-16,0,0
486,0.4242212182882382,0.8198071021150177,0.07749576431288156,0.26237340051425856,1.0234868508263162e-16,-1.9081958235744878e-16,0,0
487,0.4431949013432671,0.8260032527952549,0.08014067520398986,0.2630453809007591,3.7296554733501346e-17,2.4286128663675302e-17,0,0
488,0.4621983752927126,0.8321837692479614,0.08269268718917659,0.26377257806296894,-7.112366251504909e-17,-5.377642775528102e-17,0,0
489,0.4811945937248717,0.8383797519313048,0.08519470421535684,0.2646201572807206,3.209238430557093e-17,9.887923813067799e-17,0,0
490,0.500208607742474,0.8445668563016981,0.08772778739119202,0.26560392326018034,-7.28583859910259e-17,1.9081958235744878e-16,0,0
491,0.6754505397298585,0.919828873783096,0.11076061825408545,0.2810672605417069,-2.6020852139652106e-17,8.933825901280557e-17,0,0
492,0.77959379285619,0.9661580304763634,0.124170677488003,0.2914965343601357,-5.898059818321144e-17,-7.199102425303751e-17,0,0
493,0.8300000427289717,0.9826794882876132,0.12988940598281076,0.29548537389301194,2.4286128663675302e-17,5.030698080332741e-17,0,0
494,0.8399999999997222,1.0,0.13072907286116514,0.3,-5.2041704279304207e-17,0.0303214142969829,0,4
495,0.0352726877439205,0.6585747443203396,0.007708601404825729,0.24442969772532427,-6.852157730108388e-17,1.5612511283791264e-16,0,0
496,0.0546602269156156,0.6640414895908068,0.011884622888960009,0.2448847875131278,-3.859759734048396e-17,4.163336342344337e-17,0,0
497,0.0180250507246549,0.6498253970949318,0.0040577271270027734,0.24346250890734888,-4.6837533851373785e-17,7.28583859910259e-17,0,0
498,0.3629862976476309,0.7816872389177594,0.06868240616388711,0.2562186117513985,4.8572257327350605e-17,1.457167719820518e-16,0,0
499,0.5192225728894079,0.8507539703050323,0.09035666067120354,0.266710962423247,-3.469446951953614e-18,3.829402073218801e-16,0,0
500,0.5382398723393258,0.8569401885267561,0.09309582501613593,0.26790507482933834,-1.6653345369377348e-16,2.949029909160572e-17,0,0
501,0.5572556395500381,0.8631270862453162,0.09588590986407054,0.2691502790633167,-8.500145032286355e-17,1.994931997373328e-16,0,0
502,0.5762465600320732,0.86931953868104,0.09861554283267328,0.27042233879462,-2.949029909160572e-17,3.677613769070831e-16,0,0
503,0.5952411583624412,0.8755122912636736,0.10118821082501035,0.2717036401544215,1.5612511283791264e-17,1.9428902930940242e-16,0,0
504,0.6142554643918103,0.8816979427908893,0.10356784034466936,0.27297715438463194,-1.1449174941446927e-16,-1.231653667943533e-16,0,0
505,0.6332696353949445,0.8878902357454242,0.10579901747205309,0.27422759145940495,1.9949319973733282e-17,-1.006139616066548e-16,0,0
506,0.6522854163555294,0.8940781684822195,0.10799203614996714,0.27543667145228,4.336808689942018e-17,-1.873501354054952e-16,0,0
507,0.6713009958038443,0.9002661342141308,0.11026307637802046,0.2766058056173255,5.030698080332741e-17,2.0816681711721685e-17,0,0
508,0.6945021459955802,0.9259071749057598,0.113263632994432,0.282245522070266,-2.775557561562892e-17,-6.114900252818245e-17,0,0
509,0.7134854981581206,0.9321505747700152,0.11582951876808188,0.2835112697204672,5.030698080332741e-17,2.3418766925686896e-16,0,0
510,0.7324970883139154,0.9383941307699576,0.11838415628681376,0.28485926908620607,-2.862293735361732e-17,-3.0357660829594124e-16,0,0
511,0.7515313218899561,0.9445297248596082,0.12084397710423728,0.28627031138427045,2.0729945537922842e-16,-2.0816681711721683e-16,0,0
512,0.7717478987344745,0.9492960654618872,0.12330907471195027,0.2874176987009748,-6.938893903907228e-18,-2.1857515797307772e-16,0,0
513,0.7997909585835214,0.9654677957315072,0.12650707518419582,0.29132384228481806,1.6826817716975031e-16,1.8041124150158796e-16,0,0
514,0.8185004484403801,0.9650431471286696,0.12864711354883518,0.29122579078284677,9.49761103097302e-17,-1.2836953722228372e-16,0,0
515,0.8499249053950468,0.9827867185305564,0.13230493713129793,0.29549172637352816,2.0296264668928643e-16,9.020562075079396e-17,0,0
516,0.2449189598754703,0.7250253994427767,0.04921408546448675,0.24967325393662232,-4.4235448637408575e-17,1.994931997373328e-16,0,0
517,0.225918957164205,0.7188555591216429,0.04577581130081183,0.24924429485959632,7.806255641895632e-18,2.3939183968479943e-16,0,0
518,0.2069184310748816,0.7126841810666288,0.04236429113642804,0.248769798700954,-7.45931094670027e-17,1.7520707107365752e-16,0,0
519,0.1879075336988957,0.7065007936527987,0.038980572907786115,0.24829276334380826,6.938893903907227e-17,1.5959455978986623e-16,0,0
520,0.1688939588189037,0.7003143316429825,0.03558593267858203,0.2478454089258002,3.469446951953614e-18,-1.0928757898653883e-16,0,0
521,0.1498795383371022,0.6941289538049832,0.032100535341880565,0.2474241388073363,-9.540979117872439e-17,-4.510281037539698e-17,0,0
522,0.1308649045719025,0.6879421255284602,0.028431609670503562,0.24699296323780398,1.214306433183765e-17,8.326672684688674e-17,0,0
523,0.1118498210569729,0.681754824870977,0.024520243735781655,0.24651068808658888,-2.6020852139652106e-17,3.816391647148976e-17,0,0
524,0.092834281826346,0.6755674505059583,0.020386094741430612,0.2459595972437959,3.4694469519536136e-17,-7.806255641895632e-17,0,0
525,0.0738182732450241,0.6693798603558658,0.01613678010293458,0.24535889927367213,3.122502256758253e-17,-3.9898639947466563e-17,0,0
526,0.2639285629816903,0.7312110107083393,0.052648888438988344,0.2500345400880204,-8.239936510889834e-17,2.775557561562892e-17,0,0
527,0.2829401545365345,0.737397295585803,0.05603508577853006,0.25034439383773754,4.510281037539698e-17,-3.469446951953614e-18,0,0
528,0.3019290368827864,0.7435620171726103,0.05932659601032111,0.250660364618095,1.7347234759768068e-17,8.847089727481715e-17,0,0
529,0.0,0.6400000000009717,0.0,0.24230782250228564,-0.030272473477348,1.0928757898653883e-16,1,0
530,0.3208937964131882,0.7497240780387515,0.06249426598868811,0.2510600216322524,-1.2663481374630692e-16,2.411265631607762e-16,0,0
531,0.3398460074315059,0.7559271616113571,0.06553247784611524,0.2516006168608444,6.938893903907228e-18,9.020562075079396e-17,0,0
532,0.3588153939752163,0.7621356966607242,0.06846499204176355,0.2522724980215413,-1.6479873021779667e-17,-2.8622937353617317e-16,0,0
533,0.3820789136495662,0.787864667241276,0.0716030478244833,0.25700813941438616,2.0816681711721685e-17,-2.333203075188805e-16,0,0
534,0.4011201146208023,0.7940581079462032,0.07446224768486685,0.2577616674717109,-1.7347234759768068e-17,-2.723515857283587e-16,0,0
535,0.4201493948452771,0.800245953747151,0.07725634461302962,0.2584467153474202,1.0321604682062001e-16,-1.717376241217039e-16,0,0
536,0.4391275612303687,0.8064238022026432,0.07995702473303423,0.2590896761880129,-5.204170427930421e-18,1.908195823574488e-17,0,0
537,0.4581004959824952,0.8126096545896315,0.08255886954905059,0.25975624165290556,6.938893903907228e-18,5.030698080332741e-17,0,0
538,0.4770860761988756,0.8187934874541096,0.08508635910871466,0.26051219391013647,1.3877787807814457e-17,-9.714451465470121e-17,0,0
539,0.4960598584144131,0.8250069009601726,0.08759516032431779,0.2614076275551887,-5.204170427930421e-18,-2.498001805406602e-16,0,0
540,0.5150735241411495,0.8311938924732957,0.09016716506311763,0.2624328712657867,-5.117434254131581e-17,-1.4051260155412135e-16,0,0
541,0.6903225858745061,0.906435736729321,0.1126790171344499,0.27775694649271154,5.2041704279304207e-17,-1.3617579286417936e-16,0,0
542,0.7896898921798011,0.95268831472439,0.12538290047948156,0.2882613697658199,-3.9898639947466563e-17,-2.671474153004283e-16,0,0
543,0.8380359461438216,0.9657431024165032,0.13094389355355496,0.2913864855028012,-1.474514954580286e-16,-8.673617379884034e-17,0,0
544,0.8599999999995834,1.0,0.13323254603090437,0.3,-3.469446951953614e-18,0.0303241007753287,0,4
545,0.0524432770530289,0.6450969015150974,0.01152776719569825,0.24207191761909438,-1.7347234759768068e-17,-1.89084858881472e-16,0,0
546,0.0345527960072573,0.639207243250418,0.00768792828113539,0.24154841277524938,6.0715321659188256e-18,-5.2041704279304207e-17,0,0
547,0.0698490169214382,0.6499698157765915,0.015394000994442008,0.24245777207489544,3.0357660829594124e-17,4.6837533851373785e-17,0,0
548,0.0172616329613035,0.6299709429382733,0.00400106812337199,0.2405184092058321,3.642919299551295e-17,1.5092094240998222e-16,0,0
549,0.3779121846338594,0.7683128389836402,0.07134368274083822,0.2530137944655068,3.122502256758253e-17,1.43982048506075e-16,0,0
550,0.5340867301717244,0.8373805123293135,0.092839026837122,0.26356613155047715,1.5785983631388942e-16,1.6740081543176186e-16,0,0
551,0.5531030905251182,0.8435672474216616,0.09558954964045506,0.26476779207841433,-8.760353553682876e-17,-8.153200337090992e-17,0,0
552,0.5720980464721666,0.8497578965169518,0.09832917472673362,0.2660060265652655,9.54097911787244e-18,-2.5500435096859064e-16,0,0
553,0.5910946395376975,0.8559512148549305,0.10095188070344219,0.2672600674996648,7.892991815694471e-17,-1.6479873021779667e-16,0,0
554,0.6101055707297427,0.8621397773259085,0.10338452407582398,0.2685144574021449,8.500145032286355e-17,1.0581813203458523e-16,0,0
555,0.6291207987292102,0.8683282951717928,0.10562868773188806,0.26975517340966265,-8.673617379884034e-17,-2.949029909160572e-17,0,0
556,0.6481364874575974,0.8745161089575813,0.10776867839149722,0.2709651003495788,1.2750217548429532e-16,8.326672684688674e-17,0,0
557,0.6671519325450134,0.8807038869771284,0.10993140044550613,0.2721358366897443,-1.6219664500383146e-16,-1.2663481374630692e-16,0,0
558,0.6861673381310898,0.886891881022092,0.11222456971179642,0.2732808152992905,1.500535806719938e-16,2.1163626406917047e-16,0,0
559,0.7093393774330123,0.9126209930597248,0.11522420202374313,0.2789462171876652,1.3877787807814457e-17,-1.968911145233676e-16,0,0
560,0.728348068045227,0.9188304642534076,0.11781306248683558,0.2802258139963777,5.2041704279304207e-17,-1.7347234759768068e-17,0,0
561,0.7473644552738129,0.925018898196249,0.12033416083738183,0.28161122571917313,-8.933825901280557e-17,2.6194324487249787e-16,0,0
562,0.7663826082155759,0.931198588087446,0.12270187788739409,0.28309173783768715,2.949029909160572e-17,2.463307335887066e-16,0,0
563,0.7858414604877464,0.9367243412123016,0.12495606274272344,0.2844682541678718,-4.250072516143178e-17,1.474514954580286e-16,0,0
564,0.8052670945139342,0.945346888136842,0.1271206353482345,0.28656515844265273,-3.469446951953614e-18,9.367506770274757e-17,0,0
565,0.8264207371766513,0.9483499712282396,0.1295070209036632,0.287293970983816,-7.936359902593891e-17,-3.122502256758253e-17,0,0
566,0.8695493896426905,0.9833228551980656,0.1347416121123748,0.29562395863668706,-2.723515857283587e-16,2.1857515797307772e-16,0,0
567,0.8594553867664206,0.9629948036338656,0.13357691368417976,0.29072372324131235,-3.9898639947466563e-17,-8.673617379884034e-17,0,0
568,0.879999999999508,1.0,0.13580151478455627,0.3,3.816391647148976e-17,0.0303244480492704,0,4
569,0.2597825097898128,0.7116554984042485,0.0524822362034552,0.24654283288557838,-6.0715321659188256e-18,-2.949029909160572e-17,0,0
570,0.2407837453601635,0.705482185788865,0.04910351298206042,0.2461824043868292,-5.204170427930421e-18,-9.714451465470121e-17,0,0
571,0.2217834451966091,0.6993122503346747,0.04574960138847173,0.2457658191487803,9.97465998686664e-17,-1.0581813203458523e-16,0,0
572,0.202771886543113,0.6931278401942396,0.04241909293854035,0.24533639269597785,-3.0357660829594124e-17,3.4694469519536136e-17,0,0
573,0.1837584444451263,0.6869413631609507,0.03907220333856484,0.24494113655328043,-3.903127820947816e-17,-1.3704315460216776e-16,0,0
574,0.1647445450777633,0.6807549250855562,0.03563121653756349,0.24459313345883252,3.5561831257524545e-17,-9.714451465470121e-17,0,0
575,0.1457303106944724,0.6745683082143149,0.032003644879558334,0.2442646075895642,1.214306433183765e-17,-6.245004513516506e-17,0,0
576,0.1267157763095658,0.6683811617038493,0.028121710627908265,0.24390613865476077,2.4286128663675302e-17,-8.673617379884035e-18,0,0
577,0.1077007208242567,0.6621934775192613,0.023984644119193765,0.24347922123362029,2.6020852139652106e-18,1.0928757898653883e-16,0,0
578,0.0886851664073883,0.6560054759780638,0.01967916720856095,0.24298010165706674,-3.816391647148976e-17,1.3877787807814454e-16,0,0
579,0.278791982869667,0.7178400342296178,0.05585584970784417,0.24683474800524022,3.903127820947816e-17,2.4286128663675302e-17,0,0
580,0.2978029163794308,0.7240260673905646,0.05917293847649101,0.24709233970542618,-5.984795992119983e-17,2.775557561562892e-17,0,0
581,0.3168083216348012,0.7302059465058353,0.06238237212245545,0.24738556146429183,2.949029909160572e-17,2.775557561562892e-17,0,0
582,0.0,0.6200000000010513,0.0,0.2393071239711214,-0.0302805885140582,-5.2041704279304207e-17,1,0
583,0.3357677468912524,0.7363539100319914,0.06544660150877268,0.24778147989137733,-1.3010426069826053e-17,-1.717376241217039e-16,0,0
584,0.3547381300396422,0.7425638356829851,0.06837256368823993,0.24832978640351963,6.505213034913027e-17,7.979727989493313e-17,0,0
585,0.3737103255157628,0.7487630409603618,0.0711928845611977,0.24899671402177947,-9.4542429440736e-17,-3.642919299551295e-17,0,0
586,0.3969659855381776,0.7745021422538098,0.07417238851224962,0.2537666460885662,3.816391647148976e-17,1.222980050563649e-16,0,0
587,0.4160100758003548,0.7806941041711686,0.07696889831293989,0.2544753142043995,-2.6020852139652106e-17,-2.949029909160572e-17,0,0
588,0.4350210023741492,0.7868831459696934,0.07971608821414976,0.25513378922630026,9.4542429440736e-17,3.9898639947466563e-17,0,0
589,0.4540068483339149,0.7930455575197319,0.08239103973214333,0.25577868556177397,-1.006139616066548e-16,-3.1398494915180213e-16,0,0
590,0.4729892134958328,0.799208058318088,0.0849875574347403,0.2564793735353672,4.6837533851373785e-17,-5.898059818321144e-17,0,0
591,0.4919426311331868,0.8054262510185701,0.08752656953557351,0.25730195312584403,2.168404344971009e-17,2.42861286636753e-16,0,0
592,0.5109249648183201,0.8116340881539248,0.09007398648496694,0.2582506466567582,-1.474514954580286e-17,1.457167719820518e-16,0,0
593,0.5299377822727174,0.8178208961301869,0.09268593953907851,0.2593067092942009,6.071532165918825e-17,-3.157196726277789e-16,0,0
594,0.705182739613957,0.8930795448765878,0.11468370460432932,0.274439766406297,-9.367506770274757e-17,3.3393426912553537e-17,0,0
595,0.844050932538159,0.9507040883730392,0.13160882037436025,0.28782763866013694,3.642919299551295e-17,-7.112366251504909e-17,0,0
596,0.8860015240249641,0.9850843949187776,0.13675103237915773,0.29607987213107184,1.8127860323957634e-16,2.706168622523819e-16,0,0
597,0.8999999999995835,1.0,0.13834493729932593,0.3,-1.6479873021779667e-16,0.0303350752124619,0,4
598,0.0689804574659127,0.6295214567815688,0.015469729981568342,0.2395384194365701,-2.0816681711721685e-17,-4.6837533851373785e-17,0,0
599,0.0513444772640289,0.6292666593708602,0.011461692905316952,0.23986005252149523,2.3852447794681098e-17,1.5959455978986623e-16,0,0
600,0.0345289260775286,0.6195758424336338,0.00788422476263775,0.23889103971398074,6.548581121812447e-17,-1.717376241217039e-16,0,0
601,0.0851442746794274,0.636347927512857,0.019159413746623086,0.2401185186707325,4.076600168545497e-17,-9.194034422677078e-17,0,0
602,0.0162628436693594,0.6100000372195793,0.0039058470270297817,0.23792783227516032,3.642919299551295e-17,-1.89084858881472e-16,0,0
603,0.3928123391244243,0.7549465117677383,0.07397563511657307,0.24971763009603906,3.2959746043559335e-17,2.3852447794681098e-17,0,0
604,0.5489467612348604,0.8240054497380624,0.09537245772847154,0.2604377619901222,1.0581813203458523e-16,-2.281161370909501e-16,0,0
605,0.5679471335582691,0.8301946364850848,0.09808730042438987,0.2616099173271604,7.806255641895632e-17,-2.3592239273284576e-16,0,0
606,0.5869458228334559,0.8363899232966079,0.10074019619644406,0.2628026920267165,-1.0408340855860844e-16,-7.979727989493313e-17,0,0
607,0.6059568550944723,0.8425790102813623,0.10324126986587315,0.264005328950447,-3.209238430557093e-17,1.52655665885959e-16,0,0
608,0.6249718042687384,0.8487666712665545,0.10554778222682946,0.2652135512791877,3.0357660829594124e-17,-2.255140518769849e-17,0,0
609,0.6439877522856071,0.8549543871025148,0.10769727309492562,0.2664166203349369,-3.122502256758253e-17,-1.006139616066548e-16,0,0
610,0.6630027312009658,0.8611419750669996,0.10979510772717299,0.267600967114356,1.0668549377257364e-16,8.326672684688674e-17,0,0
611,0.6820183723602156,0.8673298551966699,0.11196676800226443,0.2687639332532335,-1.1362438767648086e-16,-1.457167719820518e-16,0,0
612,0.7010337623450045,0.8735176678284483,0.11429557626899102,0.26992608517750954,5.898059818321144e-17,1.7347234759768068e-17,0,0
613,0.7241983606010299,0.899267733717322,0.11725332381690684,0.2756668554649789,8.500145032286355e-17,9.280770596475918e-17,0,0
614,0.7432147693782081,0.9054558805480472,0.1198123837389714,0.27700409686990224,-7.806255641895632e-17,-1.8214596497756474e-16,0,0
615,0.762230585914043,0.9116429905868008,0.12223491282229311,0.2784563114770271,6.418476861114186e-17,-2.498001805406602e-16,0,0
616,0.7812480109958824,0.917820043089862,0.12446104045537283,0.2799815475610153,-6.938893903907227e-17,7.112366251504909e-17,0,0
617,0.8002763033513426,0.9239645843863435,0.12653967722023687,0.2815078046028448,2.4286128663675302e-17,1.43982048506075e-16,0,0
618,0.8193860316123323,0.929864411961023,0.1286162191384721,0.282927142215578,3.642919299551295e-17,2.4286128663675302e-17,0,0
619,0.8387136683402986,0.9350977774301886,0.1308516044719156,0.28412148292920647,-9.540979117872439e-17,-1.3877787807814457e-17,0,0
620,0.880966737771326,0.9675690708470064,0.13625823690679886,0.29182920713334254,1.700029006457271e-16,-2.5587171270657905e-16,0,0
621,0.8573500987032654,0.9415800020753974,0.133200184039197,0.28559350264870564,7.979727989493313e-17,2.6194324487249787e-16,0,0
622,0.8994914927117138,0.974530048548816,0.13842183003720257,0.2935496170127627,-2.688821387764051e-17,-1.2663481374630692e-16,0,0
623,0.93999999999975,1.0,0.1434656790910637,0.3,2.4286128663675302e-17,0.0303386923406092,0,4
624,0.9199999999996668,1.0,0.14085043209444018,0.3,1.7347234759768068e-17,0.0303417850727246,0,4
625,0.9299999999997092,0.9826794919242392,0.14183971703747586,0.2955891973419932,3.903127820947816e-18,-2.671474153004283e-16,0,0
626,0.9131686323850144,0.9845089026849032,0.13993330177127195,0.2959958706496222,5.377642775528102e-17,-1.89084858881472e-16,0,0
627,0.2746454464957416,0.6982841878627856,0.0558317024063872,0.243289794030986,-4.250072516143178e-17,6.938893903907228e-18,0,0
628,0.2556463194002785,0.6921111324628898,0.05252238677384456,0.24299326203596514,2.775557561562892e-17,2.0816681711721685e-17,0,0
629,0.2366471526571139,0.6859395374401908,0.04923609193196275,0.24263411874987786,-6.418476861114186e-17,1.3877787807814454e-16,0,0
630,0.2176358472526447,0.6797550855645601,0.04597044869930954,0.24225164442596503,5.551115123125783e-17,-1.734723475976807e-18,0,0
631,0.1986230553730498,0.6735687294933235,0.04268485714862626,0.24190265509139086,-9.540979117872439e-17,-2.0469737016526324e-16,0,0
632,0.179609446922566,0.6673815828694424,0.03930229752548303,0.24161932289299426,7.806255641895632e-17,1.9081958235744878e-16,0,0
633,0.1605954146428343,0.661194929093395,0.03573054267784697,0.24139000795660498,-1.9949319973733282e-17,1.8561541192951838e-16,0,0
634,0.1415813823264215,0.6550079679406078,0.031895222656959626,0.24116683273351217,-7.199102425303751e-17,-5.204170427930421e-18,0,0
635,0.1225671765713768,0.6488208532216453,0.027777260862289717,0.24089665867942284,6.505213034913027e-17,7.112366251504909e-17,0,0
636,0.1035526159888144,0.6426329101052751,0.023438317330938298,0.2405528052005838,-1.0408340855860844e-17,-1.6306400674181987e-16,0,0
637,0.2936549965533506,0.7044695220277537,0.05913049316265779,0.24352741597046543,3.4694469519536136e-17,-2.6020852139652106e-17,0,0
638,0.31266510603052,0.7106553975880645,0.06236143560179416,0.24375471499999393,-1.3877787807814457e-17,-1.52655665885959e-16,0,0
639,0.3316594301348571,0.7168275594968875,0.06546801956827553,0.2440439558215587,6.765421556309548e-17,6.245004513516506e-17,0,0
640,0.0,0.6000000000010677,0.0,0.23677790325039574,-0.030333810778118,-2.6020852139652106e-17,1,0
641,0.3506511367442025,0.7230137719631383,0.06842276257817102,0.2444592779911904,1.734723475976807e-18,-1.3877787807814457e-17,0,0
642,0.3696370311132441,0.7292087207120731,0.0712359306886711,0.24501439145672416,2.255140518769849e-17,-1.0408340855860844e-17,0,0
643,0.3886773591754125,0.7353918472738388,0.07396346354184855,0.2456685585663793,-2.949029909160572e-17,3.122502256758253e-17,0,0
644,0.4118622854000591,0.7611366234128326,0.07673192537364583,0.25043832009640893,6.938893903907227e-17,8.760353553682876e-17,0,0
645,0.4308721328019408,0.7673257928748726,0.07947582153053293,0.2511231741046347,-7.37257477290143e-17,-1.7347234759768068e-17,0,0
646,0.4498825448577984,0.7735107235974646,0.08219554667698212,0.25178347981403343,-4.250072516143178e-17,2.6367796834847473e-16,0,0
647,0.468888982913104,0.7796914217819413,0.08486230987581049,0.2524680725526944,-6.418476861114186e-17,2.827599265842196e-16,0,0
648,0.487849701640437,0.7858445893908448,0.08746017549029796,0.2532273521112182,3.642919299551295e-17,-1.231653667943533e-16,0,0
649,0.5068124566838013,0.7920578205914881,0.0900162040941597,0.2541090018002581,6.938893903907228e-18,-3.0184188481996443e-16,0,0
650,0.5257895442583612,0.7982615391736086,0.09257961916863156,0.2550930698542228,7.979727989493313e-17,1.3877787807814454e-16,0,0
651,0.544800576487354,0.8044468927258281,0.09519215932336372,0.2561461188001975,-8.413408858487513e-17,1.4051260155412135e-16,0,0
652,0.7200491227094133,0.8797056249537101,0.11677795847937146,0.27113077892262066,3.2959746043559335e-17,-5.1608023410310005e-17,0,0
653,0.8763235070589102,0.9487772703982196,0.13567231280542302,0.28728575347592195,-6.938893903907227e-17,-1.43982048506075e-16,0,0
654,0.9478317020445453,0.9827872125318368,0.1440177599447241,0.29561312942953655,1.1969591984239971e-16,-1.214306433183765e-17,0,0
655,0.9599999999998334,1.0,0.14635241806057614,0.3,6.245004513516506e-17,0.0303420444145594,0,4
656,0.0810225125934082,0.6169007128101909,0.01860101361492445,0.23760719466622235,-7.63278329429795e-17,-8.847089727481715e-17,0,0
657,0.0610065947257421,0.6116347275828801,0.013971619411176864,0.23744249188715288,6.418476861114186e-17,-1.3183898417423734e-16,0,0
658,0.0476777538215446,0.6160205055518495,0.010845463652172933,0.23823510165192355,-6.418476861114186e-17,-1.908195823574488e-17,0,0
659,0.0287646382665201,0.6005506260817922,0.006845151032996602,0.2367505449819684,-3.4694469519536136e-17,1.8388068845354155e-16,0,0
660,0.0995058713172389,0.6230574120662585,0.022961756229512194,0.2378938284659687,2.168404344971009e-17,1.0234868508263162e-16,0,0
661,0.0173205080756477,0.5900000000011215,0.0043040690007406825,0.23572556196387123,-5.2041704279304207e-17,6.591949208711867e-17,0,0
662,0.4077095734089965,0.7415811241534366,0.07665343814097994,0.24636740858840167,-1.734723475976807e-18,2.949029909160572e-17,0,0
663,0.5638050568072647,0.8106304943748224,0.09784689181911262,0.257236758728547,-8.500145032286355e-17,3.755676325489787e-16,0,0
664,0.5828053827793178,0.8168225171733747,0.10049285385136698,0.2583464119507546,-9.887923813067799e-17,1.8388068845354155e-16,0,0
665,0.6018083198943749,0.8230181627585027,0.10304964210027594,0.25947262346644995,7.979727989493313e-17,-6.938893903907227e-17,0,0
666,0.6208235942074268,0.829205599271195,0.10544944512879659,0.2606203535413158,1.474514954580286e-17,-2.723515857283587e-16,0,0
667,0.6398387363607538,0.8353927934743713,0.10767557051851105,0.26179392011797487,-1.3877787807814457e-17,1.5785983631388942e-16,0,0
668,0.6588534382978739,0.841579955587781,0.10978472282623186,0.2629833391980702,-6.852157730108388e-17,-1.006139616066548e-16,0,0
669,0.6778691610443153,0.8477682140006726,0.1118850070205475,0.26417422000643226,-3.382710778154774e-17,1.491862189340054e-16,0,0
670,0.6968846894804,0.8539560348877844,0.11408451445044625,0.26536346885105033,7.719519468096792e-17,-2.775557561562892e-17,0,0
671,0.7159000263308198,0.8601436740493602,0.11643375008985833,0.26657194922173555,3.209238430557093e-17,-1.5612511283791264e-17,0,0
672,0.7390652198903824,0.8858933359796841,0.11931944050913329,0.27242527418573315,-9.540979117872439e-17,5.854691731421724e-17,0,0
673,0.7580817130019695,0.8920808420772232,0.12177949536361324,0.2738326790643407,1.3617579286417936e-16,1.734723475976807e-16,0,0
674,0.777094216862144,0.8982687195214638,0.12404923380886555,0.27533145958287103,-1.1275702593849246e-16,-9.194034422677078e-17,0,0
675,0.7961113264867621,0.9044492049042098,0.12612526453086212,0.2768568555087938,1.1015494072452724e-16,-2.3592239273284576e-16,0,0
676,0.8151235433921357,0.9106478531037056,0.12812452299977367,0.27834144745641076,-1.6046192152785466e-16,-1.734723475976807e-16,0,0
677,0.8341407301120706,0.9168358654672024,0.13022747110260438,0.27973780597121717,1.2836953722228372e-16,2.5673907444456745e-16,0,0
678,0.853230696321044,0.9228087373319273,0.13256232957474662,0.28101770917293994,-1.1362438767648086e-16,-2.740863092043355e-16,0,0
679,0.8956933127721411,0.9552968582306304,0.138062730728689,0.2889043925487114,4.510281037539698e-17,4.8572257327350605e-17,0,0
680,0.8721869884145921,0.929219942744643,0.1350623496553505,0.28242699587363274,2.3505503099485736e-16,2.775557561562892e-17,0,0
681,0.9159979671153412,0.964387478214386,0.1402952062517319,0.291214301925022,6.765421556309548e-17,1.8388068845354155e-16,0,0
682,0.936711956366116,0.9659686173895196,0.1425144889106371,0.29171044697501697,-1.8171228410857052e-16,3.4694469519536136e-17,0,0
683,0.968700611149104,0.9809011164293434,0.14686587201822227,0.2950636076106585,2.6020852139652106e-17,1.231653667943533e-16,0,0
684,0.9799999999999168,1.0,0.14915549004574533,0.3,-1.1275702593849246e-16,0.0303443895799613,0,4
685,0.2895125705426409,0.6849155089335541,0.05925072157863085,0.23999115519249692,5.377642775528102e-17,-5.2041704279304207e-17,0,0
686,0.2705097640836058,0.6787387050540531,0.05600890000370111,0.2397533097407705,-1.5612511283791264e-17,-2.255140518769849e-17,0,0
687,0.2515092980152338,0.6725666802271963,0.05278613802608749,0.2394587872255889,7.025630077706069e-17,-4.163336342344337e-17,0,0
688,0.2324995288242523,0.6663828404342925,0.04958377095495185,0.23913508688622384,-4.510281037539698e-17,-2.0816681711721683e-16,0,0
689,0.2134873166740427,0.6601966849632666,0.046362763335114854,0.23884065342194466,4.4235448637408575e-17,1.3877787807814457e-17,0,0
690,0.1944746734039604,0.654010084359409,0.043049005937602525,0.23862264676934555,4.77048955893622e-17,1.5959455978986623e-16,0,0
691,0.1754604415894257,0.6478223479349078,0.039551939174648415,0.23848781628263752,-2.4286128663675302e-17,-2.5500435096859064e-16,0,0
692,0.1564465002513077,0.6416351391802927,0.035792943470846744,0.2383984277906539,6.591949208711867e-17,-1.5092094240998222e-16,0,0
693,0.1374329080792247,0.6354481511537192,0.03173643189441032,0.23829488783681266,1.908195823574488e-17,1.4051260155412135e-16,0,0
694,0.1184191735124351,0.6292609557887809,0.02741553915153585,0.23813129025084637,-8.847089727481715e-17,-6.591949208711867e-17,0,0
695,0.308517460600183,0.6910996184997066,0.06247113117105232,0.2401905539978342,-6.591949208711867e-17,1.301042606982605e-16,0,0
696,0.3275268842657599,0.6972851303213758,0.06561029553279295,0.2404084632888996,-8.153200337090992e-17,5.898059818321144e-17,0,0
697,0.0438310172188788,0.603604792820024,0.010203201545453353,0.2368665912128086,2.5153490401663706e-17,1.1102230246251563e-16,0,0
698,0.3465362466759375,0.7034704884126546,0.06861349384861787,0.2407123856052138,1.3877787807814454e-16,5.724587470723462e-17,0,0
699,0.0,0.5800000000011323,0.0,0.23464707647983835,-0.0304118906017133,2.0816681711721685e-17,1,0
700,0.3655470020652628,0.7096523728320356,0.07145972544976505,0.2411425747642519,-1.231653667943533e-16,-5.030698080332741e-17,0,0
701,0.384556943418872,0.7158370911519343,0.0741712373239226,0.24169541707689896,7.806255641895632e-18,6.245004513516506e-17,0,0
702,0.4035657544761524,0.7220258392894592,0.07680499896969792,0.24232799881427394,-3.816391647148976e-17,-9.887923813067799e-17,0,0
703,0.4267238012150699,0.7477685895386764,0.07934704450937509,0.24705915683317747,-6.938893903907227e-17,8.543513119185775e-17,0,0
704,0.445734696639096,0.753954269123857,0.08205303195094459,0.24773007696982224,6.418476861114186e-17,8.673617379884035e-18,0,0
705,0.4647459129644738,0.7601398556851591,0.08474602190917263,0.24840724108139767,6.938893903907228e-18,-1.734723475976807e-16,0,0
706,0.4837284612395993,0.7663035349871459,0.0873878514641564,0.24913309799854552,1.3964523981613295e-16,-1.3530843112619095e-16,0,0
707,0.502700477537387,0.7724974060893197,0.08996509405430678,0.2499540652618438,-2.4286128663675302e-17,3.816391647148976e-17,0,0
708,0.5216578092509733,0.7786989757498131,0.09249611645840941,0.25087074765664114,-6.158268339717665e-17,1.6479873021779667e-16,0,0
709,0.5406540657982706,0.7848901426674462,0.09502919414063007,0.2518536490986423,8.673617379884035e-18,1.3357370765021415e-16,0,0
710,0.5596664278107965,0.7910767368070788,0.09759385634137657,0.2528691134233051,-5.377642775528102e-17,-1.4051260155412135e-16,0,0
711,0.7349157089955285,0.8663312696760298,0.11889200724590415,0.26783880219397666,7.112366251504909e-17,-1.3010426069826053e-17,0,0
712,0.8912654032250021,0.9354450923241338,0.13755152416665767,0.28390562532121055,-3.0357660829594124e-17,-3.9898639947466563e-17,0,0
713,0.9539933144097296,0.968365468481768,0.14458231893654377,0.2922982776162125,9.280770596475918e-17,4.8572257327350605e-17,0,0
714,0.9854608147088564,0.9854608147088646,0.1492116397220351,0.29596438917006435,-1.1622647289044608e-16,-4.8572257327350605e-17,0,0
715,1.0,1.0,0.15,0.3,0.0147207447308753,0.015172938045777,2,4
716,0.095256551734293,0.6035155710693808,0.02253004516089676,0.235557394887147,-5.551115123125783e-17,-1.0234868508263162e-16,0,0
717,0.0762413256378352,0.597327181848201,0.01801149631107857,0.23541008697622598,2.775557561562892e-17,2.203098814490545e-16,0,0
718,0.0359737586140041,0.5843739173582221,0.008765895982778896,0.23497864369115018,-2.688821387764051e-17,-1.786765180256111e-16,0,0
719,0.114271019060148,0.609702092189306,0.027081902215139893,0.2356754100554652,3.903127820947816e-17,6.245004513516506e-17,0,0
720,0.0174165402114004,0.5704430276834367,0.004493694381421148,0.23377930723623444,2.6020852139652106e-17,-1.908195823574488e-17,0,0
721,0.422575648147439,0.7282119484739652,0.07942447254314393,0.24298608535828387,8.326672684688674e-17,8.326672684688674e-17,0,0
722,0.5786682515730902,0.7972551444229528,0.10018383429982367,0.2538933731098451,1.006139616066548e-16,-2.5413698923060224e-16,0,0
723,0.5976727416476342,0.8034515300598475,0.10275475070258003,0.2549332729629939,-5.204170427930421e-18,2.949029909160572e-17,0,0
724,0.6166791343920344,0.8096445307280951,0.10523750813395995,0.25600345648021877,-3.122502256758253e-17,2.96637714392034e-16,0,0
725,0.6356927498599143,0.8158317467029483,0.10757889290504552,0.25712275183325145,-1.0581813203458523e-16,-2.0816681711721685e-17,0,0
726,0.6547059780965616,0.8220194321833657,0.1097751749766038,0.2582954815908241,9.280770596475918e-17,1.734723475976807e-18,0,0
727,0.6737204063762348,0.8282068321706741,0.11188603083543719,0.2595046080283402,4.250072516143178e-17,-7.979727989493313e-17,0,0
728,0.692735540198687,0.8343946807552809,0.1140083483871468,0.2607280125144604,5.204170427930421e-18,-1.3877787807814454e-16,0,0
729,0.7117507909686704,0.8405821249739042,0.11622545024867557,0.26195812684041225,-2.862293735361732e-17,1.3704315460216776e-16,0,0
730,0.7307662768362265,0.8467696156574624,0.1185561276720808,0.2632133433004639,-5.984795992119983e-17,-6.938893903907228e-18,0,0
731,0.7539307567425622,0.872518572154622,0.12134168947889303,0.26919834471269033,-1.1622647289044608e-16,-2.1250362580715887e-16,0,0
732,0.7729443533864299,0.8787068057308765,0.1236527024360438,0.27065232815607143,9.887923813067799e-17,1.873501354054952e-16,0,0
733,0.7919570096221515,0.8848964688161024,0.12576715683950865,0.2721558836291801,-1.3877787807814454e-16,1.006139616066548e-16,0,0
734,0.81097401170072,0.8910845727454946,0.1277531530601342,0.27363188122896226,1.3964523981613295e-16,1.9775847626135598e-16,0,0
735,0.8299912057217735,0.8972724837240702,0.12977973129498951,0.2750138634223809,-3.209238430557093e-17,-3.191891195797325e-16,0,0
736,0.8490083181530714,0.9034604443845188,0.1320129939182304,0.2762910661579937,1.5352302762394743e-16,5.898059818321144e-17,0,0
737,0.8680274677071682,0.9096498362004272,0.13448546030539651,0.2775311837222141,-1.6566609195578508e-16,-3.2959746043559335e-17,0,0
738,0.910298459246522,0.941521400337643,0.1397898945454306,0.2855068669625288,-2.1337098754514727e-16,2.6020852139652106e-18,0,0
739,0.8870428227296141,0.9158368690085066,0.13703710893009224,0.2788563922162528,-1.43982048506075e-16,3.174543961037557e-16,0,0
740,0.9295875512612458,0.9473774499229572,0.1418006844357297,0.28716017495327356,1.1362438767648086e-16,1.9428902930940242e-16,0,0
741,0.948936379861476,0.9525808442237572,0.14386616637009342,0.2886117686794104,-8.586881206085195e-17,4.163336342344337e-17,0,0
742,0.9673893950293736,0.960294072862109,0.1462627050696817,0.29041797525062135,4.510281037539698e-17,1.1969591984239971e-16,0,0
743,0.984123971017098,0.96947861262878,0.14869126347511574,0.2922401633637852,-1.1275702593849246e-16,-3.9898639947466563e-17,0,0
744,1.0,0.9799999999999476,0.15,0.2943177106481973,0.0294384967569807,5.204170427930421e-18,2,0
745,0.3043746284151062,0.6715447158170825,0.06272381924540255,0.23670653489560042,-6.938893903907227e-17,-1.0234868508263162e-16,0,0
746,0.2853722415839787,0.6653632319202212,0.05954351451135409,0.2365179303319795,6.591949208711867e-17,8.153200337090992e-17,0,0
747,0.2663703775184438,0.6591919606629681,0.056372227519313624,0.2362926993646877,-4.250072516143178e-17,1.2663481374630692e-16,0,0
748,0.2473621969047016,0.6530111691098035,0.05321896389856966,0.23604359161158245,-9.280770596475918e-17,-3.2959746043559335e-17,0,0
749,0.2283508513815568,0.6468250289532926,0.0500509783281146,0.23582126299691472,-3.469446951953614e-18,1.5785983631388942e-16,0,0
750,0.2093391340827871,0.6406386953849273,0.046801193949991854,0.23567905831711336,6.938893903907228e-18,-3.469446951953614e-18,0,0
751,0.1903256760419323,0.6344514329751573,0.043385311019099815,0.2356381342876908,-8.413408858487513e-17,-6.591949208711867e-17,0,0
752,0.1713114342508232,0.6282629665175301,0.039725274037639445,0.23567304607123518,4.597017211338539e-17,2.706168622523819e-16,0,0
753,0.1522978068814371,0.6220755851204254,0.03577380056809649,0.2357251781043244,1.908195823574488e-17,-8.673617379884035e-18,0,0
754,0.1332845230103515,0.615888837359049,0.031536413708028024,0.2357352786592795,-2.688821387764051e-17,-1.5439038936193583e-16,0,0
755,0.323379363979773,0.677730052330676,0.06586817886573645,0.23688511781575602,1.214306433183765e-17,-1.5092094240998222e-16,0,0
756,0.3423887680072212,0.6839151494483793,0.068915333209119,0.23710825072269615,7.63278329429795e-17,-1.1449174941446927e-16,0,0
757,0.0573004345071352,0.5909083413061698,0.01362985748712519,0.2352137178227997,-1.1275702593849246e-17,2.0469737016526324e-16,0,0
758,0.3613983072637802,0.6901002378468656,0.07181570241196365,0.23742725529977887,-6.938893903907227e-17,1.231653667943533e-16,0,0
759,0.0,0.5600000000011761,0.0,0.23267036083466117,-0.0304625362163565,5.898059818321144e-17,1,0
760,0.3804077938011542,0.6962849368693715,0.0745587287586384,0.2378609155464488,3.469446951953614e-18,-6.245004513516506e-17,0,0
761,0.3994173648501204,0.7024700516980857,0.0771789280140008,0.23838893689744076,8.847089727481715e-17,2.775557561562892e-17,0,0
762,0.4184272056587393,0.7086558972209864,0.07973932024241437,0.23896822213277266,-4.336808689942018e-17,-1.491862189340054e-16,0,0
763,0.4415858671831459,0.7343975411685127,0.08206671149163514,0.2436391763949529,2.6020852139652106e-17,-1.9428902930940242e-16,0,0
764,0.4605969068710228,0.7405829016324162,0.08472766261750933,0.24429336476267077,-9.80118763926896e-17,8.673617379884034e-17,0,0
765,0.4796000701993693,0.7467591806968759,0.08736992115188445,0.24498124754720393,7.112366251504909e-17,1.4224732503009818e-16,0,0
766,0.4985667688831193,0.7529205783921625,0.08994922710242428,0.24573917337014162,-4.8572257327350605e-17,1.9428902930940242e-16,0,0
767,0.5175154558032278,0.7591367197567436,0.09245160321328269,0.24659642210109442,-1.0928757898653883e-16,-1.7347234759768068e-17,0,0
768,0.5365060248729098,0.7653315923131271,0.0949099938163485,0.2475181750839577,-5.551115123125783e-17,-9.020562075079396e-17,0,0
769,0.5555176651704787,0.7715180944045131,0.0973662532373048,0.2484729860078815,1.3617579286417936e-16,1.3183898417423734e-16,0,0
770,0.5745281962452397,0.7777028984542707,0.09985517151028882,0.24943338606832635,7.806255641895632e-18,6.071532165918825e-17,0,0
771,0.7497813180642248,0.852956684136435,0.12093615145162112,0.2645277618648776,-3.122502256758253e-17,2.693158196453993e-16,0,0
772,0.906115866921774,0.9220198136866544,0.13941592260142643,0.280379981958841,1.7433970933566911e-16,-2.0816681711721685e-17,0,0
773,0.1101224783408044,0.590141880199307,0.02682570707868894,0.23343771620323361,-5.724587470723462e-17,-6.765421556309548e-17,0,0
774,0.0911077689367194,0.5839542882611622,0.022241793340358508,0.23340725457241437,4.77048955893622e-17,-1.5612511283791264e-17,0,0
775,0.0720924325622302,0.5777657609246519,0.017683968294351274,0.23336164914437177,8.933825901280557e-17,-1.7520707107365752e-16,0,0
776,0.0352848106344238,0.5637879330285421,0.009006743094496616,0.2329030190175934,6.418476861114186e-17,2.012279232133096e-16,0,0
777,0.0533204840694052,0.5714893918943358,0.013246076262762495,0.2332666793397541,-5.984795992119983e-17,-2.012279232133096e-16,0,0
778,0.1291362367820688,0.5963292408711461,0.031343699749306474,0.2334259403454518,3.2959746043559335e-17,1.006139616066548e-16,0,0
779,0.0173938202014911,0.5507420431130448,0.004657853621247737,0.2317964066024869,-4.510281037539698e-17,-3.122502256758253e-17,0,0
780,0.4374372463815135,0.7148413355211238,0.08229921973773774,0.23956140231746598,5.724587470723462e-17,1.4007892068512715e-16,0,0
781,0.5935318416226611,0.7838899238636136,0.10237788463966399,0.25039638101127093,-1.3357370765021415e-16,-3.165870343657673e-17,0,0
782,0.6125382433861091,0.7900805264928785,0.10489406115752903,0.251385723841791,1.214306433183765e-17,1.0408340855860844e-17,0,0
783,0.6315459766039532,0.7962716404364163,0.10733845896177707,0.252435352562049,8.847089727481715e-17,-2.012279232133096e-16,0,0
784,0.6505584541958468,0.8024589707813758,0.10966101037396792,0.25356540074903555,1.9949319973733282e-17,-3.816391647148976e-17,0,0
785,0.6695720834887467,0.8086462943830438,0.11185877659538639,0.2547695324179244,-1.0408340855860844e-17,-8.847089727481715e-17,0,0
786,0.6885862216227926,0.8148337232758969,0.11398458991318428,0.2560165231283915,8.673617379884035e-18,2.445960101127298e-16,0,0
787,0.7076011928048733,0.8210208961997594,0.11611925519828041,0.2572730903591987,-3.469446951953614e-18,7.112366251504909e-17,0,0
788,0.7266169540121272,0.8272082701995523,0.11832217907250722,0.258528484902371,8.847089727481715e-17,-1.3530843112619095e-16,0,0
789,0.7456322283183604,0.8333956549243968,0.1205906506925223,0.2598027194388504,-3.382710778154774e-17,-2.6194324487249787e-16,0,0
790,0.768795760789172,0.8591446713565878,0.12325209919463076,0.265924868251198,8.500145032286355e-17,-1.5785983631388942e-16,0,0
791,0.7878094526125115,0.8653330181759245,0.12541630371274287,0.2673894701900886,-3.642919299551295e-17,-2.0469737016526324e-16,0,0
792,0.8068247521663758,0.8715215589768511,0.12744011508860914,0.2688618436017005,-8.933825901280557e-17,-3.642919299551295e-17,0,0
793,0.825841848805742,0.8777093468949443,0.12944938190065247,0.2702627704391302,-3.122502256758253e-17,3.3133218391157016e-16,0,0
794,0.8448587894494255,0.8838972554247815,0.13161413986841247,0.27154254182805476,-2.688821387764051e-17,1.8214596497756474e-16,0,0
795,0.8638758937169856,0.8900851709749646,0.13402168917348392,0.27272488418991103,2.168404344971009e-17,1.5092094240998222e-16,0,0
796,0.8828931595599047,0.8962731375861673,0.13657875128619312,0.273917039792758,-7.979727989493313e-17,-3.434752482434078e-16,0,0
797,0.92524940221938,0.928204994289494,0.1414786471202783,0.2821316509215111,3.4694469519536136e-17,-4.0592529337857286e-16,0,0
798,0.9019106788160324,0.9024612136689614,0.13903925025937316,0.2752680170508738,2.281161370909501e-16,7.979727989493313e-17,0,0
799,0.9453617659391584,0.9342208538103074,0.1434953181131138,0.28396765176920047,-9.714451465470121e-17,-1.52655665885959e-16,0,0
800,0.9654029943425227,0.9410281492023194,0.1458189630688244,0.28586369360148756,1.2663481374630692e-16,5.898059818321144e-17,0,0
801,0.9831930052152538,0.95021567177252,0.14828487248999436,0.28790233899014034,-8.153200337090992e-17,-5.551115123125783e-17,0,0
802,1.0,0.9599999999998948,0.15,0.2896031379981136,0.0294353015439873,8.326672684688674e-17,2,0
803,0.3192320444199291,0.6581755695040443,0.06622570477727208,0.23345452620009047,1.8214596497756478e-17,-3.2959746043559335e-17,0,0
804,0.3002298371278587,0.651991007397212,0.0631047504605543,0.23330230080612574,5.030698080332741e-17,-1.0408340855860844e-17,0,0
805,0.2812257644081542,0.6458136273277629,0.059976376839179835,0.23314086724305205,8.239936510889834e-17,-1.2663481374630692e-16,0,0
806,0.2622226136093582,0.6396381178780121,0.05685751445466852,0.23297449879971538,-4.4235448637408575e-17,-1.1796119636642288e-16,0,0
807,0.243213670618665,0.6334543074665091,0.05372407192590156,0.23284027057662868,7.112366251504909e-17,1.5612511283791264e-17,0,0
808,0.224202497840422,0.6272677881159041,0.05052045320557019,0.23278784174817774,3.469446951953614e-18,7.63278329429795e-17,0,0
809,0.2051901999639252,0.621080574096952,0.04717436944915562,0.2328445474154669,-2.688821387764051e-17,5.030698080332741e-17,0,0
810,0.1861765520092442,0.6148926812515496,0.04361532382261403,0.23299439969412353,2.775557561562892e-17,1.2663481374630692e-16,0,0
811,0.167162702167784,0.6087042226376279,0.039792798647448877,0.23318199040544715,-7.45931094670027e-17,-1.9428902930940242e-16,0,0
812,0.1481495113592527,0.6025165039125382,0.035691823501465714,0.23334040524595082,8.673617379884035e-19,3.2959746043559335e-17,0,0
813,0.3382413230576511,0.6643604183989438,0.0692928619033236,0.23362433262454146,-8.326672684688674e-17,9.194034422677078e-17,0,0
814,0.3572500956243425,0.6705451776332922,0.07224652505548418,0.23385444092525,3.4694469519536136e-17,-3.4694469519536136e-17,0,0
815,0.3762589356623888,0.6767303142045533,0.07504777701249667,0.23417404285961044,1.8214596497756478e-17,-1.0755285551056204e-16,0,0
816,0.0,0.5400000000011733,0.0,0.23065903107765182,-0.0305162985134278,-4.6837533851373785e-17,1,0
817,0.3952690359667857,0.6829152350239133,0.07769838167474763,0.23458199698658555,-2.775557561562892e-17,-5.551115123125783e-17,0,0
818,0.4142775661355937,0.6891007773701495,0.08024056022871999,0.23505102313472456,4.3368086899420185e-18,1.6826817716975031e-16,0,0
819,0.4332887955449561,0.6952857924972992,0.08273710813281543,0.23554724315161077,-3.0357660829594124e-17,-9.367506770274757e-17,0,0
820,0.4564470943843524,0.7210261286957191,0.08488424699523821,0.24015984407827642,-1.1102230246251563e-16,-2.5153490401663706e-17,0,0
821,0.4754498823924931,0.7272113343562105,0.08747557282931027,0.24078664410716888,1.2663481374630692e-16,-1.1102230246251563e-16,0,0
822,0.4944287481883452,0.7333805917858878,0.0900265620381993,0.2414745867499366,-3.9898639947466563e-17,-1.2836953722228372e-16,0,0
823,0.5134026514216405,0.7395694088860103,0.09249946413180332,0.24225413503091958,5.724587470723462e-17,-1.908195823574488e-17,0,0
824,0.5323707627231185,0.7457711965611039,0.09488953897590024,0.2431178068085218,1.214306433183765e-17,-6.245004513516506e-17,0,0
825,0.5513698742416706,0.7519603479521274,0.09723868481088616,0.2440263480427414,-3.209238430557093e-17,-1.214306433183765e-16,0,0
826,0.5703816186782662,0.758146822274739,0.09960184665016755,0.2449452293034007,3.209238430557093e-17,3.642919299551295e-17,0,0
827,0.5893924497271417,0.7643322408671864,0.10202173458908703,0.24585823322945724,7.37257477290143e-17,2.775557561562892e-17,0,0
828,0.7646470097152905,0.8395826697859438,0.12285889467937997,0.26113106604798375,1.873501354054952e-16,-8.673617379884034e-17,0,0
829,0.9209284352940946,0.9086493124911876,0.14118342959303035,0.2768863144410019,-1.0755285551056204e-16,3.729655473350135e-16,0,0
830,0.1059740653710451,0.5705812794977302,0.026672675439081917,0.23123781001873367,-6.0715321659188256e-18,-3.9898639947466563e-17,0,0
831,0.1249880058506846,0.5767689770350719,0.03121681527261863,0.23119259981674625,-4.510281037539698e-17,-7.806255641895632e-17,0,0
832,0.0870205531129312,0.5644509957646617,0.022065282115643278,0.2312712473655453,3.122502256758253e-17,1.5959455978986623e-16,0,0
833,0.0683108233531137,0.558551465084065,0.017487371688238357,0.23132259786952777,-5.811323644522304e-17,5.2041704279304207e-17,0,0
834,0.0515112009474568,0.5508839211166602,0.013436867805466726,0.2310677883852236,4.510281037539698e-17,1.43982048506075e-16,0,0
835,0.0343689060856489,0.54113158342316,0.009225857450597064,0.230503611909532,-1.734723475976807e-18,-1.9255430583342559e-16,0,0
836,0.1440013602251939,0.5829571396510157,0.03561314020387177,0.23108486787034482,2.862293735361732e-17,-2.775557561562892e-17,0,0
837,0.0172714410335669,0.5300164821327571,0.0047915713304555185,0.22962267134675027,2.6020852139652106e-17,-1.4051260155412135e-16,0,0
838,0.4522985081367934,0.7014708790476989,0.08523598623940293,0.2360554877313893,8.673617379884034e-17,7.068998164605489e-17,0,0
839,0.6083982016340377,0.7705163054760744,0.1044993266582073,0.2467818097593864,-8.500145032286355e-17,-3.7296554733501346e-17,0,0
840,0.6274015644163347,0.7767092283932248,0.10698833857976281,0.24775918034002312,1.3877787807814454e-16,1.0408340855860844e-17,0,0
841,0.6464099823333825,0.782899422926089,0.1094193037257853,0.2488267980514852,-7.719519468096792e-17,6.591949208711867e-17,0,0
842,0.6654234629351937,0.7890863368296624,0.11173786217691407,0.249996148323209,1.240327285323417e-16,1.214306433183765e-17,0,0
843,0.6844372550316811,0.7952733480206693,0.11393740586844046,0.2512423554800254,-1.006139616066548e-16,-1.43982048506075e-16,0,0
844,0.7034519406738025,0.801460499822857,0.11606333253920194,0.2525168492907168,3.209238430557093e-17,-2.0990154059319366e-16,0,0
845,0.7224672729899186,0.8076473886446197,0.11818194858274568,0.25377864287169005,-3.816391647148976e-17,-5.204170427930421e-18,0,0
846,0.7414830290608078,0.8138346103411205,0.1203357974584464,0.2550211032769586,8.760353553682876e-17,2.1684043449710086e-16,0,0
847,0.760497991588109,0.8200218273600581,0.12251617076242237,0.25627520857432035,-9.367506770274757e-17,1.5439038936193583e-16,0,0
848,0.7836618062545467,0.8457704003017281,0.12504543653129557,0.26253284761893175,-9.887923813067799e-17,1.5872719805187782e-16,0,0
849,0.8026772889815412,0.8519585068920723,0.1271238335353668,0.26398431576369175,-2.0556473190325164e-16,2.307182223049153e-16,0,0
850,0.8216928923797584,0.8581465214842638,0.12916543447033668,0.26541937356854445,2.3678975447083417e-16,-2.220446049250313e-16,0,0
851,0.8407094129137368,0.8643341964942728,0.1313100871147065,0.26676384881078524,-1.1449174941446927e-16,-2.1684043449710086e-16,0,0
852,0.8597262468430454,0.8705220083369143,0.13366448341006296,0.26798832007043705,3.122502256758253e-17,1.249000902703301e-16,0,0
853,0.8787433767676824,0.8767097223980418,0.13619201095680541,0.26914695511923586,2.211772431870429e-16,6.938893903907227e-17,0,0
854,0.8977608047027399,0.8828974838463669,0.13868907102664974,0.27037234536271093,-1.4137996329210978e-16,-1.2663481374630692e-16,0,0
855,0.9409730696883548,0.9147865837149411,0.1431480887372176,0.278757187927187,-2.1163626406917047e-16,2.445960101127298e-16,0,0
856,0.9167785020226912,0.8890853469419102,0.14090806654100704,0.2718146440766451,-5.2041704279304207e-17,-1.8561541192951838e-16,0,0
857,0.9638729376885836,0.9190560405766118,0.14554473468319737,0.28022864138602477,1.6653345369377348e-16,2.775557561562892e-17,0,0
858,0.9823784671773256,0.929971808571034,0.14796738865153872,0.2830201288685303,3.5561831257524545e-17,-3.122502256758253e-17,0,0
859,1.0,0.939999999999842,0.15,0.284926545661536,0.0294302779910944,-1.0755285551056204e-16,2,0
860,0.3340929496132318,0.6448064926275814,0.06971708854069787,0.23020098766331265,-5.551115123125783e-17,1.1622647289044608e-16,0,0
861,0.3150863668952298,0.6386213517186611,0.06666424761067931,0.23007496460402913,-2.3418766925686896e-17,1.1275702593849246e-16,0,0
862,0.2960864106526222,0.6324365635931841,0.06358469259109233,0.2299654518464883,-6.938893903907227e-17,9.367506770274757e-17,0,0
863,0.2770829010611512,0.6262654536761425,0.06049619095634583,0.2298774393744079,1.474514954580286e-17,9.020562075079396e-17,0,0
864,0.2580750565550748,0.6200825940383585,0.05738613583447849,0.22983504209119143,-3.816391647148976e-17,5.377642775528102e-17,0,0
865,0.2390623330778004,0.6138929714062704,0.054211246827168325,0.22987960499946355,6.938893903907227e-17,-4.510281037539698e-17,0,0
866,0.2200526636344587,0.6077082517066843,0.05091513425001529,0.2300377032682466,1.5612511283791264e-17,-1.5612511283791264e-16,0,0
867,0.2010397781643966,0.6015208544529411,0.04744060248127702,0.23029600069203351,6.591949208711867e-17,-1.5612511283791264e-16,0,0
868,0.1820264470928583,0.5953325433496638,0.0437435824414564,0.23060182555525957,-3.642919299551295e-17,-7.45931094670027e-17,0,0
869,0.1630139666213278,0.589145011578105,0.03980012041562381,0.23088353156221195,3.4694469519536136e-17,1.214306433183765e-17,0,0
870,0.3530997676659678,0.6509905540910015,0.07269573681713301,0.23036374427943185,4.8572257327350605e-17,-3.469446951953614e-18,0,0
871,0.3721048073141323,0.6571755947017534,0.07555015280015488,0.23058769139973814,-5.898059818321144e-17,1.43982048506075e-16,0,0
872,0.3911141741313539,0.6633613396340372,0.07825493252078888,0.230881248722742,6.938893903907227e-17,6.591949208711867e-17,0,0
873,0.0,0.5200000000011236,0.0,0.22863478351926844,-0.0305883487739694,5.030698080332741e-17,1,0
874,0.4101231768941428,0.6695472021055147,0.08082148217548696,0.23123152279283665,-1.734723475976807e-16,-1.3530843112619095e-16,0,0
875,0.4291332187505613,0.675732171827955,0.08329551035266528,0.23161363436841031,1.1188966420050406e-16,1.5959455978986623e-16,0,0
876,0.4481439284615421,0.6819171445338583,0.08573130484421078,0.23201157003680267,-4.336808689942018e-17,-6.938893903907227e-17,0,0
877,0.4712885144799653,0.7076541826443413,0.0877450730975843,0.23659005200924754,-3.816391647148976e-17,-7.155734338404328e-17,0,0
878,0.49027503862167,0.7138349806747696,0.09023770995321062,0.23718461730437762,1.3010426069826053e-17,4.8572257327350605e-17,0,0
879,0.5092573403743792,0.7200182207674737,0.09266800713371393,0.2378724810901555,-1.3530843112619095e-16,-3.816391647148976e-17,0,0
880,0.5282339716712793,0.7262074012792028,0.09500772350777612,0.23866169598231385,1.222980050563649e-16,1.1449174941446927e-16,0,0
881,0.5472276510781999,0.7324004897859415,0.09727372421527748,0.2395261868716894,3.642919299551295e-17,-9.194034422677078e-17,0,0
882,0.5662338675415831,0.7385894101557879,0.09951978034504348,0.24042109543130924,-7.63278329429795e-17,-7.28583859910259e-17,0,0
883,0.5852452651389541,0.7447757995036135,0.10181219719167586,0.24131261799215095,-4.510281037539698e-17,3.642919299551295e-17,0,0
884,0.604256644263734,0.7509620086405419,0.10419228235592802,0.2421991696730447,2.0816681711721685e-17,9.194034422677078e-17,0,0
885,0.779512937063283,0.8262092238031521,0.12467715763123656,0.25758605742543,-1.6306400674181987e-16,9.6710833785707e-17,0,0
886,0.9355619497765189,0.8959938436514815,0.14275271554209182,0.27372874186263163,2.5153490401663703e-16,-2.463307335887066e-16,0,0
887,0.1208399048465388,0.5572084158959436,0.031190561782854453,0.2288785390922253,-1.1275702593849246e-17,-3.2959746043559335e-17,0,0
888,0.1018260691167079,0.5510205989630738,0.026609172641598067,0.22895302758871228,5.2909066017292616e-17,7.806255641895632e-17,0,0
889,0.1398531840964935,0.5633970890447721,0.035611755869033784,0.22877530717873953,-7.112366251504909e-17,-4.6837533851373785e-17,0,0
890,0.0831781891290346,0.5451783953058913,0.021986769187138905,0.2290748714186851,-6.938893903907228e-18,-1.6132928326584306e-16,0,0
891,0.0661336196123453,0.5392246358947305,0.01770824691989023,0.22912851211551222,5.551115123125783e-17,-5.551115123125783e-17,0,0
892,0.0501655182349738,0.5301578552882076,0.013725756390921773,0.22875642654624928,-4.250072516143178e-17,-1.1102230246251563e-16,0,0
893,0.0344218754240282,0.5198954828339091,0.009644053895882493,0.22819774036984647,-1.474514954580286e-17,1.4051260155412135e-16,0,0
894,0.1588657492496197,0.5695857928965677,0.03983816335325416,0.2285842675910196,4.8572257327350605e-17,9.714451465470121e-17,0,0
895,0.0173124847940456,0.5100025123923271,0.004945347535615652,0.22759809599591946,1.9949319973733282e-17,1.8214596497756474e-16,0,0
896,0.4671341048900773,0.6880967380236914,0.08816004019946666,0.23243334063354718,3.4694469519536136e-17,1.1535911115245767e-16,0,0
897,0.623261306042928,0.7571449718446182,0.10664927855534118,0.24311389233252698,1.5612511283791264e-17,-6.331740687315346e-17,0,0
898,0.6422630965923204,0.7633389792098492,0.10912375514040781,0.24411007771517088,-4.510281037539698e-17,1.0234868508263162e-16,0,0
899,0.6612769747245224,0.7695251788144528,0.11153919185577109,0.24521687075737658,-6.071532165918825e-17,2.6020852139652106e-17,0,0
900,0.6802883654484232,0.7757136684185209,0.11383760731309903,0.24643064004830445,6.852157730108388e-17,1.89084858881472e-16,0,0
901,0.6993019237946673,0.7819004625111652,0.1160145224402751,0.2477027830626217,-6.158268339717665e-17,-1.734723475976807e-18,0,0
902,0.7183177777988823,0.7880871802850327,0.11811178073907294,0.24897122375779288,-6.938893903907228e-18,1.0408340855860844e-16,0,0
903,0.737333661025608,0.7942740385066271,0.12018595835819378,0.2501962456970328,-6.938893903907228e-18,-4.336808689942018e-17,0,0
904,0.756348872262756,0.8004610056025065,0.12227176864421323,0.25138606129475444,-1.3357370765021415e-16,-7.45931094670027e-17,0,0
905,0.7753636453256156,0.8066481239496378,0.12436851955684332,0.2525920086339626,7.719519468096792e-17,6.938893903907228e-18,0,0
906,0.7985282213772738,0.832396660533121,0.1267856080469269,0.2589753236618248,1.7347234759768068e-17,-6.461844948013605e-17,0,0
907,0.8175439884999225,0.8385839870794337,0.12887129194651237,0.26041587104340913,3.148523108897905e-16,-3.0010716134398763e-16,0,0
908,0.8365600629112324,0.8447715325680091,0.13102959265346306,0.26183951600485467,-1.6306400674181987e-16,5.2041704279304207e-17,0,0
909,0.8555765033738958,0.8509592055467198,0.13335611494612512,0.26317913386731245,-4.336808689942018e-17,-2.0296264668928643e-16,0,0
910,0.8745931780526515,0.8571467779759832,0.13584708659556852,0.26442325658149896,1.292368989602721e-16,1.908195823574488e-17,0,0
911,0.893610542418645,0.8633343636247761,0.13834643985562028,0.2656465189140754,2.688821387764051e-17,-6.591949208711867e-17,0,0
912,0.912665759313745,0.8698750016545863,0.14061571380582807,0.2670722713418714,-1.6913553890773872e-16,1.700029006457271e-16,0,0
913,0.9547006900602892,0.9007465987096972,0.1445535217249066,0.2752870768982737,-1.474514954580286e-16,-4.388850394221322e-16,0,0
914,0.9318708533502968,0.8778277779952767,0.14252415102510158,0.2690908954977102,-6.591949208711867e-17,2.60208521396521e-16,0,0
915,0.9836295556878488,0.9099952954738036,0.14796905849609807,0.27789463867128483,5.984795992119983e-17,1.9775847626135598e-16,0,0
916,1.0,0.9199999999997894,0.15,0.27995735349749085,0.0294290134083079,-5.551115123125783e-17,2,0
917,0.3299442509503614,0.6252531827818509,0.07018575358444809,0.22677305451189292,-7.979727989493313e-17,-1.3357370765021415e-16,0,0
918,0.348948454885148,0.6314378397555716,0.07314802734067377,0.22687434482345475,7.45931094670027e-17,6.938893903907228e-18,0,0
919,0.3109387574739068,0.6190681501609181,0.06717366633944305,0.2267070217239819,2.3418766925686896e-17,-7.63278329429795e-17,0,0
920,0.2919318468908397,0.6128842791886964,0.06413194036865746,0.22668194209647835,7.806255641895632e-17,1.7347234759768068e-17,0,0
921,0.2729250374384056,0.6067008972268592,0.06105306764035065,0.2267216249113595,-5.724587470723462e-17,-7.63278329429795e-17,0,0
922,0.2539175607906717,0.6005166109968358,0.05790564989256178,0.22685872951842523,1.5612511283791264e-17,1.908195823574488e-17,0,0
923,0.2349111237622235,0.5943339897203657,0.05464784755253188,0.2271139198820767,-5.637851296924623e-17,1.1275702593849246e-16,0,0
924,0.2159016307025782,0.5881478708620668,0.051238975886174765,0.22747394248925315,-1.214306433183765e-17,1.3877787807814454e-16,0,0
925,0.196889918638974,0.5819618685596071,0.047647081415986225,0.2278876201246035,-2.0816681711721685e-17,-2.4286128663675302e-17,0,0
926,0.1778778867423459,0.5757741409391324,0.0438506301972883,0.22827971391112145,-1.3010426069826053e-17,2.255140518769849e-17,0,0
927,0.3679414229791518,0.6376203344965177,0.07601987721477105,0.22701906521974666,-6.938893903907227e-17,-3.642919299551295e-17,0,0
928,0.386945921706597,0.643803231089568,0.07876798420462335,0.2272139007288308,6.071532165918825e-17,-3.9898639947466563e-17,0,0
929,0.4059484370996789,0.6499865538453183,0.08137637036596651,0.2274554138376313,-6.938893903907227e-17,9.540979117872439e-17,0,0
930,0.0,0.5000000000010534,0.0,0.22679629164349557,-0.0306693124695148,-2.6020852139652106e-17,1,0
931,0.4249591444327691,0.6561724330236581,0.08386537214909492,0.22772818773469128,5.030698080332741e-17,-1.006139616066548e-16,0,0
932,0.4439651838920736,0.6623564109367145,0.0862754726450744,0.2280181035586406,1.0581813203458523e-16,-5.898059818321144e-17,0,0
933,0.4629662047378709,0.6685393312856862,0.08864902411181193,0.22832900892125813,-1.1275702593849246e-16,-6.591949208711867e-17,0,0
934,0.486121368284401,0.6942767717594058,0.09058089766547141,0.23291208072491748,0.0,8.673617379884035e-18,0,0
935,0.505097832755789,0.7004653685481481,0.09295927748116556,0.23349023632289742,-8.847089727481715e-17,3.4694469519536136e-17,0,0
936,0.5240894490217789,0.7066500833875846,0.09526317011374455,0.2341868186502286,-1.0408340855860844e-17,-2.6020852139652106e-17,0,0
937,0.5430919396305853,0.712839693979976,0.09748275470617057,0.23499311659358205,1.4484941024406342e-16,9.194034422677078e-17,0,0
938,0.5620954068266831,0.719026246265961,0.0996512194470739,0.23586543291873133,-1.52655665885959e-16,7.28583859910259e-17,0,0
939,0.5811003525428258,0.7252162574976722,0.10183404462940063,0.23675502066585064,6.938893903907227e-17,-3.642919299551295e-17,0,0
940,0.6001083238808314,0.7314047599034901,0.10409565142178609,0.23763252215882494,1.908195823574488e-17,-1.0234868508263162e-16,0,0
941,0.6191185019128338,0.7375900579606404,0.1064621587795068,0.2385101741404079,8.153200337090992e-17,-4.510281037539698e-17,0,0
942,0.7943788071480268,0.8128351573435776,0.12646219100197836,0.25387408562144104,7.806255641895632e-17,-2.229119666630197e-16,0,0
943,0.9481872705787792,0.8857202004511898,0.14397150183242505,0.27130446743410347,1.491862189340054e-16,4.49293380277993e-16,0,0
944,0.9705030161543792,0.8999999953748709,0.14625644855630196,0.27531701157946453,-6.591949208711867e-17,3.2959746043559335e-17,0,0
945,0.1357052509206083,0.5438358755108443,0.03572909392075685,0.22634248242486923,-5.551115123125783e-17,1.1969591984239971e-16,0,0
946,0.1166918770643026,0.5376481000272502,0.03125772245303443,0.22647809372742778,7.025630077706069e-17,1.89084858881472e-16,0,0
947,0.0976779965631484,0.5314600690561424,0.026588843124299377,0.22663605336508846,-9.194034422677078e-17,1.214306433183765e-17,0,0
948,0.1547180043550324,0.5500250592833825,0.03999151370373494,0.22615793065896614,4.163336342344337e-17,-7.63278329429795e-17,0,0
949,0.0805896444058808,0.5267655132674427,0.022195306070064924,0.22693293140766213,-1.1058862159352145e-17,4.6837533851373785e-17,0,0
950,0.0659703878167392,0.5195372239397191,0.018473234032927277,0.22683860260040956,-1.5612511283791264e-17,4.6837533851373785e-17,0,0
951,0.0510739462254136,0.5099985683893742,0.014598374833335703,0.22654060731108042,0.0,1.301042606982605e-16,0,0
952,0.0346394427214023,0.4999999955857367,0.010075349783494392,0.22625892704775608,-1.5612511283791264e-17,8.847089727481715e-17,0,0
953,0.1737300934573245,0.5562163168829994,0.04404523319785025,0.2258648590578496,-3.642919299551295e-17,-1.006139616066548e-16,0,0
954,0.017320523542916,0.4900001717032116,0.005082661539411365,0.22589462189112058,-1.5612511283791264e-17,-2.255140518769849e-16,0,0
955,0.48196211297717,0.6747237368482286,0.09100586171112207,0.22869007223579801,8.673617379884035e-18,4.163336342344337e-17,0,0
956,0.6381255780680558,0.7437760804433818,0.1089034143348698,0.23943618418367513,-2.4286128663675302e-17,-1.1579279202145187e-16,0,0
957,0.6571337540493954,0.7499649224907238,0.11134751976281454,0.2404630968768097,1.474514954580286e-17,-1.0928757898653883e-16,0,0
958,0.6761453399498438,0.7561514888813794,0.1137154498587519,0.24161116074769812,-2.4286128663675302e-17,-9.540979117872439e-17,0,0
959,0.6951541478456016,0.7623405894530231,0.11595877784038043,0.24285322760533493,8.933825901280557e-17,1.1102230246251563e-16,0,0
960,0.7141682964261473,0.7685271531436437,0.1180818253884319,0.244120642249938,-7.63278329429795e-17,-7.112366251504909e-17,0,0
961,0.7331843458690905,0.7747136785403691,0.12012675910498655,0.24534558308519397,-4.510281037539698e-17,1.0234868508263162e-16,0,0
962,0.7522002155914062,0.7809003491699235,0.12214458875290332,0.2465004504221253,6.071532165918825e-17,1.214306433183765e-16,0,0
963,0.7712143828474425,0.7870874175910263,0.12416855916813199,0.247618235474025,3.642919299551295e-17,-1.1275702593849246e-16,0,0
964,0.7902295470239148,0.7932728282441481,0.1262127290236449,0.24877443255115173,6.765421556309548e-17,-1.214306433183765e-17,0,0
965,0.8133944573139101,0.8190221330677218,0.12856525033686647,0.2552580195224933,3.9898639947466563e-17,2.233456475320139e-16,0,0
966,0.8324105104081279,0.825209238293737,0.13073564231719953,0.2567125795504245,-1.8561541192951838e-16,2.671474153004283e-16,0,0
967,0.8514267180663091,0.8313967002855172,0.13304376165435042,0.258166256689566,-1.1622647289044608e-16,-1.5612511283791264e-17,0,0
968,0.8704431615833069,0.8375841980485086,0.1354967482097728,0.2595575255726051,1.5439038936193583e-16,4.510281037539698e-17,0,0
969,0.889460264560468,0.8437717991981054,0.1379774804268077,0.2608887248813336,7.28583859910259e-17,-1.786765180256111e-16,0,0
970,0.9086080223569876,0.8500289146079409,0.14028628232716583,0.26225954779638433,-2.0990154059319366e-16,5.898059818321144e-17,0,0
971,0.928241337801702,0.8562114288937527,0.14228182524210256,0.2637613268019352,2.5413698923060224e-16,-3.677613769070831e-16,0,0
972,0.9650770123318504,0.8824238855734421,0.14560006194953007,0.27075069751369807,-3.148523108897905e-16,8.673617379884035e-18,0,0
973,0.9485879653683792,0.8692077030321319,0.14404173373455514,0.26717963717640286,2.289834988289385e-16,-3.5041414214731503e-16,0,0
974,1.0,0.8999999999997367,0.15,0.27481597802832836,0.0294234152309248,4.336808689942018e-17,2,0
975,0.9835368399745886,0.8900000000424553,0.14781981765384963,0.272745710740132,1.7433970933566911e-16,1.214306433183765e-17,0,0
976,0.3257959534184115,0.6057003891521445,0.0707240282733298,0.2233032435373674,-5.898059818321144e-17,5.724587470723462e-17,0,0
977,0.3447940095149578,0.6118817324014488,0.07363526702685347,0.2233267826543278,4.597017211338539e-17,-5.551115123125783e-17,0,0
978,0.3637873670765506,0.6180593589197373,0.0764796140609788,0.22339243991232927,1.3877787807814457e-17,-5.030698080332741e-17,0,0
979,0.3067896846622276,0.5995159328828545,0.06776041288738333,0.223332486313208,1.6479873021779667e-17,-3.9898639947466563e-17,0,0
980,0.2877832578220867,0.5933310533188494,0.06473979577648503,0.22343825302511675,-2.6020852139652106e-18,5.551115123125783e-17,0,0
981,0.2687767927871035,0.5871467800613279,0.061638611598346105,0.2236503750974155,-4.3368086899420185e-18,6.938893903907228e-18,0,0
982,0.2497701186974399,0.5809615223696014,0.05842689430836984,0.2239866499966493,6.331740687315346e-17,7.63278329429795e-17,0,0
983,0.2307624356703917,0.5747767109807351,0.055078317088691764,0.2244354946088842,-3.4694469519536136e-17,-1.6306400674181987e-16,0,0
984,0.2117524390797383,0.5685912633591023,0.05157428276862769,0.22494777922419434,7.806255641895632e-18,6.938893903907228e-18,0,0
985,0.1927411381161354,0.5624037267314221,0.04790120543788179,0.2254484061074494,1.6479873021779667e-17,1.249000902703301e-16,0,0
986,0.382782943766766,0.6242475276099412,0.07922973427311905,0.22350158988662416,3.2959746043559335e-17,-1.1796119636642288e-16,0,0
987,0.4017837449484994,0.6304280362498408,0.08186387570517659,0.2236487459337644,8.500145032286355e-17,-6.591949208711867e-17,0,0
988,0.4207885090540243,0.636617069058607,0.08437744579940516,0.22382919239277502,3.0357660829594124e-17,-1.6653345369377348e-16,0,0
989,0.0,0.4800000000009889,0.0,0.2253437092704095,-0.0307653114892159,-6.765421556309548e-17,1,0
990,0.4397963409061336,0.6427951903678397,0.08679197772862522,0.22402821817249471,-3.816391647148976e-17,9.714451465470121e-17,0,0
991,0.4588004224049851,0.6489871715965883,0.0891395467330221,0.22425073283440325,-4.3368086899420185e-18,3.469446951953614e-18,0,0
992,0.4777977266729186,0.6551681478070286,0.09145105625175812,0.22451189560769416,2.688821387764051e-17,-1.3877787807814454e-16,0,0
993,0.5009511929606045,0.6809094893160849,0.09333554273716452,0.2291459556666087,6.071532165918825e-17,7.155734338404328e-17,0,0
994,0.5199432317727466,0.6871006594776282,0.0956114506503302,0.22973522094083493,3.816391647148976e-17,-1.457167719820518e-16,0,0
995,0.538950584262555,0.6932845489396647,0.09781610396889916,0.23046248113627807,-1.7347234759768068e-17,-6.245004513516506e-17,0,0
996,0.5579545749230157,0.6994693942215024,0.09995768544353405,0.23129896326557395,2.5153490401663706e-17,1.2836953722228372e-16,0,0
997,0.5769590512378139,0.7056579080459084,0.10208253761523589,0.2321873993757581,9.194034422677078e-17,-1.2836953722228372e-16,0,0
998,0.595964400014502,0.7118457699458358,0.10425267510532092,0.23307345761180118,-1.240327285323417e-16,-1.3877787807814457e-17,0,0
999,0.6149714119136823,0.7180342758851344,0.1065133761392593,0.2339395369326348,1.734723475976807e-18,1.8041124150158796e-16,0,0
1000,0.6339819603963828,0.7242203293876287,0.10886677782041271,0.2348137868068314,-3.9898639947466563e-17,7.979727989493313e-17,0,0
1001,0.8092447801807429,0.7994590467251947,0.12829249213500216,0.2500429275862933,-1.0755285551056204e-16,1.2836953722228372e-16,0,0
1002,0.1315611900719755,0.5242805809046562,0.035957443472644846,0.22390354432818102,1.474514954580286e-17,3.9898639947466563e-17,0,0
1003,0.1505703105217139,0.5304639803703232,0.0402953885049816,0.22364454955828372,9.54097911787244e-18,-3.816391647148976e-17,0,0
1004,0.1125437040773635,0.5180877071676598,0.03137897846576121,0.22416998317492653,-4.250072516143178e-17,-2.3592239273284576e-16,0,0
1005,0.0942853639106566,0.5127394763510194,0.026723101195916366,0.2245570661495291,4.076600168545497e-17,-2.4286128663675302e-17,0,0
1006,0.1695824596073195,0.536655219395051,0.04440612205651484,0.22332143365201004,-1.214306433183765e-17,2.0643209364124002e-16,0,0
1007,0.0794176659019473,0.5106413105525279,0.02266655649186,0.2251550117326738,5.117434254131581e-17,1.0581813203458523e-16,0,0
1008,0.068810948723206,0.5003265486823371,0.020103123890237162,0.22471206973706923,1.5612511283791264e-17,-2.0296264668928643e-16,0,0
1009,0.0519603346410382,0.4900000000097016,0.015500215587500532,0.22471661634917303,7.63278329429795e-17,-2.307182223049153e-16,0,0
1010,0.034152236918549,0.4800004911421802,0.010320201151875985,0.2247670007083303,-1.7347234759768068e-17,-1.2836953722228372e-16,0,0
1011,0.1885940713243507,0.542846355241736,0.0483109874200226,0.22288659879943395,-1.5612511283791264e-17,1.0408340855860844e-17,0,0
1012,0.0172391281059764,0.4700005967846742,0.005214629173974805,0.22464046526966763,-3.5561831257524545e-17,1.873501354054952e-16,0,0
1013,0.496798710000979,0.6613560862132437,0.09373793364932403,0.22485689112966917,-4.163336342344337e-17,-9.75781955236954e-17,0,0
1014,0.6529907869645695,0.7304053786579925,0.11126551736774942,0.2357550444025542,1.7347234759768068e-17,1.3270634591222574e-16,0,0
1015,0.672000747997061,0.7365924289372872,0.11363613892188573,0.2368134682986748,-8.933825901280557e-17,-8.673617379884035e-18,0,0
1016,0.6910116234179308,0.7427800061314465,0.11591317752461257,0.23799313031981184,-2.6020852139652106e-18,1.3877787807814457e-17,0,0
1017,0.7100260095125318,0.748966267973151,0.11806899182203894,0.2392422881640592,1.9949319973733282e-17,1.0408340855860844e-17,0,0
1018,0.7290386086355379,0.7551527174763036,0.1201191597163685,0.24047936657007493,-2.775557561562892e-17,-1.3357370765021415e-16,0,0
1019,0.7480514858829258,0.7613403571000303,0.12210761825152619,0.24163962195113559,7.37257477290143e-17,-1.5959455978986623e-16,0,0
1020,0.7670652271134033,0.7675272335182537,0.12408007622428624,0.24271691569959858,1.0495077029659683e-16,6.418476861114186e-17,0,0
1021,0.7860795575434345,0.7737139337066175,0.12606939779177348,0.24377404869504338,-1.7520707107365752e-16,-4.6837533851373785e-17,0,0
1022,0.8050959433892653,0.7798943071382342,0.128100955965616,0.24490739339385467,8.413408858487513e-17,-3.469446951953614e-18,0,0
1023,0.8282609195835238,0.8056466645638318,0.13044532992720329,0.2514476136558784,3.469446951953614e-18,-2.0773313624822262e-16,0,0
1024,0.847277068359622,0.8118342443426025,0.1327186278325492,0.25294649931901114,2.60208521396521e-16,1.5612511283791264e-17,0,0
1025,0.8662934376426134,0.818021678730483,0.1351195235564868,0.2544613674340057,-2.584737979205442e-16,-1.8561541192951838e-16,0,0
1026,0.8853100393555643,0.8242091056725568,0.13755983510361655,0.2559356082574168,1.7433970933566911e-16,3.747002708109903e-16,0,0
1027,0.9043269359374904,0.8303967195658246,0.13985801780918847,0.25738278703095774,-3.556183125752454e-16,1.3877787807814454e-16,0,0
1028,0.92224022155893,0.8362571752039504,0.14173488436210388,0.2588028527449331,1.5785983631388942e-16,1.786765180256111e-16,0,0
1029,0.9493303811477768,0.8502569970911693,0.14409971648604317,0.26247752649258393,1.1275702593849246e-17,2.220446049250313e-16,0,0
1030,0.9655560240227652,0.8604040895492127,0.14558958249214976,0.26521585117503316,-3.0097452308197603e-16,-1.6653345369377348e-16,0,0
1031,0.9826794939758152,0.8700000360258888,0.14759459568335234,0.2676685865376695,2.949029909160572e-17,2.255140518769849e-17,0,0
1032,1.0,0.8799999999996841,0.15,0.2696762937163408,0.0294134207397652,8.500145032286355e-17,2,0
1033,0.3216486858328139,0.5861484146939041,0.07137250750757429,0.21979825447287749,-1.0321604682062001e-16,5.551115123125783e-17,0,0
1034,0.3406491606659937,0.5923284365941558,0.0742210964754566,0.21971415092981914,6.938893903907227e-17,1.0408340855860844e-16,0,0
1035,0.3596411266755991,0.5985010804044689,0.07700061697004568,0.21968414383121232,-5.204170427930421e-18,1.0755285551056204e-16,0,0
1036,0.3786306494671473,0.6046886487491743,0.07970439223713133,0.21970174841033446,7.806255641895632e-18,5.030698080332741e-17,0,0
1037,0.3026430266367966,0.5799638298627808,0.06844718328412402,0.21995975997575049,6.852157730108388e-17,1.3877787807814454e-16,0,0
1038,0.2836404392677269,0.5737826288693739,0.0654264777584721,0.2202286465408168,-7.806255641895632e-17,-1.1622647289044608e-16,0,0
1039,0.2646339403128249,0.5675974411554692,0.06228769714459259,0.22062394835925997,4.6837533851373785e-17,-8.326672684688674e-17,0,0
1040,0.2456225725587292,0.5614069625973026,0.05901455253008847,0.22113931496958367,-4.8572257327350605e-17,-3.122502256758253e-17,0,0
1041,0.226613534568918,0.5552200255790676,0.05559925488186268,0.22173467055106197,5.117434254131581e-17,1.6132928326584306e-16,0,0
1042,0.2076039501759575,0.5490339746187991,0.05203519036585791,0.2223415159834724,-6.0715321659188256e-18,-1.231653667943533e-16,0,0
1043,0.3976158829836558,0.6108799321713098,0.08231848997829105,0.2197623216854135,-1.214306433183765e-16,8.326672684688674e-17,0,0
1044,0.4166199934454443,0.6170624073050123,0.08483617940064661,0.21985899653625615,6.852157730108388e-17,1.994931997373328e-16,0,0
1045,0.4356258235620527,0.6232471927978211,0.08725660096149412,0.21998888984745815,-1.231653667943533e-16,1.0408340855860844e-17,0,0
1046,0.0,0.4600000000009417,0.0,0.22432026957876694,-0.0307627898681789,9.020562075079396e-17,1,0
1047,0.4546319491715681,0.6294317236910107,0.08959722907605425,0.22014693823615716,5.724587470723462e-17,0.0,0,0
1048,0.4736377808576258,0.6356178288349352,0.0918827237905154,0.22034243369184095,-3.122502256758253e-17,1.301042606982605e-16,0,0
1049,0.4926424083846506,0.6418084762726683,0.09413346539673727,0.22060636986357485,-3.4694469519536136e-17,5.551115123125783e-17,0,0
1050,0.5157960847111551,0.6675466227973508,0.09599041092216892,0.22533268036789894,1.3530843112619095e-16,6.375108774214766e-17,0,0
1051,0.5348040604959418,0.6737315091428331,0.09819529076301052,0.22596456479284488,-9.107298248878236e-17,4.6837533851373785e-17,0,0
1052,0.5538125011951928,0.679916264765761,0.10034825562016303,0.22674240081918212,-7.546047120499111e-17,-1.3183898417423734e-16,0,0
1053,0.5728169134555147,0.6861005902121716,0.10247062952277385,0.22761391307674222,1.5612511283791264e-17,1.249000902703301e-16,0,0
1054,0.5918226596643426,0.692289190132308,0.10460447292575949,0.2285108474805553,-3.469446951953614e-18,1.474514954580286e-16,0,0
1055,0.6108260416022554,0.6984772475893211,0.10679081361008501,0.2293827794227084,3.7296554733501346e-17,-1.786765180256111e-16,0,0
1056,0.6298338129705376,0.704664046057971,0.1090476311445315,0.23022826571078744,-5.898059818321144e-17,-1.1449174941446927e-16,0,0
1057,0.6488441878974478,0.7108496975445036,0.11135457078759708,0.23109589248578727,1.734723475976807e-18,9.887923813067799e-17,0,0
1058,0.8241107727247242,0.78608318084521,0.1302044890847167,0.24619760227333576,5.551115123125783e-17,-1.1275702593849246e-17,0,0
1059,0.9372625632608884,0.8398568400836623,0.14307797858732868,0.2597549559637521,-3.122502256758253e-17,2.914335439641036e-16,0,0
1060,0.1274334221577162,0.5047425501060429,0.03625973635059765,0.22170407090228103,-4.8572257327350605e-17,1.5612511283791264e-17,0,0
1061,0.1464328721720336,0.510914892449374,0.040729793426976135,0.22124349560264545,2.949029909160572e-17,-2.775557561562892e-17,0,0
1062,0.1654367978125669,0.5170992809617424,0.04494553312627625,0.22077803015476505,-3.469446951953614e-18,-6.071532165918825e-17,0,0
1063,0.1085212146245899,0.4986681938923948,0.031541915349759364,0.22222037792468155,6.938893903907228e-18,1.6132928326584306e-16,0,0
1064,0.0874319846532542,0.4938377905221218,0.025853725683127382,0.22305289071137768,-2.949029909160572e-17,7.45931094670027e-17,0,0
1065,0.1844484247106447,0.5232902519950113,0.04892827308433789,0.22025254845334796,-5.551115123125783e-17,-1.5612511283791264e-16,0,0
1066,0.068382456234365,0.4819179990069119,0.02081723138144309,0.2232551340566163,-6.852157730108388e-17,1.249000902703301e-16,0,0
1067,0.0505450399728448,0.4710952180076893,0.01572585975113594,0.22354910922128687,-1.908195823574488e-17,1.231653667943533e-16,0,0
1068,0.0340322237601898,0.4579500016126375,0.010799342919355026,0.22361525587609968,1.5395670849294166e-17,1.5612511283791264e-17,0,0
1069,0.2034570656381529,0.5294779097081694,0.05270516289235627,0.21964189451703003,4.4235448637408575e-17,1.786765180256111e-16,0,0
1070,0.0161495600227606,0.4496584989611059,0.005079750554936369,0.22376776785056854,1.5612511283791264e-17,7.806255641895632e-17,0,0
1071,0.5116489851709163,0.6479934062700932,0.09635945326027341,0.22098244439602419,2.0816681711721685e-17,1.734723475976807e-18,0,0
1072,0.6678548089036342,0.7170355511284675,0.11366077273972947,0.23205405334194823,5.551115123125783e-17,1.1275702593849246e-17,0,0
1073,0.6868659517571258,0.7232215617467075,0.11590897395759636,0.23314469254503695,-5.2041704279304207e-17,-1.3704315460216776e-16,0,0
1074,0.7058775434454216,0.7294076997971323,0.11806179409411535,0.23435071970404242,7.45931094670027e-17,-5.204170427930421e-18,0,0
1075,0.7248898263338089,0.7355941212004952,0.1201164207298375,0.23559837322477556,2.5153490401663706e-17,7.45931094670027e-17,0,0
1076,0.743902643955853,0.7417809950473622,0.12209997482595031,0.23679712898994904,-6.765421556309548e-17,8.500145032286355e-17,0,0
1077,0.7629160927458514,0.7479675663156982,0.1240519819115709,0.23789494681304474,-1.0668549377257364e-16,9.367506770274757e-17,0,0
1078,0.7819300903265474,0.7541540243280321,0.12600799886111824,0.23891548811021718,4.6837533851373785e-17,5.551115123125783e-17,0,0
1079,0.8009466327178605,0.7603332409452955,0.1279961632268973,0.23994871400015838,1.1275702593849246e-17,7.28583859910259e-17,0,0
1080,0.8199615448734022,0.766520951625382,0.1300418800411726,0.24110877611397047,-4.8572257327350605e-17,6.938893903907227e-17,0,0
1081,0.8431270365717026,0.7922714055755664,0.132414268990654,0.24765225137086125,3.469446951953614e-18,4.3368086899420185e-18,0,0
1082,0.8621436574615364,0.7984590441531751,0.1347365995824879,0.24921142704078167,8.673617379884035e-19,1.3183898417423734e-16,0,0
1083,0.8811602895402803,0.8046465797242425,0.13710715384580732,0.2507891828015996,-1.0842021724855043e-16,-2.3418766925686896e-16,0,0
1084,0.900177174100362,0.8108342880653443,0.13937991682813344,0.2523369438152818,1.5092094240998222e-16,-9.540979117872439e-17,0,0
1085,0.9191942350423896,0.8170219174084089,0.14139218931831607,0.25388063318742227,-1.908195823574488e-17,-3.6082248300317592e-16,0,0
1086,0.9357485913682624,0.8235944321051887,0.14289842281377868,0.2555868730421965,-2.255140518769849e-17,-1.3357370765021415e-16,0,0
1087,0.9506329972560504,0.8320985700064011,0.14416035174925393,0.25786451444160535,1.873501354054952e-16,1.006139616066548e-16,0,0
1088,0.965778742893158,0.8407393096324844,0.14554825965683582,0.2602065847900833,8.673617379884035e-18,6.245004513516506e-17,0,0
1089,0.9827123339264616,0.8500674291397476,0.14750987688975897,0.2625821945822437,-3.816391647148976e-17,-1.2663481374630692e-16,0,0
1090,1.0,0.8599999999996314,0.15,0.26455992277487295,0.0294105312019374,-7.45931094670027e-17,2,0
1091,0.3175029992312272,0.5665979232241509,0.07216932672580878,0.21629895959789325,1.3097162243624894e-16,1.0408340855860844e-17,0,0
1092,0.3365078535235924,0.5727820666353205,0.07496500170394538,0.2160798130572767,-1.7347234759768068e-17,-1.786765180256111e-16,0,0
1093,0.3555110428624504,0.5789652046449586,0.0776693873880232,0.21593096698984404,0.0,-1.231653667943533e-16,0,0
1094,0.3744958875780239,0.5851307269130442,0.08029456545164304,0.21583350794468453,-3.209238430557093e-17,1.908195823574488e-17,0,0
1095,0.3934778015159318,0.5913245117526988,0.08284474571522227,0.21579247933773885,1.1882855810441126e-16,7.28583859910259e-17,0,0
1096,0.2985155178974904,0.5604148744481133,0.06926693125097794,0.21661365653848705,-8.326672684688674e-17,-8.326672684688674e-17,0,0
1097,0.2795170769974178,0.5542403057784844,0.0662354156233127,0.21705037277371309,-3.209238430557093e-17,1.3704315460216776e-16,0,0
1098,0.2605046327785069,0.5480484852011787,0.06306672517080347,0.21760816832535795,1.734723475976807e-18,-7.45931094670027e-17,0,0
1099,0.2414755253511439,0.5418492181483393,0.05975638003779982,0.21826298590980037,3.7296554733501346e-17,-7.806255641895632e-17,0,0
1100,0.2224659583705796,0.5356641232350368,0.0563069912349945,0.21896219066002237,6.938893903907228e-18,-1.7347234759768068e-17,0,0
1101,0.4124717747042902,0.5975156474516605,0.08532242982524135,0.21580321795320984,6.071532165918825e-17,-1.9081958235744878e-16,0,0
1102,0.4314775573022257,0.6037003040586321,0.08772514984258029,0.21586527816371356,-3.122502256758253e-17,-1.0581813203458523e-16,0,0
1103,0.4504835162602462,0.6098850090853725,0.09005397814731736,0.2159762677279468,-8.153200337090992e-17,-6.418476861114186e-17,0,0
1104,0.0,0.4400000000008816,0.0,0.2236043056125314,-0.0309172698254011,-7.28583859910259e-17,1,0
1105,0.4694895357831493,0.616070139006795,0.09231988927771859,0.21613397759464398,4.6837533851373785e-17,8.326672684688674e-17,0,0
1106,0.4884953690483109,0.6222559155296565,0.09453911156741382,0.21635080754920985,6.938893903907227e-17,3.816391647148976e-17,0,0
1107,0.5075018458477573,0.6284408402644139,0.09672872321929159,0.21665901432895457,-5.551115123125783e-17,-7.45931094670027e-17,0,0
1108,0.5306560188695938,0.6541780877420731,0.09855934647402834,0.22151363073627,-6.245004513516506e-17,1.951563910473908e-17,0,0
1109,0.5496635800991954,0.6603621337229171,0.10073142793954414,0.22221087307092643,9.714451465470121e-17,1.7347234759768068e-17,0,0
1110,0.5686690216939868,0.6665466481276852,0.10288213757070698,0.22304027099747206,-8.586881206085195e-17,-1.231653667943533e-16,0,0
1111,0.5876741963788074,0.6727339476201795,0.1050293033347652,0.22393247185921694,9.714451465470121e-17,-1.52655665885959e-16,0,0
1112,0.6066778482067238,0.6789220181048121,0.10719384873176133,0.22481483736524865,9.887923813067799e-17,4.8572257327350605e-17,0,0
1113,0.6256861168437444,0.6851081854098654,0.10938781682605592,0.22565162981963274,-6.938893903907227e-17,-1.3877787807814457e-17,0,0
1114,0.6446959005959956,0.6912936831477505,0.11160191807086439,0.2264673238021633,-3.469446951953614e-18,-1.9428902930940242e-16,0,0
1115,0.6637062664857509,0.6974789998454218,0.11380789856358664,0.22733231831261647,3.122502256758253e-17,-7.979727989493313e-17,0,0
1116,0.838977273901337,0.7727091628841023,0.13217154466435946,0.24245843971281478,-3.4694469519536136e-17,-8.239936510889834e-17,0,0
1117,0.1232965906203719,0.4851925328197998,0.036601485459437644,0.21996029427111102,-1.9949319973733282e-17,-1.9775847626135598e-16,0,0
1118,0.1422947728811932,0.4913609110288597,0.04124644044900183,0.21919099319389862,5.984795992119983e-17,-1.0928757898653883e-16,0,0
1119,0.1612999002510533,0.4975473514936871,0.045620547358590446,0.21845268614142616,-5.551115123125783e-17,-8.673617379884034e-17,0,0
1120,0.180302300662576,0.5037358593254521,0.049729815959097756,0.21771424989711455,2.0816681711721685e-17,1.0928757898653883e-16,0,0
1121,0.104247653107413,0.4789673082894951,0.031667467068907884,0.2207768767169401,6.938893903907227e-17,-1.1102230246251563e-16,0,0
1122,0.1993103868732188,0.5099226703326881,0.05359445489510328,0.21695108550935338,-2.3418766925686896e-17,-9.540979117872439e-17,0,0
1123,0.0852343550394216,0.4727796787473049,0.02644451090585287,0.2216301431981706,2.4286128663675302e-17,-1.1449174941446927e-16,0,0
1124,0.0663120743764252,0.4634687580723172,0.021097015044998724,0.2222973942999638,1.7347234759768068e-17,9.367506770274757e-17,0,0
1125,0.0496570672858958,0.4551747502388809,0.01607033872546415,0.22282419845786045,-1.8214596497756478e-17,1.1102230246251563e-16,0,0
1126,0.0287554489035115,0.4400961875692074,0.009500855120900376,0.22309926722567475,6.071532165918825e-17,9.540979117872439e-17,0,0
1127,0.2183184992960032,0.5161088916188684,0.057243090613280145,0.2161604547514609,3.816391647148976e-17,-1.43982048506075e-16,0,0
1128,0.0173205080757259,0.4300000000008601,0.0057615373486819,0.22307289567029806,-6.765421556309548e-17,-1.8041124150158796e-16,0,0
1129,0.5265082656430332,0.6346254979484978,0.09890258750372434,0.2171017574265262,8.326672684688674e-17,1.431146867680866e-17,0,0
1130,0.6827172979909774,0.7036643708661068,0.11597068959239376,0.22831966566162226,8.153200337090992e-17,4.8572257327350605e-17,0,0
1131,0.70172755547971,0.7098503508275322,0.11806524774064305,0.2294558446930654,-7.546047120499111e-17,3.122502256758253e-17,0,0
1132,0.7207390589720337,0.7160374693040814,0.12008888433735238,0.2306965876373248,-3.5561831257524545e-17,-3.9898639947466563e-17,0,0
1133,0.7397530551707173,0.7222233225489723,0.12206024089478847,0.2319460234394432,3.9898639947466563e-17,-6.591949208711867e-17,0,0
1134,0.7587668426224738,0.7284083719450184,0.12400773084550085,0.2331132548682724,-8.066464163292153e-17,-1.4051260155412135e-16,0,0
1135,0.7777803717450819,0.7345940805880222,0.12595764133574172,0.2341698361015233,2.255140518769849e-16,3.642919299551295e-17,0,0
1136,0.7967965212587101,0.7407740799321885,0.12792935683195475,0.23517138680421712,-2.4286128663675302e-17,-1.8388068845354155e-16,0,0
1137,0.8158118839228179,0.7469605548037537,0.12993782342151924,0.23623602773769847,-1.4484941024406342e-16,-8.673617379884034e-17,0,0
1138,0.8348279368266607,0.7531462216383283,0.13199932927243446,0.2374688756792358,1.734723475976807e-16,1.700029006457271e-16,0,0
1139,0.857993712499591,0.7788959499601835,0.13439324253863236,0.2439801209453874,-8.673617379884034e-17,4.2934406030425976e-17,0,0
1140,0.8770104335423952,0.7850837610707307,0.13666509833648566,0.24559117334565916,3.469446951953614e-18,1.0581813203458523e-16,0,0
1141,0.8960272951943975,0.7912713329923406,0.1388789174730448,0.2472017748127322,-3.9898639947466563e-17,-5.204170427930421e-18,0,0
1142,0.9150444297793912,0.7974588479606113,0.14089749606990046,0.2487800610416314,1.6653345369377348e-16,1.9081958235744878e-16,0,0
1143,0.9336566617248327,0.8036788091305764,0.14262314458887507,0.25037711664683915,-1.873501354054952e-16,-1.474514954580286e-16,0,0
1144,0.9500431220994036,0.8123342241154095,0.1440377117544856,0.2526778182871078,7.28583859910259e-17,-2.6020852139652106e-17,0,0
1145,0.966309714969494,0.820900973769029,0.14554502326061755,0.25499805003233644,-1.6393136847980827e-16,-4.510281037539698e-17,0,0
1146,0.9827621579464588,0.8301471100916651,0.1474585850542239,0.25737663201686656,8.500145032286355e-17,6.591949208711867e-17,0,0
1147,1.0,0.8399999999995788,0.15,0.2593964285045768,0.0294029483855848,3.2959746043559335e-17,2,0
1148,0.3323657822622717,0.55323473382102,0.07589946767384315,0.21248404100908902,5.377642775528102e-17,1.8561541192951838e-16,0,0
1149,0.31338140275205,0.5470476962718525,0.07313916025829759,0.2128503756723382,-8.586881206085195e-17,-1.8041124150158796e-16,0,0
1150,0.3513663931566611,0.559415319390661,0.07854213488212314,0.212194451673367,5.2909066017292616e-17,5.551115123125783e-17,0,0
1151,0.3703668539099725,0.5655979512966067,0.08108448797168655,0.2119669440556107,-1.2663481374630692e-16,-1.0408340855860844e-16,0,0
1152,0.3893516319341527,0.5717702081003556,0.08354705009354713,0.2117966282657078,6.938893903907227e-17,-3.2959746043559335e-17,0,0
1153,0.4083379430239275,0.5779580857211308,0.08594682575703871,0.21169671527229342,-2.6020852139652106e-18,6.591949208711867e-17,0,0
1154,0.2944035715642443,0.5408658777808418,0.07024525738556564,0.21331906253589594,6.852157730108388e-17,-5.377642775528102e-17,0,0
1155,0.2754164569026066,0.5346961485942923,0.06721039675735341,0.2139050679115796,-1.1535911115245767e-16,-7.112366251504909e-17,0,0
1156,0.2563492058061937,0.5284855536139887,0.06402666644229171,0.21459697073381698,7.979727989493313e-17,1.1275702593849246e-16,0,0
1157,0.2373320374714019,0.5222947786073903,0.06071151683738263,0.21536252444371018,1.1275702593849246e-17,7.45931094670027e-17,0,0
1158,0.4273328818106854,0.5841486748163871,0.08829327746531812,0.21167440917808952,-6.418476861114186e-17,1.43982048506075e-16,0,0
1159,0.4463360012887717,0.5903344605453236,0.0905871437476663,0.21172981762276613,5.377642775528102e-17,2.949029909160572e-17,0,0
1160,0.044114171038956,0.4413988416672508,0.014780491228682857,0.2225361792547334,4.163336342344337e-17,-1.4224732503009818e-16,0,0
1161,0.4653415223114996,0.5965187299070503,0.09282602804956724,0.21185679127320653,-1.908195823574488e-17,-1.717376241217039e-16,0,0
1162,0.0,0.4200000000008387,0.0,0.22304924880113589,-0.0311180299031332,3.2959746043559335e-17,1,0
1163,0.4843460351772072,0.6027030438095247,0.0950123201550297,0.21205059241054644,-4.8572257327350605e-17,-1.1622647289044608e-16,0,0
1164,0.5033530004261795,0.6088885657336739,0.09715755351297922,0.21232188834485566,4.597017211338539e-17,7.979727989493313e-17,0,0
1165,0.5223613737175565,0.6150738445408712,0.09928105520098518,0.21270045815470115,-4.4235448637408575e-17,5.030698080332741e-17,0,0
1166,0.5455143143222706,0.640809916560145,0.10107087565747912,0.21770818118228177,1.5612511283791264e-17,2.862293735361732e-17,0,0
1167,0.5645201372853582,0.6469933835815894,0.10324081197596889,0.21846873003794415,-6.938893903907227e-17,7.806255641895632e-17,0,0
1168,0.5835264978605184,0.6531795437139425,0.10541647054629827,0.21932954392383908,-1.908195823574488e-17,1.006139616066548e-16,0,0
1169,0.6025322373917583,0.659365695430158,0.10759689653944404,0.22021085287964906,-7.892991815694471e-17,1.1449174941446927e-16,0,0
1170,0.6215387405147108,0.6655527973813422,0.10977344032929595,0.22105025093119998,-5.204170427930421e-18,1.9081958235744878e-16,0,0
1171,0.640547722029794,0.6717382015017543,0.1119292937466185,0.22183876765777083,-9.54097911787244e-18,1.1969591984239971e-16,0,0
1172,0.6595575627794577,0.6779232687804472,0.11404299263238699,0.22263188748689033,-2.3418766925686896e-17,8.153200337090992e-17,0,0
1173,0.6785684547732315,0.6841077090148118,0.11609803588441944,0.22351792320828218,-6.418476861114186e-17,-1.3877787807814457e-17,0,0
1174,0.8538440456527604,0.7593338275156309,0.1341217198724304,0.2389064371364451,-4.336808689942018e-17,9.107298248878237e-18,0,0
1175,0.1191395384156873,0.4656133071457115,0.03699368982296258,0.21871842946871875,3.0357660829594124e-17,1.700029006457271e-16,0,0
1176,0.1381418912537605,0.4718060328988718,0.041817389520364845,0.2176129959548813,-2.4286128663675302e-17,6.245004513516506e-17,0,0
1177,0.157152960218723,0.4779946122205077,0.04637258009005407,0.21651975564321002,-4.3368086899420185e-18,1.6479873021779667e-16,0,0
1178,0.1761598218266357,0.4841817011511405,0.050650038374189243,0.21545474986151059,-2.6020852139652106e-17,-1.006139616066548e-16,0,0
1179,0.1951662058859963,0.4903681788304218,0.054646612590081745,0.21442644103681083,7.806255641895632e-18,-6.765421556309548e-17,0,0
1180,0.1001058045547941,0.4594141724872203,0.03187559142797447,0.21981581832613464,-1.3877787807814457e-17,1.6132928326584306e-16,0,0
1181,0.2141835123228435,0.4965536832902262,0.058379183124841916,0.2134385207456377,-3.4694469519536136e-17,4.336808689942018e-17,0,0
1182,0.0810873934512805,0.4532211310011378,0.02643439825828109,0.22086450512048722,-1.214306433183765e-17,-3.122502256758253e-17,0,0
1183,0.062073344460481,0.4470323766454465,0.020621405044175756,0.22180675919513848,2.6020852139652106e-17,-2.0469737016526324e-16,0,0
1184,0.0360843343610106,0.4223089036105673,0.012720718976655387,0.22219508883337236,4.77048955893622e-17,-1.6826817716975031e-16,0,0
1185,0.2332116984299824,0.5027428855444968,0.06188188617966084,0.21249716557740597,-2.775557561562892e-17,8.847089727481715e-17,0,0
1186,0.0175648182895805,0.4104256009755041,0.0062279037703967255,0.2224832694233687,5.117434254131581e-17,1.734723475976807e-18,0,0
1187,0.5413669569715189,0.6212580489089887,0.10140568276333192,0.21322115873573066,-1.0581813203458523e-16,1.292368989602721e-16,0,0
1188,0.6975792430868969,0.6902927735659448,0.11809128110030172,0.2245641298407326,-4.163336342344337e-17,8.890457814381135e-17,0,0
1189,0.7165870184675184,0.6964805301119954,0.12003653922857041,0.22576971912730703,5.724587470723462e-17,-2.4286128663675302e-17,0,0
1190,0.7355994980679346,0.7026675868413418,0.12196101955493173,0.2270566480244255,3.382710778154774e-17,1.5612511283791264e-17,0,0
1191,0.754615480566144,0.7088522118972713,0.12389171819917362,0.2283125946493062,-1.4051260155412135e-16,1.0234868508263162e-16,0,0
1192,0.773630347142612,0.7150351712768876,0.12584539512469622,0.22945813781188074,5.898059818321144e-17,-5.551115123125783e-17,0,0
1193,0.7926430621053258,0.7212185694864821,0.1278262032165251,0.23049871668031652,8.500145032286355e-17,1.89084858881472e-16,0,0
1194,0.8116604839143701,0.7274037485638392,0.12983218669583357,0.23152656082905287,-9.107298248878236e-17,5.204170427930421e-18,0,0
1195,0.8306767590746548,0.7335873256619297,0.13186149871272412,0.23266817143017038,-2.949029909160572e-17,-1.0928757898653883e-16,0,0
1196,0.8496938396475804,0.7397728434089008,0.1339147334988456,0.23401012652048436,2.4286128663675302e-17,-7.28583859910259e-17,0,0
1197,0.872860545594726,0.7655210071152887,0.13628288160943347,0.24049383118541356,1.214306433183765e-17,-3.642919299551295e-17,0,0
1198,0.8918773266745113,0.7717085061223168,0.13841250265869687,0.2421267725160574,5.377642775528102e-17,5.030698080332741e-17,0,0
1199,0.9108830767172672,0.7778968093973516,0.14040773862251044,0.24372455680016808,5.551115123125783e-17,-1.1275702593849246e-16,0,0
1200,0.9298441315145488,0.7840887554822729,0.14220246235783168,0.24528560701120905,2.4286128663675302e-17,3.642919299551295e-17,0,0
1201,0.94834746609236,0.7914411192216215,0.14383573290773577,0.24717245958012574,0.0,1.3877787807814457e-17,0,0
1202,0.96586945776398,0.800426505175249,0.1454835700509369,0.24954944647055793,-1.0755285551056204e-16,4.336808689942018e-17,0,0
1203,0.9827228803284096,0.8100754326825386,0.14744066721379012,0.252045845780117,2.203098814490545e-16,-9.887923813067799e-17,0,0
1204,1.0,0.8199999999995261,0.15,0.2541868757552139,0.0293936741952788,-8.500145032286355e-17,2,0
1205,0.3472315991432654,0.5398670613064445,0.07962918100892002,0.20853199851044582,1.214306433183765e-17,5.898059818321144e-17,0,0
1206,0.3282525731573496,0.5336808737388197,0.07702444122336383,0.20896523688334612,-1.1015494072452724e-16,-1.457167719820518e-16,0,0
1207,0.3092717831949501,0.5275034948931748,0.07427640602139451,0.20948064333389635,7.979727989493313e-17,2.1857515797307772e-16,0,0
1208,0.3662218923877427,0.5460492529816379,0.08210724500080335,0.20816127195966455,7.63278329429795e-17,2.0816681711721685e-17,0,0
1209,0.385221565323316,0.552230953860034,0.08448497516444453,0.20785049807376046,-1.1102230246251563e-16,-3.816391647148976e-17,0,0
1210,0.4042085689162567,0.5584048396337746,0.08679186222320534,0.20761296137445645,3.9898639947466563e-17,1.1449174941446927e-16,0,0
1211,0.4231963044537855,0.5645927368279109,0.08905383980104231,0.2074735201585597,-1.3877787807814457e-17,3.9898639947466563e-17,0,0
1212,0.2902997594423332,0.5213372705264039,0.07138813245352171,0.2100937323702278,-4.9439619065338996e-17,0.0,0,0
1213,0.271254077141797,0.5151391156803253,0.06835562728719058,0.21080966211831234,6.418476861114186e-17,1.1796119636642288e-16,0,0
1214,0.2521979919494032,0.5089293900554219,0.06518844016970071,0.21161745701620088,-3.7296554733501346e-17,2.6020852139652106e-17,0,0
1215,0.4421893940100687,0.5707838414242068,0.09128345838002039,0.20744381088541858,1.8214596497756478e-17,5.724587470723462e-17,0,0
1216,0.4611937548380324,0.5769680377010564,0.09347849241640416,0.20751882601202937,4.510281037539698e-17,7.28583859910259e-17,0,0
1217,0.0574949826885898,0.4276529942629444,0.020213483924422793,0.22128921657146808,-2.688821387764051e-17,1.006139616066548e-16,0,0
1218,0.4801971639625702,0.5831521719538539,0.09562663325690068,0.20768641159241227,-5.030698080332741e-17,6.245004513516506e-17,0,0
1219,0.0,0.4000000000007742,0.0,0.2226417748640392,-0.0312030499121471,2.6020852139652106e-17,1,0
1220,0.4992046967442916,0.5893380618958891,0.09772422780212592,0.20793545498405894,1.1275702593849246e-17,-1.7347234759768068e-17,0,0
1221,0.5182163577096701,0.5955238092898816,0.09978255619693299,0.20827282838112132,6.0715321659188256e-18,-1.0234868508263162e-16,0,0
1222,0.5372202151057295,0.6017067286522931,0.10182775852213574,0.2087240913262731,-6.938893903907228e-18,-1.52655665885959e-16,0,0
1223,0.5603724010356121,0.6274420366606016,0.10355139497340586,0.2138970194117098,1.5612511283791264e-17,6.678685382510706e-17,0,0
1224,0.5793780517578895,0.6336267943104534,0.10572572428905647,0.21469868192993957,5.637851296924623e-17,-5.377642775528102e-17,0,0
1225,0.5983848472990851,0.6398118044737149,0.10791855825330329,0.2155571873861744,1.7347234759768068e-17,-1.0234868508263162e-16,0,0
1226,0.6173913943100389,0.6459981392940749,0.11010210808231082,0.2163966576310239,-2.3418766925686896e-17,-1.5439038936193583e-16,0,0
1227,0.6363996450719812,0.6521834078875269,0.11223982164403438,0.21717743600038042,8.239936510889834e-17,-6.591949208711867e-17,0,0
1228,0.6554086162357853,0.6583681084020602,0.11429883846796166,0.217926957943254,3.816391647148976e-17,-2.255140518769849e-17,0,0
1229,0.674418416556189,0.6645529107708847,0.11626460286058504,0.21872977319187348,-4.77048955893622e-17,1.3877787807814457e-17,0,0
1230,0.6934300505204141,0.6707363387298786,0.11814896620061065,0.21967944345015455,3.5561831257524545e-17,-1.734723475976807e-18,0,0
1231,0.8687106334263774,0.7459585606245203,0.13598125505085912,0.2355440923083587,6.938893903907228e-18,-4.9873299934333204e-17,0,0
1232,0.1149852195799423,0.4460633444415708,0.037491911592193894,0.21782506221593712,-3.382710778154774e-17,-2.4286128663675302e-17,0,0
1233,0.1339978973242074,0.4522573120980663,0.04247642271396668,0.21643855351028266,1.8214596497756478e-17,2.0296264668928643e-16,0,0
1234,0.1530051110825724,0.4584459194844551,0.04719129811255929,0.2149979209989529,-1.5612511283791264e-17,-3.469446951953614e-18,0,0
1235,0.1720121286163279,0.4646290766035568,0.05163551138753508,0.2135605910556964,2.168404344971009e-17,6.765421556309548e-17,0,0
1236,0.1910221671566101,0.4708151356784219,0.055786708641289984,0.21218487929236574,-4.8572257327350605e-17,1.3530843112619095e-16,0,0
1237,0.2100461407425991,0.4770022009129993,0.05963669247859826,0.21091025068987493,-1.0408340855860844e-17,1.3877787807814454e-16,0,0
1238,0.0959699131576203,0.4398669544260051,0.032197828498824244,0.21911215667105632,-3.469446951953614e-18,-1.249000902703301e-16,0,0
1239,0.2290997351128558,0.4831867401197233,0.06320827854185929,0.20975016742576308,1.5612511283791264e-17,-2.4286128663675302e-17,0,0
1240,0.0769512508937457,0.4336684058661495,0.026516512059164832,0.22026696419933975,-4.6837533851373785e-17,8.500145032286355e-17,0,0
1241,0.0538878564938205,0.4079458110063766,0.020168138596370788,0.22071908228252746,-4.336808689942018e-17,1.4224732503009818e-16,0,0
1242,0.0350515232976355,0.399886153547147,0.013297148171834916,0.22151332567018767,-3.7296554733501346e-17,1.491862189340054e-16,0,0
1243,0.2481157884509995,0.4893928408667221,0.06653121303220644,0.20871185908869788,-1.0408340855860844e-17,-8.673617379884035e-18,0,0
1244,0.0169325440031115,0.3903585486928374,0.006421604851233109,0.2220838995503632,3.0357660829594124e-17,4.510281037539698e-17,0,0
1245,0.5562252547095237,0.6078906812689551,0.10389492505552478,0.2093138367424923,4.336808689942018e-17,-1.6219664500383146e-16,0,0
1246,0.7124368012668798,0.6769236791774282,0.11998668886707134,0.22082109801581562,1.0928757898653883e-16,-7.806255641895632e-17,0,0
1247,0.7314480645538992,0.6831125168325306,0.12182557669776682,0.22211265307988937,-2.0296264668928643e-16,-1.734723475976807e-18,0,0
1248,0.7504632664311354,0.6892961400312309,0.12370569563583786,0.22344270890422413,6.331740687315346e-17,7.28583859910259e-17,0,0
1249,0.7694796881273867,0.6954779856300062,0.12564576322410698,0.22469568749076196,1.994931997373328e-16,3.9898639947466563e-17,0,0
1250,0.7884956858764876,0.7016620692735279,0.12763998898171383,0.2258206665184186,-2.0296264668928643e-16,-1.7520707107365752e-16,0,0
1251,0.8075089173021484,0.707846591141313,0.12966632659893573,0.22686545770101785,-1.8214596497756478e-17,5.551115123125783e-17,0,0
1252,0.82652507360558,0.714031566496452,0.13170170465231773,0.227952600246643,8.239936510889834e-17,1.5612511283791264e-17,0,0
1253,0.8455416559371662,0.7202175979761236,0.13372991703340084,0.22920531760784013,4.6837533851373785e-17,6.765421556309548e-17,0,0
1254,0.8645582707070242,0.7263996704388772,0.13574044804201296,0.23066869639834198,-1.1275702593849246e-16,4.163336342344337e-17,0,0
1255,0.8877273476423613,0.7521457463372874,0.13802330684177055,0.23717672720284233,3.4694469519536136e-17,-1.205632815803881e-16,0,0
1256,0.9067442131718002,0.7583330895132833,0.13997823814567134,0.23879417789497148,2.6020852139652106e-18,-7.45931094670027e-17,0,0
1257,0.9257290466539017,0.7646333834845138,0.14179580918375367,0.24037133381329556,1.3010426069826053e-17,1.457167719820518e-16,0,0
1258,0.9453812037290754,0.7715009023467765,0.14357869948328644,0.24206257500750894,-8.673617379884035e-18,6.938893903907228e-18,0,0
1259,0.964508883461116,0.7801129579306842,0.1453995452448417,0.2442541531037502,-2.949029909160572e-17,-3.469446951953614e-18,0,0
1260,0.9826794919242662,0.7899999999994541,0.1474845127516147,0.24679049870511788,8.933825901280557e-17,-2.4286128663675302e-17,0,0
1261,1.0,0.7999999999994734,0.15,0.24905951483449734,0.0293825923999689,6.591949208711867e-17,2,0
1262,0.3620835169475397,0.5264994555259896,0.08333697201755452,0.20444124857317889,9.714451465470121e-17,4.510281037539698e-17,0,0
1263,0.3431127848967933,0.5203126877845595,0.08089403802504602,0.2049507075218145,-4.510281037539698e-17,-3.4694469519536136e-17,0,0
1264,0.3241307230742146,0.5141374702707386,0.07829801276244819,0.2055292198321771,9.540979117872439e-17,2.775557561562892e-17,0,0
1265,0.3051545724300852,0.5079703323650888,0.07555539442978976,0.20618756880210853,-1.0408340855860844e-16,-1.9255430583342559e-16,0,0
1266,0.381076046727779,0.5326845848867667,0.0856521770743095,0.20398988747449762,-3.122502256758253e-17,6.245004513516506e-17,0,0
1267,0.4000756703846277,0.538865175081111,0.08787511819917793,0.20360911081311947,-1.214306433183765e-17,-1.6826817716975031e-16,0,0
1268,0.41906383256847,0.5450393406969847,0.09004561053738058,0.20332679746600837,-9.020562075079396e-17,-1.4051260155412135e-16,0,0
1269,0.4380531922691464,0.5512299240976506,0.0921931119579038,0.2031745916303041,6.418476861114186e-17,4.336808689942018e-17,0,0
1270,0.286148937349574,0.5017900023696344,0.07267675589929734,0.20693579339310222,1.0581813203458523e-16,3.816391647148976e-17,0,0
1271,0.2671073997685077,0.4955943679688046,0.06966845621738926,0.20777875992753264,-3.382710778154774e-17,-5.2041704279304207e-17,0,0
1272,0.4570468014096947,0.557418280849444,0.09432577104197382,0.2031596910619273,2.688821387764051e-17,-2.775557561562892e-17,0,0
1273,0.4760504067417126,0.5636019354304915,0.09642970815030338,0.203270312542144,-8.673617379884035e-19,6.938893903907227e-17,0,0
1274,0.0728354614639834,0.414134222126641,0.02667719418325909,0.21966959829752525,6.938893903907228e-18,4.336808689942018e-17,0,0
1275,0.4950542436503942,0.5697873439073052,0.09848229266785924,0.2034856964773154,-8.673617379884035e-19,-5.724587470723462e-17,0,0
1276,0.0,0.3800000000007314,0.0,0.22253687396333527,-0.031354271134751,-5.724587470723462e-17,1,0
1277,0.5140613795397282,0.5759734366810957,0.10047633145540924,0.20378991741168528,-3.469446951953614e-18,3.9898639947466563e-17,0,0
1278,0.5330711060001495,0.5821571683191666,0.10242944399605869,0.2041879114806592,-4.510281037539698e-17,1.301042606982605e-16,0,0
1279,0.552078190746913,0.5883384731468089,0.10438067606807644,0.20470074296795904,3.9898639947466563e-17,-1.7347234759768068e-17,0,0
1280,0.5752309045859183,0.6140748761095226,0.1060083606812591,0.21003774481388932,-3.469446951953614e-18,7.806255641895632e-17,0,0
1281,0.5942370739388064,0.6202595467924117,0.10816724720552927,0.21084971710173223,6.678685382510706e-17,1.8561541192951838e-16,0,0
1282,0.6132439593876879,0.62644432504495,0.11034026267092151,0.21167666839240828,-6.158268339717665e-17,-1.1275702593849246e-16,0,0
1283,0.6322516335269948,0.6326292057068523,0.11247449474343779,0.21245900424274367,6.591949208711867e-17,5.030698080332741e-17,0,0
1284,0.6512599844238054,0.6388140220296702,0.11451639218928826,0.21319204653018742,-1.5612511283791264e-17,-6.938893903907227e-17,0,0
1285,0.670269361146377,0.6449989316359775,0.11643568323068065,0.2139393238695777,-7.979727989493313e-17,7.806255641895632e-17,0,0
1286,0.6892789580001728,0.6511835862313037,0.11824070130776018,0.21480235176001727,-1.0408340855860844e-17,1.214306433183765e-17,0,0
1287,0.7082897554303216,0.6573694619554743,0.11997786030865065,0.2158607695110739,3.122502256758253e-17,1.3530843112619095e-16,0,0
1288,0.8835767549293259,0.7325840550213859,0.1377168413068547,0.23228496117067188,3.642919299551295e-17,2.0816681711721685e-17,0,0
1289,0.1108456913189854,0.4265108271313616,0.03815716078715248,0.21703627435567052,1.9949319973733282e-17,4.510281037539698e-17,0,0
1290,0.1298521234983022,0.4327056113850246,0.043286425580173926,0.21546031468993862,-4.6837533851373785e-17,-2.445960101127298e-16,0,0
1291,0.1488586660655851,0.4388917990659014,0.04812652784648286,0.21374617610797306,7.28583859910259e-17,-6.591949208711867e-17,0,0
1292,0.1678658623219557,0.4450772264561076,0.0526995513091677,0.2119706345183838,1.214306433183765e-17,-1.3357370765021415e-16,0,0
1293,0.1868723114486849,0.4512625938256739,0.05698400900752709,0.21023379255878044,-6.0715321659188256e-18,-1.3357370765021415e-16,0,0
1294,0.2058774777492271,0.4574474628679755,0.06095112201853148,0.20862418115701895,4.6837533851373785e-17,-1.8388068845354155e-16,0,0
1295,0.2249271375086928,0.4636467294614852,0.0646064375160531,0.20718689426385703,-2.5153490401663706e-17,-1.52655665885959e-16,0,0
1296,0.0918360928230327,0.4203185471990349,0.03265621919929984,0.21844060856839986,-1.3877787807814457e-17,-7.979727989493313e-17,0,0
1297,0.2439898671714661,0.4698577012814709,0.06797739570407124,0.20592829821641653,6.505213034913027e-17,-7.45931094670027e-17,0,0
1298,0.0500843969569574,0.3883245255768,0.019979430897992145,0.22031988230222993,-1.908195823574488e-17,-1.6826817716975031e-16,0,0
1299,0.0686872077158763,0.3945942748766582,0.026825155167339076,0.21912546662729035,1.1275702593849246e-17,4.510281037539698e-17,0,0
1300,0.0327520758397738,0.3798994023152116,0.013252905586366381,0.22126453016985215,6.0715321659188256e-18,5.2041704279304207e-17,0,0
1301,0.2630064581795132,0.4760485565001975,0.07111799871837654,0.2048219577646573,-6.071532165918825e-17,-5.377642775528102e-17,0,0
1302,0.0164797993079569,0.3705651211486116,0.006678870272449622,0.22209017795161773,-1.7347234759768068e-17,-1.1622647289044608e-16,0,0
1303,0.5710839870985196,0.5945219542239879,0.10637359394971496,0.2053416907237079,-4.510281037539698e-17,-4.2067044292437566e-17,0,0
1304,0.7272995045246449,0.6635586261636504,0.12171394057067181,0.21711749736129882,1.0408340855860844e-17,6.765421556309548e-17,0,0
1305,0.7463102506969032,0.6697433936889821,0.12351100569112815,0.2184838636026618,1.3704315460216776e-16,-2.480654570646834e-16,0,0
1306,0.765326616574546,0.6759231452972532,0.12540331746552458,0.21982771174431326,-2.1857515797307772e-16,-7.28583859910259e-17,0,0
1307,0.7843463949278342,0.6821023812156791,0.12738745259723805,0.22104946604754927,1.734723475976807e-16,1.960237527853792e-16,0,0
1308,0.8033604593238104,0.6882887900366115,0.12942965557428604,0.22214471702346605,-1.6826817716975031e-16,-1.474514954580286e-16,0,0
1309,0.8223740052602262,0.6944740265107123,0.13148691796739512,0.22320655481591611,2.584737979205442e-16,2.4286128663675302e-17,0,0
1310,0.8413886201449159,0.7006601091247956,0.13352321396119804,0.22437593566985203,-2.5673907444456745e-16,-1.2663481374630692e-16,0,0
1311,0.8604037064385528,0.7068440077322939,0.1355180121911189,0.22575006465656333,1.52655665885959e-16,3.9898639947466563e-17,0,0
1312,0.879423383511291,0.7130253727996066,0.13746295566866498,0.22732141388454918,2.012279232133096e-16,1.0408340855860844e-17,0,0
1313,0.9025942057447232,0.7387702017446341,0.13963051093783638,0.23393044006292185,5.204170427930421e-18,2.0860049798621103e-16,0,0
1314,0.9216113207529668,0.7449575431521019,0.14145892413003774,0.23550500507346706,-1.2836953722228372e-16,-1.4224732503009818e-16,0,0
1315,0.9405126219150076,0.7518161142969549,0.14321328698443797,0.2371713906761861,-1.1449174941446927e-16,1.474514954580286e-16,0,0
1316,0.962316536707122,0.7573353648602287,0.14534214210913798,0.23852483259318324,1.4224732503009818e-16,6.245004513516506e-17,0,0
1317,0.9827092441506624,0.7699484236874978,0.14760994238806957,0.24173642578447563,-8.066464163292153e-17,2.4286128663675302e-17,0,0
1318,1.0,0.7799999999994207,0.15,0.2441496900683382,0.0293704277594504,0.0,2,0
1319,0.3769301010709566,0.5131374016518095,0.08699054881303603,0.20019143279357327,-5.030698080332741e-17,-3.2959746043559335e-17,0,0
1320,0.3579576881236304,0.5069452524449439,0.08471171586239912,0.20076791466938712,1.9949319973733282e-17,7.63278329429795e-17,0,0
1321,0.3389853233483228,0.5007618985857613,0.08227776275145082,0.20141276592690127,-8.586881206085195e-17,-3.816391647148976e-17,0,0
1322,0.3200085706044673,0.4946028898658097,0.07968355976627706,0.20213703569022376,-1.6479873021779667e-17,-5.030698080332741e-17,0,0
1323,0.3010132626384716,0.4884273422484598,0.07694942771653679,0.20294243828097286,5.984795992119983e-17,1.786765180256111e-16,0,0
1324,0.395930678651332,0.5193200449689233,0.08915160120802668,0.19968043585197218,1.3791051634015616e-16,1.0581813203458523e-16,0,0
1325,0.4149246284668288,0.5254974717284775,0.09123955213770518,0.1992608047474879,-5.464378949326943e-17,-1.7347234759768068e-17,0,0
1326,0.43391645522872,0.5316808945840176,0.09330194488591559,0.19896735917043212,-3.122502256758253e-17,-7.63278329429795e-17,0,0
1327,0.4529038811364308,0.5378687798251072,0.0953627442915077,0.1988263796021012,1.1535911115245767e-16,-3.2959746043559335e-17,0,0
1328,0.2820051029539979,0.4822400534994045,0.07409435281688381,0.20383489495401227,5.2041704279304207e-17,-8.673617379884035e-18,0,0
1329,0.4719036437162956,0.5440535708496812,0.0974167018532679,0.1988388807487667,-1.0495077029659683e-16,-7.45931094670027e-17,0,0
1330,0.4909086270756289,0.5502377735270172,0.09943206524579917,0.19898663294239924,1.2663481374630692e-16,6.938893903907227e-17,0,0
1331,0.0876986823443719,0.4007765747819717,0.033205068714021735,0.21775074375902057,5.2909066017292616e-17,3.642919299551295e-17,0,0
1332,0.5099152435206833,0.5564224605474146,0.10137885673985392,0.19924257389331412,-1.1535911115245767e-16,-7.28583859910259e-17,0,0
1333,0.0,0.3600000000006675,0.0,0.22294021626231553,-0.0315197413731447,3.816391647148976e-17,1,0
1334,0.5289246559379417,0.5626071997934772,0.10325279543499932,0.19959157296236735,2.0816681711721685e-17,6.245004513516506e-17,0,0
1335,0.5479304280543138,0.5687881017799217,0.10508368054278372,0.20003942112174283,1.0928757898653883e-16,9.540979117872439e-17,0,0
1336,0.5669355983357296,0.5749690725544607,0.10692528285307618,0.20060222004739242,-3.903127820947816e-17,-6.245004513516506e-17,0,0
1337,0.5900895441036573,0.6007072098732502,0.1084314103450332,0.20609010243750991,-2.0816681711721685e-17,-1.4094628242311558e-16,0,0
1338,0.6090960200778203,0.6068914849746265,0.11053943672730968,0.2068887417928803,1.3357370765021415e-16,1.1275702593849246e-16,0,0
1339,0.6281036932342106,0.6130753994074802,0.11264550110833452,0.20767191889036107,-9.020562075079396e-17,9.020562075079396e-17,0,0
1340,0.6471118524299286,0.6192600421508899,0.11468075176923834,0.20840808927087906,-4.6837533851373785e-17,3.4694469519536136e-17,0,0
1341,0.6661204698191063,0.625444873275273,0.11659139221413171,0.20912998550038964,9.54097911787244e-18,6.245004513516506e-17,0,0
1342,0.6851299565217849,0.6316303001714867,0.11836536743768734,0.20992757855952116,5.811323644522304e-17,-1.769417945496343e-16,0,0
1343,0.7041398474516831,0.6378176332748695,0.12004074465187406,0.21089938665112884,-3.7296554733501346e-17,-8.673617379884034e-17,0,0
1344,0.7231512281048215,0.6440030599599962,0.12169179532823322,0.21208738389114057,-2.775557561562892e-17,-3.642919299551295e-17,0,0
1345,0.8984432906712857,0.719209141619463,0.1393526370262027,0.2289844031703443,-3.1398494915180213e-16,-1.951563910473908e-16,0,0
1346,0.106704721581478,0.4069651144370202,0.03898888674871692,0.21621534334594403,-5.377642775528102e-17,-4.8572257327350605e-17,0,0
1347,0.125710600357211,0.4131534480117897,0.044300426990028896,0.2144898942023015,2.4286128663675302e-17,1.0928757898653883e-16,0,0
1348,0.1447145496342766,0.4193390453070737,0.04925535480771259,0.2125751593100491,3.469446951953614e-18,2.775557561562892e-17,0,0
1349,0.1637197272463654,0.4255247509246686,0.0539165589576136,0.21053238990926032,2.775557561562892e-17,4.6837533851373785e-17,0,0
1350,0.1827255274342292,0.4317108600978558,0.058288056021105206,0.20847623320507214,-2.0816681711721685e-17,8.673617379884034e-17,0,0
1351,0.201730650467807,0.4378961544935772,0.06234455371221159,0.20653269302272947,-5.551115123125783e-17,5.2041704279304207e-17,0,0
1352,0.2207632967598136,0.4440945896940026,0.06607487757128183,0.20478871001821508,9.194034422677078e-17,9.020562075079396e-17,0,0
1353,0.2398289411347355,0.4503116636119168,0.0694971024642399,0.20327084135629492,-3.642919299551295e-17,-8.153200337090992e-17,0,0
1354,0.258866055046715,0.4565124111119127,0.07265648693165616,0.2019520381981319,-2.949029909160572e-17,-4.163336342344337e-17,0,0
1355,0.0645386704882175,0.3750419651302482,0.026887203596480447,0.21888276512063568,1.214306433183765e-17,9.540979117872439e-17,0,0
1356,0.0468547276961047,0.3685713554959656,0.019924515672549603,0.22031004936057189,1.214306433183765e-17,1.301042606982605e-16,0,0
1357,0.0835495096835624,0.3812298299238241,0.03375384483332944,0.2172209150609912,-1.734723475976807e-18,-5.377642775528102e-17,0,0
1358,0.0306440951863325,0.3605457274509066,0.013199601229372249,0.22154213555950664,-9.280770596475918e-17,1.006139616066548e-16,0,0
1359,0.2778669723542269,0.4626957828423746,0.07562110091308583,0.20078051990430837,9.367506770274757e-17,-3.2959746043559335e-17,0,0
1360,0.015670862355394,0.3506512611291772,0.006793129289046185,0.22270894476335157,-1.5612511283791264e-17,-2.4286128663675302e-17,0,0
1361,0.5859425451524329,0.5811509161760193,0.10882724203690491,0.2012791093399935,-5.377642775528102e-17,-5.594483210025203e-17,0,0
1362,0.7421615903084575,0.650188932652386,0.12339806466160032,0.2134427075273475,7.806255641895632e-17,1.9992688060632702e-16,0,0
1363,0.7611777586888714,0.6563654505220438,0.12521470365726323,0.21483815406031326,-2.194425197110661e-16,1.1969591984239971e-16,0,0
1364,0.7801935927486691,0.6625454393065063,0.12715159622264774,0.21614505931913186,8.500145032286355e-17,-4.510281037539698e-17,0,0
1365,0.799210983837476,0.6687284487175229,0.1291781959737231,0.21730247538221725,6.158268339717665e-17,7.63278329429795e-17,0,0
1366,0.8182254823099198,0.6749152235070615,0.13124050369381732,0.21836135081963803,-2.6020852139652106e-17,-7.979727989493313e-17,0,0
1367,0.8372402820909837,0.6811022354935845,0.13328685028131243,0.21945502333897693,-6.331740687315346e-17,1.491862189340054e-16,0,0
1368,0.8562554983477515,0.687289493237078,0.1352838768029742,0.22071921387026183,8.673617379884035e-19,-7.63278329429795e-17,0,0
1369,0.8752683511544337,0.6934701780288998,0.1372208666008003,0.22220311706276075,-1.3530843112619095e-16,1.1449174941446927e-16,0,0
1370,0.8942867881555397,0.6996470228656635,0.13910521252682273,0.22384117235769452,-5.637851296924623e-17,2.3592239273284576e-16,0,0
1371,0.9174612200160968,0.7253943643098595,0.1411879330665045,0.23060832572677237,1.5959455978986623e-16,1.9168694409543718e-16,0,0
1372,0.9355630051678354,0.731776101075849,0.14290298191420892,0.23219006799232833,-1.0581813203458523e-16,-1.006139616066548e-16,0,0
1373,0.9530773593856804,0.7374771044518722,0.1446019249137277,0.23356882705663518,1.3314002678121994e-16,-9.714451465470121e-17,0,0
1374,0.9827931470687574,0.7500482571126017,0.1478062414172538,0.2368362873816996,-6.331740687315346e-17,1.908195823574488e-17,0,0
1375,1.0,0.7599999999993681,0.15,0.2394246981908159,0.0293660199044618,2.4286128663675302e-17,2,0
1376,0.3917850208714187,0.4997740671723652,0.09054976900150002,0.19576093569515926,9.367506770274757e-17,6.938893903907227e-17,0,0
1377,0.3728086505377597,0.4935825476782935,0.0884358798768794,0.19637202998571834,-7.63278329429795e-17,2.4286128663675302e-17,0,0
1378,0.3538367054631925,0.4873955940569276,0.08617565297959473,0.1970663255926301,8.673617379884035e-19,-1.3357370765021415e-16,0,0
1379,0.3348647969230616,0.4812416919603918,0.08374643872180343,0.19785692286591067,3.4694469519536136e-17,1.6479873021779667e-16,0,0
1380,0.3158679810570246,0.4750627685101587,0.08116233843183451,0.19873975995519066,2.4286128663675302e-17,9.367506770274757e-17,0,0
1381,0.2968674307086849,0.4688803868461528,0.07844957865781765,0.19971496488756513,-1.4311468676808659e-16,-1.301042606982605e-16,0,0
1382,0.4107831048678973,0.5059548096240547,0.09257002005870696,0.19523291579136692,-8.326672684688674e-17,2.949029909160572e-17,0,0
1383,0.4297748518601963,0.5121307168010398,0.09455168096945865,0.19481471915899418,4.9439619065338996e-17,7.979727989493313e-17,0,0
1384,0.4487630559556527,0.5183198704838757,0.09653683352998232,0.19454098707683382,-4.4235448637408575e-17,-7.63278329429795e-17,0,0
1385,0.4677573336375251,0.5245042777244183,0.09853557751752273,0.19442702352863786,4.163336342344337e-17,8.326672684688674e-17,0,0
1386,0.4867613372637296,0.5306910184461061,0.1005181580309289,0.1944709607181911,-1.908195823574488e-17,-9.887923813067799e-17,0,0
1387,0.5057715852869467,0.5368735451852431,0.1024389153515366,0.19464802609996468,4.3368086899420185e-18,4.8572257327350605e-17,0,0
1388,0.1025584152135486,0.387416807368239,0.03992655950834134,0.2154393429041799,1.5612511283791264e-17,7.806255641895632e-17,0,0
1389,0.5247795588975078,0.5430570425667434,0.10426531359601698,0.19493451680684729,-5.2909066017292616e-17,-8.500145032286355e-17,0,0
1390,0.0,0.340000000000624,0.0,0.22394491075436682,-0.031850962854487,8.673617379884035e-18,1,0
1391,0.5437831565732507,0.5492402095148989,0.10600467785766554,0.19532039824435415,-1.908195823574488e-17,-9.020562075079396e-17,0,0
1392,0.5627877247697279,0.5554185877041322,0.10770572481740592,0.19581183953777492,1.0321604682062001e-16,1.249000902703301e-16,0,0
1393,0.581794248925628,0.5615942443890864,0.1094341732338634,0.19641700310903487,-1.9949319973733282e-17,1.734723475976807e-18,0,0
1394,0.6049485052266325,0.587337295745594,0.11080516986425584,0.20203672229359348,1.3877787807814457e-17,7.28583859910259e-17,0,0
1395,0.6239557614086743,0.5935215994957286,0.11282891152382418,0.20281426111154,-8.760353553682876e-17,-7.28583859910259e-17,0,0
1396,0.6429636738677948,0.5997058138451616,0.11483187987996912,0.20356370990293549,1.1622647289044608e-16,7.28583859910259e-17,0,0
1397,0.6619721803329025,0.6058905789571066,0.11674343509266971,0.2042863088415552,-1.006139616066548e-16,-1.717376241217039e-16,0,0
1398,0.680981556398949,0.6120758415573614,0.11852453244175931,0.20504604003690696,6.505213034913027e-17,1.9255430583342559e-16,0,0
1399,0.6999914601317405,0.6182614310576074,0.12018888934964353,0.205940726866932,-5.2041704279304207e-17,2.6020852139652106e-17,0,0
1400,0.7190021729480316,0.6244470808441247,0.1217988715409711,0.20704236225268602,-1.0408340855860844e-17,-5.204170427930421e-18,0,0
1401,0.7380136800462069,0.630632672621768,0.12343816022318699,0.20834324197302223,4.163336342344337e-17,-8.500145032286355e-17,0,0
1402,0.9132880888607636,0.7058148042792265,0.14095229874589835,0.22549643173142275,7.28583859910259e-17,-1.1275702593849246e-16,0,0
1403,0.9698820442875578,0.7402012303413275,0.1463929401775198,0.2342698169282058,2.775557561562892e-17,-4.6837533851373785e-17,0,0
1404,0.1215653661009966,0.3936025216627851,0.04550811306378577,0.21350573828268748,-6.418476861114186e-17,-6.245004513516506e-17,0,0
1405,0.1405701847961363,0.399787545443459,0.05062621729358696,0.2113906379302523,3.2959746043559335e-17,6.591949208711867e-17,0,0
1406,0.1595747154854,0.4059725380990972,0.05537644008034803,0.2091202241824287,-1.7347234759768068e-17,7.63278329429795e-17,0,0
1407,0.1785791153432496,0.4121576315125512,0.05980033176866684,0.20679274279604848,3.469446951953614e-18,1.0755285551056204e-16,0,0
1408,0.1975844752705897,0.4183445598898932,0.06389947574140109,0.20454614676640487,-2.168404344971009e-17,5.551115123125783e-17,0,0
1409,0.2165918491518413,0.4245311065301719,0.06766748831721259,0.20249918968145858,6.938893903907227e-17,-1.3877787807814457e-17,0,0
1410,0.2356386370839425,0.4307403856062993,0.07112253248364908,0.20070402688775363,-4.163336342344337e-17,1.3704315460216776e-16,0,0
1411,0.2546855747389777,0.4369489869319916,0.07430183710120275,0.19914385433304171,-1.214306433183765e-17,1.5439038936193583e-16,0,0
1412,0.2737205850893303,0.4431517397997031,0.07726672388893263,0.19775722594090833,-5.204170427930421e-18,-3.2959746043559335e-17,0,0
1413,0.0794037896910398,0.3616724151803388,0.034244349677859276,0.21714119656664277,-3.5561831257524545e-17,-8.673617379884035e-18,0,0
1414,0.0603929142337562,0.3554830138658796,0.026841178738351346,0.21922079059022664,-1.734723475976807e-18,-2.220446049250313e-16,0,0
1415,0.0418746048014141,0.3491879015140046,0.018962047570685314,0.2210834190811905,6.505213034913027e-17,-2.1684043449710086e-16,0,0
1416,0.0984133125275604,0.3678619928911265,0.04089067326059492,0.21495673812548882,2.255140518769849e-17,2.949029909160572e-17,0,0
1417,0.0291156165000455,0.3416513663528643,0.013388656640236363,0.22238667842262824,-2.2117724318704287e-17,-2.3418766925686896e-16,0,0
1418,0.2927202429870047,0.4493342617896046,0.08007268715918059,0.19648621028727958,-9.367506770274757e-17,9.714451465470121e-17,0,0
1419,0.0181875323974936,0.3291579476770624,0.008635495624954359,0.22387583822590185,3.3393426912553537e-17,1.5092094240998222e-16,0,0
1420,0.6008008560031605,0.5677806331730215,0.11123817841051431,0.1971245616187658,-6.245004513516506e-17,-9.367506770274757e-17,0,0
1421,0.757026883902501,0.6368106784228054,0.1251761747855794,0.20974371250322132,1.214306433183765e-17,-1.2576745200831853e-17,0,0
1422,0.7760476179021518,0.6429811137643302,0.1270413744726001,0.21110295562383818,1.500535806719938e-16,-9.540979117872439e-17,0,0
1423,0.7950615148856579,0.6491680760451316,0.12901241544341926,0.21232398631013893,-9.107298248878236e-17,-5.377642775528102e-17,0,0
1424,0.8140759519912082,0.655354911564165,0.13103909687481127,0.21340054871646608,1.778091562876227e-16,1.0234868508263162e-16,0,0
1425,0.8330907390154791,0.6615413492378504,0.13306378959952456,0.2144380848849341,-1.8214596497756474e-16,-4.510281037539698e-17,0,0
1426,0.8521059676868383,0.6677279972524914,0.1350456025869458,0.2155873604992653,-1.734723475976807e-18,-1.7347234759768068e-17,0,0
1427,0.8711205876836613,0.6739139642480583,0.1369709179935935,0.2169499816055236,1.734723475976807e-18,1.3877787807814457e-17,0,0
1428,0.8901364781807195,0.6800942613009361,0.1388512990889504,0.21851245739360792,-4.3368086899420185e-18,-2.012279232133096e-16,0,0
1429,0.9091611365547452,0.6862683791658496,0.1407142861988424,0.2201593701732083,2.0816681711721683e-16,-3.2959746043559335e-17,0,0
1430,0.9321758297778844,0.7120507740785396,0.14278178870918284,0.2270878597617907,1.6826817716975031e-16,-1.2663481374630692e-16,0,0
1431,0.9498457950187312,0.7179859951077232,0.14452926695891494,0.2285440176570499,-1.457167719820518e-16,0.0,0,0
1432,0.9677241417005704,0.7222492010343649,0.14641290009671573,0.22961533843941684,6.505213034913027e-17,4.336808689942018e-17,0,0
1433,1.0,0.7399999999993154,0.15,0.23463880993852682,0.0293484228660845,8.673617379884035e-18,2,0
1434,0.983331592849412,0.7303412535977768,0.1480938293048128,0.23186235237358588,-1.43982048506075e-16,5.2041704279304207e-17,0,0
1435,0.4066394870277208,0.4864119325779568,0.09397752158971073,0.1911535730769735,-8.586881206085195e-17,-2.4286128663675302e-17,0,0
1436,0.3876548723923679,0.4802252259690595,0.09202262738421041,0.1917493462887255,4.6837533851373785e-17,-1.5785983631388942e-16,0,0
1437,0.3686864970532342,0.4740319314736011,0.08995214463778112,0.19244640055146822,1.0408340855860844e-17,4.510281037539698e-17,0,0
1438,0.3497165283620836,0.4678780870230297,0.08771634815100882,0.1932730891043547,-4.3368086899420185e-18,9.194034422677078e-17,0,0
1439,0.3307183079561068,0.4616963095460765,0.0853105769940079,0.19422797219235616,-1.214306433183765e-17,-1.006139616066548e-16,0,0
1440,0.3117195559782426,0.4555162632577705,0.08275480723117568,0.19530635395818646,2.949029909160572e-17,5.204170427930421e-18,0,0
1441,0.4256362949473078,0.492592202787888,0.09587987714999002,0.19065656180515644,8.326672684688674e-17,9.367506770274757e-17,0,0
1442,0.4446328773238876,0.4987739351421787,0.09778570751005766,0.19027783906573364,3.2959746043559335e-17,-3.469446951953614e-18,0,0
1443,0.4636331743973318,0.5049570484038838,0.0997211492450969,0.1900418334764331,-1.222980050563649e-16,-1.908195823574488e-17,0,0
1444,0.4826318647163448,0.5111420369661435,0.10166637160226522,0.189963581316827,9.97465998686664e-17,1.9255430583342559e-16,0,0
1445,0.5016287067453251,0.517325893137248,0.10356994718184431,0.190035820677859,-5.2909066017292616e-17,-2.255140518769849e-17,0,0
1446,0.5206331630800564,0.5235084212908863,0.10537972025838593,0.19023692293470176,1.474514954580286e-17,3.469446951953614e-18,0,0
1447,0.1174207047354085,0.3740502497268475,0.04684691913922734,0.21267537483808274,6.765421556309548e-17,-3.469446951953614e-18,0,0
1448,0.539636948949088,0.5296920426108654,0.10707275209143274,0.1905502268072941,1.1449174941446927e-16,-6.938893903907227e-17,0,0
1449,0.0,0.3200000000005747,0.0,0.22547213646342537,-0.0318315533404031,0.0,1,0
1450,0.5586392113250569,0.535870855533871,0.10867634490582256,0.19097128587661993,-8.413408858487513e-17,-1.249000902703301e-16,0,0
1451,0.5776437054043897,0.5420490424525559,0.11025595007965472,0.19150769905785858,-7.806255641895632e-18,1.734723475976807e-18,0,0
1452,0.5966535212160664,0.5482260287600023,0.1118835093087639,0.19215646110400275,-1.214306433183765e-17,1.3530843112619095e-16,0,0
1453,0.6198076891783769,0.5739663635138893,0.11312317254111343,0.19788719798036913,4.510281037539698e-17,-5.464378949326943e-17,0,0
1454,0.638815563769014,0.5801509197930256,0.11504510124295134,0.1986513685563045,1.7347234759768068e-17,-3.2959746043559335e-17,0,0
1455,0.6578239243411232,0.5863360520977081,0.11693351855295767,0.19939273954897097,5.898059818321144e-17,6.938893903907227e-17,0,0
1456,0.6768331249180625,0.5925207320305053,0.11872958587261986,0.2001425675469708,-8.153200337090992e-17,-1.3877787807814454e-16,0,0
1457,0.6958429575450708,0.5987055130286456,0.1204175939202236,0.20098177922602822,7.719519468096792e-17,1.7347234759768068e-17,0,0
1458,0.714853386016485,0.6048905133706598,0.12203405065308723,0.20199495676781432,2.775557561562892e-17,5.724587470723462e-17,0,0
1459,0.7338644754165178,0.6110754822499285,0.12364955443597575,0.2032114911333469,-5.204170427930421e-18,-1.0234868508263162e-16,0,0
1460,0.7528757318477766,0.6172552208296773,0.1253345543024102,0.20457138617474868,-1.0842021724855043e-16,1.1796119636642288e-16,0,0
1461,0.928197730390652,0.6923110734417905,0.14259494114940321,0.22172471335191268,1.7347234759768068e-17,2.688821387764051e-17,0,0
1462,0.1364259453946721,0.3802362831423847,0.05222390445565139,0.2102684227880135,-3.469446951953614e-18,-1.8561541192951838e-16,0,0
1463,0.1554299318042615,0.3864214364376238,0.05712393493704582,0.20773319266175672,-4.4235448637408575e-17,-1.457167719820518e-16,0,0
1464,0.1744331146085003,0.3926060449453764,0.06161551862964387,0.20513508098609856,7.63278329429795e-17,-9.194034422677078e-17,0,0
1465,0.193438229497987,0.3987920969401786,0.06573521969441742,0.2025982466220767,-4.4235448637408575e-17,-9.020562075079396e-17,0,0
1466,0.2124481328067492,0.4049783755820673,0.06950592560126978,0.20025243840363194,1.3877787807814457e-17,5.377642775528102e-17,0,0
1467,0.231476109592432,0.4111708534087856,0.07295791412789754,0.19817297258761768,-5.030698080332741e-17,1.908195823574488e-17,0,0
1468,0.2505413227967319,0.4173892173139222,0.07613660319290005,0.19635586145442907,2.949029909160572e-17,-2.949029909160572e-17,0,0
1469,0.269565390592512,0.4235974717655364,0.07908740380851498,0.19474052327998237,1.0668549377257364e-16,-5.030698080332741e-17,0,0
1470,0.2885740730529839,0.4297888749309391,0.0818695552341353,0.19324581907995197,-1.231653667943533e-16,3.122502256758253e-17,0,0
1471,0.094268743670884,0.3483054039155044,0.04185803214536321,0.2150172423029909,3.816391647148976e-17,-1.1449174941446927e-16,0,0
1472,0.0752583522921609,0.342115096369966,0.03470752900345886,0.21771500500901303,-4.8572257327350605e-17,-6.938893903907227e-17,0,0
1473,0.056254036796918,0.3359226776018648,0.0267669663026453,0.22025163813999038,3.469446951953614e-18,6.071532165918825e-17,0,0
1474,0.0376933143782111,0.3298794507609022,0.018296149574762666,0.22243904461130426,-7.806255641895632e-18,1.994931997373328e-16,0,0
1475,0.1132778665081193,0.3544980721228086,0.04825832852411338,0.21224128833479217,-5.898059818321144e-17,-1.5785983631388942e-16,0,0
1476,0.3075728429836851,0.4359712482844798,0.08451396661295973,0.19183532511132617,8.933825901280557e-17,-3.816391647148976e-17,0,0
1477,0.0157283424040549,0.3067192865594947,0.008291879446296946,0.22592069018822972,2.7105054312137608e-17,8.500145032286355e-17,0,0
1478,0.6156597776311867,0.5544102829122939,0.11359875381268203,0.19289217915474222,-6.938893903907228e-18,7.155734338404328e-17,0,0
1479,0.7718937228559274,0.6234302284220665,0.127128045737819,0.2059482805325743,1.3704315460216776e-16,-4.250072516143178e-17,0,0
1480,0.7909121843146557,0.6296082142196964,0.12902219949498733,0.20721799284599918,-8.586881206085195e-17,7.112366251504909e-17,0,0
1481,0.8099262649705091,0.6357947432024343,0.1309737812460487,0.2083322144294737,-1.0755285551056204e-16,-2.949029909160572e-17,0,0
1482,0.8289406954432219,0.6419812461293933,0.13293009339360012,0.20935020964504147,-6.852157730108388e-17,7.979727989493313e-17,0,0
1483,0.847955997710256,0.6481670045226169,0.13485211144666953,0.21041193487626053,1.1882855810441126e-16,3.9898639947466563e-17,0,0
1484,0.866971629344172,0.6543530977510065,0.13672927217881975,0.2116508519801048,5.724587470723462e-17,-1.3183898417423734e-16,0,0
1485,0.8859863539614881,0.6605388076482946,0.138578897458639,0.21310778655326068,-2.6020852139652106e-17,1.0234868508263162e-16,0,0
1486,0.9049105133114952,0.6668206488094321,0.14042537803957195,0.21473293750650768,3.382710778154774e-17,-8.326672684688674e-17,0,0
1487,0.9237178907002328,0.6736040258280016,0.1422972313125085,0.21650463474081505,-3.7296554733501346e-17,3.9898639947466563e-17,0,0
1488,0.947469639843682,0.697733373409235,0.1445575835015039,0.22303419958008242,-2.983724378680108e-16,5.1608023410310005e-17,0,0
1489,0.9662137149194128,0.7048299632438431,0.1465057484385114,0.22485665734320914,1.717376241217039e-16,6.591949208711867e-17,0,0
1490,0.9836608840059816,0.7108739382570535,0.148353120779511,0.226612874724351,5.898059818321144e-17,-9.714451465470121e-17,0,0
1491,1.0,0.7199999999992628,0.15,0.2294908747413631,0.0293286700773709,-6.591949208711867e-17,2,0
1492,0.4214930212509945,0.4730507541078904,0.09726438072510035,0.18639939216607898,-1.3877787807814457e-17,-1.1969591984239971e-16,0,0
1493,0.4025041758328225,0.466866581275278,0.09545344147831969,0.18692775119679617,-9.020562075079396e-17,5.898059818321144e-17,0,0
1494,0.3835314311182683,0.4606801792990149,0.0935756629552742,0.18757238569455303,3.382710778154774e-17,7.979727989493313e-17,0,0
1495,0.3645623067060364,0.4545106425956816,0.09156374813957768,0.1883740276020833,8.673617379884034e-17,-6.418476861114186e-17,0,0
1496,0.3455703381390701,0.4483340036838057,0.08938002733944472,0.18935909551405794,-6.158268339717665e-17,1.214306433183765e-17,0,0
1497,0.3265705301769499,0.4421526045701508,0.08702345601258088,0.19052486288157744,-5.204170427930421e-18,-1.717376241217039e-16,0,0
1498,0.4404905004193765,0.4792321238071406,0.09907523583310507,0.18597178692576694,3.122502256758253e-17,5.377642775528102e-17,0,0
1499,0.4594888824704928,0.4854138797017175,0.10092712501535317,0.18565519009127607,1.0408340855860844e-16,1.3183898417423734e-16,0,0
1500,0.4784881112806315,0.4915959499118013,0.10281689385830717,0.18546983617868523,-1.3704315460216776e-16,-2.1163626406917047e-16,0,0
1501,0.4974879066964575,0.4977785213541406,0.10469752412891786,0.1854282755567922,1.006139616066548e-16,5.551115123125783e-17,0,0
1502,0.5164883622194547,0.5039612869300396,0.10650334364273029,0.18552641742623815,-7.025630077706069e-17,1.3877787807814457e-17,0,0
1503,0.53548991068552,0.5101442862357949,0.10818644067535033,0.18575114335974896,9.194034422677078e-17,1.9775847626135598e-16,0,0
1504,0.1322816838328959,0.3606851277747125,0.05399023478111076,0.20940221452429564,6.418476861114186e-17,1.6306400674181987e-16,0,0
1505,0.0353493188743534,0.3096971084871992,0.018727072479801876,0.2241745177710428,-6.245004513516506e-17,1.908195823574488e-17,0,0
1506,0.5544921079363762,0.5163265312539779,0.1097451668564724,0.18609404070029056,-1.2836953722228372e-16,1.5612511283791264e-17,0,0
1507,0.0,0.3000000000005164,0.0,0.22737449889627764,-0.0320175409098725,-1.5612511283791264e-17,1,0
1508,0.5734943505485002,0.5225036351325655,0.11122876627096678,0.18655607357008464,3.4694469519536136e-17,2.0816681711721685e-17,0,0
1509,0.5925019153998976,0.5286786508558114,0.11271418552135648,0.18714004932797978,-8.673617379884035e-18,-1.0755285551056204e-16,0,0
1510,0.6115118977403177,0.5348577010565909,0.11426740308509609,0.1878333198658506,8.673617379884035e-18,-2.775557561562892e-17,0,0
1511,0.6346674983880742,0.5605961783114851,0.11539327380095271,0.19366456433723123,3.816391647148976e-17,-3.9898639947466563e-17,0,0
1512,0.653675566386241,0.5667810812211695,0.11721524498865524,0.19443210626129748,-3.122502256758253e-17,-1.0408340855860844e-17,0,0
1513,0.6726844931632883,0.5729659596667029,0.11900177225576639,0.19519513937872635,2.168404344971009e-17,3.816391647148976e-17,0,0
1514,0.6916939445899956,0.5791505955318145,0.12071515384573686,0.19600624620104057,-3.9898639947466563e-17,-1.3877787807814457e-17,0,0
1515,0.7107043121255092,0.5853348118518688,0.12236331943310924,0.19694492987269108,-9.54097911787244e-18,1.3877787807814457e-17,0,0
1516,0.7297153887114824,0.5915192454920418,0.12399322622158865,0.19806557385461687,7.806255641895632e-17,2.0816681711721685e-17,0,0
1517,0.7487259608389873,0.5977017288938165,0.1256629902985527,0.19935031732554442,-1.4137996329210978e-16,-7.45931094670027e-17,0,0
1518,0.7677424038120984,0.6038765700291444,0.12741064468013308,0.20070309630771632,1.5612511283791264e-16,-2.255140518769849e-17,0,0
1519,0.9430454119253716,0.6790787901303724,0.14429588444449987,0.21782025869402943,-1.52655665885959e-16,1.006139616066548e-16,0,0
1520,0.1512850528240077,0.3668715366829551,0.05913724455920999,0.2064968846043802,5.204170427930421e-18,1.0581813203458523e-16,0,0
1521,0.1702881144254667,0.3730570177596078,0.06376737414130673,0.20356383178309223,-6.678685382510706e-17,-1.3183898417423734e-16,0,0
1522,0.1892895731229522,0.3792411250119359,0.06793642835613412,0.20070178309672415,-3.4694469519536136e-17,2.0816681711721685e-17,0,0
1523,0.2082949658358813,0.3854248446992479,0.07169964271355411,0.19803436340374292,8.326672684688674e-17,-5.377642775528102e-17,0,0
1524,0.2273052638815142,0.3916124820090008,0.07511582821582863,0.195651641688102,-3.5561831257524545e-17,-1.5439038936193583e-16,0,0
1525,0.246377980049161,0.3978367328948196,0.07825688620312121,0.19356047703020196,-1.474514954580286e-17,6.245004513516506e-17,0,0
1526,0.2654147818370541,0.4040408131513334,0.08117337389172974,0.19170179998251102,1.1188966420050406e-16,2.0816681711721685e-17,0,0
1527,0.2844273112993231,0.4102418081450677,0.08391455013074278,0.18998254000513493,-1.786765180256111e-16,-5.377642775528102e-17,0,0
1528,0.3034243348569309,0.4164274845047769,0.0865090393425163,0.18833943970525147,-4.6837533851373785e-17,9.714451465470121e-17,0,0
1529,0.1091339086154619,0.3349456718111078,0.04977057417930553,0.21234960599322794,8.153200337090992e-17,2.012279232133096e-16,0,0
1530,0.090124100411138,0.3287522177746061,0.04292511150971734,0.21569997136622243,-7.025630077706069e-17,-7.63278329429795e-17,0,0
1531,0.0711138291787345,0.3225554857125753,0.03528843507373125,0.21892429924300438,3.0357660829594124e-17,1.214306433183765e-16,0,0
1532,0.052486574030397,0.316283917731436,0.027000643775092925,0.22182122741402982,5.724587470723462e-17,1.6826817716975031e-16,0,0
1533,0.1281383922688484,0.3411347484058772,0.05589864807696188,0.20896119132737145,-8.847089727481715e-17,-7.63278329429795e-17,0,0
1534,0.3224171788547501,0.422608129484544,0.08895659286127966,0.1867806615793347,1.3183898417423734e-16,2.654126918244515e-16,0,0
1535,0.0128631546868917,0.2898901150385138,0.007437332057335766,0.22778545660525157,-1.0408340855860844e-17,3.122502256758253e-17,0,0
1536,0.0289474063079728,0.2906182410257959,0.016889369397318887,0.22650208613151346,6.071532165918825e-17,1.3877787807814457e-17,0,0
1537,0.6305191706218876,0.5410418898948087,0.11591335690670479,0.1885985288828218,3.4694469519536136e-17,4.77048955893622e-18,0,0
1538,0.7867595556229603,0.6100516591016354,0.12923348246547467,0.2020005992282492,-3.2959746043559335e-17,4.8572257327350605e-17,0,0
1539,0.8057766373430586,0.6162348809834244,0.1310953409826977,0.20316207991668378,-7.979727989493313e-17,-9.367506770274757e-17,0,0
1540,0.8247899231507315,0.6224215559828945,0.13294932353932565,0.20420136548907308,1.5352302762394743e-16,-5.2041704279304207e-17,0,0
1541,0.8438046044715899,0.6286083239028486,0.13476493560180847,0.2052276770140331,8.673617379884035e-18,-3.642919299551295e-17,0,0
1542,0.8628209186792191,0.6347935137019438,0.13654237796048896,0.2063812491712298,5.117434254131581e-17,2.4286128663675302e-17,0,0
1543,0.8818376096320117,0.6409780501588569,0.13831202066637704,0.20774365279780937,-1.1796119636642288e-16,3.642919299551295e-17,0,0
1544,0.9008526859218344,0.6471638267612205,0.14011988885082471,0.20928172906932474,-6.0715321659188256e-18,9.714451465470121e-17,0,0
1545,0.9193029878073709,0.6539544301423664,0.1419471484615833,0.2110405862728335,3.122502256758253e-17,1.214306433183765e-16,0,0
1546,0.9373545083132052,0.662057776658777,0.14381168981224018,0.2131047399813326,-8.760353553682876e-17,-8.153200337090992e-17,0,0
1547,0.9634715544258844,0.6810784293376251,0.1465072115136105,0.21810759872463237,1.5092094240998222e-16,-8.673617379884035e-18,0,0
1548,0.9823869651878974,0.6913184777351151,0.14841742542609956,0.220999172340397,6.678685382510706e-17,5.377642775528102e-17,0,0
1549,1.0,0.6999999999992101,0.15,0.22386939184471988,0.0293070773947515,-1.0408340855860844e-17,2,0
1550,0.4363450035825179,0.4596893470527171,0.10043315869942404,0.18154382242321504,6.938893903907228e-18,1.5612511283791264e-17,0,0
1551,0.4173481235353877,0.4535079075141877,0.09874167980943582,0.18197326992495358,3.7296554733501346e-17,-1.0408340855860844e-17,0,0
1552,0.3983626117417516,0.4473235291377893,0.09704374967511598,0.18251606965094935,3.903127820947816e-17,-7.112366251504909e-17,0,0
1553,0.3793851424362611,0.4411417599323625,0.09526562728183308,0.18322971490661483,-2.862293735361732e-17,1.491862189340054e-16,0,0
1554,0.3604014200640727,0.4349606755996438,0.09334290765794151,0.1841726040268295,-5.377642775528102e-17,-1.0581813203458523e-16,0,0
1555,0.3414246506891966,0.4287902013861401,0.0912419553931727,0.18536706656755586,-2.688821387764051e-17,3.469446951953614e-18,0,0
1556,0.4553429368972745,0.4658703378081985,0.10217198639132263,0.18120277563328527,-6.938893903907227e-17,-1.1622647289044608e-16,0,0
1557,0.4743417308048763,0.4720515592476878,0.10397201468095929,0.18095579148566165,6.505213034913027e-17,1.5959455978986623e-16,0,0
1558,0.4933415700154618,0.4782330273502734,0.10579893577699195,0.18082302821676208,-9.887923813067799e-17,-7.806255641895632e-17,0,0
1559,0.5123403168092825,0.4844153385344858,0.10758618680262977,0.18081942147026872,7.37257477290143e-17,2.255140518769849e-17,0,0
1560,0.5313414228789943,0.490597384099088,0.10926955321817289,0.1809461320080319,-3.7296554733501346e-17,-1.1796119636642288e-16,0,0
1561,0.5503453407686415,0.4967792907107789,0.11082007552068607,0.18119916477214582,6.765421556309548e-17,-2.255140518769849e-17,0,0
1562,0.1471402870308362,0.3473214572875329,0.06136869642003262,0.20556673327655117,4.336808689942018e-17,5.551115123125783e-17,0,0
1563,0.0484082325094363,0.2967118674791097,0.027301911349411512,0.22378757730229903,-5.551115123125783e-17,-3.209238430557093e-16,0,0
1564,0.5693455963920366,0.5029585207679098,0.11226074279291876,0.1815783128660109,5.204170427930421e-18,1.006139616066548e-16,0,0
1565,0.0,0.2800000000004734,0.0,0.22961461440925968,-0.0329491994359532,-2.4286128663675302e-17,1,0
1566,0.5883534610949609,0.5091329671584442,0.11365822350119092,0.18208596815059863,-7.37257477290143e-17,-2.949029909160572e-17,0,0
1567,0.6073614997524449,0.5153091205094334,0.11508657378591014,0.18271975722762956,6.938893903907227e-17,1.1449174941446927e-16,0,0
1568,0.6263708728444702,0.5214888416684534,0.11659541292378539,0.1834552031277843,-3.642919299551295e-17,-4.8572257327350605e-17,0,0
1569,0.6495272227417396,0.5472265325337242,0.1176297650164419,0.18938797367513072,-3.4694469519536136e-17,5.681219383824043e-17,0,0
1570,0.6685358775271246,0.5534113249253042,0.11936532489510848,0.19017718553134522,-1.5612511283791264e-17,-6.938893903907228e-18,0,0
1571,0.6875450595270918,0.5595959969122946,0.12107449251281902,0.19098676786281032,1.9949319973733282e-17,7.28583859910259e-17,0,0
1572,0.7065551056750881,0.5657795147025162,0.12274450314749769,0.1918766701902186,-1.006139616066548e-16,-9.367506770274757e-17,0,0
1573,0.7255669618455972,0.5719599179960573,0.12439933635998085,0.19290868160560493,1.769417945496343e-16,9.367506770274757e-17,0,0
1574,0.7445804330540812,0.5781400723353722,0.1260793358862614,0.19409996350600167,-1.5525775109992423e-16,-2.0816681711721685e-17,0,0
1575,0.7635914860520139,0.5843228166995007,0.12781127910129653,0.19539684949761238,-1.214306433183765e-17,-3.122502256758253e-17,0,0
1576,0.7826079656549254,0.5904977662281704,0.12959050284318052,0.19669167543999322,2.6020852139652106e-17,2.949029909160572e-17,0,0
1577,0.9521363857197244,0.6669492055000679,0.14539095825463882,0.21425638275506032,-2.5153490401663706e-17,-5.724587470723462e-17,0,0
1578,0.1661510243931358,0.3535101445939354,0.06622746017922054,0.2021979696401277,8.413408858487513e-17,5.377642775528102e-17,0,0
1579,0.1851447199382094,0.3596949566731567,0.07051593182997351,0.19893585752408316,-1.9949319973733282e-17,-3.469446951953614e-18,0,0
1580,0.2041766741192862,0.3658840069285731,0.07431498371639123,0.19588101624975907,-7.28583859910259e-17,-5.204170427930421e-18,0,0
1581,0.2232150852580362,0.3720899749672026,0.07770081233769588,0.19313919425107073,-1.5612511283791264e-17,1.52655665885959e-16,0,0
1582,0.2422378999372757,0.3782948122351685,0.08076946487415171,0.19073950786095462,-6.852157730108388e-17,-4.6837533851373785e-17,0,0
1583,0.261292502249958,0.3845122192507076,0.08361487756141628,0.18861828089049237,1.3791051634015616e-16,-3.469446951953614e-18,0,0
1584,0.2802859681343931,0.3907017432423507,0.08628305041276008,0.18667682842892042,-4.336808689942018e-17,2.0816681711721685e-17,0,0
1585,0.2992807679966619,0.3968840018958565,0.08880579405149547,0.18481916547684696,-5.030698080332741e-17,-1.231653667943533e-16,0,0
1586,0.318263425310073,0.4030617364363301,0.09117302768379432,0.18303022487017784,3.816391647148976e-17,-1.43982048506075e-16,0,0
1587,0.1049903453626611,0.3153930127688447,0.05153811971466382,0.21295530560334064,-7.806255641895632e-17,-5.551115123125783e-17,0,0
1588,0.1239953958528828,0.3215855178087906,0.058027057589697506,0.2089680311274833,4.8572257327350605e-17,1.4224732503009818e-16,0,0
1589,0.0859858525485397,0.3091913229485265,0.04429352952018917,0.21687817491218886,6.765421556309548e-17,2.688821387764051e-16,0,0
1590,0.0670301340764388,0.3029830871928144,0.03619934430091831,0.2205676447559286,-4.3368086899420185e-18,-6.245004513516506e-17,0,0
1591,0.1429964816790362,0.3277715398735028,0.06382380991004766,0.2050061507999401,-3.382710778154774e-17,-4.8572257327350605e-17,0,0
1592,0.3372509589152267,0.4092395239740522,0.09336532091359118,0.18136813892009407,8.066464163292153e-17,-7.112366251504909e-17,0,0
1593,0.0196400247224308,0.2721130476062886,0.012708869685056357,0.2293431582290973,0.0,1.734723475976807e-18,0,0
1594,0.0434445520921436,0.2772577549511406,0.027225785885491405,0.22614020512365574,8.500145032286355e-17,2.1510571102112408e-16,0,0
1595,0.6453787294234693,0.5276729255044046,0.11818952439856678,0.18425027925315618,-2.255140518769849e-17,-1.7780915628762273e-17,0,0
1596,0.801627058497588,0.5966753203287769,0.13137908403841803,0.19789233817968466,-8.673617379884035e-18,7.502679033599691e-17,0,0
1597,0.8206406331535353,0.6028615562405055,0.13313007921367292,0.1989781108497155,7.546047120499111e-17,-7.979727989493313e-17,0,0
1598,0.8396531261753786,0.6090496772036105,0.1348185721118096,0.20001926512038182,-1.214306433183765e-16,5.551115123125783e-17,0,0
1599,0.8586684510791125,0.6152373736796982,0.13645767488382088,0.20114379094368218,-2.4286128663675302e-17,0.0,0,0
1600,0.8776858190201098,0.6214199536108379,0.1380967936231564,0.20245487134746298,-7.45931094670027e-17,-5.030698080332741e-17,0,0
1601,0.8967034144588031,0.6276045323740495,0.13980247147978508,0.20396184235941917,-1.3010426069826053e-17,5.030698080332741e-17,0,0
1602,0.915405892651233,0.6337875328558382,0.1415994845151416,0.20556323295740953,5.898059818321144e-17,-6.071532165918825e-17,0,0
1603,0.9335933359423776,0.6420425609706145,0.1434758955342983,0.20767681170490704,6.0715321659188256e-18,-2.255140518769849e-17,0,0
1604,0.9503718234646804,0.6499828178610856,0.14528535390821673,0.20961792911525023,1.0408340855860844e-17,1.006139616066548e-16,0,0
1605,0.9660224448489378,0.6595869339548901,0.14695637455641208,0.2120137214388471,-5.377642775528102e-17,-9.540979117872439e-17,0,0
1606,0.9824994726041374,0.6703117103910224,0.148584647052598,0.21491046430143612,1.1796119636642288e-16,3.4694469519536136e-17,0,0
1607,1.0,0.6799999999991574,0.15,0.21797519582685077,0.0292969027531651,-2.0816681711721685e-17,2,0
1608,0.4321990791181758,0.44014714511132,0.10193352003506106,0.17695077266694098,3.4694469519536136e-17,3.469446951953614e-18,0,0
1609,0.4511926661665734,0.4463266308504092,0.10352486535773409,0.17662438474787798,-3.9898639947466563e-17,2.775557561562892e-17,0,0
1610,0.413203097015521,0.433965911119572,0.10038862418797123,0.17737266784716985,-9.714451465470121e-17,-5.551115123125783e-17,0,0
1611,0.3942160334380768,0.4277799168694093,0.09882784689264668,0.1779565652308021,6.245004513516506e-17,-6.591949208711867e-17,0,0
1612,0.3752314065585837,0.4215981249670905,0.0971742484021405,0.17879011199322248,2.3418766925686896e-17,-1.6306400674181987e-16,0,0
1613,0.3562365338775379,0.4154115223018844,0.09536488078084915,0.17992928108298645,-5.551115123125783e-17,9.714451465470121e-17,0,0
1614,0.4701909361789303,0.4525036978656042,0.1051928745333015,0.1763650096557822,4.250072516143178e-17,-1.3877787807814457e-17,0,0
1615,0.4891949784319121,0.4586878417130927,0.1069194450723927,0.17618395537291337,1.0408340855860844e-17,6.938893903907228e-18,0,0
1616,0.5081907290088373,0.464866505189747,0.10864754757593786,0.17610241157111614,2.168404344971009e-17,1.3877787807814457e-17,0,0
1617,0.5271880832710882,0.4710483201610318,0.11030855677293161,0.17613921126316806,-8.847089727481715e-17,-4.6837533851373785e-17,0,0
1618,0.5461914783829751,0.4772319181115806,0.11185513719694384,0.17630070893698901,9.194034422677078e-17,1.3704315460216776e-16,0,0
1619,0.565200417079508,0.4834139705864786,0.11328482417848207,0.17658946891330274,6.0715321659188256e-18,-6.418476861114186e-17,0,0
1620,0.1620120526779144,0.3339634204635747,0.06895550960908281,0.201118244046407,-5.637851296924623e-17,7.112366251504909e-17,0,0
1621,0.0628908968713252,0.2834278480445718,0.03746818225033621,0.22248636067938454,-2.949029909160572e-17,6.938893903907228e-18,0,0
1622,0.584203000211331,0.4895893925593328,0.11464093869889425,0.1770102409198424,-2.4286128663675302e-17,-1.2836953722228372e-16,0,0
1623,0.0,0.2600000000004088,0.0,0.23235918551477758,-0.0333178079560015,3.2959746043559335e-17,1,0
1624,0.6032144042655558,0.495758483125613,0.11599305668454374,0.17756467452043,-2.3418766925686896e-17,-8.326672684688674e-17,0,0
1625,0.6222230751565272,0.5019364859806745,0.11739758078498674,0.17824597854466795,-2.255140518769849e-17,5.551115123125783e-17,0,0
1626,0.6412301988718082,0.5081199027041697,0.11887857051718198,0.17902132073575672,2.0816681711721685e-17,8.847089727481715e-17,0,0
1627,0.6643873313655885,0.5338570487602243,0.11983766899722015,0.18506517833586678,4.163336342344337e-17,-5.4210108624275216e-17,0,0
1628,0.683396408789408,0.5400413449453407,0.12149891211984551,0.18589196610640712,-5.2909066017292616e-17,-1.6132928326584306e-16,0,0
1629,0.7024058894588797,0.5462262569256854,0.12315193147912762,0.1867635288631604,1.3530843112619095e-16,4.510281037539698e-17,0,0
1630,0.7214172478706073,0.5524033296294728,0.12480666386582495,0.18773183081933809,-5.811323644522304e-17,-1.0755285551056204e-16,0,0
1631,0.7404360490333349,0.5585677059455362,0.12649108980001433,0.1888308707952504,1.0408340855860844e-17,1.7520707107365752e-16,0,0
1632,0.7594474611753569,0.564755506331487,0.1282199871405083,0.19005308002763854,1.2663481374630692e-16,-5.2041704279304207e-17,0,0
1633,0.7784614103939764,0.5709367071176417,0.12998200421282013,0.19131718912005624,-1.3877787807814454e-16,4.163336342344337e-17,0,0
1634,0.7974763736991127,0.577117595612426,0.1317310377024381,0.19253689930076945,-3.816391647148976e-17,3.2959746043559335e-17,0,0
1635,0.1810359194623804,0.3401524786967852,0.07344080000322606,0.19737012149789424,1.214306433183765e-17,1.6653345369377348e-16,0,0
1636,0.2000253985367947,0.3463394756195562,0.077320250821316,0.19386798822959017,4.076600168545497e-17,-9.540979117872439e-17,0,0
1637,0.2190925704861038,0.3525587834068478,0.08071181639471092,0.1906918759586551,-4.510281037539698e-17,-6.591949208711867e-17,0,0
1638,0.2381246957992448,0.3587702204971494,0.08371778144095288,0.1879105620635122,4.77048955893622e-17,-4.8572257327350605e-17,0,0
1639,0.2571464432657914,0.3649799352823793,0.08646081598146793,0.18548321635565168,-2.255140518769849e-17,6.938893903907227e-17,0,0
1640,0.2761403831080255,0.3711616084663265,0.089024175258686,0.1833017764300866,5.204170427930421e-18,5.2041704279304207e-17,0,0
1641,0.2951298987269471,0.377338013649665,0.0914412141055152,0.18125096620529613,2.255140518769849e-17,-1.3877787807814457e-17,0,0
1642,0.3141166174856876,0.3835200865241971,0.09370310443290464,0.17927493789200954,-4.510281037539698e-17,-4.8572257327350605e-17,0,0
1643,0.3330976819271922,0.389700017440166,0.0957846750032445,0.17740328119154847,-1.9949319973733282e-17,1.2663481374630692e-16,0,0
1644,0.1198529376655748,0.3020374355114194,0.06056731092937184,0.2092928086609953,-6.245004513516506e-17,-1.301042606982605e-16,0,0
1645,0.1008870728808965,0.2958297957473032,0.05380542766891949,0.2138720659300386,2.255140518769849e-17,-1.1796119636642288e-16,0,0
1646,0.1388526937002815,0.3082236807236768,0.06661812285679503,0.20473572691297326,7.546047120499111e-17,1.0234868508263162e-16,0,0
1647,0.0819470228632389,0.2896080428391513,0.04620287643996335,0.2183320352271112,-1.9949319973733282e-17,-2.012279232133096e-16,0,0
1648,0.1578514077987206,0.3144091561805288,0.07197962519720136,0.20029262777155532,-8.673617379884035e-18,6.071532165918825e-17,0,0
1649,0.3520837541540978,0.3958779937438242,0.09766643889341253,0.1757316338162751,5.2041704279304207e-17,5.204170427930421e-18,0,0
1650,0.0176281463067275,0.2497350614261246,0.013009573785581097,0.23271763940858148,3.469446951953614e-18,-3.694961003830599e-16,0,0
1651,0.0360194040482177,0.2570968799126674,0.025416702609753372,0.22939484338580396,-1.474514954580286e-17,-1.8214596497756474e-16,0,0
1652,0.0581902284241495,0.2637685898032816,0.03871223633366583,0.2248204798169302,7.112366251504909e-17,2.42861286636753e-16,0,0
1653,0.6602331766470753,0.5143055523909219,0.1204223304061427,0.17984847908924806,-6.938893903907227e-17,9.020562075079396e-17,0,0
1654,0.8164903004978581,0.5833029637397145,0.1334117263304364,0.19366874116606425,7.45931094670027e-17,1.5178830414797062e-16,0,0
1655,0.8355032898921504,0.5894902507952798,0.1349932331489352,0.19474881309196235,-2.315855840429037e-16,-4.510281037539698e-17,0,0
1656,0.8545175947932997,0.5956803720579671,0.13649284907181336,0.19588340785614378,2.3592239273284576e-16,-1.7347234759768068e-17,0,0
1657,0.8735324513412012,0.6018652223621883,0.13797672946877682,0.19718303402396486,8.760353553682876e-17,-3.469446951953614e-18,0,0
1658,0.8925408285228361,0.6080489820601106,0.13953603648128743,0.19869129491308257,-1.3183898417423734e-16,-1.9255430583342559e-16,0,0
1659,0.91151524733971,0.6142331658893634,0.14124938851617896,0.20034155260566422,6.418476861114186e-17,3.2959746043559335e-17,0,0
1660,0.9303890365892477,0.6214741387670356,0.1431439404579713,0.2022678317314046,9.627715291671279e-17,1.0408340855860844e-17,0,0
1661,0.9484007109299728,0.6298656129191629,0.14509501390793123,0.20436497648069718,-9.367506770274757e-17,-1.0928757898653883e-16,0,0
1662,0.9654130822296834,0.6400006047188841,0.14695506727768715,0.20680762681584497,1.6826817716975031e-16,3.122502256758253e-17,0,0
1663,0.9826584864558492,0.6500520313037592,0.1486786097514725,0.20931753622078375,1.474514954580286e-17,-1.769417945496343e-16,0,0
1664,1.0,0.6599999999991049,0.15,0.21219875662700716,0.0292828039981235,7.28583859910259e-17,2,0
1665,0.4280516119926849,0.420606092673837,0.1036589477976122,0.17221131756941843,-1.0408340855860844e-17,-1.1796119636642288e-16,0,0
1666,0.4470433867179975,0.426779673136362,0.10507718196636517,0.17189341050560444,-8.673617379884034e-17,-1.0755285551056204e-16,0,0
1667,0.4660381924835465,0.4329562426120645,0.10657333566381055,0.17164761511152749,8.586881206085195e-17,-8.326672684688674e-17,0,0
1668,0.4090589716309027,0.4144245137902391,0.10227830928893411,0.1726643995552682,1.214306433183765e-16,1.4224732503009818e-16,0,0
1669,0.3900683462988318,0.4082391520460499,0.10086717334280593,0.17335181891975093,-1.6826817716975031e-16,2.949029909160572e-17,0,0
1670,0.3710746122085275,0.4020602183703655,0.09934932336147995,0.1743652682511705,1.1275702593849246e-16,-3.9898639947466563e-17,0,0
1671,0.4850353944802672,0.4391148965646711,0.10815001014579906,0.17145024857433572,-6.938893903907228e-18,-5.377642775528102e-17,0,0
1672,0.5040342696030956,0.4453056175396535,0.10976336821795485,0.17133010834065948,2.4286128663675302e-17,-6.938893903907228e-18,0,0
1673,0.5230310594717734,0.4514894175064246,0.111355346975202,0.1713017736404111,6.938893903907228e-18,-2.0816681711721685e-17,0,0
1674,0.5420402513882743,0.4576782310843056,0.11287140480272839,0.17138482891636997,3.4694469519536136e-17,-6.765421556309548e-17,0,0
1675,0.5610480050139868,0.4638652142562941,0.11428811389495408,0.17158842431839405,-6.418476861114186e-17,-7.63278329429795e-17,0,0
1676,0.5800553569062736,0.4700463374849706,0.11562623487457735,0.17191970402289591,1.0842021724855043e-16,2.237793284010081e-16,0,0
1677,0.1769057111560496,0.3206167965948015,0.07666683354938186,0.19601462820600002,-5.030698080332741e-17,-1.734723475976807e-16,0,0
1678,0.0778136498176411,0.2700609835657132,0.0486007493034748,0.22001619442681464,-4.250072516143178e-17,-9.020562075079396e-17,0,0
1679,0.599055646141529,0.4762208068104976,0.11693621808659227,0.1723872135468012,-9.194034422677078e-17,-8.326672684688674e-17,0,0
1680,0.0,0.2400000000003658,0.0,0.23590124057693274,-0.0340877754676069,-9.887923813067799e-17,1,0
1681,0.6180682705362681,0.4823947646992895,0.11827337764888224,0.1729918179556531,2.255140518769849e-17,3.816391647148976e-17,0,0
1682,0.6370807082633716,0.4885702769482201,0.11966670279857627,0.17371748889312144,-1.8214596497756478e-17,-5.724587470723462e-17,0,0
1683,0.6560867442802609,0.4947517718294381,0.12111240529256895,0.17453091748716432,1.5612511283791264e-17,-4.510281037539698e-17,0,0
1684,0.6792419690699713,0.5204929280103636,0.12199892899598042,0.18069885942179553,3.816391647148976e-17,1.240327285323417e-16,0,0
1685,0.6982555445754299,0.5266750545927461,0.12358794886399865,0.1815752317203092,-5.117434254131581e-17,1.231653667943533e-16,0,0
1686,0.7172672147523965,0.5328555091417229,0.12519394075195844,0.1825138962357684,-9.714451465470121e-17,6.591949208711867e-17,0,0
1687,0.7362722664583481,0.5390310730653193,0.12684057066931942,0.18355259118687428,-5.811323644522304e-17,-1.6132928326584306e-16,0,0
1688,0.7553017622739409,0.5451876619757698,0.12854852664002103,0.18469356177497076,1.6393136847980827e-16,-2.775557561562892e-17,0,0
1689,0.7743144628970922,0.5513724564120892,0.1302966644239285,0.18591064070335506,-1.734723475976807e-18,-6.938893903907228e-18,0,0
1690,0.79332746754378,0.5575584539276349,0.13203430959464724,0.18712594518805759,9.020562075079396e-17,-5.551115123125783e-17,0,0
1691,0.8123411630696731,0.5637435463006617,0.13369127923037016,0.18828630937144908,-9.714451465470121e-17,-1.873501354054952e-16,0,0
1692,0.1959833620757088,0.3268311701127813,0.08069217566952602,0.1919906122399886,1.8561541192951838e-16,1.6132928326584306e-16,0,0
1693,0.2150048177150018,0.3330337463911968,0.08411690735624688,0.18833358673856626,-1.1275702593849246e-16,1.5612511283791264e-17,0,0
1694,0.2340087514882593,0.3392352760374089,0.08707806991839107,0.18510416481988035,3.9898639947466563e-17,1.7347234759768068e-17,0,0
1695,0.252995852587903,0.3454359071615558,0.0897150738834398,0.1823012119948375,-1.2750217548429532e-16,-1.249000902703301e-16,0,0
1696,0.2719947303183549,0.3516212337852838,0.09214589863319134,0.17983493783681315,1.0408340855860844e-16,1.214306433183765e-16,0,0
1697,0.2909875092985424,0.357800014656304,0.09442018148246234,0.17758858123270915,-3.122502256758253e-17,1.1796119636642288e-16,0,0
1698,0.3099725726175103,0.3639786588798,0.09654120430946023,0.1754667742680076,3.9898639947466563e-17,2.4286128663675302e-17,0,0
1699,0.328955358335742,0.3701580908433658,0.09848677001497208,0.1734496706290245,1.1275702593849246e-17,-1.2836953722228372e-16,0,0
1700,0.3479366349152747,0.3763420017567192,0.1002340241269053,0.17160298382733385,-3.209238430557093e-17,-1.0581813203458523e-16,0,0
1701,0.1347084091644681,0.2886771836255622,0.06996022524805312,0.20459560344782446,-7.45931094670027e-17,-2.5500435096859064e-16,0,0
1702,0.1157116850523616,0.2824917102081597,0.06374365782420455,0.20976977264641894,4.77048955893622e-17,1.734723475976807e-16,0,0
1703,0.0968345937930026,0.276257250207718,0.056751745074620885,0.21494877396037504,-2.949029909160572e-17,9.367506770274757e-17,0,0
1704,0.153719000437193,0.2948651132137821,0.0754544109292965,0.19957198902216255,-7.28583859910259e-17,-1.1449174941446927e-16,0,0
1705,0.172767446757021,0.3010897227229377,0.08025428570675786,0.19476250256452854,1.3704315460216776e-16,1.1622647289044608e-16,0,0
1706,0.3669293722681803,0.3825227510342247,0.10178542902053778,0.17002799971795168,7.546047120499111e-17,1.006139616066548e-16,0,0
1707,0.0174280283532698,0.2296490487733875,0.014441342947684177,0.23658224555599672,-1.5612511283791264e-17,3.642919299551295e-16,0,0
1708,0.0364749691698104,0.237878756827295,0.028723088580576928,0.23209993360707215,4.336808689942018e-17,2.723515857283587e-16,0,0
1709,0.0545860836613482,0.2442820478381246,0.04066532878979956,0.22745931537556685,-1.231653667943533e-16,-4.0419056990259605e-16,0,0
1710,0.0741154490109587,0.2506079047091488,0.05164245009308388,0.22191586938442942,1.52655665885959e-16,1.3183898417423734e-16,0,0
1711,0.6750860636391222,0.5009464873822158,0.12258700241987142,0.17539726591285287,1.0928757898653883e-16,-1.222980050563649e-16,0,0
1712,0.8313546646588943,0.5699306543244331,0.1352183057517662,0.1894018507549191,1.0755285551056204e-16,1.951563910473908e-17,0,0
1713,0.8503691546879735,0.5761201117634084,0.13662107888067476,0.19055261466989748,7.63278329429795e-17,-2.0816681711721685e-17,0,0
1714,0.8693837739217619,0.5823092239419514,0.1379689464036984,0.191848309943353,-1.5352302762394743e-16,5.377642775528102e-17,0,0
1715,0.8883983663554433,0.5884936135246222,0.13937336123903243,0.19335855028739957,1.734723475976807e-18,1.9255430583342559e-16,0,0
1716,0.9073906491267004,0.5946571221362598,0.1409427815785942,0.19505427206375714,-3.382710778154774e-17,-6.938893903907227e-17,0,0
1717,0.9264339215592772,0.6008635857915142,0.14274634193109836,0.19683372377006947,2.0816681711721685e-17,-8.673617379884035e-18,0,0
1718,0.9475371557385464,0.6069967716716946,0.1449848716703328,0.19852218131886445,-6.678685382510706e-17,1.0234868508263162e-16,0,0
1719,0.9656316659935856,0.6200041447246631,0.14697929104481156,0.20177006298577282,4.163336342344337e-17,-3.642919299551295e-17,0,0
1720,0.98267944179446,0.6299998727107616,0.14870008098294596,0.20418645270682134,1.734723475976807e-18,1.769417945496343e-16,0,0
1721,1.0,0.6399999999990521,0.15,0.20683020602189828,0.0292594794591532,-2.775557561562892e-17,2,0
1722,0.4239067485615166,0.4010652794863536,0.10565513514347913,0.16739722805852786,3.382710778154774e-17,8.153200337090992e-17,0,0
1723,0.4428959826788832,0.4072383212997433,0.10689331142501146,0.1670374834395938,-2.5153490401663706e-17,1.52655665885959e-16,0,0
1724,0.461887839361551,0.4134102846735329,0.10819616546274347,0.16678416559459963,1.5612511283791264e-17,8.673617379884035e-18,0,0
1725,0.4808874231455645,0.4195702529429538,0.10958196926608821,0.16658569602608048,-7.28583859910259e-17,2.4286128663675302e-17,0,0
1726,0.4049148209332746,0.394883866972301,0.10443525572176782,0.16795264219855754,-3.209238430557093e-17,-7.979727989493313e-17,0,0
1727,0.3859222642904961,0.388703188463311,0.10316778786955183,0.16880804771053048,-8.500145032286355e-17,1.0234868508263162e-16,0,0
1728,0.4998866394575637,0.4257468385684536,0.11102934887250626,0.16644601328554004,-4.163336342344337e-17,-2.255140518769849e-17,0,0
1729,0.5188869998442125,0.431933316378617,0.11249618531297045,0.16638166718170677,4.250072516143178e-17,4.510281037539698e-17,0,0
1730,0.5378872643715626,0.4381196130248604,0.11393383402035795,0.16641045053006787,-9.97465998686664e-17,8.673617379884035e-18,0,0
1731,0.556898433782263,0.4443102674287428,0.1153105868796338,0.1665465183588637,1.1188966420050406e-16,1.6479873021779667e-16,0,0
1732,0.5759070987090504,0.450495125082041,0.11662562877645755,0.16679903024160225,-7.892991815694471e-17,-2.0296264668928643e-16,0,0
1733,0.5949139093368802,0.4566803904762231,0.11790829683160808,0.1671820477426582,-1.734723475976807e-18,6.591949208711867e-17,0,0
1734,0.1918627856586652,0.3073323211040243,0.08437425871625237,0.19022484653233906,-8.760353553682876e-17,-1.214306433183765e-16,0,0
1735,0.0929037079431715,0.256696265790408,0.06042210324105213,0.2161797545496098,-5.637851296924623e-17,-2.3939183968479943e-16,0,0
1736,0.6139133474083864,0.4628537507715981,0.11919955677753258,0.16770270285805644,-2.3418766925686896e-17,8.673617379884035e-18,0,0
1737,0.0,0.2200000000003011,0.0,0.2404837497819059,-0.0347518272532482,-1.5612511283791264e-17,1,0
1738,0.6329234885502526,0.4690314326589879,0.12052715426987604,0.16836194101260205,-1.3010426069826053e-17,-4.510281037539698e-17,0,0
1739,0.6519328524250048,0.4752115688127715,0.12189044575656416,0.1691378140373736,-5.204170427930421e-18,-3.9898639947466563e-17,0,0
1740,0.670937587815764,0.4813989386373085,0.12326860278153329,0.1699963516297487,7.546047120499111e-17,7.63278329429795e-17,0,0
1741,0.6940992273551071,0.507141391687278,0.12407547348630436,0.17629420870778034,-1.908195823574488e-17,-1.5829351718288362e-16,0,0
1742,0.713107981106312,0.5133308254413288,0.12558305369096467,0.17723265874143834,-3.9898639947466563e-17,-1.1275702593849246e-16,0,0
1743,0.732113840040773,0.5194987060252931,0.1271395199717078,0.17823711963127664,1.9255430583342559e-16,1.0581813203458523e-16,0,0
1744,0.7511298563617764,0.5256603164346387,0.12877301342921843,0.17932987801340516,-1.292368989602721e-16,1.1969591984239971e-16,0,0
1745,0.7701623799418622,0.5318225469722888,0.13048005220376258,0.1804967901420298,-5.464378949326943e-17,8.153200337090992e-17,0,0
1746,0.7891786023889541,0.5379984838744398,0.13220684939688487,0.18169344200097726,-7.28583859910259e-17,-1.0408340855860844e-17,0,0
1747,0.8081920650121771,0.5441843268603367,0.13387311079941355,0.1828671411681313,5.377642775528102e-17,9.540979117872439e-17,0,0
1748,0.8272059621849165,0.550370626430612,0.13540563461276856,0.18400430063404372,1.1275702593849246e-17,-4.6837533851373785e-17,0,0
1749,0.2108867613169462,0.3135298885684278,0.08784648394754413,0.1860598955117574,3.469446951953614e-18,-5.551115123125783e-17,0,0
1750,0.2298730850336082,0.3197211104485638,0.09078213207698127,0.18233908734054527,9.107298248878236e-17,-2.255140518769849e-17,0,0
1751,0.2488623163474144,0.3259023551124123,0.09333132528564647,0.17908680363435714,-2.6020852139652106e-17,1.3877787807814457e-17,0,0
1752,0.2678511540445139,0.3320843387806305,0.09561633759392407,0.17627026470911833,-6.331740687315346e-17,-1.5959455978986623e-16,0,0
1753,0.2868404065130155,0.3382632695671893,0.0977173057540881,0.17378925035829607,-2.6020852139652106e-17,-1.1449174941446927e-16,0,0
1754,0.3058322433116977,0.3444412404259865,0.09965961819614222,0.17152966365544664,1.3877787807814454e-16,3.469446951953614e-18,0,0
1755,0.3248163792778564,0.3506212298855875,0.10143175439293373,0.16942469577219033,-2.0816681711721685e-17,-1.214306433183765e-17,0,0
1756,0.343797903717447,0.3568037171852581,0.10301962089454264,0.16748102120721464,-6.852157730108388e-17,6.245004513516506e-17,0,0
1757,0.3627858491357198,0.3629847501445512,0.10442677786363674,0.16576637666629424,-6.938893903907228e-18,2.0816681711721685e-17,0,0
1758,0.1496340089576573,0.2753245980145171,0.07959882452058764,0.19880251313218178,-1.240327285323417e-16,-1.457167719820518e-16,0,0
1759,0.1305828050829032,0.2691299917170032,0.07406379031561983,0.2044670680819225,1.769417945496343e-16,1.491862189340054e-16,0,0
1760,0.1116282017132132,0.2629379871729154,0.0677179206613232,0.2103221062977072,-8.066464163292153e-17,-1.8041124150158796e-16,0,0
1761,0.1687026644654125,0.281564096750375,0.0843894821347817,0.19343517611647343,-6.071532165918825e-17,-1.006139616066548e-16,0,0
1762,0.1877226163105283,0.2877861678545318,0.08847928786400416,0.18841573700814251,4.4235448637408575e-17,8.500145032286355e-17,0,0
1763,0.3817776043888655,0.3691648429875013,0.10567848394765633,0.1643638214527594,-6.938893903907227e-17,1.3877787807814457e-17,0,0
1764,0.0160462277300009,0.2099810944133627,0.014974915242120801,0.2416186206305333,-4.163336342344337e-17,7.63278329429795e-17,0,0
1765,0.0333364013167001,0.2180584954194007,0.02950308510258992,0.2364813152779881,-2.6020852139652106e-18,-1.5092094240998222e-16,0,0
1766,0.0515237295041955,0.2251170745918856,0.042938083179535624,0.23072076538339803,-5.204170427930421e-18,2.255140518769849e-16,0,0
1767,0.0700409782549699,0.2311095151219858,0.05470183557068253,0.22449678221459202,4.510281037539698e-17,2.671474153004283e-16,0,0
1768,0.0887692873468656,0.237160694079611,0.06449449750965641,0.2178372344673587,9.80118763926896e-17,2.1337098754514727e-16,0,0
1769,0.6899471248365914,0.4876027355264765,0.12464402359725696,0.17090904520468797,-6.765421556309548e-17,6.071532165918825e-17,0,0
1770,0.8462199925107841,0.5565586033208059,0.13678214491051133,0.1851583632449092,-2.6020852139652106e-17,5.854691731421724e-17,0,0
1771,0.865235014148897,0.5627474907957815,0.13805469418488636,0.18642840100139324,-1.0234868508263162e-16,9.714451465470121e-17,0,0
1772,0.8842507816084725,0.5689358818573084,0.13933698855916798,0.1879044837702395,-3.209238430557093e-17,-2.4286128663675302e-17,0,0
1773,0.9032521048987314,0.5751028246951346,0.1407601155863838,0.18960102608147622,1.1622647289044608e-16,3.642919299551295e-17,0,0
1774,0.922203426084204,0.5812005608568145,0.14241515109916403,0.19142850484931273,-1.717376241217039e-16,7.806255641895632e-17,0,0
1775,0.9402371848936704,0.5866212445872652,0.14422051250271917,0.1930777233254446,1.739060284666749e-16,-7.28583859910259e-17,0,0
1776,0.9666999966387236,0.6000143614248648,0.1470744549128158,0.19674571571957244,2.957703526540456e-16,5.2041704279304207e-17,0,0
1777,0.9829222743114772,0.6100111142625739,0.1487080485054202,0.1992714335900132,-1.6132928326584306e-16,-1.249000902703301e-16,0,0
1778,1.0,0.6199999999989995,0.15,0.20182744471912883,0.0292467833266271,3.122502256758253e-17,2,0
1779,0.4197640557887959,0.3815249553124279,0.10790218167039711,0.16259122477467214,1.006139616066548e-16,1.5959455978986623e-16,0,0
1780,0.4387527610861458,0.3877027019174406,0.10897902386287228,0.16211603782536357,-1.5785983631388942e-16,-2.255140518769849e-17,0,0
1781,0.4577391013532571,0.3938688196207941,0.11009335577611523,0.16179562084738958,2.5153490401663706e-17,1.0755285551056204e-16,0,0
1782,0.4767376699503159,0.4000281106746333,0.11127172559167775,0.1615650330342145,5.984795992119983e-17,1.2663481374630692e-16,0,0
1783,0.4957416054753732,0.4061967116482473,0.112515933815871,0.1614041724037102,7.806255641895632e-18,-8.500145032286355e-17,0,0
1784,0.4007703873996794,0.3753448445927063,0.10681917461511148,0.1633143180010308,2.949029909160572e-17,-4.8572257327350605e-17,0,0
1785,0.5147425080006591,0.412379054457463,0.11380740072907258,0.1613186910286362,-2.255140518769849e-17,5.2041704279304207e-17,0,0
1786,0.53374397648826,0.4185624146166876,0.11511615381319018,0.16131771703252362,4.4235448637408575e-17,-3.9898639947466563e-17,0,0
1787,0.5527484830742526,0.4247500098778139,0.116411400141466,0.16141261259922235,-4.336808689942018e-17,-9.367506770274757e-17,0,0
1788,0.5717547510544613,0.4309377079233006,0.11767908108521397,0.16161118988936796,-6.678685382510706e-17,1.3704315460216776e-16,0,0
1789,0.5907627595648279,0.4371247383265393,0.11892748056708058,0.16192600752566833,2.255140518769849e-17,1.1449174941446927e-16,0,0
1790,0.6097700078956954,0.4433111257900988,0.12017869418718874,0.16237364558779532,6.852157730108388e-17,-1.457167719820518e-16,0,0
1791,0.2067484351927085,0.294006579670696,0.0919260248658702,0.1837692669328579,1.8214596497756478e-17,8.326672684688674e-17,0,0
1792,0.1074638646159452,0.2434054637344819,0.07238596545562359,0.2110889537862093,-8.586881206085195e-17,2.0816681711721685e-17,0,0
1793,0.6287740349148596,0.4494903995969654,0.12145117791693139,0.16296256943283893,4.163336342344337e-17,6.938893903907228e-18,0,0
1794,0.0,0.2000000000002582,0.0,0.24620037760901226,-0.0359347774424497,-4.8572257327350605e-17,1,0
1795,0.6477847585343226,0.4556710414208204,0.12274422980975164,0.1636869815308657,-4.510281037539698e-17,3.122502256758253e-17,0,0
1796,0.6667972675070648,0.4618549736075943,0.12403724079066292,0.16452034459830855,-2.6020852139652106e-18,-5.724587470723462e-17,0,0
1797,0.6858015154132048,0.4680517777370687,0.12530732224255448,0.1654310728390982,-1.1969591984239971e-16,1.734723475976807e-18,0,0
1798,0.7089583703289601,0.4937902251540783,0.12602457365830932,0.17185768831345172,-2.0816681711721685e-17,1.2750217548429532e-16,0,0
1799,0.72796327904545,0.4999803051577514,0.12744396011341697,0.17286202874092282,-1.7520707107365752e-16,-8.500145032286355e-17,0,0
1800,0.746976833778812,0.5061407069142426,0.12894897971717567,0.17393121650293608,3.122502256758253e-17,-3.2959746043559335e-17,0,0
1801,0.7659881224322511,0.512302739130865,0.13055715150378422,0.17507399924356548,2.775557561562892e-17,-6.071532165918825e-17,0,0
1802,0.7850133526172024,0.5184637076316729,0.1322395517881123,0.17625807223188872,1.1362438767648086e-16,7.979727989493313e-17,0,0
1803,0.8040426332961522,0.5246248923433667,0.1339165032678995,0.17743800208327798,-8.500145032286355e-17,2.775557561562892e-17,0,0
1804,0.8230565332926016,0.5308109214080527,0.13549274658821453,0.1785952960470354,1.6306400674181987e-16,8.326672684688674e-17,0,0
1805,0.842070684111009,0.5369973256237964,0.13691234673821118,0.17974775669011933,-1.52655665885959e-16,-1.734723475976807e-16,0,0
1806,0.955278069141002,0.5899998793763089,0.14583974578072834,0.19408435946377267,-2.0903417885520523e-16,-6.938893903907228e-18,0,0
1807,0.225732776715581,0.3001890416394248,0.09481182711181191,0.17956130053222275,3.209238430557093e-17,1.0755285551056204e-16,0,0
1808,0.2447200450931365,0.3063696901071432,0.0972598670273328,0.17583841638245445,-9.020562075079396e-17,1.1449174941446927e-16,0,0
1809,0.263707401334652,0.3125499382379237,0.09939296286017907,0.1726128243818108,8.673617379884035e-18,1.214306433183765e-16,0,0
1810,0.2826927394989189,0.3187270818882036,0.10130224936449395,0.1698324294070881,5.2041704279304207e-17,5.377642775528102e-17,0,0
1811,0.3016818318413732,0.3249067669168005,0.10303132097487833,0.16740007493830777,-5.724587470723462e-17,-9.714451465470121e-17,0,0
1812,0.3206689718949281,0.3310852245412686,0.10458982423313046,0.16521939549498743,3.9898639947466563e-17,1.6306400674181987e-16,0,0
1813,0.3396551280799284,0.3372666276521358,0.10597872887910853,0.16324003229330408,-2.0816681711721685e-17,4.336808689942018e-17,0,0
1814,0.3586424595162347,0.3434479476032569,0.10721286328384849,0.16147006269227493,5.377642775528102e-17,-1.734723475976807e-18,0,0
1815,0.3776333618387424,0.3496278505539807,0.1083233612763479,0.15995604774022887,2.6020852139652106e-17,-1.1102230246251563e-16,0,0
1816,0.1455245348008775,0.2557535479320256,0.08457581788547941,0.19794998632585514,1.1535911115245767e-16,2.60208521396521e-16,0,0
1817,0.1646175052908779,0.2620241131064394,0.08924797055135514,0.1919475982844432,-6.071532165918825e-17,-2.4286128663675302e-17,0,0
1818,0.1264512895203164,0.2495889781957308,0.07900976044089703,0.20437643729790267,2.688821387764051e-17,1.1622647289044608e-16,0,0
1819,0.1836187327124911,0.268255414899543,0.09317765670414246,0.18641457080883583,-2.775557561562892e-17,-3.642919299551295e-17,0,0
1820,0.2026129201196612,0.2744641377357789,0.09647258843301643,0.18131762247404026,4.3368086899420185e-18,-1.231653667943533e-16,0,0
1821,0.3966257271720662,0.355806852527224,0.10934859097471872,0.15874100759658472,2.862293735361732e-17,-1.231653667943533e-16,0,0
1822,0.0147771658445296,0.1903696875309603,0.01586250395348543,0.24775183901640063,8.673617379884035e-18,5.898059818321144e-17,0,0
1823,0.0309714050954289,0.1988511899941753,0.03096570676248689,0.2416753929081823,-1.908195823574488e-17,-2.671474153004283e-16,0,0
1824,0.0476088918663338,0.2057156862596279,0.04467734437750437,0.23521191199494496,1.0408340855860844e-17,-3.642919299551295e-17,0,0
1825,0.0658747680230579,0.211545409888081,0.05785211388169387,0.22789703140972906,-1.1535911115245767e-16,-4.007211229506424e-16,0,0
1826,0.0847590409448886,0.2177014649927133,0.06897876501625433,0.21998351475302602,8.239936510889834e-17,1.9255430583342559e-16,0,0
1827,0.1035665655585125,0.2238248491404043,0.07782059183114143,0.21207628012168733,6.418476861114186e-17,1.6132928326584306e-16,0,0
1828,0.7048115242305975,0.474248008954011,0.12655740668399318,0.16639132494125874,1.301042606982605e-16,4.4669129506402777e-17,0,0
1829,0.8610855656535346,0.5431854024365073,0.13819035092850296,0.18097442033399602,5.551115123125783e-17,-9.887923813067799e-17,0,0
1830,0.8801007754381739,0.5493734367618301,0.1394187326198466,0.18237144626459667,4.4235448637408575e-17,-1.52655665885959e-16,0,0
1831,0.899116905847747,0.5555610770270902,0.14073218090295736,0.1839972373792591,3.209238430557093e-17,-1.3877787807814457e-17,0,0
1832,0.9181334768747732,0.5617484103053707,0.14225033232585016,0.18582995182296713,7.28583859910259e-17,-2.6020852139652106e-17,0,0
1833,0.9366760060264072,0.5672919644134327,0.14397891461677315,0.1875785462935653,4.8572257327350605e-17,-1.3357370765021415e-16,0,0
1834,0.952911690584658,0.5712959890613705,0.1456498652718068,0.18885780571102373,-1.717376241217039e-16,-8.673617379884035e-18,0,0
1835,0.9827952783576084,0.5900524514485594,0.14867789742436033,0.19417425980171288,-1.8301332671555315e-16,6.938893903907227e-17,0,0
1836,0.9660494447646778,0.5800345770157201,0.1470154439044915,0.19140342449526315,1.8561541192951838e-16,3.469446951953614e-18,0,0
1837,1.0,0.5999999999989468,0.15,0.19683301188638325,0.0292195843600606,8.673617379884035e-18,2,0
1838,0.4156190854873515,0.3619859225104926,0.11032408123600135,0.15782875566331267,-1.4051260155412135e-16,-1.249000902703301e-16,0,0
1839,0.4346133578772289,0.3681655419626624,0.11127800579743052,0.1571782066731493,1.1622647289044608e-16,-6.938893903907228e-18,0,0
1840,0.4536085024384496,0.3743463475842047,0.11223387156115905,0.15672500724321636,1.214306433183765e-17,-1.6826817716975031e-16,0,0
1841,0.4725910848533211,0.3805050754241629,0.1132161029453016,0.15640588965766056,2.688821387764051e-17,-1.5959455978986623e-16,0,0
1842,0.4915902830881264,0.3866625797913489,0.11424472939719976,0.1561901889766597,2.4286128663675302e-17,1.214306433183765e-16,0,0
1843,0.5105956264549205,0.3928319983903403,0.11532866369276462,0.15607289162128152,-1.7347234759768068e-17,3.469446951953614e-18,0,0
1844,0.5295979143579728,0.3990146995091328,0.11646389334779883,0.1560553131289193,-1.214306433183765e-17,4.336808689942018e-17,0,0
1845,0.5486005077130179,0.4051976122112781,0.11763581758941655,0.15613302154893827,-6.938893903907227e-17,5.204170427930421e-18,0,0
1846,0.567604092885907,0.4113815508741184,0.11882513109515003,0.15630625119665975,6.852157730108388e-17,-2.4286128663675302e-17,0,0
1847,0.5866113457644736,0.4175689887070113,0.12002098009771345,0.15658275160107316,2.255140518769849e-17,-1.4224732503009818e-16,0,0
1848,0.6056218966061446,0.4237590426856109,0.12122427677430636,0.15697930661756132,6.591949208711867e-17,5.377642775528102e-17,0,0
1849,0.6246307251565739,0.4299465315181413,0.12243973390702578,0.15751318861378394,-1.1102230246251563e-16,4.336808689942018e-17,0,0
1850,0.2216053138707897,0.2806560414925601,0.09921614310110272,0.17666776415464902,-1.1275702593849246e-17,-1.5092094240998222e-16,0,0
1851,0.1223407617084326,0.2300439457413644,0.0847655741130211,0.20441929525432112,-3.642919299551295e-17,-1.908195823574488e-17,0,0
1852,0.6436346598496075,0.436126474776345,0.12366331877913339,0.15818824930237696,7.199102425303751e-17,5.2041704279304207e-17,0,0
1853,0.0,0.180000000000207,0.0,0.25307731249064,-0.0372677560381736,2.3635607360183997e-16,1,0
1854,0.6626442798854107,0.4423119306191826,0.12487647188285145,0.15899069211006633,5.204170427930421e-18,-5.030698080332741e-17,0,0
1855,0.6816549162815826,0.4485011192585315,0.12605537327624727,0.15988693112215913,1.7520707107365752e-16,-6.071532165918825e-17,0,0
1856,0.7006634028778049,0.4546921212198758,0.12719240497570972,0.16084496803752302,-2.498001805406602e-16,-6.938893903907227e-17,0,0
1857,0.7238217893270968,0.4804338783174334,0.12782279636643157,0.1673977128459967,2.775557561562892e-17,-1.1058862159352144e-16,0,0
1858,0.7428262603023621,0.4866127905453027,0.12916061874262974,0.1684657476020277,1.7607443281164592e-16,-2.775557561562892e-17,0,0
1859,0.7618304849096318,0.4927813437151772,0.1306189080047533,0.16960247619587676,-1.6566609195578508e-16,-1.3183898417423734e-16,0,0
1860,0.7808606625152047,0.4989240178201493,0.13220264354329458,0.17078669090551557,2.775557561562892e-17,5.724587470723462e-17,0,0
1861,0.799883391079146,0.5050777298754789,0.13385169970786315,0.1719913144921179,-4.3368086899420185e-18,-7.45931094670027e-17,0,0
1862,0.8189068671078458,0.5112512927207303,0.13547147235628287,0.17318129066231336,0.0,-9.020562075079396e-17,0,0
1863,0.8379211200638547,0.5174375469517629,0.13697348349711103,0.17435203169071656,6.418476861114186e-17,2.1857515797307772e-16,0,0
1864,0.8569359663526294,0.52362400883154,0.13832745419211356,0.17554871602777666,-1.249000902703301e-16,9.020562075079396e-17,0,0
1865,0.2405796647168835,0.2868357668257201,0.10150888832049532,0.17250521157071397,-5.2041704279304207e-17,-1.0928757898653883e-16,0,0
1866,0.2595667225384889,0.2930176432534229,0.10346330143920568,0.16885684696470804,-1.734723475976807e-18,-8.500145032286355e-17,0,0
1867,0.2785513826791857,0.2991967923773123,0.10516338967488537,0.1657231522792948,2.862293735361732e-17,-5.551115123125783e-17,0,0
1868,0.2975363995910078,0.3053748224067626,0.10665759741880265,0.16305076845694444,8.326672684688674e-17,1.2836953722228372e-16,0,0
1869,0.3165224399421173,0.3115534015142215,0.10796732463575154,0.1607532800769711,-1.0928757898653883e-16,-1.249000902703301e-16,0,0
1870,0.335510059203176,0.3177324332565142,0.10911197904465553,0.15874579102574948,-3.4694469519536136e-17,-5.204170427930421e-18,0,0
1871,0.3544984182207521,0.3239127871284467,0.11012587900370363,0.15697662672212775,6.245004513516506e-17,6.071532165918825e-17,0,0
1872,0.3734883018912608,0.3300934853171427,0.11105750771957901,0.15543302101794154,-1.734723475976807e-18,1.1622647289044608e-16,0,0
1873,0.3924805493531485,0.3362698958626013,0.11195222880417077,0.15412374208143653,9.714451465470121e-17,1.231653667943533e-16,0,0
1874,0.1412612360344487,0.2362402410294277,0.09036280131897456,0.1971366847808289,-5.2041704279304207e-17,-1.786765180256111e-16,0,0
1875,0.1604564034573726,0.24251246839236,0.09494353448349102,0.19031858043669914,6.852157730108388e-17,5.2041704279304207e-17,0,0
1876,0.1795317889568817,0.248754967102627,0.09864386158494654,0.18414956458713405,-1.249000902703301e-16,-9.887923813067799e-17,0,0
1877,0.1985055065492293,0.2549513452144017,0.10165525059846914,0.17858007236604045,1.1535911115245767e-16,1.474514954580286e-16,0,0
1878,0.2174769160822201,0.2611292772829417,0.10412510857509005,0.17353160810286283,3.903127820947816e-17,1.3183898417423734e-16,0,0
1879,0.4114729028430451,0.3424502893470325,0.11283226075636321,0.15305828270196997,-1.2836953722228372e-16,5.898059818321144e-17,0,0
1880,0.0121718191840395,0.170356221165906,0.015624044929069214,0.25538827678411957,-1.1969591984239971e-16,-8.886121005691194e-16,0,0
1881,0.0289299177256661,0.1812324038368848,0.032933520117126136,0.2472772174888802,7.63278329429795e-17,5.481726184086709e-16,0,0
1882,0.0449065514963359,0.1867837908463986,0.0478113198653034,0.24012455754460404,7.806255641895632e-17,1.6566609195578508e-16,0,0
1883,0.0617961548176156,0.1920791509409722,0.06141858390108723,0.23203655819175895,-3.7296554733501346e-17,-1.3530843112619095e-16,0,0
1884,0.0807205235493618,0.1982193830434972,0.07390453441797717,0.2226669685186744,-1.6740081543176186e-16,-2.498001805406602e-16,0,0
1885,0.0995821229365639,0.2043489386827004,0.0837426633014502,0.2134250990014408,4.163336342344337e-17,-3.469446951953614e-18,0,0
1886,0.1184164967744305,0.2105299735787032,0.09131429318927076,0.2045561365515205,1.8214596497756478e-17,-6.938893903907227e-17,0,0
1887,0.7196735022564253,0.460877659186803,0.1283148611746665,0.16184996338282076,1.7520707107365752e-16,1.1232334506949826e-16,0,0
1888,0.8759509613597151,0.5298115492852905,0.1395817725192181,0.1768575394162326,3.4694469519536136e-17,1.3660947373317356e-16,0,0
1889,0.8949668963592214,0.5359991078516861,0.14084836203182327,0.17835786317505153,-1.0842021724855043e-16,-1.5612511283791264e-17,0,0
1890,0.9139832220116916,0.5421861838309704,0.14225271961672004,0.18007575944335485,-2.688821387764051e-17,2.949029909160572e-17,0,0
1891,0.933528395440731,0.5482612784051308,0.14392653638527975,0.18193210066607435,4.163336342344337e-17,1.249000902703301e-16,0,0
1892,0.9521579087214388,0.5532861884508056,0.14572279142362365,0.18353502428215052,-2.168404344971009e-17,1.5092094240998222e-16,0,0
1893,0.9683166474380638,0.5602124250419792,0.14731678833244288,0.1856696059998626,-6.331740687315346e-17,-2.949029909160572e-17,0,0
1894,0.983374140616027,0.570315400551611,0.14873010937875009,0.18866729024222195,-1.7347234759768068e-17,8.500145032286355e-17,0,0
1895,1.0,0.5799999999988942,0.15,0.1914360849121124,0.029197715098462,-8.673617379884035e-18,2,0
1896,0.4304678918220482,0.3486254861162248,0.11369958112209133,0.1522219202270867,-3.9898639947466563e-17,-5.377642775528102e-17,0,0
1897,0.4494633552152012,0.3548052918098437,0.11454360641516814,0.1515897959769857,-1.734723475976807e-18,9.714451465470121e-17,0,0
1898,0.4684570260588402,0.3609836592124722,0.1153666349582636,0.15113024652032186,4.076600168545497e-17,1.6479873021779667e-16,0,0
1899,0.4874416949330538,0.3671431655670807,0.11619249869994519,0.15081736898895104,-1.4224732503009818e-16,-1.0755285551056204e-16,0,0
1900,0.5064411679115203,0.3733044715635739,0.11705638343570968,0.15064242612125056,1.500535806719938e-16,-1.214306433183765e-17,0,0
1901,0.5254503771039046,0.3794680521888607,0.11798948161174394,0.1505957555655807,-1.205632815803881e-16,-3.642919299551295e-17,0,0
1902,0.5444535400592285,0.3856504969481014,0.119000226986401,0.15066952512313803,4.076600168545497e-17,6.591949208711867e-17,0,0
1903,0.5634575411712459,0.3918325787860475,0.12007913545272686,0.1508425070104531,3.4694469519536136e-17,6.071532165918825e-17,0,0
1904,0.5824640686158389,0.3980179578439074,0.12120140554145564,0.1511110608899635,-1.908195823574488e-17,3.9898639947466563e-17,0,0
1905,0.6014726534692288,0.4042061000000254,0.12234440718817297,0.1514865128740972,-4.8572257327350605e-17,-2.775557561562892e-17,0,0
1906,0.620482356998529,0.4103936900369925,0.12349429587171556,0.1519891146671455,7.112366251504909e-17,1.0408340855860844e-17,0,0
1907,0.6394898173298802,0.4165790226114238,0.12464099335281276,0.15263288146514498,-5.637851296924623e-17,-2.775557561562892e-17,0,0
1908,0.2364501633774534,0.2673089289034585,0.10616292236272784,0.16898836236618742,-1.0755285551056204e-16,-1.3877787807814457e-17,0,0
1909,0.1372303100896293,0.2166829048341092,0.09710487501433818,0.19625152464001872,-5.204170427930421e-18,5.898059818321144e-17,0,0
1910,0.6584973840572957,0.4227631291872742,0.12577042219171375,0.15341047775648065,1.6479873021779667e-17,9.020562075079396e-17,0,0
1911,0.0,0.1600000000001506,0.0,0.2612167417254454,-0.039975709774303,1.89084858881472e-16,1,0
1912,0.677506170240581,0.4289503088426085,0.12686316707314305,0.15429309750862785,-8.326672684688674e-17,4.510281037539698e-17,0,0
1913,0.6965152452221723,0.4351362797938418,0.12790735305170386,0.15524267513015388,-1.9081958235744878e-16,1.5785983631388942e-16,0,0
1914,0.7155251926130441,0.441321689848531,0.12891652096482248,0.15623733549091412,1.5959455978986623e-16,-4.336808689942018e-17,0,0
1915,0.7386841652451015,0.467063072574799,0.1294823282812021,0.1629124568280531,-1.0408340855860844e-16,-4.4235448637408575e-17,0,0
1916,0.7576937670835286,0.4732480066737019,0.13076297600655007,0.16404718928924922,5.898059818321144e-17,2.3592239273284576e-16,0,0
1917,0.7767059213950007,0.4793995134458104,0.13219642769673623,0.1652429924740204,-1.8474805019152998e-16,-1.491862189340054e-16,0,0
1918,0.7957427026579968,0.4855190731218914,0.13376491699605708,0.16647192772296648,2.012279232133096e-16,1.5785983631388942e-16,0,0
1919,0.8147564077555717,0.4916946939348622,0.13538689637323387,0.16771884946291493,-4.77048955893622e-17,5.204170427930421e-18,0,0
1920,0.8337712088260042,0.4978781470319392,0.13696619411824074,0.16894171585153117,-1.48318857196017e-16,-7.806255641895632e-17,0,0
1921,0.8527858414745598,0.5040640749997348,0.13843049576801825,0.17015386318229275,8.326672684688674e-17,-1.3877787807814457e-17,0,0
1922,0.8718011425976355,0.5102506576134029,0.1397739793936985,0.17141523097154732,5.898059818321144e-17,-1.0755285551056204e-16,0,0
1923,0.255430279174623,0.2734874944108995,0.10787391418239167,0.16495944095623116,3.382710778154774e-17,6.245004513516506e-17,0,0
1924,0.2744108638034137,0.2796669299245585,0.10933032133948473,0.16146502893581527,-1.734723475976807e-18,-8.673617379884034e-17,0,0
1925,0.2933941076751723,0.285845004544392,0.11057049565101806,0.1584969084041461,5.030698080332741e-17,2.0816681711721685e-17,0,0
1926,0.3123792470588206,0.2920227916789739,0.11161039186299604,0.15600820417799888,-1.214306433183765e-17,-5.551115123125783e-17,0,0
1927,0.3313659456081883,0.2982007137752579,0.11247445155140667,0.1539201219724422,2.255140518769849e-17,3.122502256758253e-17,0,0
1928,0.3503549397575416,0.3043796910412287,0.11321534189846716,0.152146822014549,-3.4694469519536136e-17,-8.500145032286355e-17,0,0
1929,0.3693449129284951,0.3105607147390099,0.11390759103665005,0.1506192240979427,-1.0408340855860844e-17,-9.194034422677078e-17,0,0
1930,0.388335098184316,0.3167418119262941,0.11461899716437074,0.14929343696432884,8.326672684688674e-17,2.255140518769849e-17,0,0
1931,0.4073251102680543,0.3229210114897996,0.11537861497788526,0.14814790315899806,-7.806255641895632e-17,-1.0408340855860844e-17,0,0
1932,0.1562018137774967,0.2229370631881267,0.1015432796918958,0.18859258706286752,1.5178830414797062e-16,2.203098814490545e-16,0,0
1933,0.1752857722514367,0.2291869468328109,0.10498132630345935,0.18166348666550292,-5.030698080332741e-17,-1.006139616066548e-16,0,0
1934,0.194368744072739,0.2354275535885765,0.10763863283409592,0.17549441752508343,6.591949208711867e-17,-2.0816681711721685e-17,0,0
1935,0.2133438119176101,0.241605789763691,0.10971209906892909,0.17003032905951088,-7.546047120499111e-17,-1.5092094240998222e-16,0,0
1936,0.2323170560252929,0.2477838997364889,0.11136765382730118,0.16515793763765885,2.5153490401663706e-17,4.510281037539698e-17,0,0
1937,0.4263208773688397,0.3290906801974278,0.1161684841213173,0.1471718494374068,5.2041704279304207e-17,-5.377642775528102e-17,0,0
1938,0.0173205080757259,0.1500000000001291,0.02694009342101822,0.26222299561082485,1.2836953722228372e-16,8.673617379884035e-16,0,0
1939,0.0273474445647005,0.1656426823558722,0.03559342263901044,0.25279119431206665,-1.9081958235744878e-16,-8.127179484951341e-16,0,0
1940,0.0421190585132398,0.169826796775517,0.05113674174887706,0.24528744189945817,-1.734723475976807e-18,4.3368086899420185e-18,0,0
1941,0.0587097738885355,0.1740658830035197,0.06621380310980385,0.23606392017327238,2.3418766925686896e-16,5.793976409762537e-16,0,0
1942,0.076645286217942,0.1787830457075928,0.07967247582558912,0.22568702108344585,-2.255140518769849e-17,-1.908195823574488e-17,0,0
1943,0.0955945518528077,0.184958830453453,0.09042969910024112,0.2148841189220585,5.030698080332741e-17,-5.204170427930421e-18,0,0
1944,0.1144946438024873,0.1911121710273112,0.09860711882845408,0.2046847775592795,-1.231653667943533e-16,-2.827599265842196e-16,0,0
1945,0.1332845765509575,0.1971670320463302,0.10468761764263945,0.1952455736039873,-9.194034422677078e-17,-8.153200337090992e-17,0,0
1946,0.734535136371739,0.4475071392726364,0.12993938776096314,0.15728115052701241,-3.122502256758253e-17,1.240327285323417e-16,0,0
1947,0.8908167376735553,0.5164375498655501,0.14106299622038243,0.1728053723622338,-4.8572257327350605e-17,-3.4694469519536136e-17,0,0
1948,0.9098330441664444,0.522624401684838,0.14240431632053685,0.17437973169114684,1.960237527853792e-16,-6.765421556309548e-17,0,0
1949,0.929466177484986,0.5286807294178953,0.1439493062046946,0.17609720187971334,-1.231653667943533e-16,-1.006139616066548e-16,0,0
1950,0.9510364894270504,0.5343259651509595,0.1458614590456424,0.1778113180556602,-5.594483210025203e-17,-9.367506770274757e-17,0,0
1951,0.9688454991766426,0.5401813833691864,0.14749260233213235,0.1795863602302461,2.0556473190325164e-16,-4.8572257327350605e-17,0,0
1952,0.9841079303344316,0.5497226454024854,0.1488202007469548,0.18244965821793357,7.806255641895632e-17,-1.6306400674181987e-16,0,0
1953,1.0,0.5599999999988415,0.15,0.1854789264829435,0.0291727795484137,-1.908195823574488e-17,2,0
1954,0.4453173817437671,0.3352638370206399,0.11693876352887855,0.14636930000097936,1.7347234759768068e-17,3.469446951953614e-18,0,0
1955,0.464314578015645,0.3414442151608168,0.11765159589663199,0.14574586588571561,-9.714451465470121e-17,-1.2836953722228372e-16,0,0
1956,0.4833104785219851,0.3476238652380699,0.11831097779230504,0.14530592066474335,1.873501354054952e-16,1.4224732503009818e-16,0,0
1957,0.5022938533437655,0.3537804598909593,0.11896525926027834,0.1450453130256697,-1.778091562876227e-16,-4.8572257327350605e-17,0,0
1958,0.5212943703607149,0.3599422092245179,0.1196782118628903,0.1449584208474552,5.377642775528102e-17,9.367506770274757e-17,0,0
1959,0.540304117066046,0.3661097025449727,0.12049852444755516,0.14502111330486844,-1.734723475976807e-18,-5.2041704279304207e-17,0,0
1960,0.5593108527829427,0.3722842130570233,0.12143532034644977,0.14520395404222253,1.8214596497756478e-17,-1.0234868508263162e-16,0,0
1961,0.5783154346904912,0.3784661685777793,0.12246092553127141,0.1454860492810841,5.2041704279304207e-17,-1.5612511283791264e-17,0,0
1962,0.5973233437136873,0.3846523601184629,0.12353125723568326,0.1458666287322501,-7.806255641895632e-17,-3.2959746043559335e-17,0,0
1963,0.6163327523780916,0.3908393289364576,0.12460770925835618,0.1463639093778113,6.418476861114186e-17,1.249000902703301e-16,0,0
1964,0.6353413667859266,0.3970251619505092,0.1256681699247011,0.14699732172456947,-6.158268339717665e-17,3.2959746043559335e-17,0,0
1965,0.6543496000158995,0.4032106188571103,0.12670263705787832,0.1477672975428277,6.938893903907227e-17,-6.938893903907227e-17,0,0
1966,0.2512917503949116,0.2539610936721406,0.1127307296503659,0.16082515751279658,-4.076600168545497e-17,-3.122502256758253e-17,0,0
1967,0.1521076096786917,0.2033777931710026,0.1090713538358159,0.1866406883699412,-1.3877787807814457e-17,-1.1102230246251563e-16,0,0
1968,0.6733580126407215,0.4093958666594342,0.12770360283397153,0.14864689456798885,-3.9898639947466563e-17,1.3877787807814457e-17,0,0
1969,0.0,0.1400000000001077,0.0,0.2706771728477586,-0.0437492422986158,-3.4857099845408972e-16,1,0
1970,0.6923671265076929,0.4155807649233844,0.12866429278118208,0.1495942021658152,-8.153200337090992e-17,-9.714451465470121e-17,0,0
1971,0.7113769316944861,0.4217658231344487,0.12958915687408235,0.1505773263237984,1.7607443281164592e-16,-1.0234868508263162e-16,0,0
1972,0.7303856832191309,0.4279516153780739,0.1305082378781055,0.15159366961052,1.3877787807814457e-17,8.673617379884035e-18,0,0
1973,0.7535468947575278,0.4536726603148975,0.13104935199255774,0.15838900849820448,-1.0408340855860844e-16,-1.5178830414797062e-16,0,0
1974,0.7725645864870955,0.4598288301451719,0.13231082160901053,0.15957877750338412,1.5612511283791264e-16,4.510281037539698e-17,0,0
1975,0.7915847732148471,0.4659836523511839,0.13374469192996585,0.1608416591930677,-1.0668549377257364e-16,-1.3183898417423734e-16,0,0
1976,0.810607929671288,0.4721334157416897,0.13531150403434822,0.16213841273133767,3.2959746043559335e-17,-4.8572257327350605e-17,0,0
1977,0.8296212478372422,0.4783183652608148,0.13692246006350395,0.16343832974200723,-4.77048955893622e-17,-2.775557561562892e-17,0,0
1978,0.8486359083111472,0.48450379942989,0.13848487295915923,0.16471435301036763,1.1015494072452724e-16,-8.326672684688674e-17,0,0
1979,0.8676509093717254,0.4906898394888699,0.1399429707575237,0.1659948727791516,2.255140518769849e-17,6.938893903907228e-18,0,0
1980,0.8866666311059831,0.4968760882389717,0.14130587396162753,0.16734324891365304,5.984795992119983e-17,1.1969591984239971e-16,0,0
1981,0.2702705320307997,0.2601392869868352,0.11387695844382506,0.15702116176241887,7.892991815694471e-17,7.45931094670027e-17,0,0
1982,0.2892517837561251,0.2663165493282195,0.11483068118309347,0.15375354907623873,-1.3877787807814454e-16,-4.6837533851373785e-17,0,0
1983,0.3082358901783449,0.27249247444507,0.11558721089545543,0.15101538786616686,7.112366251504909e-17,1.1449174941446927e-16,0,0
1984,0.3272221680711026,0.2786686356381168,0.11615375050928378,0.1487646673220091,-1.7347234759768068e-17,-1.3530843112619095e-16,0,0
1985,0.3462096709354421,0.2848460052060243,0.1165829808160197,0.14692313342338892,3.469446951953614e-18,-3.642919299551295e-17,0,0
1986,0.3652029689818749,0.2910268598036856,0.11697181002409707,0.1453936221910137,-3.642919299551295e-17,-3.469446951953614e-18,0,0
1987,0.3841929094362552,0.2972084208992324,0.11742267530416939,0.14408554271342666,4.3368086899420185e-18,4.6837533851373785e-17,0,0
1988,0.4031882110043911,0.3033924983082844,0.11799311636264065,0.1429316132725873,-1.6479873021779667e-17,1.5612511283791264e-17,0,0
1989,0.4221760039083915,0.3095557138268672,0.11866828393090145,0.14189493912338857,9.80118763926896e-17,6.418476861114186e-17,0,0
1990,0.1711800881560916,0.2096381714148838,0.11226491376964987,0.17884749758597351,1.500535806719938e-16,1.9255430583342559e-16,0,0
1991,0.1901933271711839,0.2158719943721362,0.11451685550719048,0.1720234453259195,-1.1362438767648086e-16,2.775557561562892e-17,0,0
1992,0.2092059536319803,0.2220841375733358,0.11611366951410673,0.16606982867379827,-8.673617379884035e-19,1.457167719820518e-16,0,0
1993,0.2281786564287263,0.2282621150326988,0.11727465807757653,0.16087394925602894,8.586881206085195e-17,3.4694469519536136e-17,0,0
1994,0.247152743887816,0.2344384111104987,0.11816961120803171,0.15630550163953316,-1.0321604682062001e-16,-9.194034422677078e-17,0,0
1995,0.4411705291242483,0.3157229551661276,0.11936871146281192,0.1409834795863989,-6.591949208711867e-17,-8.500145032286355e-17,0,0
1996,0.0183746889603079,0.1293913683825914,0.035461045660440504,0.27027283900427834,2.5587171270657905e-17,-3.41740524767431e-16,0,0
1997,0.0389843939973503,0.1525154470633039,0.05531876302563887,0.2512826233131129,-5.898059818321144e-17,-8.239936510889834e-18,0,0
1998,0.0566822507912062,0.1569346538451153,0.07311152325434023,0.2395600349997853,-1.474514954580286e-16,-3.317658647805644e-16,0,0
1999,0.0730314519746914,0.1608720515844664,0.08651315979670926,0.22841637963819306,2.827599265842196e-16,3.660266534311063e-16,0,0
2000,0.0915383174348797,0.165544827066502,0.09846091958695524,0.21610669041709762,-2.6367796834847473e-16,-3.226585665316861e-16,0,0
2001,0.1104398787076858,0.1716868095040018,0.10697023626596547,0.2044726363944651,2.3592239273284576e-16,3.556183125752454e-16,0,0
2002,0.129294237029946,0.177782811281592,0.11315639583926895,0.19385416284830193,2.949029909160572e-17,9.367506770274757e-17,0,0
2003,0.1481816292631355,0.1839084757499407,0.11751079476221094,0.1842160773752468,-5.898059818321144e-17,-1.5612511283791264e-16,0,0
2004,0.7494039360680709,0.4341044910268806,0.1314827775830265,0.15265808497207445,-3.469446951953614e-18,-4.90059381963448e-17,0,0
2005,0.9056827691536468,0.5030625708289166,0.14263915137106764,0.16882367238679308,3.122502256758253e-17,-1.474514954580286e-17,0,0
2006,0.9246993405827104,0.5092496378148069,0.14402660936323208,0.1704613636367185,-8.239936510889834e-17,3.4694469519536136e-17,0,0
2007,0.9437165732812872,0.5154369096206673,0.14552117600020864,0.17222059507162157,-7.112366251504909e-17,6.938893903907227e-17,0,0
2008,0.9644910436738778,0.518255017877456,0.14729267887165776,0.17301397205608282,-3.469446951953614e-18,-8.153200337090992e-17,0,0
2009,0.9838118303454974,0.5282629753005086,0.14884105317607244,0.1758344667309757,-4.510281037539698e-17,1.6306400674181987e-16,0,0
2010,1.0,0.5399999999987888,0.15,0.17916945820746832,0.0291408209949052,2.4286128663675302e-17,2,0
2011,0.4601682942555485,0.3219016231149213,0.12000770907786773,0.1402277611619539,7.806255641895632e-17,2.775557561562892e-17,0,0
2012,0.4791667983662407,0.3280823275122789,0.12054756585223458,0.13966195690625438,1.7347234759768068e-17,-1.2663481374630692e-16,0,0
2013,0.4981608622007727,0.3342580378786292,0.12102182613784862,0.13931082958454644,-1.0755285551056204e-16,-4.163336342344337e-17,0,0
2014,0.5171480804929471,0.3404199163426316,0.12151700903973506,0.13917234493592057,1.214306433183765e-16,-1.0581813203458523e-16,0,0
2015,0.5361482420313294,0.3465907039694139,0.12212127436959008,0.13922371354985752,4.163336342344337e-17,-5.551115123125783e-17,0,0
2016,0.5551637287263804,0.3527436555523275,0.12288401575727903,0.13941234074650222,-1.214306433183765e-17,-3.816391647148976e-17,0,0
2017,0.574168846704509,0.3589157593772551,0.12378484908609266,0.1397146219759744,-2.0816681711721685e-17,-5.551115123125783e-17,0,0
2018,0.5931741415908728,0.365099287758919,0.12476645403880582,0.1401140719468188,9.54097911787244e-18,1.6479873021779667e-16,0,0
2019,0.6121841888716589,0.3712873323413105,0.1257635025933581,0.14062212741296065,-2.454633718507182e-16,-1.6479873021779667e-16,0,0
2020,0.6311926044295199,0.3774713291714456,0.12673297115559734,0.1412601031283458,2.445960101127298e-16,1.249000902703301e-16,0,0
2021,0.6502011326005392,0.3836562126937997,0.12766257185393215,0.14203696589503068,2.775557561562892e-17,-1.908195823574488e-17,0,0
2022,0.6692098305731393,0.3898408631800766,0.12855917935494432,0.14292887301166957,-2.1510571102112408e-16,3.816391647148976e-17,0,0
2023,0.2661295009423914,0.2406148783900653,0.11890499574474234,0.15228408750223466,9.020562075079396e-17,4.163336342344337e-17,0,0
2024,0.1670897169700006,0.1901300118503625,0.12041264251092798,0.1756256114606778,-8.413408858487513e-17,-1.908195823574488e-17,0,0
2025,0.6882187369510296,0.3960254147900993,0.1294318874536753,0.14388872668155273,1.3791051634015616e-16,7.28583859910259e-17,0,0
2026,0.0,0.1200000000000429,0.0,0.2807821486691433,-0.0466729660061945,5.134781488891349e-16,1,0
2027,0.0387749765360117,0.1324986600189494,0.06650592135559918,0.2563475138372793,-5.134781488891349e-16,-1.403391292065237e-15,0,0
2028,0.7072285144744531,0.4022099554266713,0.1302872210854753,0.14487220504190645,1.986258379993444e-16,5.898059818321144e-17,0,0
2029,0.7262388900813337,0.4083951899584043,0.13113885337516662,0.14586568475908734,-2.1857515797307772e-16,-1.1449174941446927e-16,0,0
2030,0.7452498061331039,0.4145811025732571,0.1320213240377246,0.14689448971876118,6.678685382510706e-17,1.6826817716975031e-16,0,0
2031,0.768417711907576,0.4402631838442773,0.13258136596031633,0.15381469013328797,-9.367506770274757e-17,1.5352302762394743e-16,0,0
2032,0.7874384505640927,0.4464059642411605,0.13385698621299014,0.15506686342064313,3.382710778154774e-17,-5.551115123125783e-17,0,0
2033,0.806457280631682,0.4525723610862811,0.13531014513251094,0.15640236600268054,1.474514954580286e-17,6.245004513516506e-17,0,0
2034,0.8254714275251775,0.4587583503192843,0.13688607104530348,0.15777256508488335,-1.7347234759768068e-17,-3.4694469519536136e-17,0,0
2035,0.8444856660743152,0.464944120106831,0.13849454473301748,0.15913229899445014,1.3270634591222574e-16,1.0408340855860844e-17,0,0
2036,0.8635006509553314,0.471129534248952,0.14004859959690563,0.1604800698193003,-5.898059818321144e-17,-2.0816681711721685e-17,0,0
2037,0.8825159388814517,0.477315768392515,0.1415030093457581,0.16185817126040547,-1.734723475976807e-16,-1.0408340855860844e-16,0,0
2038,0.9015321368500188,0.4835011205362074,0.14286957881837736,0.1633273007939806,1.4137996329210978e-16,1.7347234759768068e-17,0,0
2039,0.2851089254643543,0.2467915208433973,0.11951034530329707,0.14878123509655694,-1.5612511283791264e-17,-5.551115123125783e-17,0,0
2040,0.3040920636182762,0.2529655791515436,0.11996058939257637,0.14579744312734633,-4.597017211338539e-17,-1.2663481374630692e-16,0,0
2041,0.3230778376861151,0.2591369439525191,0.12022742675389964,0.14332794920354885,6.591949208711867e-17,1.1969591984239971e-16,0,0
2042,0.3420665087332022,0.2653133081155338,0.12033371466395693,0.14133471646654172,-5.2909066017292616e-17,6.245004513516506e-17,0,0
2043,0.3610570812583119,0.2714929189762448,0.12037614324117385,0.1397348703706527,3.642919299551295e-17,1.006139616066548e-16,0,0
2044,0.3800502833153294,0.2776731904072265,0.1204889002588061,0.13841953355441206,-2.5153490401663706e-17,-1.301042606982605e-16,0,0
2045,0.3990390795126311,0.2838533841680645,0.12077467953167798,0.1372862980334535,4.076600168545497e-17,5.724587470723462e-17,0,0
2046,0.4180281440340993,0.2900204332977543,0.12125109350972707,0.13626009476432976,2.862293735361732e-17,-5.2041704279304207e-17,0,0
2047,0.4370231516507169,0.2961867045018099,0.12183672335959272,0.13532406470600744,-5.2909066017292616e-17,1.0234868508263162e-16,0,0
2048,0.1860566011807676,0.1963358430540529,0.1222779982231259,0.16807438570259237,5.898059818321144e-17,1.0928757898653883e-16,0,0
2049,0.2050628037340886,0.2025593137691578,0.12337439010161688,0.16156502411125473,-1.3877787807814454e-16,-2.1337098754514727e-16,0,0
2050,0.2240391253987026,0.2087433755099908,0.12397535946684002,0.15600390132355813,1.5612511283791264e-16,1.3704315460216776e-16,0,0
2051,0.2430122017091549,0.2149198195910931,0.12429985084372674,0.15122753189933036,4.8572257327350605e-17,1.7347234759768068e-17,0,0
2052,0.2619882262440031,0.2210928141865971,0.12451032441867937,0.14707737028119539,-9.714451465470121e-17,-4.510281037539698e-17,0,0
2053,0.4560223859547308,0.3023592002516138,0.12240512214680166,0.1345077621700148,-5.377642775528102e-17,1.0755285551056204e-16,0,0
2054,0.0147414215175752,0.1130332403287886,0.034650266599385304,0.2784093508911516,1.769417945496343e-16,9.15933995315754e-16,0,0
2055,0.0347466411096096,0.1128652910115621,0.07392779251836146,0.2634258934156355,6.765421556309549e-16,1.8769708010069053e-15,0,0
2056,0.0560788875694656,0.1399538646122055,0.08345248139670502,0.24177304195250304,7.28583859910259e-17,9.4542429440736e-17,0,0
2057,0.0708222260809221,0.1450469870484604,0.09509370169575959,0.22989102823564078,-1.4224732503009818e-16,-3.209238430557093e-16,0,0
2058,0.0873084192409245,0.1468001266882807,0.1079826248609379,0.21690492111457793,-2.6020852139652106e-18,9.887923813067799e-17,0,0
2059,0.1065274746302186,0.1523944097396519,0.11708746083024835,0.2032624531057703,-3.816391647148976e-17,2.255140518769849e-17,0,0
2060,0.1252694960501943,0.1583688308815835,0.123002129860879,0.19151118170423942,6.591949208711867e-17,1.006139616066548e-16,0,0
2061,0.1441308724034758,0.1645006759313307,0.1269524484368958,0.1810062493071456,1.4224732503009818e-16,1.5612511283791264e-16,0,0
2062,0.163032082277721,0.1706634931708864,0.12945237910707874,0.1716582980771797,-1.700029006457271e-16,-1.214306433183765e-16,0,0
2063,0.7642621777069414,0.4207049319280405,0.13299401751325846,0.14798584699531148,-1.491862189340054e-16,-1.0668549377257364e-16,0,0
2064,0.9205486985311342,0.4896880956266212,0.14420196522691953,0.16492709627050317,-1.0581813203458523e-16,5.637851296924623e-18,0,0
2065,0.9383962498036138,0.496122259009705,0.14546306590190383,0.16670825193148175,-1.006139616066548e-16,-1.3877787807814457e-17,0,0
2066,0.952987809703399,0.5024803032953766,0.1465224037155437,0.16850153454890915,1.9255430583342559e-16,4.163336342344337e-17,0,0
2067,0.9828930211513012,0.5096301877258602,0.14880524221656444,0.17031546888313187,-6.158268339717665e-17,-1.734723475976807e-16,0,0
2068,1.0,0.5199999999987361,0.15,0.17291556913971817,0.029112257073366,2.0816681711721685e-17,2,0
2069,0.4750202207076889,0.308536920758714,0.12286137986950507,0.13386528350942933,1.5612511283791264e-17,1.5612511283791264e-16,0,0
2070,0.4940208407082626,0.3147188178445147,0.12319794874065337,0.1334457413321679,8.673617379884035e-18,3.4694469519536136e-17,0,0
2071,0.5130169590416523,0.3208959829232472,0.12349637954309856,0.1332667295268215,8.673617379884035e-18,3.4694469519536136e-17,0,0
2072,0.5320092044564181,0.3270552245964091,0.12387766143348244,0.13330249968859803,-1.3877787807814457e-17,9.714451465470121e-17,0,0
2073,0.5510258269822786,0.3332033793411602,0.12443244235106476,0.13350231831999304,-5.637851296924623e-17,4.510281037539698e-17,0,0
2074,0.5700231651807828,0.3393670782308385,0.12517106336889583,0.1338268415497268,9.4542429440736e-17,7.45931094670027e-17,0,0
2075,0.5890270343362873,0.3455475319237331,0.12603826171920218,0.13424694969642914,-2.1684043449710086e-16,-1.6479873021779667e-16,0,0
2076,0.6080350193307729,0.3517323139521643,0.12694608990338452,0.1347664107109381,2.3505503099485736e-16,5.2041704279304207e-17,0,0
2077,0.6270437070419838,0.3579173649956755,0.12782354123594075,0.13541127047459156,-7.37257477290143e-17,-1.43982048506075e-16,0,0
2078,0.6460524065130274,0.3641020620626202,0.1286455461629714,0.1361982889944926,-1.006139616066548e-16,-5.551115123125783e-17,0,0
2079,0.6650611343938776,0.3702866288792168,0.1294278336000474,0.13711064743594648,1.1535911115245767e-16,3.4694469519536136e-17,0,0
2080,0.6840700516175781,0.3764707224464494,0.13020063699143947,0.13809776344157854,4.510281037539698e-17,-1.249000902703301e-16,0,0
2081,0.2809677901085359,0.2272683711100787,0.12467293883855746,0.14344940680914675,5.2909066017292616e-17,2.949029909160572e-17,0,0
2082,0.1819802912635959,0.1768562945414089,0.13085478027005593,0.16344418602616884,-1.006139616066548e-16,-1.8041124150158796e-16,0,0
2083,0.7030796489980874,0.3826536094766704,0.13098495799130738,0.1391013823840126,7.199102425303751e-17,-2.949029909160572e-17,0,0
2084,0.0,0.1,0.0,0.2888660797553886,-0.0291803051645198,-4.475586568020162e-16,1,0
2085,0.057883006061565,0.1224348466859376,0.09957643433938301,0.24062394132453502,-3.4694469519536136e-17,-9.97465998686664e-17,0,0
2086,0.7220901474735243,0.3888386529105849,0.13178825563081542,0.1400923189616492,-1.778091562876227e-16,1.0234868508263162e-16,0,0
2087,0.7410942967802049,0.3950163781556812,0.13261949842407628,0.14108573822511516,-5.204170427930421e-18,-7.45931094670027e-17,0,0
2088,0.7601162546454382,0.401155424151683,0.13350915044575373,0.1421259644238262,1.93421667571414e-16,2.4286128663675302e-17,0,0
2089,0.7832940258563301,0.4268317219145734,0.1341164481802526,0.14919326944061595,2.1857515797307772e-16,7.979727989493313e-17,0,0
2090,0.8023071506336723,0.4330124824928419,0.13542038690936664,0.15053001613910055,-2.5413698923060224e-16,0.0,0,0
2091,0.8213212028195856,0.4391983067361025,0.136895567301611,0.15193821657987883,2.376571162088225e-16,-1.734723475976807e-18,0,0
2092,0.8403355697222423,0.445384323036107,0.13847716319611436,0.15336417383514345,-1.0234868508263162e-16,1.0408340855860844e-17,0,0
2093,0.8593502179236872,0.4515705430980834,0.14007253850944323,0.15478293616081373,-1.6132928326584306e-16,1.0755285551056204e-16,0,0
2094,0.878365609143952,0.4577568967826962,0.14159881358323645,0.15621743099586638,1.1102230246251563e-16,1.0755285551056204e-16,0,0
2095,0.8973804731590319,0.4639433645681207,0.14301414781294852,0.15772595039334192,7.546047120499111e-17,-6.245004513516506e-17,0,0
2096,0.9162965842988524,0.4701498454129043,0.14432058092504008,0.1593665491009233,-1.2576745200831851e-16,1.1102230246251563e-16,0,0
2097,0.9678198258758808,0.4976523234016121,0.1477177086850432,0.16710011957798088,9.107298248878236e-17,6.765421556309548e-17,0,0
2098,0.2999486145498892,0.233440792757363,0.12476547513597325,0.14030139664659202,-4.8572257327350605e-17,2.949029909160572e-17,0,0
2099,0.3189323592250928,0.2396101305326229,0.1247240179786786,0.13763297047653467,2.6020852139652106e-18,1.7347234759768068e-17,0,0
2100,0.3379211454438655,0.2457792187523743,0.12451992888554742,0.13544323854315365,8.933825901280557e-17,4.510281037539698e-17,0,0
2101,0.3569124855987543,0.2519562609654775,0.124211255211776,0.13369794550636271,-2.0816681711721683e-16,-1.231653667943533e-16,0,0
2102,0.3759008349905818,0.2581355082145532,0.12393779462536259,0.13231292742549883,1.6653345369377348e-16,1.1102230246251563e-16,0,0
2103,0.3948852721203147,0.2643064120380147,0.12384936841181116,0.13117550330656513,-3.382710778154774e-17,-7.45931094670027e-17,0,0
2104,0.4138780947941727,0.2704734680157099,0.12401834305183002,0.1301868092701497,-2.0816681711721685e-17,8.326672684688674e-17,0,0
2105,0.432873819346411,0.2766451850914716,0.12439721747773547,0.12929626410755013,-2.775557561562892e-17,1.0408340855860844e-17,0,0
2106,0.4518719179301115,0.2828113094345747,0.12485043033666443,0.12850319751693107,1.8214596497756478e-17,-1.3530843112619095e-16,0,0
2107,0.2009277178835769,0.183047604311416,0.13143858290140997,0.15638656242231264,1.465841337200402e-16,3.2959746043559335e-17,0,0
2108,0.2198987279663436,0.1892277489775517,0.1314602141233081,0.15042055289850254,-1.4224732503009818e-16,-9.540979117872439e-17,0,0
2109,0.2388708285103873,0.1953963108547357,0.13115924603289386,0.14541893758929803,2.489328188026718e-16,2.012279232133096e-16,0,0
2110,0.2578472045000362,0.2015711771465414,0.1307444589883744,0.14119197462615318,-2.5413698923060224e-16,-1.2836953722228372e-16,0,0
2111,0.2768268061660641,0.2077448722482075,0.13035201099091864,0.13754992574519065,3.9898639947466563e-17,3.2959746043559335e-17,0,0
2112,0.4708725715946121,0.2889907198135707,0.12522928811358724,0.12786210777498308,-6.418476861114186e-17,-7.979727989493313e-17,0,0
2113,0.0195090322501575,0.0980785280306669,0.05305511139258101,0.278496742711853,-1.249000902703301e-16,-4.544975507059236e-16,0,0
2114,0.0555515391423263,0.1016784250325749,0.11650012813845478,0.24048937059335618,2.6367796834847473e-16,6.245004513516507e-16,0,0
2115,0.0760698184594733,0.1302377430066605,0.11190614300221569,0.22390406253260053,-1.873501354054952e-16,-1.4224732503009818e-16,0,0
2116,0.1006767266282129,0.1309158289318551,0.13024503587553227,0.20153325623233975,2.827599265842196e-16,2.723515857283587e-16,0,0
2117,0.1214618434709066,0.1390230899723007,0.134838977030995,0.18745726359293613,-6.765421556309548e-17,-1.9255430583342559e-16,0,0
2118,0.1400813133553554,0.1450643718176328,0.13786992063865,0.17630425296776053,9.367506770274757e-17,-3.9898639947466563e-17,0,0
2119,0.158926476444503,0.1512160726863489,0.13953952434985695,0.16645784110761497,-2.5587171270657905e-16,-9.887923813067799e-17,0,0
2120,0.1778159182302883,0.1573822291301112,0.14023736640501738,0.15781536798083806,1.3964523981613295e-16,1.3530843112619095e-16,0,0
2121,0.7791366597955174,0.4072854207624038,0.1345034354238841,0.14327963371238184,-1.1969591984239971e-16,-1.6826817716975031e-16,0,0
2122,0.934810368295846,0.4764414478084469,0.14554389309250126,0.16115172666786748,-1.3357370765021415e-16,2.0816681711721685e-17,0,0
2123,0.9533617237176806,0.4827955644082983,0.146773701234995,0.1629892808321074,1.3227266504323154e-16,2.6020852139652106e-17,0,0
2124,0.9835245894360184,0.4899383824054073,0.14885097974546824,0.16476513693896777,-1.0581813203458523e-16,1.3704315460216776e-16,0,0
2125,1.0,0.4999999999986943,0.15,0.16701688749128607,0.0291086875132049,-2.4286128663675302e-17,2,0
2126,0.4898740332632057,0.295172662173307,0.12546623120988443,0.12742983328527802,1.1882855810441126e-16,6.938893903907228e-18,0,0
2127,0.50887567671442,0.3013547142966809,0.12560587624216168,0.12724191470509671,-1.249000902703301e-16,-4.163336342344337e-17,0,0
2128,0.5278733635140009,0.307531210095808,0.1257735146155028,0.12728769114840244,9.540979117872439e-17,3.122502256758253e-17,0,0
2129,0.5468699559846592,0.3136790818047515,0.12609920321210666,0.1275096831896092,-2.6020852139652106e-17,5.377642775528102e-17,0,0
2130,0.5658764781620121,0.3198294227265462,0.12663864065751795,0.12785558757474114,-9.020562075079396e-17,-5.724587470723462e-17,0,0
2131,0.5848786575151549,0.3259951912167632,0.1273551659796226,0.12829096645830873,7.025630077706069e-17,1.2836953722228372e-16,0,0
2132,0.6038862288420815,0.3321790408270931,0.12815253596238563,0.1288161412342248,-7.45931094670027e-17,-3.4694469519536136e-17,0,0
2133,0.6228948153017538,0.3383633258662552,0.1289342531034947,0.1294567198487897,-5.2041704279304207e-17,1.0755285551056204e-16,0,0
2134,0.6419036849574418,0.3445478028996972,0.12965213538478793,0.13024233248948747,2.1337098754514727e-16,3.9898639947466563e-17,0,0
2135,0.6609125827416197,0.3507322277567543,0.13031915104967595,0.1311686672985104,-1.9255430583342559e-16,-1.717376241217039e-16,0,0
2136,0.6799214268984819,0.3569159401753879,0.13098291709682286,0.13218755401189242,1.465841337200402e-16,1.1275702593849246e-16,0,0
2137,0.6989302639012003,0.3630998389586886,0.13168609413530774,0.13322960782136306,-1.0495077029659683e-16,1.908195823574488e-17,0,0
2138,0.2958076964347777,0.2139202851847725,0.129997811182875,0.134371094353682,1.0408340855860844e-16,-2.255140518769849e-17,0,0
2139,0.1967438781583239,0.1635051594192511,0.14022953296307605,0.15030678923994856,2.1337098754514727e-16,1.8561541192951838e-16,0,0
2140,0.7179401106653334,0.3692827052729282,0.1324431175968197,0.13424408289404255,-1.3964523981613295e-16,-6.938893903907228e-18,0,0
2141,0.0382683433374196,0.09238795320933,0.097915318931598,0.25913683492784845,-4.85722573273506e-16,-9.298117831235686e-16,0,0
2142,0.0746773929778915,0.1099661303430575,0.12994918319225235,0.22034158332930964,3.0184188481996443e-16,4.206704429243757e-16,0,0
2143,0.7369485075834594,0.3754663435892733,0.13324536730380387,0.1352335404465066,2.3939183968479943e-16,-6.765421556309548e-17,0,0
2144,0.7559607284709715,0.381615944907109,0.13408905877031074,0.1362419139945814,-2.281161370909501e-16,-7.63278329429795e-17,0,0
2145,0.7749938589858902,0.3877287665836066,0.1349948526689495,0.13734183692872648,1.4311468676808659e-16,1.5612511283791264e-16,0,0
2146,0.7981571170167415,0.4134529773505379,0.1356519875684512,0.1445812861641116,1.7347234759768068e-17,9.237402509576498e-17,0,0
2147,0.8171712001815752,0.4196386168879694,0.13697943057752582,0.14599464061234357,1.006139616066548e-16,1.734723475976807e-18,0,0
2148,0.8361856999723575,0.4258244303261644,0.1384617802902568,0.14745420088729588,-3.2959746043559335e-17,8.500145032286355e-17,0,0
2149,0.8552005039608828,0.4320106428645872,0.14002567140519773,0.14891465380469526,-2.4286128663675302e-17,-4.8572257327350605e-17,0,0
2150,0.8742158524031415,0.4381976010158842,0.1415747045934026,0.15038154597414177,6.158268339717665e-17,-1.43982048506075e-16,0,0
2151,0.8932315436030951,0.4443842459765588,0.14302630273731864,0.151913436017594,-4.163336342344337e-17,8.673617379884035e-18,0,0
2152,0.9122468806499674,0.4505699955868179,0.14434236429206493,0.15358404697803962,-3.122502256758253e-17,-9.887923813067799e-17,0,0
2153,0.9312609483071164,0.4567550483512121,0.1455407681809575,0.15542062101667398,3.7296554733501346e-17,3.4694469519536136e-17,0,0
2154,0.9706829908263812,0.4805751286824073,0.1479658811505118,0.16235722868759694,-1.3877787807814457e-17,-1.214306433183765e-17,0,0
2155,0.3147800161537975,0.2200915452011897,0.12960948435738828,0.1316107925158292,-7.719519468096792e-17,-2.0816681711721685e-17,0,0
2156,0.3337609052208746,0.2262434820810137,0.12910826141251164,0.12926382806237058,1.1449174941446927e-16,4.8572257327350605e-17,0,0
2157,0.352747120794775,0.2324012575775364,0.12847904575437497,0.1273472691364077,-3.0357660829594124e-17,-7.63278329429795e-17,0,0
2158,0.371749928973425,0.238586962952747,0.12781934415806973,0.12583703706268423,1.5092094240998222e-16,-5.724587470723462e-17,0,0
2159,0.390731409037408,0.2447503542432403,0.12730541384644312,0.12464586403089584,-7.63278329429795e-17,-6.591949208711867e-17,0,0
2160,0.4097228427388205,0.2509272489585115,0.12706558888612562,0.12368393897418883,-9.714451465470121e-17,-2.255140518769849e-17,0,0
2161,0.42871941101276,0.2570881445404427,0.12712581581763516,0.12286139826423792,1.5525775109992423e-16,-3.122502256758253e-17,0,0
2162,0.4477193777338291,0.2632615499316437,0.12737375822462127,0.12215785951050329,3.903127820947816e-17,7.979727989493313e-17,0,0
2163,0.4667241806233842,0.2694439672133798,0.12763993817316077,0.12159334083398043,-7.45931094670027e-17,-5.2041704279304207e-17,0,0
2164,0.2157575192705471,0.1697258538494423,0.13962534735355803,0.14397236772250466,-2.940356291780688e-16,-1.3183898417423734e-16,0,0
2165,0.2347238574528927,0.1758697558087909,0.13868515418516836,0.13873102366395784,1.214306433183765e-16,4.6837533851373785e-17,0,0
2166,0.2537038540351939,0.1820459880944463,0.13758704537485755,0.13443567529495226,9.367506770274757e-17,-1.3877787807814457e-17,0,0
2167,0.2726838322133118,0.1882192144292372,0.13653747282023687,0.1308510381019019,-2.255140518769849e-17,-7.63278329429795e-17,0,0
2168,0.2916677557193958,0.1943941206065719,0.13562451487177896,0.12777107858654801,-1.734723475976807e-18,2.4286128663675302e-17,0,0
2169,0.4857266244181412,0.2756261787842604,0.12779385953672318,0.12121669444210192,-4.6837533851373785e-17,1.0408340855860844e-17,0,0
2170,0.073101156319375,0.089074875709575,0.1513633232657412,0.21216586157186512,-7.424616477180734e-16,-7.788908407135864e-16,0,0
2171,0.0555570234468331,0.0831469611334535,0.13695796474053168,0.23245734777850657,2.983724378680108e-16,1.5785983631388942e-16,0,0
2172,0.0904029142907545,0.1167235466155223,0.13636015485678854,0.20585526546501143,-4.996003610813204e-16,-5.238864897449957e-16,0,0
2173,0.118216325712894,0.1193540867041253,0.14954852176265376,0.18054693272466338,5.464378949326942e-16,4.562322741819004e-16,0,0
2174,0.13605592357774,0.1255677743837516,0.15071610443601458,0.16941252980292987,-6.210310043996969e-16,-3.86843335142828e-16,0,0
2175,0.1548001511816144,0.1317420389077882,0.15098978578043898,0.15934639248748184,3.573530360512222e-16,3.209238430557093e-16,0,0
2176,0.1736466353429563,0.1378449796073459,0.15058333745446362,0.15056873703137086,-1.1188966420050406e-16,-6.938893903907227e-17,0,0
2177,0.1925353730758728,0.1440299572472412,0.14964758636642728,0.14297935319775945,-4.510281037539698e-17,-6.765421556309548e-17,0,0
2178,0.79400750894729,0.3938978417460252,0.13600187687895726,0.13860920056140458,-4.163336342344337e-17,-9.4542429440736e-17,0,0
2179,0.9466699309760308,0.4646878933811169,0.14645536866794373,0.15783269473877226,1.873501354054952e-16,-1.6479873021779667e-16,0,0
2180,0.9650025864637574,0.4623673097648769,0.14757759410679938,0.1572692972506502,-1.9081958235744878e-16,-1.0408340855860844e-17,0,0
2181,1.0,0.4799999999987418,0.15,0.1614571010952659,0.0290615879462493,-2.255140518769849e-17,2,0
2182,0.9837062286385684,0.4701220634318416,0.14880568220566204,0.1593254025956412,1.0234868508263162e-16,-1.908195823574488e-17,0,0
2183,0.5047273976723021,0.2818064754052785,0.1278175264760648,0.12106929533060451,1.48318857196017e-16,2.775557561562892e-17,0,0
2184,0.5237306483094076,0.2879873438043286,0.12780700301823344,0.12115340285295284,1.734723475976807e-18,-7.45931094670027e-17,0,0
2185,0.5427285500416323,0.2941449335664149,0.1279078683028274,0.12141797384219533,1.1275702593849246e-17,-5.2041704279304207e-17,0,0
2186,0.561740929038252,0.3002810276086299,0.1282214192608535,0.12179591419761504,-1.0581813203458523e-16,-4.6837533851373785e-17,0,0
2187,0.5807345193042259,0.3064506379908188,0.12874486266582608,0.12225741539685586,2.1250362580715887e-16,-8.673617379884035e-18,0,0
2188,0.5997375295111859,0.3126255666281451,0.12939896152920483,0.12278263792695299,-6.418476861114186e-17,-2.0816681711721685e-17,0,0
2189,0.6187459219435552,0.3188094380353561,0.1300708552033143,0.1234067301464421,-1.4051260155412135e-16,-8.153200337090992e-17,0,0
2190,0.637754840638844,0.324993667977114,0.1306870661098003,0.12417182845868524,1.7433970933566911e-16,2.0816681711721685e-17,0,0
2191,0.6567640477123418,0.3311777877586505,0.13124557201768994,0.125093002879197,3.5561831257524545e-17,6.245004513516506e-17,0,0
2192,0.6757730585416294,0.3373616049748545,0.131800289428881,0.1261338708770836,-1.5959455978986623e-16,8.673617379884035e-18,0,0
2193,0.6947815308080005,0.3435449291792405,0.13241436270808293,0.12721973092857297,5.030698080332741e-17,-5.204170427930421e-18,0,0
2194,0.7137896655837355,0.3497300826570107,0.1331177607420706,0.12828102200671765,1.3964523981613295e-16,6.591949208711867e-17,0,0
2195,0.310653473831923,0.2005713531862455,0.13480981956126925,0.12506869237117968,-5.724587470723462e-17,-3.642919299551295e-17,0,0
2196,0.2114507909050473,0.1499191399899009,0.1484692949265991,0.13634202688807306,1.899522206194604e-16,1.1969591984239971e-16,0,0
2197,0.7327986003469076,0.3558908508566677,0.13389815975281927,0.12928844415148433,-5.551115123125783e-17,1.908195823574488e-17,0,0
2198,0.0934673108685633,0.0978619643071181,0.15795099537831447,0.19241881180923848,-1.3877787807814457e-17,9.54097911787244e-18,0,0
2199,0.1041599131015017,0.1122779157968114,0.14942249050659484,0.18971243468396892,9.540979117872439e-17,3.4694469519536136e-17,0,0
2200,0.7518135475384385,0.3620420925887966,0.13472151005753474,0.13029135822534954,-1.0408340855860844e-17,1.1102230246251563e-16,0,0
2201,0.7708370386038175,0.368177493439071,0.13557144327561232,0.13137229621361257,-1.6479873021779667e-17,-4.8572257327350605e-17,0,0
2202,0.7898575689514501,0.3743334736155046,0.13646801043411472,0.13261335416859765,-3.9898639947466563e-17,1.0408340855860844e-16,0,0
2203,0.8130211923624026,0.4000789422767699,0.13716113567965849,0.1400148859750061,6.245004513516506e-17,-1.1926223897340551e-16,0,0
2204,0.8320355944787932,0.4062641334528964,0.1384894941332746,0.14149211224889768,9.540979117872439e-17,1.214306433183765e-17,0,0
2205,0.8510506434229683,0.4124503191396003,0.13995040378758716,0.14297167595918836,-2.324529457808921e-16,-3.469446951953614e-18,0,0
2206,0.8700660661498367,0.4186368353238298,0.1414587825863194,0.14443439520528045,2.229119666630197e-16,3.122502256758253e-17,0,0
2207,0.8890819098934936,0.4248235400392721,0.1429115633151028,0.14593449577250794,-2.2638141361497333e-16,1.3183898417423734e-16,0,0
2208,0.9080982855396892,0.4310102969200127,0.14422967012416166,0.1475727930830999,1.474514954580286e-16,1.006139616066548e-16,0,0
2209,0.9271144384499196,0.4371963969363344,0.14539284910724604,0.14942687838720303,-1.899522206194604e-16,-6.071532165918825e-17,0,0
2210,0.948914028095754,0.4450800965727502,0.14660896052890848,0.15202180800383758,1.4051260155412135e-16,2.0209528495129803e-16,0,0
2211,0.3296010197307461,0.2067065774114904,0.13399100734295644,0.12269860503306518,-4.250072516143178e-17,2.0816681711721685e-17,0,0
2212,0.3485767475558794,0.2128484220129378,0.13307249482750194,0.12068172084659778,-6.938893903907228e-18,3.816391647148976e-17,0,0
2213,0.3675615119758512,0.2189931987006682,0.1320790916606711,0.11904184564757969,-5.464378949326943e-17,3.816391647148976e-17,0,0
2214,0.3865669453296858,0.2251884123717763,0.131138863121123,0.1177780239381434,-1.3010426069826053e-17,1.301042606982605e-16,0,0
2215,0.4055626300716204,0.2313575809238391,0.13044099899616413,0.11680426171409408,-1.4311468676808659e-16,-3.4694469519536136e-17,0,0
2216,0.4245701479235447,0.2375323775357022,0.13007793812494128,0.11605060680253843,1.1362438767648086e-16,1.0581813203458523e-16,0,0
2217,0.4435726220276963,0.2437142075439549,0.1300107146244045,0.11546269165510203,-1.43982048506075e-16,-6.071532165918825e-17,0,0
2218,0.462575906536526,0.2498962048166694,0.13008884186137948,0.11502336110024558,1.491862189340054e-16,1.5612511283791264e-17,0,0
2219,0.4815791830523011,0.2560784169233113,0.13014109274217844,0.11475810895788685,-7.979727989493313e-17,-4.163336342344337e-17,0,0
2220,0.2304744970393137,0.156180060085269,0.14679934560263064,0.1309724133535397,-3.4954678040932663e-16,-2.0643209364124002e-16,0,0
2221,0.2495067979274084,0.1624374993367041,0.14496597449124238,0.12664230816164945,3.773023560249555e-16,1.9775847626135598e-16,0,0
2222,0.2685396778806551,0.1686925486549797,0.1431668976420042,0.12316450245043598,-9.540979117872439e-17,6.245004513516506e-17,0,0
2223,0.2875295857273796,0.1748221177586894,0.14160147569600667,0.12024810016181675,-1.43982048506075e-16,-1.0408340855860844e-17,0,0
2224,0.3065103126916763,0.1810382753598062,0.14023520146110968,0.11777249756873687,1.6479873021779667e-16,9.194034422677078e-17,0,0
2225,0.5005804509499937,0.2622585241020463,0.1300786709014119,0.1147000697415107,4.076600168545497e-17,-5.898059818321144e-17,0,0
2226,0.0707106782866362,0.0707106779506733,0.17089632700799484,0.19941288784999855,5.967448757360216e-16,6.054184931159057e-16,0,0
2227,0.0888836520247063,0.0743199103796685,0.18139469187121904,0.1778805166638957,-4.336808689942017e-16,-3.5041414214731503e-16,0,0
2228,0.1316643610120335,0.1060831279344921,0.16551222760654127,0.16003576397749697,2.584737979205442e-16,3.0184188481996443e-16,0,0
2229,0.1128881962871568,0.1000231639486372,0.1654803311203068,0.172863999157979,-5.2041704279304207e-17,-6.245004513516506e-17,0,0
2230,0.1506098089405966,0.1122573552621605,0.16400644985833424,0.14969005504243427,6.071532165918825e-17,-1.6653345369377348e-16,0,0
2231,0.1694793057034999,0.1183768983425439,0.16195443759670525,0.1411277690038446,-2.463307335887066e-16,-2.203098814490545e-16,0,0
2232,0.1883734169505181,0.1244585317385425,0.1597810152989041,0.133759525280702,1.8388068845354155e-16,1.214306433183765e-16,0,0
2233,0.2073188270922092,0.1304710272565226,0.15758160700534063,0.12734728341200707,-3.0184188481996443e-16,-2.203098814490545e-16,0,0
2234,0.8088708846951989,0.3805187622637956,0.1374639660956376,0.13402462377166557,3.469446951953614e-18,3.4694469519536136e-17,0,0
2235,0.9831378399071256,0.4507938914779741,0.14865689082331812,0.1538619021885097,9.887923813067799e-17,3.4694469519536136e-17,0,0
2236,1.0,0.4599999999988,0.15,0.15595002135387404,0.0290338502833036,4.163336342344337e-17,2,0
2237,0.5195771589123572,0.2684369591423486,0.12993838359943766,0.11485667030405144,6.938893903907228e-18,6.591949208711867e-17,0,0
2238,0.5385760583437615,0.2745933179889935,0.12984823522265287,0.1151840918076874,-1.0148132334464322e-16,2.255140518769849e-17,0,0
2239,0.5575810646808331,0.2807457831214453,0.1299322754645118,0.11562293982524174,-1.0495077029659683e-16,8.326672684688674e-17,0,0
2240,0.5765851353105844,0.2869008465462582,0.13023777814055393,0.11611674346891476,1.0408340855860844e-16,-4.8572257327350605e-17,0,0
2241,0.5955883862881668,0.2930717732185708,0.13071252808924783,0.11665150075232589,-1.726049858596923e-16,5.898059818321144e-17,0,0
2242,0.6145970915187187,0.2992555030028548,0.13124976959045398,0.11725756198931947,1.700029006457271e-16,6.938893903907227e-17,0,0
2243,0.6336063065920612,0.3054396519601302,0.13175851824752272,0.11798876944520487,1.734723475976807e-18,-8.673617379884034e-17,0,0
2244,0.6526153456577158,0.3116238015018342,0.13221563989128526,0.11888378440130509,-4.597017211338539e-17,-3.2959746043559335e-17,0,0
2245,0.6716248439457448,0.3178070839464163,0.13266879968499268,0.11992720340583674,-2.688821387764051e-17,2.6020852139652106e-17,0,0
2246,0.6906346640393639,0.3239909207301911,0.13319288810862417,0.12105034992788433,-1.214306433183765e-17,-4.8572257327350605e-17,0,0
2247,0.7096411393112271,0.3301764924408997,0.13383532772942885,0.12216860202101998,-1.214306433183765e-17,-4.6837533851373785e-17,0,0
2248,0.7286396005839388,0.3363361946752813,0.13458875281508398,0.12322583678053434,6.938893903907228e-18,4.336808689942018e-17,0,0
2249,0.3254518573799015,0.1871652094355403,0.1390300739894883,0.11554699779114941,-1.0928757898653883e-16,-8.673617379884035e-18,0,0
2250,0.2262806457433826,0.1365787292349435,0.15522012342626113,0.1219971434165501,1.717376241217039e-16,7.112366251504909e-17,0,0
2251,0.7476498194091428,0.3424937234688446,0.13540217181326564,0.12425314946085564,5.984795992119983e-17,-3.4694469519536136e-17,0,0
2252,0.1087763499782067,0.0806598339572788,0.18364479532215228,0.16013173239452883,5.342948306008566e-16,2.8622937353617317e-16,0,0
2253,0.7666865908163321,0.3486081992718143,0.13622747039931227,0.12532172851388168,-1.9428902930940242e-16,-5.724587470723462e-17,0,0
2254,0.7857052364848551,0.3547704972521433,0.1370472541996932,0.1265556955165721,1.6740081543176186e-16,-6.245004513516506e-17,0,0
2255,0.8047195586493269,0.3609564505842358,0.13790539110350863,0.12798342465566748,5.2041704279304207e-17,9.194034422677078e-17,0,0
2256,0.8278851529515947,0.3867034137633552,0.13861051126792745,0.13553283573878616,-2.0296264668928643e-16,6.375108774214766e-17,0,0
2257,0.8469002629017226,0.3928893810836382,0.1399143505028846,0.13704498289939693,3.903127820947816e-17,1.3877787807814457e-17,0,0
2258,0.8659157229047475,0.3990756082189211,0.14132104410263935,0.13850388208584263,2.0643209364124002e-16,-1.1622647289044608e-16,0,0
2259,0.8849314692107559,0.4052619646442681,0.14272924289425504,0.13993988293304938,-1.89084858881472e-16,-9.540979117872439e-17,0,0
2260,0.9039477955150688,0.4114483123862005,0.14403287655027697,0.1414677114985352,2.298508605669269e-16,-1.8388068845354155e-16,0,0
2261,0.922964553872937,0.4176347107188536,0.14517264382523365,0.14322190303028037,-1.1102230246251563e-16,2.255140518769849e-17,0,0
2262,0.9419817755696592,0.4238213791426015,0.1461751498381929,0.1452567035157699,-6.938893903907227e-17,-1.43982048506075e-16,0,0
2263,0.9684831205401748,0.4440012305366736,0.14768222117412222,0.15187806853418806,-1.7477339020466331e-16,3.122502256758253e-17,0,0
2264,0.3444048640288441,0.1932535233069343,0.13783291811432719,0.11356544206312691,1.4051260155412135e-16,-7.45931094670027e-17,0,0
2265,0.3634028352714287,0.1994334718513303,0.13654282999050338,0.11191441369750521,3.4694469519536136e-17,1.734723475976807e-18,0,0
2266,0.3824025203912722,0.205617075329255,0.13524358178528928,0.11060208378531655,-1.5525775109992423e-16,-6.245004513516506e-17,0,0
2267,0.401411397340394,0.2118056290155769,0.1340964359287682,0.10962222207475492,1.249000902703301e-16,2.0816681711721685e-17,0,0
2268,0.420418559326446,0.2179835966516938,0.13326136297928315,0.10892252428959992,-4.4235448637408575e-17,-6.245004513516506e-17,0,0
2269,0.4394247038431611,0.2241666263367856,0.1327846849389971,0.10844713104949122,1.3704315460216776e-16,5.030698080332741e-17,0,0
2270,0.4584280340858667,0.2303478718119142,0.13257805058037775,0.1081512758946861,5.898059818321144e-17,6.938893903907228e-18,0,0
2271,0.4774317481849043,0.2365295541852564,0.1324719875901792,0.10802783558870743,-4.3368086899420185e-18,5.204170427930421e-18,0,0
2272,0.4964349858830024,0.2427113840928077,0.13232336538476375,0.10809059191697479,-1.205632815803881e-16,6.071532165918825e-17,0,0
2273,0.2453066510951755,0.142825856823507,0.1526849280735405,0.11771357115559056,-5.117434254131581e-17,-7.112366251504909e-17,0,0
2274,0.2643198176911413,0.1490517512959901,0.15016413438479503,0.11434457105752927,-8.500145032286355e-17,0.0,0,0
2275,0.2833580866375768,0.1552559976843249,0.14783755225744244,0.11167528551173689,6.071532165918825e-17,3.122502256758253e-17,0,0
2276,0.3024178492216623,0.161332549817217,0.14585796273240703,0.10941203034045088,-6.0715321659188256e-18,-5.898059818321144e-17,0,0
2277,0.3213000362048326,0.1676293286645062,0.14410706892431335,0.10758949815476626,-6.071532165918825e-17,-1.214306433183765e-17,0,0
2278,0.5154302660481885,0.2488917933403398,0.13209560304858314,0.10834457243816242,5.724587470723462e-17,-1.214306433183765e-17,0,0
2279,0.0831469613250803,0.0555570231600433,0.19952213839678734,0.16024309530735614,-4.440892098500626e-16,-2.688821387764051e-16,0,0
2280,0.1027398934086151,0.0549156169405384,0.2082690947154333,0.13395116467283685,-2.498001805406602e-16,-6.765421556309548e-17,0,0
2281,0.127154570714973,0.0862506821095896,0.18234228866299418,0.14689958923371194,-4.753142324176451e-16,-3.157196726277789e-16,0,0
2282,0.1464011688273432,0.0927913065177049,0.17847826488105056,0.13680856787591722,2.983724378680108e-16,2.8449465006019636e-16,0,0
2283,0.1652977722254031,0.0989550918063277,0.17436400744963976,0.12885552692453928,4.510281037539698e-17,7.63278329429795e-17,0,0
2284,0.1842250635405643,0.1049829575517281,0.17050376292172587,0.12217468373236073,-4.380176776841438e-16,-1.769417945496343e-16,0,0
2285,0.2031652541107667,0.1109398286109972,0.1670390767585559,0.11639194388208551,5.325601071248798e-16,2.8796409701215003e-16,0,0
2286,0.2221448066441015,0.1170652149049785,0.1637439793021258,0.11152553042808222,-1.778091562876227e-16,-7.28583859910259e-17,0,0
2287,0.8237343263091292,0.3671424515968827,0.13887104715597332,0.1295470378063328,-9.540979117872439e-17,-2.6020852139652106e-17,0,0
2288,0.96258330600542,0.4287743883138905,0.14723771825281062,0.14708456068956366,1.9775847626135598e-16,-1.1969591984239971e-16,0,0
2289,1.0,0.4399999999988584,0.15,0.15018430663712934,0.0290153448389822,-3.2959746043559335e-17,2,0
2290,0.9840328441730836,0.432344074854214,0.1485903675993825,0.14829396742743484,6.114900252818245e-17,-6.938893903907227e-17,0,0
2291,0.5344256123551361,0.2550520923879299,0.13186624198101526,0.10875418713488205,1.006139616066548e-16,5.204170427930421e-18,0,0
2292,0.553422819283527,0.2612091921384263,0.13175439278734302,0.10926584566322406,-1.474514954580286e-16,-1.1275702593849246e-16,0,0
2293,0.5724328960672417,0.2673453808799491,0.13184234600271338,0.10980926825569526,2.688821387764051e-16,1.5612511283791264e-17,0,0
2294,0.5914389041063199,0.273517765333167,0.13211441433384152,0.11037580818270243,-1.708702623837155e-16,-6.591949208711867e-17,0,0
2295,0.6104480139912603,0.2797012489024866,0.13249015573001088,0.11097977830620209,8.760353553682876e-17,-5.2041704279304207e-17,0,0
2296,0.6294574551392358,0.2858851488267904,0.1328765209261178,0.1116811189491358,9.627715291671279e-17,4.8572257327350605e-17,0,0
2297,0.6484675031436183,0.2920700675327328,0.13323262012653458,0.11254047630563946,-1.1102230246251563e-16,7.45931094670027e-17,0,0
2298,0.6674767648632038,0.2982526920798652,0.13359173363136279,0.11356932253573859,-4.250072516143178e-17,-3.9898639947466563e-17,0,0
2299,0.686486114241067,0.3044355696118064,0.13402952920461075,0.11471644089579058,-3.903127820947816e-17,3.469446951953614e-18,0,0
2300,0.7054968168516217,0.3106201362413765,0.1346066758486586,0.1158919969834642,3.122502256758253e-17,8.673617379884034e-17,0,0
2301,0.7244947772608931,0.316796175867649,0.13532515716285332,0.11702053490296294,1.3010426069826053e-17,-4.336808689942018e-17,0,0
2302,0.7434995943302113,0.3229473147598001,0.13612982262223383,0.1180906353536102,-4.6837533851373785e-17,1.908195823574488e-17,0,0
2303,0.3402564300018887,0.1737100991159858,0.14256882508834678,0.10583402468238035,3.4867941867133823e-16,7.63278329429795e-17,0,0
2304,0.2411260720608012,0.1232467537971166,0.16051007964415476,0.10752598878714537,-3.5561831257524545e-17,-8.673617379884035e-18,0,0
2305,0.7625147716310324,0.3290669288227556,0.13694465866914918,0.11917213883043587,8.933825901280557e-17,-3.2959746043559335e-17,0,0
2306,0.1207022997869541,0.0642836421057929,0.2017599056639483,0.12793664111155323,7.320533068622126e-16,3.642919299551295e-16,0,0
2307,0.7815548862886672,0.3352111162580362,0.13772337164819604,0.12039071563754078,1.222980050563649e-16,-5.204170427930421e-18,0,0
2308,0.8005691762165773,0.3413965733097519,0.13848099933152724,0.12182631104542452,-2.83627288322208e-16,-4.510281037539698e-17,0,0
2309,0.8195839015802886,0.347582031204436,0.13929140192794875,0.12344587680991026,2.333203075188805e-16,7.806255641895632e-17,0,0
2310,0.842749746196757,0.3733284285930782,0.1399909442658256,0.13113410417827254,7.63278329429795e-17,-2.9923979960599916e-17,0,0
2311,0.8617653022796297,0.3795145800945791,0.1412515263801879,0.13264103571464148,9.107298248878236e-17,7.28583859910259e-17,0,0
2312,0.880781038021738,0.3857008103128289,0.1425720400258541,0.1340487276947897,-3.816391647148976e-17,5.2041704279304207e-17,0,0
2313,0.8997967788430279,0.3918873387075817,0.14383659035918583,0.1354538165815029,2.5153490401663706e-17,7.979727989493313e-17,0,0
2314,0.9188132126924312,0.3980739950062889,0.14495275806746122,0.13702646103774896,-2.0729945537922842e-16,2.0816681711721685e-17,0,0
2315,0.9377683510826604,0.40424927183152,0.1459085169014287,0.1389025261205461,1.240327285323417e-16,4.6837533851373785e-17,0,0
2316,0.9564774689493456,0.4103752108938417,0.14680446949620318,0.14105387395056823,-1.5872719805187782e-16,6.765421556309548e-17,0,0
2317,0.3592565125469214,0.179889832233918,0.1410164392000297,0.10432056754251562,-3.269953752216281e-16,-8.673617379884034e-17,0,0
2318,0.3782540683146274,0.1860716773299141,0.13943302244751976,0.1030724571514341,-1.214306433183765e-17,-6.938893903907228e-18,0,0
2319,0.3972610280925722,0.1922535714834939,0.13791413064791413,0.1021327815513331,1.734723475976807e-16,5.030698080332741e-17,0,0
2320,0.4162661429293584,0.198434705576217,0.13662717121769674,0.1015032485595242,-1.3357370765021415e-16,-3.122502256758253e-17,0,0
2321,0.4352761759352439,0.2046184288800402,0.1356954429184043,0.10114181592475191,-1.0408340855860844e-16,-9.887923813067799e-17,0,0
2322,0.4542794315248769,0.2108003868169353,0.13511810856834927,0.10099432579850287,6.071532165918825e-17,1.1622647289044608e-16,0,0
2323,0.47328320429288,0.2169813638949863,0.13477328783028497,0.10102353507027573,-2.775557561562892e-17,-2.4286128663675302e-17,0,0
2324,0.4922878825541739,0.2231619223796276,0.1345012237670744,0.10121824763442167,-1.5785983631388942e-16,-5.030698080332741e-17,0,0
2325,0.5112930150074774,0.2293441278913695,0.1342016921985305,0.1015760174724274,2.1510571102112408e-16,3.642919299551295e-17,0,0
2326,0.2601320761090057,0.1294603471910188,0.15729928031396412,0.10438358520079305,-9.367506770274757e-17,-5.551115123125783e-17,0,0
2327,0.279146230750897,0.1356500684060506,0.1542466574564969,0.10197899642354002,-1.4311468676808659e-16,-1.3704315460216776e-16,0,0
2328,0.2981622051215379,0.141802285572923,0.15152349329946446,0.10011072139438681,3.981190377366772e-16,1.231653667943533e-16,0,0
2329,0.3171469122793227,0.1479611033486666,0.14919694931813865,0.0985912675324414,-3.165870343657673e-16,-1.4224732503009818e-16,0,0
2330,0.3361171579770609,0.1541742338114044,0.14718453886234784,0.09728230919564851,2.3592239273284576e-16,1.0928757898653883e-16,0,0
2331,0.5302857072374247,0.2355192606152379,0.13388214966107626,0.10207467914922663,-2.775557561562892e-17,5.204170427930421e-18,0,0
2332,0.0923879532975017,0.0382683431245545,0.22237769297748855,0.11458525398457198,4.163336342344337e-16,6.245004513516506e-17,0,0
2333,0.1217976452622463,0.048294609478073,0.21522560036964933,0.10309625930231192,-2.0469737016526324e-16,-5.898059818321144e-17,0,0
2334,0.1417955917656073,0.0728504900691522,0.1941914358953909,0.119668201879648,-6.48786580015326e-16,-2.740863092043355e-16,0,0
2335,0.1611265393986409,0.0794754692305583,0.1875617352475274,0.11301350378877117,6.722053469410127e-16,1.9081958235744878e-16,0,0
2336,0.1800433638078425,0.0855709502845332,0.18167415518473717,0.10765518767538396,-3.694961003830599e-16,-1.3183898417423734e-16,0,0
2337,0.1989912684453558,0.0915964445274241,0.1765781134399731,0.10313865273516853,-7.806255641895632e-17,-1.214306433183765e-16,0,0
2338,0.2180024800839189,0.0975494852193649,0.17221549192709062,0.09913598880211794,9.97465998686664e-17,4.8572257327350605e-17,0,0
2339,0.2369783267618007,0.1037208837740464,0.16819189521629596,0.09586904601702884,5.2909066017292616e-17,-2.4286128663675302e-17,0,0
2340,0.8385991412986603,0.3537676513787457,0.1402303197032353,0.12513890920490667,-1.6306400674181987e-16,-8.066464163292153e-17,0,0
2341,0.9758668694932676,0.4166316557995286,0.14791110228182447,0.1433107588054554,-6.418476861114186e-17,1.9428902930940242e-16,0,0
2342,1.0,0.4199999999989167,0.15,0.14405796056053077,0.0289547834061176,3.469446951953614e-18,2,0
2343,0.5492703008499721,0.2416675024480806,0.13362927103162292,0.10265900862943075,1.6479873021779667e-17,4.510281037539698e-17,0,0
2344,0.5682733322158243,0.2478162212423195,0.1335278556623507,0.10327724463136967,1.3877787807814457e-17,-3.122502256758253e-17,0,0
2345,0.5872891985536461,0.2539638936754856,0.1336030298730293,0.10389051727480236,-9.540979117872439e-17,1.1796119636642288e-16,0,0
2346,0.6062962873308414,0.2601538758601941,0.13380166844569885,0.10452562040978108,-3.4694469519536136e-17,-6.245004513516506e-17,0,0
2347,0.6253042162754332,0.2663426812031072,0.13404866692485484,0.10522429775446085,-1.0581813203458523e-16,3.642919299551295e-17,0,0
2348,0.6443177441681814,0.272516305957969,0.13429710912816972,0.10605448268836426,1.1622647289044608e-16,2.255140518769849e-17,0,0
2349,0.6633284648939719,0.2786986841662692,0.13456327235968502,0.10706481759893904,7.719519468096792e-17,2.0816681711721685e-17,0,0
2350,0.6823366344757218,0.2848835054647766,0.13491616169147846,0.10822714988921689,-3.4694469519536136e-17,8.673617379884035e-18,0,0
2351,0.701348030825081,0.2910636859656046,0.13542285726047965,0.10945614519118863,-1.0234868508263162e-16,-1.700029006457271e-16,0,0
2352,0.7203593934395462,0.2972484173045995,0.13609615664180552,0.11066425761089249,1.873501354054952e-16,4.6837533851373785e-17,0,0
2353,0.7393714772400813,0.3034341722356311,0.13688197377624434,0.11181097221628988,-1.1275702593849246e-16,-1.734723475976807e-18,0,0
2354,0.7583532337479735,0.3095620233891289,0.13769037480397595,0.1129225891418173,1.292368989602721e-16,3.469446951953614e-18,0,0
2355,0.3551091219091851,0.1603443405965218,0.14534352094779024,0.09607600910986491,-2.0990154059319366e-16,1.214306433183765e-17,0,0
2356,0.255962176784376,0.1098973361355868,0.16435198189901712,0.09321065753574942,-1.0408340855860844e-17,9.020562075079396e-17,0,0
2357,0.777378465053229,0.3156962666378479,0.1384500850566539,0.11412432294741848,-9.887923813067799e-17,4.6837533851373785e-17,0,0
2358,0.1124814947383463,0.0331688647802884,0.22759838666775067,0.08338602301114051,-1.6731407925796304e-15,-4.3715031594615544e-16,0,0
2359,0.1382288996084491,0.0535955706072227,0.20894771302482695,0.09738117782811884,-2.671474153004283e-16,-5.2041704279304207e-17,0,0
2360,0.7964185775379138,0.3218370376649172,0.1391500897450868,0.11552235019735235,-1.5785983631388942e-16,1.734723475976807e-18,0,0
2361,0.8154257703505322,0.3280417285935823,0.13984505045585394,0.11716563086065435,1.5612511283791264e-16,2.775557561562892e-17,0,0
2362,0.8344482708514123,0.334206350317955,0.14063253066078119,0.11893897337722592,9.97465998686664e-17,-3.122502256758253e-17,0,0
2363,0.8576147577544013,0.3599535574132291,0.14132578824975894,0.12676296064364578,1.5959455978986623e-16,-1.0408340855860844e-17,0,0
2364,0.8766305699583118,0.3661395498755639,0.1425296606113875,0.128234198312839,-1.778091562876227e-16,7.979727989493313e-17,0,0
2365,0.895646335017567,0.3723259127926515,0.1437326134683019,0.12959420270544797,-3.469446951953614e-18,1.7347234759768068e-17,0,0
2366,0.91467504296214,0.378524415419896,0.1448201678471861,0.1310088716527389,-3.816391647148976e-17,1.0408340855860844e-16,0,0
2367,0.933641763732339,0.3847675992227731,0.145740573547954,0.13268743998514765,1.2663481374630692e-16,-5.2041704279304207e-17,0,0
2368,0.9520442324756362,0.3910402271453797,0.14655085199325413,0.13471696745045847,4.250072516143178e-17,-9.367506770274757e-17,0,0
2369,0.9697976537810034,0.3987342458187346,0.1474494422809869,0.13742221517804865,1.3530843112619095e-16,-1.43982048506075e-16,0,0
2370,0.3741115409195409,0.1665256562846524,0.14352729761594674,0.09504493139935732,2.5240226575462543e-16,6.245004513516506e-17,0,0
2371,0.393112882853059,0.1727052927123336,0.14173219921576674,0.09425690718512669,-2.42861286636753e-16,-7.28583859910259e-17,0,0
2372,0.4121191567267229,0.1788870489376665,0.14007630283413164,0.09375716241724774,-3.122502256758253e-17,2.4286128663675302e-17,0,0
2373,0.4311270318575493,0.1850694832870193,0.13871407346596243,0.09353782483535866,2.255140518769849e-16,7.979727989493313e-17,0,0
2374,0.4501324636758239,0.1912524522363236,0.13772559924927918,0.09355195535298577,-1.8474805019152998e-16,-1.2663481374630692e-16,0,0
2375,0.4691369940738679,0.1974333285441654,0.1370668855124677,0.09374386513721333,7.546047120499111e-17,8.500145032286355e-17,0,0
2376,0.4881399726542701,0.2036130530229262,0.13660586040532507,0.09407822771999363,9.540979117872439e-17,5.724587470723462e-17,0,0
2377,0.5071450775757513,0.2097929939387352,0.1362112045462709,0.09453969902117398,-1.1969591984239971e-16,-4.6837533851373785e-17,0,0
2378,0.5261521915373253,0.2159767431461191,0.13582559393307747,0.0951166354766464,1.5612511283791264e-17,2.6020852139652106e-17,0,0
2379,0.2749536298316023,0.1160770147409976,0.16065102272841614,0.09119594630952577,3.0704605524789486e-16,9.020562075079396e-17,0,0
2380,0.2939515691145177,0.1222530139510492,0.1572221100286697,0.0897380363971223,-2.60208521396521e-16,-1.1449174941446927e-16,0,0
2381,0.3129574526434957,0.1284163162469724,0.15421955586316471,0.08865701001332127,1.0408340855860844e-16,1.43982048506075e-16,0,0
2382,0.3319602457634125,0.134600047774591,0.15166738144034753,0.0877951825130765,-2.706168622523819e-16,-1.0408340855860844e-16,0,0
2383,0.3509591411042528,0.1407967762147206,0.14945076009098557,0.08704163460220116,1.795438797635995e-16,3.122502256758253e-17,0,0
2384,0.5451456517611905,0.2221458063705695,0.13547955384137822,0.09577423710426003,1.0842021724855043e-16,1.0408340855860844e-17,0,0
2385,0.0980785280518902,0.0195090321434605,0.23947323832203438,0.06162157931616363,1.8388068845354155e-15,3.6082248300317592e-16,0,0
2386,0.134835638768867,0.0355093529565223,0.22118334667902673,0.07091433834434469,7.997075224253082e-16,1.717376241217039e-16,0,0
2387,0.1569861662483983,0.0600206474224464,0.20072232717848237,0.09303114640975707,8.135853102331225e-16,2.740863092043355e-16,0,0
2388,0.1759355971318592,0.0661991051359425,0.192866665173824,0.089624933092459,-5.637851296924623e-16,-6.938893903907227e-17,0,0
2389,0.1948090357556311,0.0722039791291393,0.18607398759831995,0.08691069468692092,3.1051550219984847e-16,1.0755285551056204e-16,0,0
2390,0.2138128792646747,0.0781429899237168,0.1803907989342406,0.08448467584071295,-1.1535911115245767e-16,-4.163336342344337e-17,0,0
2391,0.23283193671575,0.0842004562681302,0.1755100346636027,0.08239491626844142,1.1188966420050406e-16,5.551115123125783e-17,0,0
2392,0.2518141950164263,0.0903700429142154,0.17106132678054564,0.08067000218210296,-3.157196726277789e-16,-1.1796119636642288e-16,0,0
2393,0.853463843016673,0.3403926357131855,0.14157100759804564,0.12070993722045387,-1.1102230246251563e-16,-3.426078865054194e-17,0,0
2394,0.9856872581226775,0.4049636127160746,0.14856780472308628,0.13954612669886046,1.0755285551056204e-16,-1.6653345369377348e-16,0,0
2395,0.5641324774255664,0.2283043155860014,0.13523916711233142,0.09646807663706536,-9.887923813067799e-17,-2.4286128663675302e-17,0,0
2396,0.5831165648509726,0.2344806449545094,0.13514194273443536,0.09716863036837609,-1.769417945496343e-16,-7.979727989493313e-17,0,0
2397,0.6021251270606043,0.2406650424765548,0.13517209204064784,0.09786458003941334,3.443426099813962e-16,5.030698080332741e-17,0,0
2398,0.6211394005410978,0.2468432772634564,0.135274694126565,0.09859448776268209,-3.174543961037557e-16,-2.0816681711721685e-17,0,0
2399,0.6401613472944114,0.2529873990307239,0.1354081713807318,0.09941989575162324,2.3939183968479943e-16,2.0816681711721685e-17,0,0
2400,0.6591795523630771,0.259142541851583,0.13557774368553055,0.10041605248221686,-3.0878077872387166e-16,2.4286128663675302e-17,0,0
2401,0.67818480842379,0.265335343490585,0.13584047115401177,0.10159566979649526,1.5959455978986623e-16,7.63278329429795e-17,0,0
2402,0.6971932096892395,0.2715224424374208,0.13626578339798812,0.10287975918993197,1.5612511283791264e-16,6.938893903907227e-17,0,0
2403,0.7162099179032916,0.2776910505222223,0.1368770848712728,0.10416790828639932,-1.9081958235744878e-16,-4.8572257327350605e-17,0,0
2404,0.7352221804334891,0.2838762405572857,0.13762595379888154,0.10540272910111526,-2.6020852139652106e-17,-3.122502256758253e-17,0,0
2405,0.7542291444662889,0.2900556747823363,0.13841888820479475,0.10658177598497787,8.326672684688674e-17,3.4694469519536136e-17,0,0
2406,0.7732191015901597,0.2961962029349413,0.13916623349029322,0.10778057913216799,-1.2836953722228372e-16,2.4286128663675302e-17,0,0
2407,0.3699627095340632,0.1469767664894716,0.14739933529017435,0.08637424099610769,-9.540979117872439e-17,-1.908195823574488e-17,0,0
2408,0.2708041331034992,0.0965409426662918,0.16683098097200855,0.07931291411445329,2.576064361825558e-16,0.0,0,0
2409,0.7922457581408355,0.3023577320477242,0.13983334198312036,0.10913627738955256,7.63278329429795e-17,-5.030698080332741e-17,0,0
2410,0.1125980890520034,0.0143194573223367,0.23929335259913387,0.03919799123389822,-1.052977149917922e-15,-1.8388068845354155e-16,0,0
2411,0.1299999999999428,0.0173205080756526,0.23145745923238792,0.038485533875316946,-5.217180854000247e-16,-1.491862189340054e-16,0,0
2412,0.1537442633279108,0.0402445896820425,0.21256980268617554,0.0673367244521117,3.9898639947466563e-17,-3.209238430557093e-17,0,0
2413,0.811257706564738,0.3085271857172369,0.1404591111752822,0.1107232337858477,-1.6566609195578508e-16,-5.030698080332741e-17,0,0
2414,0.8302802473711548,0.3146800589142575,0.14113669013642038,0.11250818747885205,2.914335439641036e-16,3.122502256758253e-17,0,0
2415,0.8493118198928006,0.320833758472631,0.14194934045386276,0.11437171849229344,-1.4484941024406342e-16,8.673617379884035e-18,0,0
2416,0.8724799783238023,0.346578122879022,0.14265006809894487,0.12233145684558622,-2.4286128663675302e-17,6.0715321659188256e-18,0,0
2417,0.8914961072730605,0.3527642833800811,0.14377927347644004,0.12376973731261387,2.255140518769849e-16,-7.979727989493313e-17,0,0
2418,0.9105123059798764,0.3589522513443999,0.1448334312015902,0.12513451063932735,-1.968911145233676e-16,-1.0408340855860844e-17,0,0
2419,0.9296032089674526,0.3652052080918896,0.14573159610387165,0.1266488775763719,1.89084858881472e-16,-5.898059818321144e-17,0,0
2420,0.9482960875502442,0.371664156336075,0.14648698174408992,0.1285373263672227,-2.255140518769849e-17,6.245004513516506e-17,0,0
2421,0.9660219397156778,0.3799710003094731,0.14725409791046218,0.13130894788264413,-2.0209528495129803e-16,1.7347234759768068e-17,0,0
2422,0.9827717673391168,0.3894521619642178,0.1483033737806494,0.13452394312844262,-3.382710778154774e-17,1.8561541192951838e-16,0,0
2423,1.0,0.3999999999989749,0.15,0.13771740687161582,0.0289136101439019,3.2959746043559335e-17,2,0
2424,0.3889673617028928,0.1531569382215205,0.14540289363867487,0.08586690132287345,-1.0842021724855043e-16,2.949029909160572e-17,0,0
2425,0.4079735834605891,0.1593380322595681,0.14348901098128408,0.08559005653410168,8.413408858487513e-17,-1.3877787807814457e-17,0,0
2426,0.4269788086802889,0.1655194882807082,0.14178369789442513,0.0855709651238925,1.778091562876227e-16,-1.214306433183765e-17,0,0
2427,0.4459859141651473,0.1717022640520407,0.14040969326288177,0.08578176973381346,-4.8572257327350605e-17,-1.908195823574488e-17,0,0
2428,0.4649918203644754,0.1778859932381372,0.13940028105207602,0.08616324450051493,-1.0668549377257364e-16,-6.938893903907227e-17,0,0
2429,0.4839950655663917,0.1840648731198764,0.13868399845523527,0.08665729649255738,1.986258379993444e-16,-4.6837533851373785e-17,0,0
2430,0.5029962890017448,0.1902413984214189,0.13813896577630658,0.08723398417206418,-8.586881206085195e-17,-6.938893903907228e-18,0,0
2431,0.5220037159652227,0.1964235730717765,0.13767043269945134,0.08788591041150001,5.464378949326943e-17,-1.214306433183765e-17,0,0
2432,0.5410121986546113,0.2026074472074385,0.13725362780542127,0.08860418664262149,-2.0816681711721683e-16,-1.7347234759768068e-17,0,0
2433,0.2898006238261772,0.102713634617127,0.16281864018310443,0.07837687123328863,-2.7755575615628914e-16,2.0816681711721685e-17,0,0
2434,0.3088018246023626,0.1088872085635371,0.15917579906090396,0.07779800094677114,2.211772431870429e-16,-3.816391647148976e-17,0,0
2435,0.3278046294826851,0.1150663736665235,0.15602639993448975,0.07744399805892499,-2.255140518769849e-17,-5.724587470723462e-17,0,0
2436,0.3468082522184203,0.1212482478496345,0.15335289814174757,0.0771895714619717,2.220446049250313e-16,7.979727989493313e-17,0,0
2437,0.3658135209624804,0.1274278909891494,0.15100994288150105,0.07698398821813157,-1.899522206194604e-16,-9.540979117872439e-17,0,0
2438,0.5600099118842345,0.2087803095415791,0.13691789371978302,0.08936462250543276,1.1362438767648086e-16,1.301042606982605e-16,0,0
2439,0.1,0.0,0.2520460463792915,0.0,1.1362438767648086e-15,-0.0305859710697986,0,3
2440,0.1502029946801069,0.0177488043202896,0.22264170904372804,0.031987176059303124,-4.2847669856627135e-16,-3.816391647148976e-17,0,0
2441,0.1718358567752797,0.0467699415477575,0.20338772221839463,0.06768024714545362,-3.05311331771918e-16,-7.28583859910259e-17,0,0
2442,0.1907837915514234,0.0529073030976952,0.19500218152279558,0.06746241103846273,2.42861286636753e-16,-1.0408340855860844e-17,0,0
2443,0.2096557780854281,0.0591363310608962,0.18792409843808855,0.06750546622514264,4.9439619065338996e-17,4.510281037539698e-17,0,0
2444,0.2296286530487593,0.064889529843581,0.1819982882025215,0.06663319912800603,-9.714451465470121e-17,-4.163336342344337e-17,0,0
2445,0.2476620539188817,0.0708472364098009,0.17718386591332091,0.06648074558312089,1.2836953722228372e-16,-2.0816681711721685e-17,0,0
2446,0.2665759211711063,0.0782828697191075,0.17224328647535003,0.0671894177965271,8.153200337090992e-17,5.2041704279304207e-17,0,0
2447,0.8683290899789606,0.3270163738175306,0.14291583412071418,0.11616137333658116,-9.367506770274757e-17,-6.245004513516506e-17,0,0
2448,0.5790128198304261,0.2149602698387547,0.13669472488413703,0.0901451369965578,3.7296554733501346e-17,0.0,0,0
2449,0.5980178212330538,0.2211425780546279,0.1365836387553827,0.09093059447968699,-5.030698080332741e-17,1.734723475976807e-18,0,0
2450,0.6170277627432597,0.2273259697783027,0.13655084304332377,0.09174152155215154,-1.700029006457271e-16,1.5612511283791264e-17,0,0
2451,0.6360140989796073,0.2334786176071739,0.1365653705126988,0.09262350049314705,2.229119666630197e-16,-7.112366251504909e-17,0,0
2452,0.6550035075801744,0.2396673134532864,0.13662882569667545,0.09365988948576387,-3.0357660829594124e-17,-8.673617379884035e-18,0,0
2453,0.6740143996188126,0.2458531490123246,0.13679416926373733,0.09486140915078067,9.194034422677078e-17,-8.326672684688674e-17,0,0
2454,0.693030585059671,0.2520218941215072,0.13712493342225685,0.09618963449202056,-7.806255641895632e-18,-2.255140518769849e-17,0,0
2455,0.7120539676993249,0.2581655541043893,0.13765071910947313,0.09755730001995744,-1.8214596497756478e-17,5.2041704279304207e-17,0,0
2456,0.7310727399660903,0.2643181442847686,0.13833451719303014,0.09888884895235606,1.2750217548429532e-16,-2.0816681711721685e-17,0,0
2457,0.7500854943301294,0.2705036468844224,0.13908647819780384,0.10015685925418438,-9.280770596475918e-17,-2.775557561562892e-17,0,0
2458,0.7690868654226417,0.2766752093479959,0.13981102179042626,0.10139201002721165,-6.071532165918825e-17,-1.7347234759768068e-17,0,0
2459,0.7880994869729584,0.2828535368073147,0.1404554663479587,0.10270866278733592,1.5439038936193583e-16,9.540979117872439e-17,0,0
2460,0.3848178164316965,0.1336087662754543,0.1488342380580434,0.07686418863004008,2.4286128663675302e-17,5.724587470723462e-17,0,0
2461,0.2858573820235683,0.0834109041985096,0.16803661744597775,0.06617201115298599,-2.749536709423239e-16,-4.510281037539698e-17,0,0
2462,0.8071044691449069,0.2890150280911473,0.14104050475975072,0.10420649131947357,-1.43982048506075e-16,-3.642919299551295e-17,0,0
2463,0.1199999999999637,0.0,0.24155316716542075,0.0,-9.428222091933949e-16,-0.0501191404448376,0,3
2464,0.1399999999999219,0.0,0.23097513724724195,0.0,1.8713329497099807e-16,-0.0460314806692627,0,3
2465,0.1703760238863638,0.0278232212380162,0.21099141451304604,0.041732481298375035,1.0842021724855043e-16,7.925517880869036e-17,0,0
2466,0.8261310710843424,0.2951494101481765,0.14164881436209953,0.1059167340017666,2.229119666630197e-16,-6.938893903907228e-18,0,0
2467,0.8451546174812777,0.3012889174341802,0.14237047289844895,0.10778291870974499,-2.732189474663471e-16,3.816391647148976e-17,0,0
2468,0.8641781924029855,0.3074544977693156,0.14324947465622984,0.10967074984910141,2.307182223049153e-16,9.194034422677078e-17,0,0
2469,0.8873452866296702,0.3332025089261583,0.1439729218543988,0.11776709248806583,6.765421556309548e-17,1.1319070680748666e-16,0,0
2470,0.9063603718351664,0.3393901860696103,0.14499740929132088,0.11921969657396403,-2.0729945537922842e-16,-5.204170427930421e-18,0,0
2471,0.925502385411492,0.3455989912111693,0.1458839698898231,0.12068430529598118,1.786765180256111e-16,0.0,0,0
2472,0.9450918343901016,0.3518225688101583,0.14663069122383376,0.12236475892859744,-1.734723475976807e-18,6.938893903907227e-17,0,0
2473,0.9637493303616016,0.3600457376956596,0.14731014152803823,0.1249860836787775,-2.255140518769849e-17,6.938893903907227e-17,0,0
2474,0.9813628962129212,0.3697473022613184,0.1482498276900941,0.12822737879105262,-1.3877787807814457e-17,-1.0928757898653883e-16,0,0
2475,1.0,0.3799999999990332,0.15,0.13138856482419214,0.0289018683723229,1.214306433183765e-17,2,0
2476,0.4038236394486592,0.1397900258039325,0.14675555477515445,0.07690214119432426,-1.1275702593849246e-17,-2.775557561562892e-17,0,0
2477,0.4228312146073653,0.1459695586073176,0.1448247228981927,0.07714963016236709,9.887923813067799e-17,-1.5612511283791264e-17,0,0
2478,0.4418384468126089,0.1521510948071731,0.14315205354250793,0.0776060595504049,-2.949029909160572e-17,-6.938893903907228e-18,0,0
2479,0.4608469136001381,0.1583350724628831,0.14181618571274157,0.07821803958434259,-1.734723475976807e-16,8.326672684688674e-17,0,0
2480,0.4798501561155086,0.1645181270161036,0.14080997841210774,0.07891507010716836,2.003605614753212e-16,5.898059818321144e-17,0,0
2481,0.4988535409402212,0.1706966119195393,0.1400532903653584,0.07964536819934587,-1.7520707107365752e-16,5.551115123125783e-17,0,0
2482,0.5178563113455363,0.1768721995716434,0.13945112073270138,0.08039501379952219,-1.5612511283791264e-17,-2.0816681711721685e-17,0,0
2483,0.5368632460230963,0.1830530604317834,0.13894559956315788,0.08117600881712095,2.949029909160572e-17,5.030698080332741e-17,0,0
2484,0.5558729695242325,0.1892373951761449,0.13852810930711712,0.08199813787533305,9.887923813067799e-17,-9.540979117872439e-17,0,0
2485,0.3046788816453545,0.0893809066823248,0.1639714421980898,0.06612174143876359,4.510281037539698e-16,9.714451465470121e-17,0,0
2486,0.3236519317211406,0.0955203676725209,0.1602815088645002,0.0663168156425229,-2.6367796834847473e-16,-6.938893903907228e-18,0,0
2487,0.3426564869372009,0.1017006721129329,0.1571041524039174,0.06660651070035328,-2.0903417885520523e-16,-1.7347234759768068e-17,0,0
2488,0.3616634639325867,0.1078778238878278,0.15439536670965026,0.06690847052999516,2.255140518769849e-16,1.5612511283791264e-16,0,0
2489,0.380670765311388,0.1140587056951505,0.15200466241003596,0.06723472847278344,-2.333203075188805e-16,-1.249000902703301e-16,0,0
2490,0.5748833160401268,0.1954223610518477,0.13821081806554503,0.08285854391943559,1.1796119636642288e-16,-6.071532165918825e-17,0,0
2491,0.1599999999998912,0.0,0.22094421435667755,0.0,1.8951853975046615e-16,-0.042484202644474,0,3
2492,0.1699999999998724,0.0119296237707641,0.21487915300713212,0.018049920969332334,2.463307335887066e-16,-5.551115123125783e-17,0,0
2493,0.1872845196755813,0.0344130519832834,0.2024051328553469,0.045733613142573404,1.700029006457271e-16,0.0,0,0
2494,0.205148586049694,0.0414900879645554,0.19442415157755022,0.04948109863562422,-4.336808689942019e-19,3.469446951953614e-18,0,0
2495,0.2239713822180504,0.0458667320760393,0.18814522549291723,0.049533713502526666,-4.640385298237959e-17,-2.4286128663675302e-17,0,0
2496,0.2486337481407062,0.0515452497945079,0.18140027588196972,0.04944540147118914,-5.204170427930421e-18,5.898059818321144e-17,0,0
2497,0.2611272353195028,0.0633952066221617,0.17658136582394945,0.05682162160150028,-3.0357660829594124e-16,-3.469446951953614e-18,0,0
2498,0.2797299142125366,0.0657146911045853,0.1727953528315993,0.05458514728647401,1.791101988946053e-16,-3.122502256758253e-17,0,0
2499,0.8831945697320079,0.3136406577965455,0.14424664833771317,0.1114445570310636,-1.6479873021779667e-16,-1.205632815803881e-16,0,0
2500,0.5938940177885788,0.2016074134622496,0.1379926770930524,0.08374885925520204,-8.847089727481715e-17,-3.816391647148976e-17,0,0
2501,0.6129006915148223,0.2077892950279115,0.1378506562293751,0.0846725820209997,-1.1275702593849246e-17,-2.255140518769849e-17,0,0
2502,0.6318996286162579,0.213961848437583,0.13776079810145347,0.08565760127419253,1.6479873021779667e-17,-2.255140518769849e-17,0,0
2503,0.6509090952124919,0.2201474904012361,0.13772627863170328,0.08675808489715564,-7.892991815694471e-17,-3.4694469519536136e-17,0,0
2504,0.6699081258928803,0.2263257098450854,0.1377906342459596,0.08800271597596065,-7.63278329429795e-17,5.898059818321144e-17,0,0
2505,0.688916311975079,0.2325053207789679,0.1380122850550265,0.08938587047668989,1.6566609195578508e-16,-1.3877787807814457e-17,0,0
2506,0.707913968242546,0.2386510155096471,0.13842592095812734,0.09083633525176538,-1.0755285551056204e-16,-3.816391647148976e-17,0,0
2507,0.726924417611826,0.2447652300270302,0.13900958042663092,0.09226861417801047,9.020562075079396e-17,1.7347234759768068e-17,0,0
2508,0.7459359285772077,0.2509449978128349,0.13968245446653782,0.09365330436980912,-1.240327285323417e-16,3.469446951953614e-18,0,0
2509,0.7649495130964636,0.2571307602600225,0.14035404873218127,0.09497002002444788,3.642919299551295e-17,1.0408340855860844e-17,0,0
2510,0.7839634696482041,0.263316991308564,0.1409631909045288,0.09628991390536612,-1.1622647289044608e-16,-8.673617379884034e-17,0,0
2511,0.8029778005328648,0.2695033104562156,0.14151421652473317,0.09772005471404555,1.795438797635995e-16,4.8572257327350605e-17,0,0
2512,0.3996750096247194,0.1202397161465662,0.14980086749164911,0.06764640283317647,1.9081958235744878e-16,-1.0408340855860844e-17,0,0
2513,0.3004782870222493,0.0697781386622294,0.1684623422297591,0.053578175804517514,-1.0928757898653883e-16,-3.816391647148976e-17,0,0
2514,0.8219752804926252,0.2756417807497413,0.14207446713425043,0.09932183709133824,-7.806255641895632e-17,-4.8572257327350605e-17,0,0
2515,0.1886559691211861,0.0162248044427457,0.20607880375246168,0.021392433478808925,2.827599265842196e-16,9.367506770274757e-17,0,0
2516,0.8410141054513527,0.2817434899824955,0.14273542180708887,0.10109334501703415,-1.3010426069826053e-17,6.245004513516506e-17,0,0
2517,0.8600304928494757,0.2878963639122926,0.14354920538906413,0.10297662950506492,8.153200337090992e-17,-1.231653667943533e-16,0,0
2518,0.879043698019753,0.2940788774824255,0.14449981511288001,0.10484000854739861,-5.2909066017292616e-17,8.153200337090992e-17,0,0
2519,0.9022110986641222,0.3198275740310421,0.14525090006407027,0.1130577128387813,1.769417945496343e-16,-5.898059818321144e-17,0,0
2520,0.9212176454528684,0.326017050355094,0.1461342526411329,0.11460235299000487,-6.852157730108388e-17,-2.949029909160572e-17,0,0
2521,0.9402289458434872,0.3322066825958637,0.14684019204887022,0.1162539418464803,-1.6479873021779667e-17,-3.9898639947466563e-17,0,0
2522,0.9634492873081564,0.3387225035217837,0.14762804828663434,0.11828198492639785,3.816391647148976e-17,-2.0816681711721685e-17,0,0
2523,0.9813216956749404,0.3502297436942868,0.14840029973132118,0.12208852239837142,-6.938893903907228e-18,-5.898059818321144e-17,0,0
2524,1.0,0.3599999999990915,0.15,0.12515948513464537,0.0288700059177521,1.7347234759768068e-17,2,0
2525,0.4186840455646266,0.1264196245223807,0.14774583788130258,0.06820979879452693,1.0495077029659683e-16,8.673617379884034e-17,0,0
2526,0.4376901127492254,0.132598278335258,0.1458914207014459,0.06895004418466044,4.4235448637408575e-17,-3.9898639947466563e-17,0,0
2527,0.456698922022824,0.1387810574979637,0.14431108773715096,0.06983235144510047,-2.5153490401663703e-16,-8.500145032286355e-17,0,0
2528,0.4757072924291189,0.1449661298750758,0.14303637131524738,0.07078146550359321,2.411265631607762e-16,-1.0408340855860844e-17,0,0
2529,0.4947029038303518,0.1511475364420261,0.14203572171300038,0.07172608948308223,-2.012279232133096e-16,0.0,0,0
2530,0.5137061806748053,0.1573200946175424,0.14124223336239083,0.07263098308765237,1.8388068845354155e-16,-1.7347234759768068e-17,0,0
2531,0.5327132752198664,0.1634977324108315,0.140596993982399,0.07351508521763139,-1.301042606982605e-16,-4.510281037539698e-17,0,0
2532,0.5517236117649406,0.1696818051170569,0.1400731333069416,0.07441462720173941,1.0408340855860844e-16,-3.642919299551295e-17,0,0
2533,0.570734111247218,0.1758661886507891,0.13966445238656888,0.07535859240610776,1.3530843112619095e-16,7.979727989493313e-17,0,0
2534,0.3194832406766296,0.0759751863800247,0.16435852485847136,0.05451538230917663,-1.1275702593849246e-17,7.28583859910259e-17,0,0
2535,0.3384960865421111,0.0821622077867381,0.1607247537740477,0.05542073847888673,-1.240327285323417e-16,-5.2041704279304207e-17,0,0
2536,0.3575117513025178,0.0883248288798528,0.15761284728432656,0.05625893291454531,1.5439038936193583e-16,-2.775557561562892e-17,0,0
2537,0.3765188131979911,0.094506451137112,0.15494428302736196,0.057061461423700166,1.700029006457271e-16,3.9898639947466563e-17,0,0
2538,0.3955235389256038,0.1006863652551026,0.15259244440676412,0.057869962574628175,-1.8214596497756478e-17,-8.673617379884035e-18,0,0
2539,0.5897451130170708,0.1820508959710899,0.13936046821117998,0.0763596116378622,-2.246466901389965e-16,-6.938893903907228e-18,0,0
2540,0.1799999999998534,0.0,0.2117097244326942,0.0,-4.328135072562133e-16,-0.0391492362961018,0,3
2541,0.1999353821690695,0.026927027991097,0.19966938996913086,0.033233863086124416,-2.307182223049153e-16,-4.510281037539698e-17,0,0
2542,0.2178706718764317,0.0296372729844311,0.1931964586055983,0.033243897780550924,1.6566609195578508e-16,-3.469446951953614e-18,0,0
2543,0.2389648288401485,0.032588310944828,0.18688186623694492,0.03311333324296584,-1.6024508109335756e-16,3.816391647148976e-17,0,0
2544,0.2711409843188162,0.0497416908428231,0.1772269243538176,0.04358080947133658,2.827599265842196e-16,6.938893903907228e-18,0,0
2545,0.2937702304005888,0.0496199126496863,0.1729111130516685,0.04000134583409931,-2.42861286636753e-16,-3.4694469519536136e-17,0,0
2546,0.8980603989177793,0.3002652155836488,0.14549272868808316,0.10659439219944034,1.249000902703301e-16,3.122502256758253e-17,0,0
2547,0.6087556039769675,0.1882356828339105,0.13913663915809593,0.07741824045111656,-2.4286128663675302e-17,5.2041704279304207e-17,0,0
2548,0.6277652842829886,0.1944190700927662,0.13896806599223055,0.07853975558477089,1.3791051634015616e-16,4.163336342344337e-17,0,0
2549,0.6467827861466995,0.2006109033732904,0.138853093151738,0.07974826057633777,-2.3418766925686896e-17,6.938893903907228e-18,0,0
2550,0.6657961210778568,0.2067972937394031,0.1388260012478213,0.08106586511655678,-1.5785983631388942e-16,3.122502256758253e-17,0,0
2551,0.6848093198928683,0.2129836916852948,0.13893863941780182,0.08250294991296414,1.5092094240998222e-16,1.7347234759768068e-17,0,0
2552,0.7038052420650492,0.2191422416928195,0.1392275057144161,0.08402088712796285,-1.0234868508263162e-16,7.45931094670027e-17,0,0
2553,0.722787156050438,0.225260963669328,0.13968179390576552,0.08555158361082249,-1.3877787807814457e-17,1.5612511283791264e-17,0,0
2554,0.7417949991533714,0.2313986531040968,0.14024007956922446,0.08704602117131799,1.734723475976807e-18,-4.163336342344337e-17,0,0
2555,0.7607996966130404,0.2375713392709661,0.14081952750021287,0.08847715238152887,1.1796119636642288e-16,-7.806255641895632e-17,0,0
2556,0.7798136765387755,0.243757168367868,0.14136211881421445,0.08986408683404079,-4.163336342344337e-17,2.4286128663675302e-17,0,0
2557,0.7988280061658097,0.249943157515074,0.14186309343850922,0.09128142279860185,1.5612511283791264e-17,-3.469446951953614e-18,0,0
2558,0.8178337283920302,0.2561192852935729,0.14237532275697617,0.0928126584558413,0.0,6.245004513516506e-17,0,0
2559,0.4145270448305958,0.1068761725785798,0.15045923325124022,0.0587697965265761,-2.8622937353617317e-16,-5.724587470723462e-17,0,0
2560,0.3152905332676513,0.0565357574802217,0.16806605931196827,0.042071944252029425,-1.3704315460216776e-16,2.4286128663675302e-17,0,0
2561,0.8368396993852424,0.262237095361198,0.14298062194855277,0.09448288319708809,-6.852157730108388e-17,-4.8572257327350605e-17,0,0
2562,0.1999999999998319,0.0,0.20341402413305332,0.0,3.37403716077489e-16,-0.0381329845000777,0,3
2563,0.2598047875918192,0.034217444704337,0.18177975173784944,0.031843384679291376,1.5612511283791264e-17,-5.898059818321144e-17,0,0
2564,0.8558738795501624,0.2683573139521479,0.14373943648898546,0.09628123359652818,1.0928757898653883e-16,5.030698080332741e-17,0,0
2565,0.8748932645760533,0.2745174542462845,0.14464746848636878,0.09813576310989447,-2.289834988289385e-16,1.5612511283791264e-17,0,0
2566,0.8939095817820342,0.2807032234282881,0.14562822995446822,0.09995708748101606,1.700029006457271e-16,-1.7347234759768068e-17,0,0
2567,0.9170678756959556,0.3064543196103108,0.14639556894485395,0.10826313350298733,-1.9428902930940242e-16,8.673617379884035e-18,0,0
2568,0.9360474491980536,0.3126498686449122,0.14711608975284207,0.10997095184939099,1.3097162243624894e-16,-3.642919299551295e-17,0,0
2569,0.9550574007477276,0.3188386274842137,0.14768817202428863,0.11185655130975647,-1.2750217548429532e-16,4.163336342344337e-17,0,0
2570,0.9846324620761788,0.332654408737882,0.1487922733790299,0.11652888035678188,-6.938893903907227e-17,2.6020852139652106e-17,0,0
2571,1.0,0.3399999999991498,0.15,0.11890290824976546,0.0288615306916465,-6.938893903907228e-18,2,0
2572,0.4335391745729461,0.1130454231288026,0.14852366518607596,0.059797438315797535,3.0704605524789486e-16,3.9898639947466563e-17,0,0
2573,0.4525491301970888,0.1192260107420858,0.1468089534973842,0.06096304868405866,-2.0990154059319366e-16,1.7347234759768068e-17,0,0
2574,0.4715567071058032,0.125410378226623,0.1453420962261589,0.062197303553404026,-3.2959746043559335e-17,-1.0408340855860844e-17,0,0
2575,0.4905548768462661,0.1315946292436685,0.14411793137696804,0.06341452946531945,1.7347234759768068e-17,4.163336342344337e-17,0,0
2576,0.5095558352644971,0.1377668780920157,0.14310452612880908,0.06455173455985985,1.5959455978986623e-16,-1.908195823574488e-17,0,0
2577,0.5285625685390332,0.1439423507375112,0.1422663564217146,0.06561258307638251,-1.2663481374630692e-16,-2.0816681711721685e-17,0,0
2578,0.547574217061424,0.1501256490228902,0.14158514010978251,0.0666423599005681,1.2750217548429532e-16,6.591949208711867e-17,0,0
2579,0.5665849818877842,0.1563101086130682,0.14105381851004495,0.06769754454958066,-1.0755285551056204e-16,-5.377642775528102e-17,0,0
2580,0.585596037316417,0.1624944362541806,0.14065737754526708,0.06882011210174888,-1.214306433183765e-16,1.301042606982605e-16,0,0
2581,0.3343144878673205,0.0626830142533781,0.16413849836681038,0.04370715685965365,1.8214596497756474e-16,2.0816681711721685e-17,0,0
2582,0.3533586207478577,0.0687691774217192,0.16067507173283957,0.04512478917578733,4.3368086899420185e-18,-4.510281037539698e-17,0,0
2583,0.3723679186232184,0.0749522369006546,0.15769040094164666,0.04645230751197005,-7.806255641895632e-18,-2.0816681711721685e-17,0,0
2584,0.3913541381959931,0.0811792694690393,0.15512770586428815,0.047709990527920354,-6.418476861114186e-17,-2.4286128663675302e-17,0,0
2585,0.4103625251314371,0.0873455809316195,0.15289843242135248,0.04892691434397989,6.938893903907228e-18,4.510281037539698e-17,0,0
2586,0.6046074011407492,0.1686791673367383,0.14036501723740002,0.07002359290837035,9.714451465470121e-17,-4.163336342344337e-17,0,0
2587,0.2098772875520288,0.0149347572580934,0.19816912259466335,0.017338542476238672,1.1622647289044608e-16,-3.642919299551295e-17,0,0
2588,0.2299712803241356,0.0161620506892615,0.19148911474076158,0.017054671231804264,-6.168026159270036e-16,-3.816391647148976e-17,0,0
2589,0.2499772975019129,0.0173179811017439,0.18587858740102092,0.016849706322346947,6.527981280535222e-16,6.591949208711867e-17,0,0
2590,0.2800237121265952,0.0346568307252898,0.17745954223209992,0.029866154251095622,2.5153490401663703e-16,7.112366251504909e-17,0,0
2591,0.3120235670059271,0.0371221789894929,0.1710048288659891,0.028660424052873168,-2.0296264668928643e-16,-5.030698080332741e-17,0,0
2592,0.9129265319946924,0.2868897872071992,0.14655668044713366,0.10171495721260726,8.847089727481715e-17,-3.903127820947816e-18,0,0
2593,0.9720782164784172,0.3216117810107858,0.14828284398714686,0.11282819215466589,2.255140518769849e-17,9.020562075079396e-17,0,0
2594,0.623619770078373,0.1748648982068008,0.14014237795504414,0.07130170859549878,2.862293735361732e-17,1.7347234759768068e-17,0,0
2595,0.6426332253648119,0.1810517926771011,0.13997484625747347,0.0726475747418931,1.214306433183765e-17,-1.908195823574488e-17,0,0
2596,0.6616469068233165,0.1872383484895134,0.1398811144837282,0.07406435876094974,-1.3964523981613295e-16,-1.0581813203458523e-16,0,0
2597,0.6806601346685571,0.1934246018988355,0.13990246806929463,0.07556007105398521,2.0990154059319366e-16,5.204170427930421e-18,0,0
2598,0.6996557698842654,0.1996050649625303,0.14007285594726682,0.07712797568126462,-1.700029006457271e-16,-3.2959746043559335e-17,0,0
2599,0.7186426680922529,0.2057350914197155,0.14039261260631974,0.07872089911165858,7.806255641895632e-18,-5.204170427930421e-18,0,0
2600,0.7376461663930693,0.2118517809953465,0.14081599727066418,0.08030244640121964,1.7607443281164592e-16,3.642919299551295e-17,0,0
2601,0.7566494390854649,0.2180115469895468,0.1412743653282149,0.08185084602109782,-4.510281037539698e-17,8.673617379884034e-17,0,0
2602,0.7756637368129938,0.2241974117222165,0.14171801832584308,0.08335178025208734,-1.6826817716975031e-16,1.7347234759768068e-17,0,0
2603,0.7946772071318243,0.230383047547852,0.14214068521496515,0.08483441938096803,5.2909066017292616e-17,-2.4286128663675302e-17,0,0
2604,0.813686399432256,0.2365684992349857,0.14258556159946068,0.08636495035989356,3.469446951953614e-18,-2.255140518769849e-17,0,0
2605,0.8326987042341978,0.2427110296850267,0.14312424329493467,0.08798471304726263,9.714451465470121e-17,-3.469446951953614e-18,0,0
2606,0.4293779751642424,0.0935203254870071,0.1509232921689545,0.05023143798436536,2.1163626406917047e-16,1.734723475976807e-18,0,0
2607,0.3299676938349474,0.0437208797777257,0.16715076606851653,0.031669566729590315,2.7929047963226594e-16,2.6020852139652106e-17,0,0
2608,0.8517294127462827,0.2488052399641594,0.14381569145804463,0.08970231643979787,-1.994931997373328e-16,-1.5612511283791264e-17,0,0
2609,0.2199999999997871,0.0,0.19612365581997437,0.0,-7.546047120499111e-17,-0.036636851530137,0,3
2610,0.2698153368628992,0.0171654832408761,0.18115493464756582,0.015548735464903984,-3.972516759986888e-16,-3.122502256758253e-17,0,0
2611,0.2958496951181008,0.0322253670276707,0.17454570659720048,0.0263728664991163,-1.8127860323957634e-16,5.204170427930421e-18,0,0
2612,0.8707451568096585,0.2549636731033088,0.14466559072883456,0.09151435111016326,8.413408858487513e-17,5.030698080332741e-17,0,0
2613,0.8897585264890786,0.2611408713503697,0.1456161268725964,0.09333982278621988,1.231653667943533e-16,-6.765421556309548e-17,0,0
2614,0.9087756145195356,0.2673271811284246,0.14655617379975183,0.09513452197643346,-1.2750217548429532e-16,8.153200337090992e-17,0,0
2615,0.931944129948218,0.2930764218399686,0.14732085184567723,0.1034755265336571,-1.4224732503009818e-16,1.5178830414797062e-17,0,0
2616,0.950675839081138,0.2993240744645076,0.14789032890649878,0.10537742707310827,2.5153490401663706e-17,-3.469446951953614e-18,0,0
2617,0.9687279978768496,0.3046524561706134,0.1483988267166012,0.10715133851408609,-2.6020852139652106e-17,-6.591949208711867e-17,0,0
2618,1.0,0.3199999999992081,0.15,0.11239649378057948,0.0287963000629411,-1.5612511283791264e-17,2,0
2619,0.9854087740181224,0.3115777746719661,0.14903406742163838,0.10956713159794162,8.066464163292153e-17,0.0,0,0
2620,0.4483973343659421,0.0996759771889436,0.14916832664130197,0.051645192796527795,-1.6306400674181987e-16,2.0816681711721685e-17,0,0
2621,0.4674100596023565,0.1058532910965081,0.14761196849576663,0.053155471511445285,-1.3877787807814457e-17,2.4286128663675302e-17,0,0
2622,0.4864150984637475,0.1120371918889979,0.14623792011298065,0.05467216792462182,-2.775557561562892e-17,-6.418476861114186e-17,0,0
2623,0.5054138143628666,0.1182199690501333,0.1450287127336196,0.05611078174527506,8.239936510889834e-17,4.8572257327350605e-17,0,0
2624,0.5244134568170696,0.1243969510912033,0.14397782482501498,0.05743436043593775,-1.1535911115245767e-16,4.336808689942018e-17,0,0
2625,0.543420396484679,0.1305693816964504,0.1430948850384084,0.058669624832375034,-1.908195823574488e-17,-2.255140518769849e-17,0,0
2626,0.5624347553778137,0.1367542913211255,0.14239305800947477,0.059890799716552895,1.734723475976807e-16,3.122502256758253e-17,0,0
2627,0.5814463407018816,0.1429377013378573,0.14187103409176416,0.06116096842689345,-2.8883145875013843e-16,-6.245004513516506e-17,0,0
2628,0.600458308227658,0.1491216366548336,0.14149883510526706,0.0625183498484887,2.7929047963226594e-16,1.214306433183765e-17,0,0
2629,0.3490175675916572,0.0497906631752633,0.1634738326756633,0.03384534353250501,-3.0357660829594124e-17,-3.469446951953614e-18,0,0
2630,0.3682188801617366,0.0553953736118702,0.16024332154847798,0.03543079439040753,-9.80118763926896e-17,3.4694469519536136e-17,0,0
2631,0.3872113347180147,0.0615829501233912,0.15743164024752332,0.03716345812122768,3.7296554733501346e-17,6.418476861114186e-17,0,0
2632,0.4061406985796939,0.0680020324663558,0.15502451934298733,0.038893411239797615,-1.43982048506075e-16,-2.255140518769849e-17,0,0
2633,0.4251764804177173,0.0741171443614964,0.15298500382414204,0.04043027303272595,3.5561831257524545e-17,1.214306433183765e-17,0,0
2634,0.6194709504490555,0.1553070015289007,0.14123139578259725,0.06396201603705265,-2.237793284010081e-16,-3.122502256758253e-17,0,0
2635,0.2399999999997272,0.0,0.18980166059191106,0.0,-2.1337098754514727e-16,-0.0357516801562744,0,3
2636,0.2599999999996782,0.0,0.18432657200537506,0.0,1.8214596497756474e-16,-0.0350701721424542,0,3
2637,0.2890862239577888,0.0168006429138862,0.17703711690410273,0.01429828899244967,2.775557561562892e-17,-2.5153490401663706e-17,0,0
2638,0.3251478714970607,0.0240348051554768,0.16973256867277087,0.018208712718148945,1.3183898417423734e-16,-5.898059818321144e-17,0,0
2639,0.3070178929296441,0.0183638323477544,0.17341024392590043,0.014782654188252309,-3.838075690598686e-17,6.938893903907228e-18,0,0
2640,0.9277929426053872,0.2735136147457873,0.1473677772779638,0.09691611245762033,-1.6132928326584306e-16,-4.3368086899420185e-18,0,0
2641,0.6384842898854046,0.1614930545848986,0.141034719761592,0.06546724630720746,1.0408340855860844e-16,5.898059818321144e-17,0,0
2642,0.6574979063487744,0.1676792516317039,0.1409054695902796,0.06701015156869516,7.979727989493313e-17,3.9898639947466563e-17,0,0
2643,0.6765113947080288,0.1738653012904487,0.14086786865436807,0.06858166894198803,-1.994931997373328e-16,-3.122502256758253e-17,0,0
2644,0.6955242605703063,0.180051487874694,0.1409493550655725,0.07018408830026601,4.8572257327350605e-17,6.938893903907227e-17,0,0
2645,0.7144814389028553,0.1862277300292071,0.14115202055290865,0.07181439313785631,9.194034422677078e-17,0.0,0,0
2646,0.7334841171826046,0.1922655560747834,0.14145227982103847,0.07340807036348451,1.474514954580286e-17,-7.806255641895632e-17,0,0
2647,0.7524989818589717,0.1984513506091098,0.14178574926384613,0.07504569423713292,-7.892991815694471e-17,-3.642919299551295e-17,0,0
2648,0.7715137328755902,0.204637288624001,0.1421176093851102,0.07665696785034015,1.2663481374630692e-16,2.0816681711721685e-17,0,0
2649,0.790528480538506,0.210823189278463,0.1424427631660563,0.0782487396045326,7.45931094670027e-17,-9.194034422677078e-17,0,0
2650,0.8095350122125271,0.2170038267508355,0.1427984021887383,0.07985256023039256,3.122502256758253e-17,-5.2041704279304207e-17,0,0
2651,0.8285478457570359,0.2231497410471502,0.14324762456192275,0.08150016443505592,-1.474514954580286e-16,2.775557561562892e-17,0,0
2652,0.8475740120117674,0.229223954128732,0.14384609557339445,0.08320341228227335,6.765421556309548e-17,5.898059818321144e-17,0,0
2653,0.4442489914933537,0.080115855059291,0.1512295888423978,0.04198272288094529,-7.979727989493313e-17,-1.734723475976807e-18,0,0
2654,0.3434273546638564,0.0322369409329094,0.1660041443828959,0.022874681612393033,-1.3010426069826053e-17,2.775557561562892e-17,0,0
2655,0.8665934316682353,0.2353960788346216,0.14460742224270007,0.08500749950690079,1.1015494072452724e-16,-9.540979117872439e-17,0,0
2656,0.279999999999601,0.0,0.17955221400552546,0.0,1.4224732503009818e-16,-0.0344819396419573,0,3
2657,0.8856071815197302,0.2415783127094972,0.14549233217357482,0.08684040629759693,1.734723475976807e-18,-2.0816681711721685e-17,0,0
2658,0.904624444063748,0.2477646408344547,0.1464095896831168,0.08865650445295614,-1.5439038936193583e-16,-4.163336342344337e-17,0,0
2659,0.9236419184706006,0.2539509586994865,0.14724767024316066,0.09044381199782947,2.298508605669269e-16,2.775557561562892e-17,0,0
2660,0.9465652778191124,0.2797522258482052,0.14798598601254298,0.09878120416760794,2.255140518769849e-16,3.7730235602495554e-17,0,0
2661,0.9652441344645708,0.2857227038727766,0.1484895999572018,0.10068915461670258,-5.377642775528102e-17,-3.4694469519536136e-17,0,0
2662,0.9838879947632552,0.2919414930073901,0.14910070940919695,0.10279807033839461,5.898059818321144e-17,-3.816391647148976e-17,0,0
2663,1.0,0.2999999999992664,0.15,0.10552668644231744,0.0287531811343813,1.214306433183765e-17,2,0
2664,0.4632586751656652,0.0862949576199671,0.14966620138875442,0.043732468481849196,-1.5959455978986623e-16,-1.908195823574488e-17,0,0
2665,0.4822709862155206,0.0924793342319504,0.1482401751454745,0.04552972439768865,2.697495005143935e-16,5.898059818321144e-17,0,0
2666,0.5012808538970102,0.0986650982646504,0.14691295454213105,0.04728693633247616,-1.3444106938820255e-16,-6.938893903907227e-17,0,0
2667,0.5202640328230369,0.1048500141703217,0.1456856580589374,0.04893727599360531,4.8572257327350605e-17,1.5612511283791264e-17,0,0
2668,0.5392677455632053,0.1110199161115054,0.1445948979971945,0.050460629653555245,7.979727989493313e-17,-3.9898639947466563e-17,0,0
2669,0.5582819057876658,0.117197423648054,0.14369024246207118,0.05191565564810639,4.4235448637408575e-17,1.0408340855860844e-17,0,0
2670,0.5772935308745368,0.1233790605349891,0.14300241820728843,0.05337681717265674,-1.899522206194604e-16,3.4694469519536136e-17,0,0
2671,0.5963072031871129,0.1295635267895652,0.14251949434174094,0.05490398922153972,1.4224732503009818e-16,-3.2959746043559335e-17,0,0
2672,0.6153211464426751,0.1357482178435495,0.14219487284344723,0.056514624713770445,3.469446951953614e-18,2.4286128663675302e-17,0,0
2673,0.3640674209689546,0.0358363987366746,0.1625392923306208,0.02384456395245138,2.688821387764051e-17,3.816391647148976e-17,0,0
2674,0.3836441999749057,0.0434357727643516,0.15932171071472112,0.027025942129455416,7.806255641895632e-17,-6.938893903907227e-17,0,0
2675,0.4023602749592446,0.048873763935792,0.15680651678485447,0.02867489685519331,2.0816681711721685e-17,-5.898059818321144e-17,0,0
2676,0.4206548085250001,0.05569305889176,0.15464998314564582,0.030973627289768046,8.326672684688674e-17,-2.4286128663675302e-17,0,0
2677,0.4397673553570126,0.0616938068984838,0.152832390020194,0.03273664661789155,1.3690762933060707e-16,1.214306433183765e-17,0,0
2678,0.6343346240309269,0.1419337892959167,0.14197611133795363,0.05818537453903616,8.673617379884034e-17,-5.377642775528102e-17,0,0
2679,0.2999999999995319,0.0,0.17535180773120373,0.0,-1.734723475976807e-16,-0.0337999908806511,0,3
2680,0.3362965523141713,0.0136851919017391,0.1683965995653125,0.010237725526991426,-1.717376241217039e-16,-1.7347234759768068e-17,0,0
2681,0.3199999999994552,0.0,0.17161682172081782,0.0,1.4224732503009818e-16,-0.0332658275081281,0,3
2682,0.9426185181344549,0.2601461019774673,0.1479277460946662,0.09224139022080635,-1.43982048506075e-16,-3.859759734048396e-17,0,0
2683,0.653348603846196,0.1481196938266277,0.1418340219906895,0.059873528322583525,2.3418766925686896e-17,1.3877787807814457e-17,0,0
2684,0.6723628423091579,0.1543059764254344,0.14177023034653757,0.06154595847078781,-1.491862189340054e-16,-8.673617379884035e-18,0,0
2685,0.6913619159832172,0.1604929381545372,0.1418000519004181,0.06319467120670197,6.765421556309548e-17,-2.0816681711721685e-17,0,0
2686,0.7103439656771025,0.1666602050168269,0.14192782385208602,0.06482439859632905,1.214306433183765e-17,-3.2959746043559335e-17,0,0
2687,0.729332032414159,0.1727681926189348,0.1421331985791312,0.0664372171429477,9.020562075079396e-17,6.591949208711867e-17,0,0
2688,0.7483486128042267,0.17889094716389,0.1423734040243403,0.0680690703768505,-7.719519468096792e-17,-1.734723475976807e-18,0,0
2689,0.7673576118565388,0.1850995286061078,0.14261153922342373,0.06974774624177371,-7.719519468096792e-17,-3.9898639947466563e-17,0,0
2690,0.7863784915637264,0.1912625947536796,0.14284811329181224,0.07142452267044064,7.806255641895632e-18,8.326672684688674e-17,0,0
2691,0.8053937303626172,0.1974486820397894,0.14311172045195875,0.07313395672917977,-1.301042606982605e-16,1.006139616066548e-16,0,0
2692,0.8243963614604324,0.2035982976073293,0.14345799150970606,0.07487280504028604,-9.540979117872439e-17,6.418476861114186e-17,0,0
2693,0.8434311277158866,0.2096885567385386,0.14394030072415376,0.0766477955321534,1.3877787807814457e-17,-5.377642775528102e-17,0,0
2694,0.862443067752189,0.2158347488502226,0.14457898610919528,0.07849631291082915,3.9898639947466563e-17,1.1622647289044608e-16,0,0
2695,0.4591359435484424,0.0667675931511271,0.1513256447196909,0.03408256649828445,-1.0234868508263162e-16,-1.0408340855860844e-17,0,0
2696,0.3508678444614715,0.0170616109074696,0.16583140193324653,0.012191089341172301,2.883977778811442e-17,3.816391647148976e-17,0,0
2697,0.8814558373743188,0.2220159191697059,0.14535498147134263,0.08038218489946303,-1.0408340855860844e-17,-1.5612511283791264e-17,0,0
2698,0.9004731761916264,0.2282020411315418,0.14620202123052195,0.08225403282631305,-4.3368086899420185e-18,3.2959746043559335e-17,0,0
2699,0.9194907423741092,0.2343882176957938,0.14702453219379663,0.08407933418129687,7.546047120499111e-17,-1.5612511283791264e-17,0,0
2700,0.93850851515637,0.2405746108636694,0.14773795475574047,0.08585683635283203,-1.0234868508263162e-16,6.938893903907228e-18,0,0
2701,0.9616756505534518,0.2663237017313482,0.14847289216152149,0.09409507577038312,5.030698080332741e-17,4.77048955893622e-17,0,0
2702,0.9820592632862984,0.2711997347711479,0.14909989700140613,0.09555723942867189,-7.979727989493313e-17,6.938893903907228e-18,0,0
2703,1.0,0.2799999999993247,0.15,0.09839669229222636,0.0287293954435193,1.7347234759768068e-17,2,0
2704,0.478121552455287,0.072920238927934,0.1499288716349838,0.03609352020453116,-4.4235448637408575e-17,-7.112366251504909e-17,0,0
2705,0.4971349596781229,0.0791057417136155,0.14858483388889,0.038136698844681405,1.48318857196017e-16,1.908195823574488e-17,0,0
2706,0.5161159668051263,0.08529013167336,0.1472700277572585,0.0401178595866547,-1.0928757898653883e-16,-3.2959746043559335e-17,0,0
2707,0.5351106535580037,0.0914607794843603,0.14602446437856997,0.041977633289310035,5.898059818321144e-17,-1.0408340855860844e-17,0,0
2708,0.5541204560134625,0.0976328015341136,0.1449293115438195,0.043729422628264514,-9.540979117872439e-17,-1.214306433183765e-17,0,0
2709,0.5731333980914678,0.1038158501736881,0.1440576678232901,0.045433249484654104,6.938893903907227e-17,3.9898639947466563e-17,0,0
2710,0.592153909823357,0.1100032712388718,0.1434335539706808,0.047154071379878815,-6.0715321659188256e-18,-6.765421556309548e-17,0,0
2711,0.6111712053915883,0.1161890000980881,0.14302517759051625,0.048931123635441054,-1.8214596497756478e-17,1.3877787807814457e-17,0,0
2712,0.6301846833874916,0.1223738928321934,0.14277122816884003,0.05075936338847953,-5.117434254131581e-17,4.510281037539698e-17,0,0
2713,0.3801931869486064,0.0280351523652091,0.16080505259742495,0.018042259031403773,1.7520707107365752e-16,0.0,0,0
2714,0.3983116592101054,0.0313619609174714,0.15828465062440955,0.019018481477445448,-1.218643241873707e-16,3.4694469519536136e-17,0,0
2715,0.4195671464440778,0.0359906858074538,0.15574947137429263,0.020381902465459234,-1.457167719820518e-16,2.775557561562892e-17,0,0
2716,0.4341286224349481,0.0472579471944539,0.15399378554502618,0.02553338757785184,-2.775557561562892e-17,5.204170427930421e-18,0,0
2717,0.4532485812370816,0.0469792419865392,0.15263115818379447,0.02428136356917321,-9.714451465470121e-17,3.122502256758253e-17,0,0
2718,0.3699999999992927,0.0170140277951197,0.16288502441966557,0.011519385334821663,1.43982048506075e-16,-3.2959746043559335e-17,0,0
2719,0.649198755476107,0.1285599190386689,0.14261909744550394,0.05259681465267363,-9.97465998686664e-17,3.9898639947466563e-17,0,0
2720,0.3399999999993845,0.0,0.1682348799877218,0.0,-1.6132928326584306e-16,-0.0327968802039317,0,3
2721,0.9575268042018074,0.2467614999763076,0.14832537807458834,0.0876124842052377,1.3877787807814457e-17,-4.336808689942018e-17,0,0
2722,0.6682133721184316,0.1347460245091042,0.14254607601924363,0.05439238586302508,5.030698080332741e-17,-3.122502256758253e-17,0,0
2723,0.6872280292911487,0.1409323961177405,0.14255293387930124,0.05611668997414654,8.239936510889834e-17,0.0,0,0
2724,0.7062205311559129,0.1471091467876051,0.14264122302324722,0.057771681543385967,-1.7347234759768068e-17,-5.204170427930421e-18,0,0
2725,0.7252031060740122,0.1532570165908911,0.14279611197684972,0.05938186263369971,4.597017211338539e-17,-3.122502256758253e-17,0,0
2726,0.7441782252509335,0.1594257641169081,0.142983991642609,0.061005784357575976,-1.474514954580286e-17,-8.673617379884035e-18,0,0
2727,0.7631908079108504,0.1656050129771092,0.14317574075303696,0.06266984151898214,7.112366251504909e-17,-2.0816681711721685e-17,0,0
2728,0.7822241531301618,0.1717411642542609,0.14336334093550818,0.06437194532827561,-1.006139616066548e-16,7.112366251504909e-17,0,0
2729,0.8012435649668224,0.1778876438794363,0.1435645094223924,0.06613974407446221,9.627715291671279e-17,-4.8572257327350605e-17,0,0
2730,0.8202500429598718,0.184063603671501,0.1438212792732756,0.06798222140787402,9.367506770274757e-17,-8.500145032286355e-17,0,0
2731,0.8392190892189186,0.1901981660902589,0.1441817528279472,0.06987268330976804,1.1015494072452724e-16,2.949029909160572e-17,0,0
2732,0.8582667914074298,0.1963286689832398,0.14467994568394715,0.07181355546163104,-2.0209528495129803e-16,-8.847089727481715e-17,0,0
2733,0.8772998013125426,0.2024705202204398,0.14531416173687717,0.0737865964674711,2.0816681711721683e-16,3.469446951953614e-18,0,0
2734,0.4740046910043272,0.0533973039516347,0.15115026618877891,0.026528664294161786,1.457167719820518e-16,2.775557561562892e-17,0,0
2735,0.3599999999993138,0.0,0.16509118174144533,0.0,1.1449174941446927e-16,-0.0328367831463511,0,3
2736,0.8963177072054005,0.20864919344558,0.14604656875360433,0.07576006444651284,-1.9168694409543718e-16,6.418476861114186e-17,0,0
2737,0.9153393970809208,0.2148252664776875,0.14680615225341853,0.0776765686186991,8.586881206085195e-17,-3.2959746043559335e-17,0,0
2738,0.9343572534678052,0.2210115389256963,0.14751034769108173,0.07951020829023037,-2.1684043449710086e-16,-1.214306433183765e-17,0,0
2739,0.9524696099828752,0.2273901441289611,0.14809255691164935,0.08132916950853541,2.0990154059319366e-16,7.45931094670027e-17,0,0
2740,0.9788616232282242,0.2496449251174278,0.14896733785883498,0.08820141524302016,2.255140518769849e-17,6.938893903907228e-18,0,0
2741,1.0,0.259999999999383,0.15,0.09125047654742957,0.0286834939642382,1.3877787807814457e-17,2,0
2742,0.492986716916083,0.0595454258831864,0.1498704192090372,0.028780993302461866,1.3617579286417936e-16,-4.163336342344337e-17,0,0
2743,0.5119554610150161,0.065767340039642,0.1485756314432365,0.03106645891691784,-2.593411596585326e-16,6.071532165918825e-17,0,0
2744,0.5309588064975319,0.0718970509534623,0.14727922063138976,0.033233838037720176,1.3877787807814454e-16,-1.908195823574488e-17,0,0
2745,0.5499664332970811,0.078068790852344,0.14606371289482922,0.035309985884957484,-4.4235448637408575e-17,3.642919299551295e-17,0,0
2746,0.5689825847695118,0.084254702534745,0.14503783022883,0.037294475631984625,-1.0755285551056204e-16,-4.163336342344337e-17,0,0
2747,0.5879989033621058,0.0904409191926515,0.1442693983854042,0.03923242689217066,1.3444106938820255e-16,9.714451465470121e-17,0,0
2748,0.6070173935960386,0.0966272879914428,0.14375622135230515,0.04117607402571721,1.5612511283791264e-17,-6.245004513516506e-17,0,0
2749,0.6260339395403365,0.1028130206676302,0.1434433953959342,0.04314526435933885,-2.0990154059319366e-16,2.775557561562892e-17,0,0
2750,0.6450484294433163,0.1089994100493073,0.14326420036877607,0.04511753090767456,1.8388068845354155e-16,-4.336808689942018e-17,0,0
2751,0.3900008677424577,0.0159719896903835,0.16008574460283853,0.010200338626788152,-1.700029006457271e-16,3.2959746043559335e-17,0,0
2752,0.4099999999991963,0.0166553160441839,0.15749162049542065,0.009959526574874644,1.527098759945833e-16,5.551115123125783e-17,0,0
2753,0.4404031088688192,0.0327931489786247,0.15398676314362092,0.017566277088377547,9.714451465470121e-17,5.204170427930421e-18,0,0
2754,0.4708070650155565,0.0349246764179179,0.15181297237359104,0.01741927965360901,8.413408858487513e-17,3.816391647148976e-17,0,0
2755,0.3799999999992717,0.0,0.16210734866399434,0.0,-8.673617379884035e-18,-0.0324842050250068,0,3
2756,0.6640634240030138,0.1151855612013234,0.14317483673539755,0.04704265734062574,1.0495077029659683e-16,1.3877787807814457e-17,0,0
2757,0.9674629732918274,0.2341773779560724,0.14854849638953738,0.08327466607261158,-6.418476861114186e-17,3.469446951953614e-18,0,0
2758,0.683078456918612,0.1213719424378595,0.14316160732550998,0.04887513265873622,-1.9081958235744878e-16,-3.469446951953614e-18,0,0
2759,0.702093724891518,0.1275585857392342,0.14322432389394635,0.050599940923689246,-3.469446951953614e-18,-1.5612511283791264e-17,0,0
2760,0.7210894758512307,0.1337274825637929,0.14335531422545955,0.052235115241046515,9.540979117872439e-17,4.510281037539698e-17,0,0
2761,0.7400962125239743,0.1399093828641589,0.14353105195141325,0.05384286022513152,-5.377642775528102e-17,-1.3877787807814457e-17,0,0
2762,0.7591038979247322,0.1460922524613492,0.14372271863294372,0.055476609449215175,-8.673617379884035e-18,5.030698080332741e-17,0,0
2763,0.7780876513781118,0.152230158794579,0.14391258930248796,0.05716434383384694,-2.723515857283587e-16,5.204170427930421e-18,0,0
2764,0.7970899489813277,0.1583757807925211,0.14410230452750028,0.05894780966491453,3.0444397003392965e-16,1.5612511283791264e-17,0,0
2765,0.816102052834578,0.1645275757702252,0.14431466969920237,0.06083115058390831,-1.5872719805187782e-16,3.642919299551295e-17,0,0
2766,0.8351191668353413,0.1706931839191732,0.14458468640100364,0.06280850454459141,-5.2041704279304207e-17,-8.847089727481715e-17,0,0
2767,0.8540838166884299,0.1768153388035872,0.1449482899353427,0.06484062055187678,-4.6837533851373785e-17,3.122502256758253e-17,0,0
2768,0.8731213183963331,0.1829846272202413,0.1454299998892452,0.06693022240961,1.500535806719938e-16,-1.0408340855860844e-17,0,0
2769,0.8921501666529024,0.1891193219074715,0.1460247541806723,0.0690073930145445,-1.2750217548429532e-16,3.2959746043559335e-17,0,0
2770,0.488582096354773,0.0407634478167562,0.15068073841939622,0.019743081365021453,1.7520707107365752e-16,1.0408340855860844e-17,0,0
2771,0.4299999999991477,0.0173205080756368,0.15526432542537805,0.009693196361183709,-8.673617379884034e-17,-1.3010426069826053e-17,0,0
2772,0.4553304909657073,0.0309163853762741,0.15288953898925683,0.015955444485371117,-1.783953030871227e-16,-6.765421556309548e-17,0,0
2773,0.9111878646200926,0.1952620917666336,0.14668869906950022,0.07103835474481457,2.445960101127298e-16,-7.45931094670027e-17,0,0
2774,0.9302058042380098,0.2014483020440499,0.1473463465421787,0.0729884315514937,-1.006139616066548e-16,2.255140518769849e-17,0,0
2775,0.9486499801088096,0.207893357413733,0.14792014645075824,0.07490706917997159,-5.551115123125783e-17,-6.418476861114186e-17,0,0
2776,0.96594114425313,0.2156591492626143,0.1484262929764384,0.07715769619426283,-5.204170427930421e-18,2.4286128663675302e-17,0,0
2777,0.9824169292224711,0.2278522306450008,0.1490244851586624,0.08078643527915119,9.194034422677078e-17,-2.775557561562892e-17,0,0
2778,1.0,0.2399999999994413,0.15,0.08428733143955469,0.0286796503866505,-4.163336342344337e-17,2,0
2779,0.5074327455663057,0.0473587991370739,0.1494812075397931,0.02242027360103549,-2.70833702686879e-16,-2.4286128663675302e-17,0,0
2780,0.5267273226515898,0.0525867604627291,0.1482523974882497,0.024416453464446874,3.222248856626919e-16,2.4286128663675302e-17,0,0
2781,0.5458155787801331,0.0585074175817868,0.14703254798041598,0.026673546627899114,-3.174543961037557e-16,-1.734723475976807e-18,0,0
2782,0.5648317414190717,0.0646934570092758,0.1459344119648449,0.028943527113483025,2.671474153004283e-16,-1.0408340855860844e-17,0,0
2783,0.583847977848079,0.0708792835265385,0.14506226288995094,0.031114524989019454,-2.5413698923060224e-16,-2.255140518769849e-17,0,0
2784,0.6028647543569441,0.0770656341349699,0.14445038630219642,0.033228219970609985,2.324529457808921e-16,5.030698080332741e-17,0,0
2785,0.6218816491019001,0.0832518826164458,0.14406368373147416,0.03532150271447421,-2.42861286636753e-16,-9.367506770274757e-17,0,0
2786,0.640897870965988,0.0894381139612659,0.1438339569076561,0.03740121646697503,2.827599265842196e-16,-1.214306433183765e-17,0,0
2787,0.6599132808166925,0.0956246521074232,0.14370373045358065,0.03943969108524925,-1.6566609195578508e-16,6.765421556309548e-17,0,0
2788,0.3999999999992156,0.0,0.15928510740559432,0.0,-9.714451465470121e-17,-0.0322063789971598,0,3
2789,0.4199999999991775,0.0,0.15670769116695737,0.0,3.9898639947466563e-17,-0.0321141586073063,0,3
2790,0.4491001900599111,0.0168009604997284,0.15352368857929832,0.008872811256367186,2.0816681711721683e-16,1.6479873021779667e-17,0,0
2791,0.4884315339930885,0.0200100957589656,0.15084885719625163,0.009667477088214582,1.8827170725210782e-16,3.469446951953614e-18,0,0
2792,0.467396079817228,0.0165982779150792,0.15215170235387632,0.008356593932731471,-2.1936120454812966e-16,-3.122502256758253e-17,0,0
2793,0.6789284622396219,0.1018108445649022,0.1436481050582188,0.0413926923608301,3.7296554733501346e-17,1.7347234759768068e-17,0,0
2794,0.6979438741044072,0.1079972716560484,0.14366737929208284,0.043228749906575104,1.1449174941446927e-16,-2.949029909160572e-17,0,0
2795,0.7169598744053804,0.1141841557738477,0.14376520221185274,0.04494998847644638,-2.5587171270657905e-16,-4.6837533851373785e-17,0,0
2796,0.7359760303447886,0.1203713665766647,0.14393217304558448,0.04659575518371639,3.157196726277789e-16,4.336808689942018e-17,0,0
2797,0.7549921073347929,0.1265586611173979,0.1441447550224666,0.048228652446141496,-2.688821387764051e-16,-4.8572257327350605e-17,0,0
2798,0.7739853125898812,0.132722316996299,0.1443755118842489,0.04990423027538782,1.1622647289044608e-16,-1.5612511283791264e-17,0,0
2799,0.7929575652326358,0.1388610646512543,0.1446048098201942,0.051667832961811655,6.505213034913027e-17,-1.0408340855860844e-17,0,0
2800,0.8119384974261014,0.1450368799433356,0.14482689889383327,0.05356247440795414,-8.326672684688674e-17,3.4694469519536136e-17,0,0
2801,0.8309748898947557,0.1511369950040021,0.14505978466162617,0.05554187011148315,2.289834988289385e-16,6.245004513516506e-17,0,0
2802,0.8499791512752025,0.1573099529608124,0.14532931518294845,0.057642894246782816,-2.220446049250313e-16,-5.898059818321144e-17,0,0
2803,0.8689769973268688,0.1634686213921011,0.1456799957498447,0.05979883415147924,1.5612511283791264e-16,1.7347234759768068e-17,0,0
2804,0.8879685843339127,0.169616924769851,0.14614103161579806,0.06196852537323139,-1.9081958235744878e-16,-4.6837533851373785e-17,0,0
2805,0.9070152116138566,0.1757346253713075,0.14670409319074906,0.06409506925592723,2.688821387764051e-16,3.816391647148976e-17,0,0
2806,0.5028263571988904,0.0318101455381987,0.14999967696530803,0.01509472812989543,-1.491862189340054e-16,3.4694469519536136e-17,0,0
2807,0.4399999999991175,0.0,0.15448459700564854,0.0,3.9898639947466563e-17,-0.0320197642053535,0,3
2808,0.9260542347084488,0.1818850323243294,0.14730313842767373,0.06615188823889184,-2.723515857283587e-16,8.153200337090992e-17,0,0
2809,0.9450724458431417,0.1880712732606848,0.14785425456989287,0.06809839033121534,-1.0495077029659683e-16,4.163336342344337e-17,0,0
2810,0.9642371559840514,0.1950483227549194,0.14834909178011912,0.07016781406127848,2.012279232133096e-16,-1.0408340855860844e-17,0,0
2811,0.98261241697604,0.2086486212688597,0.14896483051199993,0.07433445631613722,-1.7347234759768068e-17,1.0408340855860844e-17,0,0
2812,1.0,0.2199999999994996,0.15,0.07753158750892908,0.0286341220708777,2.949029909160572e-17,2,0
2813,0.5198471399515251,0.0337131603395854,0.14903980167400732,0.01573336714518092,-2.3960868011929648e-17,-5.2041704279304207e-17,0,0
2814,0.5421971324406223,0.0363648986058402,0.1478107451403048,0.016686522910710266,-1.3704315460216776e-16,5.2041704279304207e-17,0,0
2815,0.5616840775508632,0.0457231589041738,0.14666552721973858,0.020640744708606995,2.905661822261152e-16,2.775557561562892e-17,0,0
2816,0.5800212572534136,0.0516990161952763,0.14580839847985771,0.022954959345192094,-3.564856743132338e-16,-5.204170427930421e-18,0,0
2817,0.5987138473994889,0.0575035348955632,0.14516298376656778,0.025085967948571763,2.740863092043355e-16,-2.6020852139652106e-17,0,0
2818,0.6177304828319612,0.0636899934356882,0.1447132068569772,0.027298474732891265,-1.908195823574488e-17,7.28583859910259e-17,0,0
2819,0.6367470546383414,0.0698763957775221,0.14442268199354658,0.029462459423712062,-8.586881206085195e-17,-1.0408340855860844e-17,0,0
2820,0.6557632466124126,0.0760629646063276,0.144229115093367,0.03158380558238605,-1.491862189340054e-16,-2.255140518769849e-17,0,0
2821,0.674778743926162,0.0822493845898611,0.14410049845992035,0.033641931069894326,1.9081958235744878e-16,1.7347234759768068e-17,0,0
2822,0.4599999999990794,0.0,0.15267523796501337,0.0,-4.6837533851373785e-17,-0.0318469627584194,0,3
2823,0.5098382701287596,0.0172052246386124,0.14967519912715943,0.008094926053431095,-1.3877787807814457e-17,1.5612511283791264e-17,0,0
2824,0.4799999999990204,0.0,0.15124801770434715,0.0,7.28583859910259e-17,-0.0316227515754836,0,3
2825,0.6937936132845699,0.0884355505262114,0.1440394482940519,0.035606398146683205,1.7347234759768068e-17,-4.6837533851373785e-17,0,0
2826,0.7128097547326977,0.0946222342428288,0.1440642959859133,0.03746062164077557,-7.806255641895632e-18,3.816391647148976e-17,0,0
2827,0.7318260054737253,0.1008092263448257,0.14418593238508493,0.03921782906684257,8.153200337090992e-17,-6.245004513516506e-17,0,0
2828,0.7508422932038243,0.1069964073462941,0.1443951540805415,0.04092239930764663,-1.1449174941446927e-16,4.8572257327350605e-17,0,0
2829,0.7698544836244741,0.1131791591323658,0.14466329321621174,0.04263457599472531,1.1622647289044608e-16,2.6020852139652106e-17,0,0
2830,0.7888617634838007,0.1193562593015182,0.144951486865736,0.04441299642439844,-2.289834988289385e-16,3.469446951953614e-18,0,0
2831,0.8078433201476394,0.125484997878785,0.14522470257161046,0.046281464772619074,1.6046192152785466e-16,-8.500145032286355e-17,0,0
2832,0.8268823127759851,0.1315761690206581,0.14546852854384085,0.04825482829073735,-5.204170427930421e-18,2.775557561562892e-17,0,0
2833,0.8458516038875548,0.1377561616903757,0.1456949730577719,0.050368674962555815,2.775557561562892e-17,3.122502256758253e-17,0,0
2834,0.8648580097430372,0.1439479667859131,0.14595881795482057,0.05256026961887983,-1.1188966420050406e-16,-4.163336342344337e-17,0,0
2835,0.8838646990637903,0.1501228190545935,0.14632052815042584,0.05477555838115222,3.642919299551295e-17,6.418476861114186e-17,0,0
2836,0.9028313471362022,0.1562436802235751,0.14680365294458397,0.05695324900079868,-5.2909066017292616e-17,-3.4694469519536136e-17,0,0
2837,0.9218811536820576,0.1623640079967893,0.1473623599283087,0.05906795717601199,-1.6306400674181987e-16,2.775557561562892e-17,0,0
2838,0.4999999999989813,0.0,0.15010382814034529,0.0,-3.9898639947466563e-17,-0.0316285091685648,0,3
2839,0.9409208316546706,0.1685077464109912,0.14788609106736317,0.0610956640321092,2.220446049250313e-16,-4.8572257327350605e-17,0,0
2840,0.9622637524647926,0.1750219198021042,0.14835941529301522,0.06310253654010012,1.6653345369377348e-16,-8.326672684688674e-17,0,0
2841,0.9828678827944768,0.1895105712818297,0.14893061213473402,0.06777786110797024,-1.0234868508263162e-16,-1.734723475976807e-18,0,0
2842,1.0,0.1999999999995579,0.15,0.07086329372941691,0.0286137331985008,-6.938893903907228e-18,2,0
2843,0.5306985820209149,0.0175234345493963,0.14863051802967675,0.008123675772374384,-1.429791614965259e-16,0.0,0,0
2844,0.5600379152505426,0.029557873516733,0.14714697155613976,0.013439547026195875,1.231653667943533e-16,-2.5153490401663706e-17,0,0
2845,0.5772387554130798,0.033637237532335,0.1464443101258439,0.01509386078978503,-3.382710778154774e-17,1.7347234759768068e-17,0,0
2846,0.594814435278619,0.0383483040750128,0.14587465251224785,0.016930276037929737,6.938893903907227e-17,-5.377642775528102e-17,0,0
2847,0.613396719660861,0.0446901792619109,0.1454009289464011,0.019349568101091563,-1.1102230246251563e-16,2.255140518769849e-17,0,0
2848,0.632596415192055,0.0503143366343685,0.14508307176538437,0.021356966548083278,6.272109567828643e-17,2.949029909160572e-17,0,0
2849,0.6516131075152382,0.0565006436545041,0.1448266091442747,0.023541330938755323,1.3357370765021415e-16,-5.898059818321144e-17,0,0
2850,0.6706293097964926,0.0626875253052126,0.14461326685136555,0.025674830477953492,-1.6740081543176186e-16,-8.153200337090992e-17,0,0
2851,0.6907104422742978,0.0682391620579461,0.14446184170424203,0.02746069206006041,2.8883145875013843e-16,7.63278329429795e-17,0,0
2852,0.5199999999989373,0.0,0.14914099425914173,0.0,3.816391647148976e-17,-0.0315052606193554,0,3
2853,0.7097779634279218,0.0746967167151426,0.14436905467482575,0.029572120204193197,-3.8337388819087437e-16,-2.255140518769849e-17,0,0
2854,0.728099265896376,0.0814497548774974,0.14438302766609468,0.03173785521778427,2.333203075188805e-16,4.510281037539698e-17,0,0
2855,0.7466924474777956,0.0874339253732161,0.14453036693140575,0.03352148057774684,-1.7607443281164592e-16,1.908195823574488e-17,0,0
2856,0.7657092124343061,0.0936212426148941,0.14478631771061146,0.03534436692257259,-7.025630077706069e-17,-1.214306433183765e-17,0,0
2857,0.7847262410505912,0.0998088785012739,0.14510361210966494,0.037191171795257105,9.020562075079396e-17,-8.673617379884035e-18,0,0
2858,0.8037314413371499,0.1059832854033477,0.14542234273444876,0.039105176982957346,2.6281060661048627e-16,-3.642919299551295e-17,0,0
2859,0.8226882061438742,0.1121041972487927,0.14569512864154266,0.041100140305843524,-3.148523108897905e-16,-7.979727989493313e-17,0,0
2860,0.8417101929084027,0.1182255507400228,0.14591776572995485,0.043195236138672044,1.43982048506075e-16,8.847089727481715e-17,0,0
2861,0.8607092384093163,0.1243842658718775,0.14613845557700245,0.045379137972304306,8.673617379884035e-18,-3.469446951953614e-18,0,0
2862,0.8797251222512532,0.1305718885348056,0.14644231567442034,0.04760493127560039,6.938893903907228e-18,-3.9898639947466563e-17,0,0
2863,0.8987424314952641,0.1367593165532874,0.1468883210297065,0.04981337387471285,1.1796119636642288e-16,-2.4286128663675302e-17,0,0
2864,0.91768838136499,0.1428668916987348,0.14744313376371565,0.051935888070147485,-7.199102425303751e-17,-5.030698080332741e-17,0,0
2865,0.9366561876484468,0.1489525091448971,0.14797855624593126,0.05397434442784288,6.505213034913027e-17,-4.163336342344337e-17,0,0
2866,0.5499999999988742,0.0173205080756566,0.1477765080944664,0.007957326548195809,5.377642775528102e-17,-4.6837533851373785e-17,0,0
2867,0.955013867277002,0.1546176381798894,0.148355203371608,0.05580238732909493,-4.4235448637408575e-17,3.469446951953614e-18,0,0
2868,0.9826794919243618,0.1699999999996454,0.14890211537593245,0.06094687656695896,-2.0469737016526324e-16,-3.2959746043559335e-17,0,0
2869,1.0,0.1799999999996162,0.15,0.06416406874086533,0.0285870486728215,2.6020852139652106e-17,2,0
2870,0.539999999998883,0.0,0.14830734820861835,0.0,-1.5612511283791264e-17,-0.0314842663715316,0,3
2871,0.5696083107451853,0.0164619796718854,0.14709484187915223,0.007493818774428007,-3.642919299551295e-17,-1.908195823574488e-17,0,0
2872,0.5917973253320858,0.0179842081707102,0.14651800233514223,0.008048324613159963,1.3183898417423734e-16,-6.938893903907228e-18,0,0
2873,0.6109197758908227,0.0271887222043715,0.14599420062131685,0.011877063033759683,-6.505213034913027e-17,-8.673617379884035e-18,0,0
2874,0.6263456745398622,0.0347922523613326,0.14563268010988395,0.01489890651734882,-3.9898639947466563e-17,-3.469446951953614e-18,0,0
2875,0.64526681740008,0.0344328932307841,0.14553122325560253,0.014400660793064901,1.9428902930940242e-16,-1.214306433183765e-17,0,0
2876,0.6663413588806809,0.0435495483810198,0.14516907828283365,0.01778998296256873,-4.336808689942018e-17,4.8572257327350605e-17,0,0
2877,0.6861887224535232,0.049002049091365,0.14493239376906786,0.01962245896152126,-1.0798653637955623e-16,-1.734723475976807e-18,0,0
2878,0.7090943007571173,0.0523637461198841,0.14478571938502682,0.020510774023478007,-4.163336342344337e-17,2.6020852139652106e-17,0,0
2879,0.7253545976514995,0.062687211642946,0.1446265228843231,0.024325895625452176,2.5630539357557325e-16,-1.3877787807814457e-17,0,0
2880,0.9705635516902044,0.1595372007842713,0.14859849805262115,0.05737339157894894,6.158268339717665e-17,5.377642775528102e-17,0,0
2881,0.7427454124781728,0.0680969533767896,0.14467688381216703,0.026079113505375062,-2.0296264668928643e-16,5.204170427930421e-18,0,0
2882,0.7615592681552165,0.0740583652953362,0.1448594750475536,0.027984856964167193,1.795438797635995e-16,-1.908195823574488e-17,0,0
2883,0.7805763770695765,0.080245861351333,0.14514255759800676,0.029962978308503807,-4.250072516143178e-17,-4.8572257327350605e-17,0,0
2884,0.7995936865185869,0.0864334710824608,0.14545831876387183,0.03196928102488528,3.122502256758253e-17,5.030698080332741e-17,0,0
2885,0.8186090218960231,0.0926019028013194,0.14573797348484163,0.03403238176315426,-1.249000902703301e-16,8.326672684688674e-17,0,0
2886,0.8375554981592881,0.0987282969373045,0.14595297020141373,0.036159730591407424,-1.8388068845354155e-16,6.938893903907228e-18,0,0
2887,0.8565686882029526,0.104859509316012,0.1461470111866845,0.038354380851160386,2.584737979205442e-16,1.0408340855860844e-17,0,0
2888,0.8755745235333279,0.1110086839796214,0.146418859825431,0.04058184296627587,-1.6826817716975031e-16,3.816391647148976e-17,0,0
2889,0.8945918687905519,0.1171959076980418,0.14685868993456097,0.04279715474422119,1.1102230246251563e-16,1.0408340855860844e-17,0,0
2890,0.9135963354199326,0.1233674163024492,0.14745482207629834,0.04493768382417329,-2.5153490401663706e-17,-1.908195823574488e-17,0,0
2891,0.9325866035209822,0.1295182322529667,0.14805526214615838,0.04698884070421627,-1.2750217548429532e-16,7.28583859910259e-17,0,0
2892,0.951106430538004,0.135223653721936,0.14845347626851435,0.04883693449482962,1.0928757898653883e-16,3.469446951953614e-18,0,0
2893,0.5599999999988632,0.0,0.14760041416957392,0.0,7.112366251504909e-17,-0.0313897086074214,0,3
2894,0.9682011793789608,0.1414675017772366,0.14862872359478274,0.050915292853460414,-1.43982048506075e-16,5.2041704279304207e-17,0,0
2895,0.983404853108528,0.1500034929100333,0.14890711859681005,0.0538906158926693,-5.377642775528102e-17,4.336808689942018e-17,0,0
2896,1.0,0.1599999999996745,0.15,0.05742584246036131,0.0285514972286957,6.938893903907228e-18,2,0
2897,0.5799999999989266,0.0,0.14702345582645648,0.0,-5.2041704279304207e-17,-0.0312938990801558,0,3
2898,0.6102311985481221,0.0114003557821297,0.14632924991201435,0.005018900922104663,-9.337013584173603e-17,1.0408340855860844e-17,0,0
2899,0.6295486445554923,0.0173351304752282,0.14600865797683582,0.00741025076485613,1.316153674761622e-16,-1.908195823574488e-17,0,0
2900,0.6623292833166191,0.0235612019657739,0.14557852260941218,0.009573661472018102,-2.6367796834847473e-16,7.979727989493313e-17,0,0
2901,0.6799500437934745,0.0301458315579875,0.14533292310375145,0.011991725079468551,3.122502256758253e-17,4.510281037539698e-17,0,0
2902,0.6993723848181266,0.0335217673630917,0.14513291874277456,0.013053655604380765,5.898059818321144e-17,-8.326672684688674e-17,0,0
2903,0.7239839934307056,0.0484880923382632,0.14485398006786454,0.0186717747185412,-1.5092094240998222e-16,-6.938893903907228e-18,0,0
2904,0.7398920559912382,0.0501825786639327,0.1448984070456163,0.01909842444115384,-3.5128150388530344e-17,2.775557561562892e-17,0,0
2905,0.7574429770534432,0.0545327540601275,0.1450139706045661,0.020555756654289326,1.3227266504323154e-16,-3.469446951953614e-18,0,0
2906,0.7763220816835514,0.0607483043195912,0.14521798118346396,0.02270341499593087,8.673617379884035e-19,-1.3877787807814457e-17,0,0
2907,0.7954436892268603,0.0668701084081611,0.14547501497159487,0.02480966220218761,-4.597017211338539e-17,-1.7347234759768068e-17,0,0
2908,0.8144612494673366,0.0730578563425486,0.1457065261127326,0.026967445603986562,1.491862189340054e-16,-1.3877787807814457e-17,0,0
2909,0.8336240497499032,0.0793043097934625,0.14587838854502966,0.02919637336708547,-1.5959455978986623e-16,-2.949029909160572e-17,0,0
2910,0.8525106601398653,0.0853504716602562,0.14602387645086878,0.031405394667672226,3.0791341698588326e-16,-4.510281037539698e-17,0,0
2911,0.8714396310112528,0.0914581979848074,0.1462560661398129,0.033659778606306645,-3.061786935099064e-16,4.163336342344337e-17,0,0
2912,0.8904411897380922,0.0976324205376996,0.146692580810722,0.03590927626737539,2.3418766925686896e-16,6.938893903907228e-18,0,0
2913,0.9094591197079795,0.1038195549231048,0.14734561230852705,0.03808122138616454,-1.734723475976807e-18,-3.469446951953614e-18,0,0
2914,0.928477232820932,0.1100068755371507,0.14804932228145162,0.040148466232494684,-2.949029909160572e-16,-4.336808689942018e-17,0,0
2915,0.9473625441875037,0.1160465044616158,0.14852708878703424,0.04209820790129015,3.564856743132338e-16,3.642919299551295e-17,0,0
2916,0.9655592438994988,0.1224411534926553,0.14866313781692497,0.04421730060130358,-2.914335439641036e-16,-4.163336342344337e-17,0,0
2917,0.5999999999989684,0.0,0.14654223016350443,0.0,-1.5612511283791264e-17,-0.0313231208523892,0,3
2918,0.6474289490540813,0.0150658451343572,0.14578463741372616,0.006253386914302439,-1.4670610646444482e-16,4.6837533851373785e-17,0,0
2919,0.7188917022263864,0.0338390893864311,0.14504840130916818,0.012924555494009837,1.5612511283791264e-17,6.591949208711867e-17,0,0
2920,0.9827917057915048,0.1300410766252385,0.14884027533912558,0.04693009214679478,1.8301332671555315e-16,2.6020852139652106e-17,0,0
2921,1.0,0.1399999999997328,0.15,0.050707611018879106,0.0285257711478384,-2.949029909160572e-17,2,0
2922,0.6199999999990318,0.0,0.14608412003781268,0.0,-3.642919299551295e-17,-0.0311490248490453,0,3
2923,0.6399999999990779,0.0,0.14558326928272436,0.0,3.642919299551295e-17,-0.0312338117153234,0,3
2924,0.6745832192200902,0.014083311373473,0.14533619080975768,0.005571668655321105,2.0990154059319366e-16,-8.326672684688674e-17,0,0
2925,0.6599999999991369,0.0,0.14503620235564085,0.0,-1.734723475976807e-18,-0.0311142281568163,0,3
2926,0.6906367689920426,0.0167095233436035,0.14516110357021716,0.006464810413177702,1.4031608991035838e-16,-6.938893903907228e-18,0,0
2927,0.7099999999992513,0.0173205080757308,0.1450032239565644,0.006552970404698044,-2.4253263785321832e-16,8.673617379884035e-18,0,0
2928,0.7359599526614595,0.0336690757374272,0.14509014808265874,0.012697351869974227,9.367506770274757e-17,-2.688821387764051e-17,0,0
2929,0.7544913388476738,0.035721051325235,0.14524221552591143,0.013369940025654614,-8.673617379884034e-17,-5.2041704279304207e-17,0,0
2930,0.7722761234231326,0.0411193388034421,0.1454193508191679,0.015336898660052611,1.457167719820518e-16,6.938893903907228e-18,0,0
2931,0.7906340551730795,0.0476633979991475,0.14560000118615335,0.017720614236623078,-1.0842021724855043e-16,-3.469446951953614e-18,0,0
2932,0.8117995507621387,0.0514479461309671,0.14579796221865138,0.01908315231139568,-1.3877787807814457e-17,4.336808689942018e-17,0,0
2933,0.8303465365032651,0.0601962801802355,0.14584907815865833,0.02229264716106627,-1.500535806719938e-16,2.949029909160572e-17,0,0
2934,0.8485240281749336,0.0658873849107803,0.1459043226352037,0.02441525883250506,1.4441572937506922e-16,-1.214306433183765e-17,0,0
2935,0.867352065540862,0.0718651310191707,0.14606153061749438,0.02666736362152733,-2.576064361825558e-16,3.642919299551295e-17,0,0
2936,0.8863062117146547,0.0780680810482848,0.1464651568685582,0.0289831104582845,2.723515857283587e-16,-3.2959746043559335e-17,0,0
2937,0.9053083087555632,0.0842558579597186,0.14715506262201927,0.031216850387863815,-2.949029909160572e-17,2.4286128663675302e-17,0,0
2938,0.9243264443358898,0.0904430327164038,0.14796375021373365,0.03333230085172545,-1.9081958235744878e-16,2.949029909160572e-17,0,0
2939,0.9433447186371736,0.096630263292225,0.14855300725193388,0.03534816873798263,1.0451708942760264e-16,-7.28583859910259e-17,0,0
2940,0.9622750223971036,0.1027196148528845,0.14868724826840207,0.03734133453872346,-1.3877787807814457e-17,3.9898639947466563e-17,0,0
2941,0.981335614188136,0.1106160712945235,0.14871998053064317,0.04018277554496308,5.811323644522304e-17,-6.591949208711867e-17,0,0
2942,0.7295294721816363,0.0166924450652471,0.14500031950626635,0.00622145929440876,1.3530843112619095e-16,-3.209238430557093e-17,0,0
2943,1.0,0.1199999999997832,0.15,0.04397835252893856,0.0285120431018896,-3.469446951953614e-18,2,0
2944,0.6799999999991786,0.0,0.14452370653498292,0.0,-3.816391647148976e-17,-0.0310672097444355,0,3
2945,0.699999999999242,0.0,0.14417972475098395,0.0,-3.4694469519536136e-17,-0.0310817284811653,0,3
2946,0.7199999999992837,0.0,0.14412356347247623,0.0,2.6020852139652106e-17,-0.0310620642935577,0,3
2947,0.7489711532911179,0.0170911976454538,0.14522088651688136,0.0063364403240484535,1.908195823574488e-17,-1.734723475976807e-18,0,0
2948,0.77016004352558,0.0202984902596044,0.14561202192680867,0.007536746729670085,1.3183898417423734e-16,3.2959746043559335e-17,0,0
2949,0.784961228638593,0.0319086288723854,0.14575401692459877,0.01186838119042477,-1.3183898417423734e-16,3.469446951953614e-18,0,0
2950,0.8017359210717157,0.0331414092240065,0.14595045747878999,0.012333193351196314,-1.3761236074272263e-16,4.8572257327350605e-17,0,0
2951,0.8297138067412784,0.0450242958774691,0.1459363901047226,0.016748840625950834,1.1449174941446927e-16,-2.0383000842727486e-17,0,0
2952,0.8447444446775884,0.0471403083144805,0.14592329960746042,0.017565946362537943,-4.640385298237959e-17,-2.255140518769849e-17,0,0
2953,0.863311285452095,0.0524838531140585,0.14597754214976533,0.01959457991142699,-2.775557561562892e-17,2.4286128663675302e-17,0,0
2954,0.8821387526012179,0.0585048916154753,0.1463045890746031,0.02187015672279813,1.4224732503009818e-16,-4.6837533851373785e-17,0,0
2955,0.9011573226409412,0.0646919871728375,0.146989313200379,0.024155431258805038,-1.3270634591222574e-16,5.204170427930421e-18,0,0
2956,0.9201756281134024,0.0708791494233126,0.14787273418883728,0.026335660641052527,-8.673617379884035e-19,1.734723475976807e-18,0,0
2957,0.9379450408421752,0.0768218173887416,0.14853741062475478,0.028325802667495736,2.0729945537922842e-16,-4.510281037539698e-17,0,0
2958,0.957742806857226,0.082044901002629,0.1487357937638194,0.029991008343131398,-2.1684043449710086e-16,8.066464163292153e-17,0,0
2959,0.9772308237758938,0.0894407173288133,0.1485615282882975,0.03261576180011616,-6.938893903907227e-17,-1.0408340855860844e-17,0,0
2960,1.0,0.0999999999998146,0.15,0.03701790353807155,0.0284904926608817,1.3877787807814457e-17,2,0
2961,0.7399999999993466,0.0,0.14439163375413955,0.0,1.214306433183765e-17,-0.0310286785960853,0,3
2962,0.8207274322779028,0.0323343499959938,0.14606866688221487,0.012059892321531152,1.2663481374630692e-16,-2.775557561562892e-17,0,0
2963,0.7599999999993889,0.0,0.14490204022052922,0.0,-5.724587470723462e-17,-0.0309889123430067,0,3
2964,0.7899999999994566,0.0173205080757263,0.14597291019546788,0.006455203072619042,-1.5439038936193583e-16,3.469446951953614e-18,0,0
2965,0.8103789509290995,0.0171017257351993,0.14618736413343925,0.006405673878816742,8.862505727121743e-17,-5.204170427930421e-18,0,0
2966,0.8397856070706077,0.0307977865220783,0.1460590372279782,0.011521634498876665,-6.418476861114186e-17,1.0408340855860844e-17,0,0
2967,0.8593530671698247,0.0337109700989719,0.14604292024100474,0.012624944894469081,-5.811323644522304e-17,0.0,0,0
2968,0.8779876992878738,0.0389407456246947,0.14628624404454627,0.014579391634470085,9.194034422677078e-17,2.775557561562892e-17,0,0
2969,0.8968516982706817,0.0451606979538736,0.14692622714061088,0.016873014027623867,4.076600168545497e-17,6.591949208711867e-17,0,0
2970,0.915097422852028,0.0515118769683799,0.1478057107640609,0.01914771477368049,-3.209238430557093e-17,-4.8572257327350605e-17,0,0
2971,0.9342589587887802,0.0559198918264986,0.1486414632035462,0.020570592625517747,-5.2041704279304207e-17,-1.3877787807814457e-17,0,0
2972,0.9478216883205792,0.0650136660713805,0.14882774158336076,0.02379487876805797,-2.0643209364124002e-16,9.540979117872439e-17,0,0
2973,0.9698056775528904,0.0755910587097523,0.14857926670018173,0.027490493991535914,2.914335439641036e-16,-3.642919299551295e-17,0,0
2974,1.0,0.0799999999998451,0.15,0.029532086192375573,0.0284853307336595,1.734723475976807e-18,2,0
2975,0.7799999999994371,0.0,0.14547068584334966,0.0,4.336808689942018e-17,-0.0309863236589494,0,3
2976,0.8301166365818147,0.0164860518273055,0.14618521942522733,0.006198522991553546,6.071532165918825e-17,-3.816391647148976e-17,0,0
2977,0.962196300964983,0.0613970886660097,0.14874050384436543,0.02216564374157315,1.1449174941446927e-16,-6.071532165918825e-17,0,0
2978,0.9820527786134592,0.0694815278415572,0.14843920576831238,0.025107040891271026,-1.2663481374630692e-16,3.642919299551295e-17,0,0
2979,0.7999999999994944,0.0,0.14588239016919147,0.0,-9.194034422677078e-17,-0.0309649545465417,0,3
2980,0.8199999999995363,0.0,0.146002456421769,0.0,1.0755285551056204e-16,-0.0309573420018131,0,3
2981,0.8503208174176861,0.0167814796355722,0.14609445175604918,0.006313189161119226,-1.3877787807814457e-17,1.908195823574488e-17,0,0
2982,0.8729422113962243,0.0180616200526153,0.146267036257413,0.006762263331438589,3.469446951953614e-18,-2.255140518769849e-17,0,0
2983,0.8932759040797049,0.0265425786442055,0.1469381079251022,0.00986025876363783,-2.8189256484623115e-17,-3.4694469519536136e-17,0,0
2984,0.9118738155239507,0.031750979508354,0.14789908921861183,0.01167100093607587,1.0972125985553304e-16,9.367506770274757e-17,0,0
2985,0.925614112873134,0.0390396221015727,0.14854036193520415,0.014257914132940641,-5.377642775528102e-17,-1.3877787807814457e-17,0,0
2986,0.9523527246390996,0.0497909353830663,0.14897676856239173,0.017870330915684463,1.5959455978986623e-16,-1.7347234759768068e-17,0,0
2987,1.0,0.0599999999998783,0.15,0.02146215588254563,0.0284769156328933,-1.908195823574488e-17,2,0
2988,0.8399999999995998,0.0,0.145884913027011,0.0,-1.1449174941446927e-16,-0.0309394403627183,0,3
2989,0.9411606973449947,0.035726809771821,0.14911411432785826,0.012711095881059009,-1.7520707107365752e-16,-5.551115123125783e-17,0,0
2990,0.9681712852660632,0.0462023280670387,0.1486082411460643,0.016134134646563325,-2.233456475320139e-16,-5.2041704279304207e-17,0,0
2991,0.9839069173671297,0.052125963229309,0.14834605545968316,0.0182157783101502,9.80118763926896e-17,4.8572257327350605e-17,0,0
2992,0.8599999999996417,0.0,0.14580208185704802,0.0,3.816391647148976e-17,-0.0309269395817607,0,3
2993,0.8899999999997255,0.010985400998767,0.1467745371755953,0.004068050612659135,9.194034422677078e-17,4.163336342344337e-17,0,0
2994,0.9080144588161309,0.0146823350942712,0.14778202087827452,0.0053346208169386955,-1.3370923292177483e-16,-4.336808689942018e-17,0,0
2995,0.9281717344531156,0.0195981890959238,0.14889379609165587,0.006926399392341409,2.303794091260136e-16,3.9898639947466563e-17,0,0
2996,0.9596387936023344,0.0333210113209256,0.1489530928838576,0.011387366564122203,2.445960101127298e-16,7.28583859910259e-17,0,0
2997,1.0,0.0399999999999218,0.15,0.013258533748739865,0.0284618648339007,3.9898639947466563e-17,2,0
2998,0.8799999999997054,0.0,0.14612156507972784,0.0,-6.418476861114186e-17,-0.0309240596342249,0,3
2999,0.9495663715771624,0.0176256910267611,0.14925531272037063,0.0058890471968879865,-2.6367796834847473e-16,-5.551115123125783e-17,0,0
3000,0.9810244426630432,0.0320470085864359,0.1482114158982455,0.010431741327010968,-1.5352302762394743e-16,-2.949029909160572e-17,0,0
3001,0.8999999999997471,0.0,0.14703044707432866,0.0,2.4286128663675302e-17,-0.0308972766421724,0,3
3002,0.9199999999997972,0.0,0.14824960380491348,0.0,2.0816681711721685e-17,-0.0309012961255845,0,3
3003,0.9399999999998528,0.0,0.14901988065604144,0.0,2.255140518769849e-17,-0.0309062061442208,0,3
3004,0.9692264950103416,0.0168739247617643,0.1485015139125352,0.00528386188125296,1.1622647289044608e-16,1.214306433183765e-17,0,0
3005,1.0,0.0199999999999623,0.15,0.0058192309206788195,0.0284565852036085,-5.204170427930421e-18,2,0
3006,0.9599999999998944,0.0,0.14865657535926147,0.0,3.4694469519536136e-17,-0.0308993313054286,0,3
3007,0.9853589838485716,0.0146410161514056,0.14807702126860534,0.004279894633327785,-1.1020184517398146e-16,-3.2959746043559335e-17,0,0
3008,0.979999999999958,0.0,0.14777065851225757,0.0,-3.642919299551295e-17,-0.0308949212813487,0,3
3009,1.0,0.0,0.15,0.0,0.0142240222388783,-0.0154451260835866,2,3
