x,y,ux,uy,bcx,bcy
0.3356401384083045,1.0,-0.0016742713629101,0.2181108893492343,0.0,1.0
0.3391003460207612,1.0,-0.0017287237641088,0.2175922274212247,0.0,1.0
0.3425605536332179,1.0,-0.0017847307735174,0.2170025293828555,0.0,1.0
0.3460207612456747,1.0,-0.0018711203261812,0.2163960237371769,0.0,1.0
0.3494809688581315,1.0,-0.0019054776180299003,0.2158277926104349,0.0,1.0
0.3529411764705882,1.0,-0.0019733277312613,0.2152343682140018,0.0,1.0
0.356401384083045,1.0,-0.0020436412982804,0.2147223849985307,0.0,1.0
0.3598615916955017,1.0,-0.0021244514021454,0.2142071616365347,0.0,1.0
0.3633217993079585,1.0,-0.0022135433671346,0.2136645028910664,0.0,1.0
0.3667820069204152,1.0,-0.0023336434505685,0.2131346115704543,0.0,1.0
0.370242214532872,1.0,-0.0023784605536311,0.2126268189902408,0.0,1.0
0.3737024221453287,1.0,-0.0025112215379982,0.2121711000286397,0.0,1.0
0.3771626297577855,1.0,-0.0026386684745443,0.2116816948300375,0.0,1.0
0.3806228373702422,1.0,-0.00275803471791,0.2112109157100645,0.0,1.0
0.3840830449826989,1.0,-0.0028664921263057,0.2107354701158245,0.0,1.0
0.3875432525951557,1.0,-0.0030011313127275,0.2103246064925902,0.0,1.0
0.3910034602076124,1.0,-0.0031334827156314,0.2098691480837703,0.0,1.0
0.3944636678200692,1.0,-0.0033115321287529,0.2094338135592661,0.0,1.0
0.3979238754325259,1.0,-0.0034134379270954,0.209004533520364,0.0,1.0
0.4013840830449827,1.0,-0.0035493660483332,0.2086314712531621,0.0,1.0
0.4048442906574394,1.0,-0.0037009167468203,0.2082305580965665,0.0,1.0
0.4083044982698962,1.0,-0.0038264936337187006,0.2079057324379045,0.0,1.0
0.4117647058823529,1.0,-0.003951774077908,0.2075167949566679,0.0,1.0
0.4152249134948096,1.0,-0.0040895985027516,0.2071918166182825,0.0,1.0
0.4186851211072664,1.0,-0.0042678975882556,0.206810627959431,0.0,1.0
0.4221453287197231,1.0,-0.0043937164254012,0.2064787323199194,0.0,1.0
0.4256055363321799,1.0,-0.004557439540994,0.2062335960718685,0.0,1.0
0.4290657439446367,1.0,-0.0047291575570119,0.2059105499920833,0.0,1.0
0.4325259515570934,1.0,-0.0048438289249837,0.2056550943846338,0.0,1.0
0.4359861591695502,1.0,-0.0050321268804166,0.2053386513521551,0.0,1.0
0.4394463667820069,1.0,-0.00518539788326,0.2050563522641064,0.0,1.0
0.4429065743944637,1.0,-0.0053283354998962,0.2048221725324675,0.0,1.0
0.4463667820069204,1.0,-0.0055000599845615,0.2045718096199497,0.0,1.0
0.4498269896193771,1.0,-0.0056388897917356,0.2043203453568849,0.0,1.0
0.4532871972318339,1.0,-0.0058701088014739,0.2040695848978013,0.0,1.0
0.4567474048442906,1.0,-0.0060188946130199,0.2038497173808765,0.0,1.0
0.4602076124567474,1.0,-0.006157517350637,0.2036533820617613,0.0,1.0
0.4636678200692041,1.0,-0.0063605529573002,0.203433197687583,0.0,1.0
0.4671280276816609,1.0,-0.0065043925414759,0.2032323281102677,0.0,1.0
0.4705882352941176,1.0,-0.0066793391445892,0.2030534937794438,0.0,1.0
0.4740484429065744,1.0,-0.0068291680579733,0.2029029845130802,0.0,1.0
0.4775086505190311,1.0,-0.0069838899242393,0.202733130351771,0.0,1.0
0.4809688581314879,1.0,-0.0071490608535489,0.2025619623884849,0.0,1.0
0.4844290657439446,1.0,-0.007320611571451101,0.2024396846288211,0.0,1.0
0.4878892733564013,1.0,-0.0074418761084151,0.202310433467556,0.0,1.0
0.4913494809688581,1.0,-0.0076228480298137,0.2021914933729002,0.0,1.0
0.4948096885813148,1.0,-0.007785580795760501,0.2020721332993265,0.0,1.0
0.4982698961937716,1.0,-0.0079330708657609,0.2019277911769005,0.0,1.0
0.5017301038062284,1.0,-0.0081047457685994,0.201845199780996,0.0,1.0
0.5051903114186851,1.0,-0.0082545986916554,0.2017886358850598,0.0,1.0
0.5086505190311419,1.0,-0.0083998397926587,0.2017192732982128,0.0,1.0
0.5121107266435986,1.0,-0.0085734746496503,0.2016536092212843,0.0,1.0
0.5155709342560554,1.0,-0.0087060277725559,0.201631564788723,0.0,1.0
0.5190311418685121,1.0,-0.0088638035031329,0.2015876086465739,0.0,1.0
0.5224913494809689,1.0,-0.009024516160848,0.2016078008227666,0.0,1.0
0.5259515570934256,1.0,-0.009167338418272,0.2016048685753255,0.0,1.0
0.5294117647058824,1.0,-0.0093249128821978,0.2015967873150785,0.0,1.0
0.532871972318339,1.0,-0.0094739239640676,0.2016160807077388,0.0,1.0
0.5363321799307958,1.0,-0.0096311034595933,0.2016347999583007,0.0,1.0
0.5397923875432526,1.0,-0.0098040866071524,0.2016568164152174,0.0,1.0
0.5432525951557093,1.0,-0.0099365460531501,0.2017178152561021,0.0,1.0
0.5467128027681661,1.0,-0.0101119509131796,0.2017802122679926,0.0,1.0
0.5501730103806228,1.0,-0.010239608872617,0.201839747590942,0.0,1.0
0.5536332179930796,1.0,-0.0103795592116245,0.2019081992461393,0.0,1.0
0.5570934256055363,1.0,-0.010512998525743,0.2019951483958835,0.0,1.0
0.5605536332179931,1.0,-0.0106367180045927,0.2021321373355278,0.0,1.0
0.5640138408304498,1.0,-0.010772741331495,0.2022157468690678,0.0,1.0
0.5674740484429066,1.0,-0.0109095900331601,0.2023364054080183,0.0,1.0
0.5709342560553633,1.0,-0.0110050447841946,0.2024673681681627,0.0,1.0
0.5743944636678201,1.0,-0.0111902851018034,0.2025889210600654,0.0,1.0
0.5778546712802768,1.0,-0.0113042674148565,0.2027317555249377,0.0,1.0
0.5813148788927336,1.0,-0.0114196996765668,0.2029144937759927,0.0,1.0
0.5847750865051903,1.0,-0.0115296917903107,0.203091484843456,0.0,1.0
0.5882352941176471,1.0,-0.0116361593397634,0.2033149807704314,0.0,1.0
0.5916955017301038,1.0,-0.011744679105085,0.2034976156300924,0.0,1.0
0.5951557093425606,1.0,-0.0118584392074629,0.2036728193102851,0.0,1.0
0.5986159169550173,1.0,-0.0119437191797128,0.2038993123238478,0.0,1.0
0.6020761245674741,1.0,-0.0120872250219525,0.2041090371191379,0.0,1.0
0.6055363321799307,1.0,-0.0121551680502243,0.2043809362427907,0.0,1.0
0.6089965397923875,1.0,-0.0122775366268892,0.2046340610766752,0.0,1.0
0.6124567474048442,1.0,-0.0123777533230107,0.2048825518638478,0.0,1.0
0.615916955017301,1.0,-0.0125017487092049,0.2051595884755661,0.0,1.0
0.6193771626297578,1.0,-0.0125549463052135,0.2055156487421897,0.0,1.0
0.6228373702422145,1.0,-0.0126377837441068,0.2058316358320629,0.0,1.0
0.6262975778546713,1.0,-0.012722343828439,0.206137160383852,0.0,1.0
0.629757785467128,1.0,-0.0128142993058039,0.2065121172014452,0.0,1.0
0.6332179930795848,1.0,-0.0128962126674031,0.2068879876502942,0.0,1.0
0.6366782006920415,1.0,-0.012981913831308598,0.2072330169107475,0.0,1.0
0.6401384083044983,1.0,-0.0129891799520003,0.2076634011185265,0.0,1.0
0.643598615916955,1.0,-0.0131212340622924,0.2079983009907542,0.0,1.0
0.6470588235294118,1.0,-0.013166836420621,0.20842016606636,0.0,1.0
0.6505190311418685,1.0,-0.01322285983599,0.208856969407125,0.0,1.0
0.6539792387543253,1.0,-0.0132350346004347,0.2093106157909974,0.0,1.0
0.657439446366782,1.0,-0.0132463995431231,0.2098164953078781,0.0,1.0
0.3356401384083045,0.9965397923875432,-0.0018004799608717,0.2179105806349319,0.0,0.0
0.657439446366782,0.9965397923875432,-0.0134681519176656,0.2092982532347355,0.0,0.0
0.3356401384083045,0.9930795847750864,-0.0019658353845226,0.2177857956658635,0.0,0.0
0.3391003460207612,0.9930795847750864,-0.0020049019370963,0.21715032213707178,0.0,0.0
0.6539792387543253,0.9930795847750864,-0.0136790171710723,0.2083394570104048,0.0,0.0
0.657439446366782,0.9930795847750864,-0.0136927869237972,0.2088284303443038,0.0,0.0
0.3391003460207612,0.9896193771626296,-0.0021456684212588,0.2169637076867366,0.0,0.0
0.3425605536332179,0.9896193771626296,-0.0021718193022955,0.2163043068985092,0.0,0.0
0.370242214532872,0.9896193771626296,-0.0027408418605289,0.2114937434771124,0.0,0.0
0.4602076124567474,0.9896193771626296,-0.0066769210870897,0.2018560379231906,0.0,0.0
0.4844290657439446,0.9896193771626296,-0.0078540509208964,0.2006595584015064,0.0,0.0
0.5467128027681661,0.9896193771626296,-0.0106787518832351,0.1999636017870883,0.0,0.0
0.6539792387543253,0.9896193771626296,-0.0139410835127737,0.207795873571005,0.0,0.0
0.3425605536332179,0.986159169550173,-0.0022940368838775,0.2160383652636538,0.0,0.0
0.3460207612456747,0.986159169550173,-0.0022994877947675,0.2154162660727245,0.0,0.0
0.3598615916955017,0.986159169550173,-0.0026301005154046,0.2129107334430013,0.0,0.0
0.3840830449826989,0.986159169550173,-0.0033682743083661,0.2089224933912946,0.0,0.0
0.4083044982698962,0.986159169550173,-0.0043387132614702,0.205882649524961,0.0,0.0
0.4221453287197231,0.986159169550173,-0.0049719886884769,0.2043493236996141,0.0,0.0
0.4740484429065744,0.986159169550173,-0.007521672840812,0.20050441170290673,0.0,0.0
0.4982698961937716,0.986159169550173,-0.0086631810318686,0.1994951163443955,0.0,0.0
0.5259515570934256,0.986159169550173,-0.0099713339868177,0.1990877749958017,0.0,0.0
0.5916955017301038,0.986159169550173,-0.012688231844201,0.2010399065657842,0.0,0.0
0.6228373702422145,0.986159169550173,-0.0136085106895634,0.203377920192372,0.0,0.0
0.6539792387543253,0.986159169550173,-0.0142267797308305,0.207280343041327,0.0,0.0
0.3460207612456747,0.9826989619377162,-0.0024300189655644,0.2151001569467017,0.0,0.0
0.3979238754325259,0.9826989619377162,-0.0040264869212117,0.2067135633011181,0.0,0.0
0.4325259515570934,0.9826989619377162,-0.0056433764213864,0.2027689667594947,0.0,0.0
0.4498269896193771,0.9826989619377162,-0.0064698087952209,0.2013206268214545,0.0,0.0
0.5121107266435986,0.9826989619377162,-0.0095101306545657,0.1985789772559296,0.0,0.0
0.5363321799307958,0.9826989619377162,-0.010619967640621,0.1985048937625722,0.0,0.0
0.5640138408304498,0.9826989619377162,-0.0117978767304255,0.1991698138545374,0.0,0.0
0.5813148788927336,0.9826989619377162,-0.01256002072779,0.1998616414922084,0.0,0.0
0.6089965397923875,0.9826989619377162,-0.0135356801858563,0.2015693054778948,0.0,0.0
0.6366782006920415,0.9826989619377162,-0.0141650774002537,0.2043404194477391,0.0,0.0
0.6539792387543253,0.9826989619377162,-0.0145296622263445,0.2067046218269335,0.0,0.0
0.3460207612456747,0.9792387543252596,-0.0025722808235239,0.2148327664672255,0.0,0.0
0.3494809688581315,0.9792387543252596,-0.0025920810260935,0.2141536852354126,0.0,0.0
0.3737024221453287,0.9792387543252596,-0.0032413381115653,0.2096450800736117,0.0,0.0
0.4636678200692041,0.9792387543252596,-0.0073589516036739,0.1998246532307092,0.0,0.0
0.4844290657439446,0.9792387543252596,-0.0083957939449382,0.1987577833389784,0.0,0.0
0.5467128027681661,0.9792387543252596,-0.0112621228085279,0.1980459200929829,0.0,0.0
0.6539792387543253,0.9792387543252596,-0.0147913964016212,0.2061352918189357,0.0,0.0
0.3494809688581315,0.9757785467128028,-0.0027009891985325,0.2137678716474835,0.0,0.0
0.4152249134948096,0.9757785467128028,-0.0051150075157197,0.2033138503251438,0.0,0.0
0.5951557093425606,0.9757785467128028,-0.0136226794928662,0.1992924298839584,0.0,0.0
0.6539792387543253,0.9757785467128028,-0.0150970293616162,0.2055699757752205,0.0,0.0
0.3494809688581315,0.972318339100346,-0.0027982357466497,0.2133863600363623,0.0,0.0
0.3529411764705882,0.972318339100346,-0.0028489107578283,0.2126801695716924,0.0,0.0
0.4013840830449827,0.972318339100346,-0.0045891785900594,0.2043919423582764,0.0,0.0
0.4740484429065744,0.972318339100346,-0.008273936752398,0.1979319060282959,0.0,0.0
0.5121107266435986,0.972318339100346,-0.010156001558075,0.1965792253491049,0.0,0.0
0.5259515570934256,0.972318339100346,-0.0108015240505717,0.1964747433026359,0.0,0.0
0.6228373702422145,0.972318339100346,-0.0147616354747494,0.2008752909990366,0.0,0.0
0.6401384083044983,0.972318339100346,-0.015143365172396301,0.2029611359823072,0.0,0.0
0.6539792387543253,0.972318339100346,-0.0154506903684828,0.20494627743856214,0.0,0.0
0.3529411764705882,0.9688581314878892,-0.0029295633247779,0.2122286552631714,0.0,0.0
0.356401384083045,0.9688581314878892,-0.0030044631884021,0.2115142297118147,0.0,0.0
0.3910034602076124,0.9688581314878892,-0.0042501791690568,0.2053989905961549,0.0,0.0
0.4429065743944637,0.9688581314878892,-0.0068750723936036,0.1993434023692288,0.0,0.0
0.5017301038062284,0.9688581314878892,-0.0098784484910768,0.1961825795148218,0.0,0.0
0.5397923875432526,0.9688581314878892,-0.0116386000247259,0.195892770982314,0.0,0.0
0.5570934256055363,0.9688581314878892,-0.0124440996133783,0.1961789533941698,0.0,0.0
0.5743944636678201,0.9688581314878892,-0.0133375858710802,0.1967494375146068,0.0,0.0
0.6055363321799307,0.9688581314878892,-0.0145795618554824,0.1986182373826718,0.0,0.0
0.6539792387543253,0.9688581314878892,-0.0157660143859395,0.2043200580504321,0.0,0.0
0.356401384083045,0.9653979238754326,-0.0030563272919149,0.2110377944304014,0.0,0.0
0.4152249134948096,0.9653979238754326,-0.0055947287523489,0.2014944604237967,0.0,0.0
0.4256055363321799,0.9653979238754326,-0.0061049865667088,0.2003153820894672,0.0,0.0
0.4567474048442906,0.9653979238754326,-0.0078121834276727,0.1976335460902257,0.0,0.0
0.4878892733564013,0.9653979238754326,-0.0094081202571647,0.19603600216646694,0.0,0.0
0.5882352941176471,0.9653979238754326,-0.0142188824572815,0.1967621561766664,0.0,0.0
0.6505190311418685,0.9653979238754326,-0.0160833252472883,0.2030494246404561,0.0,0.0
0.6539792387543253,0.9653979238754326,-0.0161444413079426,0.2036527679861786,0.0,0.0
0.356401384083045,0.9619377162629758,-0.0030994045248874,0.2105757696008893,0.0,0.0
0.3598615916955017,0.9619377162629758,-0.0032102184230979,0.2098477859877658,0.0,0.0
0.3771626297577855,0.9619377162629758,-0.0038899229763908,0.2065767581954685,0.0,0.0
0.4048442906574394,0.9619377162629758,-0.0052060364934169,0.2022257479065876,0.0,0.0
0.5259515570934256,0.9619377162629758,-0.0114772188555846,0.1944587150886926,0.0,0.0
0.6332179930795848,0.9619377162629758,-0.0160294871215248,0.200006066727523,0.0,0.0
0.6505190311418685,0.9619377162629758,-0.0164533186057594,0.2023912472482023,0.0,0.0
0.3598615916955017,0.9584775086505192,-0.0032598488457585,0.2092978771644696,0.0,0.0
0.3875432525951557,0.9584775086505192,-0.0044762584425903,0.2040503609916586,0.0,0.0
0.4463667820069204,0.9584775086505192,-0.0076419778054898,0.1970400900177401,0.0,0.0
0.4740484429065744,0.9584775086505192,-0.009135105376645,0.195134714607701,0.0,0.0
0.5155709342560554,0.9584775086505192,-0.0112025639090073,0.1938653035052008,0.0,0.0
0.5467128027681661,0.9584775086505192,-0.012730196390770599,0.1938222453002431,0.0,0.0
0.5605536332179931,0.9584775086505192,-0.0133952108548404,0.1941552241530358,0.0,0.0
0.5709342560553633,0.9584775086505192,-0.0140012719084252,0.1944770132453028,0.0,0.0
0.615916955017301,0.9584775086505192,-0.0158303626479192,0.1974457717154277,0.0,0.0
0.6505190311418685,0.9584775086505192,-0.0168508195259507,0.2017487934033216,0.0,0.0
0.3598615916955017,0.9550173010380624,-0.0032835650431088,0.208693138486263,0.0,0.0
0.3633217993079585,0.9550173010380624,-0.0034182832526061,0.2080507203742666,0.0,0.0
0.4636678200692041,0.9550173010380624,-0.0087938760828619,0.1950394436415742,0.0,0.0
0.6020761245674741,0.9550173010380624,-0.0156356395109534,0.195578011975048,0.0,0.0
0.6505190311418685,0.9550173010380624,-0.0172873531735159,0.2009410102550006,0.0,0.0
0.3633217993079585,0.9515570934256056,-0.0034661898289003,0.2073811737603017,0.0,0.0
0.4013840830449827,0.9515570934256056,-0.0054774066650366,0.200668839899474,0.0,0.0
0.4186851211072664,0.9515570934256056,-0.0064176407385942,0.1983928870445091,0.0,0.0
0.4359861591695502,0.9515570934256056,-0.0074083298119987,0.19652977444995617,0.0,0.0
0.4913494809688581,0.9515570934256056,-0.0104127535996506,0.1930692170842225,0.0,0.0
0.5051903114186851,0.9515570934256056,-0.0111640508382301,0.1926349928545866,0.0,0.0
0.5294117647058824,0.9515570934256056,-0.0124228835526341,0.1922773882216111,0.0,0.0
0.5847750865051903,0.9515570934256056,-0.0151865701837347,0.1937151549133344,0.0,0.0
0.6366782006920415,0.9515570934256056,-0.0171995899376132,0.1981432125289791,0.0,0.0
0.6505190311418685,0.9515570934256056,-0.0177232132392833,0.2002663898717384,0.0,0.0
0.3633217993079585,0.9480968858131488,-0.003491676738187,0.2067896364866362,0.0,0.0
0.3667820069204152,0.9480968858131488,-0.0036570159987824,0.2060734938516996,0.0,0.0
0.3806228373702422,0.9480968858131488,-0.0043891280398809,0.2033428949423182,0.0,0.0
0.4532871972318339,0.9480968858131488,-0.0086098234309771,0.1942974163873804,0.0,0.0
0.5536332179930796,0.9480968858131488,-0.0139017942698653,0.1917466363896877,0.0,0.0
0.5674740484429066,0.9480968858131488,-0.01461124117105,0.1920864618052768,0.0,0.0
0.6262975778546713,0.9480968858131488,-0.0172495699359604,0.196167806988267,0.0,0.0
0.6505190311418685,0.9480968858131488,-0.0180512741960178,0.1995300509368956,0.0,0.0
0.3667820069204152,0.944636678200692,-0.0037017580096767,0.2053431927185109,0.0,0.0
0.3910034602076124,0.944636678200692,-0.0050984785816882,0.2007644790927716,0.0,0.0
0.4775086505190311,0.944636678200692,-0.0101745668951487,0.1920878321731945,0.0,0.0
0.5432525951557093,0.944636678200692,-0.0136845641689272,0.1907943998178289,0.0,0.0
0.5951557093425606,0.944636678200692,-0.0162033198158656,0.1928623305823059,0.0,0.0
0.6505190311418685,0.944636678200692,-0.0184236971326445,0.1987704267702147,0.0,0.0
0.3667820069204152,0.9411764705882352,-0.0037162581663742,0.2046731316805546,0.0,0.0
0.4083044982698962,0.9411764705882352,-0.0062917641394641,0.1973651564975419,0.0,0.0
0.4256055363321799,0.9411764705882352,-0.0073652802349981,0.1953279425007895,0.0,0.0
0.4359861591695502,0.9411764705882352,-0.0079887669688002,0.1942182237085886,0.0,0.0
0.4982698961937716,0.9411764705882352,-0.0115081188895801,0.1905529575302005,0.0,0.0
0.5121107266435986,0.9411764705882352,-0.0122949060527918,0.1902850850588219,0.0,0.0
0.5259515570934256,0.9411764705882352,-0.0131030814648056,0.1900874206892527,0.0,0.0
0.6089965397923875,0.9411764705882352,-0.0172016558308659,0.1930420786794759,0.0,0.0
0.6505190311418685,0.9411764705882352,-0.0189055007824127,0.1979140826101294,0.0,0.0
0.3667820069204152,0.9377162629757786,-0.0037320915526674,0.2039034019005351,0.0,0.0
0.370242214532872,0.9377162629757786,-0.0039511774111898,0.2031774382736047,0.0,0.0
0.4567474048442906,0.9377162629757786,-0.0094756418173621,0.1917623612279324,0.0,0.0
0.4671280276816609,0.9377162629757786,-0.0100829481734526,0.191097653450935,0.0,0.0
0.5536332179930796,0.9377162629757786,-0.0147663424996447,0.1894770375094153,0.0,0.0
0.5778546712802768,0.9377162629757786,-0.0159868801888673,0.1902541786193411,0.0,0.0
0.6193771626297578,0.9377162629757786,-0.0180083798438645,0.1930990326863218,0.0,0.0
0.6470588235294118,0.9377162629757786,-0.0192248577173004,0.1964785971373407,0.0,0.0
0.6505190311418685,0.9377162629757786,-0.0193011949840004,0.1971627176922153,0.0,0.0
0.370242214532872,0.9342560553633218,-0.0040151558463736,0.2023858070869471,0.0,0.0
0.3840830449826989,0.9342560553633218,-0.0049504259726703,0.1996017572510339,0.0,0.0
0.3944636678200692,0.9342560553633218,-0.0056511600188972,0.1977981396889494,0.0,0.0
0.4463667820069204,0.9342560553633218,-0.0090379135853879,0.1916836632172148,0.0,0.0
0.4844290657439446,0.9342560553633218,-0.0112656168834299,0.1894268628429339,0.0,0.0
0.5363321799307958,0.9342560553633218,-0.0141342219423067,0.1885397315428032,0.0,0.0
0.5640138408304498,0.9342560553633218,-0.0155996996776885,0.1889156164567835,0.0,0.0
0.629757785467128,0.9342560553633218,-0.0189025443094504,0.1933272969711443,0.0,0.0
0.6470588235294118,0.9342560553633218,-0.0196475559464904,0.1956846994647487,0.0,0.0
0.370242214532872,0.9307958477508652,-0.0040641779770375,0.2014711478420418,0.0,0.0
0.3737024221453287,0.9307958477508652,-0.0042890035814621,0.2007189075301309,0.0,0.0
0.4152249134948096,0.9307958477508652,-0.0071615457699876,0.193917050474714,0.0,0.0
0.4325259515570934,0.9307958477508652,-0.0083454286894947,0.1920922552023421,0.0,0.0
0.5086505190311419,0.9307958477508652,-0.0129068194368282,0.1879123121549608,0.0,0.0
0.5916955017301038,0.9307958477508652,-0.0173607277061158,0.1892199349129457,0.0,0.0
0.6055363321799307,0.9307958477508652,-0.0180656056053754,0.1901330947254135,0.0,0.0
0.6470588235294118,0.9307958477508652,-0.0200726349709305,0.19477702055913643,0.0,0.0
0.3737024221453287,0.9273356401384084,-0.0043382627128682,0.1998102568778821,0.0,0.0
0.4048442906574394,0.9273356401384084,-0.0066168453986526,0.194445100443856,0.0,0.0
0.4705882352941176,0.9273356401384084,-0.0109549698772079,0.1884951533964185,0.0,0.0
0.4982698961937716,0.9273356401384084,-0.0125712871379788,0.1872442806044182,0.0,0.0
0.5224913494809689,0.9273356401384084,-0.0139588773904586,0.1869495400875235,0.0,0.0
0.5467128027681661,0.9273356401384084,-0.0153185050997615,0.1869108713244425,0.0,0.0
0.615916955017301,0.9273356401384084,-0.0189802810286446,0.1900180274107753,0.0,0.0
0.6470588235294118,0.9273356401384084,-0.0205574545028864,0.1938720909459955,0.0,0.0
0.3737024221453287,0.9238754325259516,-0.0043911659345994,0.1988825051561358,0.0,0.0
0.3910034602076124,0.9238754325259516,-0.0057357351652779,0.1955963229135199,0.0,0.0
0.4567474048442906,0.9238754325259516,-0.0102928110136383,0.1884245507167407,0.0,0.0
0.5674740484429066,0.9238754325259516,-0.0167167807563396,0.1865299948576485,0.0,0.0
0.6470588235294118,0.9238754325259516,-0.0209472706563504,0.1929785867737372,0.0,0.0
0.3737024221453287,0.9204152249134948,-0.004441700118517,0.1978459265569764,0.0,0.0
0.3771626297577855,0.9204152249134948,-0.004725268698496399,0.1971321002064922,0.0,0.0
0.4186851211072664,0.9204152249134948,-0.0078676048478684,0.1908735242458498,0.0,0.0
0.4429065743944637,0.9204152249134948,-0.0095659136918494,0.1885055338141338,0.0,0.0
0.4878892733564013,0.9204152249134948,-0.0125141567844774,0.1859337646438292,0.0,0.0
0.5363321799307958,0.9204152249134948,-0.0153425659494816,0.1851623510384782,0.0,0.0
0.5813148788927336,0.9204152249134948,-0.0178331799171363,0.1861304580541336,0.0,0.0
0.629757785467128,0.9204152249134948,-0.0205533321008253,0.1894612816265645,0.0,0.0
0.6470588235294118,0.9204152249134948,-0.0213335177920129,0.19203302519639,0.0,0.0
0.3771626297577855,0.916955017301038,-0.004766300847309,0.1960845325538569,0.0,0.0
0.4083044982698962,0.916955017301038,-0.0072476566534301,0.1911088776427383,0.0,0.0
0.4740484429065744,0.916955017301038,-0.0118466931129148,0.1855687148634548,0.0,0.0
0.4982698961937716,0.916955017301038,-0.0133762332947728,0.1847007360014198,0.0,0.0
0.5121107266435986,0.916955017301038,-0.0141964325854759,0.184367035721844,0.0,0.0
0.5259515570934256,0.916955017301038,-0.0150091231689137,0.1842677748819478,0.0,0.0
0.5501730103806228,0.916955017301038,-0.0164307827858264,0.1843909197241056,0.0,0.0
0.6020761245674741,0.916955017301038,-0.0192713461351409,0.1862974819632027,0.0,0.0
0.6193771626297578,0.916955017301038,-0.0202810567538643,0.1874552839934219,0.0,0.0
0.6470588235294118,0.916955017301038,-0.021707278001380302,0.1912060026678025,0.0,0.0
0.3771626297577855,0.9134948096885812,-0.0047997108597282,0.1949530219259482,0.0,0.0
0.4290657439446367,0.9134948096885812,-0.0089547143822923,0.1878341506999731,0.0,0.0
0.5916955017301038,0.9134948096885812,-0.0190793479372046,0.1848577464543904,0.0,0.0
0.6470588235294118,0.9134948096885812,-0.0221772784865777,0.1901899178881441,0.0,0.0
0.3771626297577855,0.9100346020761244,-0.0048312439012252,0.1937220400284457,0.0,0.0
0.3910034602076124,0.9100346020761244,-0.0060959434408537,0.1915334459446018,0.0,0.0
0.4602076124567474,0.9100346020761244,-0.0114429818615935,0.1843762031185466,0.0,0.0
0.5640138408304498,0.9100346020761244,-0.0178162828639187,0.1828907461439378,0.0,0.0
0.6332179930795848,0.9100346020761244,-0.0220506740438325,0.1866205868027251,0.0,0.0
0.6470588235294118,0.9100346020761244,-0.0226276861829411,0.1890141787617961,0.0,0.0
0.3771626297577855,0.9065743944636678,-0.0048515149821377,0.1924806215136545,0.0,0.0
0.3806228373702422,0.9065743944636678,-0.0051592294657118,0.1919316707223052,0.0,0.0
0.4013840830449827,0.9065743944636678,-0.0071097034825591,0.1888638556058944,0.0,0.0
0.4117647058823529,0.9065743944636678,-0.0079454918484785,0.1876686695728825,0.0,0.0
0.4429065743944637,0.9065743944636678,-0.0103795024380249,0.1845882938542221,0.0,0.0
0.4913494809688581,0.9065743944636678,-0.0137283656906401,0.1820248276933248,0.0,0.0
0.5051903114186851,0.9065743944636678,-0.014653203963864,0.1816450039590614,0.0,0.0
0.532871972318339,0.9065743944636678,-0.0163470268986601,0.1814684448463795,0.0,0.0
0.5813148788927336,0.9065743944636678,-0.0191342368673203,0.1825972205243,0.0,0.0
0.6124567474048442,0.9065743944636678,-0.0211086025908946,0.1839990226512731,0.0,0.0
0.6228373702422145,0.9065743944636678,-0.0217564809956985,0.1847017560217292,0.0,0.0
0.643598615916955,0.9065743944636678,-0.0230787830790321,0.1871751084186182,0.0,0.0
0.6470588235294118,0.9065743944636678,-0.0231714089091152,0.1878960418378539,0.0,0.0
0.3806228373702422,0.903114186851211,-0.0052215738635207,0.1906166095740616,0.0,0.0
0.4221453287197231,0.903114186851211,-0.0089355216023995,0.1853748962958744,0.0,0.0
0.5190311418685121,0.903114186851211,-0.0157737736161616,0.1805876464868188,0.0,0.0
0.5501730103806228,0.903114186851211,-0.0176673899236918,0.1807532622327322,0.0,0.0
0.643598615916955,0.903114186851211,-0.023551419675537,0.1860339424921181,0.0,0.0
0.3806228373702422,0.8996539792387543,-0.0052712877947288,0.1893480831040908,0.0,0.0
0.4325259515570934,0.8996539792387543,-0.009958684550346,0.1833160155901403,0.0,0.0
0.4532871972318339,0.8996539792387543,-0.0116161938227719,0.1817807739125966,0.0,0.0
0.4775086505190311,0.8996539792387543,-0.0133045206394431,0.1805508912240838,0.0,0.0
0.5709342560553633,0.8996539792387543,-0.0192456528068111,0.1803291057039134,0.0,0.0
0.6020761245674741,0.8996539792387543,-0.0211799548562358,0.1814532528446834,0.0,0.0
0.643598615916955,0.8996539792387543,-0.0240519739365744,0.1847500427825904,0.0,0.0
0.3806228373702422,0.8961937716262975,-0.0053452813753281,0.1880548346263922,0.0,0.0
0.4117647058823529,0.8961937716262975,-0.0083910231748672,0.1841543009200115,0.0,0.0
0.4429065743944637,0.8961937716262975,-0.0110226844775575,0.1813789090700049,0.0,0.0
0.5882352941176471,0.8961937716262975,-0.0206632103014236,0.1798621838130667,0.0,0.0
0.615916955017301,0.8961937716262975,-0.0225877670942853,0.1810391682929032,0.0,0.0
0.629757785467128,0.8961937716262975,-0.0236096448391213,0.1819485485261387,0.0,0.0
0.643598615916955,0.8961937716262975,-0.0243884330466663,0.1839263970064268,0.0,0.0
0.3806228373702422,0.8927335640138409,-0.0054016553207328,0.1866841388578306,0.0,0.0
0.3979238754325259,0.8927335640138409,-0.007236031017478,0.1843732775106093,0.0,0.0
0.4636678200692041,0.8927335640138409,-0.0128061399818103,0.1791245081934777,0.0,0.0
0.4913494809688581,0.8927335640138409,-0.0147586177697601,0.1779850456633368,0.0,0.0
0.5086505190311419,0.8927335640138409,-0.0159555631859229,0.1776588880081611,0.0,0.0
0.5432525951557093,0.8927335640138409,-0.0181986439902618,0.1777407266688514,0.0,0.0
0.5605536332179931,0.8927335640138409,-0.0192731180861385,0.1781067978882644,0.0,0.0
0.643598615916955,0.8927335640138409,-0.0248339790907376,0.1828348102177519,0.0,0.0
0.3806228373702422,0.889273356401384,-0.0054646254678483,0.1851586852477651,0.0,0.0
0.3840830449826989,0.889273356401384,-0.0058502356064278,0.184715672229768,0.0,0.0
0.4221453287197231,0.889273356401384,-0.0096521105281587,0.1807629774066293,0.0,0.0
0.5259515570934256,0.889273356401384,-0.0173517160069667,0.1766628727011962,0.0,0.0
0.5743944636678201,0.889273356401384,-0.0205471726546647,0.1774143816170776,0.0,0.0
0.643598615916955,0.889273356401384,-0.025238517087046,0.1818761447111863,0.0,0.0
0.3840830449826989,0.8858131487889274,-0.0059263189078101,0.183233133448502,0.0,0.0
0.4325259515570934,0.8858131487889274,-0.0107502190719676,0.1787885783857407,0.0,0.0
0.4498269896193771,0.8858131487889274,-0.0121717911335712,0.1777143713139291,0.0,0.0
0.4740484429065744,0.8858131487889274,-0.0140090908481803,0.176542078357041,0.0,0.0
0.5847750865051903,0.8858131487889274,-0.021615550675038,0.176663578670173,0.0,0.0
0.6228373702422145,0.8858131487889274,-0.0243690609163142,0.1781249210002518,0.0,0.0
0.6332179930795848,0.8858131487889274,-0.0252209258380384,0.1789578430490406,0.0,0.0
0.643598615916955,0.8858131487889274,-0.0256534301358521,0.1807808845594236,0.0,0.0
0.3840830449826989,0.8823529411764706,-0.0060113074777945,0.1818367170784618,0.0,0.0
0.4083044982698962,0.8823529411764706,-0.0086139339902138,0.1794806166485525,0.0,0.0
0.4602076124567474,0.8823529411764706,-0.0131955780868308,0.1760918875934675,0.0,0.0
0.5017301038062284,0.8823529411764706,-0.0162470164175957,0.174781927720073,0.0,0.0
0.5155709342560554,0.8823529411764706,-0.0172432701811299,0.1746323699008882,0.0,0.0
0.6020761245674741,0.8823529411764706,-0.0231947181132925,0.1762469132764713,0.0,0.0
0.643598615916955,0.8823529411764706,-0.0261441919921066,0.17948883743890637,0.0,0.0
0.3840830449826989,0.8788927335640139,-0.006125193783396,0.1804387626644844,0.0,0.0
0.3979238754325259,0.8788927335640139,-0.0076495547785203,0.1790265219705637,0.0,0.0
0.4878892733564013,0.8788927335640139,-0.0155362278683017,0.1739481508232581,0.0,0.0
0.5536332179930796,0.8788927335640139,-0.0200846091980092,0.1738863594715413,0.0,0.0
0.5674740484429066,0.8788927335640139,-0.0211029133340521,0.1741536398113364,0.0,0.0
0.6124567474048442,0.8788927335640139,-0.0244065672114794,0.1755124609127785,0.0,0.0
0.643598615916955,0.8788927335640139,-0.0266112248598999,0.1781556953889864,0.0,0.0
0.3840830449826989,0.8754325259515571,-0.0062307068810188,0.1790634059403697,0.0,0.0
0.4325259515570934,0.8754325259515571,-0.0112984047559477,0.1752099652934303,0.0,0.0
0.5259515570934256,0.8754325259515571,-0.0185586597376051,0.1724739246494178,0.0,0.0
0.5397923875432526,0.8754325259515571,-0.0195156374129012,0.172551660619411,0.0,0.0
0.5813148788927336,0.8754325259515571,-0.0224582475292245,0.1733785339105214,0.0,0.0
0.643598615916955,0.8754325259515571,-0.0271693501033221,0.1766361872420991,0.0,0.0
0.3840830449826989,0.8719723183391004,-0.0063289146053558,0.1777820812952261,0.0,0.0
0.4117647058823529,0.8719723183391004,-0.0093810458176687,0.1754239966935268,0.0,0.0
0.4221453287197231,0.8719723183391004,-0.010444254822586,0.1746504176779646,0.0,0.0
0.4532871972318339,0.8719723183391004,-0.0132420907391733,0.1731474888618092,0.0,0.0
0.4671280276816609,0.8719723183391004,-0.0143765687276941,0.1725095951034658,0.0,0.0
0.4982698961937716,0.8719723183391004,-0.0167939155383731,0.1716401180738772,0.0,0.0
0.5121107266435986,0.8719723183391004,-0.0177935891706199,0.1715092312580808,0.0,0.0
0.5916955017301038,0.8719723183391004,-0.0235989544614877,0.1726362948049073,0.0,0.0
0.6228373702422145,0.8719723183391004,-0.0260903712096226,0.17372180334570636,0.0,0.0
0.6401384083044983,0.8719723183391004,-0.0275947121271565,0.1744088694745701,0.0,0.0
0.643598615916955,0.8719723183391004,-0.0278705829872082,0.1746371115624307,0.0,0.0
0.3840830449826989,0.8685121107266436,-0.0064689482660742,0.1764009607636761,0.0,0.0
0.4013840830449827,0.8685121107266436,-0.0084139854487777,0.17478989846101958,0.0,0.0
0.4429065743944637,0.8685121107266436,-0.0125059303905559,0.1723650773882631,0.0,0.0
0.4809688581314879,0.8685121107266436,-0.0157258587239714,0.170876930095987,0.0,0.0
0.5674740484429066,0.8685121107266436,-0.022120997278654,0.1709602710282607,0.0,0.0
0.6089965397923875,0.8685121107266436,-0.0253436477190137,0.1720785690108742,0.0,0.0
0.6401384083044983,0.8685121107266436,-0.028079824712708902,0.1730241294801291,0.0,0.0
0.3840830449826989,0.8650519031141869,-0.006592695205888,0.1749061461816722,0.0,0.0
0.4325259515570934,0.8650519031141869,-0.0117266363888269,0.1715787308394581,0.0,0.0
0.5570934256055363,0.8650519031141869,-0.0216813512074309,0.1696868448430133,0.0,0.0
0.5778546712802768,0.8650519031141869,-0.0232125387911791,0.170179556293106,0.0,0.0
0.6401384083044983,0.8650519031141869,-0.0284841131817039,0.1718100511935326,0.0,0.0
0.3840830449826989,0.8615916955017301,-0.0067078894785372,0.1734397688277075,0.0,0.0
0.4705882352941176,0.8615916955017301,-0.0152895810142446,0.1688858621570962,0.0,0.0
0.4913494809688581,0.8615916955017301,-0.017073216872496,0.1684975221709307,0.0,0.0
0.5051903114186851,0.8615916955017301,-0.0181055847412533,0.1683406712080763,0.0,0.0
0.5397923875432526,0.8615916955017301,-0.0207332883596,0.1684317030898693,0.0,0.0
0.5986159169550173,0.8615916955017301,-0.0252560263164098,0.1695413874392889,0.0,0.0
0.6401384083044983,0.8615916955017301,-0.0289602716387771,0.1705762827826386,0.0,0.0
0.3840830449826989,0.8581314878892734,-0.0067733123473453,0.1718147064977718,0.0,0.0
0.4152249134948096,0.8581314878892734,-0.0102934629515551,0.1699016411039414,0.0,0.0
0.4567474048442906,0.8581314878892734,-0.0142308266674955,0.16809559187034387,0.0,0.0
0.5259515570934256,0.8581314878892734,-0.0199715993650676,0.167201458639468,0.0,0.0
0.5882352941176471,0.8581314878892734,-0.0247879085286343,0.1681973279048055,0.0,0.0
0.6228373702422145,0.8581314878892734,-0.0277487873117801,0.1691529488070578,0.0,0.0
0.6401384083044983,0.8581314878892734,-0.0292984069086707,0.1694977183034685,0.0,0.0
0.3840830449826989,0.8546712802768166,-0.0068987968925094,0.1702598692097325,0.0,0.0
0.4429065743944637,0.8546712802768166,-0.0131810139810123,0.1674554150768114,0.0,0.0
0.5155709342560554,0.8546712802768166,-0.0194301251793229,0.1661561797190821,0.0,0.0
0.5674740484429066,0.8546712802768166,-0.023492345473699,0.1666532047638797,0.0,0.0
0.6089965397923875,0.8546712802768166,-0.0268766012627077,0.1676519295265748,0.0,0.0
0.6401384083044983,0.8546712802768166,-0.0296668320209256,0.1682469405323433,0.0,0.0
0.3840830449826989,0.8512110726643599,-0.0070072137445008,0.1688151120443043,0.0,0.0
0.4013840830449827,0.8512110726643599,-0.0090792778419612,0.1677670706502041,0.0,0.0
0.4325259515570934,0.8512110726643599,-0.0123982500931549,0.1665062495801386,0.0,0.0
0.4775086505190311,0.8512110726643599,-0.016497067390418,0.1652986548742591,0.0,0.0
0.5778546712802768,0.8512110726643599,-0.024625555208659,0.1657789929431738,0.0,0.0
0.6401384083044983,0.8512110726643599,-0.0300078812342226,0.1670693438726578,0.0,0.0
0.3840830449826989,0.8477508650519031,-0.0071008422280066,0.1672641996309501,0.0,0.0
0.4636678200692041,0.8477508650519031,-0.0155525198436934,0.1642726747638523,0.0,0.0
0.5051903114186851,0.8477508650519031,-0.0191380334300746,0.1640105038540982,0.0,0.0
0.5432525951557093,0.8477508650519031,-0.0221896240194625,0.1640577666034963,0.0,0.0
0.5570934256055363,0.8477508650519031,-0.0232433732134949,0.1642693913581863,0.0,0.0
0.5916955017301038,0.8477508650519031,-0.0261339933347241,0.1650102213286348,0.0,0.0
0.6401384083044983,0.8477508650519031,-0.0303392367147613,0.1660188614772255,0.0,0.0
0.3840830449826989,0.8442906574394463,-0.0072581908650239,0.165730253130216,0.0,0.0
0.4186851211072664,0.8442906574394463,-0.0112988641157927,0.1642139284841788,0.0,0.0
0.4913494809688581,0.8442906574394463,-0.0181823060932045,0.1628171636242924,0.0,0.0
0.532871972318339,0.8442906574394463,-0.0216720097071981,0.1629316146675323,0.0,0.0
0.6124567474048442,0.8442906574394463,-0.0282145389131504,0.1644176943089674,0.0,0.0
0.6262975778546713,0.8442906574394463,-0.029534143119853,0.1646368961039494,0.0,0.0
0.6401384083044983,0.8442906574394463,-0.030622193121640596,0.1649618736898501,0.0,0.0
0.3840830449826989,0.8408304498269896,-0.007425398516318999,0.1641990682086206,0.0,0.0
0.3944636678200692,0.8408304498269896,-0.0086808933681139,0.1637818502326203,0.0,0.0
0.4498269896193771,0.8408304498269896,-0.0146504702778864,0.1621397419673754,0.0,0.0
0.4809688581314879,0.8408304498269896,-0.0175174682382662,0.1617229251032939,0.0,0.0
0.5224913494809689,0.8408304498269896,-0.0210909918217082,0.1617496351908438,0.0,0.0
0.6401384083044983,0.8408304498269896,-0.03089384167565,0.163979428576983,0.0,0.0
0.3840830449826989,0.8373702422145328,-0.0075702169120803,0.1627619597096134,0.0,0.0
0.4048442906574394,0.8373702422145328,-0.010076883742025,0.162021166211692,0.0,0.0
0.4359861591695502,0.8373702422145328,-0.0134002213532722,0.161009955053632,0.0,0.0
0.5121107266435986,0.8373702422145328,-0.0204794322427257,0.1605887031546294,0.0,0.0
0.5467128027681661,0.8373702422145328,-0.0232633673638919,0.1609986294401897,0.0,0.0
0.5570934256055363,0.8373702422145328,-0.0240880212622964,0.1611432823770754,0.0,0.0
0.5674740484429066,0.8373702422145328,-0.0249438495299459,0.1613450412813575,0.0,0.0
0.5813148788927336,0.8373702422145328,-0.0260826292451623,0.1617352264477886,0.0,0.0
0.5916955017301038,0.8373702422145328,-0.0270287951651499,0.1619320243583203,0.0,0.0
0.6020761245674741,0.8373702422145328,-0.02793679498394,0.1620804656931929,0.0,0.0
0.6401384083044983,0.8373702422145328,-0.0312226431327826,0.1629113709598655,0.0,0.0
0.3840830449826989,0.8339100346020761,-0.0077431374474402,0.1612557127651387,0.0,0.0
0.4671280276816609,0.8339100346020761,-0.0167156871415634,0.1593269825131447,0.0,0.0
0.5017301038062284,0.8339100346020761,-0.0197824781603982,0.1594500485902973,0.0,0.0
0.6193771626297578,0.8339100346020761,-0.0296922726012811,0.1613669957094897,0.0,0.0
0.6366782006920415,0.8339100346020761,-0.031260210508402,0.1618313368297009,0.0,0.0
0.6401384083044983,0.8339100346020761,-0.0314805892600398,0.1619476434033273,0.0,0.0
0.3840830449826989,0.8304498269896193,-0.0079359135281674,0.1598282781195578,0.0,0.0
0.3944636678200692,0.8304498269896193,-0.0091449163176773,0.1595142287249915,0.0,0.0
0.4256055363321799,0.8304498269896193,-0.0126753236858727,0.1585259444457033,0.0,0.0
0.4775086505190311,0.8304498269896193,-0.0179052779435598,0.1580532915650719,0.0,0.0
0.4878892733564013,0.8304498269896193,-0.0188260289117708,0.1581570184860658,0.0,0.0
0.5259515570934256,0.8304498269896193,-0.0221455301620097,0.1585406178402411,0.0,0.0
0.6366782006920415,0.8304498269896193,-0.0315026866392599,0.1607976284080602,0.0,0.0
0.3840830449826989,0.8269896193771626,-0.0081184059411941,0.1584654716596723,0.0,0.0
0.4117647058823529,0.8269896193771626,-0.0113559245099131,0.1575019460425188,0.0,0.0
0.5363321799307958,0.8269896193771626,-0.0232171367315855,0.1576587163418112,0.0,0.0
0.5536332179930796,0.8269896193771626,-0.0246635782842767,0.1578683778118114,0.0,0.0
0.5951557093425606,0.8269896193771626,-0.0281142334003653,0.158727486847247,0.0,0.0
0.6055363321799307,0.8269896193771626,-0.0290350553489407,0.1590623407904441,0.0,0.0
0.6366782006920415,0.8269896193771626,-0.0317717593913016,0.159820187745997,0.0,0.0
0.3840830449826989,0.8235294117647058,-0.0083568125833338,0.1568251112145454,0.0,0.0
0.4359861591695502,0.8235294117647058,-0.014170261621091,0.1555757003244183,0.0,0.0
0.4498269896193771,0.8235294117647058,-0.0156413284409116,0.1554786319461576,0.0,0.0
0.4602076124567474,0.8235294117647058,-0.0166738427890947,0.1554560538526565,0.0,0.0
0.5121107266435986,0.8235294117647058,-0.0213984839621345,0.1560916996583767,0.0,0.0
0.5743944636678201,0.8235294117647058,-0.026586717462602,0.1572560396353166,0.0,0.0
0.615916955017301,0.8235294117647058,-0.0301735066320541,0.1582416737116843,0.0,0.0
0.6262975778546713,0.8235294117647058,-0.0311693356549034,0.1584597251969784,0.0,0.0
0.6366782006920415,0.8235294117647058,-0.0320501394169456,0.1587985715204458,0.0,0.0
0.3840830449826989,0.8200692041522492,-0.0085123317133219,0.1554713164536806,0.0,0.0
0.4013840830449827,0.8200692041522492,-0.0105818794538704,0.1550502346545161,0.0,0.0
0.4775086505190311,0.8200692041522492,-0.0185412979519649,0.1544354133090948,0.0,0.0
0.4982698961937716,0.8200692041522492,-0.0204945345546459,0.1546842597884621,0.0,0.0
0.5640138408304498,0.8200692041522492,-0.0259972587042372,0.1559505225377293,0.0,0.0
0.5847750865051903,0.8200692041522492,-0.0277155795395617,0.1564641260456494,0.0,0.0
0.6366782006920415,0.8200692041522492,-0.0323015162485255,0.1577537677184473,0.0,0.0
0.3840830449826989,0.8166089965397924,-0.0087331312893679,0.1541445540850316,0.0,0.0
0.4878892733564013,0.8166089965397924,-0.0197289133414938,0.1533706997611323,0.0,0.0
0.5259515570934256,0.8166089965397924,-0.0230690895812477,0.1541471335969032,0.0,0.0
0.6366782006920415,0.8166089965397924,-0.0325307795475256,0.1567231640786371,0.0,0.0
0.3840830449826989,0.8131487889273357,-0.0089555311731954,0.152794908190837,0.0,0.0
0.4256055363321799,0.8131487889273357,-0.013642109739991599,0.1517535866133943,0.0,0.0
0.4498269896193771,0.8131487889273357,-0.0161613941626873,0.1516505656585752,0.0,0.0
0.4636678200692041,0.8131487889273357,-0.0176128182905095,0.1517008532953846,0.0,0.0
0.5432525951557093,0.8131487889273357,-0.0247765736432509,0.1534098894897735,0.0,0.0
0.5986159169550173,0.8131487889273357,-0.0293542854510166,0.1547395405320424,0.0,0.0
0.6366782006920415,0.8131487889273357,-0.0327599822067269,0.1557445652798829,0.0,0.0
0.3840830449826989,0.8096885813148789,-0.0091051908253204,0.1514685218506711,0.0,0.0
0.3979238754325259,0.8096885813148789,-0.0107257637066384,0.1509562940086862,0.0,0.0
0.4117647058823529,0.8096885813148789,-0.0123327160130303,0.1506808006758505,0.0,0.0
0.4394463667820069,0.8096885813148789,-0.0152726285941521,0.1503976106188924,0.0,0.0
0.4740484429065744,0.8096885813148789,-0.0188135268538621,0.1505569584880806,0.0,0.0
0.5051903114186851,0.8096885813148789,-0.0216949880762012,0.151210971992036,0.0,0.0
0.5570934256055363,0.8096885813148789,-0.026156611763365804,0.1526479210535455,0.0,0.0
0.5674740484429066,0.8096885813148789,-0.027000665053157,0.1529598728008399,0.0,0.0
0.5813148788927336,0.8096885813148789,-0.0281309465669059,0.153342393106531,0.0,0.0
0.6089965397923875,0.8096885813148789,-0.0304860295930069,0.1539967642670897,0.0,0.0
0.6366782006920415,0.8096885813148789,-0.0330253718640808,0.1547676839495385,0.0,0.0
0.3840830449826989,0.8062283737024222,-0.0092696175923552,0.150202718224413,0.0,0.0
0.4913494809688581,0.8062283737024222,-0.0206707591072855,0.1497524905720284,0.0,0.0
0.5155709342560554,0.8062283737024222,-0.0228528948961441,0.1504519551751975,0.0,0.0
0.6193771626297578,0.8062283737024222,-0.0316135291815236,0.1531555624127262,0.0,0.0
0.6366782006920415,0.8062283737024222,-0.0332504783543907,0.1537561994922033,0.0,0.0
0.3840830449826989,0.8027681660899654,-0.0094864333718921,0.1488606219029765,0.0,0.0
0.4290657439446367,0.8027681660899654,-0.0146255685950163,0.1477637597928482,0.0,0.0
0.4636678200692041,0.8027681660899654,-0.0182497461847986,0.147797330352691,0.0,0.0
0.532871972318339,0.8027681660899654,-0.0246025764769385,0.1498712185171311,0.0,0.0
0.5467128027681661,0.8027681660899654,-0.0257241496897215,0.1503285757514391,0.0,0.0
0.5916955017301038,0.8027681660899654,-0.0294529521036896,0.1516026735621385,0.0,0.0
0.6366782006920415,0.8027681660899654,-0.0334572085793508,0.15261532537616,0.0,0.0
0.3840830449826989,0.7993079584775087,-0.0096082492104121,0.1472692775210837,0.0,0.0
0.4532871972318339,0.7993079584775087,-0.017438023676208,0.1464240531736893,0.0,0.0
0.5017301038062284,0.7993079584775087,-0.021998501988241,0.1476107333371661,0.0,0.0
0.5709342560553633,0.7993079584775087,-0.0279704480195926,0.15002334976178,0.0,0.0
0.6020761245674741,0.7993079584775087,-0.0305197732780433,0.1508984030092816,0.0,0.0
0.6366782006920415,0.7993079584775087,-0.0336035469101796,0.1515953375152007,0.0,0.0
0.3840830449826989,0.7958477508650519,-0.0098010652903431,0.1457875143321346,0.0,0.0
0.4013840830449827,0.7958477508650519,-0.0120351198267706,0.1451808361857978,0.0,0.0
0.4152249134948096,0.7958477508650519,-0.0135948985047927,0.1450264413702444,0.0,0.0
0.4394463667820069,0.7958477508650519,-0.0162397050139419,0.1449999801871465,0.0,0.0
0.4740484429065744,0.7958477508650519,-0.019642243622647,0.1454792084601022,0.0,0.0
0.5224913494809689,0.7958477508650519,-0.0240483760172564,0.1472228983835623,0.0,0.0
0.5570934256055363,0.7958477508650519,-0.0270317957408584,0.1485384670712688,0.0,0.0
0.6332179930795848,0.7958477508650519,-0.0333762936046016,0.1507803712765428,0.0,0.0
0.6366782006920415,0.7958477508650519,-0.0336216759383972,0.1510864721274412,0.0,0.0
0.3840830449826989,0.7923875432525952,-0.0100362845473883,0.1442483297926169,0.0,0.0
0.5847750865051903,0.7923875432525952,-0.0294814093172811,0.1484673156740871,0.0,0.0
0.615916955017301,0.7923875432525952,-0.0321087593531189,0.1492583776454055,0.0,0.0
0.6332179930795848,0.7923875432525952,-0.0334410889053035,0.1502302356073099,0.0,0.0
0.3840830449826989,0.7889273356401384,-0.0101697420078106,0.1427497246486128,0.0,0.0
0.4290657439446367,0.7889273356401384,-0.0155645600212459,0.1421520049907974,0.0,0.0
0.4636678200692041,0.7889273356401384,-0.0191445998810415,0.1427242693700506,0.0,0.0
0.4913494809688581,0.7889273356401384,-0.021700443643861804,0.1435616739162873,0.0,0.0
0.5121107266435986,0.7889273356401384,-0.0235502689135333,0.1444830911532097,0.0,0.0
0.5467128027681661,0.7889273356401384,-0.0264990285988772,0.1460973422353559,0.0,0.0
0.5743944636678201,0.7889273356401384,-0.0287771380024529,0.1471423299588305,0.0,0.0
0.5951557093425606,0.7889273356401384,-0.0304882713910916,0.1477957945618888,0.0,0.0
0.6332179930795848,0.7889273356401384,-0.0335609735639588,0.1494154545936449,0.0,0.0
0.3840830449826989,0.7854671280276817,-0.0104246898564066,0.1412686856811488,0.0,0.0
0.3979238754325259,0.7854671280276817,-0.0122232215388328,0.140806598576296,0.0,0.0
0.4186851211072664,0.7854671280276817,-0.0146780670298915,0.1405707341307571,0.0,0.0
0.4809688581314879,0.7854671280276817,-0.0209738886310008,0.1419702359491615,0.0,0.0
0.5017301038062284,0.7854671280276817,-0.0228515409731334,0.1428318713065701,0.0,0.0
0.5294117647058824,0.7854671280276817,-0.0252378917912026,0.1441361173497611,0.0,0.0
0.5640138408304498,0.7854671280276817,-0.0280998435472152,0.1457551190527787,0.0,0.0
0.6332179930795848,0.7854671280276817,-0.0336989761921197,0.1486306693008148,0.0,0.0
0.3840830449826989,0.7820069204152249,-0.0106742928949897,0.139946335476189,0.0,0.0
0.4083044982698962,0.7820069204152249,-0.0137132457426696,0.1390775587725276,0.0,0.0
0.4394463667820069,0.7820069204152249,-0.0171087707499669,0.1395700637092955,0.0,0.0
0.4532871972318339,0.7820069204152249,-0.0185274491728106,0.1398856733956709,0.0,0.0
0.6055363321799307,0.7820069204152249,-0.0316976064159368,0.1461860747216936,0.0,0.0
0.6332179930795848,0.7820069204152249,-0.0338375302254559,0.1478034860045313,0.0,0.0
0.3840830449826989,0.7785467128027682,-0.010961530724034,0.1383038651338125,0.0,0.0
0.4290657439446367,0.7785467128027682,-0.0162537705300013,0.1378239247510844,0.0,0.0
0.6193771626297578,0.7785467128027682,-0.0330496239367663,0.1456745411849694,0.0,0.0
0.6332179930795848,0.7785467128027682,-0.0339875383495923,0.146993836219383,0.0,0.0
0.3840830449826989,0.7750865051903114,-0.0112098986474582,0.1366661115714833,0.0,0.0
0.4636678200692041,0.7750865051903114,-0.0199190501102992,0.1377568053758501,0.0,0.0
0.4775086505190311,0.7750865051903114,-0.0212335481507768,0.1383493834028901,0.0,0.0
0.4878892733564013,0.7750865051903114,-0.0221659987468617,0.1387499680192785,0.0,0.0
0.5121107266435986,0.7750865051903114,-0.0242034205804167,0.1399966204096415,0.0,0.0
0.532871972318339,0.7750865051903114,-0.0259845199608736,0.1411831828058557,0.0,0.0
0.5743944636678201,0.7750865051903114,-0.0293655693380073,0.1431637203564349,0.0,0.0
0.5882352941176471,0.7750865051903114,-0.0304916256327417,0.1437589782626366,0.0,0.0
0.6332179930795848,0.7750865051903114,-0.0341395205291492,0.1461114133722387,0.0,0.0
0.3840830449826989,0.7716262975778547,-0.0114934442621492,0.1350613970184933,0.0,0.0
0.4186851211072664,0.7716262975778547,-0.0155549499187562,0.1347550505567069,0.0,0.0
0.4463667820069204,0.7716262975778547,-0.0184204639518358,0.1357615825520412,0.0,0.0
0.4982698961937716,0.7716262975778547,-0.0232093401839445,0.1381304564759137,0.0,0.0
0.5432525951557093,0.7716262975778547,-0.0269480625044526,0.1407602679880396,0.0,0.0
0.5570934256055363,0.7716262975778547,-0.0280702042632253,0.1414830798241984,0.0,0.0
0.6332179930795848,0.7716262975778547,-0.0343424227647608,0.1448073368932499,0.0,0.0
0.3840830449826989,0.7681660899653979,-0.011741536296640698,0.1333523955460505,0.0,0.0
0.4013840830449827,0.7681660899653979,-0.0138642378577685,0.1332414994413745,0.0,0.0
0.4325259515570934,0.7681660899653979,-0.0172550696105092,0.133792470936548,0.0,0.0
0.5224913494809689,0.7681660899653979,-0.025345775876651704,0.1384508462754648,0.0,0.0
0.6332179930795848,0.7681660899653979,-0.0344693828912265,0.1435522481677234,0.0,0.0
0.3840830449826989,0.7647058823529411,-0.0120003639379741,0.1314308567671659,0.0,0.0
0.4567474048442906,0.7647058823529411,-0.0197955541532318,0.1337072784838176,0.0,0.0
0.4740484429065744,0.7647058823529411,-0.0214276209113049,0.1346833101039971,0.0,0.0
0.5086505190311419,0.7647058823529411,-0.0243671494708748,0.1365288558318239,0.0,0.0
0.5951557093425606,0.7647058823529411,-0.0313914548103466,0.1412629136475323,0.0,0.0
0.6089965397923875,0.7647058823529411,-0.0325179976171443,0.1418729712093154,0.0,0.0
0.6332179930795848,0.7647058823529411,-0.0346100264127546,0.142696678651352,0.0,0.0
0.3840830449826989,0.7612456747404844,-0.0122011450446484,0.129477384717515,0.0,0.0
0.4429065743944637,0.7612456747404844,-0.0187372642634481,0.1315578813251973,0.0,0.0
0.4844290657439446,0.7612456747404844,-0.0224547330132025,0.1340901038681952,0.0,0.0
0.532871972318339,0.7612456747404844,-0.0264520994722682,0.1369944370080016,0.0,0.0
0.5467128027681661,0.7612456747404844,-0.0275852375473239,0.1378781988753357,0.0,0.0
0.5570934256055363,0.7612456747404844,-0.0284143078894549,0.1384153548268565,0.0,0.0
0.5674740484429066,0.7612456747404844,-0.0292758768190184,0.13900953299575,0.0,0.0
0.6193771626297578,0.7612456747404844,-0.0335078380589095,0.1413030002515818,0.0,0.0
0.6332179930795848,0.7612456747404844,-0.0346870220905311,0.1419026110583932,0.0,0.0
0.3840830449826989,0.7577854671280276,-0.0124704836731496,0.1276955407404008,0.0,0.0
0.4152249134948096,0.7577854671280276,-0.0160991161138064,0.1287383712308467,0.0,0.0
0.4982698961937716,0.7577854671280276,-0.0237406111806701,0.1337631585356029,0.0,0.0
0.5847750865051903,0.7577854671280276,-0.0306875810212143,0.1389376925702646,0.0,0.0
0.6332179930795848,0.7577854671280276,-0.0347244616611821,0.1409691335798995,0.0,0.0
0.3840830449826989,0.754325259515571,-0.012731730711431,0.1259299945555253,0.0,0.0
0.4290657439446367,0.754325259515571,-0.01776059201409,0.128016404485629,0.0,0.0
0.4567474048442906,0.754325259515571,-0.0203363396519095,0.129828445341599,0.0,0.0
0.4705882352941176,0.754325259515571,-0.021552140894421,0.130813765338581,0.0,0.0
0.5224913494809689,0.754325259515571,-0.0257758923476696,0.1342218395073093,0.0,0.0
0.6020761245674741,0.754325259515571,-0.0321486673669716,0.1388817204339561,0.0,0.0
0.6332179930795848,0.754325259515571,-0.034760540964107,0.1401235296758855,0.0,0.0
0.3840830449826989,0.7508650519031141,-0.0129601621945847,0.1241330266783997,0.0,0.0
0.4013840830449827,0.7508650519031141,-0.0150937148793983,0.1248078704887489,0.0,0.0
0.4463667820069204,0.7508650519031141,-0.0195924141208382,0.1278215613085613,0.0,0.0
0.5086505190311419,0.7508650519031141,-0.024796130238422,0.132292274776174,0.0,0.0
0.5536332179930796,0.7508650519031141,-0.028379494514852,0.1352593185793977,0.0,0.0
0.6124567474048442,0.7508650519031141,-0.0329874816798507,0.138468762329924,0.0,0.0
0.6332179930795848,0.7508650519031141,-0.0348059581403207,0.1393531738783174,0.0,0.0
0.3840830449826989,0.7474048442906575,-0.0131799355062804,0.1222019903984536,0.0,0.0
0.4117647058823529,0.7474048442906575,-0.016443276048859,0.1238263082660892,0.0,0.0
0.4878892733564013,0.7474048442906575,-0.0232167840733496,0.1297111896930322,0.0,0.0
0.5363321799307958,0.7474048442906575,-0.027068366233141,0.1331493849231207,0.0,0.0
0.5743944636678201,0.7474048442906575,-0.0300422430905562,0.1356910936018291,0.0,0.0
0.5882352941176471,0.7474048442906575,-0.0311670435771478,0.1364259900717329,0.0,0.0
0.629757785467128,0.7474048442906575,-0.0345376948321529,0.1383285623516438,0.0,0.0
0.6332179930795848,0.7474048442906575,-0.034789590872218,0.1384812810352636,0.0,0.0
0.3840830449826989,0.7439446366782007,-0.0133772205761059,0.1203856182412297,0.0,0.0
0.4740484429065744,0.7439446366782007,-0.0222106897080636,0.1274985560406682,0.0,0.0
0.5640138408304498,0.7439446366782007,-0.0292789049927457,0.1340797418312129,0.0,0.0
0.5986159169550173,0.7439446366782007,-0.0319740938972633,0.136054814465344,0.0,0.0
0.629757785467128,0.7439446366782007,-0.0345614732851473,0.13739592541123,0.0,0.0
0.3840830449826989,0.740484429065744,-0.0135867079922143,0.1185215941938844,0.0,0.0
0.3979238754325259,0.740484429065744,-0.0153839698169637,0.1196039593551219,0.0,0.0
0.4290657439446367,0.740484429065744,-0.018532185514984,0.1223302525409977,0.0,0.0
0.4602076124567474,0.740484429065744,-0.0211888695623903,0.1251176507105384,0.0,0.0
0.5017301038062284,0.740484429065744,-0.0244923386042432,0.1285944264903127,0.0,0.0
0.5467128027681661,0.740484429065744,-0.0279462948206306,0.1319048442723475,0.0,0.0
0.629757785467128,0.740484429065744,-0.03454470808358,0.1366577299010917,0.0,0.0
0.3840830449826989,0.7370242214532872,-0.0138105413556877,0.1165109977871268,0.0,0.0
0.4083044982698962,0.7370242214532872,-0.016698753876687,0.1189677734866002,0.0,0.0
0.4429065743944637,0.7370242214532872,-0.0198974686563093,0.1222446308149431,0.0,0.0
0.5190311418685121,0.7370242214532872,-0.0258339948243029,0.1290189956059688,0.0,0.0
0.532871972318339,0.7370242214532872,-0.026853306977151,0.1300054825297825,0.0,0.0
0.629757785467128,0.7370242214532872,-0.0345349044363307,0.1358810587701564,0.0,0.0
0.3840830449826989,0.7335640138408305,-0.0140196239876461,0.1147473617947469,0.0,0.0
0.4186851211072664,0.7335640138408305,-0.017843012372592,0.1185271232826217,0.0,0.0
0.4913494809688581,0.7335640138408305,-0.0237902381192752,0.1257411044447589,0.0,0.0
0.5674740484429066,0.7335640138408305,-0.0295611831895212,0.1315580704262577,0.0,0.0
0.5847750865051903,0.7335640138408305,-0.0308869506449851,0.1327310360411608,0.0,0.0
0.6124567474048442,0.7335640138408305,-0.0330711610233521,0.1341925999800543,0.0,0.0
0.629757785467128,0.7335640138408305,-0.0345059558243794,0.1349585498627328,0.0,0.0
0.3806228373702422,0.7301038062283737,-0.0138398725434802,0.1124234555290392,0.0,0.0
0.3840830449826989,0.7301038062283737,-0.0142874510319174,0.112828227181209,0.0,0.0
0.3944636678200692,0.7301038062283737,-0.0155802191273646,0.1142133199338614,0.0,0.0
0.4636678200692041,0.7301038062283737,-0.021729817581774,0.1219112474588819,0.0,0.0
0.4775086505190311,0.7301038062283737,-0.0228226766043849,0.1233447156371086,0.0,0.0
0.5501730103806228,0.7301038062283737,-0.0281846898503322,0.1294754210855322,0.0,0.0
0.5986159169550173,0.7301038062283737,-0.0319562829126349,0.1326366233608709,0.0,0.0
0.629757785467128,0.7301038062283737,-0.0344471040147302,0.1343295523891299,0.0,0.0
0.3806228373702422,0.726643598615917,-0.0141509457170013,0.1102164682898517,0.0,0.0
0.4325259515570934,0.726643598615917,-0.0193250251464533,0.1173716366662182,0.0,0.0
0.5051903114186851,0.726643598615917,-0.0249459146126809,0.1248453113136612,0.0,0.0
0.5224913494809689,0.726643598615917,-0.026139150020881498,0.1263990246536013,0.0,0.0
0.629757785467128,0.726643598615917,-0.0343686503336821,0.1335434296508368,0.0,0.0
0.3806228373702422,0.7231833910034602,-0.0144573043809754,0.1082107749113023,0.0,0.0
0.4083044982698962,0.7231833910034602,-0.0173967791862096,0.1129802679359097,0.0,0.0
0.4498269896193771,0.7231833910034602,-0.0208116693575661,0.1181656634434779,0.0,0.0
0.532871972318339,0.7231833910034602,-0.0268568740543576,0.1263190829362264,0.0,0.0
0.5709342560553633,0.7231833910034602,-0.0297210630891923,0.1292376735327638,0.0,0.0
0.629757785467128,0.7231833910034602,-0.0342556204065132,0.1327475759982504,0.0,0.0
0.3806228373702422,0.7197231833910035,-0.0147401270273674,0.1061848404769758,0.0,0.0
0.3979238754325259,0.7197231833910035,-0.0165796339195509,0.1098314769195717,0.0,0.0
0.4221453287197231,0.7197231833910035,-0.0186698901035768,0.1135948644756642,0.0,0.0
0.4671280276816609,0.7197231833910035,-0.0221983762430613,0.11906608073971428,0.0,0.0
0.4775086505190311,0.7197231833910035,-0.0229106882572115,0.1201268609263544,0.0,0.0
0.5605536332179931,0.7197231833910035,-0.0288794007948576,0.1276500905224295,0.0,0.0
0.5916955017301038,0.7197231833910035,-0.03122290393082,0.1298969923670129,0.0,0.0
0.615916955017301,0.7197231833910035,-0.0331426423545549,0.1312019025259402,0.0,0.0
0.629757785467128,0.7197231833910035,-0.0341648020857267,0.1320077764813543,0.0,0.0
0.3806228373702422,0.7162629757785467,-0.0149907138198184,0.104453891454979,0.0,0.0
0.4878892733564013,0.7162629757785467,-0.0236417178841439,0.1202511700399342,0.0,0.0
0.5017301038062284,0.7162629757785467,-0.024624527367148,0.12166744918921038,0.0,0.0
0.5467128027681661,0.7162629757785467,-0.0277408988625895,0.1257213369603179,0.0,0.0
0.5813148788927336,0.7162629757785467,-0.0303388771738479,0.1283821369647326,0.0,0.0
0.6020761245674741,0.7162629757785467,-0.0319981244688273,0.1296556879766434,0.0,0.0
0.629757785467128,0.7162629757785467,-0.0340797241067962,0.1311850383015489,0.0,0.0
0.3771626297577855,0.71280276816609,-0.0148590575050084,0.101664249112183,0.0,0.0
0.3806228373702422,0.71280276816609,-0.0151918496648764,0.1026811593784286,0.0,0.0
0.4394463667820069,0.71280276816609,-0.0202033810736664,0.1134456778931212,0.0,0.0
0.5155709342560554,0.71280276816609,-0.025566886601709,0.1220648262612973,0.0,0.0
0.5294117647058824,0.71280276816609,-0.0265066542697338,0.1233050796638826,0.0,0.0
0.5709342560553633,0.71280276816609,-0.0294999858398454,0.126810408752945,0.0,0.0
0.629757785467128,0.71280276816609,-0.0339460209627137,0.1304611387814105,0.0,0.0
0.3771626297577855,0.7093425605536332,-0.0150592244004863,0.1000943821944518,0.0,0.0
0.3910034602076124,0.7093425605536332,-0.0163261347121775,0.1037555964665251,0.0,0.0
0.4256055363321799,0.7093425605536332,-0.0192050428438674,0.1103612606299547,0.0,0.0
0.4636678200692041,0.7093425605536332,-0.0218780494952318,0.1154407473684844,0.0,0.0
0.5916955017301038,0.7093425605536332,-0.0309219019115468,0.1275393231960672,0.0,0.0
0.629757785467128,0.7093425605536332,-0.0338493143154081,0.1297384736251814,0.0,0.0
0.3771626297577855,0.7058823529411765,-0.0152468277614809,0.098492590194097,0.0,0.0
0.4152249134948096,0.7058823529411765,-0.0184621778365181,0.1073062796158476,0.0,0.0
0.4532871972318339,0.7058823529411765,-0.0211818741410618,0.1131211872615218,0.0,0.0
0.4740484429065744,0.7058823529411765,-0.0225831836142378,0.1156976267371883,0.0,0.0
0.5397923875432526,0.7058823529411765,-0.0270408046648633,0.1225924463003952,0.0,0.0
0.5570934256055363,0.7058823529411765,-0.028298875265233298,0.1239925474547512,0.0,0.0
0.5813148788927336,0.7058823529411765,-0.0300576765197315,0.1258960273919551,0.0,0.0
0.6124567474048442,0.7058823529411765,-0.0324654368061998,0.1279297509514952,0.0,0.0
0.629757785467128,0.7058823529411765,-0.0337110541321014,0.1290239173578037,0.0,0.0
0.3737024221453287,0.7024221453287197,-0.0151588018093572,0.0961150754228771,0.0,0.0
0.3771626297577855,0.7024221453287197,-0.0153603746582079,0.0971530572946644,0.0,0.0
0.4013840830449827,0.7024221453287197,-0.0173009083922295,0.10330265923095408,0.0,0.0
0.5017301038062284,0.7024221453287197,-0.0243954777551006,0.1180236656168703,0.0,0.0
0.5121107266435986,0.7024221453287197,-0.0250938413242413,0.1189875653695558,0.0,0.0
0.5709342560553633,0.7024221453287197,-0.0291549944160407,0.1243397394722272,0.0,0.0
0.6020761245674741,0.7024221453287197,-0.0315012120742728,0.1265789440558207,0.0,0.0
0.629757785467128,0.7024221453287197,-0.03359180958885,0.1282571109332985,0.0,0.0
0.3737024221453287,0.698961937716263,-0.015261212069488498,0.0947909524637615,0.0,0.0
0.4325259515570934,0.698961937716263,-0.019777208631769,0.1078729768686289,0.0,0.0
0.4878892733564013,0.698961937716263,-0.0233648682970137,0.1154768528164159,0.0,0.0
0.629757785467128,0.698961937716263,-0.0334458819436712,0.1276115552850524,0.0,0.0
0.370242214532872,0.6955017301038062,-0.0151845708631792,0.0926091945240379,0.0,0.0
0.3737024221453287,0.6955017301038062,-0.0153768526640665,0.0935932918216471,0.0,0.0
0.3875432525951557,0.6955017301038062,-0.0164018663060737,0.0974130220526635,0.0,0.0
0.4463667820069204,0.6955017301038062,-0.020657945682254,0.1091016376840681,0.0,0.0
0.5259515570934256,0.6955017301038062,-0.0258035577014711,0.1186838518695816,0.0,0.0
0.5363321799307958,0.6955017301038062,-0.0264777062524479,0.1197173056289203,0.0,0.0
0.5605536332179931,0.6955017301038062,-0.028188523549535598,0.1218480810900103,0.0,0.0
0.5847750865051903,0.6955017301038062,-0.0299267805447165,0.1238063194087648,0.0,0.0
0.615916955017301,0.6955017301038062,-0.0323211997725214,0.1259687383246014,0.0,0.0
0.629757785467128,0.6955017301038062,-0.033287924404774,0.126908330928289,0.0,0.0
0.370242214532872,0.6920415224913494,-0.0152695345586212,0.0912526535201874,0.0,0.0
0.3979238754325259,0.6920415224913494,-0.0172106882537563,0.0988300815215507,0.0,0.0
0.4083044982698962,0.6920415224913494,-0.0179377629517441,0.1012390948000575,0.0,0.0
0.4221453287197231,0.6920415224913494,-0.0189526924888165,0.1039181823496788,0.0,0.0
0.4705882352941176,0.6920415224913494,-0.0220411002025854,0.111507481137705,0.0,0.0
0.5121107266435986,0.6920415224913494,-0.0247270936104492,0.1164579026510383,0.0,0.0
0.5467128027681661,0.6920415224913494,-0.0270753515522344,0.1198942614568519,0.0,0.0
0.5743944636678201,0.6920415224913494,-0.0290396575144517,0.1222580611593958,0.0,0.0
0.5951557093425606,0.6920415224913494,-0.0305082326262507,0.1237479550084362,0.0,0.0
0.6055363321799307,0.6920415224913494,-0.0313177167185175,0.1244929247623285,0.0,0.0
0.629757785467128,0.6920415224913494,-0.0331177606492427,0.1262761396810049,0.0,0.0
0.370242214532872,0.6885813148788927,-0.0154270818039503,0.0899238396205007,0.0,0.0
0.4567474048442906,0.6885813148788927,-0.0211497389540253,0.1086722404070967,0.0,0.0
0.4982698961937716,0.6885813148788927,-0.023678653685312096,0.1140731961749039,0.0,0.0
0.6262975778546713,0.6885813148788927,-0.0327113009857316,0.1253025624375427,0.0,0.0
0.629757785467128,0.6885813148788927,-0.032933560878158,0.1256015391180283,0.0,0.0
0.3667820069204152,0.6851211072664359,-0.0153379580402729,0.087592834727258,0.0,0.0
0.370242214532872,0.6851211072664359,-0.015485596365422901,0.0888318808019906,0.0,0.0
0.5640138408304498,0.6851211072664359,-0.0279616871778864,0.1197995893106731,0.0,0.0
0.615916955017301,0.6851211072664359,-0.031755242968299,0.1238833985064206,0.0,0.0
0.6262975778546713,0.6851211072664359,-0.0324989404828612,0.1246420413223116,0.0,0.0
0.3633217993079585,0.6816608996539792,-0.015268686695999,0.0853620357715575,0.0,0.0
0.3667820069204152,0.6816608996539792,-0.0154165220839291,0.0864700671575526,0.0,0.0
0.3910034602076124,0.6816608996539792,-0.0167475997836571,0.0937752991200267,0.0,0.0
0.4013840830449827,0.6816608996539792,-0.0173758457837354,0.0964248929740245,0.0,0.0
0.4152249134948096,0.6816608996539792,-0.0182458700196663,0.09944869212093,0.0,0.0
0.4256055363321799,0.6816608996539792,-0.0188628817413352,0.1015986161582469,0.0,0.0
0.4394463667820069,0.6816608996539792,-0.0198148067919946,0.1041053122939695,0.0,0.0
0.4671280276816609,0.6816608996539792,-0.0215132763750825,0.1084417513188943,0.0,0.0
0.4844290657439446,0.6816608996539792,-0.0225280720915458,0.110751679184911,0.0,0.0
0.5294117647058824,0.6816608996539792,-0.025409581953981,0.1158382476664712,0.0,0.0
0.5536332179930796,0.6816608996539792,-0.027032316343299,0.118164300599233,0.0,0.0
0.5951557093425606,0.6816608996539792,-0.0299755726671562,0.1215774206618595,0.0,0.0
0.6262975778546713,0.6816608996539792,-0.0322606065892675,0.1240928222187615,0.0,0.0
0.3633217993079585,0.6782006920415224,-0.015332292747683,0.0842832995335168,0.0,0.0
0.3806228373702422,0.6782006920415224,-0.0161196463730737,0.0898713176225156,0.0,0.0
0.4532871972318339,0.6782006920415224,-0.0205327173847213,0.1055115374199372,0.0,0.0
0.5121107266435986,0.6782006920415224,-0.02408766539509,0.1132266596553373,0.0,0.0
0.5813148788927336,0.6782006920415224,-0.0288057428200448,0.1197628280962924,0.0,0.0
0.6262975778546713,0.6782006920415224,-0.0320174064772624,0.1233494966839164,0.0,0.0
0.3598615916955017,0.6747404844290658,-0.0153450048543906,0.0819665294298762,0.0,0.0
0.3633217993079585,0.6747404844290658,-0.0154088521305138,0.0831843646945466,0.0,0.0
0.5432525951557093,0.6747404844290658,-0.025947144757116,0.1156977750110279,0.0,0.0
0.5709342560553633,0.6747404844290658,-0.027867606087396503,0.1181959086994038,0.0,0.0
0.6089965397923875,0.6747404844290658,-0.0305376138302796,0.1213084711233724,0.0,0.0
0.6262975778546713,0.6747404844290658,-0.0317943828117977,0.1226482433901938,0.0,0.0
0.3598615916955017,0.671280276816609,-0.015297307401418,0.0811194326149797,0.0,0.0
0.3910034602076124,0.671280276816609,-0.0165586569020864,0.0908587674311578,0.0,0.0
0.4013840830449827,0.671280276816609,-0.0171422879809245,0.09343668813743282,0.0,0.0
0.4117647058823529,0.671280276816609,-0.0176821868334722,0.0959159226541151,0.0,0.0
0.4256055363321799,0.671280276816609,-0.0184772675038704,0.0988699749543419,0.0,0.0
0.4359861591695502,0.671280276816609,-0.0190723072770269,0.1008374118853496,0.0,0.0
0.4775086505190311,0.671280276816609,-0.0215634257473567,0.1074530369161589,0.0,0.0
0.4948096885813148,0.671280276816609,-0.0226395254185754,0.1097084117901621,0.0,0.0
0.5224913494809689,0.671280276816609,-0.0243784254883135,0.1128252968635972,0.0,0.0
0.532871972318339,0.671280276816609,-0.0250553592074957,0.1139404701033872,0.0,0.0
0.6262975778546713,0.671280276816609,-0.0314871878229519,0.1220972857205554,0.0,0.0
0.356401384083045,0.6678200692041523,-0.0152461660077862,0.0792004436176909,0.0,0.0
0.3598615916955017,0.6678200692041523,-0.0153026474782233,0.0803385141180334,0.0,0.0
0.3771626297577855,0.6678200692041523,-0.0158246105972928,0.0859931408244607,0.0,0.0
0.4498269896193771,0.6678200692041523,-0.0197076873795865,0.1024625112643031,0.0,0.0
0.4671280276816609,0.6678200692041523,-0.0207646041631877,0.105138895725295,0.0,0.0
0.5847750865051903,0.6678200692041523,-0.0283951658449371,0.1179401258023442,0.0,0.0
0.6262975778546713,0.6678200692041523,-0.0312775093451953,0.1214248589821382,0.0,0.0
0.3529411764705882,0.6643598615916955,-0.015211588333830298,0.0771160773420064,0.0,0.0
0.356401384083045,0.6643598615916955,-0.0152042729815129,0.0783456605336671,0.0,0.0
0.5121107266435986,0.6643598615916955,-0.0233269895928597,0.1102144660886253,0.0,0.0
0.5536332179930796,0.6643598615916955,-0.0260175830499605,0.1145266453016948,0.0,0.0
0.5674740484429066,0.6643598615916955,-0.026920304860636297,0.1157901676907423,0.0,0.0
0.5951557093425606,0.6643598615916955,-0.0288811192545632,0.118102984365605,0.0,0.0
0.6262975778546713,0.6643598615916955,-0.0310126519034052,0.1207683878007657,0.0,0.0
0.3494809688581315,0.6608996539792388,-0.0151267054405581,0.0752828407781337,0.0,0.0
0.3529411764705882,0.6608996539792388,-0.0151026394944492,0.0764803455829597,0.0,0.0
0.4013840830449827,0.6608996539792388,-0.016660724425429,0.090973179003008,0.0,0.0
0.4117647058823529,0.6608996539792388,-0.0171275724236698,0.0934149732901669,0.0,0.0
0.4221453287197231,0.6608996539792388,-0.0177417086630244,0.0956626687054524,0.0,0.0
0.4359861591695502,0.6608996539792388,-0.0185034512352364,0.0984105768844342,0.0,0.0
0.4844290657439446,0.6608996539792388,-0.0213575061119872,0.1060846409971482,0.0,0.0
0.5397923875432526,0.6608996539792388,-0.0248382352700046,0.1124547266241533,0.0,0.0
0.6262975778546713,0.6608996539792388,-0.030714045973634703,0.1200967676201373,0.0,0.0
0.3494809688581315,0.657439446366782,-0.0150024587744173,0.0747871476944775,0.0,0.0
0.3667820069204152,0.657439446366782,-0.015151991267926799,0.0804610883995813,0.0,0.0
0.3910034602076124,0.657439446366782,-0.0160465021877802,0.0876870235950344,0.0,0.0
0.4567474048442906,0.657439446366782,-0.0194300169357355,0.1012116393842313,0.0,0.0
0.5017301038062284,0.657439446366782,-0.0222134213732395,0.10753008424615558,0.0,0.0
0.5259515570934256,0.657439446366782,-0.0237165191920915,0.1102911368835082,0.0,0.0
0.5813148788927336,0.657439446366782,-0.027423437112805,0.1156100903462387,0.0,0.0
0.6089965397923875,0.657439446366782,-0.029307488487600102,0.11796264459009162,0.0,0.0
0.6262975778546713,0.657439446366782,-0.0304680197468322,0.11948413202495792,0.0,0.0
0.3460207612456747,0.6539792387543253,-0.0148164992266951,0.0732225959512254,0.0,0.0
0.3494809688581315,0.6539792387543253,-0.0148100615811063,0.0743698259089656,0.0,0.0
0.3806228373702422,0.6539792387543253,-0.0154251785840803,0.084080126447164,0.0,0.0
0.4463667820069204,0.6539792387543253,-0.0185659637331621,0.09875649265367999,0.0,0.0
0.6262975778546713,0.6539792387543253,-0.0301809320641632,0.1189325309864021,0.0,0.0
0.3425605536332179,0.6505190311418685,-0.0146723010399364,0.0717343204873118,0.0,0.0
0.3460207612456747,0.6505190311418685,-0.0146323107405576,0.072828144029679,0.0,0.0
0.4256055363321799,0.6505190311418685,-0.0172249442049921,0.094205080253537,0.0,0.0
0.4359861591695502,0.6505190311418685,-0.0177576660015485,0.0961576125637493,0.0,0.0
0.4740484429065744,0.6505190311418685,-0.0199768356066052,0.1024554373951492,0.0,0.0
0.4878892733564013,0.6505190311418685,-0.0208383574359776,0.1043546896174074,0.0,0.0
0.5121107266435986,0.6505190311418685,-0.0223424979813243,0.1073471663288778,0.0,0.0
0.5501730103806228,0.6505190311418685,-0.0247941031408746,0.1113882807758974,0.0,0.0
0.5640138408304498,0.6505190311418685,-0.0257051573203147,0.1127290310784937,0.0,0.0
0.5916955017301038,0.6505190311418685,-0.027593654689682,0.1151780255620059,0.0,0.0
0.6262975778546713,0.6505190311418685,-0.0300091175202707,0.11829968319507819,0.0,0.0
0.3391003460207612,0.6470588235294118,-0.0145237951234054,0.0702604720264564,0.0,0.0
0.3425605536332179,0.6470588235294118,-0.0144527757549955,0.0713775689473844,0.0,0.0
0.3598615916955017,0.6470588235294118,-0.0145041554017779,0.0767186851241115,0.0,0.0
0.370242214532872,0.6470588235294118,-0.0147230002382806,0.0799404069590908,0.0,0.0
0.3944636678200692,0.6470588235294118,-0.0155462643106868,0.0865360742477246,0.0,0.0
0.4083044982698962,0.6470588235294118,-0.0160967747636016,0.089831282473845,0.0,0.0
0.4602076124567474,0.6470588235294118,-0.01885372915895,0.0995765701335172,0.0,0.0
0.5363321799307958,0.6470588235294118,-0.0235956270423075,0.1092932496934942,0.0,0.0
0.6124567474048442,0.6470588235294118,-0.028797452405210304,0.1163331566803776,0.0,0.0
0.6262975778546713,0.6470588235294118,-0.029727564465557,0.1175572969140338,0.0,0.0
0.3356401384083045,0.643598615916955,-0.0143386142696532,0.0688916136975867,0.0,0.0
0.3391003460207612,0.643598615916955,-0.014239559379611,0.0699369125923921,0.0,0.0
0.3840830449826989,0.643598615916955,-0.0148856456041215,0.0832447775143081,0.0,0.0
0.4982698961937716,0.643598615916955,-0.0209287308227904,0.10429727976189959,0.0,0.0
0.6262975778546713,0.643598615916955,-0.0294402898742905,0.11694915096314,0.0,0.0
0.0,0.6401384083044983,-0.0026492407113462,0.0054387402270029,0.0,0.0
0.0034602076124567,0.6401384083044983,-0.002758321918121,0.0057307112432255,0.0,0.0
0.3321799307958477,0.6401384083044983,-0.0141277895856419,0.0675564788711651,0.0,0.0
0.3356401384083045,0.6401384083044983,-0.0140473134941608,0.0686494394790739,0.0,0.0
0.4290657439446367,0.6401384083044983,-0.0165685497513047,0.0928315698481296,0.0,0.0
0.4394463667820069,0.6401384083044983,-0.0171780055114602,0.0947212042746262,0.0,0.0
0.4705882352941176,0.6401384083044983,-0.018936153334274,0.099764689659763,0.0,0.0
0.4844290657439446,0.6401384083044983,-0.0197590293301848,0.1017328898179755,0.0,0.0
0.5224913494809689,0.6401384083044983,-0.0221615213797203,0.1064290934993464,0.0,0.0
0.5467128027681661,0.6401384083044983,-0.0237497063190478,0.1090117030973001,0.0,0.0
0.5778546712802768,0.6401384083044983,-0.0258095445263262,0.1120877055806625,0.0,0.0
0.6020761245674741,0.6401384083044983,-0.0274395506468367,0.114163161530413,0.0,0.0
0.6262975778546713,0.6401384083044983,-0.029166275124137102,0.11629197246268361,0.0,0.0
0.0,0.6366782006920415,-0.0027489893326348,0.0054590458635845,0.0,0.0
0.0034602076124567,0.6366782006920415,-0.0028869333906157,0.0057145716218664,0.0,0.0
0.0069204152249134,0.6366782006920415,-0.0030306038300585,0.0060000262000665,0.0,0.0
0.0103806228373702,0.6366782006920415,-0.0031620608729816,0.0063163905299985,0.0,0.0
0.328719723183391,0.6366782006920415,-0.0139757041763402,0.0662783525069365,0.0,0.0
0.3321799307958477,0.6366782006920415,-0.0138433608655346,0.0673704398911546,0.0,0.0
0.356401384083045,0.6366782006920415,-0.0137538782560435,0.0746414898889076,0.0,0.0
0.3737024221453287,0.6366782006920415,-0.0140522395695268,0.079482352949048,0.0,0.0
0.3979238754325259,0.6366782006920415,-0.0148900770256315,0.0856014495762088,0.0,0.0
0.4083044982698962,0.6366782006920415,-0.0153500817538943,0.0878991529663406,0.0,0.0
0.4186851211072664,0.6366782006920415,-0.0157879897930611,0.0900737204340721,0.0,0.0
0.4532871972318339,0.6366782006920415,-0.0176148801524903,0.0963904321352934,0.0,0.0
0.5605536332179931,0.6366782006920415,-0.0243699264551233,0.1097066335602282,0.0,0.0
0.6262975778546713,0.6366782006920415,-0.0289124361314139,0.115750638374169,0.0,0.0
0.0,0.6332179930795848,-0.0028243536276394,0.0054530170653643,0.0,0.0
0.0103806228373702,0.6332179930795848,-0.0032797183604292,0.0062836285861498,0.0,0.0
0.0138408304498269,0.6332179930795848,-0.0034566529185574,0.0066275703014256,0.0,0.0
0.3217993079584775,0.6332179930795848,-0.0137882475644203,0.0641322580526366,0.0,0.0
0.3252595155709342,0.6332179930795848,-0.0136956895936406,0.0651309419606862,0.0,0.0
0.328719723183391,0.6332179930795848,-0.0136453211931913,0.0661351412409031,0.0,0.0
0.3460207612456747,0.6332179930795848,-0.013460636423285202,0.071314992682136,0.0,0.0
0.5086505190311419,0.6332179930795848,-0.0206598045510318,0.1034938312416978,0.0,0.0
0.5363321799307958,0.6332179930795848,-0.0224520625915908,0.10659071982465981,0.0,0.0
0.5882352941176471,0.6332179930795848,-0.0259253518719202,0.11169025011335001,0.0,0.0
0.6124567474048442,0.6332179930795848,-0.0277034474812055,0.1137983559233675,0.0,0.0
0.6262975778546713,0.6332179930795848,-0.0286179383617596,0.1150835345833942,0.0,0.0
0.0,0.629757785467128,-0.0028739915817045,0.0054531982274028,0.0,0.0
0.0138408304498269,0.629757785467128,-0.0034911924659485,0.0065902078114662,0.0,0.0
0.0173010380622837,0.629757785467128,-0.0036711973196474,0.0069380614276864,0.0,0.0
0.0207612456747404,0.629757785467128,-0.0038367609554819,0.0073078097242612,0.0,0.0
0.3183391003460207,0.629757785467128,-0.0135652301175864,0.06295967021263,0.0,0.0
0.3217993079584775,0.629757785467128,-0.0134803253176038,0.0639544670827647,0.0,0.0
0.4290657439446367,0.629757785467128,-0.0156948141644201,0.0908620452135321,0.0,0.0
0.4948096885813148,0.629757785467128,-0.0194683951373858,0.1010306885608687,0.0,0.0
0.5501730103806228,0.629757785467128,-0.0230567762414821,0.1073744790005582,0.0,0.0
0.5709342560553633,0.629757785467128,-0.0244360517115426,0.1094316506156929,0.0,0.0
0.5986159169550173,0.629757785467128,-0.0263504095967809,0.1119959186143536,0.0,0.0
0.6262975778546713,0.629757785467128,-0.028302691346262,0.1144742129702702,0.0,0.0
0.0,0.6262975778546713,-0.0029087644673264,0.0054188479496156,0.0,0.0
0.0207612456747404,0.6262975778546713,-0.003864494753122,0.007237525373099499,0.0,0.0
0.0242214532871972,0.6262975778546713,-0.0040347356232375,0.007607807486052899,0.0,0.0
0.0276816608996539,0.6262975778546713,-0.0042320368020395,0.0080199441522609,0.0,0.0
0.314878892733564,0.6262975778546713,-0.0133290262480219,0.0618728443472735,0.0,0.0
0.3183391003460207,0.6262975778546713,-0.0131938613599515,0.0628904752730489,0.0,0.0
0.3806228373702422,0.6262975778546713,-0.013390112075929,0.0799380747920973,0.0,0.0
0.3944636678200692,0.6262975778546713,-0.0138524511967351,0.0831823848077039,0.0,0.0
0.4186851211072664,0.6262975778546713,-0.0148931766425836,0.0882922413445507,0.0,0.0
0.4567474048442906,0.6262975778546713,-0.0169435741610877,0.0950272019512935,0.0,0.0
0.4671280276816609,0.6262975778546713,-0.0175045039156723,0.09653535966946311,0.0,0.0
0.4809688581314879,0.6262975778546713,-0.0183119443556038,0.0985236852572315,0.0,0.0
0.6262975778546713,0.6262975778546713,-0.027991791233946395,0.1137788663817393,0.0,0.0
0.0,0.6228373702422145,-0.0028968910425627,0.0054102084878377,0.0,0.0
0.0276816608996539,0.6228373702422145,-0.0042081437203353,0.0079327242907951,0.0,0.0
0.0311418685121107,0.6228373702422145,-0.0044509817488743,0.0083700661156073,0.0,0.0
0.0346020761245674,0.6228373702422145,-0.0048006239797518,0.0088204498769182,0.0,0.0
0.3079584775086505,0.6228373702422145,-0.0131666018534194,0.0599292600293695,0.0,0.0
0.3114186851211072,0.6228373702422145,-0.0130791073160838,0.0608285633251635,0.0,0.0
0.314878892733564,0.6228373702422145,-0.0129393307243531,0.0618003092337685,0.0,0.0
0.3391003460207612,0.6228373702422145,-0.0125256178045028,0.0686889420692623,0.0,0.0
0.3667820069204152,0.6228373702422145,-0.0127531787755924,0.0760613668863319,0.0,0.0
0.4083044982698962,0.6228373702422145,-0.0141205953398207,0.0856613995980175,0.0,0.0
0.4463667820069204,0.6228373702422145,-0.016047180615445,0.0927381533374288,0.0,0.0
0.5224913494809689,0.6228373702422145,-0.0205961860925934,0.1031201713923202,0.0,0.0
0.532871972318339,0.6228373702422145,-0.0212803555863984,0.1042610899578512,0.0,0.0
0.5813148788927336,0.6228373702422145,-0.0245046078770575,0.1091055252850976,0.0,0.0
0.615916955017301,0.6228373702422145,-0.0270023471522839,0.1121722629289045,0.0,0.0
0.6262975778546713,0.6228373702422145,-0.027656471814937,0.1131124596294039,0.0,0.0
0.0,0.6193771626297578,-0.0028843089926336,0.0053998064501965,0.0,0.0
0.0346020761245674,0.6193771626297578,-0.004722549784615,0.008708677478333,0.0,0.0
0.0380622837370242,0.6193771626297578,-0.005010870613613,0.0091622910158291,0.0,0.0
0.0415224913494809,0.6193771626297578,-0.0053076491027979,0.0096460618430993,0.0,0.0
0.301038062283737,0.6193771626297578,-0.0130306143822104,0.058080808859676,0.0,0.0
0.3044982698961938,0.6193771626297578,-0.0128613709256759,0.0589643814334087,0.0,0.0
0.3079584775086505,0.6193771626297578,-0.0127382461151259,0.059885793813323804,0.0,0.0
0.328719723183391,0.6193771626297578,-0.0122604771929096,0.0656017439138222,0.0,0.0
0.3529411764705882,0.6193771626297578,-0.0122326646154217,0.0721745754253649,0.0,0.0
0.4359861591695502,0.6193771626297578,-0.0151326575773717,0.0903738366822823,0.0,0.0
0.5501730103806228,0.6193771626297578,-0.0221036624574536,0.105402539007465,0.0,0.0
0.5605536332179931,0.6193771626297578,-0.0227850775791769,0.1064571349457483,0.0,0.0
0.5916955017301038,0.6193771626297578,-0.0249141829612237,0.1093773369813185,0.0,0.0
0.6055363321799307,0.6193771626297578,-0.0259097219928129,0.1106056885142008,0.0,0.0
0.6262975778546713,0.6193771626297578,-0.0273429267999477,0.1124585330682082,0.0,0.0
0.0,0.615916955017301,-0.0028518416629597,0.0053771390071716,0.0,0.0
0.0138408304498269,0.615916955017301,-0.0034398014221478,0.0064194731331252,0.0,0.0
0.0415224913494809,0.615916955017301,-0.0051285518591398,0.0095005904191853,0.0,0.0
0.0449826989619377,0.615916955017301,-0.0053999703849628,0.0099549879538694,0.0,0.0
0.0484429065743944,0.615916955017301,-0.0057304629419028,0.0104590278455785,0.0,0.0
0.0519031141868512,0.615916955017301,-0.0060171457980742,0.0109707443004121,0.0,0.0
0.2941176470588235,0.615916955017301,-0.0128526170018456,0.0562799518532359,0.0,0.0
0.2975778546712803,0.615916955017301,-0.0126912762150744,0.0571464887648401,0.0,0.0
0.301038062283737,0.615916955017301,-0.0125529999446049,0.0580443999084158,0.0,0.0
0.3806228373702422,0.615916955017301,-0.0124697221019662,0.0786733239782456,0.0,0.0
0.4256055363321799,0.615916955017301,-0.0142596556028113,0.0879505657130765,0.0,0.0
0.4567474048442906,0.615916955017301,-0.0159302139054155,0.0931374787059486,0.0,0.0
0.4740484429065744,0.615916955017301,-0.0169436358067408,0.095717171072591,0.0,0.0
0.4878892733564013,0.615916955017301,-0.0177392719268668,0.0976258862919018,0.0,0.0
0.5051903114186851,0.615916955017301,-0.0188432662952799,0.0998153905222954,0.0,0.0
0.5709342560553633,0.615916955017301,-0.0231175023909184,0.1068009191400049,0.0,0.0
0.6262975778546713,0.615916955017301,-0.0270436025250965,0.1118363810816602,0.0,0.0
0.0,0.6124567474048442,-0.0028143255019884,0.005351986679765,0.0,0.0
0.0519031141868512,0.6124567474048442,-0.0057484729699042,0.0107585518187907,0.0,0.0
0.0553633217993079,0.6124567474048442,-0.0060501620969965,0.0112589141454366,0.0,0.0
0.0588235294117647,0.6124567474048442,-0.0063327377678133,0.0117659414214349,0.0,0.0
0.0622837370242214,0.6124567474048442,-0.0068272604418468,0.0124052106332684,0.0,0.0
0.28719723183391,0.6124567474048442,-0.0125842247916648,0.0546314426127844,0.0,0.0
0.2906574394463668,0.6124567474048442,-0.0125046221084607,0.0553530789173784,0.0,0.0
0.2941176470588235,0.6124567474048442,-0.0123757840011208,0.0562974151390053,0.0,0.0
0.3910034602076124,0.6124567474048442,-0.012443833679104,0.0805837725029443,0.0,0.0
0.5397923875432526,0.6124567474048442,-0.0207236009165232,0.1031098417451462,0.0,0.0
0.6262975778546713,0.6124567474048442,-0.0267235485296649,0.1112107533080798,0.0,0.0
0.0,0.6089965397923875,-0.0027499744659252,0.0053322419239257,0.0,0.0
0.0622837370242214,0.6089965397923875,-0.0063830572123151,0.0121237443655261,0.0,0.0
0.0657439446366782,0.6089965397923875,-0.0066444503257879,0.0126500929192317,0.0,0.0
0.0692041522491349,0.6089965397923875,-0.0069721462634781,0.0131851234786229,0.0,0.0
0.0726643598615917,0.6089965397923875,-0.007243306760135,0.0137211463054584,0.0,0.0
0.2768166089965398,0.6089965397923875,-0.0124620950598605,0.05206886291843,0.0,0.0
0.2802768166089965,0.6089965397923875,-0.0123684611025248,0.0528957065346312,0.0,0.0
0.2837370242214533,0.6089965397923875,-0.0122330097115308,0.0537686527228244,0.0,0.0
0.28719723183391,0.6089965397923875,-0.0121022015787093,0.0546064623284263,0.0,0.0
0.3321799307958477,0.6089965397923875,-0.0110868093566718,0.0661328728647618,0.0,0.0
0.356401384083045,0.6089965397923875,-0.0111754503787,0.0723052919959294,0.0,0.0
0.370242214532872,0.6089965397923875,-0.0114451352786257,0.0755703276470576,0.0,0.0
0.4394463667820069,0.6089965397923875,-0.014333043466540801,0.0892195696441458,0.0,0.0
0.5294117647058824,0.6089965397923875,-0.0196569120167339,0.1013394384109603,0.0,0.0
0.5536332179930796,0.6089965397923875,-0.0212771775446238,0.10389154960464328,0.0,0.0
0.6124567474048442,0.6089965397923875,-0.0254624357370304,0.1092881710202662,0.0,0.0
0.6228373702422145,0.6089965397923875,-0.026167167693946,0.1102729546982132,0.0,0.0
0.6262975778546713,0.6089965397923875,-0.0263941138995424,0.1105913090690632,0.0,0.0
0.0,0.6055363321799307,-0.0026605933916236,0.0053019315062852,0.0,0.0
0.0103806228373702,0.6055363321799307,-0.0030817039945452,0.0061045882263061,0.0,0.0
0.0207612456747404,0.6055363321799307,-0.003534104515849,0.0069818555446561,0.0,0.0
0.0346020761245674,0.6055363321799307,-0.0041653479179296,0.0084283451744846,0.0,0.0
0.0726643598615917,0.6055363321799307,-0.0068008078305516,0.0135323465217319,0.0,0.0
0.0761245674740484,0.6055363321799307,-0.0071180183381368,0.0140475703124117,0.0,0.0
0.0795847750865051,0.6055363321799307,-0.0074989045072951,0.0146428154697399,0.0,0.0
0.0830449826989619,0.6055363321799307,-0.0078576547205447,0.015211440822514,0.0,0.0
0.0865051903114186,0.6055363321799307,-0.008159816122165,0.0157553910843344,0.0,0.0
0.2629757785467128,0.6055363321799307,-0.0123184905786453,0.0489652182668265,0.0,0.0
0.2664359861591695,0.6055363321799307,-0.0122397439324062,0.0497596659795183,0.0,0.0
0.2698961937716263,0.6055363321799307,-0.0121661137232073,0.0505381712495002,0.0,0.0
0.273356401384083,0.6055363321799307,-0.0120353865363191,0.0513194387578582,0.0,0.0
0.2768166089965398,0.6055363321799307,-0.0119419066122426,0.0521257979923709,0.0,0.0
0.314878892733564,0.6055363321799307,-0.0108885626326489,0.0616071185916531,0.0,0.0
0.3460207612456747,0.6055363321799307,-0.0107034326805125,0.0694856699429821,0.0,0.0
0.3806228373702422,0.6055363321799307,-0.0114230657059872,0.0775216329555497,0.0,0.0
0.4083044982698962,0.6055363321799307,-0.0124507582313485,0.0832935045565913,0.0,0.0
0.4498269896193771,0.6055363321799307,-0.0145204124319696,0.0903552628751329,0.0,0.0
0.4636678200692041,0.6055363321799307,-0.0152975109026854,0.0924307195126775,0.0,0.0
0.4913494809688581,0.6055363321799307,-0.016944157634501,0.0962495224455538,0.0,0.0
0.5190311418685121,0.6055363321799307,-0.018692700064604,0.0995684171829507,0.0,0.0
0.5674740484429066,0.6055363321799307,-0.0219047924729898,0.1046138404271545,0.0,0.0
0.5882352941176471,0.6055363321799307,-0.023287968288725,0.1064565115759111,0.0,0.0
0.6020761245674741,0.6055363321799307,-0.024345880407019,0.1077331791389635,0.0,0.0
0.6228373702422145,0.6055363321799307,-0.0258184719041054,0.1096590812970327,0.0,0.0
0.0,0.6020761245674741,-0.0025722421821992,0.0052940530774209,0.0,0.0
0.0865051903114186,0.6020761245674741,-0.0075015944374677,0.0155462383817107,0.0,0.0
0.0899653979238754,0.6020761245674741,-0.0078266699362188,0.0160670551095462,0.0,0.0
0.0934256055363321,0.6020761245674741,-0.0080685317654065,0.0166028902436858,0.0,0.0
0.0968858131487889,0.6020761245674741,-0.0083627537810587,0.017134533706019,0.0,0.0
0.1003460207612456,0.6020761245674741,-0.0086139795931516,0.0176221917015097,0.0,0.0
0.1038062283737024,0.6020761245674741,-0.0088642896531542,0.0181908621059699,0.0,0.0
0.1072664359861591,0.6020761245674741,-0.0090872612496587,0.0187712246523504,0.0,0.0
0.1107266435986159,0.6020761245674741,-0.0093796334223809,0.0192243368122303,0.0,0.0
0.2422145328719723,0.6020761245674741,-0.0122250653897961,0.044461115205356,0.0,0.0
0.245674740484429,0.6020761245674741,-0.0121794182084293,0.0451917052804534,0.0,0.0
0.2491349480968858,0.6020761245674741,-0.0120951467054291,0.0459204779622794,0.0,0.0
0.2525951557093425,0.6020761245674741,-0.0120323108415143,0.0467147083062098,0.0,0.0
0.2560553633217993,0.6020761245674741,-0.0119086836800234,0.0474897016836702,0.0,0.0
0.259515570934256,0.6020761245674741,-0.0118288335810643,0.0482357782773454,0.0,0.0
0.2629757785467128,0.6020761245674741,-0.0117759969731977,0.0489950677269489,0.0,0.0
0.2975778546712803,0.6020761245674741,-0.010822097455071,0.0572327782435397,0.0,0.0
0.3944636678200692,0.6020761245674741,-0.0115341047141738,0.08009907330527,0.0,0.0
0.4221453287197231,0.6020761245674741,-0.0127677237334421,0.0853191250085002,0.0,0.0
0.4809688581314879,0.6020761245674741,-0.0159096649443925,0.0942712691584981,0.0,0.0
0.5086505190311419,0.6020761245674741,-0.0176315126868946,0.0977899200007004,0.0,0.0
0.5432525951557093,0.6020761245674741,-0.0198798578458507,0.1015667973501136,0.0,0.0
0.5778546712802768,0.6020761245674741,-0.0222504800144939,0.1049095702513244,0.0,0.0
0.6228373702422145,0.6020761245674741,-0.0254529392084127,0.1090155482420555,0.0,0.0
0.0,0.5986159169550173,-0.0024775405231683,0.005309222152755,0.0,0.0
0.0449826989619377,0.5986159169550173,-0.004346457870957,0.0095592323884483,0.0,0.0
0.1107266435986159,0.5986159169550173,-0.0086321959775697,0.0192917366131039,0.0,0.0
0.1141868512110726,0.5986159169550173,-0.008767792494241,0.01995780664724,0.0,0.0
0.1176470588235294,0.5986159169550173,-0.0090592414320813,0.0206228097970787,0.0,0.0
0.1211072664359861,0.5986159169550173,-0.0091903911313289,0.0211694786494637,0.0,0.0
0.1245674740484429,0.5986159169550173,-0.009392586500275,0.0217714594715524,0.0,0.0
0.1280276816608996,0.5986159169550173,-0.009600599061003,0.0223708723243959,0.0,0.0
0.1314878892733564,0.5986159169550173,-0.0096846234268231,0.0230356358675523,0.0,0.0
0.1349480968858131,0.5986159169550173,-0.0098854497917674,0.0235994850509865,0.0,0.0
0.1384083044982699,0.5986159169550173,-0.0100152151993691,0.0242529906344399,0.0,0.0
0.1418685121107266,0.5986159169550173,-0.0101497050545178,0.0248561797779655,0.0,0.0
0.1453287197231834,0.5986159169550173,-0.0102767028138744,0.0255043574254569,0.0,0.0
0.1487889273356401,0.5986159169550173,-0.0103656574150962,0.0261777467050783,0.0,0.0
0.1522491349480969,0.5986159169550173,-0.0105097135885102,0.0268218432810509,0.0,0.0
0.1557093425605536,0.5986159169550173,-0.0106203229517018,0.0274222986242882,0.0,0.0
0.1591695501730103,0.5986159169550173,-0.0107618303912569,0.0280490655154859,0.0,0.0
0.1626297577854671,0.5986159169550173,-0.010858279477197702,0.0286620673324851,0.0,0.0
0.1660899653979238,0.5986159169550173,-0.0109691721560608,0.0293078598935467,0.0,0.0
0.1695501730103806,0.5986159169550173,-0.0110961953383414,0.029942856691658,0.0,0.0
0.1730103806228373,0.5986159169550173,-0.0111452953687492,0.0305823892565885,0.0,0.0
0.1764705882352941,0.5986159169550173,-0.0112814375639675,0.0312381811810595,0.0,0.0
0.1799307958477508,0.5986159169550173,-0.011251633984143,0.0319349118632379,0.0,0.0
0.1833910034602076,0.5986159169550173,-0.0112815703563262,0.0326350888850321,0.0,0.0
0.1868512110726643,0.5986159169550173,-0.0114186518204703,0.0333596374122239,0.0,0.0
0.1903114186851211,0.5986159169550173,-0.0114392225392297,0.0340362845794992,0.0,0.0
0.1937716262975778,0.5986159169550173,-0.0115476261258029,0.0346697637263537,0.0,0.0
0.1972318339100346,0.5986159169550173,-0.0115427687622001,0.0353516681439413,0.0,0.0
0.2006920415224913,0.5986159169550173,-0.0116510792583255,0.035993508840054,0.0,0.0
0.2041522491349481,0.5986159169550173,-0.0116949659579432,0.0366636258352603,0.0,0.0
0.2076124567474048,0.5986159169550173,-0.0116559720775246,0.0373585299463603,0.0,0.0
0.2110726643598615,0.5986159169550173,-0.0116841781503351,0.0380529147631992,0.0,0.0
0.2145328719723183,0.5986159169550173,-0.0117286571491257,0.038780143072503,0.0,0.0
0.2179930795847751,0.5986159169550173,-0.0116872467514559,0.039489093561808,0.0,0.0
0.2214532871972318,0.5986159169550173,-0.011715368793402,0.0401906717547827,0.0,0.0
0.2249134948096885,0.5986159169550173,-0.0116708440241128,0.0409077640055941,0.0,0.0
0.2283737024221453,0.5986159169550173,-0.0116546326585285,0.0416190496915676,0.0,0.0
0.231833910034602,0.5986159169550173,-0.0116375435608809,0.0423454949727041,0.0,0.0
0.2352941176470588,0.5986159169550173,-0.0115752789768093,0.0430703797017247,0.0,0.0
0.2387543252595155,0.5986159169550173,-0.011618399694004,0.0437444574937744,0.0,0.0
0.2422145328719723,0.5986159169550173,-0.0115868445389598,0.0444886735535823,0.0,0.0
0.3252595155709342,0.5986159169550173,-0.0099650498768838,0.0640319698521113,0.0,0.0
0.3667820069204152,0.5986159169550173,-0.0102741125830017,0.0738495118329335,0.0,0.0
0.4325259515570934,0.5986159169550173,-0.0129288002773541,0.0865847606684623,0.0,0.0
0.532871972318339,0.5986159169550173,-0.0188129713879831,0.0998821960115263,0.0,0.0
0.6124567474048442,0.5986159169550173,-0.024398859297707,0.1074522569468271,0.0,0.0
0.6228373702422145,0.5986159169550173,-0.025134165895133,0.1084808555554371,0.0,0.0
0.0,0.5951557093425606,-0.002379657650636,0.0052740315942866,0.0,0.0
0.0138408304498269,0.5951557093425606,-0.0028509704947819,0.006368612848484,0.0,0.0
0.0553633217993079,0.5951557093425606,-0.0046920785330502,0.0108705246082847,0.0,0.0
0.28719723183391,0.5951557093425606,-0.0100730238761099,0.0548076891531871,0.0,0.0
0.3114186851211072,0.5951557093425606,-0.0096497516510391,0.0606252788991135,0.0,0.0
0.3840830449826989,0.5951557093425606,-0.0104516425998314,0.0771683011776387,0.0,0.0
0.4117647058823529,0.5951557093425606,-0.0115493478270357,0.082584195245691,0.0,0.0
0.4429065743944637,0.5951557093425606,-0.0130817435229917,0.0877049742227085,0.0,0.0
0.4671280276816609,0.5951557093425606,-0.0143710155406263,0.0912885726976329,0.0,0.0
0.4982698961937716,0.5951557093425606,-0.016267274730204,0.0953667141481567,0.0,0.0
0.5224913494809689,0.5951557093425606,-0.0177767729122408,0.0981722966367366,0.0,0.0
0.5536332179930796,0.5951557093425606,-0.0198549220927133,0.1013533833412958,0.0,0.0
0.5640138408304498,0.5951557093425606,-0.0206015277959879,0.1023305225608009,0.0,0.0
0.6228373702422145,0.5951557093425606,-0.0247682843378445,0.1078072882317211,0.0,0.0
0.0,0.5916955017301038,-0.0022688122107394,0.0052830355607887,0.0,0.0
0.0657439446366782,0.5916955017301038,-0.0049851179804577,0.012259179976167,0.0,0.0
0.0795847750865051,0.5916955017301038,-0.0057129093768939,0.0143009230761633,0.0,0.0
0.0899653979238754,0.5916955017301038,-0.0062793304253403,0.0159438935025684,0.0,0.0
0.2698961937716263,0.5916955017301038,-0.0099522468955104,0.0508711501946938,0.0,0.0
0.301038062283737,0.5916955017301038,-0.0093712446714756,0.0580569860512314,0.0,0.0
0.3391003460207612,0.5916955017301038,-0.0092019792365238,0.0671005046449794,0.0,0.0
0.356401384083045,0.5916955017301038,-0.0094546628560105,0.071034795258564,0.0,0.0
0.4013840830449827,0.5916955017301038,-0.010744271901614,0.080196270884383,0.0,0.0
0.4567474048442906,0.5916955017301038,-0.0134623873519676,0.08930090132893712,0.0,0.0
0.5121107266435986,0.5916955017301038,-0.0167807852903041,0.096439775564999,0.0,0.0
0.5743944636678201,0.5916955017301038,-0.0209691622630904,0.1027188632421856,0.0,0.0
0.6020761245674741,0.5916955017301038,-0.0228584799479373,0.1052222226813967,0.0,0.0
0.6228373702422145,0.5916955017301038,-0.024411827786065,0.1071806276931485,0.0,0.0
0.0,0.5882352941176471,-0.0021334149150741,0.0052693432932666,0.0,0.0
0.0311418685121107,0.5882352941176471,-0.0031488877150868,0.0079950370668568,0.0,0.0
0.0415224913494809,0.5882352941176471,-0.0035085378931225,0.0091121085549281,0.0,0.0
0.1038062283737024,0.5882352941176471,-0.0065478580928808,0.0182501462901764,0.0,0.0
0.1730103806228373,0.5882352941176471,-0.009145667937706,0.0309582556701883,0.0,0.0
0.2110726643598615,0.5882352941176471,-0.0097219947401824,0.0383993264760017,0.0,0.0
0.3217993079584775,0.5882352941176471,-0.0087731348631307,0.0629186082969347,0.0,0.0
0.370242214532872,0.5882352941176471,-0.0093636884513807,0.0737149385104864,0.0,0.0
0.5397923875432526,0.5882352941176471,-0.0181850261094666,0.0987518109528744,0.0,0.0
0.5882352941176471,0.5882352941176471,-0.021545314201335,0.1033842415093536,0.0,0.0
0.6228373702422145,0.5882352941176471,-0.0240275248719774,0.1065372057068247,0.0,0.0
0.0,0.5847750865051903,-0.0020015931442527,0.0052717416995927,0.0,0.0
0.0519031141868512,0.5847750865051903,-0.0037263247399337,0.0103663734149443,0.0,0.0
0.1211072664359861,0.5847750865051903,-0.0068434088850311,0.0213285038018394,0.0,0.0
0.1522491349480969,0.5847750865051903,-0.0079803113417871,0.0270753164850277,0.0,0.0
0.1868512110726643,0.5847750865051903,-0.0088941078432923,0.0336771972265327,0.0,0.0
0.2006920415224913,0.5847750865051903,-0.0090231418568512,0.0364054455318592,0.0,0.0
0.2249134948096885,0.5847750865051903,-0.0091961585076744,0.0412739993649438,0.0,0.0
0.2387543252595155,0.5847750865051903,-0.0091491339990949,0.0442411189747203,0.0,0.0
0.2525951557093425,0.5847750865051903,-0.0090792388286515,0.0471974677306701,0.0,0.0
0.3806228373702422,0.5847750865051903,-0.0092985806204222,0.0754730834697486,0.0,0.0
0.3910034602076124,0.5847750865051903,-0.0096635585343333,0.0774325904732333,0.0,0.0
0.4221453287197231,0.5847750865051903,-0.0109300635743005,0.0830285533319983,0.0,0.0
0.4463667820069204,0.5847750865051903,-0.012153275226767,0.0867566008812577,0.0,0.0
0.4740484429065744,0.5847750865051903,-0.0136760944617277,0.0906399291354168,0.0,0.0
0.4878892733564013,0.5847750865051903,-0.0144869251858472,0.0923773491631737,0.0,0.0
0.5017301038062284,0.5847750865051903,-0.0153557421891831,0.0940217891210477,0.0,0.0
0.5294117647058824,0.5847750865051903,-0.0171091856286642,0.0970739169487253,0.0,0.0
0.5605536332179931,0.5847750865051903,-0.0192456829767333,0.10013887658747529,0.0,0.0
0.6228373702422145,0.5847750865051903,-0.023643229097724,0.1058880622729655,0.0,0.0
0.0,0.5813148788927336,-0.0018486489945412,0.0052677081005987,0.0,0.0
0.0173010380622837,0.5813148788927336,-0.0023002999586055,0.0066799923974783,0.0,0.0
0.0622837370242214,0.5813148788927336,-0.0037882349286699,0.0117450969568015,0.0,0.0
0.0934256055363321,0.5813148788927336,-0.005109125353155,0.0165017412877763,0.0,0.0
0.1384083044982699,0.5813148788927336,-0.0070033105816922,0.0245640192415657,0.0,0.0
0.1626297577854671,0.5813148788927336,-0.007729140998349501,0.0290728343099807,0.0,0.0
0.2629757785467128,0.5813148788927336,-0.0084154966192471,0.0495281291433575,0.0,0.0
0.2768166089965398,0.5813148788927336,-0.0082430954936298,0.0525926764097605,0.0,0.0
0.2906574394463668,0.5813148788927336,-0.0080554267461377,0.0557413621414018,0.0,0.0
0.3391003460207612,0.5813148788927336,-0.0080962645991859,0.0665817517959188,0.0,0.0
0.3494809688581315,0.5813148788927336,-0.0082189814902629,0.0688639641775794,0.0,0.0
0.4117647058823529,0.5813148788927336,-0.0100833189882218,0.0808189811030872,0.0,0.0
0.4359861591695502,0.5813148788927336,-0.0112318303429101,0.0847547249304468,0.0,0.0
0.4636678200692041,0.5813148788927336,-0.0127137210925045,0.0887007332613141,0.0,0.0
0.5190311418685121,0.5813148788927336,-0.0160957940562538,0.0954281474022549,0.0,0.0
0.5778546712802768,0.5813148788927336,-0.0200866531376329,0.1011141690732936,0.0,0.0
0.6089965397923875,0.5813148788927336,-0.022305565037931803,0.1040085011423065,0.0,0.0
0.6228373702422145,0.5813148788927336,-0.0232531595105249,0.105220954473796,0.0,0.0
0.0,0.5778546712802768,-0.0016976558388687,0.0052750120388947,0.0,0.0
0.0276816608996539,0.5778546712802768,-0.0024375267650058,0.007658481486521501,0.0,0.0
0.0726643598615917,0.5778546712802768,-0.0038871622938253,0.0132178868560458,0.0,0.0
0.1730103806228373,0.5778546712802768,-0.0073756429730116,0.0311420010598483,0.0,0.0
0.3079584775086505,0.5778546712802768,-0.0074888256822843,0.0595901816725454,0.0,0.0
0.3183391003460207,0.5778546712802768,-0.0075053863898366,0.0618953947794606,0.0,0.0
0.5467128027681661,0.5778546712802768,-0.0174936722401163,0.0976086518014821,0.0,0.0
0.6228373702422145,0.5778546712802768,-0.0228659559454208,0.1046067833393292,0.0,0.0
0.0,0.5743944636678201,-0.0015153225819709,0.0052633649743789,0.0,0.0
0.0380622837370242,0.5743944636678201,-0.0024988252038351,0.0087533300907906,0.0,0.0
0.0484429065743944,0.5743944636678201,-0.0027815967972403,0.0099524504350923,0.0,0.0
0.0830449826989619,0.5743944636678201,-0.0038667014614189,0.0148401850750398,0.0,0.0
0.1107266435986159,0.5743944636678201,-0.0050069314186593,0.0194902159234796,0.0,0.0
0.2145328719723183,0.5743944636678201,-0.0074110058637568,0.0394425276457488,0.0,0.0
0.245674740484429,0.5743944636678201,-0.0074414093125846,0.0459416689472266,0.0,0.0
0.328719723183391,0.5743944636678201,-0.0071879269386239,0.063999391819326,0.0,0.0
0.3598615916955017,0.5743944636678201,-0.0076291993325346,0.0705407309003941,0.0,0.0
0.3771626297577855,0.5743944636678201,-0.0081351211356659,0.0738826626932163,0.0,0.0
0.4013840830449827,0.5743944636678201,-0.0089743427913231,0.0782333589815876,0.0,0.0
0.4256055363321799,0.5743944636678201,-0.0099673770203882,0.082299671303909,0.0,0.0
0.4532871972318339,0.5743944636678201,-0.0113519473734781,0.0862998741641792,0.0,0.0
0.4982698961937716,0.5743944636678201,-0.0140039415729595,0.0919417123972974,0.0,0.0
0.5086505190311419,0.5743944636678201,-0.0146414360636383,0.0930916828279291,0.0,0.0
0.532871972318339,0.5743944636678201,-0.0162383639273184,0.0956711091033643,0.0,0.0
0.5570934256055363,0.5743944636678201,-0.0178697486509535,0.0979514354552256,0.0,0.0
0.5674740484429066,0.5743944636678201,-0.0185803624128782,0.0989173695036149,0.0,0.0
0.5916955017301038,0.5743944636678201,-0.0202835104520268,0.1011584195245455,0.0,0.0
0.6228373702422145,0.5743944636678201,-0.0224848758225656,0.1040353786057913,0.0,0.0
0.0,0.5709342560553633,-0.0013475114814113,0.0052888859421998,0.0,0.0
0.0138408304498269,0.5709342560553633,-0.0016863639137636,0.0064030500360988,0.0,0.0
0.1003460207612456,0.5709342560553633,-0.0041449811680495,0.017710730606596,0.0,0.0
0.1522491349480969,0.5709342560553633,-0.0058010753962644,0.0272030883461441,0.0,0.0
0.1937716262975778,0.5709342560553633,-0.0066412590131275,0.0352889917469374,0.0,0.0
0.2352941176470588,0.5709342560553633,-0.0069375796628016,0.0437513522386505,0.0,0.0
0.2698961937716263,0.5709342560553633,-0.0067847303528262,0.0511875290510337,0.0,0.0
0.2837370242214533,0.5709342560553633,-0.006736308921134,0.0542025252856638,0.0,0.0
0.3425605536332179,0.5709342560553633,-0.0069453794993261,0.0667874060103775,0.0,0.0
0.3910034602076124,0.5709342560553633,-0.0081920527893173,0.0761432947330348,0.0,0.0
0.4429065743944637,0.5709342560553633,-0.0104404694865665,0.0843969747196385,0.0,0.0
0.4878892733564013,0.5709342560553633,-0.0130240303334567,0.09017322393871471,0.0,0.0
0.6228373702422145,0.5709342560553633,-0.0221092028173515,0.1034819435473657,0.0,0.0
0.0,0.5674740484429066,-0.0011823128639971,0.0053054304333775,0.0,0.0
0.0622837370242214,0.5674740484429066,-0.002635623999877,0.0117883103112949,0.0,0.0
0.1280276816608996,0.5674740484429066,-0.004572697173478,0.0226700010657244,0.0,0.0
0.1660899653979238,0.5674740484429066,-0.0056265460494607,0.0299114653472851,0.0,0.0
0.1799307958477508,0.5674740484429066,-0.0058884604624252,0.0326069196346975,0.0,0.0
0.2041522491349481,0.5674740484429066,-0.0062416263043523,0.0374022273093217,0.0,0.0
0.2249134948096885,0.5674740484429066,-0.0063669823317373,0.0416521260750406,0.0,0.0
0.259515570934256,0.5674740484429066,-0.0063384359833189,0.0489295517430022,0.0,0.0
0.2941176470588235,0.5674740484429066,-0.006222134490649,0.0564359939050861,0.0,0.0
0.4705882352941176,0.5674740484429066,-0.0116060707045501,0.0875824661881478,0.0,0.0
0.5224913494809689,0.5674740484429066,-0.0148224181070924,0.093438762702232,0.0,0.0
0.6055363321799307,0.5674740484429066,-0.0205112349087503,0.1012138166077107,0.0,0.0
0.6228373702422145,0.5674740484429066,-0.0217306842882886,0.10285864696418881,0.0,0.0
0.0,0.5640138408304498,-0.0010163864964165,0.0053162623450306,0.0,0.0
0.0242214532871972,0.5640138408304498,-0.0015293025182873,0.0073531988304625,0.0,0.0
0.0346020761245674,0.5640138408304498,-0.0016819586372847,0.00842285375522,0.0,0.0
0.0484429065743944,0.5640138408304498,-0.0019495646257436,0.0100242372980684,0.0,0.0
0.0795847750865051,0.5640138408304498,-0.0027897305269444,0.0143379041909341,0.0,0.0
0.1141868512110726,0.5640138408304498,-0.0037197906803102,0.0201188197828928,0.0,0.0
0.1418685121107266,0.5640138408304498,-0.0045256352876937,0.0252928628793043,0.0,0.0
0.2145328719723183,0.5640138408304498,-0.0057635612940676,0.0395975566969554,0.0,0.0
0.3044982698961938,0.5640138408304498,-0.0057653154962579,0.0586406301152611,0.0,0.0
0.3183391003460207,0.5640138408304498,-0.005835547416005,0.0615231446606695,0.0,0.0
0.3737024221453287,0.5640138408304498,-0.0068585470405436,0.0724198909846514,0.0,0.0
0.4152249134948096,0.5640138408304498,-0.0084027893753828,0.0794599551014244,0.0,0.0
0.4325259515570934,0.5640138408304498,-0.0091882237291939,0.0820147246731461,0.0,0.0
0.4567474048442906,0.5640138408304498,-0.0104354307680971,0.0853385255972536,0.0,0.0
0.5121107266435986,0.5640138408304498,-0.0137317709015504,0.0917781781965479,0.0,0.0
0.5813148788927336,0.5640138408304498,-0.018375186635782,0.0982982368962935,0.0,0.0
0.5951557093425606,0.5640138408304498,-0.0193874874791835,0.0996408093775078,0.0,0.0
0.6228373702422145,0.5640138408304498,-0.0213707429536046,0.1023230565485418,0.0,0.0
0.0,0.5605536332179931,-0.0008531712676686,0.0053114941917096,0.0,0.0
0.0103806228373702,0.5605536332179931,-0.001036185295059,0.0061383653386576,0.0,0.0
0.0968858131487889,0.5605536332179931,-0.0028675270328274,0.017160466063042,0.0,0.0
0.1557093425605536,0.5605536332179931,-0.0044047643461498,0.0279665465751988,0.0,0.0
0.1903114186851211,0.5605536332179931,-0.0050468646974054,0.0347570665883648,0.0,0.0
0.245674740484429,0.5605536332179931,-0.0053793371866847,0.0461041210136797,0.0,0.0
0.2768166089965398,0.5605536332179931,-0.0053247461475393,0.0527125117246251,0.0,0.0
0.3321799307958477,0.5605536332179931,-0.0055603499560884,0.0642264243071246,0.0,0.0
0.3598615916955017,0.5605536332179931,-0.006097891276894,0.0695760719832368,0.0,0.0
0.3875432525951557,0.5605536332179931,-0.0069020171662531,0.0745827531960381,0.0,0.0
0.4013840830449827,0.5605536332179931,-0.0074003505177299,0.0768313741019144,0.0,0.0
0.4809688581314879,0.5605536332179931,-0.0114220202020826,0.0877851227128328,0.0,0.0
0.4913494809688581,0.5605536332179931,-0.0120435112590405,0.088932743021804,0.0,0.0
0.5017301038062284,0.5605536332179931,-0.0126915097766523,0.0900809762884931,0.0,0.0
0.5397923875432526,0.5605536332179931,-0.0151741181135467,0.0939115055496449,0.0,0.0
0.5570934256055363,0.5605536332179931,-0.0163753117121865,0.0955090185289884,0.0,0.0
0.5709342560553633,0.5605536332179931,-0.0172705031656821,0.0967299416030174,0.0,0.0
0.6228373702422145,0.5605536332179931,-0.0209882186882697,0.1016705964294775,0.0,0.0
0.0,0.5570934256055363,-0.0006597163636485,0.0053476040782564,0.0,0.0
0.0588235294117647,0.5570934256055363,-0.0016673056444576,0.0114061708513649,0.0,0.0
0.1245674740484429,0.5570934256055363,-0.0031735849297856,0.0221153644429949,0.0,0.0
0.2006920415224913,0.5570934256055363,-0.0046890244773265,0.0368876833732505,0.0,0.0
0.231833910034602,0.5570934256055363,-0.0048489473452927,0.0432395986211529,0.0,0.0
0.28719723183391,0.5570934256055363,-0.0049085620190669,0.0549206268297374,0.0,0.0
0.6089965397923875,0.5570934256055363,-0.0196224463303918,0.0996728267698385,0.0,0.0
0.6228373702422145,0.5570934256055363,-0.0206039883287884,0.101039975540447,0.0,0.0
0.0,0.5536332179930796,-0.0004815008912001,0.0053499690356921,0.0,0.0
0.0346020761245674,0.5536332179930796,-0.0009649210167109,0.0085266250568564,0.0,0.0
0.0830449826989619,0.5536332179930796,-0.001871820773086,0.0149684695736198,0.0,0.0
0.1349480968858131,0.5536332179930796,-0.0029957026793974,0.0240724143550427,0.0,0.0
0.1730103806228373,0.5536332179930796,-0.0037727089702492,0.0314427207727487,0.0,0.0
0.2179930795847751,0.5536332179930796,-0.0043431576580536,0.0404973665050215,0.0,0.0
0.301038062283737,0.5536332179930796,-0.0045555250567378,0.0577513836331659,0.0,0.0
0.3494809688581315,0.5536332179930796,-0.0051012784613658,0.0672600079564311,0.0,0.0
0.370242214532872,0.5536332179930796,-0.005611874165417601,0.0710046170391885,0.0,0.0
0.4290657439446367,0.5536332179930796,-0.0078727856758421,0.0803287804806463,0.0,0.0
0.4463667820069204,0.5536332179930796,-0.0087394146561986,0.0826122238145818,0.0,0.0
0.4636678200692041,0.5536332179930796,-0.0096636363975187,0.0847516417902988,0.0,0.0
0.5294117647058824,0.5536332179930796,-0.0137097549277931,0.0917602729698461,0.0,0.0
0.5847750865051903,0.5536332179930796,-0.0175160398027405,0.0968031392640893,0.0,0.0
0.6228373702422145,0.5536332179930796,-0.0202495919554069,0.100385306660371,0.0,0.0
0.0,0.5501730103806228,-0.0002993555654453,0.0053643417419754,0.0,0.0
0.0173010380622837,0.5501730103806228,-0.0005381803151395,0.0068360341581852,0.0,0.0
0.0692041522491349,0.5501730103806228,-0.0012664383523488,0.0129149933030699,0.0,0.0
0.1141868512110726,0.5501730103806228,-0.0021205919092154,0.0202301891173138,0.0,0.0
0.1522491349480969,0.5501730103806228,-0.0029625259131277,0.0273994037185874,0.0,0.0
0.1868512110726643,0.5501730103806228,-0.0035401959156162,0.034241609264729,0.0,0.0
0.259515570934256,0.5501730103806228,-0.0039834047167697,0.0491616218085709,0.0,0.0
0.3183391003460207,0.5501730103806228,-0.0042253334158198,0.0611115099292793,0.0,0.0
0.4083044982698962,0.5501730103806228,-0.0065307867380664,0.0768928275643131,0.0,0.0
0.4913494809688581,0.5501730103806228,-0.0108921062144613,0.0874375040789789,0.0,0.0
0.5155709342560554,0.5501730103806228,-0.012436920350088998,0.0898870948810736,0.0,0.0
0.5743944636678201,0.5501730103806228,-0.0164342456154617,0.0953303372578539,0.0,0.0
0.5986159169550173,0.5501730103806228,-0.0181277429612053,0.0974982298351425,0.0,0.0
0.6228373702422145,0.5501730103806228,-0.0198633993785288,0.0997246632343212,0.0,0.0
0.0,0.5467128027681661,-0.0001363850046947,0.0054113850525766,0.0,0.0
0.0484429065743944,0.5467128027681661,-0.0006361895936317,0.0101605317703283,0.0,0.0
0.0588235294117647,0.5467128027681661,-0.0008197531818555,0.0115349596208795,0.0,0.0
0.1003460207612456,0.5467128027681661,-0.0015198520983557,0.0178626494875361,0.0,0.0
0.2076124567474048,0.5467128027681661,-0.0032818582414521,0.0384292362160251,0.0,0.0
0.2422145328719723,0.5467128027681661,-0.0034914833923234,0.0455832296165873,0.0,0.0
0.273356401384083,0.5467128027681661,-0.0035851579957262,0.0520096789134413,0.0,0.0
0.3321799307958477,0.5467128027681661,-0.0040088686206254,0.0637014658444831,0.0,0.0
0.3840830449826989,0.5467128027681661,-0.0052735423074497,0.0727698676729346,0.0,0.0
0.3979238754325259,0.5467128027681661,-0.0057746312989577,0.0749838045956608,0.0,0.0
0.4186851211072664,0.5467128027681661,-0.0066005298930597,0.0780730942230283,0.0,0.0
0.4775086505190311,0.5467128027681661,-0.0096697787679264,0.0854084922486275,0.0,0.0
0.5017301038062284,0.5467128027681661,-0.011162388001278,0.0879892553963439,0.0,0.0
0.5640138408304498,0.5467128027681661,-0.0153515950041565,0.0938762495580443,0.0,0.0
0.6228373702422145,0.5467128027681661,-0.0195052659042206,0.0990611628237466,0.0,0.0
0.0,0.5432525951557093,3.5552401658356e-05,0.0054225921422092,0.0,0.0
0.0865051903114186,0.5432525951557093,-0.000872305512264,0.0156410837110655,0.0,0.0
0.1245674740484429,0.5432525951557093,-0.0015703061598936001,0.0222256467818151,0.0,0.0
0.1626297577854671,0.5432525951557093,-0.0022627609261782,0.0294908714772921,0.0,0.0
0.2179930795847751,0.5432525951557093,-0.0028897812660575,0.0406152628396858,0.0,0.0
0.28719723183391,0.5432525951557093,-0.0031934020378973004,0.0548427753949601,0.0,0.0
0.3598615916955017,0.5432525951557093,-0.0041757769729889,0.0684991638584209,0.0,0.0
0.4359861591695502,0.5432525951557093,-0.0070683551305584,0.0800309847759051,0.0,0.0
0.4602076124567474,0.5432525951557093,-0.0083133718538946,0.0829603691615677,0.0,0.0
0.5363321799307958,0.5432525951557093,-0.0130666329509271,0.0907247993610255,0.0,0.0
0.5536332179930796,0.5432525951557093,-0.0142601779961054,0.0923877467105507,0.0,0.0
0.6089965397923875,0.5432525951557093,-0.0181129945108145,0.097232239661536,0.0,0.0
0.6228373702422145,0.5432525951557093,-0.0191338142475338,0.0984610533727368,0.0,0.0
0.0,0.5397923875432526,0.0002161656757986,0.0054192062382442,0.0,0.0
0.0311418685121107,0.5397923875432526,1.6720102753785294e-05,0.0082809944510007,0.0,0.0
0.0761245674740484,0.5397923875432526,-0.0004688645440583,0.0140552297318414,0.0,0.0
0.1972318339100346,0.5397923875432526,-0.0022845923892225,0.0364442704029323,0.0,0.0
0.2283737024221453,0.5397923875432526,-0.0025029631050548,0.0427730834451071,0.0,0.0
0.2525951557093425,0.5397923875432526,-0.0025982946361985,0.0477645003989093,0.0,0.0
0.3114186851211072,0.5397923875432526,-0.002991915613448,0.0595162267411055,0.0,0.0
0.5190311418685121,0.5397923875432526,-0.011540186380137,0.0885992989911019,0.0,0.0
0.6228373702422145,0.5397923875432526,-0.0187611120253295,0.0978460499641367,0.0,0.0
0.0,0.5363321799307958,0.00039861442223230006,0.0054407581546431,0.0,0.0
0.0415224913494809,0.5363321799307958,0.0001483588395901,0.0094515164339973,0.0,0.0
0.0657439446366782,0.5363321799307958,-7.431989368572028e-05,0.0125612086730868,0.0,0.0
0.1141868512110726,0.5363321799307958,-0.0006635291484628,0.0203511633666653,0.0,0.0
0.1349480968858131,0.5363321799307958,-0.0010250202431112,0.0242273628834192,0.0,0.0
0.1487889273356401,0.5363321799307958,-0.0011964888081949,0.0268575898371015,0.0,0.0
0.1799307958477508,0.5363321799307958,-0.0016579389547872,0.0329719220627968,0.0,0.0
0.2076124567474048,0.5363321799307958,-0.0019434520506917,0.0385703687571076,0.0,0.0
0.2387543252595155,0.5363321799307958,-0.0021040173640906,0.0448958442095354,0.0,0.0
0.2975778546712803,0.5363321799307958,-0.0024045524928996,0.0567830738776465,0.0,0.0
0.3252595155709342,0.5363321799307958,-0.0027550669745654,0.0619845488551215,0.0,0.0
0.3425605536332179,0.5363321799307958,-0.0030293076704053,0.0651308158441567,0.0,0.0
0.3771626297577855,0.5363321799307958,-0.0039053178370094,0.0709119639728715,0.0,0.0
0.4152249134948096,0.5363321799307958,-0.0053303831993528,0.0765051076780618,0.0,0.0
0.4498269896193771,0.5363321799307958,-0.0070086669528414,0.0809165670584806,0.0,0.0
0.4878892733564013,0.5363321799307958,-0.0090757409309094,0.0850127522515457,0.0,0.0
0.5674740484429066,0.5363321799307958,-0.0144736726964359,0.0924446348079996,0.0,0.0
0.5847750865051903,0.5363321799307958,-0.0156526978209586,0.0938765711585478,0.0,0.0
0.6228373702422145,0.5363321799307958,-0.0183504242779261,0.0971805254021804,0.0,0.0
0.0,0.532871972318339,0.0005794643781605,0.0054750339791805,0.0,0.0
0.0173010380622837,0.532871972318339,0.0004978703822862,0.0069787553392686,0.0,0.0
0.1038062283737024,0.532871972318339,-0.0001916301500816,0.0185823335783762,0.0,0.0
0.2629757785467128,0.532871972318339,-0.001835228910406,0.0498669527561685,0.0,0.0
0.2768166089965398,0.532871972318339,-0.0019067322168337003,0.052658015997785,0.0,0.0
0.3667820069204152,0.532871972318339,-0.0032378004060002004,0.0690155275879473,0.0,0.0
0.3910034602076124,0.532871972318339,-0.0040341004458963,0.0727453541083563,0.0,0.0
0.4394463667820069,0.532871972318339,-0.0061138082718768,0.079290191480908,0.0,0.0
0.4705882352941176,0.532871972318339,-0.007761155339193,0.0827960406945286,0.0,0.0
0.5051903114186851,0.532871972318339,-0.0098137339153691,0.086239666477804,0.0,0.0
0.5536332179930796,0.532871972318339,-0.0131380305372397,0.0906333232293432,0.0,0.0
0.6020761245674741,0.532871972318339,-0.0165270892089041,0.0947521829032442,0.0,0.0
0.6124567474048442,0.532871972318339,-0.0173097695465577,0.095630409260008,0.0,0.0
0.6228373702422145,0.532871972318339,-0.0179870048909643,0.0964865113315304,0.0,0.0
0.0,0.5294117647058824,0.0007607852484916999,0.0054984422097415,0.0,0.0
0.0519031141868512,0.5294117647058824,0.0005961580827468,0.0107893866505764,0.0,0.0
0.0899653979238754,0.5294117647058824,0.000296473476287,0.0163331410458586,0.0,0.0
0.1626297577854671,0.5294117647058824,-0.0006205878382023,0.0296071712377659,0.0,0.0
0.1903114186851211,0.5294117647058824,-0.0009518558146354,0.0351021857506653,0.0,0.0
0.2179930795847751,0.5294117647058824,-0.0011670456876247,0.0407235084486606,0.0,0.0
0.356401384083045,0.5294117647058824,-0.0025673813413879,0.0670669239341957,0.0,0.0
0.4048442906574394,0.5294117647058824,-0.0041815633544337,0.0744357809572878,0.0,0.0
0.4290657439446367,0.5294117647058824,-0.005224830165328,0.0776112467018381,0.0,0.0
0.4602076124567474,0.5294117647058824,-0.0067976346483752,0.0812164235868447,0.0,0.0
0.5259515570934256,0.5294117647058824,-0.0108851075413651,0.087630963024817,0.0,0.0
0.5432525951557093,0.5294117647058824,-0.0120078814325744,0.0891105295008185,0.0,0.0
0.6228373702422145,0.5294117647058824,-0.017617564683517,0.095912603597247,0.0,0.0
0.0,0.5259515570934256,0.0009463725533086,0.0055015457928429,0.0,0.0
0.0346020761245674,0.5259515570934256,0.0009049669672711,0.0087965399585578,0.0,0.0
0.0622837370242214,0.5259515570934256,0.0007338844120604,0.0122305604347125,0.0,0.0
0.0761245674740484,0.5259515570934256,0.0006961606897365,0.014229946340126701,0.0,0.0
0.1211072664359861,0.5259515570934256,0.000246906217505,0.0217679545526564,0.0,0.0
0.1384083044982699,0.5259515570934256,4.858988159364096e-05,0.0249919558371522,0.0,0.0
0.2041522491349481,0.5259515570934256,-0.0006730658883471001,0.0379917551154766,0.0,0.0
0.231833910034602,0.5259515570934256,-0.0008323959812849,0.0436121611967547,0.0,0.0
0.245674740484429,0.5259515570934256,-0.0009366252612151,0.0464152049484215,0.0,0.0
0.28719723183391,0.5259515570934256,-0.001161879830967,0.0546612898042052,0.0,0.0
0.3114186851211072,0.5259515570934256,-0.001353888372867,0.0592300540607766,0.0,0.0
0.6228373702422145,0.5259515570934256,-0.0172594843111478,0.0952583391732006,0.0,0.0
0.0,0.5224913494809689,0.0011261865261951,0.0055083311467361,0.0,0.0
0.0103806228373702,0.5224913494809689,0.0011130140643459,0.0064113050436025,0.0,0.0
0.1487889273356401,0.5224913494809689,0.0002907046523817,0.0270311657198253,0.0,0.0
0.1799307958477508,0.5224913494809689,-5.950430868262148e-05,0.033134319161941,0.0,0.0
0.3252595155709342,0.5224913494809689,-0.0012157683183137,0.0615442451918187,0.0,0.0
0.3737024221453287,0.5224913494809689,-0.0023020414422712,0.0693996423229456,0.0,0.0
0.4186851211072664,0.5224913494809689,-0.0040241522036903,0.0755877142833555,0.0,0.0
0.4429065743944637,0.5224913494809689,-0.0051514807305689,0.0785010671299458,0.0,0.0
0.4878892733564013,0.5224913494809689,-0.0075880372307205,0.0831300575106532,0.0,0.0
0.5121107266435986,0.5224913494809689,-0.0091540771677447,0.0852553151834026,0.0,0.0
0.5570934256055363,0.5224913494809689,-0.0122046085168323,0.0891140246600621,0.0,0.0
0.5743944636678201,0.5224913494809689,-0.0134054599697428,0.0905975668165797,0.0,0.0
0.6228373702422145,0.5224913494809689,-0.0169032443221627,0.0946083120411535,0.0,0.0
0.0,0.5190311418685121,0.0013002773253522,0.0055210056390808,0.0,0.0
0.0207612456747404,0.5190311418685121,0.0013017851415938,0.007395709337621101,0.0,0.0
0.0449826989619377,0.5190311418685121,0.0013241002771506,0.0100388672366197,0.0,0.0
0.1072664359861591,0.5190311418685121,0.0010210189960525,0.0193064191466567,0.0,0.0
0.2629757785467128,0.5190311418685121,-0.0002429211824838,0.0498822061817345,0.0,0.0
0.301038062283737,0.5190311418685121,-0.0004832731253163,0.0571535225889471,0.0,0.0
0.3425605536332179,0.5190311418685121,-0.0011509520518178,0.0643062445955056,0.0,0.0
0.3875432525951557,0.5190311418685121,-0.0024152612855641,0.0711544615231235,0.0,0.0
0.4290657439446367,0.5190311418685121,-0.004142345979651,0.0765056027167219,0.0,0.0
0.5363321799307958,0.5190311418685121,-0.0104300447758772,0.0868690361451894,0.0,0.0
0.5882352941176471,0.5190311418685121,-0.0140508553477711,0.0910918787443268,0.0,0.0
0.6228373702422145,0.5190311418685121,-0.016548048217202,0.0939450723931104,0.0,0.0
0.0,0.5155709342560554,0.001503607585166,0.0055750900901466,0.0,0.0
0.0934256055363321,0.5155709342560554,0.0014098622993833,0.0170496923870465,0.0,0.0
0.1591695501730103,0.5155709342560554,0.0008657858379222002,0.0290670426455024,0.0,0.0
0.1937716262975778,0.5155709342560554,0.0005914593797032,0.0359561075439556,0.0,0.0
0.2145328719723183,0.5155709342560554,0.0004425040436881,0.0401846516423856,0.0,0.0
0.2422145328719723,0.5155709342560554,0.0002773320317531,0.0457481073178417,0.0,0.0
0.2768166089965398,0.5155709342560554,8.176233933010257e-05,0.0525220434525977,0.0,0.0
0.3529411764705882,0.5155709342560554,-0.0010288912256767,0.0658063306997461,0.0,0.0
0.4567474048442906,0.5155709342560554,-0.0051104237611403,0.0791663885304541,0.0,0.0
0.4740484429065744,0.5155709342560554,-0.0060589460829587,0.0808456199321907,0.0,0.0
0.5017301038062284,0.5155709342560554,-0.0077487284664822,0.0834007379853931,0.0,0.0
0.6055363321799307,0.5155709342560554,-0.0149138331120888,0.0918172769344364,0.0,0.0
0.6228373702422145,0.5155709342560554,-0.0162118522812856,0.0932944798114875,0.0,0.0
0.0,0.5121107266435986,0.0016839969144085,0.0055924185518048,0.0,0.0
0.0622837370242214,0.5121107266435986,0.0017786696364084,0.0123638882655254,0.0,0.0
0.0795847750865051,0.5121107266435986,0.0017631269826569,0.0149064740642405,0.0,0.0
0.1211072664359861,0.5121107266435986,0.0015523928401221,0.0219118307248958,0.0,0.0
0.1349480968858131,0.5121107266435986,0.0014538394473065,0.0244753935745114,0.0,0.0
0.1730103806228373,0.5121107266435986,0.0011231920122888,0.0318924757225712,0.0,0.0
0.2041522491349481,0.5121107266435986,0.000848254724551,0.0381208049393198,0.0,0.0
0.231833910034602,0.5121107266435986,0.0007261023514274,0.0437091611487294,0.0,0.0
0.314878892733564,0.5121107266435986,8.435307923125976e-05,0.0594663162661117,0.0,0.0
0.3633217993079585,0.5121107266435986,-0.0009348870227381,0.0671503910348088,0.0,0.0
0.3979238754325259,0.5121107266435986,-0.0020910912281647,0.0720224684441411,0.0,0.0
0.4117647058823529,0.5121107266435986,-0.0026021613027089,0.0737267575137583,0.0,0.0
0.4429065743944637,0.5121107266435986,-0.0040077920664286,0.0772991388026679,0.0,0.0
0.4913494809688581,0.5121107266435986,-0.0067531441071026,0.0819927618968257,0.0,0.0
0.5259515570934256,0.5121107266435986,-0.0089774715598322,0.0848894769682068,0.0,0.0
0.5501730103806228,0.5121107266435986,-0.0105834303130583,0.086844158673437,0.0,0.0
0.5605536332179931,0.5121107266435986,-0.0113039723290997,0.0877118778165882,0.0,0.0
0.6228373702422145,0.5121107266435986,-0.0158529216465185,0.092625884532193,0.0,0.0
0.0,0.5086505190311419,0.0018644798866437999,0.0056235799229907,0.0,0.0
0.0138408304498269,0.5086505190311419,0.0019264098488919,0.0068418189766952,0.0,0.0
0.0276816608996539,0.5086505190311419,0.0019537426532539,0.0081756540522454,0.0,0.0
0.0415224913494809,0.5086505190311419,0.0019912526367495,0.0097282568185156,0.0,0.0
0.1453287197231834,0.5086505190311419,0.0016597415748201,0.0264460678514761,0.0,0.0
0.1833910034602076,0.5086505190311419,0.0013648557347357,0.0339590096753617,0.0,0.0
0.2560553633217993,0.5086505190311419,0.000963548133187,0.0485222155214902,0.0,0.0
0.2906574394463668,0.5086505190311419,0.0007210657190915,0.0551255778317922,0.0,0.0
0.3044982698961938,0.5086505190311419,0.0005731185265753,0.0576197187270238,0.0,0.0
0.3321799307958477,0.5086505190311419,0.0001654311510845,0.0622384186368801,0.0,0.0
0.3771626297577855,0.5086505190311419,-0.0009607733694428,0.0689981866188269,0.0,0.0
0.4325259515570934,0.5086505190311419,-0.0031706668030927,0.0758042240189635,0.0,0.0
0.5709342560553633,0.5086505190311419,-0.0116820089050384,0.0878626236254252,0.0,0.0
0.5951557093425606,0.5086505190311419,-0.0134632264937867,0.0897624912828647,0.0,0.0
0.6228373702422145,0.5086505190311419,-0.0155176081500694,0.0920164756120703,0.0,0.0
0.0,0.5051903114186851,0.0020716279678436,0.0056619677775134,0.0,0.0
0.0519031141868512,0.5051903114186851,0.0022473175710354,0.0110532445002558,0.0,0.0
0.0899653979238754,0.5051903114186851,0.0022769689360855,0.0166030211975256,0.0,0.0
0.1003460207612456,0.5051903114186851,0.0022370626964286,0.0183218169507209,0.0,0.0
0.1107266435986159,0.5051903114186851,0.0022002202700186,0.0201009365692955,0.0,0.0
0.2698961937716263,0.5051903114186851,0.0012319332890845,0.0511985370983292,0.0,0.0
0.2802768166089965,0.5051903114186851,0.0011693164706098,0.0531772267773746,0.0,0.0
0.4221453287197231,0.5051903114186851,-0.0022875946630196,0.0742927769681462,0.0,0.0
0.4636678200692041,0.5051903114186851,-0.0043991277491026,0.078599513170511,0.0,0.0
0.4740484429065744,0.5051903114186851,-0.0049958461834411,0.0794962485105539,0.0,0.0
0.5121107266435986,0.5051903114186851,-0.0072996535680736,0.0827142383685318,0.0,0.0
0.5397923875432526,0.5051903114186851,-0.0091510419283156,0.0848475302310257,0.0,0.0
0.5847750865051903,0.5051903114186851,-0.0123047965727743,0.088303693026929,0.0,0.0
0.6089965397923875,0.5051903114186851,-0.0140594468002357,0.0901573950849828,0.0,0.0
0.6228373702422145,0.5051903114186851,-0.0151778769413777,0.0913968810275049,0.0,0.0
0.0,0.5017301038062284,0.0022568719092057,0.0057265564660328,0.0,0.0
0.0692041522491349,0.5017301038062284,0.0025254705490972,0.0134559511143501,0.0,0.0
0.1245674740484429,0.5017301038062284,0.0024293616972382,0.0226313670502123,0.0,0.0
0.1349480968858131,0.5017301038062284,0.0023786837185394,0.0245428421634909,0.0,0.0
0.1557093425605536,0.5017301038062284,0.0022679186994252,0.0285430733414246,0.0,0.0
0.1937716262975778,0.5017301038062284,0.0020514490952279,0.0361651849367637,0.0,0.0
0.2110726643598615,0.5017301038062284,0.0019332016894217,0.0396392190990665,0.0,0.0
0.2249134948096885,0.5017301038062284,0.001861891935916,0.042368566616874,0.0,0.0
0.2422145328719723,0.5017301038062284,0.0017680521827505,0.0458312930986854,0.0,0.0
0.3460207612456747,0.5017301038062284,0.0005666047633359,0.0641293569488742,0.0,0.0
0.3910034602076124,0.5017301038062284,-0.0006833072068104,0.0703158392825028,0.0,0.0
0.4048442906574394,0.5017301038062284,-0.0012511302040058,0.072015902987436,0.0,0.0
0.4463667820069204,0.5017301038062284,-0.003133889141161,0.0764765505623252,0.0,0.0
0.4844290657439446,0.5017301038062284,-0.0052715209265312,0.0799392958529674,0.0,0.0
0.5570934256055363,0.5017301038062284,-0.0099772781181974,0.0856571250053276,0.0,0.0
0.6228373702422145,0.5017301038062284,-0.0148015435125146,0.090719215308425,0.0,0.0
0.0,0.4982698961937716,0.0024260918760732,0.0057236480147506,0.0,0.0
0.0103806228373702,0.4982698961937716,0.0025194146706378,0.006628255020594,0.0,0.0
0.0207612456747404,0.4982698961937716,0.002542361736994,0.0076199116937321,0.0,0.0
0.1730103806228373,0.4982698961937716,0.0025162572808711,0.0319271160663217,0.0,0.0
0.2525951557093425,0.4982698961937716,0.0020719956743444,0.0479274068886194,0.0,0.0
0.2906574394463668,0.4982698961937716,0.0018154544735635,0.0550385273920549,0.0,0.0
0.301038062283737,0.4982698961937716,0.0016993680427357,0.0568558840125337,0.0,0.0
0.3217993079584775,0.4982698961937716,0.0014196697366491,0.06024066474318,0.0,0.0
0.3321799307958477,0.4982698961937716,0.0012651623878858,0.0618687679101211,0.0,0.0
0.3598615916955017,0.4982698961937716,0.0005875554353195,0.0659590042309774,0.0,0.0
0.4359861591695502,0.4982698961937716,-0.0022581948407265,0.0751059112443056,0.0,0.0
0.4982698961937716,0.4982698961937716,-0.0057592431004069,0.0805782362033118,0.0,0.0
0.5986159169550173,0.4982698961937716,-0.0125965966159071,0.0881206796788951,0.0,0.0
0.6228373702422145,0.4982698961937716,-0.0144340388208168,0.090028928797408,0.0,0.0
0.0,0.4948096885813148,0.0026150851111502,0.0057467049428378,0.0,0.0
0.0346020761245674,0.4948096885813148,0.0028461407063002,0.0091137743170939,0.0,0.0
0.0449826989619377,0.4948096885813148,0.0029240842856345,0.0103146633021964,0.0,0.0
0.0795847750865051,0.4948096885813148,0.0030509816310913,0.0151021038756386,0.0,0.0
0.0968858131487889,0.4948096885813148,0.0030847963577158,0.0178216563626919,0.0,0.0
0.1072664359861591,0.4948096885813148,0.0030546119466815,0.0195820583226864,0.0,0.0
0.2629757785467128,0.4948096885813148,0.0023611048390541,0.0499026438775244,0.0,0.0
0.2802768166089965,0.4948096885813148,0.0022361927049738,0.0531366338284253,0.0,0.0
0.3737024221453287,0.4948096885813148,0.0005809943605484,0.0676281757642641,0.0,0.0
0.4567474048442906,0.4948096885813148,-0.0029802683180091,0.0766528459357996,0.0,0.0
0.5294117647058824,0.4948096885813148,-0.0073641398941358,0.0823869276297451,0.0,0.0
0.6089965397923875,0.4948096885813148,-0.0130118642686922,0.088300568266478,0.0,0.0
0.6228373702422145,0.4948096885813148,-0.0140952765329143,0.0894029141835195,0.0,0.0
0.0,0.4913494809688581,0.0027856066403015,0.0057588891837941,0.0,0.0
0.0553633217993079,0.4913494809688581,0.0031864140498621,0.0116386997816371,0.0,0.0
0.1176470588235294,0.4913494809688581,0.0033158375712199,0.0214298104293844,0.0,0.0
0.1314878892733564,0.4913494809688581,0.0033117317845969,0.0240252003032593,0.0,0.0
0.1453287197231834,0.4913494809688581,0.0032726526416037,0.0266496401420624,0.0,0.0
0.1557093425605536,0.4913494809688581,0.0032289215188277,0.0286479995105639,0.0,0.0
0.1833910034602076,0.4913494809688581,0.0030968575206441,0.034112236281583,0.0,0.0
0.2179930795847751,0.4913494809688581,0.0029314575373062,0.0411226622063575,0.0,0.0
0.231833910034602,0.4913494809688581,0.0028917880878697,0.0438444030911807,0.0,0.0
0.3114186851211072,0.4913494809688581,0.0022575649793607,0.0584444013816566,0.0,0.0
0.3494809688581315,0.4913494809688581,0.0015682739323532,0.0641722926229117,0.0,0.0
0.3840830449826989,0.4913494809688581,0.0006177592425988,0.0687266289803478,0.0,0.0
0.3944636678200692,0.4913494809688581,0.0002781522758525,0.0699668641279081,0.0,0.0
0.4221453287197231,0.4913494809688581,-0.0008747532657129,0.0729877524572378,0.0,0.0
0.4671280276816609,0.4913494809688581,-0.003181426825265,0.07713668927839,0.0,0.0
0.4809688581314879,0.4913494809688581,-0.0040042080384693,0.07822844838122,0.0,0.0
0.5397923875432526,0.4913494809688581,-0.007774351812726,0.0826043014357218,0.0,0.0
0.5674740484429066,0.4913494809688581,-0.0096571791843032,0.0846034924915807,0.0,0.0
0.5847750865051903,0.4913494809688581,-0.010887996434220998,0.0858061473469447,0.0,0.0
0.6228373702422145,0.4913494809688581,-0.0137406612475167,0.0887357998017423,0.0,0.0
0.0,0.4878892733564013,0.0029735920335787,0.0057974968977821,0.0,0.0
0.0692041522491349,0.4878892733564013,0.0035041697719357,0.0136114005735626,0.0,0.0
0.1660899653979238,0.4878892733564013,0.0035015868686929,0.0307055973511295,0.0,0.0
0.2006920415224913,0.4878892733564013,0.003339533301586,0.0376824687244675,0.0,0.0
0.2422145328719723,0.4878892733564013,0.0031579295364877,0.0459012945049362,0.0,0.0
0.3356401384083045,0.4878892733564013,0.002233013269258,0.0620267074938029,0.0,0.0
0.3633217993079585,0.4878892733564013,0.0016006109921397,0.0658797854258034,0.0,0.0
0.4048442906574394,0.4878892733564013,0.0002169711111843,0.0708529123556295,0.0,0.0
0.4394463667820069,0.4878892733564013,-0.0013714245052972,0.0743411970710676,0.0,0.0
0.5155709342560554,0.4878892733564013,-0.0057761213960476,0.0802632627749508,0.0,0.0
0.5501730103806228,0.4878892733564013,-0.008100613328594,0.0827665660701534,0.0,0.0
0.5951557093425606,0.4878892733564013,-0.0113395861783462,0.0859066626087793,0.0,0.0
0.6228373702422145,0.4878892733564013,-0.0134127374746947,0.0880881843541858,0.0,0.0
0.0,0.4844290657439446,0.0031547306998914,0.0058207612264339,0.0,0.0
0.0138408304498269,0.4844290657439446,0.003299665741303,0.0070568707072607,0.0,0.0
0.2802768166089965,0.4844290657439446,0.0032805021180303,0.0530453571286289,0.0,0.0
0.2941176470588235,0.4844290657439446,0.0031371995461938,0.0554608733312859,0.0,0.0
0.3217993079584775,0.4844290657439446,0.0028432853756339,0.0599155658039393,0.0,0.0
0.4948096885813148,0.4844290657439446,-0.004108421924308,0.0782793773096584,0.0,0.0
0.6055363321799307,0.4844290657439446,-0.0117491849545236,0.0860485826310502,0.0,0.0
0.6228373702422145,0.4844290657439446,-0.0130968597515145,0.0874177804145607,0.0,0.0
0.0,0.4809688581314879,0.0033289602623,0.0058574177919348,0.0,0.0
0.0311418685121107,0.4809688581314879,0.0036871727618384,0.0088508694567314,0.0,0.0
0.0449826989619377,0.4809688581314879,0.0038162487589341,0.0104650693925777,0.0,0.0
0.0553633217993079,0.4809688581314879,0.0039085199635346,0.0117749886167632,0.0,0.0
0.0899653979238754,0.4809688581314879,0.0041004004075328,0.0168747089269963,0.0,0.0
0.1072664359861591,0.4809688581314879,0.0041748693910806,0.0197503334806305,0.0,0.0
0.1211072664359861,0.4809688581314879,0.004198498027662,0.0222074402792514,0.0,0.0
0.1384083044982699,0.4809688581314879,0.0041890066435208,0.0254586009883455,0.0,0.0
0.1764705882352941,0.4809688581314879,0.0041324377575177,0.0328356886501228,0.0,0.0
0.2249134948096885,0.4809688581314879,0.0039431630372697,0.0425164489027791,0.0,0.0
0.2525951557093425,0.4809688581314879,0.003805973344528,0.0479296360076694,0.0,0.0
0.2698961937716263,0.4809688581314879,0.0037270255184019,0.0511770992404119,0.0,0.0
0.3875432525951557,0.4809688581314879,0.0015647747598054,0.0684465444024034,0.0,0.0
0.4186851211072664,0.4809688581314879,0.0002858035031076,0.0716609337499798,0.0,0.0
0.4290657439446367,0.4809688581314879,-0.0001453894895035,0.0726289199509707,0.0,0.0
0.4532871972318339,0.4809688581314879,-0.00138401638855,0.0747482045429449,0.0,0.0
0.4775086505190311,0.4809688581314879,-0.0027876800983138,0.0766018428784191,0.0,0.0
0.5051903114186851,0.4809688581314879,-0.0044228361138851,0.078535856842263,0.0,0.0
0.532871972318339,0.4809688581314879,-0.0062507419951024,0.0804127759646564,0.0,0.0
0.5605536332179931,0.4809688581314879,-0.0081521338525795,0.0821941005001285,0.0,0.0
0.5778546712802768,0.4809688581314879,-0.0093472132868847,0.0833561709911424,0.0,0.0
0.6228373702422145,0.4809688581314879,-0.012762985624783,0.0867442998800249,0.0,0.0
0.0,0.4775086505190311,0.0034927648588423,0.0058513834188539,0.0,0.0
0.0761245674740484,0.4775086505190311,0.0042910645582387,0.0147694191959265,0.0,0.0
0.1522491349480969,0.4775086505190311,0.0045048466179664,0.0281007244562292,0.0,0.0
0.2041522491349481,0.4775086505190311,0.0043823989003225,0.0384622341672555,0.0,0.0
0.2145328719723183,0.4775086505190311,0.0042682716429625,0.0405339535249701,0.0,0.0
0.2352941176470588,0.4775086505190311,0.0041985876222206,0.0445832008737552,0.0,0.0
0.3079584775086505,0.4775086505190311,0.0036958232481221,0.0576521628586018,0.0,0.0
0.3391003460207612,0.4775086505190311,0.0032231655339019,0.0621583616176138,0.0,0.0
0.3529411764705882,0.4775086505190311,0.0029230888265038,0.0640544593012079,0.0,0.0
0.370242214532872,0.4775086505190311,0.0024781807285787,0.0661890819161541,0.0,0.0
0.4394463667820069,0.4775086505190311,-0.0003149020453665,0.0731684710759726,0.0,0.0
0.4636678200692041,0.4775086505190311,-0.0016095735837232,0.0751282011126217,0.0,0.0
0.5224913494809689,0.4775086505190311,-0.0052183847377529,0.0791627220690295,0.0,0.0
0.6228373702422145,0.4775086505190311,-0.0123985822210609,0.0860292115311964,0.0,0.0
0.0,0.4740484429065744,0.0036831070998622,0.0058895366996483,0.0,0.0
0.1660899653979238,0.4740484429065744,0.0048075567254407,0.030929984317324903,0.0,0.0
0.1937716262975778,0.4740484429065744,0.0046724665339131,0.0364117744946311,0.0,0.0
0.328719723183391,0.4740484429065744,0.0037083319659771,0.0606322273455637,0.0,0.0
0.4083044982698962,0.4740484429065744,0.0014629169985464,0.0700944083332272,0.0,0.0
0.5432525951557093,0.4740484429065744,-0.0062423798043165,0.0800035809420851,0.0,0.0
0.5916955017301038,0.4740484429065744,-0.009741215861818,0.0830762403521059,0.0,0.0
0.6228373702422145,0.4740484429065744,-0.0120756083731186,0.0852219475449741,0.0,0.0
0.0,0.4705882352941176,0.0038638976947206,0.0059413493653852,0.0,0.0
0.0173010380622837,0.4705882352941176,0.0040996444342972,0.0075314721257973,0.0,0.0
0.0276816608996539,0.4705882352941176,0.0042598212938682,0.0086086273890786,0.0,0.0
0.0588235294117647,0.4705882352941176,0.0046348002418566,0.0123488872966622,0.0,0.0
0.1280276816608996,0.4705882352941176,0.0050588486453628,0.0236147360228786,0.0,0.0
0.1418685121107266,0.4705882352941176,0.0050914452870211,0.0261972093739759,0.0,0.0
0.2249134948096885,0.4705882352941176,0.0049087707570422,0.0426164806588571,0.0,0.0
0.245674740484429,0.4705882352941176,0.0048179118268774,0.0466352078615632,0.0,0.0
0.2629757785467128,0.4705882352941176,0.004735534430537,0.0498929002695969,0.0,0.0
0.273356401384083,0.4705882352941176,0.0046500830782806,0.0517760885114526,0.0,0.0
0.2837370242214533,0.4705882352941176,0.0045673616537475,0.0535804761968684,0.0,0.0
0.2975778546712803,0.4705882352941176,0.0044734326771499,0.0558945427942209,0.0,0.0
0.3944636678200692,0.4705882352941176,0.0023313449465348,0.0684793581660791,0.0,0.0
0.4221453287197231,0.4705882352941176,0.0012056003298347,0.0709837657475942,0.0,0.0
0.4532871972318339,0.4705882352941176,-0.0003724205423433,0.0735333740599516,0.0,0.0
0.4740484429065744,0.4705882352941176,-0.0015243425377964,0.0749759364666462,0.0,0.0
0.4982698961937716,0.4705882352941176,-0.0030117528663004,0.0765545439454897,0.0,0.0
0.5121107266435986,0.4705882352941176,-0.0038582879082675,0.0774083345743367,0.0,0.0
0.5709342560553633,0.4705882352941176,-0.0079276289954938,0.0810835254621133,0.0,0.0
0.5813148788927336,0.4705882352941176,-0.0086882915787416,0.0817712286453055,0.0,0.0
0.6228373702422145,0.4705882352941176,-0.0117543447066833,0.0844970654470055,0.0,0.0
0.0,0.4671280276816609,0.0040285607501821,0.0059652510356632,0.0,0.0
0.0415224913494809,0.4671280276816609,0.0046667889739151,0.0101772662194385,0.0,0.0
0.0830449826989619,0.4671280276816609,0.0050882445629638,0.0159439519206856,0.0,0.0
0.1107266435986159,0.4671280276816609,0.0053191775529586,0.0205513306817102,0.0,0.0
0.1764705882352941,0.4671280276816609,0.005423248896329,0.0329973139215977,0.0,0.0
0.2041522491349481,0.4671280276816609,0.0053374046640712,0.0385108076855306,0.0,0.0
0.2145328719723183,0.4671280276816609,0.0052547550444255,0.0405703906041727,0.0,0.0
0.314878892733564,0.4671280276816609,0.0045985169137744,0.0584794252853336,0.0,0.0
0.3425605536332179,0.4671280276816609,0.0041809772163963,0.0622932231581683,0.0,0.0
0.3667820069204152,0.4671280276816609,0.0035725248967509,0.0652593387293442,0.0,0.0
0.4325259515570934,0.4671280276816609,0.0010383983592625,0.0714856190627647,0.0,0.0
0.4429065743944637,0.4671280276816609,0.000499480780288,0.0723579237675855,0.0,0.0
0.4844290657439446,0.4671280276816609,-0.0018500075222473,0.0751990823740938,0.0,0.0
0.6055363321799307,0.4671280276816609,-0.0101029284832897,0.0827098501833972,0.0,0.0
0.6228373702422145,0.4671280276816609,-0.0114709000145762,0.0837874016020882,0.0,0.0
0.0,0.4636678200692041,0.0042122761984138,0.0059931954063863,0.0,0.0
0.0934256055363321,0.4636678200692041,0.0054220669069856,0.0176195564569491,0.0,0.0
0.1868512110726643,0.4636678200692041,0.0057082877885313,0.0351435822349912,0.0,0.0
0.3321799307958477,0.4636678200692041,0.004693159282935,0.060806457864569306,0.0,0.0
0.3771626297577855,0.4636678200692041,0.0036300962893407,0.0661960176804395,0.0,0.0
0.4636678200692041,0.4636678200692041,-0.0002650215833924,0.0734471131026307,0.0,0.0
0.5294117647058824,0.4636678200692041,-0.0043710918566303,0.0774721555726546,0.0,0.0
0.5397923875432526,0.4636678200692041,-0.005085205671752,0.0781138579542437,0.0,0.0
0.5536332179930796,0.4636678200692041,-0.0060547785271173995,0.07884222560892831,0.0,0.0
0.5951557093425606,0.4636678200692041,-0.0090384395292979,0.0813514422631508,0.0,0.0
0.6228373702422145,0.4636678200692041,-0.0111225770803679,0.0830593015135346,0.0,0.0
0.0,0.4602076124567474,0.0043934376688824,0.0060316869722351,0.0,0.0
0.0726643598615917,0.4602076124567474,0.005510292841918901,0.0144503787033619,0.0,0.0
0.1245674740484429,0.4602076124567474,0.0059170164054761,0.0230564173599273,0.0,0.0
0.1453287197231834,0.4602076124567474,0.005987736910017,0.0269645252821305,0.0,0.0
0.1626297577854671,0.4602076124567474,0.0060147476361816,0.030331900895672,0.0,0.0
0.2352941176470588,0.4602076124567474,0.0058356682500498,0.044737145220889,0.0,0.0
0.259515570934256,0.4602076124567474,0.0057149129198798,0.0492728423526358,0.0,0.0
0.273356401384083,0.4602076124567474,0.0056325630227849,0.051764794479669606,0.0,0.0
0.356401384083045,0.4602076124567474,0.0045637106911247,0.0637054747897633,0.0,0.0
0.4013840830449827,0.4602076124567474,0.003097885866812,0.068313476257082,0.0,0.0
0.4152249134948096,0.4602076124567474,0.0024955481211123,0.0695245701644918,0.0,0.0
0.5051903114186851,0.4602076124567474,-0.002522069897553,0.0754859611382697,0.0,0.0
0.5847750865051903,0.4602076124567474,-0.007979125671014,0.0800395094089914,0.0,0.0
0.6228373702422145,0.4602076124567474,-0.0108327365073259,0.0823930559740327,0.0,0.0
0.0,0.4567474048442906,0.004561989202305,0.0060622281712081,0.0,0.0
0.0138408304498269,0.4567474048442906,0.0048195750398316,0.0073091628452698,0.0,0.0
0.0276816608996539,0.4567474048442906,0.0050283325572734,0.0086923752494052,0.0,0.0
0.0380622837370242,0.4567474048442906,0.0052312525920876,0.0098785435026232,0.0,0.0
0.1038062283737024,0.4567474048442906,0.0060809526392975,0.0194532235214757,0.0,0.0
0.1349480968858131,0.4567474048442906,0.006254549488826001,0.0249854843550708,0.0,0.0
0.1730103806228373,0.4567474048442906,0.006333350131066,0.0324535143445534,0.0,0.0
0.2145328719723183,0.4567474048442906,0.006219965858005499,0.0406678633705824,0.0,0.0
0.2491349480968858,0.4567474048442906,0.0060946066971107,0.0473711616525064,0.0,0.0
0.28719723183391,0.4567474048442906,0.0058653711658734,0.0541331443816049,0.0,0.0
0.301038062283737,0.4567474048442906,0.0057236065902911,0.0563140083654977,0.0,0.0
0.3217993079584775,0.4567474048442906,0.0055144053267113,0.0593401319758676,0.0,0.0
0.3875432525951557,0.4567474048442906,0.0039312499761973,0.0668043417357829,0.0,0.0
0.4740484429065744,0.4567474048442906,-0.0003003783210626,0.073244489181608,0.0,0.0
0.4878892733564013,0.4567474048442906,-0.0011398810902629,0.074009276277817,0.0,0.0
0.5674740484429066,0.4567474048442906,-0.006457987879638,0.0784587786011537,0.0,0.0
0.6089965397923875,0.4567474048442906,-0.0094939422139912,0.0809045781810203,0.0,0.0
0.6228373702422145,0.4567474048442906,-0.0105727395085278,0.0817117981946694,0.0,0.0
0.0,0.4532871972318339,0.0047368095993274,0.0061087831175513,0.0,0.0
0.0484429065743944,0.4532871972318339,0.005632386270202,0.0111890393556882,0.0,0.0
0.0622837370242214,0.4532871972318339,0.005864583703517699,0.013001508408898401,0.0,0.0
0.1141868512110726,0.4532871972318339,0.006434846595078399,0.0212823739133494,0.0,0.0
0.1972318339100346,0.4532871972318339,0.0066050498016661,0.0372912034062038,0.0,0.0
0.2249134948096885,0.4532871972318339,0.0065115647270745,0.0427298101161941,0.0,0.0
0.3391003460207612,0.4532871972318339,0.0055584374700359,0.0614576322792689,0.0,0.0
0.3667820069204152,0.4532871972318339,0.0049370237461026,0.0645574793600376,0.0,0.0
0.4325259515570934,0.4532871972318339,0.0023355193421627,0.0701499966951883,0.0,0.0
0.4463667820069204,0.4532871972318339,0.0016336559658644,0.0710236747796643,0.0,0.0
0.5155709342560554,0.4532871972318339,-0.0026054726945096,0.0750471038949443,0.0,0.0
0.5259515570934256,0.4532871972318339,-0.0033243586748707,0.0756160691649304,0.0,0.0
0.5432525951557093,0.4532871972318339,-0.0044183799720502,0.0765257272328082,0.0,0.0
0.5536332179930796,0.4532871972318339,-0.0051679521163774,0.077088556962632,0.0,0.0
0.5986159169550173,0.4532871972318339,-0.0083899184991788,0.0796028596626816,0.0,0.0
0.6228373702422145,0.4532871972318339,-0.0102791823112439,0.0809827641777159,0.0,0.0
0.0,0.4498269896193771,0.0048924709563138,0.0061434206564581,0.0,0.0
0.0865051903114186,0.4498269896193771,0.0064449005896313,0.0166653504246313,0.0,0.0
0.1591695501730103,0.4498269896193771,0.0069212891683172,0.0297851264739932,0.0,0.0
0.1833910034602076,0.4498269896193771,0.0069599612925187,0.0345575801495845,0.0,0.0
0.2664359861591695,0.4498269896193771,0.0066240849269385,0.0505547447379462,0.0,0.0
0.3114186851211072,0.4498269896193771,0.0062669631804988,0.0577778580530057,0.0,0.0
0.3494809688581315,0.4498269896193771,0.0057138963916805,0.0625533389055201,0.0,0.0
0.4982698961937716,0.4498269896193771,-0.0012074331032765,0.073648008321234,0.0,0.0
0.6228373702422145,0.4498269896193771,-0.0100037234324665,0.0803621548923371,0.0,0.0
0.0,0.4463667820069204,0.0050665743287731,0.0061542893766394,0.0,0.0
0.0173010380622837,0.4463667820069204,0.0054593436104088,0.0077713028573695,0.0,0.0
0.0346020761245674,0.4463667820069204,0.0058054945666619,0.0095718889467951,0.0,0.0
0.1314878892733564,0.4463667820069204,0.0071119000355262,0.0244903885024181,0.0,0.0
0.1695501730103806,0.4463667820069204,0.0072485487989335,0.0318745946492211,0.0,0.0
0.2076124567474048,0.4463667820069204,0.0072297337504776,0.03940893439352,0.0,0.0
0.245674740484429,0.4463667820069204,0.007101277258103,0.0467927934708506,0.0,0.0
0.2768166089965398,0.4463667820069204,0.0069140571260716,0.0523622759258351,0.0,0.0
0.2941176470588235,0.4463667820069204,0.006754920539804,0.055160835730282,0.0,0.0
0.328719723183391,0.4463667820069204,0.0063762121181344,0.0600198201656216,0.0,0.0
0.3771626297577855,0.4463667820069204,0.0052649794188044,0.065223409258538,0.0,0.0
0.4186851211072664,0.4463667820069204,0.0036372067744099,0.0685337213902237,0.0,0.0
0.4602076124567474,0.4463667820069204,0.0014521224398574,0.0710574099233152,0.0,0.0
0.4775086505190311,0.4463667820069204,0.0003813036331953,0.0720612065489874,0.0,0.0
0.5674740484429066,0.4463667820069204,-0.0056042553232725,0.0766029706218132,0.0,0.0
0.5778546712802768,0.4463667820069204,-0.0063606867989229,0.0771551596725977,0.0,0.0
0.6228373702422145,0.4463667820069204,-0.0097184353556967,0.0796593576637236,0.0,0.0
0.0,0.4429065743944637,0.0052354840662128,0.0061958489778137,0.0,0.0
0.0692041522491349,0.4429065743944637,0.006667120219503,0.014104709991663,0.0,0.0
0.1003460207612456,0.4429065743944637,0.0071219977391077,0.0189826853359717,0.0,0.0
0.1176470588235294,0.4429065743944637,0.0072665920987494,0.0219582045720579,0.0,0.0
0.1487889273356401,0.4429065743944637,0.0075178927233738,0.0278243983842886,0.0,0.0
0.231833910034602,0.4429065743944637,0.0075050242208844,0.0441926196062232,0.0,0.0
0.3598615916955017,0.4429065743944637,0.0061133332743057,0.0634076013977834,0.0,0.0
0.4048442906574394,0.4429065743944637,0.0045812145382542,0.0672413295611373,0.0,0.0
0.4290657439446367,0.4429065743944637,0.0034431281224279,0.0689386914745651,0.0,0.0
0.5086505190311419,0.4429065743944637,-0.0013063160248017,0.0731863036075008,0.0,0.0
0.532871972318339,0.4429065743944637,-0.00288398730645,0.0743385340234716,0.0,0.0
0.5570934256055363,0.4429065743944637,-0.0045443056349692,0.07541414025774959,0.0,0.0
0.5916955017301038,0.4429065743944637,-0.0071000411715478,0.0772254593618491,0.0,0.0
0.6089965397923875,0.4429065743944637,-0.0083532572334578,0.0781356623929305,0.0,0.0
0.6228373702422145,0.4429065743944637,-0.0094375460328907,0.0789691358292607,0.0,0.0
0.0,0.4394463667820069,0.0053894626879417,0.0062255404332456,0.0,0.0
0.0553633217993079,0.4394463667820069,0.0066583027868932,0.012213863629576,0.0,0.0
0.0795847750865051,0.4394463667820069,0.0070834224685304,0.0156767820768956,0.0,0.0
0.1799307958477508,0.4394463667820069,0.0078764747151225,0.033956589583353,0.0,0.0
0.1903114186851211,0.4394463667820069,0.007944034148274,0.0360777957949339,0.0,0.0
0.2179930795847751,0.4394463667820069,0.007862296299953,0.0415236763052637,0.0,0.0
0.2629757785467128,0.4394463667820069,0.0076076517786049,0.0499940393082796,0.0,0.0
0.3183391003460207,0.4394463667820069,0.0071841948492383,0.0585748897621758,0.0,0.0
0.3425605536332179,0.4394463667820069,0.0068009354079307,0.0614681422859985,0.0,0.0
0.3910034602076124,0.4394463667820069,0.0054539830638593,0.0659527877505443,0.0,0.0
0.4429065743944637,0.4394463667820069,0.0030106247388073,0.0693442002737062,0.0,0.0
0.4878892733564013,0.4394463667820069,0.0002861937026195,0.0716074285163211,0.0,0.0
0.5224913494809689,0.4394463667820069,-0.0019556154370073,0.0733116257802925,0.0,0.0
0.5432525951557093,0.4394463667820069,-0.0033141431263268,0.0742167553282008,0.0,0.0
0.6228373702422145,0.4394463667820069,-0.0091507007094111,0.0782314395043908,0.0,0.0
0.0,0.4359861591695502,0.005551586684027501,0.0062450472963703,0.0,0.0
0.0103806228373702,0.4359861591695502,0.0058112618526454,0.0071612997398271,0.0,0.0
0.0207612456747404,0.4359861591695502,0.0060909452931807,0.0081569709278122,0.0,0.0
0.0311418685121107,0.4359861591695502,0.0063360147452913,0.0092688594684098,0.0,0.0
0.0415224913494809,0.4359861591695502,0.0065509563897164,0.0104860093258649,0.0,0.0
0.1280276816608996,0.4359861591695502,0.0079924661853829,0.023975224578797,0.0,0.0
0.1591695501730103,0.4359861591695502,0.0081930749060213,0.029985686164125402,0.0,0.0
0.1695501730103806,0.4359861591695502,0.0082082113030818,0.031991416189552,0.0,0.0
0.2006920415224913,0.4359861591695502,0.0082426870306124,0.03813044231474,0.0,0.0
0.2802768166089965,0.4359861591695502,0.0078105557058292,0.0529635054699417,0.0,0.0
0.3079584775086505,0.4359861591695502,0.0075909781984771,0.0571435235372674,0.0,0.0
0.370242214532872,0.4359861591695502,0.0064496173245532,0.0640773948624901,0.0,0.0
0.4152249134948096,0.4359861591695502,0.0047376786760406,0.0673484995370182,0.0,0.0
0.4982698961937716,0.4359861591695502,-0.0001296806910347,0.0716901151331088,0.0,0.0
0.5674740484429066,0.4359861591695502,-0.0047594018241555,0.0746996976742385,0.0,0.0
0.5813148788927336,0.4359861591695502,-0.0057661783136584,0.0753780192465857,0.0,0.0
0.6228373702422145,0.4359861591695502,-0.0088614345661754,0.0774622579913366,0.0,0.0
0.0,0.4325259515570934,0.0057167509706485,0.0062819498869045,0.0,0.0
0.0899653979238754,0.4325259515570934,0.0077464814794143,0.0173863918686524,0.0,0.0
0.1141868512110726,0.4325259515570934,0.0081256600966648,0.0214700654091283,0.0,0.0
0.1453287197231834,0.4325259515570934,0.0084018009139806,0.0273167881753841,0.0,0.0
0.2906574394463668,0.4325259515570934,0.0080417627869672,0.0545439085878344,0.0,0.0
0.328719723183391,0.4325259515570934,0.007670992257764,0.0597524262130309,0.0,0.0
0.4532871972318339,0.4325259515570934,0.0029749182973402,0.0691018099829508,0.0,0.0
0.4775086505190311,0.4325259515570934,0.0015464162247639,0.0701488993913624,0.0,0.0
0.5121107266435986,0.4325259515570934,-0.0007839139277347999,0.0717927759210801,0.0,0.0
0.5536332179930796,0.4325259515570934,-0.0035202559089955,0.0734167280009293,0.0,0.0
0.5986159169550173,0.4325259515570934,-0.0068194133107048,0.0754928903449687,0.0,0.0
0.6228373702422145,0.4325259515570934,-0.0085726951043521,0.0767425071856522,0.0,0.0
0.0,0.4290657439446367,0.0058794957229752,0.0062875061350474,0.0,0.0
0.0726643598615917,0.4290657439446367,0.007702125790492,0.0147175623624599,0.0,0.0
0.1833910034602076,0.4290657439446367,0.0088755570905543,0.0347919196046561,0.0,0.0
0.2491349480968858,0.4290657439446367,0.0086693718423859,0.0475305323849345,0.0,0.0
0.3391003460207612,0.4290657439446367,0.0078249819028086,0.060819053476814,0.0,0.0
0.3598615916955017,0.4290657439446367,0.007388110269492,0.0628563592708171,0.0,0.0
0.3806228373702422,0.4290657439446367,0.0067605942992267,0.0645117561431161,0.0,0.0
0.3944636678200692,0.4290657439446367,0.0062529476018802,0.0654832544357824,0.0,0.0
0.4256055363321799,0.4290657439446367,0.004813794935533,0.0673164939609775,0.0,0.0
0.4671280276816609,0.4290657439446367,0.002430381368339,0.0692869512489701,0.0,0.0
0.5259515570934256,0.4290657439446367,-0.0014415842020734,0.0718391901646958,0.0,0.0
0.5397923875432526,0.4290657439446367,-0.0023567751525914,0.0723187842656142,0.0,0.0
0.6228373702422145,0.4290657439446367,-0.0083066259017269,0.0759798167154789,0.0,0.0
0.0,0.4256055363321799,0.0060563525478616,0.006375543328758,0.0,0.0
0.0138408304498269,0.4256055363321799,0.0064831463260562,0.0076317277507674,0.0,0.0
0.0415224913494809,0.4256055363321799,0.0071871825581504,0.0105661256263116,0.0,0.0
0.0588235294117647,0.4256055363321799,0.0076489744523128,0.0128246887746874,0.0,0.0
0.1003460207612456,0.4256055363321799,0.0084950149124918,0.0191760187431549,0.0,0.0
0.1349480968858131,0.4256055363321799,0.0090072033670801,0.0253896456839387,0.0,0.0
0.1626297577854671,0.4256055363321799,0.0091830314445969,0.0307332870862086,0.0,0.0
0.1730103806228373,0.4256055363321799,0.0092310205245069,0.0327674568739084,0.0,0.0
0.1937716262975778,0.4256055363321799,0.0092668845297076,0.0369115394173681,0.0,0.0
0.231833910034602,0.4256055363321799,0.0090992403414017,0.0443009511616167,0.0,0.0
0.259515570934256,0.4256055363321799,0.0089388324349061,0.0494397544145755,0.0,0.0
0.273356401384083,0.4256055363321799,0.0088180503006922,0.051827160902121,0.0,0.0
0.301038062283737,0.4256055363321799,0.0085589207188317,0.0560750759233094,0.0,0.0
0.3494809688581315,0.4256055363321799,0.0079298656107728,0.0617651613097385,0.0,0.0
0.4083044982698962,0.4256055363321799,0.0059395780400547,0.0660635580269139,0.0,0.0
0.4429065743944637,0.4256055363321799,0.0041304265380796,0.0677821433818828,0.0,0.0
0.4913494809688581,0.4256055363321799,0.0010682137675798,0.0698662226183866,0.0,0.0
0.5640138408304498,0.4256055363321799,-0.0037792976270471,0.072662073319709,0.0,0.0
0.5743944636678201,0.4256055363321799,-0.0045016046428422,0.0730786007774466,0.0,0.0
0.6089965397923875,0.4256055363321799,-0.0071258423527869,0.074574574171326,0.0,0.0
0.6228373702422145,0.4256055363321799,-0.0080796366000703,0.0753477310034923,0.0,0.0
0.0,0.4221453287197231,0.0062178894894189,0.006395459533802,0.0,0.0
0.0311418685121107,0.4221453287197231,0.0071442025448946,0.0094064125318535,0.0,0.0
0.1245674740484429,0.4221453287197231,0.0091862174817447,0.0234916647003111,0.0,0.0
0.1487889273356401,0.4221453287197231,0.0094059586478933,0.0280726954553444,0.0,0.0
0.2179930795847751,0.4221453287197231,0.0095288788416767,0.0417119686973552,0.0,0.0
0.3252595155709342,0.4221453287197231,0.00865374762042,0.0592013482159445,0.0,0.0
0.370242214532872,0.4221453287197231,0.0077398597145663,0.0634000779557444,0.0,0.0
0.5017301038062284,0.4221453287197231,0.0006454353013212,0.0697397899636556,0.0,0.0
0.5882352941176471,0.4221453287197231,-0.005287620044624,0.0730473811353828,0.0,0.0
0.6228373702422145,0.4221453287197231,-0.0078169442798692,0.0746033137203941,0.0,0.0
0.0,0.4186851211072664,0.0063998698768136,0.0064501440642418,0.0,0.0
0.0899653979238754,0.4186851211072664,0.0088546939517971,0.0175672184166904,0.0,0.0
0.1141868512110726,0.4186851211072664,0.0093374962982361,0.021656562323274904,0.0,0.0
0.2041522491349481,0.4186851211072664,0.0099376641528992,0.0390463127490616,0.0,0.0
0.314878892733564,0.4186851211072664,0.0090473733326509,0.05795375006820571,0.0,0.0
0.4532871972318339,0.4186851211072664,0.0040150109592201,0.0674205465842573,0.0,0.0
0.5155709342560554,0.4186851211072664,-5.3182675285426406e-05,0.0697825494356654,0.0,0.0
0.5536332179930796,0.4186851211072664,-0.0026402800558015,0.0710499096306973,0.0,0.0
0.6228373702422145,0.4186851211072664,-0.0076044872721866,0.0739457763566812,0.0,0.0
0.0,0.4152249134948096,0.0065551484544583,0.006492637364585,0.0,0.0
0.0173010380622837,0.4152249134948096,0.0071368895590548,0.0080654672176282,0.0,0.0
0.0449826989619377,0.4152249134948096,0.0079332377366699,0.0111131801435966,0.0,0.0
0.0761245674740484,0.4152249134948096,0.0088188506073659,0.0154156205230847,0.0,0.0
0.1384083044982699,0.4152249134948096,0.0099988965373864,0.026241365113479596,0.0,0.0
0.1626297577854671,0.4152249134948096,0.0102145632492868,0.0308943661582527,0.0,0.0
0.1730103806228373,0.4152249134948096,0.0102944317177119,0.0329431646208095,0.0,0.0
0.2422145328719723,0.4152249134948096,0.0100529383503504,0.0463515270339808,0.0,0.0
0.2560553633217993,0.4152249134948096,0.0099953474878447,0.0488800525547783,0.0,0.0
0.2664359861591695,0.4152249134948096,0.0098595613164235,0.0507038622131885,0.0,0.0
0.2837370242214533,0.4152249134948096,0.0097040039341256,0.0535491681463917,0.0,0.0
0.3425605536332179,0.4152249134948096,0.0089791066739731,0.0608866900229981,0.0,0.0
0.3910034602076124,0.4152249134948096,0.0075432922218013,0.0643036765817572,0.0,0.0
0.4048442906574394,0.4152249134948096,0.0069410529531058,0.0650461172607027,0.0,0.0
0.4359861591695502,0.4152249134948096,0.0052898667760362,0.0663358328161178,0.0,0.0
0.4775086505190311,0.4152249134948096,0.0027273190398051,0.067875752111789,0.0,0.0
0.5294117647058824,0.4152249134948096,-0.0007524403069015,0.06968876723327,0.0,0.0
0.5432525951557093,0.4152249134948096,-0.0017099089034731,0.0701068054618773,0.0,0.0
0.5674740484429066,0.4152249134948096,-0.0033790936023746,0.0709158919191739,0.0,0.0
0.6020761245674741,0.4152249134948096,-0.0059000033889049,0.072276407871365,0.0,0.0
0.6124567474048442,0.4152249134948096,-0.006714830547434001,0.0726300133821407,0.0,0.0
0.6228373702422145,0.4152249134948096,-0.007426481563372,0.0731910273565951,0.0,0.0
0.0,0.4117647058823529,0.0067224360603617,0.006521535502492601,0.0,0.0
0.0622837370242214,0.4117647058823529,0.0086925370543052,0.0134304089816591,0.0,0.0
0.1003460207612456,0.4117647058823529,0.0096967754276849,0.0193696524920253,0.0,0.0
0.1903114186851211,0.4117647058823529,0.0106926615435309,0.0364087586850447,0.0,0.0
0.2145328719723183,0.4117647058823529,0.0105920000296217,0.0411489781770693,0.0,0.0
0.2975778546712803,0.4117647058823529,0.0098313015772694,0.0556200232688761,0.0,0.0
0.3321799307958477,0.4117647058823529,0.0094560772572419,0.0598101459160451,0.0,0.0
0.3529411764705882,0.4117647058823529,0.0090396982742991,0.0616692635058826,0.0,0.0
0.3806228373702422,0.4117647058823529,0.0082293809452153,0.0635076616259132,0.0,0.0
0.4186851211072664,0.4117647058823529,0.006490693167903,0.0653688755452932,0.0,0.0
0.4636678200692041,0.4117647058823529,0.0038482184180526,0.0669474068052096,0.0,0.0
0.4878892733564013,0.4117647058823529,0.0022246228683246,0.0677583178479218,0.0,0.0
0.6228373702422145,0.4117647058823529,-0.0072466547049,0.0725047219661938,0.0,0.0
0.0,0.4083044982698962,0.006861846448612399,0.0065414147559206,0.0,0.0
0.1245674740484429,0.4083044982698962,0.0104498681690977,0.023698224838139,0.0,0.0
0.1522491349480969,0.4083044982698962,0.0108783360717798,0.0289703555550421,0.0,0.0
0.2006920415224913,0.4083044982698962,0.0110456020431412,0.0384815257780783,0.0,0.0
0.2249134948096885,0.4083044982698962,0.0109535591099764,0.043174901989541,0.0,0.0
0.5051903114186851,0.4083044982698962,0.0013072540392756,0.0677993908482995,0.0,0.0
0.5847750865051903,0.4083044982698962,-0.0041028937646829,0.0701455346952602,0.0,0.0
0.6228373702422145,0.4083044982698962,-0.0070489289210071,0.0718692705609642,0.0,0.0
0.0,0.4048442906574394,0.006994545395369,0.0065898152959693,0.0,0.0
0.0311418685121107,0.4048442906574394,0.0081233126703036,0.0096028636312376,0.0,0.0
0.2560553633217993,0.4048442906574394,0.0110118661271846,0.0489542769083314,0.0,0.0
0.2698961937716263,0.4048442906574394,0.0107791848292612,0.0513596050542762,0.0,0.0
0.2802768166089965,0.4048442906574394,0.0106782816081529,0.05306561419113,0.0,0.0
0.370242214532872,0.4048442906574394,0.0091819800483248,0.0626085238591717,0.0,0.0
0.4429065743944637,0.4048442906574394,0.0055774478997034,0.065434662459372,0.0,0.0
0.532871972318339,0.4048442906574394,-0.0004119602976906,0.068089473809567,0.0,0.0
0.5536332179930796,0.4048442906574394,-0.0018304480824142,0.0686397414720595,0.0,0.0
0.5743944636678201,0.4048442906574394,-0.0032240928825301,0.0692169864031348,0.0,0.0
0.5951557093425606,0.4048442906574394,-0.004725903414452,0.0698499672853342,0.0,0.0
0.6089965397923875,0.4048442906574394,-0.0058424564535193,0.07035807363411,0.0,0.0
0.6228373702422145,0.4048442906574394,-0.0068719778272815,0.0710297557883702,0.0,0.0
0.0,0.4013840830449827,0.0071372137365874,0.0066332968947015,0.0,0.0
0.0415224913494809,0.4013840830449827,0.0087025712071906,0.0108646291577153,0.0,0.0
0.0553633217993079,0.4013840830449827,0.0091778511763332,0.0126117088485656,0.0,0.0
0.0865051903114186,0.4013840830449827,0.0102156935181955,0.0171774113556846,0.0,0.0
0.0968858131487889,0.4013840830449827,0.01053175601618,0.018922850220712,0.0,0.0
0.1107266435986159,0.4013840830449827,0.0107951944187974,0.0213030064385959,0.0,0.0
0.1384083044982699,0.4013840830449827,0.0114124693727611,0.026372744515444,0.0,0.0
0.1626297577854671,0.4013840830449827,0.0116954286212883,0.0311438923570599,0.0,0.0
0.1764705882352941,0.4013840830449827,0.0118273278454324,0.0338644957629419,0.0,0.0
0.2110726643598615,0.4013840830449827,0.0117515435052313,0.0406303344143557,0.0,0.0
0.245674740484429,0.4013840830449827,0.0114883607448964,0.0471285956497776,0.0,0.0
0.314878892733564,0.4013840830449827,0.0105714196635474,0.0578758170862565,0.0,0.0
0.328719723183391,0.4013840830449827,0.0103553557147798,0.0593468682171536,0.0,0.0
0.3910034602076124,0.4013840830449827,0.008633838774497,0.0633667029171814,0.0,0.0
0.4048442906574394,0.4013840830449827,0.0080089999039774,0.0638380349635078,0.0,0.0
0.4532871972318339,0.4013840830449827,0.0051496826666191,0.0653245818086787,0.0,0.0
0.4636678200692041,0.4013840830449827,0.0044525104024936,0.0656144818375408,0.0,0.0
0.4913494809688581,0.4013840830449827,0.0025904507067185,0.0663172719691061,0.0,0.0
0.5190311418685121,0.4013840830449827,0.0007017453777005,0.0671392594021913,0.0,0.0
0.5432525951557093,0.4013840830449827,-0.0009369709533624,0.0677658859804421,0.0,0.0
0.5640138408304498,0.4013840830449827,-0.0023513448670778,0.0682911976070937,0.0,0.0
0.6228373702422145,0.4013840830449827,-0.0066873148454916,0.0702305283786009,0.0,0.0
0.0,0.3979238754325259,0.0072797982870124,0.0066493986779837,0.0,0.0
0.0173010380622837,0.3979238754325259,0.0079733100128238,0.0082398253778983,0.0,0.0
0.0726643598615917,0.3979238754325259,0.0100255227482572,0.0151055537779788,0.0,0.0
0.1903114186851211,0.3979238754325259,0.0122471062676216,0.0366446316076899,0.0,0.0
0.2214532871972318,0.3979238754325259,0.0121024038993139,0.0426856281758854,0.0,0.0
0.231833910034602,0.3979238754325259,0.0119971309605434,0.0445861646613967,0.0,0.0
0.301038062283737,0.3979238754325259,0.0110522536974831,0.0561750749194505,0.0,0.0
0.3391003460207612,0.3979238754325259,0.0104954998751525,0.06025963085092979,0.0,0.0
0.356401384083045,0.3979238754325259,0.0101116914375241,0.06149434425987639,0.0,0.0
0.4186851211072664,0.3979238754325259,0.0074698101533704,0.063911258325112,0.0,0.0
0.4325259515570934,0.3979238754325259,0.0065910511329179,0.0643511316742238,0.0,0.0
0.4740484429065744,0.3979238754325259,0.003962923270127,0.0654026349885768,0.0,0.0
0.5017301038062284,0.3979238754325259,0.0020588887140042,0.0660969146605136,0.0,0.0
0.6228373702422145,0.3979238754325259,-0.0065225144160307,0.0694506647162992,0.0,0.0
0.0,0.3944636678200692,0.007401119494512501,0.0067038006064596,0.0,0.0
0.0276816608996539,0.3944636678200692,0.0085367538738305,0.0093365860896417,0.0,0.0
0.28719723183391,0.3944636678200692,0.011577943253349,0.0541584245377028,0.0,0.0
0.3806228373702422,0.3944636678200692,0.0095678546771392,0.0625169174151731,0.0,0.0
0.5294117647058824,0.3944636678200692,0.0003620105570586,0.0662155304769048,0.0,0.0
0.5536332179930796,0.3944636678200692,-0.0013120205925517,0.0667967503060892,0.0,0.0
0.5882352941176471,0.3944636678200692,-0.0037034135973967,0.0675519739528578,0.0,0.0
0.6020761245674741,0.3944636678200692,-0.0047438778737649,0.0679657539508124,0.0,0.0
0.6124567474048442,0.3944636678200692,-0.0054950154239278,0.0682927919418014,0.0,0.0
0.6228373702422145,0.3944636678200692,-0.0063059189420956,0.0686690754914172,0.0,0.0
0.0,0.3910034602076124,0.0075431651486511,0.0067268196121113,0.0,0.0
0.0380622837370242,0.3910034602076124,0.0091584431387737,0.0105858406214803,0.0,0.0
0.0519031141868512,0.3910034602076124,0.0097226606522876,0.0122707936366512,0.0,0.0
0.0968858131487889,0.3910034602076124,0.0114318820586596,0.019053948027615,0.0,0.0
0.1245674740484429,0.3910034602076124,0.0122283992791878,0.023977378987668,0.0,0.0
0.1557093425605536,0.3910034602076124,0.012840981862569,0.0299356799923138,0.0,0.0
0.1695501730103806,0.3910034602076124,0.0129772623822762,0.0326644536062943,0.0,0.0
0.2006920415224913,0.3910034602076124,0.0130115854431768,0.0387774222929042,0.0,0.0
0.2422145328719723,0.3910034602076124,0.0126593408702974,0.0466100339251622,0.0,0.0
0.259515570934256,0.3910034602076124,0.0123782416402862,0.0497293853309445,0.0,0.0
0.4048442906574394,0.3910034602076124,0.0086464179168217,0.0629264632544553,0.0,0.0
0.4429065743944637,0.3910034602076124,0.0063447979109607,0.063765802237841,0.0,0.0
0.4602076124567474,0.3910034602076124,0.005223670710489,0.0641633127697643,0.0,0.0
0.5778546712802768,0.3910034602076124,-0.0028492702328545,0.0666932559468827,0.0,0.0
0.6228373702422145,0.3910034602076124,-0.006127513203414399,0.0679907846694636,0.0,0.0
0.0,0.3875432525951557,0.0076735808890009,0.0067859456110992,0.0,0.0
0.0138408304498269,0.3875432525951557,0.0082131429478441,0.0080184928020165,0.0,0.0
0.0622837370242214,0.3875432525951557,0.0104123924339786,0.0137174957486934,0.0,0.0
0.1107266435986159,0.3875432525951557,0.0122223156466564,0.0215345068945046,0.0,0.0
0.2214532871972318,0.3875432525951557,0.0133146964236063,0.0427831008514579,0.0,0.0
0.273356401384083,0.3875432525951557,0.0124788633482226,0.0520676291587929,0.0,0.0
0.3217993079584775,0.3875432525951557,0.0116408466770749,0.0586058738045373,0.0,0.0
0.3667820069204152,0.3875432525951557,0.0105657023894309,0.0616290626018082,0.0,0.0
0.3944636678200692,0.3875432525951557,0.009367555769881,0.0624480690765126,0.0,0.0
0.4325259515570934,0.3875432525951557,0.007203160204741499,0.0631042108054355,0.0,0.0
0.4982698961937716,0.3875432525951557,0.0027988436832233,0.064467987967553,0.0,0.0
0.5121107266435986,0.3875432525951557,0.0018438886734602,0.0646908259793469,0.0,0.0
0.5397923875432526,0.3875432525951557,-4.04880943021884e-05,0.0653265406458373,0.0,0.0
0.5674740484429066,0.3875432525951557,-0.0019999154769489,0.065906418086778,0.0,0.0
0.6228373702422145,0.3875432525951557,-0.0059562152089629,0.0672054390310076,0.0,0.0
0.0,0.3840830449826989,0.0077915702993231,0.0068225894731938,0.0,0.0
0.0795847750865051,0.3840830449826989,0.0113760618698248,0.0163305839453229,0.0,0.0
0.1384083044982699,0.3840830449826989,0.013345741595003,0.0267513525031783,0.0,0.0
0.1833910034602076,0.3840830449826989,0.0139372702112387,0.0354969527867754,0.0,0.0
0.2110726643598615,0.3840830449826989,0.0138418742335726,0.0408555671611241,0.0,0.0
0.3044982698961938,0.3840830449826989,0.0122149535739877,0.0566876897854238,0.0,0.0
0.4221453287197231,0.3840830449826989,0.0080321392819962,0.0625201153966769,0.0,0.0
0.4844290657439446,0.3840830449826989,0.0039145484625786,0.0636544900395962,0.0,0.0
0.5259515570934256,0.3840830449826989,0.0010562037131958,0.0644290508018501,0.0,0.0
0.5570934256055363,0.3840830449826989,-0.0011133168594941,0.0651064976437052,0.0,0.0
0.6228373702422145,0.3840830449826989,-0.0057939749620623,0.0664881118368275,0.0,0.0
0.0,0.3806228373702422,0.007911827644858,0.0068544950215291,0.0,0.0
0.0242214532871972,0.3806228373702422,0.0090282141551289,0.0091432721426909,0.0,0.0
0.0346020761245674,0.3806228373702422,0.0095557710458075,0.0102977022053481,0.0,0.0
0.0899653979238754,0.3806228373702422,0.0121222614886235,0.0180573895188109,0.0,0.0
0.2387543252595155,0.3806228373702422,0.0139201591924549,0.0460759930499774,0.0,0.0
0.28719723183391,0.3806228373702422,0.012868815140709802,0.0542804293782648,0.0,0.0
0.3356401384083045,0.3806228373702422,0.0119193190519302,0.0597981265942795,0.0,0.0
0.3529411764705882,0.3806228373702422,0.0114971296420942,0.0607616894924223,0.0,0.0
0.4083044982698962,0.3806228373702422,0.0089908404174155,0.0620141432089074,0.0,0.0
0.4463667820069204,0.3806228373702422,0.0066004343733374,0.0625607022791492,0.0,0.0
0.4705882352941176,0.3806228373702422,0.0049914755015437,0.0629022185911791,0.0,0.0
0.5778546712802768,0.3806228373702422,-0.0024215257025826,0.06483560289298,0.0,0.0
0.6055363321799307,0.3806228373702422,-0.0043166929738486,0.065287987623178,0.0,0.0
0.6228373702422145,0.3806228373702422,-0.0056403269865779,0.0657182441474584,0.0,0.0
0.0,0.3771626297577855,0.0080217895819355,0.0068898995362192,0.0,0.0
0.0484429065743944,0.3771626297577855,0.0104019027870006,0.0119773822673688,0.0,0.0
0.0588235294117647,0.3771626297577855,0.0109585526814527,0.0133917048336261,0.0,0.0
0.1038062283737024,0.3771626297577855,0.0130578887321612,0.0204877864738731,0.0,0.0
0.1141868512110726,0.3771626297577855,0.0133968470103503,0.0223366784105967,0.0,0.0
0.1280276816608996,0.3771626297577855,0.0138989726127629,0.0249382477974577,0.0,0.0
0.1660899653979238,0.3771626297577855,0.0146668904296287,0.0322610112227161,0.0,0.0
0.2006920415224913,0.3771626297577855,0.0148085190289817,0.0389682367004513,0.0,0.0
0.2249134948096885,0.3771626297577855,0.0146250884600831,0.0435605921879731,0.0,0.0
0.2525951557093425,0.3771626297577855,0.0140917019171961,0.0485803446100993,0.0,0.0
0.314878892733564,0.3771626297577855,0.0126216425014826,0.0579169086127885,0.0,0.0
0.3840830449826989,0.3771626297577855,0.0104623559788664,0.0614618551856596,0.0,0.0
0.4948096885813148,0.3771626297577855,0.0034386158109838,0.062806201588989,0.0,0.0
0.5882352941176471,0.3771626297577855,-0.0029779473830707,0.0643459676582119,0.0,0.0
0.6228373702422145,0.3771626297577855,-0.0054790258539895,0.0650560513955577,0.0,0.0
0.0,0.3737024221453287,0.0081182555671338,0.0069320688833209,0.0,0.0
0.0138408304498269,0.3737024221453287,0.0087558225708457,0.0081793907601902,0.0,0.0
0.0692041522491349,0.3737024221453287,0.011727884296551,0.0149445106383733,0.0,0.0
0.1384083044982699,0.3737024221453287,0.0146157033556233,0.026984534341147903,0.0,0.0
0.1522491349480969,0.3737024221453287,0.0149472259699148,0.0296504319227247,0.0,0.0
0.1764705882352941,0.3737024221453287,0.0152556997400597,0.0343536375708274,0.0,0.0
0.2698961937716263,0.3737024221453287,0.0140852470511473,0.0515311114338605,0.0,0.0
0.301038062283737,0.3737024221453287,0.0131992108625781,0.0562785600301291,0.0,0.0
0.3667820069204152,0.3737024221453287,0.0114527387620122,0.0609557078682331,0.0,0.0
0.4325259515570934,0.3737024221453287,0.0077992624088221,0.06152723640958,0.0,0.0
0.4602076124567474,0.3737024221453287,0.0059240423943338,0.0618310219620973,0.0,0.0
0.6228373702422145,0.3737024221453287,-0.0053179361861081,0.0643104633458806,0.0,0.0
0.0,0.370242214532872,0.0081943856101159,0.0069697698406923,0.0,0.0
0.0346020761245674,0.370242214532872,0.0100499644714681,0.0104458891204261,0.0,0.0
0.0830449826989619,0.370242214532872,0.0126920622477701,0.0171480985469228,0.0,0.0
0.2145328719723183,0.370242214532872,0.0156588965571153,0.0416887374106294,0.0,0.0
0.2802768166089965,0.370242214532872,0.014107496897283698,0.0532504811075258,0.0,0.0
0.328719723183391,0.370242214532872,0.0128476061435972,0.0592022220897718,0.0,0.0
0.3425605536332179,0.370242214532872,0.0124799378030163,0.0600682225008475,0.0,0.0
0.3979238754325259,0.370242214532872,0.0100477375923206,0.0610295642829517,0.0,0.0
0.4775086505190311,0.370242214532872,0.0048224852706955,0.0615645517864975,0.0,0.0
0.5121107266435986,0.370242214532872,0.0024982068610607,0.06197313646903531,0.0,0.0
0.5397923875432526,0.370242214532872,0.0005836322928801,0.062384107209615,0.0,0.0
0.5536332179930796,0.370242214532872,-0.0003939726445882,0.0626570581592862,0.0,0.0
0.5709342560553633,0.370242214532872,-0.0015995611235501,0.0629173484634381,0.0,0.0
0.6124567474048442,0.370242214532872,-0.0044951406441306,0.0634057443296179,0.0,0.0
0.6228373702422145,0.370242214532872,-0.0051814204782763,0.0636252987642116,0.0,0.0
0.0,0.3667820069204152,0.0082678933738514,0.0069973656491926,0.0,0.0
0.0449826989619377,0.3667820069204152,0.0107485709974189,0.0117059418638267,0.0,0.0
0.0553633217993079,0.3667820069204152,0.0113500844575277,0.0130689168033269,0.0,0.0
0.0968858131487889,0.3667820069204152,0.013783544972266101,0.0195450182448394,0.0,0.0
0.1072664359861591,0.3667820069204152,0.0143044279902834,0.021333440672736,0.0,0.0
0.1211072664359861,0.3667820069204152,0.0149150718614402,0.0238562865582037,0.0,0.0
0.1903114186851211,0.3667820069204152,0.0163380557678928,0.0371615506329791,0.0,0.0
0.2906574394463668,0.3667820069204152,0.0141643200993032,0.0548335134211638,0.0,0.0
0.3183391003460207,0.3667820069204152,0.0133239076123255,0.0582953284482896,0.0,0.0
0.356401384083045,0.3667820069204152,0.0122251114592209,0.0604831954206351,0.0,0.0
0.4152249134948096,0.3667820069204152,0.0091480034255933,0.0607230669493463,0.0,0.0
0.4498269896193771,0.3667820069204152,0.0068506959813791,0.0608068982450342,0.0,0.0
0.4913494809688581,0.3667820069204152,0.0040210068922651,0.0612254090801868,0.0,0.0
0.5259515570934256,0.3667820069204152,0.0016708519287455,0.0616016143832775,0.0,0.0
0.6228373702422145,0.3667820069204152,-0.005032650501403101,0.0629487680964623,0.0,0.0
0.0,0.3633217993079585,0.0083637556965626,0.0070726150916148,0.0,0.0
0.0173010380622837,0.3633217993079585,0.0093447233303327,0.0086442977067438,0.0,0.0
0.1418685121107266,0.3633217993079585,0.0160977803887758,0.0279030177411808,0.0,0.0
0.231833910034602,0.3633217993079585,0.0164163658632261,0.044979328806979,0.0,0.0
0.2491349480968858,0.3633217993079585,0.0159700298788485,0.0480607913961891,0.0,0.0
0.3667820069204152,0.3633217993079585,0.0119756625656767,0.0604718261653791,0.0,0.0
0.3806228373702422,0.3633217993079585,0.0112571955794851,0.060505713217915,0.0,0.0
0.4671280276816609,0.3633217993079585,0.0057324981312875,0.0604437311657717,0.0,0.0
0.5017301038062284,0.3633217993079585,0.0034172613841758,0.0607981770068074,0.0,0.0
0.5847750865051903,0.3633217993079585,-0.0023070827216749,0.0617964590848587,0.0,0.0
0.6020761245674741,0.3633217993079585,-0.0034293727112229,0.0619510386284276,0.0,0.0
0.6228373702422145,0.3633217993079585,-0.0048764339550285,0.0622879954487945,0.0,0.0
0.0,0.3598615916955017,0.0084287482910175,0.0070986327096136,0.0,0.0
0.0657439446366782,0.3598615916955017,0.0124314634628398,0.0146654086340067,0.0,0.0
0.1591695501730103,0.3598615916955017,0.0170918587532608,0.0313959564976941,0.0,0.0
0.1764705882352941,0.3598615916955017,0.0173271512626566,0.0346727050320834,0.0,0.0
0.2041522491349481,0.3598615916955017,0.0173191095851105,0.0399417337266833,0.0,0.0
0.2629757785467128,0.3598615916955017,0.0160422170307325,0.0504732676864456,0.0,0.0
0.2768166089965398,0.3598615916955017,0.015503144441647899,0.05271259897561,0.0,0.0
0.3044982698961938,0.3598615916955017,0.014353538348291,0.0568139015791558,0.0,0.0
0.3910034602076124,0.3598615916955017,0.010805500991030299,0.0601567564363096,0.0,0.0
0.4048442906574394,0.3598615916955017,0.0100032616854464,0.0600896078898735,0.0,0.0
0.4359861591695502,0.3598615916955017,0.007981590927262,0.0599031994350055,0.0,0.0
0.4775086505190311,0.3598615916955017,0.0051455350859491,0.06001850927581549,0.0,0.0
0.6228373702422145,0.3598615916955017,-0.0047241548378322,0.0616547290564284,0.0,0.0
0.0,0.356401384083045,0.0085574946655119,0.0071658673462961,0.0,0.0
0.0484429065743944,0.356401384083045,0.0114654419747019,0.012322400237223998,0.0,0.0
0.0830449826989619,0.356401384083045,0.0139194821251375,0.017535991319435,0.0,0.0
0.1072664359861591,0.356401384083045,0.0155392576478915,0.0217168474360876,0.0,0.0
0.1176470588235294,0.356401384083045,0.0161086961465654,0.0236066230859108,0.0,0.0
0.1280276816608996,0.356401384083045,0.0166099997410753,0.0255505178291402,0.0,0.0
0.1868512110726643,0.356401384083045,0.0179218376374296,0.0367385013655803,0.0,0.0
0.2179930795847751,0.356401384083045,0.0177027412110269,0.0425439926497158,0.0,0.0
0.28719723183391,0.356401384083045,0.0154575870888016,0.0543052762212513,0.0,0.0
0.314878892733564,0.356401384083045,0.0142615557718106,0.0580019937778088,0.0,0.0
0.3321799307958477,0.356401384083045,0.013588953788141,0.0593678804688094,0.0,0.0
0.3494809688581315,0.356401384083045,0.0129725636539464,0.0600213866289863,0.0,0.0
0.4221453287197231,0.356401384083045,0.0089782913589006,0.0595960572416315,0.0,0.0
0.4567474048442906,0.356401384083045,0.0065843889920194,0.0594968482229674,0.0,0.0
0.5155709342560554,0.356401384083045,0.0026359542792369,0.0598471631519505,0.0,0.0
0.5432525951557093,0.356401384083045,0.0007057497869252,0.0601393068115693,0.0,0.0
0.5570934256055363,0.356401384083045,-0.0002685110587295,0.0603601308769982,0.0,0.0
0.5709342560553633,0.356401384083045,-0.0012076858853467,0.0604819629880315,0.0,0.0
0.6228373702422145,0.356401384083045,-0.0045957092566969,0.0610117560190825,0.0,0.0
0.0,0.3529411764705882,0.0085650150204855,0.0072094041432263,0.0,0.0
0.0138408304498269,0.3529411764705882,0.0093907629925177,0.0084461185296597,0.0,0.0
0.0311418685121107,0.3529411764705882,0.0104787207598226,0.0102934078491515,0.0,0.0
0.0934256055363321,0.3529411764705882,0.0150229650400585,0.0193845851447313,0.0,0.0
0.1384083044982699,0.3529411764705882,0.0175271124537606,0.0276279838546741,0.0,0.0
0.1487889273356401,0.3529411764705882,0.0178817518805204,0.0296191303064159,0.0,0.0
0.2283737024221453,0.3529411764705882,0.0180460546063813,0.0444610873984095,0.0,0.0
0.2387543252595155,0.3529411764705882,0.0178252626426685,0.0463410365228539,0.0,0.0
0.2491349480968858,0.3529411764705882,0.0175503549530182,0.0480804176596408,0.0,0.0
0.3667820069204152,0.3529411764705882,0.0123486954013192,0.0599486051321424,0.0,0.0
0.3771626297577855,0.3529411764705882,0.0117989643760152,0.059829234961159,0.0,0.0
0.4463667820069204,0.3529411764705882,0.0073914045138583,0.0589867296394925,0.0,0.0
0.4913494809688581,0.3529411764705882,0.0043319614098085,0.0591715065638875,0.0,0.0
0.5294117647058824,0.3529411764705882,0.0017127214780921,0.0594386673998626,0.0,0.0
0.5916955017301038,0.3529411764705882,-0.0024674014058429,0.0600907384903132,0.0,0.0
0.6089965397923875,0.3529411764705882,-0.0035719265886814,0.0602273216327775,0.0,0.0
0.6228373702422145,0.3529411764705882,-0.0044767027722393,0.0604000577154813,0.0,0.0
0.0,0.3494809688581315,0.0086099447214944,0.0072534471982233,0.0,0.0
0.0726643598615917,0.3494809688581315,0.013647064219459,0.0160351667001287,0.0,0.0
0.3979238754325259,0.3494809688581315,0.0106564724745315,0.0591574858972898,0.0,0.0
0.4809688581314879,0.3494809688581315,0.005094242165787,0.058641466036802,0.0,0.0
0.5051903114186851,0.3494809688581315,0.0034636092808423,0.0587150030106756,0.0,0.0
0.6228373702422145,0.3494809688581315,-0.0043515052072995,0.0597600970613031,0.0,0.0
0.6262975778546713,0.3494809688581315,-0.0045829995617733,0.0598731131961346,0.0,0.0
0.0,0.3460207612456747,0.0086508199916046,0.0072923571449165,0.0,0.0
0.0588235294117647,0.3460207612456747,0.0126732935879203,0.0139880223076739,0.0,0.0
0.3425605536332179,0.3460207612456747,0.0135205789668418,0.0596920338867145,0.0,0.0
0.4152249134948096,0.3460207612456747,0.0095329224126038,0.05855151288489589,0.0,0.0
0.4325259515570934,0.3460207612456747,0.0084041336896969,0.058233703346617996,0.0,0.0
0.4671280276816609,0.3460207612456747,0.0060312729536541,0.0581222625909377,0.0,0.0
0.5813148788927336,0.3460207612456747,-0.0016414929967046,0.058827100514616,0.0,0.0
0.6262975778546713,0.3460207612456747,-0.0044317163747757,0.05928481987820809,0.0,0.0
0.0,0.3425605536332179,0.0086831234797525,0.0073245290828651,0.0,0.0
0.0173010380622837,0.3425605536332179,0.0097664766609999,0.0088998584283327,0.0,0.0
0.0415224913494809,0.3425605536332179,0.0114685307514668,0.011675384078267,0.0,0.0
0.1038062283737024,0.3425605536332179,0.0168860959864084,0.0216851825867783,0.0,0.0
0.1072664359861591,0.3425605536332179,0.0171353224111844,0.0223014258816861,0.0,0.0
0.1107266435986159,0.3425605536332179,0.0173941954543386,0.0229367883933318,0.0,0.0
0.1141868512110726,0.3425605536332179,0.017608673441959,0.023547824947742,0.0,0.0
0.1176470588235294,0.3425605536332179,0.0178884173214003,0.0241930170300364,0.0,0.0
0.1211072664359861,0.3425605536332179,0.0181504855634211,0.0248445482284226,0.0,0.0
0.1245674740484429,0.3425605536332179,0.018377938229601,0.0254751022545687,0.0,0.0
0.1280276816608996,0.3425605536332179,0.0185993446706231,0.0261222358498539,0.0,0.0
0.1314878892733564,0.3425605536332179,0.0188407580325195,0.026768666783119698,0.0,0.0
0.1349480968858131,0.3425605536332179,0.0188444722208038,0.0273948265884346,0.0,0.0
0.1384083044982699,0.3425605536332179,0.0190084851019657,0.0280755990383786,0.0,0.0
0.1418685121107266,0.3425605536332179,0.0190622020197932,0.0287148823310598,0.0,0.0
0.1453287197231834,0.3425605536332179,0.019214658161546,0.0293393464052183,0.0,0.0
0.1487889273356401,0.3425605536332179,0.0193658900572549,0.0299895471837652,0.0,0.0
0.1522491349480969,0.3425605536332179,0.0194769037085463,0.0306303447541938,0.0,0.0
0.1557093425605536,0.3425605536332179,0.0195658508238859,0.0312635537981666,0.0,0.0
0.1591695501730103,0.3425605536332179,0.0198459052920019,0.0319824265179232,0.0,0.0
0.1626297577854671,0.3425605536332179,0.0198971128402295,0.0326192987758533,0.0,0.0
0.1660899653979238,0.3425605536332179,0.0199749140182538,0.0332426766166627,0.0,0.0
0.1695501730103806,0.3425605536332179,0.0200696908346261,0.033916820901287,0.0,0.0
0.1730103806228373,0.3425605536332179,0.0200725961363087,0.0345586312882359,0.0,0.0
0.1764705882352941,0.3425605536332179,0.0201209093797755,0.0352258439544928,0.0,0.0
0.1799307958477508,0.3425605536332179,0.0201586805055136,0.0358732363545023,0.0,0.0
0.1833910034602076,0.3425605536332179,0.0202287991141917,0.0364894789583753,0.0,0.0
0.1868512110726643,0.3425605536332179,0.0202236723211591,0.0371199704370693,0.0,0.0
0.1903114186851211,0.3425605536332179,0.0202470302946834,0.0377441835618797,0.0,0.0
0.1937716262975778,0.3425605536332179,0.020214211933413,0.0384071895486574,0.0,0.0
0.1972318339100346,0.3425605536332179,0.0202202760401322,0.0390679796461701,0.0,0.0
0.2006920415224913,0.3425605536332179,0.0201713398867264,0.0397070654948968,0.0,0.0
0.2041522491349481,0.3425605536332179,0.0201640811888738,0.0403005730994431,0.0,0.0
0.2076124567474048,0.3425605536332179,0.0201564353496462,0.0409489378221631,0.0,0.0
0.2110726643598615,0.3425605536332179,0.0201031902467007,0.0415760671103199,0.0,0.0
0.2145328719723183,0.3425605536332179,0.0200889236122333,0.0422014450315804,0.0,0.0
0.2179930795847751,0.3425605536332179,0.0199928512591637,0.0428036724779748,0.0,0.0
0.2214532871972318,0.3425605536332179,0.0199708603117968,0.0434263736953394,0.0,0.0
0.2249134948096885,0.3425605536332179,0.0198945921755114,0.0440425101121515,0.0,0.0
0.2283737024221453,0.3425605536332179,0.0197783781827385,0.0446595288106612,0.0,0.0
0.231833910034602,0.3425605536332179,0.0196986201829018,0.0452737176416224,0.0,0.0
0.2352941176470588,0.3425605536332179,0.0196448768749574,0.0458768982064703,0.0,0.0
0.2387543252595155,0.3425605536332179,0.0195296507059396,0.0464579701615501,0.0,0.0
0.2422145328719723,0.3425605536332179,0.0194397067186032,0.0470421709857541,0.0,0.0
0.245674740484429,0.3425605536332179,0.0193379546842327,0.0476206734179818,0.0,0.0
0.2491349480968858,0.3425605536332179,0.0191464798891802,0.0481819387259346,0.0,0.0
0.2525951557093425,0.3425605536332179,0.0190692671732284,0.0487888222324954,0.0,0.0
0.2560553633217993,0.3425605536332179,0.0189183669903971,0.0493634540503334,0.0,0.0
0.259515570934256,0.3425605536332179,0.01875007525865,0.0499238832159501,0.0,0.0
0.2629757785467128,0.3425605536332179,0.0185801484584204,0.0504737254263418,0.0,0.0
0.2664359861591695,0.3425605536332179,0.0183980601800835,0.050975159083308,0.0,0.0
0.2698961937716263,0.3425605536332179,0.0182309757023873,0.0515378542428297,0.0,0.0
0.273356401384083,0.3425605536332179,0.0180860492720794,0.0520948197956741,0.0,0.0
0.2768166089965398,0.3425605536332179,0.0178661904885645,0.0526604859555476,0.0,0.0
0.2802768166089965,0.3425605536332179,0.0176641602617273,0.0531875773199496,0.0,0.0
0.2837370242214533,0.3425605536332179,0.017458375562023,0.0536670876633507,0.0,0.0
0.28719723183391,0.3425605536332179,0.017216849036432,0.0542013377244642,0.0,0.0
0.2906574394463668,0.3425605536332179,0.0168126332159927,0.054692294604797,0.0,0.0
0.2941176470588235,0.3425605536332179,0.0166241201926184,0.0551774254633654,0.0,0.0
0.2975778546712803,0.3425605536332179,0.0163576123169174,0.0556818753829001,0.0,0.0
0.301038062283737,0.3425605536332179,0.016100258680102,0.0561496327547822,0.0,0.0
0.3044982698961938,0.3425605536332179,0.0158654689069794,0.0566154661778227,0.0,0.0
0.3079584775086505,0.3425605536332179,0.0156825114816649,0.0570224396568279,0.0,0.0
0.3114186851211072,0.3425605536332179,0.0154599788581132,0.0573885115585977,0.0,0.0
0.314878892733564,0.3425605536332179,0.0151710492428395,0.0577915650469097,0.0,0.0
0.3806228373702422,0.3425605536332179,0.0117115458634333,0.0589952274796491,0.0,0.0
0.4532871972318339,0.3425605536332179,0.0069761764434846,0.0577016511609876,0.0,0.0
0.4948096885813148,0.3425605536332179,0.0042414743579998,0.0576791287879829,0.0,0.0
0.5190311418685121,0.3425605536332179,0.0026176312191129,0.0577763330059347,0.0,0.0
0.5916955017301038,0.3425605536332179,-0.0022411207609668,0.0583324458406534,0.0,0.0
0.6020761245674741,0.3425605536332179,-0.0028795316724596,0.0583898182040305,0.0,0.0
0.6124567474048442,0.3425605536332179,-0.0035374496637838,0.058410630637237,0.0,0.0
0.6262975778546713,0.3425605536332179,-0.0043453672085106,0.0587092590290008,0.0,0.0
0.0,0.3391003460207612,0.0087000950176809,0.0073544559359966,0.0,0.0
0.0830449826989619,0.3391003460207612,0.0152609814849918,0.0181590172980113,0.0,0.0
0.0865051903114186,0.3391003460207612,0.015630846669732,0.0187997382918644,0.0,0.0
0.0899653979238754,0.3391003460207612,0.0159641899320519,0.0193852110574615,0.0,0.0
0.0934256055363321,0.3391003460207612,0.0162378248904238,0.0199340276242291,0.0,0.0
0.0968858131487889,0.3391003460207612,0.0166868531143976,0.0206127298961701,0.0,0.0
0.1003460207612456,0.3391003460207612,0.0170329985467965,0.0212572223249903,0.0,0.0
0.1038062283737024,0.3391003460207612,0.0172409117190148,0.0218761731347251,0.0,0.0
0.314878892733564,0.3391003460207612,0.0153750865400499,0.0576204094341041,0.0,0.0
0.3183391003460207,0.3391003460207612,0.0151336362130725,0.0579778874030879,0.0,0.0
0.3217993079584775,0.3391003460207612,0.0148185507360275,0.0583444281414905,0.0,0.0
0.3252595155709342,0.3391003460207612,0.0145158503388124,0.05868626611085011,0.0,0.0
0.3598615916955017,0.3391003460207612,0.0127613424928661,0.0594512094229205,0.0,0.0
0.4048442906574394,0.3391003460207612,0.0102471502511152,0.0580750876469928,0.0,0.0
0.5086505190311419,0.3391003460207612,0.0033050551331772,0.0572179473885369,0.0,0.0
0.5467128027681661,0.3391003460207612,0.0007716042790849,0.0574314887166627,0.0,0.0
0.5640138408304498,0.3391003460207612,-0.0003565105114608,0.0575643619082532,0.0,0.0
0.6262975778546713,0.3391003460207612,-0.0042580444831247,0.0580853866642396,0.0,0.0
0.0,0.3356401384083045,0.008713919015919,0.007393340515734,0.0,0.0
0.0276816608996539,0.3356401384083045,0.0105538911655747,0.0101720691152308,0.0,0.0
0.0692041522491349,0.3356401384083045,0.0141357785013527,0.0160436986820555,0.0,0.0
0.0726643598615917,0.3356401384083045,0.0144610355690283,0.0165817050116974,0.0,0.0
0.0761245674740484,0.3356401384083045,0.014787916661214,0.0171525857930484,0.0,0.0
0.0795847750865051,0.3356401384083045,0.0151559669657608,0.0177154308407049,0.0,0.0
0.0830449826989619,0.3356401384083045,0.0155098136865812,0.018305750172309,0.0,0.0
0.3252595155709342,0.3356401384083045,0.0145983493785921,0.0585338824756301,0.0,0.0
0.328719723183391,0.3356401384083045,0.014344772950041,0.0588573612812053,0.0,0.0
0.3321799307958477,0.3356401384083045,0.0140823434939565,0.0591250141311228,0.0,0.0
0.3356401384083045,0.3356401384083045,0.0138619932643794,0.0593103746176918,0.0,0.0
0.370242214532872,0.3356401384083045,0.0122011636932324,0.0589506979421209,0.0,0.0
0.3944636678200692,0.3356401384083045,0.0108332817587052,0.0580303195515317,0.0,0.0
0.4221453287197231,0.3356401384083045,0.009073073678048,0.0572266445157555,0.0,0.0
0.4429065743944637,0.3356401384083045,0.0076666453484843,0.0568469829406573,0.0,0.0
0.4740484429065744,0.3356401384083045,0.005626644483590101,0.0567927294041368,0.0,0.0
0.532871972318339,0.3356401384083045,0.0017695698993252,0.0567962685877676,0.0,0.0
0.5743944636678201,0.3356401384083045,-0.000967975978121,0.0570555876483649,0.0,0.0
0.6262975778546713,0.3356401384083045,-0.0041885917159362,0.05753633702901019,0.0,0.0
0.0,0.3321799307958477,0.0087116632353667,0.0074415395918853,0.0,0.0
0.0553633217993079,0.3321799307958477,0.0127959900631526,0.0139548773580813,0.0,0.0
0.0588235294117647,0.3321799307958477,0.0130907472031426,0.0144470129563213,0.0,0.0
0.0622837370242214,0.3321799307958477,0.013461781128968602,0.0150173999545913,0.0,0.0
0.0657439446366782,0.3321799307958477,0.013798136861292,0.0155824222483664,0.0,0.0
0.0692041522491349,0.3321799307958477,0.0142287484590308,0.01615975070672,0.0,0.0
0.3356401384083045,0.3321799307958477,0.0137814225874097,0.059211318913864,0.0,0.0
0.3391003460207612,0.3321799307958477,0.0135653893748389,0.0593135064775047,0.0,0.0
0.3425605536332179,0.3321799307958477,0.0133051506408772,0.0594443304949291,0.0,0.0
0.4567474048442906,0.3321799307958477,0.0066843634789945,0.0563360205187492,0.0,0.0
0.4878892733564013,0.3321799307958477,0.0047248207334393,0.0562202779161862,0.0,0.0
0.5882352941176471,0.3321799307958477,-0.0017838546342137,0.0566046425537895,0.0,0.0
0.5986159169550173,0.3321799307958477,-0.0024414370049591,0.0566733862858569,0.0,0.0
0.6124567474048442,0.3321799307958477,-0.0033289912238179996,0.0566801005349089,0.0,0.0
0.6262975778546713,0.3321799307958477,-0.0040855222984047,0.0569351371553214,0.0,0.0
0.0,0.328719723183391,0.0086498812638713,0.007463954362967899,0.0,0.0
0.0138408304498269,0.328719723183391,0.009592836691669,0.0087796159241398,0.0,0.0
0.0449826989619377,0.328719723183391,0.0118483064197924,0.0125582907372859,0.0,0.0
0.0484429065743944,0.328719723183391,0.0120688115962614,0.0130315568337305,0.0,0.0
0.0519031141868512,0.328719723183391,0.0124695337125861,0.0135702326683794,0.0,0.0
0.0553633217993079,0.328719723183391,0.012839477416877,0.0141085715600923,0.0,0.0
0.3425605536332179,0.328719723183391,0.0131421095104949,0.0593658032438953,0.0,0.0
0.3460207612456747,0.328719723183391,0.01304840122989,0.0594263010111036,0.0,0.0
0.4117647058823529,0.328719723183391,0.009616777895791,0.0567714705420889,0.0,0.0
0.4325259515570934,0.328719723183391,0.0082629789290973,0.05618700089343491,0.0,0.0
0.5051903114186851,0.328719723183391,0.0035864909601547,0.0557589094324086,0.0,0.0
0.5467128027681661,0.328719723183391,0.0009100878473289,0.055865616026918,0.0,0.0
0.5570934256055363,0.328719723183391,0.0002566056931295,0.0559052975741149,0.0,0.0
0.6262975778546713,0.328719723183391,-0.0040118390097973,0.0563475969406688,0.0,0.0
0.0,0.3252595155709342,0.0086124895833763,0.0074810890752679,0.0,0.0
0.0380622837370242,0.3252595155709342,0.0111802112486036,0.0117421001096219,0.0,0.0
0.0415224913494809,0.3252595155709342,0.0114746542766058,0.0122171100113444,0.0,0.0
0.0449826989619377,0.3252595155709342,0.0117538919558999,0.0126856509117262,0.0,0.0
0.3460207612456747,0.3252595155709342,0.0128349435702987,0.0593613525462249,0.0,0.0
0.3494809688581315,0.3252595155709342,0.012701176275649,0.0593566529212825,0.0,0.0
0.3529411764705882,0.3252595155709342,0.0125660679062207,0.0593147649220889,0.0,0.0
0.3771626297577855,0.3252595155709342,0.0115651273876973,0.0580382445766087,0.0,0.0
0.4671280276816609,0.3252595155709342,0.005993554530507,0.0553709856214617,0.0,0.0
0.5224913494809689,0.3252595155709342,0.0025342219981812,0.0552520675343779,0.0,0.0
0.6262975778546713,0.3252595155709342,-0.0039439438782535,0.0556422476158554,0.0,0.0
0.0,0.3217993079584775,0.0085667917499493,0.0075078638051519,0.0,0.0
0.0311418685121107,0.3217993079584775,0.010598722229288,0.010954708083006,0.0,0.0
0.0346020761245674,0.3217993079584775,0.0108143588787585,0.0114201006654998,0.0,0.0
0.0380622837370242,0.3217993079584775,0.0110346272084515,0.0118724915856877,0.0,0.0
0.3529411764705882,0.3217993079584775,0.0123264732626605,0.0592583540193357,0.0,0.0
0.356401384083045,0.3217993079584775,0.0122061406276498,0.05912933336294799,0.0,0.0
0.3944636678200692,0.3217993079584775,0.0104751897440471,0.0568128612958739,0.0,0.0
0.4221453287197231,0.3217993079584775,0.0088176685846347,0.0556173459881327,0.0,0.0
0.4498269896193771,0.3217993079584775,0.0070508579647361,0.0550455570863515,0.0,0.0
0.4809688581314879,0.3217993079584775,0.0051589354439278,0.0547905102959088,0.0,0.0
0.5363321799307958,0.3217993079584775,0.0016478567188549001,0.0547330499933045,0.0,0.0
0.5743944636678201,0.3217993079584775,-0.000758541989431,0.0549031756281104,0.0,0.0
0.5847750865051903,0.3217993079584775,-0.0013859684620231,0.0549241037510274,0.0,0.0
0.5986159169550173,0.3217993079584775,-0.0022175577754869,0.0549657569851836,0.0,0.0
0.6262975778546713,0.3217993079584775,-0.0038600200371138,0.0550167223314182,0.0,0.0
0.0,0.3183391003460207,0.0084806760806999,0.0075319066216107,0.0,0.0
0.0207612456747404,0.3183391003460207,0.009741190075111,0.0097394924971365,0.0,0.0
0.0242214532871972,0.3183391003460207,0.0099746469622087,0.0102034385254032,0.0,0.0
0.0276816608996539,0.3183391003460207,0.010160681436041,0.0106166916930162,0.0,0.0
0.0311418685121107,0.3183391003460207,0.010393789969094,0.0110542052310908,0.0,0.0
0.356401384083045,0.3183391003460207,0.0119066900462003,0.0590674845134613,0.0,0.0
0.3598615916955017,0.3183391003460207,0.0118379101242585,0.058902739154856,0.0,0.0
0.5501730103806228,0.3183391003460207,0.0008226822211867,0.0543311935558902,0.0,0.0
0.5605536332179931,0.3183391003460207,0.0001914465106659,0.0543749888415131,0.0,0.0
0.6124567474048442,0.3183391003460207,-0.0030399771217248,0.0544642649855218,0.0,0.0
0.6262975778546713,0.3183391003460207,-0.0038074269647403,0.0544453969482928,0.0,0.0
0.0,0.314878892733564,0.0083707378785772,0.0075682147039012,0.0,0.0
0.0173010380622837,0.314878892733564,0.0092908388193218,0.0093064220128378,0.0,0.0
0.0207612456747404,0.314878892733564,0.0093611145432528,0.0096634007309851,0.0,0.0
0.3598615916955017,0.314878892733564,0.0115534343649999,0.05880293917625,0.0,0.0
0.3633217993079585,0.314878892733564,0.0114819406825024,0.0585723420787288,0.0,0.0
0.3840830449826989,0.314878892733564,0.010736937231482,0.0569123925270623,0.0,0.0
0.4048442906574394,0.314878892733564,0.0096021314223407,0.0555706347802396,0.0,0.0
0.4359861591695502,0.314878892733564,0.0077758302444331,0.0544711118177951,0.0,0.0
0.4948096885813148,0.314878892733564,0.0041611009801247,0.0539210755532974,0.0,0.0
0.5121107266435986,0.314878892733564,0.0031335071224413,0.0538043513712211,0.0,0.0
0.5259515570934256,0.314878892733564,0.0023186872155457,0.0537582206474172,0.0,0.0
0.6262975778546713,0.314878892733564,-0.0037499919239574,0.053866046896519,0.0,0.0
0.0,0.3114186851211072,0.0081541886519924,0.0075733611103613995,0.0,0.0
0.0103806228373702,0.3114186851211072,0.0085147024764221,0.0084502453672345,0.0,0.0
0.0138408304498269,0.3114186851211072,0.008663140176887,0.008806636712013,0.0,0.0
0.0173010380622837,0.3114186851211072,0.0088574358656195,0.0092032773597108,0.0,0.0
0.3633217993079585,0.3114186851211072,0.0111936357363382,0.0584646781804969,0.0,0.0
0.3667820069204152,0.3114186851211072,0.0111317328304102,0.0581596347234922,0.0,0.0
0.4463667820069204,0.3114186851211072,0.007061124569832,0.0539030468170349,0.0,0.0
0.4671280276816609,0.3114186851211072,0.0058040220439767,0.0535623321975035,0.0,0.0
0.5882352941176471,0.3114186851211072,-0.0014613182065856,0.0533979896780127,0.0,0.0
0.6020761245674741,0.3114186851211072,-0.0023033008086984,0.0534152168145891,0.0,0.0
0.6262975778546713,0.3114186851211072,-0.0037077485782615,0.0532738879394036,0.0,0.0
0.0,0.3079584775086505,0.0079534134135501,0.0075582624563816,0.0,0.0
0.0034602076124567,0.3079584775086505,0.0080138079414705,0.0078075229704505,0.0,0.0
0.0069204152249134,0.3079584775086505,0.0081108882854153,0.008093319648402,0.0,0.0
0.0103806228373702,0.3079584775086505,0.008109575301685,0.0083684999190468,0.0,0.0
0.3667820069204152,0.3079584775086505,0.0108389816654431,0.0580525668766146,0.0,0.0
0.370242214532872,0.3079584775086505,0.010767600404088,0.0577610332268041,0.0,0.0
0.4186851211072664,0.3079584775086505,0.0085504844323475,0.0542105061492992,0.0,0.0
0.4809688581314879,0.3079584775086505,0.0049562595815612,0.0530445019529579,0.0,0.0
0.5432525951557093,0.3079584775086505,0.0012740526561408,0.0527897463274284,0.0,0.0
0.5536332179930796,0.3079584775086505,0.0006754733899534,0.0527974990009237,0.0,0.0
0.5640138408304498,0.3079584775086505,2.634416787620692e-05,0.0528397438108123,0.0,0.0
0.5778546712802768,0.3079584775086505,-0.0008090530748935999,0.052871791772561,0.0,0.0
0.615916955017301,0.3079584775086505,-0.003105079776985,0.0528285657943501,0.0,0.0
0.6262975778546713,0.3079584775086505,-0.0036665152300694,0.0527463183427677,0.0,0.0
0.0,0.3044982698961938,0.0076826675078724,0.0075266739145501,0.0,0.0
0.0034602076124567,0.3044982698961938,0.0076607108949792,0.0077214565474283,0.0,0.0
0.370242214532872,0.3044982698961938,0.0104523300195677,0.0576770915245071,0.0,0.0
0.3737024221453287,0.3044982698961938,0.0104012561417334,0.0572964829757635,0.0,0.0
0.3875432525951557,0.3044982698961938,0.0099601463288118,0.055896744537047,0.0,0.0
0.3979238754325259,0.3044982698961938,0.0095012209576562,0.0549361884000965,0.0,0.0
0.4567474048442906,0.3044982698961938,0.0062634605650943,0.0529044283069581,0.0,0.0
0.4913494809688581,0.3044982698961938,0.0042734419503185,0.0525352988434714,0.0,0.0
0.532871972318339,0.3044982698961938,0.0018705598331313,0.0523185797510692,0.0,0.0
0.6262975778546713,0.3044982698961938,-0.0036432053694901,0.0522099363331556,0.0,0.0
0.3737024221453287,0.301038062283737,0.0101288845078367,0.0571230448712245,0.0,0.0
0.3771626297577855,0.301038062283737,0.0100791411337327,0.0567343171315135,0.0,0.0
0.4083044982698962,0.301038062283737,0.0088316588161486,0.0539200923763286,0.0,0.0
0.4671280276816609,0.301038062283737,0.0055979717892689,0.0523223274870991,0.0,0.0
0.5051903114186851,0.301038062283737,0.0034243615765469,0.0519670430820222,0.0,0.0
0.5190311418685121,0.301038062283737,0.0026818941880473,0.0518831927729598,0.0,0.0
0.5951557093425606,0.301038062283737,-0.0017541065009027,0.0518600555113126,0.0,0.0
0.6055363321799307,0.301038062283737,-0.0023929920349187,0.0517924059065491,0.0,0.0
0.6262975778546713,0.301038062283737,-0.0036096139378226,0.051691303471784,0.0,0.0
0.3771626297577855,0.2975778546712803,0.0098275235481654,0.0565520629796054,0.0,0.0
0.4359861591695502,0.2975778546712803,0.0072318097468103,0.0524024330269459,0.0,0.0
0.5467128027681661,0.2975778546712803,0.0010465154518234,0.0513740187356252,0.0,0.0
0.5709342560553633,0.2975778546712803,-0.0003021805714606,0.0513115876568814,0.0,0.0
0.5847750865051903,0.2975778546712803,-0.0011256975900552,0.0513588302156912,0.0,0.0
0.6262975778546713,0.2975778546712803,-0.0035841690868759,0.0511625153438669,0.0,0.0
0.3771626297577855,0.2941176470588235,0.0095957419114851,0.0563643790214299,0.0,0.0
0.3806228373702422,0.2941176470588235,0.0095432409989902,0.0559142321522096,0.0,0.0
0.3944636678200692,0.2941176470588235,0.0090907727851372,0.0543401924624502,0.0,0.0
0.4221453287197231,0.2941176470588235,0.007804097667940099,0.052535255723283006,0.0,0.0
0.4498269896193771,0.2941176470588235,0.0063865029178998,0.0517840607600259,0.0,0.0
0.5294117647058824,0.2941176470588235,0.002046201216048,0.0509222137387408,0.0,0.0
0.6262975778546713,0.2941176470588235,-0.0035368792419573,0.050601559499178,0.0,0.0
0.3806228373702422,0.2906574394463668,0.0093582406590212,0.0556245294425874,0.0,0.0
0.4705882352941176,0.2906574394463668,0.0051753547625859,0.0510210866139171,0.0,0.0
0.4878892733564013,0.2906574394463668,0.0042729071951291,0.0507748753102173,0.0,0.0
0.5017301038062284,0.2906574394463668,0.0035195419427094,0.0506737198853806,0.0,0.0
0.5605536332179931,0.2906574394463668,0.000275283176907,0.0503801928694351,0.0,0.0
0.5951557093425606,0.2906574394463668,-0.0017154216704073,0.0503403878121413,0.0,0.0
0.6124567474048442,0.2906574394463668,-0.0027673654755773,0.0501897965308355,0.0,0.0
0.6262975778546713,0.2906574394463668,-0.0035035370399554,0.0500690540060401,0.0,0.0
0.3806228373702422,0.28719723183391,0.0091735312987908,0.055314357133149,0.0,0.0
0.3840830449826989,0.28719723183391,0.0090972521246379,0.0549020848929939,0.0,0.0
0.4083044982698962,0.28719723183391,0.0081040069124548,0.0525782082112177,0.0,0.0
0.4602076124567474,0.28719723183391,0.0056650098701523,0.0507787299366613,0.0,0.0
0.5190311418685121,0.28719723183391,0.0025579948576225,0.0500723650139586,0.0,0.0
0.5501730103806228,0.28719723183391,0.0008587004644502,0.0498928090837339,0.0,0.0
0.5743944636678201,0.28719723183391,-0.0004856787435012,0.0498434445276634,0.0,0.0
0.5847750865051903,0.28719723183391,-0.0011034343547149,0.0498174373859819,0.0,0.0
0.6262975778546713,0.28719723183391,-0.003475297541201,0.0495393452107866,0.0,0.0
0.3840830449826989,0.2837370242214533,0.0089292227476193,0.0545961887200077,0.0,0.0
0.3979238754325259,0.2837370242214533,0.0084109334228453,0.0530643464438947,0.0,0.0
0.4186851211072664,0.2837370242214533,0.0075402428742571,0.05162517741321511,0.0,0.0
0.4359861591695502,0.2837370242214533,0.0067338469630671,0.0509223935430736,0.0,0.0
0.6262975778546713,0.2837370242214533,-0.0034653218712042,0.0489815831279174,0.0,0.0
0.3840830449826989,0.2802768166089965,0.0087349302036449,0.0542545229286271,0.0,0.0
0.3875432525951557,0.2802768166089965,0.0086383509796705,0.0538190145637868,0.0,0.0
0.4498269896193771,0.2802768166089965,0.006000154539263,0.0501841478033779,0.0,0.0
0.4913494809688581,0.2802768166089965,0.0039334499483591,0.0494208264419433,0.0,0.0
0.5363321799307958,0.2802768166089965,0.0015857181307578,0.0490697771637155,0.0,0.0
0.6020761245674741,0.2802768166089965,-0.0021557859095212,0.0487647512865009,0.0,0.0
0.6262975778546713,0.2802768166089965,-0.0034534411273509,0.0484589596475017,0.0,0.0
0.3875432525951557,0.2768166089965398,0.0085123012582577,0.0534020965036686,0.0,0.0
0.4636678200692041,0.2768166089965398,0.0052432415056653,0.0494417118893087,0.0,0.0
0.5017301038062284,0.2768166089965398,0.0033351103962446,0.0489629088575934,0.0,0.0
0.5674740484429066,0.2768166089965398,-0.0001204128849184,0.048417590913053,0.0,0.0
0.5813148788927336,0.2768166089965398,-0.0009494967920368,0.048373380001204,0.0,0.0
0.6124567474048442,0.2768166089965398,-0.0027405904862668,0.0481258851175534,0.0,0.0
0.6262975778546713,0.2768166089965398,-0.0034373430631374,0.0479658389271601,0.0,0.0
0.3875432525951557,0.273356401384083,0.0084493027807646,0.0529396807518847,0.0,0.0
0.4048442906574394,0.273356401384083,0.0076860675242632,0.0513047515970644,0.0,0.0
0.4256055363321799,0.273356401384083,0.0068351270572306,0.0501967622201592,0.0,0.0
0.4775086505190311,0.273356401384083,0.0044701566070566,0.0488641762759701,0.0,0.0
0.5536332179930796,0.273356401384083,0.0005872263298731,0.0480556024095601,0.0,0.0
0.6262975778546713,0.273356401384083,-0.0034242087779702,0.0474611858667719,0.0,0.0
0.3875432525951557,0.2698961937716263,0.0083485706078556,0.0523946884514281,0.0,0.0
0.3910034602076124,0.2698961937716263,0.0082029014220377,0.05207271034286111,0.0,0.0
0.4152249134948096,0.2698961937716263,0.0071533397112667,0.0503139918450627,0.0,0.0
0.4878892733564013,0.2698961937716263,0.003930112647957,0.0482810145642891,0.0,0.0
0.5190311418685121,0.2698961937716263,0.0023770343126547,0.0478568399725089,0.0,0.0
0.5294117647058824,0.2698961937716263,0.0018557379164166,0.0477546659516283,0.0,0.0
0.5951557093425606,0.2698961937716263,-0.0017526902567793,0.047323744928851,0.0,0.0
0.6262975778546713,0.2698961937716263,-0.0034029492898609,0.0469436382369453,0.0,0.0
0.629757785467128,0.2698961937716263,-0.0035470367364793,0.0469558612553286,0.0,0.0
0.3910034602076124,0.2664359861591695,0.0081131696364622,0.0514276090681162,0.0,0.0
0.4429065743944637,0.2664359861591695,0.0059096017076312,0.0487689845242083,0.0,0.0
0.5051903114186851,0.2664359861591695,0.0030306879057872,0.0475957686173814,0.0,0.0
0.5397923875432526,0.2664359861591695,0.0012696541879834,0.0472168368979687,0.0,0.0
0.629757785467128,0.2664359861591695,-0.0035460855648784,0.0462639679294656,0.0,0.0
0.3910034602076124,0.2629757785467128,0.0080398665940192,0.0509448797290545,0.0,0.0
0.4013840830449827,0.2629757785467128,0.007587614215167,0.050228651680635,0.0,0.0
0.4602076124567474,0.2629757785467128,0.005073539160829801,0.0478698959234259,0.0,0.0
0.4740484429065744,0.2629757785467128,0.0044389132879186,0.047610033962665,0.0,0.0
0.5501730103806228,0.2629757785467128,0.0006987728226511,0.0467340122663995,0.0,0.0
0.5847750865051903,0.2629757785467128,-0.0011550655908507,0.0464224528209169,0.0,0.0
0.6124567474048442,0.2629757785467128,-0.0027057875055889,0.0461504292458429,0.0,0.0
0.629757785467128,0.2629757785467128,-0.0035501415996399,0.0457422047455561,0.0,0.0
0.3910034602076124,0.259515570934256,0.0080067138043574,0.0504156230227863,0.0,0.0
0.4221453287197231,0.259515570934256,0.0065588651959853,0.0487364119726904,0.0,0.0
0.4913494809688581,0.259515570934256,0.0035952228696648,0.0469837138909553,0.0,0.0
0.5224913494809689,0.259515570934256,0.0020833036262303,0.046548434580115,0.0,0.0
0.5674740484429066,0.259515570934256,-0.0002445687434509,0.0460913757776343,0.0,0.0
0.629757785467128,0.259515570934256,-0.0035469192564012,0.0451573183077206,0.0,0.0
0.3910034602076124,0.2560553633217993,0.0079799078854812,0.0498289152929584,0.0,0.0
0.4117647058823529,0.2560553633217993,0.0069660614607155,0.0487454305175216,0.0,0.0
0.4325259515570934,0.2560553633217993,0.0060984811931411,0.047919729798948,0.0,0.0
0.4463667820069204,0.2560553633217993,0.0055272715037112,0.0474368411213669,0.0,0.0
0.532871972318339,0.2560553633217993,0.0015180003952365,0.0459710676216925,0.0,0.0
0.5986159169550173,0.2560553633217993,-0.0019854794856065,0.0453736338860806,0.0,0.0
0.629757785467128,0.2560553633217993,-0.0035514096722983,0.0446327432687288,0.0,0.0
0.3910034602076124,0.2525951557093425,0.0079544091500621,0.0492342177267312,0.0,0.0
0.4013840830449827,0.2525951557093425,0.0074551116686175,0.0487527569153231,0.0,0.0
0.4636678200692041,0.2525951557093425,0.0047016111670836,0.0466456557581726,0.0,0.0
0.5086505190311419,0.2525951557093425,0.0026551444860529,0.0458892528805957,0.0,0.0
0.629757785467128,0.2525951557093425,-0.0035606970149289997,0.0441838632575319,0.0,0.0
0.3910034602076124,0.2491349480968858,0.0079214051560303,0.0486803788310437,0.0,0.0
0.4221453287197231,0.2491349480968858,0.0063926745531126,0.0474479529374158,0.0,0.0
0.4740484429065744,0.2491349480968858,0.0042256493871143,0.0459622817489467,0.0,0.0
0.5190311418685121,0.2491349480968858,0.0020892698168954,0.0453236282375032,0.0,0.0
0.5501730103806228,0.2491349480968858,0.0005289615107528,0.0449740376722386,0.0,0.0
0.5640138408304498,0.2491349480968858,-0.0001364024867947,0.04480460535992391,0.0,0.0
0.6124567474048442,0.2491349480968858,-0.0027487168793333,0.0441814712762044,0.0,0.0
0.629757785467128,0.2491349480968858,-0.0035688252173772,0.0436838918058752,0.0,0.0
0.3910034602076124,0.245674740484429,0.0078638886935623,0.048091961911106,0.0,0.0
0.4498269896193771,0.245674740484429,0.0051958171491282,0.0461397437945354,0.0,0.0
0.5363321799307958,0.245674740484429,0.001210068177788,0.044642171877536,0.0,0.0
0.5813148788927336,0.245674740484429,-0.0010383021735321,0.0441593719320011,0.0,0.0
0.629757785467128,0.245674740484429,-0.0035636677925912,0.0432440133056916,0.0,0.0
0.3910034602076124,0.2422145328719723,0.0078346005336426,0.04739886825392399,0.0,0.0
0.4083044982698962,0.2422145328719723,0.0070142348963431,0.0470202818193442,0.0,0.0
0.4359861591695502,0.2422145328719723,0.0057309804790749,0.0461901962536548,0.0,0.0
0.4913494809688581,0.2422145328719723,0.003333908507006,0.0448886217120091,0.0,0.0
0.5051903114186851,0.2422145328719723,0.0026639500027292,0.0446642847543467,0.0,0.0
0.5951557093425606,0.2422145328719723,-0.0018551241807862,0.0435326032472973,0.0,0.0
0.629757785467128,0.2422145328719723,-0.0035998749943007,0.0428175962129765,0.0,0.0
0.3910034602076124,0.2387543252595155,0.0078282417434128,0.0468673376088809,0.0,0.0
0.4221453287197231,0.2387543252595155,0.0062945171076325,0.046135263697137,0.0,0.0
0.4775086505190311,0.2387543252595155,0.0038681898826495,0.044760674130673,0.0,0.0
0.5224913494809689,0.2387543252595155,0.0017895099753714,0.0439470952719175,0.0,0.0
0.5536332179930796,0.2387543252595155,0.0002841825289306,0.0435824088003489,0.0,0.0
0.6193771626297578,0.2387543252595155,-0.0031471488415259,0.0426195669259186,0.0,0.0
0.629757785467128,0.2387543252595155,-0.0036033150561915,0.0423722438188389,0.0,0.0
0.3910034602076124,0.2352941176470588,0.0078358501374537,0.0464423116884488,0.0,0.0
0.4636678200692041,0.2352941176470588,0.004421633857002,0.044663390553284,0.0,0.0
0.5640138408304498,0.2352941176470588,-0.0002488227059956,0.0430133006401134,0.0,0.0
0.6089965397923875,0.2352941176470588,-0.0026029127215865,0.0423829829423871,0.0,0.0
0.629757785467128,0.2352941176470588,-0.0036284208265878,0.0418800410585876,0.0,0.0
0.3910034602076124,0.231833910034602,0.0077913042644558,0.0458495135725839,0.0,0.0
0.3944636678200692,0.231833910034602,0.0076668190293833,0.0458718632072588,0.0,0.0
0.4117647058823529,0.231833910034602,0.0067685409357971,0.0454710494629964,0.0,0.0
0.4498269896193771,0.231833910034602,0.0049871152828091,0.0445272845355012,0.0,0.0
0.4948096885813148,0.231833910034602,0.003009738088421,0.0435897878972375,0.0,0.0
0.5397923875432526,0.231833910034602,0.0008750183630046,0.0428989642701399,0.0,0.0
0.5778546712802768,0.231833910034602,-0.0009907271263048,0.0423750437774193,0.0,0.0
0.5986159169550173,0.231833910034602,-0.0020772686131201,0.0421078901651219,0.0,0.0
0.629757785467128,0.231833910034602,-0.0036305139747491,0.041401893107418,0.0,0.0
0.3944636678200692,0.2283737024221453,0.0076636090501595,0.045362398925538,0.0,0.0
0.4256055363321799,0.2283737024221453,0.0060545691095248,0.0446922506423243,0.0,0.0
0.4394463667820069,0.2283737024221453,0.0054549978743807,0.0443325612827132,0.0,0.0
0.5051903114186851,0.2283737024221453,0.0024918560832738,0.0430231087912368,0.0,0.0
0.5501730103806228,0.2283737024221453,0.0003688176388885,0.0422803153015534,0.0,0.0
0.629757785467128,0.2283737024221453,-0.003631908946538,0.040956195577098,0.0,0.0
0.3944636678200692,0.2249134948096885,0.0076449273454999,0.0448932538411496,0.0,0.0
0.4671280276816609,0.2249134948096885,0.0041328202842216,0.0433919974491599,0.0,0.0
0.4809688581314879,0.2249134948096885,0.0035196731176374,0.0430873336125638,0.0,0.0
0.5882352941176471,0.2249134948096885,-0.0016018247178467,0.0413768463835153,0.0,0.0
0.615916955017301,0.2249134948096885,-0.0029863505491095005,0.040835749751824,0.0,0.0
0.629757785467128,0.2249134948096885,-0.0036186201780876,0.0404921134197282,0.0,0.0
0.3944636678200692,0.2214532871972318,0.0076427690724023,0.0444025884378359,0.0,0.0
0.4048442906574394,0.2214532871972318,0.007089712552565,0.0442637700978099,0.0,0.0
0.4152249134948096,0.2214532871972318,0.0065317160164749,0.0440494514839716,0.0,0.0
0.5224913494809689,0.2214532871972318,0.001607026747295,0.0419108953008566,0.0,0.0
0.532871972318339,0.2214532871972318,0.0010841549758062,0.0417429883028397,0.0,0.0
0.5709342560553633,0.2214532871972318,-0.0007164857633945,0.0411882368002492,0.0,0.0
0.629757785467128,0.2214532871972318,-0.0036410901327719,0.0399980935604536,0.0,0.0
0.3944636678200692,0.2179930795847751,0.0076302720790987,0.0439029028826928,0.0,0.0
0.4429065743944637,0.2179930795847751,0.0052060185337366,0.0430255885206666,0.0,0.0
0.4567474048442906,0.2179930795847751,0.0044927435436666,0.0427860305379627,0.0,0.0
0.5086505190311419,0.2179930795847751,0.0021617962491944,0.0417669201524818,0.0,0.0
0.5536332179930796,0.2179930795847751,8.098832977287866e-05,0.0410284847445598,0.0,0.0
0.6055363321799307,0.2179930795847751,-0.0025307603265788,0.0401390627747804,0.0,0.0
0.629757785467128,0.2179930795847751,-0.0036502127048111,0.0395444425278318,0.0,0.0
0.3944636678200692,0.2145328719723183,0.0076037984486762,0.0434151305789253,0.0,0.0
0.4948096885813148,0.2145328719723183,0.0027565270877592,0.0416268099580908,0.0,0.0
0.5813148788927336,0.2145328719723183,-0.0013024244813613,0.0401898765005079,0.0,0.0
0.629757785467128,0.2145328719723183,-0.0036507674434751,0.0390641905900331,0.0,0.0
0.3944636678200692,0.2110726643598615,0.0075826430426726,0.0429444265666127,0.0,0.0
0.4325259515570934,0.2110726643598615,0.0056233827228389,0.0423234012884712,0.0,0.0
0.4809688581314879,0.2110726643598615,0.0033787571560596,0.0414568562534762,0.0,0.0
0.5363321799307958,0.2110726643598615,0.0007874508226358,0.0404303073217562,0.0,0.0
0.5640138408304498,0.2110726643598615,-0.0004511421485986,0.0400247430685352,0.0,0.0
0.5916955017301038,0.2110726643598615,-0.0019078422013938,0.0395647493723917,0.0,0.0
0.629757785467128,0.2110726643598615,-0.0036658624002258,0.038639505081372,0.0,0.0
0.6332179930795848,0.2110726643598615,-0.0038000035043169,0.0385510969393932,0.0,0.0
0.3944636678200692,0.2076124567474048,0.007556707324184399,0.042490720263238,0.0,0.0
0.4117647058823529,0.2076124567474048,0.0066178636343419,0.042344203700769,0.0,0.0
0.4463667820069204,0.2076124567474048,0.0049011705091975,0.0417028074848876,0.0,0.0
0.4705882352941176,0.2076124567474048,0.003794094859363,0.0412311830134419,0.0,0.0
0.615916955017301,0.2076124567474048,-0.0030480533619366,0.0385748702321959,0.0,0.0
0.6332179930795848,0.2076124567474048,-0.0038377325610722,0.0380596957510962,0.0,0.0
0.3944636678200692,0.2041522491349481,0.0075433759951527,0.0419956422480097,0.0,0.0
0.4221453287197231,0.2041522491349481,0.0061022713736463,0.0417023987564664,0.0,0.0
0.4982698961937716,0.2041522491349481,0.0024685473761928,0.0402690995160952,0.0,0.0
0.5121107266435986,0.2041522491349481,0.0018027085670817,0.0399629148821783,0.0,0.0
0.5259515570934256,0.2041522491349481,0.0011878994583763,0.0397373985170802,0.0,0.0
0.5467128027681661,0.2041522491349481,0.0002660419883515,0.0394471359249109,0.0,0.0
0.5778546712802768,0.2041522491349481,-0.0012114257433962,0.0389521229813084,0.0,0.0
0.6332179930795848,0.2041522491349481,-0.0038167832665076,0.0374646951753355,0.0,0.0
0.3944636678200692,0.2006920415224913,0.0075065796833143,0.0414879797518289,0.0,0.0
0.4359861591695502,0.2006920415224913,0.0054012129366789,0.0410036512116439,0.0,0.0
0.4567474048442906,0.2006920415224913,0.0043597101528393,0.0405838705531346,0.0,0.0
0.4878892733564013,0.2006920415224913,0.0028952401985973,0.0400574779264018,0.0,0.0
0.5674740484429066,0.2006920415224913,-0.0007732038853969,0.0387140108415586,0.0,0.0
0.6020761245674741,0.2006920415224913,-0.0025011128154779,0.0380406306927821,0.0,0.0
0.6332179930795848,0.2006920415224913,-0.0038656726664236,0.0370671792913495,0.0,0.0
0.3944636678200692,0.1972318339100346,0.007466484886018,0.041041802216127,0.0,0.0
0.4083044982698962,0.1972318339100346,0.0067343896773841,0.0410113172502353,0.0,0.0
0.5570934256055363,0.1972318339100346,-0.0002995971101179,0.0384721406614732,0.0,0.0
0.6332179930795848,0.1972318339100346,-0.0039062334983655,0.0366923369536114,0.0,0.0
0.3944636678200692,0.1937716262975778,0.0074648275195078,0.040588860081484,0.0,0.0
0.4186851211072664,0.1937716262975778,0.0062120258275006,0.0404229056199105,0.0,0.0
0.4463667820069204,0.1937716262975778,0.0048016931448545,0.0399409248094757,0.0,0.0
0.5017301038062284,0.1937716262975778,0.0021486631850799,0.0389212985518273,0.0,0.0
0.5432525951557093,0.1937716262975778,0.0003240545346599,0.0382471926556996,0.0,0.0
0.5882352941176471,0.1937716262975778,-0.001863705323739,0.0375069454973147,0.0,0.0
0.615916955017301,0.1937716262975778,-0.0031348240469177,0.0368019408752065,0.0,0.0
0.6332179930795848,0.1937716262975778,-0.0039151039749042,0.0362769619340772,0.0,0.0
0.3944636678200692,0.1903114186851211,0.007452687896935999,0.0401521070287627,0.0,0.0
0.4325259515570934,0.1903114186851211,0.0055132327639718,0.0397574919705628,0.0,0.0
0.4567474048442906,0.1903114186851211,0.0042631852640276,0.039369645817093,0.0,0.0
0.4671280276816609,0.1903114186851211,0.0037828558751782,0.0391536229360948,0.0,0.0
0.4809688581314879,0.1903114186851211,0.0031089281732558,0.0388630139671629,0.0,0.0
0.5155709342560554,0.1903114186851211,0.0014795270892844,0.0383052157095,0.0,0.0
0.532871972318339,0.1903114186851211,0.0007500874539963,0.0379937129405605,0.0,0.0
0.6332179930795848,0.1903114186851211,-0.0039393664939231,0.035827304598498,0.0,0.0
0.3944636678200692,0.1868512110726643,0.0074239967098375,0.0397073601501104,0.0,0.0
0.5743944636678201,0.1868512110726643,-0.0012555243213287,0.0369394660841712,0.0,0.0
0.5986159169550173,0.1868512110726643,-0.0024125608194648,0.0364086107458087,0.0,0.0
0.6332179930795848,0.1868512110726643,-0.0039632417287245,0.0353619397522615,0.0,0.0
0.3944636678200692,0.1833910034602076,0.0073975241280059,0.0392608687811988,0.0,0.0
0.4221453287197231,0.1833910034602076,0.0059902234487114,0.0390278406231496,0.0,0.0
0.4429065743944637,0.1833910034602076,0.0048815044533764,0.0387230868742487,0.0,0.0
0.4948096885813148,0.1833910034602076,0.0023474117310675,0.0378620508023807,0.0,0.0
0.5605536332179931,0.1833910034602076,-0.00056675531924,0.0366319455079987,0.0,0.0
0.6228373702422145,0.1833910034602076,-0.0035708041727819996,0.0353033415041278,0.0,0.0
0.6332179930795848,0.1833910034602076,-0.0039861672472048,0.0349631113368865,0.0,0.0
0.3944636678200692,0.1799307958477508,0.0073643946930679,0.0388262559216269,0.0,0.0
0.4117647058823529,0.1799307958477508,0.0064657527653676,0.0386577876714983,0.0,0.0
0.4532871972318339,0.1799307958477508,0.0043108045584439,0.0381946026402167,0.0,0.0
0.4636678200692041,0.1799307958477508,0.003827459787537,0.0380032649153994,0.0,0.0
0.4740484429065744,0.1799307958477508,0.0033134670924685,0.0378057643306723,0.0,0.0
0.532871972318339,0.1799307958477508,0.0006676386881645,0.0367529162749546,0.0,0.0
0.5467128027681661,0.1799307958477508,5.28203229553773e-05,0.036491766432122,0.0,0.0
0.6124567474048442,0.1799307958477508,-0.0031272986190970997,0.0351951902031047,0.0,0.0
0.6332179930795848,0.1799307958477508,-0.0040330949096088,0.0346408250826076,0.0,0.0
0.3944636678200692,0.1764705882352941,0.0073205092258378,0.0383354088611278,0.0,0.0
0.4844290657439446,0.1764705882352941,0.0027647914580532,0.0372354942663993,0.0,0.0
0.5051903114186851,0.1764705882352941,0.0018116758307029,0.0368480957310463,0.0,0.0
0.5224913494809689,0.1764705882352941,0.0010635897540558,0.0365535952079557,0.0,0.0
0.5916955017301038,0.1764705882352941,-0.00210918072001,0.0352150779059502,0.0,0.0
0.6332179930795848,0.1764705882352941,-0.0040262652904079,0.0340477535214119,0.0,0.0
0.3944636678200692,0.1730103806228373,0.0072842387821057996,0.0379110066847686,0.0,0.0
0.4221453287197231,0.1730103806228373,0.0058741921766834,0.0376654816213937,0.0,0.0
0.4325259515570934,0.1730103806228373,0.0054087375189985,0.0375325205152306,0.0,0.0
0.5778546712802768,0.1730103806228373,-0.0014772686982592,0.0351324772494254,0.0,0.0
0.6020761245674741,0.1730103806228373,-0.0026543528126919,0.0346203645515139,0.0,0.0
0.6332179930795848,0.1730103806228373,-0.0040305849072884,0.0335966338118028,0.0,0.0
0.3944636678200692,0.1695501730103806,0.0072325122426252,0.0374409299642875,0.0,0.0
0.4048442906574394,0.1695501730103806,0.0067201752751227,0.0373765439517708,0.0,0.0
0.4463667820069204,0.1695501730103806,0.0045751913927698,0.0369661299118207,0.0,0.0
0.4705882352941176,0.1695501730103806,0.0034015972271315,0.036556057187542,0.0,0.0
0.5640138408304498,0.1695501730103806,-0.0008606022163461,0.0349737453903874,0.0,0.0
0.6193771626297578,0.1695501730103806,-0.0035049965250425,0.0337526934155741,0.0,0.0
0.6332179930795848,0.1695501730103806,-0.0040626193638428,0.0332235974303016,0.0,0.0
0.3944636678200692,0.1660899653979238,0.0071902384470923,0.036960984075398,0.0,0.0
0.4809688581314879,0.1660899653979238,0.0028378810459221,0.0359972566834231,0.0,0.0
0.4948096885813148,0.1660899653979238,0.0022241063309366,0.0357535011868517,0.0,0.0
0.5051903114186851,0.1660899653979238,0.0017758533087648,0.0356130573023618,0.0,0.0
0.5155709342560554,0.1660899653979238,0.0013005670616234,0.0354617631843544,0.0,0.0
0.5259515570934256,0.1660899653979238,0.0008574382339833,0.0352563760327238,0.0,0.0
0.5363321799307958,0.1660899653979238,0.0003585417519411,0.0350534332762976,0.0,0.0
0.5501730103806228,0.1660899653979238,-0.0002318970863344,0.0347721170333506,0.0,0.0
0.6332179930795848,0.1660899653979238,-0.0040833506487617,0.0327938406708489,0.0,0.0
0.6366782006920415,0.1660899653979238,-0.0041980433764336,0.0325852711262401,0.0,0.0
0.3944636678200692,0.1626297577854671,0.007133737019572499,0.0364941949509071,0.0,0.0
0.4152249134948096,0.1626297577854671,0.006074702007538,0.0363367562885412,0.0,0.0
0.4290657439446367,0.1626297577854671,0.0053938060838728,0.0362346721615981,0.0,0.0
0.4567474048442906,0.1626297577854671,0.0040162151231417,0.0359046580240189,0.0,0.0
0.5951557093425606,0.1626297577854671,-0.0023712445469591,0.0335359183120161,0.0,0.0
0.6089965397923875,0.1626297577854671,-0.0030574716956231,0.0332059834138943,0.0,0.0
0.6366782006920415,0.1626297577854671,-0.0042374796987494,0.0322387879556233,0.0,0.0
0.3944636678200692,0.1591695501730103,0.0070833113906461995,0.0360861850081924,0.0,0.0
0.4048442906574394,0.1591695501730103,0.0065899819980187,0.0359788801783498,0.0,0.0
0.5813148788927336,0.1591695501730103,-0.001696015607398,0.0334482533679505,0.0,0.0
0.6366782006920415,0.1591695501730103,-0.0042556655759779,0.031767910385228,0.0,0.0
0.3944636678200692,0.1557093425605536,0.0070401451041508,0.0356417603480233,0.0,0.0
0.4394463667820069,0.1557093425605536,0.0047746046659549,0.035280981753273,0.0,0.0
0.4705882352941176,0.1557093425605536,0.0032980925282567,0.0348515704541646,0.0,0.0
0.4844290657439446,0.1557093425605536,0.0026068609818104,0.0346573931571536,0.0,0.0
0.5086505190311419,0.1557093425605536,0.0015342652084838,0.0343317352943112,0.0,0.0
0.6228373702422145,0.1557093425605536,-0.0037023813844085,0.0319175173876587,0.0,0.0
0.6366782006920415,0.1557093425605536,-0.0042443078247119,0.031318901397566,0.0,0.0
0.3944636678200692,0.1522491349480969,0.0069916113951239,0.0351817588122222,0.0,0.0
0.4948096885813148,0.1522491349480969,0.002120268571523,0.0340912457029784,0.0,0.0
0.5259515570934256,0.1522491349480969,0.0007610604590152,0.0335441017279624,0.0,0.0
0.5397923875432526,0.1522491349480969,0.0001228630362614,0.0332836845142924,0.0,0.0
0.5570934256055363,0.1522491349480969,-0.000626108898913,0.0330179699060931,0.0,0.0
0.5709342560553633,0.1522491349480969,-0.0012738990262395,0.0327734074510456,0.0,0.0
0.6366782006920415,0.1522491349480969,-0.0042738980859665,0.0310113614931678,0.0,0.0
0.3944636678200692,0.1487889273356401,0.0069399364139335,0.0347718225175203,0.0,0.0
0.4083044982698962,0.1487889273356401,0.0062634243292494,0.0346366402706799,0.0,0.0
0.4532871972318339,0.1487889273356401,0.0039986796044136,0.0342161776343695,0.0,0.0
0.6366782006920415,0.1487889273356401,-0.004312839873849,0.0305286254978097,0.0,0.0
0.3944636678200692,0.1453287197231834,0.006894487027459,0.0342994246044144,0.0,0.0
0.4256055363321799,0.1453287197231834,0.0053437023380956,0.0340494625769766,0.0,0.0
0.5121107266435986,0.1453287197231834,0.0013044085079768,0.0330094244586154,0.0,0.0
0.5882352941176471,0.1453287197231834,-0.0020887601017333,0.0316326681203803,0.0,0.0
0.6055363321799307,0.1453287197231834,-0.0029085078252357,0.0312405879298656,0.0,0.0
0.6366782006920415,0.1453287197231834,-0.0043151471660724,0.0301414126664121,0.0,0.0
0.3944636678200692,0.1418685121107266,0.006862862704104,0.0338890069254201,0.0,0.0
0.4429065743944637,0.1418685121107266,0.0043933381643238,0.0334397992387947,0.0,0.0
0.4705882352941176,0.1418685121107266,0.0031529833482106,0.0331129226646713,0.0,0.0
0.4844290657439446,0.1418685121107266,0.002488589940556,0.032958603560025,0.0,0.0
0.4982698961937716,0.1418685121107266,0.0018775888967736,0.0328236444251514,0.0,0.0
0.6366782006920415,0.1418685121107266,-0.0043244485972334,0.029825614138527003,0.0,0.0
0.3944636678200692,0.1384083044982699,0.0068248334053314,0.0334126965790414,0.0,0.0
0.5294117647058824,0.1384083044982699,0.0005277560525558,0.0318507045612363,0.0,0.0
0.5432525951557093,0.1384083044982699,-8.768412501849604e-05,0.0316052759148491,0.0,0.0
0.5570934256055363,0.1384083044982699,-0.000663634374352,0.0313621107111262,0.0,0.0
0.5743944636678201,0.1384083044982699,-0.0014599492297651,0.0310621028966468,0.0,0.0
0.6193771626297578,0.1384083044982699,-0.0035637525190581,0.029998303745404,0.0,0.0
0.6366782006920415,0.1384083044982699,-0.0043392154665809,0.029455158756287,0.0,0.0
0.3944636678200692,0.1349480968858131,0.0067825051889234,0.0329331799709861,0.0,0.0
0.4117647058823529,0.1349480968858131,0.0058873945562181,0.032842905350055,0.0,0.0
0.4221453287197231,0.1349480968858131,0.0053672810351243,0.0327738823622471,0.0,0.0
0.4532871972318339,0.1349480968858131,0.0038287855535031,0.032483278899411,0.0,0.0
0.5155709342560554,0.1349480968858131,0.0011052872542514,0.0316791937077789,0.0,0.0
0.5847750865051903,0.1349480968858131,-0.0019506356761952999,0.030409273942748,0.0,0.0
0.5986159169550173,0.1349480968858131,-0.0026083357500021,0.0301344180282406,0.0,0.0
0.6366782006920415,0.1349480968858131,-0.0043338244824466,0.0290563948012169,0.0,0.0
0.3944636678200692,0.1314878892733564,0.006739078193379,0.0324907928329759,0.0,0.0
0.4359861591695502,0.1314878892733564,0.0046172777341302,0.0321842324670012,0.0,0.0
0.4775086505190311,0.1314878892733564,0.0027097892819445,0.0317859283710896,0.0,0.0
0.5017301038062284,0.1314878892733564,0.0016493022947738,0.0315268246621875,0.0,0.0
0.6089965397923875,0.1314878892733564,-0.0030976556989062,0.0294736314983984,0.0,0.0
0.6366782006920415,0.1314878892733564,-0.0043326433220631,0.0286212540322873,0.0,0.0
0.3944636678200692,0.1280276816608996,0.0067010020921172,0.0320314822334986,0.0,0.0
0.4878892733564013,0.1280276816608996,0.0022116881583287,0.0312205544017949,0.0,0.0
0.6228373702422145,0.1280276816608996,-0.003688558452638,0.0286578666542374,0.0,0.0
0.6366782006920415,0.1280276816608996,-0.0043133684680416,0.0281455883229597,0.0,0.0
0.3944636678200692,0.1245674740484429,0.0066699732831497,0.031602809205633,0.0,0.0
0.4083044982698962,0.1245674740484429,0.005918524338947,0.0315405549694391,0.0,0.0
0.4463667820069204,0.1245674740484429,0.0040252258801317,0.0312044613302935,0.0,0.0
0.4567474048442906,0.1245674740484429,0.0035516083884215,0.0311209440429184,0.0,0.0
0.4671280276816609,0.1245674740484429,0.0030714775895017,0.031029383423303702,0.0,0.0
0.5190311418685121,0.1245674740484429,0.0008579887803568,0.0303437701568852,0.0,0.0
0.532871972318339,0.1245674740484429,0.0002681176098378,0.0300932679974563,0.0,0.0
0.5467128027681661,0.1245674740484429,-0.0002899407821817,0.029888735069918,0.0,0.0
0.5605536332179931,0.1245674740484429,-0.0009020704752934,0.029660873542629,0.0,0.0
0.5743944636678201,0.1245674740484429,-0.0014737962350854,0.0293713600362761,0.0,0.0
0.5916955017301038,0.1245674740484429,-0.0022666388663356,0.0290660132730814,0.0,0.0
0.6366782006920415,0.1245674740484429,-0.0042905040266177,0.0277469466792225,0.0,0.0
0.6401384083044983,0.1245674740484429,-0.0044108268779372,0.0276218238632809,0.0,0.0
0.3944636678200692,0.1211072664359861,0.0066241951009477,0.0311611440093799,0.0,0.0
0.4221453287197231,0.1211072664359861,0.0051562268682736,0.031008711149551,0.0,0.0
0.6124567474048442,0.1211072664359861,-0.0032510414274411,0.0281114786644696,0.0,0.0
0.6401384083044983,0.1211072664359861,-0.0044098494987248,0.0271945586933309,0.0,0.0
0.3944636678200692,0.1176470588235294,0.0065730246780921,0.0307065111817015,0.0,0.0
0.4359861591695502,0.1176470588235294,0.0044263144681623,0.0304476778874118,0.0,0.0
0.4775086505190311,0.1176470588235294,0.0025419979015268,0.0300954560559425,0.0,0.0
0.5051903114186851,0.1176470588235294,0.0014146112047482,0.0297415090870645,0.0,0.0
0.6020761245674741,0.1176470588235294,-0.0027496701187298,0.0279667746489879,0.0,0.0
0.6401384083044983,0.1176470588235294,-0.0044028276947035,0.0267229472088251,0.0,0.0
0.3944636678200692,0.1141868512110726,0.006533143414877501,0.0302779184945594,0.0,0.0
0.4498269896193771,0.1141868512110726,0.0037193508544176,0.0298902544490619,0.0,0.0
0.5363321799307958,0.1141868512110726,0.0001232772617575,0.0288623675806647,0.0,0.0
0.6262975778546713,0.1141868512110726,-0.0038632991977798,0.0268854100315727,0.0,0.0
0.6401384083044983,0.1141868512110726,-0.0043844140513877,0.0263521049699755,0.0,0.0
0.3944636678200692,0.1107266435986159,0.0064861523601988,0.029829023426419504,0.0,0.0
0.4117647058823529,0.1107266435986159,0.0055419611011477,0.029672703079918,0.0,0.0
0.4602076124567474,0.1107266435986159,0.0032187311589333,0.0293675914409776,0.0,0.0
0.4878892733564013,0.1107266435986159,0.0020442827379038,0.0291693076312987,0.0,0.0
0.5224913494809689,0.1107266435986159,0.0006705673633373,0.0286615024679004,0.0,0.0
0.5467128027681661,0.1107266435986159,-0.0003238372458528,0.0282825408044525,0.0,0.0
0.5605536332179931,0.1107266435986159,-0.0008901241938552,0.0279950021563331,0.0,0.0
0.5743944636678201,0.1107266435986159,-0.0014632753003923,0.0277375960268007,0.0,0.0
0.5882352941176471,0.1107266435986159,-0.0020702661161556,0.0274592833237428,0.0,0.0
0.615916955017301,0.1107266435986159,-0.0033770928863476,0.0267839648124564,0.0,0.0
0.6401384083044983,0.1107266435986159,-0.0043724532621414,0.0261110555020619,0.0,0.0
0.3944636678200692,0.1072664359861591,0.006426476227635601,0.0293572044339504,0.0,0.0
0.4256055363321799,0.1072664359861591,0.0047744392125295,0.0291528968675274,0.0,0.0
0.4705882352941176,0.1072664359861591,0.0026945101775143,0.0289247431229755,0.0,0.0
0.4982698961937716,0.1072664359861591,0.0016116465270709,0.0286635736775279,0.0,0.0
0.6401384083044983,0.1072664359861591,-0.0043414453786474,0.0256391965903975,0.0,0.0
0.3944636678200692,0.1038062283737024,0.0063589961119938,0.0288398541988878,0.0,0.0
0.4463667820069204,0.1038062283737024,0.0037140998631792,0.0286382945624718,0.0,0.0
0.5121107266435986,0.1038062283737024,0.001042879810724,0.0280665195842022,0.0,0.0
0.5986159169550173,0.1038062283737024,-0.0025270561533499,0.0263810121029563,0.0,0.0
0.629757785467128,0.1038062283737024,-0.0039546263722455,0.0255725928941757,0.0,0.0
0.6401384083044983,0.1038062283737024,-0.0042855304589048,0.0252838131750484,0.0,0.0
0.3910034602076124,0.1003460207612456,0.0064468328521568,0.0284131697852249,0.0,0.0
0.3944636678200692,0.1003460207612456,0.006291981389345401,0.0283353641629663,0.0,0.0
0.4359861591695502,0.1003460207612456,0.0041185450786408,0.0282084809345628,0.0,0.0
0.4809688581314879,0.1003460207612456,0.0022162554027333,0.0280352875451745,0.0,0.0
0.5259515570934256,0.1003460207612456,0.0004626677807574,0.0274581738998334,0.0,0.0
0.5501730103806228,0.1003460207612456,-0.0004637282536767,0.0270649419182903,0.0,0.0
0.6089965397923875,0.1003460207612456,-0.0029629581767844,0.0257226743407563,0.0,0.0
0.6193771626297578,0.1003460207612456,-0.0034552731585183,0.0254587343158155,0.0,0.0
0.6401384083044983,0.1003460207612456,-0.0042924031909312,0.0248861617074955,0.0,0.0
0.3910034602076124,0.0968858131487889,0.0063764835022646,0.0278967367243502,0.0,0.0
0.4048442906574394,0.0968858131487889,0.005684540775074501,0.0278412552060065,0.0,0.0
0.5017301038062284,0.0968858131487889,0.0013918794431998,0.0273949517209142,0.0,0.0
0.5363321799307958,0.0968858131487889,3.901242278205948e-05,0.0269076908069468,0.0,0.0
0.5605536332179931,0.0968858131487889,-0.0008432899789899,0.0264269345042957,0.0,0.0
0.6401384083044983,0.0968858131487889,-0.0042837432215206,0.0244370108596119,0.0,0.0
0.3910034602076124,0.0934256055363321,0.0062878803405209,0.0273618795928069,0.0,0.0
0.4152249134948096,0.0934256055363321,0.0050583715546169,0.0273115014903312,0.0,0.0
0.4567474048442906,0.0934256055363321,0.0031249171243201,0.0272728061144681,0.0,0.0
0.5778546712802768,0.0934256055363321,-0.0015892332743187,0.025616264514445,0.0,0.0
0.5916955017301038,0.0934256055363321,-0.0021551430857311,0.0253559540561011,0.0,0.0
0.6401384083044983,0.0934256055363321,-0.0042525305214335,0.0239385349363217,0.0,0.0
0.3910034602076124,0.0899653979238754,0.006213210046009,0.0268866321313166,0.0,0.0
0.4290657439446367,0.0899653979238754,0.0043425481475357,0.0268600449452805,0.0,0.0
0.4705882352941176,0.0899653979238754,0.0024875787891884,0.0268610209933972,0.0,0.0
0.5155709342560554,0.0899653979238754,0.0008221916687158,0.0264294103827477,0.0,0.0
0.6055363321799307,0.0899653979238754,-0.0026931591895068,0.0245982844989356,0.0,0.0
0.6228373702422145,0.0899653979238754,-0.0035099688778313,0.0241184477838037,0.0,0.0
0.6401384083044983,0.0899653979238754,-0.0041859739632745,0.023393873589283003,0.0,0.0
0.3910034602076124,0.0865051903114186,0.0061757317663379,0.0263437776091155,0.0,0.0
0.4844290657439446,0.0865051903114186,0.0019302246958061,0.0263674480973432,0.0,0.0
0.5570934256055363,0.0865051903114186,-0.0007577405014227,0.0253722148048739,0.0,0.0
0.6401384083044983,0.0865051903114186,-0.0041594182476718,0.0228989467397581,0.0,0.0
0.643598615916955,0.0865051903114186,-0.0042561208214096,0.0226115841896322,0.0,0.0
0.3910034602076124,0.0830449826989619,0.0061134529245924,0.0257941787417906,0.0,0.0
0.4186851211072664,0.0830449826989619,0.0046875937003143,0.0259279695077774,0.0,0.0
0.4394463667820069,0.0830449826989619,0.0037218441858445006,0.025975153295608,0.0,0.0
0.4982698961937716,0.0830449826989619,0.0014099981873568,0.0258312012917839,0.0,0.0
0.5294117647058824,0.0830449826989619,0.0002722915124638,0.0254730397380817,0.0,0.0
0.5743944636678201,0.0830449826989619,-0.001387419448426,0.0245714561652736,0.0,0.0
0.643598615916955,0.0830449826989619,-0.0042308826333722,0.0222409935975843,0.0,0.0
0.3910034602076124,0.0795847750865051,0.0060414906603023,0.0252796999564835,0.0,0.0
0.4083044982698962,0.0795847750865051,0.0051380704263008,0.0254127060597995,0.0,0.0
0.4532871972318339,0.0795847750865051,0.0031084963063887,0.025608306140312502,0.0,0.0
0.5190311418685121,0.0795847750865051,0.0005817265089046,0.0252257150132197,0.0,0.0
0.5467128027681661,0.0795847750865051,-0.0003598332355793,0.0248085568603121,0.0,0.0
0.5882352941176471,0.0795847750865051,-0.0018932080212494,0.0238170932918127,0.0,0.0
0.6262975778546713,0.0795847750865051,-0.0035401885814269,0.0228270838501589,0.0,0.0
0.643598615916955,0.0795847750865051,-0.0042145528470297,0.021878306485977,0.0,0.0
0.3910034602076124,0.0761245674740484,0.0059887452945534,0.0247699401012235,0.0,0.0
0.4671280276816609,0.0761245674740484,0.0024898186757435,0.0252815559193334,0.0,0.0
0.5086505190311419,0.0761245674740484,0.0009972576353183,0.024964718329843295,0.0,0.0
0.5640138408304498,0.0761245674740484,-0.0009853380614364,0.0240341852809176,0.0,0.0
0.643598615916955,0.0761245674740484,-0.0041761803447474,0.0214569872218448,0.0,0.0
0.3910034602076124,0.0726643598615917,0.0059197915632583,0.0242428640110195,0.0,0.0
0.4221453287197231,0.0726643598615917,0.0043211726871197,0.0245623972681198,0.0,0.0
0.4359861591695502,0.0726643598615917,0.0037190476675445,0.0247136082787703,0.0,0.0
0.4809688581314879,0.0726643598615917,0.0019688305477964,0.0248115785852361,0.0,0.0
0.5363321799307958,0.0726643598615917,-7.620197372036431e-06,0.0242811297759864,0.0,0.0
0.5986159169550173,0.0726643598615917,-0.002276834514554,0.0228114161802315,0.0,0.0
0.6124567474048442,0.0726643598615917,-0.0028894105368608,0.0224442236497867,0.0,0.0
0.643598615916955,0.0726643598615917,-0.0041328839783504,0.0209744288608165,0.0,0.0
0.3910034602076124,0.0692041522491349,0.0058280609499537,0.0236802200495371,0.0,0.0
0.4567474048442906,0.0692041522491349,0.0027802584903285,0.024383827073248,0.0,0.0
0.5224913494809689,0.0692041522491349,0.0004606075717595,0.0240282601614471,0.0,0.0
0.5778546712802768,0.0692041522491349,-0.0014501105334262,0.0228970488550102,0.0,0.0
0.643598615916955,0.0692041522491349,-0.0040901209150283,0.0205789477747744,0.0,0.0
0.3910034602076124,0.0657439446366782,0.0057433013301644,0.0231008350277454,0.0,0.0
0.4048442906574394,0.0657439446366782,0.0050085086879204,0.0233100196071948,0.0,0.0
0.4463667820069204,0.0657439446366782,0.0031951836255665,0.0239265669526572,0.0,0.0
0.4705882352941176,0.0657439446366782,0.0022444391357254,0.0240133616987639,0.0,0.0
0.4913494809688581,0.0657439446366782,0.0015528297062288,0.0239780343114716,0.0,0.0
0.6262975778546713,0.0657439446366782,-0.0033512982756327,0.0212120066474399,0.0,0.0
0.643598615916955,0.0657439446366782,-0.0040794627870502,0.0201799042782349,0.0,0.0
0.3910034602076124,0.0622837370242214,0.0056518843224944,0.0225437955404866,0.0,0.0
0.4152249134948096,0.0622837370242214,0.0044448874935683,0.0230022897239043,0.0,0.0
0.5051903114186851,0.0622837370242214,0.0010263502667412,0.0235722588882865,0.0,0.0
0.5432525951557093,0.0622837370242214,-0.0002689147172587,0.0230182934448616,0.0,0.0
0.5605536332179931,0.0622837370242214,-0.0008079393506615,0.0225856627100232,0.0,0.0
0.5916955017301038,0.0622837370242214,-0.0018990371456675,0.0218040850466031,0.0,0.0
0.615916955017301,0.0622837370242214,-0.0028589099169325,0.0211633625702145,0.0,0.0
0.643598615916955,0.0622837370242214,-0.0040328669268113,0.0197718388985727,0.0,0.0
0.3875432525951557,0.0588235294117647,0.0057390865449808,0.021856948720227,0.0,0.0
0.3910034602076124,0.0588235294117647,0.0055719296886765,0.021956503789657595,0.0,0.0
0.4290657439446367,0.0588235294117647,0.0037615713314812,0.0228546447676591,0.0,0.0
0.5294117647058824,0.0588235294117647,0.0001889057024445,0.0228944597174784,0.0,0.0
0.5813148788927336,0.0588235294117647,-0.0015023867411695,0.0217308476673502,0.0,0.0
0.6055363321799307,0.0588235294117647,-0.0023937560992308,0.0210914179181089,0.0,0.0
0.643598615916955,0.0588235294117647,-0.0039895456455473,0.0193258140336434,0.0,0.0
0.3875432525951557,0.0553633217993079,0.0056305720743137,0.0212927760475842,0.0,0.0
0.4013840830449827,0.0553633217993079,0.0049676146489786,0.0217254463972454,0.0,0.0
0.4636678200692041,0.0553633217993079,0.002422668491041,0.022817174003483,0.0,0.0
0.4809688581314879,0.0553633217993079,0.0018472311001284,0.0228679386042085,0.0,0.0
0.5155709342560554,0.0553633217993079,0.0006644625041623,0.022700015624242405,0.0,0.0
0.629757785467128,0.0553633217993079,-0.0033170074984939,0.0197795776752268,0.0,0.0
0.643598615916955,0.0553633217993079,-0.0039353774678212,0.0189902793835525,0.0,0.0
0.6470588235294118,0.0553633217993079,-0.0040863313545329,0.0187469599061357,0.0,0.0
0.3875432525951557,0.0519031141868512,0.0055331378846728,0.0206993063325653,0.0,0.0
0.4117647058823529,0.0519031141868512,0.0044009200950166,0.0215016402029922,0.0,0.0
0.4463667820069204,0.0519031141868512,0.003007907535381,0.0222781586929779,0.0,0.0
0.5501730103806228,0.0519031141868512,-0.0004468157270389,0.0217463152180921,0.0,0.0
0.5709342560553633,0.0519031141868512,-0.0011176637200187,0.0212063898596247,0.0,0.0
0.6193771626297578,0.0519031141868512,-0.0028535197945244,0.0199064539551259,0.0,0.0
0.6470588235294118,0.0519031141868512,-0.0040423598446659,0.0184044298904711,0.0,0.0
0.3875432525951557,0.0484429065743944,0.0054438768871822,0.0201578997271842,0.0,0.0
0.4948096885813148,0.0484429065743944,0.0013341762722559,0.0220798659454809,0.0,0.0
0.5605536332179931,0.0484429065743944,-0.0007800946694649,0.0211883411016051,0.0,0.0
0.5847750865051903,0.0484429065743944,-0.0015397963722391,0.0204142350804569,0.0,0.0
0.6470588235294118,0.0484429065743944,-0.0039817340894643,0.018017236964425,0.0,0.0
0.3875432525951557,0.0449826989619377,0.0053735298882319,0.0196181888064322,0.0,0.0
0.4359861591695502,0.0449826989619377,0.0033110417593799,0.0212767851836147,0.0,0.0
0.4844290657439446,0.0449826989619377,0.0016595773857766,0.0216958731397112,0.0,0.0
0.5051903114186851,0.0449826989619377,0.0009769124606212,0.0216929713756891,0.0,0.0
0.532871972318339,0.0449826989619377,9.113466850843032e-05,0.0214032926858467,0.0,0.0
0.5986159169550173,0.0449826989619377,-0.001992724489045,0.0196983392108951,0.0,0.0
0.6470588235294118,0.0449826989619377,-0.0039696525949029,0.0177405417459697,0.0,0.0
0.3875432525951557,0.0415224913494809,0.0052838340820345,0.0191424987320331,0.0,0.0
0.4221453287197231,0.0415224913494809,0.0037681534758965,0.0205095335786116,0.0,0.0
0.4532871972318339,0.0415224913494809,0.0026600896509262,0.0211722136247645,0.0,0.0
0.6124567474048442,0.0415224913494809,-0.0024502038542425,0.0189438175660174,0.0,0.0
0.629757785467128,0.0415224913494809,-0.003151899952934,0.0183080670292576,0.0,0.0
0.6470588235294118,0.0415224913494809,-0.0038841869748577,0.0173254948347415,0.0,0.0
0.3840830449826989,0.0380622837370242,0.0052988246858702,0.0183518872019351,0.0,0.0
0.3875432525951557,0.0380622837370242,0.005169009767759,0.0185543695516484,0.0,0.0
0.4048442906574394,0.0380622837370242,0.0044319621204376,0.0194842941123717,0.0,0.0
0.4740484429065744,0.0380622837370242,0.0019716752967266,0.0209327162055416,0.0,0.0
0.5155709342560554,0.0380622837370242,0.0006249693010786,0.0208640229655869,0.0,0.0
0.5501730103806228,0.0380622837370242,-0.0004110942008644,0.0203376910279465,0.0,0.0
0.5674740484429066,0.0380622837370242,-0.0009192988484903,0.0198950281711275,0.0,0.0
0.6470588235294118,0.0380622837370242,-0.0038329667179914,0.0169861734322036,0.0,0.0
0.3840830449826989,0.0346020761245674,0.0051970166242277,0.017743511085562,0.0,0.0
0.4429065743944637,0.0346020761245674,0.0029187439797192,0.0201795553323284,0.0,0.0
0.4878892733564013,0.0346020761245674,0.0015015987201415,0.0206831397208291,0.0,0.0
0.5363321799307958,0.0346020761245674,-1.2281061676962184e-05,0.0202546542809087,0.0,0.0
0.5882352941176471,0.0346020761245674,-0.0015597077210853,0.0189225886270721,0.0,0.0
0.6020761245674741,0.0346020761245674,-0.0020284207623325,0.0185232691354564,0.0,0.0
0.6470588235294118,0.0346020761245674,-0.0037629603271456,0.0165737489195605,0.0,0.0
0.3840830449826989,0.0311418685121107,0.0051192077814752,0.0172424643989835,0.0,0.0
0.4256055363321799,0.0311418685121107,0.0035276210464577,0.0193737499314658,0.0,0.0
0.4602076124567474,0.0311418685121107,0.0023666791601285,0.0200488620576445,0.0,0.0
0.5017301038062284,0.0311418685121107,0.0010114441845935,0.0202620141122635,0.0,0.0
0.6332179930795848,0.0311418685121107,-0.0030980681147577,0.0169674017559848,0.0,0.0
0.6470588235294118,0.0311418685121107,-0.0037052069816941,0.016170074176954,0.0,0.0
0.3840830449826989,0.0276816608996539,0.0050595899307951,0.0168491962977541,0.0,0.0
0.3979238754325259,0.0276816608996539,0.0045172709584803,0.0177647165640124,0.0,0.0
0.4152249134948096,0.0276816608996539,0.003865537524113,0.0185359919712147,0.0,0.0
0.5259515570934256,0.0276816608996539,0.0003275945790845,0.0197156034470357,0.0,0.0
0.5778546712802768,0.0276816608996539,-0.0011982627732203,0.018547175209824,0.0,0.0
0.6193771626297578,0.0276816608996539,-0.0025285020603707,0.0172360318001447,0.0,0.0
0.6470588235294118,0.0276816608996539,-0.0036635829287600995,0.0158583959335736,0.0,0.0
0.3806228373702422,0.0242214532871972,0.0050982674743578,0.0160588730724413,0.0,0.0
0.3840830449826989,0.0242214532871972,0.005006834185653,0.0163911522822743,0.0,0.0
0.4498269896193771,0.0242214532871972,0.0026653152892327,0.01915758806864,0.0,0.0
0.5605536332179931,0.0242214532871972,-0.0006514516028619,0.018645039475683,0.0,0.0
0.5986159169550173,0.0242214532871972,-0.0017979695688846,0.0176108338882473,0.0,0.0
0.6470588235294118,0.0242214532871972,-0.0035803324682181,0.015431283749668,0.0,0.0
0.6505190311418685,0.0242214532871972,-0.0037652510967724,0.0153196241111484,0.0,0.0
0.3806228373702422,0.0207612456747404,0.0050366009408969,0.0156666962962851,0.0,0.0
0.4325259515570934,0.0207612456747404,0.0031888890816392,0.0183774695832209,0.0,0.0
0.4671280276816609,0.0207612456747404,0.002108262689388,0.019025447097684604,0.0,0.0
0.4844290657439446,0.0207612456747404,0.0015544008774033,0.0191405090488859,0.0,0.0
0.5432525951557093,0.0207612456747404,-0.0001721559346004,0.0187410224875469,0.0,0.0
0.6505190311418685,0.0207612456747404,-0.0036962989938563,0.0148988669388094,0.0,0.0
0.3806228373702422,0.0173010380622837,0.0049755739055887,0.0152008608202525,0.0,0.0
0.4013840830449827,0.0173010380622837,0.0042371874965829,0.0166843107927007,0.0,0.0
0.4982698961937716,0.0173010380622837,0.0011438992334385,0.0188212993042795,0.0,0.0
0.5121107266435986,0.0173010380622837,0.0007753057316374,0.0188326469892393,0.0,0.0
0.6332179930795848,0.0173010380622837,-0.0028546699351801,0.0154212829910825,0.0,0.0
0.6505190311418685,0.0173010380622837,-0.0036080780957327,0.0144450405995008,0.0,0.0
0.3806228373702422,0.0138408304498269,0.0049301956030654,0.014828279189037,0.0,0.0
0.4152249134948096,0.0138408304498269,0.0037247383020416,0.0170007117709531,0.0,0.0
0.4429065743944637,0.0138408304498269,0.0028192368352403,0.0178910611876359,0.0,0.0
0.4567474048442906,0.0138408304498269,0.0023714507915664,0.0181268072709992,0.0,0.0
0.5259515570934256,0.0138408304498269,0.0003269834452829,0.0183471818219991,0.0,0.0
0.5536332179930796,0.0138408304498269,-0.0004287199755637,0.0177925484985183,0.0,0.0
0.5709342560553633,0.0138408304498269,-0.0008970004580137,0.0173811815531793,0.0,0.0
0.5847750865051903,0.0138408304498269,-0.0013225619442014,0.0170240584492274,0.0,0.0
0.6089965397923875,0.0138408304498269,-0.002027614220825,0.0161925138016952,0.0,0.0
0.6228373702422145,0.0138408304498269,-0.0024885960107335,0.0156281380594098,0.0,0.0
0.6505190311418685,0.0138408304498269,-0.0035400029586615,0.014110081243619002,0.0,0.0
0.3771626297577855,0.0103806228373702,0.004944729125977,0.014124520565609,0.0,0.0
0.3806228373702422,0.0103806228373702,0.004870210646683,0.0144203666324276,0.0,0.0
0.6505190311418685,0.0103806228373702,-0.0034740623813399,0.013772490161255,0.0,0.0
0.3771626297577855,0.0069204152249134,0.0048947353945605,0.0137599746631712,0.0,0.0
0.6505190311418685,0.0069204152249134,-0.0033885929534373,0.013423179063211,0.0,0.0
0.3771626297577855,0.0034602076124567,0.0048356604715702,0.0133235399125453,0.0,0.0
0.6505190311418685,0.0034602076124567,-0.0033002438842382,0.0130670913599711,0.0,0.0
0.3771626297577855,0.0,0.0047693872284405,0.012958468171741,0.0,0.0
0.3806228373702422,0.0,0.0046728236414094,0.0132587158263681,0.0,0.0
0.3840830449826989,0.0,0.0045924290910076,0.0135533141112277,0.0,0.0
0.3875432525951557,0.0,0.0044899705960801,0.0138468337779636,0.0,0.0
0.3910034602076124,0.0,0.0043898456472335,0.014122670034865,0.0,0.0
0.3944636678200692,0.0,0.0042553958875734,0.0143738326006949,0.0,0.0
0.3979238754325259,0.0,0.0041331490834278,0.014586660239151897,0.0,0.0
0.4013840830449827,0.0,0.0040390342648111,0.0147694349089287,0.0,0.0
0.4048442906574394,0.0,0.0039152286086148,0.0149766584361843,0.0,0.0
0.4083044982698962,0.0,0.0038232257386511,0.0151485782381114,0.0,0.0
0.4117647058823529,0.0,0.0036963268973415,0.015309341189368598,0.0,0.0
0.4152249134948096,0.0,0.0035930971939331,0.015441434114247799,0.0,0.0
0.4186851211072664,0.0,0.0034957840854131,0.0156213114052282,0.0,0.0
0.4221453287197231,0.0,0.0034039719883127,0.0157695335455925,0.0,0.0
0.4256055363321799,0.0,0.0033025998979476,0.01590397556266,0.0,0.0
0.4290657439446367,0.0,0.0032075689351251,0.0160210782350723,0.0,0.0
0.4325259515570934,0.0,0.0030753109310221,0.0161188082398777,0.0,0.0
0.4359861591695502,0.0,0.0030024832468575,0.0162368321614366,0.0,0.0
0.4394463667820069,0.0,0.0028702437211667,0.0163452693505868,0.0,0.0
0.4429065743944637,0.0,0.0027631525179006,0.0164226592717646,0.0,0.0
0.4463667820069204,0.0,0.0026687784342708,0.0164994320405396,0.0,0.0
0.4498269896193771,0.0,0.0025433543409045,0.0165833052258911,0.0,0.0
0.4532871972318339,0.0,0.0024311822652905,0.0166609218376946,0.0,0.0
0.4567474048442906,0.0,0.0023456740902928,0.0167286439575637,0.0,0.0
0.4602076124567474,0.0,0.0022424390857193,0.0167657720340524,0.0,0.0
0.4636678200692041,0.0,0.0021410117759362,0.0168338033624058,0.0,0.0
0.4671280276816609,0.0,0.0020052153747723,0.0168932182231096,0.0,0.0
0.4705882352941176,0.0,0.0019396586247705,0.0169242191842269,0.0,0.0
0.4740484429065744,0.0,0.0018528727451216,0.0169626937357391,0.0,0.0
0.4775086505190311,0.0,0.0017590323128197003,0.0170053623946354,0.0,0.0
0.4809688581314879,0.0,0.0016604876150704002,0.0170431099124373,0.0,0.0
0.4844290657439446,0.0,0.0015327173556927,0.0170771238936763,0.0,0.0
0.4878892733564013,0.0,0.0014499927511748,0.0170899287203123,0.0,0.0
0.4913494809688581,0.0,0.0013742957441391,0.0171097913827117,0.0,0.0
0.4948096885813148,0.0,0.0012483209546249,0.0171024688343741,0.0,0.0
0.4982698961937716,0.0,0.0011577164002229,0.0171035432559439,0.0,0.0
0.5017301038062284,0.0,0.0010553246471165,0.0171105152553639,0.0,0.0
0.5051903114186851,0.0,0.0009523814231436,0.0171053221274795,0.0,0.0
0.5086505190311419,0.0,0.0008651219188747,0.0171015834534296,0.0,0.0
0.5121107266435986,0.0,0.0007769864496004,0.0170894173319075,0.0,0.0
0.5155709342560554,0.0,0.0006283571120481,0.0170657012270625,0.0,0.0
0.5190311418685121,0.0,0.0005476524691467,0.0170520980607399,0.0,0.0
0.5224913494809689,0.0,0.0004570487358251,0.0170223060211459,0.0,0.0
0.5259515570934256,0.0,0.0003442726130767,0.0169798373550141,0.0,0.0
0.5294117647058824,0.0,0.0002531373027415,0.016938333438281,0.0,0.0
0.532871972318339,0.0,0.0001627364116019,0.0168843725704785,0.0,0.0
0.5363321799307958,0.0,7.19214081330114e-05,0.01683447433705,0.0,0.0
0.5397923875432526,0.0,-1.0623629751143748e-05,0.0167772527447681,0.0,0.0
0.5432525951557093,0.0,-0.0001287628707999,0.01673737258242,0.0,0.0
0.5467128027681661,0.0,-0.0002145136788498,0.0166569935148153,0.0,0.0
0.5501730103806228,0.0,-0.0002955722813049,0.0165690551869368,0.0,0.0
0.5536332179930796,0.0,-0.0003843923373123,0.0164691015638511,0.0,0.0
0.5570934256055363,0.0,-0.00047992627381060005,0.0163765606966709,0.0,0.0
0.5605536332179931,0.0,-0.0005714610701285,0.0162486714276447,0.0,0.0
0.5640138408304498,0.0,-0.0006610725772223,0.0162092507126057,0.0,0.0
0.5674740484429066,0.0,-0.0007559655678141,0.0161036259046761,0.0,0.0
0.5709342560553633,0.0,-0.0008574014199938,0.016023000075697,0.0,0.0
0.5743944636678201,0.0,-0.0009398027095623,0.0159151791377742,0.0,0.0
0.5778546712802768,0.0,-0.0010513061487305,0.0158832380438905,0.0,0.0
0.5813148788927336,0.0,-0.0011496417104348,0.015805752734682,0.0,0.0
0.5847750865051903,0.0,-0.0012582026723989,0.0157146040658615,0.0,0.0
0.5882352941176471,0.0,-0.0013604424841691,0.015615633674396,0.0,0.0
0.5916955017301038,0.0,-0.001442511690589,0.0154870599183426,0.0,0.0
0.5951557093425606,0.0,-0.0015300880423772,0.0153783772711754,0.0,0.0
0.5986159169550173,0.0,-0.0016502066257813,0.0152643227702411,0.0,0.0
0.6020761245674741,0.0,-0.0017165292936374,0.015087099674839,0.0,0.0
0.6055363321799307,0.0,-0.0018225385454067,0.0149899872236305,0.0,0.0
0.6089965397923875,0.0,-0.0019266813602312,0.014872622451286,0.0,0.0
0.6124567474048442,0.0,-0.0020249130764691,0.014718574844298702,0.0,0.0
0.615916955017301,0.0,-0.0021126433286468,0.0145984376456483,0.0,0.0
0.6193771626297578,0.0,-0.002234063839475,0.0144206232145263,0.0,0.0
0.6228373702422145,0.0,-0.002352275431652,0.0142612610782492,0.0,0.0
0.6262975778546713,0.0,-0.0024243845155316,0.0140902125045487,0.0,0.0
0.629757785467128,0.0,-0.0025424285983638,0.0139135173037415,0.0,0.0
0.6332179930795848,0.0,-0.0026125262508216,0.0136997514537925,0.0,0.0
0.6366782006920415,0.0,-0.0026896047856477,0.013487862117510001,0.0,0.0
0.6401384083044983,0.0,-0.0027833108708085,0.0132696331910611,0.0,0.0
0.643598615916955,0.0,-0.0028897208513401,0.0130926082199963,0.0,0.0
0.6470588235294118,0.0,-0.0030045526571836,0.0128569932386927,0.0,0.0
0.6505190311418685,0.0,-0.0032019702417649,0.012697475757496,0.0,0.0
