id,x,y,ux,uy,fintx,finty,bcx,bcy
0,0.04000000000016646,1.0,0.003306296457278628,0.15000000000000002,-2.688821387764051e-17,0.01645772806287377,0,4
1,0.02000000000008328,1.0,0.0016536423981276254,0.15000000000000002,-1.6479873021779667e-17,0.016457170045619827,0,4
2,0.03232300272509022,0.9832996072706063,0.002672751824237732,0.14785947486856657,3.5128150388530344e-17,9.194034422677078e-17,0,0
3,0.05000670305834538,0.987790537300419,0.004133306326101257,0.1484343301936986,1.6046192152785466e-17,-1.465841337200402e-16,0,0
4,0.01464101615145555,0.9853589838485708,0.0012107183323470678,0.14812424395325408,3.8163916471489756e-17,1.6653345369377348e-16,0,0
5,0.06000000000024963,1.0,0.0049575012610848885,0.15000000000000002,3.642919299551295e-17,0.01646126191551338,0,4
6,0.04951553635497874,0.9722873302562729,0.004094569073153917,0.14644639459568137,3.122502256758253e-17,9.454242944073599e-17,0,0
7,0.0,1.0,0.0,0.15000000000000002,-0.0077005842310096705,0.00822798000318379,1,4
8,0.01675426480541296,0.9690192378865387,0.0013862628244092504,0.14603096950901462,-4.163336342344337e-17,-6.591949208711867e-17,0,0
9,0.06820838232751653,0.9809976188558553,0.00563617020729931,0.14756111825221557,-6.765421556309548e-17,1.214306433183765e-16,0,0
10,0.08000000000033292,1.0,0.006606716555009998,0.15000000000000002,-5.160802341031001e-17,0.01646404785165146,0,4
11,0.1000000000004161,1.0,0.008252452278311527,0.15000000000000002,4.683753385137379e-17,0.01646750826605996,0,4
12,0.09030668950749172,0.9826249551222674,0.007456656200042332,0.14776673951158134,2.2985086056692694e-17,-4.85722573273506e-17,0,0
13,0.03293076030482936,0.9630175393470397,0.0027247359788230906,0.14526060626323423,1.1275702593849246e-17,-1.2576745200831851e-16,0,0
14,0.0,0.9800000000000189,0.0,0.1474379100385552,-0.015402375616274182,-5.637851296924623e-17,1,0
15,0.1100818312278703,0.983697750238486,0.009082122177834506,0.1479015874020439,9.540979117872439e-18,3.5561831257524545e-17,0,0
16,0.1200000000004994,1.0,0.009894567448126227,0.15000000000000002,-2.949029909160572e-17,0.016473396836539554,0,4
17,0.04601908431555364,0.9517292130914922,0.0038091790396951575,0.14381253202911656,4.336808689942018e-18,2.949029909160572e-17,0,0
18,0.0642509559649633,0.9587408182644405,0.005314153825338932,0.14470654724819304,1.3010426069826053e-17,-5.551115123125783e-17,0,0
19,0.01724790855729413,0.9514067164600164,0.0014280879220385685,0.14377565453127655,-2.862293735361732e-17,2.7755575615628914e-17,0,0
20,0.0,0.9600000000000526,0.0,0.14487676808676667,-0.015403835209457845,-4.85722573273506e-17,1,0
21,0.08329564921735125,0.9641369649257632,0.006883809952198722,0.14539332985604553,4.85722573273506e-17,-1.9168694409543718e-16,0,0
22,0.1029690844391794,0.9678636157400184,0.008502223340312233,0.14586588314334215,-2.42861286636753e-17,-1.8214596497756474e-17,0,0
23,0.130000000000541,0.9826794919242392,0.010715584665050605,0.1477660787094493,7.806255641895632e-18,-1.205632815803881e-16,0,0
24,0.1400000000005825,1.0,0.01153196309660239,0.15000000000000002,1.0408340855860843e-17,0.01648033515427676,0,4
25,0.03153226162719184,0.9440368083945191,0.0026118736485935662,0.14283032011065525,-1.5612511283791264e-17,2.949029909160572e-17,0,0
26,0.1200048973229609,0.9713673042889339,0.009899972405085743,0.14631118407848992,6.245004513516506e-17,2.7755575615628914e-17,0,0
27,0.1495222732334486,0.9826679317689861,0.012312032458429866,0.1477599063132401,-1.0408340855860843e-17,-8.847089727481716e-17,0,0
28,0.1600000000006658,1.0,0.013164201633764132,0.15000000000000002,6.071532165918825e-18,0.01648578734674886,0,4
29,0.05994800125355652,0.9380098468577476,0.004964883128592569,0.1420507460190957,-1.431146867680866e-17,3.8163916471489756e-17,0,0
30,0.04092996143668184,0.9318213742464758,0.003392784951830046,0.14126511675942277,2.905661822261152e-17,-1.734723475976807e-18,0,0
31,0.0789659417699818,0.9441979224080344,0.006533710093111022,0.14283587351107338,5.898059818321144e-17,1.5439038936193583e-16,0,0
32,0.0,0.9400000000000998,0.0,0.1423170733987746,-0.015406073619879905,6.071532165918825e-17,1,0
33,0.02052328817155788,0.929730745330685,0.0017018169168623847,0.14100206699382953,8.673617379884035e-19,-4.163336342344337e-17,0,0
34,0.09762535966477333,0.9499196179012076,0.008069530619282075,0.14356138379905872,-1.0321604682062002e-16,1.3877787807814457e-17,0,0
35,0.1165000796946289,0.9554351019634533,0.009619077329309696,0.14426069302874173,-3.8163916471489756e-17,9.367506770274758e-17,0,0
36,0.13640794183503,0.9643982025783117,0.01124678422387967,0.14540551290816708,5.637851296924623e-18,1.9081958235744878e-16,0,0
37,0.168469738189456,0.9830619683466068,0.013856168556279897,0.14780631079486478,-1.8214596497756474e-17,-9.974659986866641e-17,0,0
38,0.180000000000749,1.0,0.014791115557817825,0.15000000000000002,-7.806255641895632e-18,0.016494122113632083,0,4
39,0.1571658894098232,0.9666267785429369,0.012941549714452534,0.14568323853260035,-2.6020852139652106e-18,8.847089727481716e-17,0,0
40,0.189767965830992,0.9805332096607943,0.015585942381282693,0.14747163564714627,-2.7755575615628914e-17,-6.245004513516506e-17,0,0
41,0.07481623589727063,0.924633736029046,0.006200048817700547,0.14032972601649013,-5.551115123125783e-17,-7.112366251504909e-17,0,0
42,0.0557983572776371,0.9184455065417879,0.0046290225441475005,0.13954773265548337,-3.903127820947816e-18,-2.0816681711721685e-17,0,0
43,0.036780304968602,0.9122570346733238,0.003054387976321846,0.13876437022519217,2.168404344971009e-18,-6.331740687315346e-17,0,0
44,0.09383354963153673,0.9308212990147324,0.007766939868280619,0.14111099430012183,2.7321894746634712e-17,1.1622647289044608e-16,0,0
45,0.0,0.9200000000001403,0.0,0.13975992154792619,-0.015408025804245034,9.540979117872439e-18,1,0
46,0.1128491821635707,0.9370071319403168,0.009329209065481023,0.14189208575269438,-1.734723475976807e-18,-2.2551405187698492e-17,0,0
47,0.1318356546118255,0.9431692527342443,0.010884165646402634,0.14267126205406613,1.214306433183765e-17,-1.7867651802561113e-16,0,0
48,0.1510423410020633,0.9489796391754212,0.012452431754267633,0.14340612987153697,3.946495907847236e-17,1.6479873021779667e-17,0,0
49,0.1758014253994474,0.9690412299273018,0.014457365719052937,0.1459862969546564,-4.163336342344337e-17,8.500145032286355e-17,0,0
50,0.2000000000008322,1.0,0.016411468506237963,0.15000000000000002,0.0,0.01650263740021578,0,4
51,0.01722418943860115,0.9093685710658588,0.00143129474584867,0.13840062905078912,2.0816681711721685e-17,-5.377642775528102e-17,0,0
52,0.1700409752926172,0.9544763768263718,0.013997863291172067,0.14410247429210887,3.2959746043559335e-17,-2.3418766925686896e-17,0,0
53,0.210000000000869,0.9826794919242412,0.017221076406311566,0.14774293646523673,3.9898639947466563e-17,-1.3877787807814457e-17,0,0
54,0.1886956945753838,0.9617339356693173,0.015507636187678456,0.145030722998445,2.5153490401663703e-17,-1.2836953722228372e-16,0,0
55,0.2200000000009155,1.0,0.01802418151547423,0.15000000000000002,-1.9949319973733282e-17,0.016513955476571723,0,4
56,0.07066660887616721,0.9050696464761617,0.00586803632446207,0.13782757708268975,3.3393426912553537e-17,9.194034422677078e-17,0,0
57,0.0896843013820588,0.9112577025014645,0.007437556533221553,0.13860504821871383,2.42861286636753e-17,-1.8388068845354155e-16,0,0
58,0.05164874173645193,0.8988812494125498,0.00429403987696582,0.13704863009190185,-4.2934406030425976e-17,8.760353553682876e-17,0,0
59,0.03326510128999004,0.8934580356323167,0.0027685553389586014,0.1363648861190246,-1.1709383462843448e-17,3.9898639947466563e-17,0,0
60,0.1087018020081531,0.9174458797854141,0.009002195784531162,0.1393819034585318,1.734723475976807e-18,-9.540979117872439e-17,0,0
61,0.0,0.9000000000001855,0.0,0.13720638577315178,-0.015412627494866844,2.949029909160572e-17,1,0
62,0.1277050688637135,0.9236181669867355,0.010560470179468099,0.140156985613537,3.903127820947816e-18,7.892991815694472e-17,0,0
63,0.1466547765801098,0.9297615402728652,0.012108773647621886,0.14092929765395332,-4.5536491244391186e-17,5.204170427930421e-17,0,0
64,0.1655879330213634,0.9359430239181747,0.013649926734406263,0.14170788523713254,6.5052130349130266e-18,6.938893903907228e-18,0,0
65,0.2038786408389507,0.9675983181804595,0.016733109239901244,0.14578280902551116,1.3877787807814457e-17,-3.8163916471489756e-17,0,0
66,0.2299999518439538,0.9826794872487707,0.0188309288310655,0.1477365077009221,-4.597017211338539e-17,-9.80118763926896e-17,0,0
67,0.2400000000009987,1.0,0.01962986321412259,0.15000000000000002,4.9873299934333204e-18,0.016521734015870974,0,4
68,0.2600000000010819,1.0,0.02122770236642646,0.15000000000000002,3.382710778154774e-17,0.016530096149298026,0,4
69,0.250072620498306,0.982969772737339,0.020438644128578945,0.14776740870769767,6.982261990806649e-17,-3.642919299551295e-17,0,0
70,0.01609109631136342,0.8880203633795436,0.0013405235686042996,0.13567720702483008,-6.071532165918825e-18,3.209238430557093e-17,0,0
71,0.1845155913517931,0.9421204893413857,0.015184371195602925,0.14248845912031607,-5.204170427930421e-18,1.6653345369377348e-16,0,0
72,0.220000000000912,0.9653589838484884,0.018035675128150817,0.14548041407277215,5.204170427930421e-18,3.642919299551295e-17,0,0
73,0.2062627666005528,0.9496238362372309,0.016939333463929396,0.1434421921198432,-6.678685382510707e-17,9.367506770274758e-17,0,0
74,0.2699999882812355,0.9835170956992749,0.022026579542242995,0.14783245123694227,-4.85722573273506e-17,6.938893903907228e-17,0,0
75,0.2800000000011651,1.0,0.022817732468064202,0.15000000000000002,-7.806255641895632e-18,0.016541793130796262,0,4
76,0.06651710823806159,0.8855055896751026,0.005537367693669095,0.135330123889928,-2.6020852139652106e-18,-1.5612511283791264e-16,0,0
77,0.08553473939955383,0.8916939426290824,0.007110206777017626,0.13610376175271588,5.5077470362263625e-17,7.112366251504909e-17,0,0
78,0.1045521535504289,0.8978821294919053,0.008677754909051271,0.13687600966126232,-4.9873299934333204e-17,1.0408340855860843e-16,0,0
79,0.04865178536584112,0.8793838943284922,0.004055464241616056,0.1345619458449407,2.6454533008646308e-17,4.683753385137379e-17,0,0
80,0.03128327725141246,0.8746702541249278,0.002610264445262395,0.13397062601800033,-1.6154612370034016e-17,-4.683753385137379e-17,0,0
81,0.1235694939310048,0.904070272612781,0.010239666456368316,0.13764776537239345,-1.6479873021779667e-17,-4.336808689942018e-17,0,0
82,0.0,0.8800000000002458,0.0,0.13465722789716214,-0.015416551121918264,2.5153490401663703e-17,1,0
83,0.142540057100599,0.9102148337844247,0.011791816529446391,0.1384142308524051,3.946495907847236e-17,-8.673617379884035e-17,0,0
84,0.1614803299052495,0.9163800674195061,0.013335241803690022,0.13918433516961107,3.686287386450715e-17,-4.336808689942018e-17,0,0
85,0.1803865239242571,0.9225499917376718,0.014869544155273279,0.13995685301378444,-3.0791341698588326e-17,-1.0755285551056204e-16,0,0
86,0.2404357872557006,0.9653613323564626,0.01967718971462366,0.1454662096090739,-2.42861286636753e-17,-1.4137996329210978e-16,0,0
87,0.2610196840336368,0.9667076194299988,0.02132124669115989,0.14562814721017248,-8.673617379884035e-18,2.42861286636753e-17,0,0
88,0.2897631550125654,0.9827653828389045,0.023593589290526053,0.1477249932544836,-7.806255641895632e-18,6.505213034913027e-17,0,0
89,0.3000000000012484,1.0,0.02439863509928344,0.15000000000000002,6.559423143537302e-18,0.016554951207608762,0,4
90,0.3200000000013316,1.0,0.025971016851040328,0.15000000000000002,-2.0816681711721685e-17,0.01656381537463552,0,4
91,0.3089459256693211,0.9823885790029122,0.025106973831016954,0.14766743894714895,5.160802341031001e-17,3.122502256758253e-17,0,0
92,0.01573934855452849,0.8684145736526215,0.0013145447415085691,0.13318072365065264,1.214306433183765e-17,-8.586881206085195e-17,0,0
93,0.199237239763368,0.9285553134327034,0.016392842069883475,0.1407109912407862,8.153200337090993e-17,-3.8163916471489756e-17,0,0
94,0.2293391931637615,0.9495375012645004,0.0187990184085727,0.14340778292966255,4.597017211338539e-17,1.97758476261356e-16,0,0
95,0.2795741046707085,0.9695391364654514,0.022793972074129903,0.14598715253221461,-4.336808689942018e-18,-8.673617379884035e-17,0,0
96,0.3280131730464912,0.9828604788259226,0.026602514788641927,0.14772250114398466,-3.469446951953614e-18,-1.0148132334464322e-16,0,0
97,0.3400000000014148,1.0,0.027534753092794736,0.15000000000000002,3.8163916471489756e-17,0.01657737415651735,0,4
98,0.08138530755708862,0.8721301567563944,0.006784587698317375,0.13360786053961587,-6.461844948013606e-17,2.949029909160572e-17,0,0
99,0.06236762302517274,0.8659415313361355,0.005207632012436478,0.13283816119897915,4.423544863740858e-17,-8.673617379884035e-18,0,0
100,0.1004027684627881,0.8783185897033319,0.008355796790598148,0.1343754607569014,7.806255641895632e-18,1.2663481374630692e-16,0,0
101,0.1194196240378326,0.8845064774348179,0.009920877870612294,0.13514177269946248,-1.5178830414797062e-17,-5.204170427930421e-17,0,0
102,0.04492151572745764,0.8603870878784303,0.00375618288136648,0.13214479141552837,-7.806255641895632e-18,-9.194034422677078e-17,0,0
103,0.02904532783885965,0.8590153457463284,0.0024293953640610964,0.13198009722509244,-2.6020852139652106e-17,2.0816681711721685e-17,0,0
104,0.138407195847406,0.890664566857932,0.011477181739257287,0.1359038963992574,3.469446951953614e-17,9.020562075079397e-17,0,0
105,0.0,0.8600000000003248,0.0,0.13211279946699853,-0.015422613730973242,4.683753385137379e-17,1,0
106,0.1573696675871127,0.8968018609627955,0.013024799469798003,0.13666375942873107,-6.375108774214766e-17,5.117434254131581e-17,0,0
107,0.176281371207092,0.9030216681640821,0.014561305523380405,0.13743555761133364,-6.071532165918825e-18,9.367506770274758e-17,0,0
108,0.1952435370824973,0.9091637737936274,0.016095022756625665,0.13819929873698356,-1.3877787807814457e-17,2.2551405187698492e-17,0,0
109,0.2194850992021664,0.9334052062369143,0.018023555061906473,0.14131449112082936,-6.158268339717665e-17,-1.734723475976807e-16,0,0
110,0.2526149448468153,0.9471505980203326,0.02066674132617321,0.1430700478652923,-3.0357660829594124e-17,1.3704315460216776e-16,0,0
111,0.2754419673770652,0.9528365386138784,0.022479960854745438,0.14379056152101669,-1.1275702593849246e-17,9.020562075079397e-17,0,0
112,0.2955939234544423,0.9626675547762498,0.024066702853638086,0.14506712729452526,1.6479873021779667e-17,-6.418476861114186e-17,0,0
113,0.31650425106359,0.9652259559951815,0.025710885197357345,0.14538821908359797,-1.734723475976807e-17,6.245004513516506e-17,0,0
114,0.3494452153656302,0.9794004045056546,0.028275000273416583,0.14725135370728798,-2.7321894746634712e-17,1.0928757898653885e-16,0,0
115,0.360000000001498,1.0,0.029088679574878894,0.15000000000000002,-2.42861286636753e-17,0.016583505679902563,0,4
116,0.01659904082368774,0.8497873005265726,0.0013909975298260384,0.13081341776176036,5.421010862427522e-17,-2.168404344971009e-17,0,0
117,0.2141552004239931,0.9150720856588042,0.017617659416190524,0.13893492205483096,4.0766001685454967e-17,1.4203048459560108e-16,0,0
118,0.2392094606053939,0.9357692533503154,0.019606679116577926,0.14159631332278155,3.3393426912553537e-17,-9.80118763926896e-17,0,0
119,0.3340390848726226,0.9674670671110059,0.027082088765503897,0.1456711843628866,-1.6479873021779667e-17,6.158268339717665e-17,0,0
120,0.3697629228876311,0.9833565506893913,0.02984762313443153,0.147771300625149,1.3877787807814457e-17,4.5102810375396984e-17,0,0
121,0.3800000000015813,1.0,0.03063367653442593,0.15000000000000002,-4.5102810375396984e-17,0.016602766554817874,0,4
122,0.09626200625221895,0.8587631057201879,0.008036625641533271,0.13188199271855003,9.107298248878237e-18,-1.717376241217039e-16,0,0
123,0.07725037740988157,0.8525758205611338,0.00646135384342839,0.13111930067870256,2.3418766925686896e-17,-6.591949208711867e-17,0,0
124,0.05824030746179439,0.8463877649188609,0.004879914760279828,0.1303537028531417,3.469446951953614e-18,1.734723475976807e-18,0,0
125,0.1152707777707575,0.8649436381935046,0.009605050480029888,0.13264186230053665,6.201636426617085e-17,-1.1449174941446927e-16,0,0
126,0.1342855909193939,0.8711294023881502,0.011167044249832565,0.13340130367446704,-4.163336342344337e-17,-9.020562075079397e-17,0,0
127,0.03668345683721189,0.8418175125490893,0.0030781055655075946,0.12979174225481319,3.0357660829594124e-18,-3.729655473350135e-17,0,0
128,0.1532581019781437,0.8772767874756431,0.012718447518600856,0.134155659534127,-2.3418766925686896e-17,4.597017211338539e-17,0,0
129,0.0,0.8400000000004,0.0,0.1295744497404009,-0.015431288826600418,-8.500145032286355e-17,1,0
130,0.1722128685615043,0.8834525467875002,0.014260981694724928,0.1349143301843215,1.691355389077387e-17,-6.071532165918825e-18,0,0
131,0.1911211252955096,0.8896679984941889,0.015792134935889924,0.13567967885727247,2.862293735361732e-17,-3.2959746043559335e-17,0,0
132,0.2101158409323891,0.8957995238001368,0.017322765356514773,0.1364358910403432,-3.8163916471489756e-17,-3.642919299551295e-17,0,0
133,0.2334416935254613,0.9205393333885131,0.019163828663620788,0.13961453824855077,-6.071532165918825e-18,-1.0950441942103595e-16,0,0
134,0.2522338260105055,0.9275099231314817,0.020659534282602202,0.14049525196114857,1.734723475976807e-17,-6.418476861114186e-17,0,0
135,0.2713347335777835,0.9339897000319867,0.022174233685160118,0.1413172046047893,4.5536491244391186e-17,-1.5785983631388945e-16,0,0
136,0.2903511305383566,0.940178809474723,0.023675012787431508,0.1421043968893334,-3.469446951953614e-17,-7.28583859910259e-17,0,0
137,0.3096861610795566,0.9464345930301078,0.025193503241469507,0.14290506463498626,5.117434254131581e-17,1.3183898417423734e-16,0,0
138,0.3287217788528926,0.9515153737204619,0.026680919270456252,0.1435551008301041,-4.336808689942018e-18,-1.700029006457271e-16,0,0
139,0.3475110060345089,0.9583331225078096,0.02813927252326563,0.1444420969248397,3.9898639947466563e-17,-1.734723475976807e-18,0,0
140,0.3665070151591969,0.9653740304321197,0.029607804542123615,0.14536522395631166,4.8138576458356397e-17,-1.0755285551056204e-16,0,0
141,0.3871123645654871,0.9771750949973823,0.031187762942798285,0.14693278178181565,-2.7321894746634712e-17,-1.3877787807814457e-16,0,0
142,0.4000000000016645,1.0,0.03217050858747725,0.15000000000000002,4.423544863740858e-17,0.016609918170776096,0,4
143,0.01814062329109194,0.8301341470788369,0.0015259718142324045,0.1283212504436609,-6.071532165918825e-18,8.066464163292153e-17,0,0
144,0.2291540091418696,0.9020473798151776,0.018848876113173416,0.13720956079888566,9.540979117872439e-18,1.1015494072452725e-16,0,0
145,0.4100471658915571,0.9821066940902494,0.03294234367778548,0.14758554122246753,8.673617379884035e-18,-4.336808689942018e-17,0,0
146,0.4200000000017478,1.0,0.03369760842536962,0.15000000000000002,1.9081958235744878e-17,0.016623713703553183,0,4
147,0.1111309795386618,0.8453877819691732,0.009292578911866281,0.1301495924417027,-2.168404344971009e-17,6.938893903907228e-17,0,0
148,0.09213182677413621,0.8392226471375902,0.007720078535983372,0.12939734254110535,-8.673617379884035e-18,1.2663481374630692e-16,0,0
149,0.07309022188356437,0.8329947749710682,0.006136886769870808,0.12863444449403835,-7.806255641895632e-18,6.938893903907228e-17,0,0
150,0.05363677219424907,0.8270771792048439,0.004512104898280941,0.1279073766703387,-3.426078865054194e-17,1.43982048506075e-16,0,0
151,0.1301414900388666,0.8515713948058943,0.010858486869302216,0.13090238678781327,-3.0357660829594124e-18,9.020562075079397e-17,0,0
152,0.1491409399485337,0.8577406211383747,0.012415758857619722,0.13165249365168658,-3.469446951953614e-17,-1.3357370765021415e-16,0,0
153,0.03500236565042322,0.8206162238507377,0.002949828329598314,0.12710744547417244,-2.905661822261152e-17,9.454242944073599e-17,0,0
154,0.1680923537949981,0.8638678883974173,0.013961244979313715,0.13239732820219935,5.811323644522304e-17,-1.734723475976807e-18,0,0
155,0.0,0.8200000000004641,0.0,0.12704295855056302,-0.015436752598632687,7.28583859910259e-17,1,0
156,0.1870170286112981,0.8700910963052987,0.015496282061402963,0.1331554808385314,1.3877787807814457e-17,-1.249000902703301e-16,0,0
157,0.2059841626503857,0.876290916945227,0.017026654441794256,0.13391209219454206,-1.8214596497756474e-17,2.7755575615628914e-17,0,0
158,0.2250016387285732,0.8824737642618367,0.01855289936861833,0.13466858636513115,-2.0816681711721685e-17,-4.5102810375396984e-17,0,0
159,0.2481704402260498,0.9082368828298631,0.020365438195025728,0.13797896039076413,-3.122502256758253e-17,1.1535911115245767e-16,0,0
160,0.2671867139074335,0.9144261946520977,0.02187400319067011,0.13875332919759548,6.938893903907228e-18,8.153200337090993e-17,0,0
161,0.2862028397788394,0.9206153479518651,0.02337463958673102,0.13953138091808928,-5.594483210025203e-17,1.0061396160665481e-16,0,0
162,0.3052187475465098,0.9268043445304925,0.024867591554569617,0.14031398599802106,-6.505213034913027e-17,-1.0061396160665481e-16,0,0
163,0.3242344514008547,0.9329932171809934,0.026352750110690177,0.14110113576652117,3.3393426912553537e-17,1.9255430583342559e-16,0,0
164,0.3432500274232689,0.9391816233774757,0.02782953012227157,0.14189429007858778,-7.45931094670027e-17,1.3357370765021415e-16,0,0
165,0.3624917661513574,0.945256561619453,0.02931613489836604,0.14267809772370965,-1.0408340855860843e-17,1.3357370765021415e-16,0,0
166,0.3821421275357682,0.9522672039329987,0.030825482092430058,0.14359246012045376,-1.9081958235744878e-17,1.5785983631388945e-16,0,0
167,0.4010870336415115,0.9585981673619047,0.032273956687067396,0.14442307676589583,-3.8163916471489756e-17,1.5612511283791264e-17,0,0
168,0.4300001212559456,0.9828067865897498,0.03446099888106844,0.14767157621904517,-2.949029909160572e-17,1.3183898417423734e-16,0,0
169,0.4400000000018309,1.0,0.0352156369778774,0.15000000000000002,-1.474514954580286e-17,0.01663615904532125,0,4
170,0.01714560909227536,0.810173272637508,0.0014484837025177666,0.12579866945256957,3.122502256758253e-17,2.6020852139652106e-18,0,0
171,0.244022439358565,0.8886735838831652,0.020071159620343573,0.13543022533317955,1.734723475976807e-17,-8.998878031629687e-17,0,0
172,0.421505551642548,0.9645251417209334,0.033827053649087654,0.14520304541670442,-9.540979117872439e-18,9.540979117872439e-17,0,0
173,0.4500006920819306,0.9826791167116691,0.03597452654433412,0.14764556659646685,5.724587470723463e-17,8.066464163292153e-17,0,0
174,0.4600000000019141,1.0,0.03672441130078574,0.15000000000000002,-3.817408086685681e-17,0.01664736281734859,0,4
175,0.4800000000019974,1.0,0.03822451455393191,0.15000000000000002,9.540979117872439e-18,0.01665729444277861,0,4
176,0.4698893621118765,0.9826190909260553,0.03747069392125963,0.14762938906139556,-3.267514297328189e-17,-9.194034422677078e-17,0,0
177,0.1260129065487458,0.8320290245581359,0.010554390130527964,0.12841283193817532,-4.597017211338539e-17,2.7755575615628914e-17,0,0
178,0.106999078768117,0.8258337933237394,0.008983150447733918,0.12766517095335064,3.382710778154774e-17,3.9898639947466563e-17,0,0
179,0.08795061723008335,0.8196136028073373,0.007400898793338346,0.12691190484102127,-1.3877787807814457e-17,-3.469446951953614e-17,0,0
180,0.0688401410306911,0.8133290201632521,0.005805731664343416,0.12614681034168485,2.3418766925686896e-17,-1.0234868508263162e-16,0,0
181,0.04996414030180951,0.8073177787760557,0.004222236110363872,0.12541150533314188,1.7997756063259374e-17,-1.457167719820518e-16,0,0
182,0.1450138776356631,0.8381971901234126,0.012116237423280269,0.1291555338836796,3.859759734048396e-17,9.367506770274758e-17,0,0
183,0.1640135240937568,0.8443732804177739,0.013669407062664951,0.1298986828122202,-5.551115123125783e-17,2.42861286636753e-17,0,0
184,0.03298812256851958,0.8006970117859586,0.0027929263743288325,0.12459436898685168,1.0408340855860843e-17,-1.9949319973733282e-17,0,0
185,0.18295480248176,0.850515159629451,0.015209197152225799,0.1306379255492805,9.540979117872439e-18,5.551115123125783e-17,0,0
186,0.0,0.8000000000005446,0.0,0.12451932173237483,-0.015446147358255086,-5.637851296924623e-17,1,0
187,0.2019130634774329,0.8567118303866204,0.01674152544148331,0.13138533834108138,-8.673617379884035e-19,1.1622647289044608e-16,0,0
188,0.2208738894723162,0.862920613307268,0.018265281448028144,0.1321362296418832,-2.42861286636753e-17,-3.469446951953614e-17,0,0
189,0.2398737294382154,0.8691088100257465,0.01978352837058397,0.132887009681334,5.377642775528102e-17,-1.734723475976807e-17,0,0
190,0.263038567744266,0.8948630493096378,0.02158078963053818,0.13619461825075696,1.474514954580286e-17,3.8163916471489756e-17,0,0
191,0.2820546898014366,0.9010522939420277,0.02308190377736068,0.1369630940267445,4.2500725161431774e-17,3.642919299551295e-17,0,0
192,0.3010704958516282,0.9072412738075176,0.0245748465741561,0.1377359255031817,3.903127820947816e-17,-1.3704315460216776e-16,0,0
193,0.3200862389721952,0.9134300924332327,0.026059751094546328,0.13851338829679458,2.168404344971009e-17,-1.8041124150158794e-16,0,0
194,0.3391019621673921,0.9196186163331391,0.02753676547934437,0.13929622943628017,3.599551212651875e-17,-2.0296264668928643e-16,0,0
195,0.3581261426198155,0.9258174273280392,0.029006243008042647,0.14008659107588983,3.0357660829594124e-17,-1.6653345369377348e-16,0,0
196,0.3771739912960863,0.9320429436632636,0.030469467623663603,0.14088645204822878,2.6454533008646308e-17,-1.734723475976807e-16,0,0
197,0.3963716708906149,0.9384355105118752,0.031936509924647624,0.14171414795075915,9.80118763926896e-17,4.5102810375396984e-17,0,0
198,0.4158899559118784,0.9453826646854219,0.033419338657126464,0.1426231989421595,-1.0581813203458523e-16,-1.734723475976807e-16,0,0
199,0.439898283170633,0.9659103568809173,0.03522123533076642,0.14537470412562264,9.540979117872439e-18,-2.1597307275911248e-16,0,0
200,0.4900000842926137,0.9826795038325518,0.038974582942147146,0.1476295418519211,0.0,-7.19910242530375e-17,0,0
201,0.500000000002059,1.0,0.0397159044508084,0.15000000000000002,3.382710778154774e-17,0.016668707297809487,0,4
202,0.01674254304361746,0.7895922531085066,0.0014219335302716252,0.12320622375341328,7.806255641895632e-18,-1.9081958235744878e-17,0,0
203,0.2588902810045144,0.8752998716982424,0.02129442380105306,0.13364164499013811,-1.1275702593849246e-17,-8.066464163292153e-17,0,0
204,0.4314106600639073,0.9515528420506056,0.03459202795434989,0.1434367162321587,5.0306980803327406e-17,1.6046192152785466e-16,0,0
205,0.4591163306859123,0.9648547474194324,0.036672317468275706,0.14521522204667162,3.8163916471489756e-17,1.9081958235744878e-17,0,0
206,0.4793347838546417,0.9649968673841194,0.038188647207631383,0.14521792152613455,2.168404344971009e-19,6.938893903907228e-18,0,0
207,0.5099998974596268,0.9826795011067215,0.04046136768764391,0.14762086544201847,-5.204170427930421e-18,1.0321604682062002e-16,0,0
208,0.5200000000019419,1.0,0.04119813103439941,0.15000000000000002,-1.235990476633475e-17,0.01667921996428344,0,4
209,0.5400000000018033,1.0,0.042672117799175624,0.15000000000000002,-3.9898639947466563e-17,0.016688134183422937,0,4
210,0.5299996152044405,0.9826792697630758,0.04193927619423642,0.14761321730229213,3.946495907847236e-17,3.2959746043559335e-17,0,0
211,0.1408736483260662,0.8186480063016744,0.011819468351449558,0.12666584013289708,5.637851296924623e-18,-1.457167719820518e-16,0,0
212,0.1218657755166591,0.812464562299585,0.010251831785236462,0.1259287771958799,3.729655473350135e-17,8.153200337090993e-17,0,0
213,0.1028304069839838,0.8062679242828028,0.008672864569395828,0.12518787188919048,-3.9898639947466563e-17,-5.377642775528102e-17,0,0
214,0.08372663781916873,0.7999932292157782,0.007079496799466562,0.12443388414355046,1.474514954580286e-17,2.949029909160572e-17,0,0
215,0.0640771241942125,0.7931032876490105,0.005432350929989787,0.12359850181299066,-5.421010862427522e-17,-3.469446951953614e-18,0,0
216,0.04659881747735481,0.7887118911475169,0.003956484747639301,0.12306990056045679,3.686287386450715e-17,1.5612511283791264e-17,0,0
217,0.1598750459471261,0.8248174941528541,0.013377371531498492,0.12739995687983321,3.859759734048396e-17,8.673617379884035e-18,0,0
218,0.1788724066200317,0.8309905897483062,0.01492560147624567,0.12813434667209672,-1.214306433183765e-17,-6.245004513516506e-17,0,0
219,0.03322696621957338,0.7780372852290323,0.002830538586549801,0.12174450484890073,-1.1275702593849246e-17,6.591949208711867e-17,0,0
220,0.1978195858656955,0.8371544025730275,0.016460372581091683,0.1288684124084907,-1.3877787807814457e-17,-3.642919299551295e-17,0,0
221,0.0,0.7800000000006034,0.0,0.12200504827853159,-0.015457703990138898,-1.3877787807814457e-17,1,0
222,0.2167952072862091,0.8433402931775711,0.0179880578725519,0.1296067960368149,4.5102810375396984e-17,-1.734723475976807e-18,0,0
223,0.235748619748529,0.849543486754686,0.019504615644826685,0.13034987489983524,0.0,-1.5612511283791264e-17,0,0
224,0.2547467420502566,0.8557366880770754,0.021015604821697308,0.13109469136698973,-6.331740687315346e-17,1.196959198423997e-16,0,0
225,0.2779066724812988,0.8814895241876216,0.022796534303579627,0.1344000779648727,-1.9081958235744878e-17,-5.963111948670274e-17,0,0
226,0.2969223805557124,0.8876785710449975,0.02428991198030341,0.13516286027978516,5.637851296924623e-18,1.8561541192951836e-16,0,0
227,0.3159379709422736,0.8938674453952731,0.025774847638004063,0.13593031531134794,-3.5128150388530344e-17,1.3010426069826053e-16,0,0
228,0.3349536736571804,0.9000561783220136,0.02725156829742267,0.13670299833521388,-5.160802341031001e-17,1.8908485888147197e-16,0,0
229,0.3539692928897979,0.9062443250339622,0.028720141723818034,0.13748138834561932,-2.6454533008646308e-17,1.682681771697503e-16,0,0
230,0.3729967576007752,0.9124474890521754,0.030181395503581072,0.1382678272377809,1.1709383462843448e-17,8.847089727481716e-17,0,0
231,0.3920292030225192,0.9186563333455023,0.03163504093324434,0.13906102213161517,-6.938893903907228e-17,-4.85722573273506e-17,0,0
232,0.4112023650488376,0.9250200085106371,0.033091673772758685,0.1398807555442704,2.688821387764051e-17,8.847089727481716e-17,0,0
233,0.4325949724565162,0.9332320331316044,0.0347063838170756,0.14095297232452644,2.42861286636753e-17,-1.695692197767329e-16,0,0
234,0.4471645371379604,0.9487140138341514,0.035787945745370954,0.1430328970482209,5.204170427930421e-17,6.938893903907228e-18,0,0
235,0.4991812114214133,0.9659115640647684,0.03966730121180439,0.14532673731644374,-8.847089727481716e-17,-5.811323644522304e-17,0,0
236,0.5499999543808936,0.9838222177218123,0.04340842076973946,0.14776358419778637,4.423544863740858e-17,-1.8908485888147197e-16,0,0
237,0.5600000000016645,1.0,0.04413806015863092,0.15000000000000002,1.8214596497756474e-17,0.01670146621340467,0,4
238,0.01692169892525578,0.7694081367829876,0.0014460854264102378,0.1206737799518667,-4.119968255444917e-17,4.9439619065339e-17,0,0
239,0.2737592098766171,0.8619272379055596,0.022518578059869516,0.1318428857176168,-1.9949319973733282e-17,1.5048726154098802e-16,0,0
240,0.4677074816481769,0.9443020814837164,0.03733854235610311,0.14240526165848286,-2.8189256484623115e-17,1.3530843112619095e-16,0,0
241,0.4898432746083984,0.9485589910907996,0.038988657598052666,0.14295832831316288,3.0791341698588326e-17,8.326672684688674e-17,0,0
242,0.5209392367668502,0.9629701991650728,0.04128188582211309,0.1449045086387646,-1.9081958235744878e-17,-8.673617379884035e-17,0,0
243,0.5420645672740436,0.9671713062850542,0.04283496180813769,0.145466742806259,2.2551405187698492e-17,1.8388068845354155e-16,0,0
244,0.5700000703458463,0.9826795325377053,0.044870614173352405,0.14759759972442255,-6.852157730108388e-17,-2.862293735361732e-17,0,0
245,0.5800000000015259,1.0,0.04559573344592539,0.15000000000000002,1.1966881478808755e-17,0.01671148711461086,0,4
246,0.6000000000013872,1.0,0.04704647659012244,0.15000000000000002,-3.209238430557093e-17,0.01671849441154823,0,4
247,0.5890510582990295,0.9825211575217156,0.04625620755510794,0.1475693082745824,4.119968255444917e-17,1.491862189340054e-16,0,0
248,0.1557450329986728,0.8052712394879253,0.013090487674367806,0.12491092025973058,-5.2909066017292616e-17,-8.673617379884035e-18,0,0
249,0.1367270909379457,0.7991023875835775,0.011525835164823856,0.1241854912429978,4.336808689942018e-17,9.194034422677078e-17,0,0
250,0.1177057250087933,0.7929089857673084,0.009950954539829603,0.12345511051288674,-2.3852447794681098e-17,-3.122502256758253e-17,0,0
251,0.09861112019211707,0.7866369344249151,0.008360213870737985,0.12271195165555945,-1.7780915628762273e-17,5.811323644522304e-17,0,0
252,0.07906965832003546,0.7798667773791614,0.006722877690027541,0.12190285025544263,-1.3010426069826053e-17,-3.469446951953614e-18,0,0
253,0.0552089132993632,0.7727621549686631,0.004708822232802913,0.12105428135732574,1.3010426069826053e-17,8.847089727481716e-17,0,0
254,0.1747413319295607,0.8114481616221647,0.014643245081308383,0.12563669982503248,2.862293735361732e-17,1.43982048506075e-16,0,0
255,0.1937406440931298,0.8176182916779029,0.0161861848992777,0.12636185736373962,-1.3877787807814457e-17,-8.847089727481716e-17,0,0
256,0.03509616163810385,0.7594079284049761,0.0030074271482085583,0.11940831105471854,1.214306433183765e-17,-1.0755285551056204e-16,0,0
257,0.2126956130867421,0.823760074580522,0.017715563633652776,0.12708468989412638,4.5102810375396984e-17,2.6020852139652106e-17,0,0
258,0.0,0.7600000000006839,0.0,0.11950172689282759,-0.015470760162346645,1.3010426069826053e-17,1,0
259,0.2316437316137446,0.8299670250431002,0.01923424829267486,0.12781805007898317,-5.681219383824043e-17,-4.5102810375396984e-17,0,0
260,0.2506017011704864,0.8361806535794347,0.02074392904569197,0.1285551576678312,1.3010426069826053e-17,-3.469446951953614e-17,0,0
261,0.2696175229084249,0.8423662386702855,0.022248673082542164,0.12929198346329174,2.47198095326695e-17,-1.43982048506075e-16,0,0
262,0.2927745734408887,0.8681163766998368,0.02401271592376192,0.13259521310106132,-2.0816681711721685e-17,-9.432558900623889e-17,0,0
263,0.3117898578673219,0.8743051477493082,0.025497948779608693,0.1333522425461298,4.206704429243757e-17,-3.8163916471489756e-17,0,0
264,0.3308052282174774,0.8804938347790283,0.02697454490095613,0.13411445376319106,-1.5178830414797062e-17,-5.204170427930421e-17,0,0
265,0.3498203016261358,0.8866821640819743,0.028442662770295595,0.1348822688380673,3.5128150388530344e-17,-9.194034422677078e-17,0,0
266,0.3688364449879797,0.8928716011634728,0.02990252195350414,0.1356562050248829,5.0306980803327406e-17,-9.540979117872439e-17,0,0
267,0.3878552082633392,0.8990645244784968,0.031354343376354815,0.1364367498829915,-1.7780915628762273e-17,2.0816681711721685e-17,0,0
268,0.4068648251620828,0.9052471866319717,0.032797495055642785,0.1372221328201404,9.974659986866641e-18,1.214306433183765e-17,0,0
269,0.4258802386823284,0.9114351269363873,0.03423340892999694,0.138014531049947,8.673617379884035e-19,5.204170427930421e-18,0,0
270,0.450523315968862,0.9326235869717555,0.03606192045428285,0.14084046508095457,-8.543513119185775e-17,6.591949208711867e-17,0,0
271,0.5075654096211814,0.9512118479600373,0.040303206736344806,0.14330106535658954,2.42861286636753e-17,-2.2551405187698492e-17,0,0
272,0.5600000599317803,0.9704874003808742,0.0441465132911355,0.1459135134519425,-6.808789643208968e-17,1.9081958235744878e-16,0,0
273,0.6091773197591976,0.9832708073518248,0.047712143841926645,0.14766718048843813,-2.7755575615628914e-17,-7.806255641895632e-17,0,0
274,0.6200000000012484,1.0,0.04849014429192044,0.15000000000000002,4.683753385137379e-17,0.01672953731854261,0,4
275,0.0173205148147118,0.7500000607246693,0.0014893297719373283,0.11824912978901857,1.6479873021779667e-17,-5.377642775528102e-17,0,0
276,0.2886283341957554,0.8485546098437289,0.023743471111957487,0.13003340076489905,7.45931094670027e-17,-6.613633252161577e-17,0,0
277,0.4448943049038018,0.9176210578301275,0.03566222859357219,0.1388110818557731,-5.204170427930421e-18,1.0711917464156784e-16,0,0
278,0.4641677991303749,0.9230122238890253,0.037102622773815534,0.13950782749207918,2.211772431870429e-17,-1.8214596497756474e-16,0,0
279,0.4829979923043898,0.9297692736372352,0.038502360445934115,0.1403972944784317,-1.5612511283791264e-17,-1.196959198423997e-16,0,0
280,0.5022727688005876,0.9351623120149215,0.03992962757173275,0.1411044746408448,1.5612511283791264e-17,3.642919299551295e-17,0,0
281,0.5209554394605855,0.9423752002003472,0.04130302564530087,0.1420690418634066,2.168404344971009e-17,1.0408340855860843e-16,0,0
282,0.5388731034008772,0.9488469074113417,0.042616220541342245,0.14294024504009123,-9.8879238130678e-17,-1.6653345369377348e-16,0,0
283,0.5575304414975415,0.9544239295941528,0.04397894977986569,0.14369087066649985,8.890457814381136e-17,-9.8879238130678e-17,0,0
284,0.5776157598116254,0.9635578685797813,0.045435718745129805,0.14493992288599628,-3.903127820947816e-18,-1.1102230246251565e-16,0,0
285,0.5991195616501441,0.9661263408259742,0.04699366879778624,0.14528218735512916,7.676151381197371e-17,-5.551115123125783e-17,0,0
286,0.6303961250911536,0.9804056793865074,0.04924039147556836,0.14725924553449707,6.071532165918825e-17,4.9439619065339e-17,0,0
287,0.1706125642079759,0.791907044892644,0.014366267310739332,0.1231481542448238,-3.599551212651875e-17,-3.469446951953614e-17,0,0
288,0.1516026703952819,0.7857267171305097,0.012807029441773652,0.12243155651282553,5.681219383824043e-17,5.0306980803327406e-17,0,0
289,0.132591679134009,0.7795507229785994,0.011236811962959123,0.12171420268335045,-5.984795992119984e-17,-7.45931094670027e-17,0,0
290,0.1135606365439844,0.7733531773829366,0.009654180870717746,0.12099168154987015,4.0766001685454967e-17,-8.586881206085195e-17,0,0
291,0.09456580031562942,0.7671905752370214,0.008063861737838447,0.12026970412505196,1.2576745200831851e-17,-1.9949319973733282e-17,0,0
292,0.0755488728118404,0.7610030768241174,0.006461373254448239,0.1195393106276293,2.8189256484623115e-17,-1.5612511283791264e-17,0,0
293,0.05324563911205712,0.7503856165130752,0.0045735201710142,0.11825616533816125,-5.204170427930421e-17,-3.642919299551295e-17,0,0
294,0.1896121652199687,0.7980745007378505,0.015913833051388673,0.12386293071809604,5.984795992119984e-17,2.2551405187698492e-17,0,0
295,0.2086118141293398,0.8042517345233222,0.017450571924951728,0.12457977030177277,-4.8138576458356397e-17,-2.949029909160572e-17,0,0
296,0.03464093119172439,0.7400001471549682,0.0029881022387950656,0.1169884375616423,-1.9949319973733282e-17,7.806255641895632e-17,0,0
297,0.2275568284591009,0.8103804764963927,0.018972381971030332,0.12529231590325102,4.2500725161431774e-17,5.898059818321144e-17,0,0
298,0.0,0.7400000000007427,0.0,0.11700984272168141,-0.015482751549460622,-2.5153490401663703e-17,1,0
299,0.2464977589944202,0.8166103899575263,0.02048303472348269,0.12602063875032377,-1.1275702593849246e-17,-9.020562075079397e-17,0,0
300,0.2654847669287553,0.8228053487091271,0.021987267180513765,0.12674766129718965,2.6454533008646308e-17,5.898059818321144e-17,0,0
301,0.2844843832286786,0.8289928939067882,0.02348246612846952,0.1274777698664872,-4.683753385137379e-17,2.7755575615628914e-17,0,0
302,0.3076423683574192,0.8547433921086063,0.0252291836245276,0.13077958787617458,0.0,-7.41594285980085e-17,0,0
303,0.3266570993641527,0.8609319644185345,0.02670585034207365,0.13153094922705838,-6.071532165918825e-18,-3.469446951953614e-18,0,0
304,0.3456721488216936,0.8671204540218347,0.02817369655522644,0.13228792686675123,1.3444106938820255e-17,-4.5102810375396984e-17,0,0
305,0.3646870199164394,0.8733086821017958,0.0296329007066822,0.13305084221862054,-2.992397996059992e-17,9.540979117872439e-17,0,0
306,0.3837028715785791,0.8794980531283216,0.031083745866688106,0.1338201200014218,-2.7321894746634712e-17,6.765421556309548e-17,0,0
307,0.4027167040710303,0.8856853218801072,0.032526221049588924,0.13459547862110222,-6.938893903907228e-18,1.3877787807814457e-17,0,0
308,0.4217315928612275,0.8918732679137377,0.03396080522094302,0.13537736099722572,-4.336808689942018e-18,6.765421556309548e-17,0,0
309,0.440746806496952,0.8980608821426193,0.03538776095407846,0.13616498951260605,1.1275702593849246e-17,-8.673617379884035e-17,0,0
310,0.6169132349695035,0.968557020739917,0.04827642140641025,0.14560984634071217,-3.209238430557093e-17,-3.0357660829594124e-17,0,0
311,0.6400000000011098,1.0,0.049926375463508296,0.15000000000000002,-5.2909066017292616e-17,0.016737814163140526,0,4
312,0.01666504831230727,0.7296368077910795,0.001443538112229225,0.11571833978274583,-1.3010426069826053e-17,6.418476861114186e-17,0,0
313,0.3034956062623645,0.8351819657395729,0.024968748683563288,0.1282127271840586,1.6479873021779667e-17,1.4137996329210978e-16,0,0
314,0.4598036237872508,0.9041154841512253,0.036811272274485114,0.1369412687119432,6.158268339717665e-17,9.280770596475918e-17,0,0
315,0.4787744628418278,0.9104369317061927,0.03821945205116409,0.13776188634698233,-6.331740687315346e-17,6.765421556309548e-17,0,0
316,0.4977899411994762,0.91662491193542,0.03962498361920644,0.13856932846331133,2.5153490401663703e-17,-5.551115123125783e-17,0,0
317,0.5168614783071614,0.9226418375855641,0.04102807531157714,0.13935971365657887,3.599551212651875e-17,-1.0408340855860843e-16,0,0
318,0.5358217434867958,0.9290004096106464,0.042415923080725185,0.14020457333086767,-6.5052130349130266e-18,7.112366251504909e-17,0,0
319,0.5548384083788729,0.9351883092592784,0.04380200965327108,0.14103138246986796,9.540979117872439e-18,-6.071532165918825e-17,0,0
320,0.573855336662267,0.9413759882844227,0.045182176101555976,0.141864264220715,-3.165870343657673e-17,-2.2551405187698492e-17,0,0
321,0.5929535455345256,0.9473126108727234,0.04656310777812518,0.14266776141241863,2.5153490401663703e-17,3.8163916471489756e-17,0,0
322,0.6122242360824861,0.9526667270246733,0.04795048026497878,0.14339471253143501,-5.681219383824043e-17,8.673617379884035e-18,0,0
323,0.6507398784103839,0.983106677747061,0.050697151400495605,0.14763027893735525,-5.4643789493269423e-17,-1.1535911115245767e-16,0,0
324,0.6305890104766197,0.9598830553769047,0.04926499124811961,0.14438853778294303,4.0766001685454967e-17,6.418476861114186e-17,0,0
325,0.660000000000971,1.0,0.05135553282711743,0.15000000000000002,5.984795992119984e-17,0.01674626939162979,0,4
326,0.1854730646364886,0.7785250806806803,0.015646548196238143,0.12137263960140261,2.5587171270657905e-17,-2.7755575615628914e-17,0,0
327,0.1664743507801187,0.7723481414842115,0.014093768466303903,0.12066723184394888,-4.336808689942018e-19,-7.45931094670027e-17,0,0
328,0.1474653043129695,0.7661807663561011,0.012528357471094381,0.11996237398517155,-8.239936510889834e-18,-6.418476861114186e-17,0,0
329,0.1284454144006158,0.7599985242455293,0.010950326927895363,0.11925374210817936,-1.6479873021779667e-17,6.591949208711867e-17,0,0
330,0.1094324282438562,0.7538151233210022,0.00936116220009037,0.1185417194393022,2.6020852139652106e-18,7.546047120499111e-17,0,0
331,0.09041577954960867,0.7476278334601761,0.007760156813559813,0.1178245688369743,-1.474514954580286e-17,2.0816681711721685e-17,0,0
332,0.07129553127485101,0.741128788907888,0.006139246093550549,0.1170633596281674,4.336808689942018e-18,-5.724587470723463e-17,0,0
333,0.05110036798725748,0.7308682009876969,0.004420649238433191,0.11582886319640798,5.0306980803327406e-17,-4.336808689942018e-18,0,0
334,0.2044703623315943,0.7846994210426421,0.017187587091053523,0.12207813830683643,1.3444106938820255e-17,-1.734723475976807e-18,0,0
335,0.2234699142584383,0.7908704194894725,0.018717360744516638,0.1227846446315348,-1.691355389077387e-17,-1.5612511283791264e-17,0,0
336,0.03190843997420766,0.7202575281260865,0.0027739219960007046,0.11454255232638484,4.336808689942018e-19,-2.0816681711721685e-17,0,0
337,0.2424197987159729,0.7970371610848608,0.020231870385598576,0.12349324429292455,2.168404344971009e-17,1.0061396160665481e-16,0,0
338,0.0,0.7200000000008053,0.0,0.11453149997938553,-0.015498009684757,1.3877787807814457e-17,1,0
339,0.2613961822788531,0.8032279641295761,0.021737470433685752,0.12420811059046712,-3.903127820947816e-17,-3.642919299551295e-17,0,0
340,0.2803527630928152,0.8094295575184054,0.023230751619435625,0.12492850812745891,-8.673617379884035e-18,4.163336342344337e-17,0,0
341,0.299348158729572,0.8156209481442758,0.024716792506359574,0.12565207921794763,-1.431146867680866e-17,-5.724587470723463e-17,0,0
342,0.3225093742570958,0.8413704520315554,0.02644566321612454,0.12895281473349499,-2.7755575615628914e-17,8.023096076392733e-18,0,0
343,0.3415239781008065,0.8475589361699659,0.027913360674126638,0.12969857364625975,-1.691355389077387e-17,-4.5102810375396984e-17,0,0
344,0.3605389171356997,0.8537474506537698,0.029372088875618513,0.1304503705293781,8.239936510889834e-18,3.9898639947466563e-17,0,0
345,0.3795541504692712,0.8599360069763291,0.030822118623887413,0.13120848658845718,9.107298248878237e-18,-1.3704315460216776e-16,0,0
346,0.398569203786075,0.866123952508582,0.032263682852032384,0.13197302930621985,2.992397996059992e-17,-4.683753385137379e-17,0,0
347,0.4175838690725242,0.8723120295931008,0.03369703937253785,0.13274421556207097,-1.6479873021779667e-17,-4.683753385137379e-17,0,0
348,0.4365976505120054,0.8784995286874513,0.03512247216729339,0.13352177234711124,5.377642775528102e-17,6.591949208711867e-17,0,0
349,0.4556120692963087,0.8846869776686452,0.03654057572146425,0.13430619358329202,-1.1188966420050406e-16,-1.734723475976807e-18,0,0
350,0.6436269905227948,0.9676984358934254,0.05019516388610589,0.1454737779019458,4.597017211338539e-17,2.2551405187698492e-17,0,0
351,0.6690760261163456,0.9833553586905032,0.052005079281623914,0.1476610561301682,-1.734723475976807e-18,1.5612511283791264e-16,0,0
352,0.6800000000008324,1.0,0.052779526537480595,0.15000000000000002,-3.729655473350135e-17,0.016753830314123284,0,4
353,0.01656949733854077,0.7078206189146546,0.0014485075512045004,0.11302256357148072,2.656295322589486e-18,-2.0816681711721685e-17,0,0
354,0.3183617598859174,0.8218093947767399,0.026194201334976273,0.12638042650398265,8.673617379884035e-18,6.245004513516506e-17,0,0
355,0.4746263000542394,0.8908748316707424,0.037951443757749094,0.13509772105676338,2.2551405187698492e-17,1.3530843112619095e-16,0,0
356,0.4936408923919625,0.8970627807497629,0.039354852405119434,0.13589613124483005,4.90059381963448e-17,-1.734723475976807e-17,0,0
357,0.512656541724588,0.9032503122716353,0.04075197046490717,0.13670076080470245,-5.2475385148298415e-17,1.0581813203458523e-16,0,0
358,0.5316724351709358,0.9094378794804142,0.04214257140190317,0.13751248694559057,-2.992397996059992e-17,1.0581813203458523e-16,0,0
359,0.5506886843769639,0.9156256121609223,0.04352684474274617,0.1383306422731379,-1.474514954580286e-17,-6.591949208711867e-17,0,0
360,0.5697054515843155,0.9218131382955248,0.04490527932690147,0.1391549671139312,-3.859759734048396e-17,2.0296264668928643e-16,0,0
361,0.5887178673805236,0.9280016149439123,0.046277681551375856,0.13998548404626998,1.734723475976807e-17,-6.938893903907228e-18,0,0
362,0.6077350519747066,0.9341464348506131,0.04764508468450592,0.1408152044271856,5.204170427930421e-18,1.214306433183765e-17,0,0
363,0.6270297233250244,0.9405572650384966,0.0490266448726965,0.14168768511667196,-8.673617379884035e-18,-3.9898639947466563e-17,0,0
364,0.65923319619839,0.9661691137879326,0.051311660825035854,0.14525045983536058,-8.326672684688674e-17,-1.1796119636642288e-16,0,0
365,0.647176742437427,0.9489276531687217,0.05046197586388785,0.14284014290021332,5.117434254131581e-17,7.632783294297951e-17,0,0
366,0.6886050815070114,0.9797222124234689,0.053393232847242886,0.14714356065399972,2.42861286636753e-17,2.6020852139652106e-17,0,0
367,0.7000000000006936,1.0,0.054197338333482864,0.15000000000000002,9.974659986866641e-18,0.016759872057523446,0,4
368,0.7200000000005549,1.0,0.05560911049172211,0.15000000000000002,-1.9081958235744878e-17,0.016767420604508428,0,4
369,0.7100000000006242,0.9826794919244314,0.054905815683139715,0.14755413244197144,-2.0599841277224584e-17,-3.9898639947466563e-17,0,0
370,0.2003402164471771,0.7651473959224845,0.01693224136707801,0.11958610228064569,-2.6020852139652106e-17,2.2551405187698492e-17,0,0
371,0.1813285683387378,0.7589705692251117,0.0153848472691758,0.11889197770078438,1.3877787807814457e-17,-8.673617379884035e-18,0,0
372,0.1623266730560484,0.7528042665273056,0.013825645695781966,0.11819914605892766,2.5153490401663703e-17,1.0234868508263162e-16,0,0
373,0.1433139384684004,0.7466244070475541,0.012252884746638564,0.11750340117272574,-9.107298248878237e-18,1.9081958235744878e-17,0,0
374,0.1242978211975253,0.7404388664105587,0.010667092919721847,0.11680438889257011,3.469446951953614e-18,5.204170427930421e-18,0,0
375,0.1052824355838999,0.7342528958029627,0.009068654473364066,0.11610133089694155,-1.214306433183765e-17,-2.7755575615628914e-17,0,0
376,0.08626611525835683,0.7280652660005188,0.007457453394578017,0.11539279447604868,-1.214306433183765e-17,-2.6020852139652106e-18,0,0
377,0.06743156160307373,0.7208871743809803,0.005852066009537679,0.11455422458396439,-7.37257477290143e-18,8.933825901280557e-17,0,0
378,0.04852919821297198,0.7128074590186333,0.004229645351653571,0.1135965153957649,-1.5612511283791264e-17,3.469446951953614e-18,0,0
379,0.2193373559021387,0.7713278170232729,0.018466053077130687,0.12028191415814998,-2.5587171270657905e-17,3.8163916471489756e-17,0,0
380,0.2383371194591664,0.7774996816775415,0.019988024294565723,0.12097880742595024,-1.6479873021779667e-17,8.673617379884035e-18,0,0
381,0.03270582736623292,0.7051146381668603,0.00286150608711412,0.11267360305570039,8.456776945386935e-18,-3.642919299551295e-17,0,0
382,0.2572964841840221,0.783646121927268,0.02149507953888004,0.12167573108314193,2.47198095326695e-17,8.673617379884035e-18,0,0
383,0.0,0.700000000000853,0.0,0.11207000207123774,-0.01550446257002758,2.3418766925686896e-17,1,0
384,0.2762527054608623,0.7898535911527592,0.022990198582044832,0.12238457191643994,-2.0816681711721685e-17,-3.469446951953614e-18,0,0
385,0.2952043650459516,0.7960643438964056,0.024473933796563846,0.12309858615169926,3.252606517456513e-17,-2.2551405187698492e-17,0,0
386,0.314214130579973,0.8022488627142159,0.02595174876927401,0.12381417079697143,-2.2551405187698492e-17,-2.7755575615628914e-17,0,0
387,0.3373756848363535,0.827997751596881,0.0276618785271974,0.12711451768652096,1.3010426069826053e-17,5.421010862427522e-17,0,0
388,0.3563920494399158,0.8341861832185775,0.02912033090125805,0.12785475922876555,-8.283304597789254e-17,-1.3877787807814457e-17,0,0
389,0.3754058550560383,0.8403749280188673,0.03056950577146156,0.12860151688188215,9.150666335777657e-17,1.0928757898653885e-16,0,0
390,0.3944229087122018,0.8465650870390538,0.03201018332401446,0.12935514140227267,-7.28583859910259e-17,-2.0816681711721685e-17,0,0
391,0.4134401385667064,0.8527519850073355,0.03344246638322768,0.13011517856108867,1.474514954580286e-17,3.9898639947466563e-17,0,0
392,0.4324497367249247,0.8589385757584111,0.03486610441186043,0.13088206982644449,-3.209238430557093e-17,-5.724587470723463e-17,0,0
393,0.4514639860266747,0.8651261431338116,0.03628243638389174,0.1316561504356645,3.903127820947816e-17,9.71445146547012e-17,0,0
394,0.4704777094106271,0.8713136234078287,0.0376913741731927,0.1324373796941855,-4.90059381963448e-17,-1.5612511283791264e-16,0,0
395,0.6737162782841541,0.9689869106912554,0.052341122341446465,0.14563838922081762,2.1250362580715887e-17,-7.45931094670027e-17,0,0
396,0.7300000000004856,0.9835423218247087,0.05631475744629481,0.1476716952868877,3.642919299551295e-17,-6.678685382510707e-17,0,0
397,0.7400000000004161,1.0,0.057016090395473,0.15000000000000002,1.3877787807814457e-17,0.016774710335599886,0,4
398,0.02733703394621676,0.6908407090458013,0.002406520014414399,0.11092675518580593,9.540979117872439e-18,6.071532165918825e-17,0,0
399,0.01155273937719225,0.6900957422779483,0.0010171103332706417,0.1108512442471699,-3.903127820947816e-18,-5.898059818321144e-17,0,0
400,0.3332275754932582,0.8084371087349106,0.027419559503442326,0.12453609677268818,4.2500725161431774e-17,-6.808789643208968e-17,0,0
401,0.4894920748596222,0.8775012145920957,0.03909322784558456,0.13322568581317681,5.2909066017292616e-17,5.204170427930421e-17,0,0
402,0.5085074723386659,0.8836885419444054,0.040488214509690576,0.1340210099558792,-1.9081958235744878e-17,5.204170427930421e-17,0,0
403,0.5275232027467467,0.8898758620265823,0.041876872029760974,0.1348232491054063,1.8214596497756474e-17,-1.0928757898653885e-16,0,0
404,0.5465389775781643,0.8960633496603401,0.043259207748197706,0.1356323578939947,6.331740687315346e-17,7.632783294297951e-17,0,0
405,0.5655526026813561,0.9022511246120973,0.044635373285193534,0.13644811159733605,-9.280770596475918e-17,-1.5092094240998222e-16,0,0
406,0.584555221086491,0.9084380285855405,0.046005054934262525,0.13727008575919258,6.678685382510707e-17,-2.0816681711721685e-17,0,0
407,0.603562553757338,0.9146243887247765,0.047369629569622006,0.13809789286276355,3.469446951953614e-18,6.765421556309548e-17,0,0
408,0.622572751595304,0.920794099290303,0.04872932363889532,0.13892928994609025,-4.597017211338539e-17,7.28583859910259e-17,0,0
409,0.6416038695265776,0.9269155397443387,0.05008547673332685,0.13975992653564398,4.9439619065339e-17,-6.938893903907228e-18,0,0
410,0.6671151466164391,0.9514628061070979,0.05188166200722874,0.14317831883802568,-3.0357660829594124e-17,9.71445146547012e-17,0,0
411,0.6850575150562721,0.9583139401781369,0.05315144548509942,0.1441291079024543,-4.0766001685454967e-17,-6.591949208711867e-17,0,0
412,0.7032428474586269,0.9643070211316827,0.05443572269246962,0.14496351334018484,1.214306433183765e-17,8.847089727481716e-17,0,0
413,0.7227801283547352,0.9683668131250349,0.05581213596631064,0.14552741531501773,-3.0791341698588326e-17,3.2959746043559335e-17,0,0
414,0.7500000000003472,0.9826794919244315,0.05771924311096872,0.14754472158422588,-4.85722573273506e-17,-7.979727989493313e-17,0,0
415,0.7600000000002772,1.0,0.058418029268442244,0.15000000000000002,1.8214596497756474e-17,0.016780797048499985,0,4
416,0.2152044820906579,0.7517827713780524,0.018222274696819807,0.11778867916867877,-1.9949319973733282e-17,6.938893903907228e-18,0,0
417,0.1961980050186789,0.7456017412140485,0.01668277248417341,0.11710549822913303,-2.5153490401663703e-17,2.0816681711721685e-17,0,0
418,0.1771922823205858,0.739426090607372,0.0151299336547954,0.11642383781157126,3.209238430557093e-17,1.214306433183765e-17,0,0
419,0.1581787571392483,0.7332477426238222,0.01356282384386676,0.11574145147379751,-4.336808689942018e-18,-8.153200337090993e-17,0,0
420,0.1391641032368202,0.727064277419002,0.011981826950804348,0.11505662857361967,-8.239936510889834e-18,-6.938893903907228e-17,0,0
421,0.1201486072515593,0.7208779706273024,0.010386874882454171,0.11436819065722724,2.2985086056692694e-17,-6.158268339717665e-17,0,0
422,0.1011329046503152,0.7146907548446149,0.008777998012677276,0.11367491037686515,1.5178830414797062e-17,3.209238430557093e-17,0,0
423,0.08211687002369317,0.7085038394456752,0.00715537125864675,0.11297545953248966,-2.5153490401663703e-17,-6.765421556309548e-17,0,0
424,0.06310051806663869,0.7023170329615575,0.005519415778357847,0.11226778555933745,4.206704429243757e-17,-3.122502256758253e-17,0,0
425,0.04448112875812571,0.6953458767974556,0.0039062083986114416,0.11145331630702789,-3.469446951953614e-17,6.852157730108388e-17,0,0
426,0.2342060836934816,0.7579558318322548,0.019748375156937774,0.11847285564103635,3.469446951953614e-18,-6.418476861114186e-17,0,0
427,0.253207197936303,0.7641342616514775,0.02126174483224247,0.11916074899422024,3.729655473350135e-17,4.85722573273506e-17,0,0
428,0.2721646714141287,0.7702718526184253,0.02275957333740224,0.11984750064710613,-2.949029909160572e-17,-4.163336342344337e-17,0,0
429,0.0,0.6800000000008863,0.0,0.10962350470446479,-0.01553540004373936,4.0766001685454967e-17,1,0
430,0.2910954543304231,0.7765055100705605,0.024243024305444717,0.12055167131645787,7.806255641895632e-18,2.7755575615628914e-17,0,0
431,0.310096188430845,0.7826791495954348,0.025721065342832358,0.1212530094583382,2.42861286636753e-17,0.0,0,0
432,0.3290799957772987,0.7888770784333573,0.02718678105063957,0.12196366189523736,-2.0383000842727483e-17,2.0816681711721685e-17,0,0
433,0.3522492446360464,0.8146242012869687,0.02887812960757308,0.12526414148136625,8.673617379884035e-18,-6.071532165918825e-17,0,0
434,0.3712668304480367,0.8208129756918834,0.030326881204178483,0.1259990779826195,-1.1709383462843448e-17,-1.1102230246251565e-16,0,0
435,0.3903001634744864,0.8270044006840953,0.031767738042948725,0.1267412264589048,6.5052130349130266e-18,9.194034422677078e-17,0,0
436,0.4093250074735593,0.8331785584026199,0.03319930078860661,0.12748820212079504,-6.071532165918825e-18,2.7755575615628914e-17,0,0
437,0.4283225718846801,0.8393724140350409,0.03462040068844716,0.12824516417283302,6.071532165918825e-17,-8.673617379884035e-17,0,0
438,0.4473195200390787,0.8455659960366968,0.03603357046600156,0.12900945169972972,-1.691355389077387e-17,-1.474514954580286e-16,0,0
439,0.4663289741858669,0.8517528619806206,0.037440174273667484,0.12978018461471255,1.9081958235744878e-17,1.3877787807814457e-17,0,0
440,0.4853433186962761,0.8579401845588109,0.038839936554628765,0.13055834122853952,4.336808689942018e-19,-9.367506770274758e-17,0,0
441,0.6607669650595033,0.9326395800996419,0.05144698082181954,0.14053918321325026,-5.898059818321144e-17,-3.382710778154774e-17,0,0
442,0.739747803600565,0.9718366202047635,0.057003413536131343,0.1460117148666244,3.122502256758253e-17,1.457167719820518e-16,0,0
443,0.7695446840947222,0.9825691381403117,0.05908728444274464,0.14752522800832074,-3.9898639947466563e-17,4.85722573273506e-17,0,0
444,0.7800000000001385,1.0,0.059815839473002536,0.15000000000000002,-1.3010426069826053e-17,0.016785704242700632,0,4
445,0.01872682817288138,0.6722769463575227,0.0016635935530593812,0.10867213791081926,6.938893903907228e-18,-4.336808689942018e-17,0,0
446,0.03991479845395134,0.6766977740388739,0.0035358702289215384,0.10917950092232118,2.6020852139652106e-18,-3.642919299551295e-17,0,0
447,0.3480928482111985,0.795064907467411,0.02864443621409919,0.12267932100454958,-1.9081958235744878e-17,8.435092901937224e-17,0,0
448,0.5043579417948375,0.8641274117647194,0.040232828826619944,0.13134383101394506,3.469446951953614e-17,-8.977193988179977e-17,0,0
449,0.5233743626385498,0.8703138081481105,0.041619244284462883,0.13213652539786294,-8.239936510889834e-18,1.3877787807814457e-17,0,0
450,0.542389609210616,0.8765014543103378,0.042999338715072444,0.13293647635061703,1.3010426069826053e-17,-8.673617379884035e-18,0,0
451,0.5614051652271941,0.8826887020119828,0.04437344968015992,0.1337433409834538,1.2576745200831851e-17,2.0816681711721685e-17,0,0
452,0.5803957652480245,0.888881231139934,0.045740030004363955,0.1345577129926735,4.206704429243757e-17,-7.979727989493313e-17,0,0
453,0.5994032020736744,0.8950690163537962,0.047102457234948214,0.1353777674396141,-4.423544863740858e-17,-1.43982048506075e-16,0,0
454,0.6184101958626786,0.9012535729721103,0.04845978266054279,0.13620361303665288,6.938893903907228e-17,-2.949029909160572e-17,0,0
455,0.6374273021874686,0.9074296105302484,0.04981301070969185,0.13703437017478737,2.5587171270657905e-17,-1.6306400674181987e-16,0,0
456,0.6564343093227232,0.9136407432348264,0.05116074700522039,0.13787564116871293,-3.252606517456513e-17,6.938893903907228e-17,0,0
457,0.6798144747455526,0.9387337808756469,0.05279479605606407,0.14137596576998318,2.5153490401663703e-17,9.996344030316351e-17,0,0
458,0.6985943946350083,0.9453817585565791,0.05411922379261333,0.14229616848823073,-6.938893903907228e-18,-3.122502256758253e-17,0,0
459,0.7172000935522883,0.950993654837319,0.05542838094611188,0.1430744660176946,3.2959746043559335e-17,-7.28583859910259e-17,0,0
460,0.7362378291159707,0.9565646105772447,0.05676416621715706,0.1438501003121622,-1.734723475976807e-18,-5.551115123125783e-17,0,0
461,0.756137854082201,0.9640919991555394,0.05815531187186574,0.1449068718427481,3.924811864397526e-17,-2.2551405187698492e-17,0,0
462,0.7902145145269515,0.9828033062575062,0.06052938904073178,0.14755419859478275,5.0306980803327406e-17,-4.85722573273506e-17,0,0
463,0.7999999999999997,1.0,0.06120921637906582,0.15000000000000002,6.071532165918825e-18,0.01679105352220834,0,4
464,0.819999999999861,1.0,0.06259891837102659,0.15000000000000002,-1.0408340855860843e-17,0.016795420585496143,0,4
465,0.809785834282809,0.9826474805106242,0.061890939333940444,0.14752857394984142,-5.182486384480711e-17,-6.765421556309548e-17,0,0
466,0.2300630607406653,0.7384055923353441,0.019516199229290147,0.11597606977831537,5.2909066017292616e-17,-1.5612511283791264e-17,0,0
467,0.2110648385452364,0.7322279865108261,0.01798583044374042,0.11530498410982962,-7.806255641895632e-18,2.0816681711721685e-17,0,0
468,0.1920576423696788,0.7260556336404448,0.016440591970259707,0.11463641366751519,-1.5612511283791264e-17,4.336808689942018e-17,0,0
469,0.1730431331781118,0.7198735178950072,0.014880295616323624,0.11396716311902516,-2.905661822261152e-17,6.245004513516506e-17,0,0
470,0.1540287373482317,0.7136887127382471,0.013305190649305796,0.1132967030833989,-1.9081958235744878e-17,-2.0816681711721685e-17,0,0
471,0.1350142105903112,0.707503121776454,0.011715012862482516,0.11262375838530997,7.806255641895632e-18,9.71445146547012e-17,0,0
472,0.1159991201926727,0.7013162161503943,0.010109580989756733,0.1119466698175002,-1.3010426069826053e-17,6.678685382510707e-17,0,0
473,0.09698350622235877,0.6951291585589072,0.008488897690571984,0.11126391148581363,8.673617379884035e-19,-4.0766001685454967e-17,0,0
474,0.0779675772103486,0.688942006135537,0.006853212854304146,0.11057366305357258,-1.3010426069826053e-17,8.500145032286355e-17,0,0
475,0.05895098786241644,0.6827545912195692,0.005202624114796389,0.10987413306933966,3.2959746043559335e-17,-6.765421556309548e-17,0,0
476,0.2490649439486229,0.7445824125333343,0.02103322277747642,0.11664996429285793,-3.0791341698588326e-17,-3.469446951953614e-17,0,0
477,0.2680671125039448,0.7507580838725583,0.02253712329588565,0.11732763083543697,2.6454533008646308e-17,3.469446951953614e-17,0,0
478,0.2870389201896488,0.7569312965855636,0.02402596754633218,0.11800998544640881,-3.2959746043559335e-17,-3.469446951953614e-17,0,0
479,0.0,0.6600000000009563,0.0,0.10719322367509419,-0.015551214729832622,-3.2959746043559335e-17,1,0
480,0.3060039431593216,0.7631164489281859,0.025502180798027834,0.11869950178609229,9.107298248878237e-18,3.9898639947466563e-17,0,0
481,0.3249702627090388,0.7692966421061956,0.026967004270240704,0.1193945607820013,-1.734723475976807e-17,5.204170427930421e-18,0,0
482,0.3439451854684188,0.7755055257196981,0.02842139790248028,0.12010010945621005,1.1275702593849246e-17,-1.5612511283791264e-17,0,0
483,0.3671404793875158,0.8012462810121491,0.03009486887311167,0.12340082669872693,1.8214596497756474e-17,4.206704429243757e-17,0,0
484,0.3861604710857193,0.8074360498659363,0.031533607275135,0.12413078751081999,-4.163336342344337e-17,-6.591949208711867e-17,0,0
485,0.4052078729522773,0.8136186315073966,0.03296543401546093,0.12486707083475278,3.382710778154774e-17,-5.724587470723463e-17,0,0
486,0.4242212182882382,0.8198071021150177,0.03438602878568297,0.12561187880022207,6.5052130349130266e-18,1.3877787807814457e-17,0,0
487,0.4431949013432671,0.8260032527952549,0.03579545135696329,0.12636559586862928,-3.469446951953614e-17,9.194034422677078e-17,0,0
488,0.4621983752927126,0.8321837692479614,0.03719946234256182,0.12712478337595928,-2.5153490401663703e-17,9.194034422677078e-17,0,0
489,0.4811945937248717,0.8383797519313048,0.03859552717491932,0.12789383292065473,1.3444106938820255e-17,1.734723475976807e-18,0,0
490,0.500208607742474,0.8445668563016981,0.039985979331814844,0.12866929433225388,-5.117434254131581e-17,2.7755575615628914e-17,0,0
491,0.6754505397298585,0.919828873783096,0.05250491006161522,0.13871901264848374,1.9949319973733282e-17,-4.206704429243757e-17,0,0
492,0.77959379285619,0.9661580304763634,0.05979313627154577,0.14519080584331262,1.734723475976807e-18,-9.8879238130678e-17,0,0
493,0.8300000427289717,0.9826794882876131,0.06329376031592629,0.14753007437522234,7.632783294297951e-17,-1.1449174941446927e-16,0,0
494,0.8399999999997222,1.0,0.06398535866309177,0.15000000000000002,-6.071532165918825e-18,0.016799474397480814,0,4
495,0.03527268774392057,0.6585747443203396,0.00315521840055705,0.10698498339739845,-1.9949319973733282e-17,2.949029909160572e-17,0,0
496,0.05466022691561565,0.6640414895908068,0.004869791260849966,0.10760231305583856,1.474514954580286e-17,3.469446951953614e-18,0,0
497,0.01802505072465493,0.6498253970949318,0.0016209186851369878,0.10595623351619515,-7.806255641895632e-18,6.071532165918825e-18,0,0
498,0.3629862976476309,0.7816872389177594,0.02987065059093132,0.12080883744932742,1.5612511283791264e-17,-3.903127820947816e-17,0,0
499,0.5192225728894079,0.8507539703050323,0.04136978741134483,0.12945238652476448,3.209238430557093e-17,6.288372600415926e-17,0,0
500,0.5382398723393258,0.8569401885267561,0.04274751111664992,0.13024283939224754,1.691355389077387e-17,-5.898059818321144e-17,0,0
501,0.5572556395500381,0.8631270862453162,0.04411914453662266,0.13104068558328077,1.5612511283791264e-17,6.591949208711867e-17,0,0
502,0.5762465600320732,0.86931953868104,0.045483269281784984,0.1318464755869515,-1.5178830414797062e-17,-8.500145032286355e-17,0,0
503,0.5952411583624412,0.8755122912636736,0.04684229602436688,0.13265912485385467,-2.1250362580715887e-17,6.418476861114186e-17,0,0
504,0.6142554643918103,0.8816979427908893,0.048197713494347,0.13347733976790666,-6.245004513516506e-17,7.45931094670027e-17,0,0
505,0.6332696353949445,0.8878902357454242,0.04954833011599854,0.13430289932689723,-1.9081958235744878e-17,1.231653667943533e-16,0,0
506,0.6522854163555294,0.8940781684822195,0.05089452320231546,0.13513388287049227,-2.5153490401663703e-17,5.0306980803327406e-17,0,0
507,0.6713009958038443,0.9002661342141308,0.052236448023443086,0.1359706764649634,3.8163916471489756e-17,-1.0061396160665481e-16,0,0
508,0.6945021459955802,0.9259071749057598,0.05384740101279491,0.13955243131638778,3.122502256758253e-17,-3.447762908503904e-17,0,0
509,0.7134854981581206,0.9321505747700152,0.0551811037222378,0.140413917413434,-7.806255641895632e-18,-5.0306980803327406e-17,0,0
510,0.7324970883139154,0.9383941307699577,0.056513128589180825,0.14127976030559816,-1.474514954580286e-17,6.418476861114186e-17,0,0
511,0.7515313218899561,0.9445297248596082,0.057843362673716356,0.14213467218045553,-1.8214596497756474e-17,-1.9081958235744878e-17,0,0
512,0.7717478987344745,0.9492960654618872,0.05925395070865391,0.14279854017275692,8.673617379884035e-18,1.1796119636642288e-16,0,0
513,0.7997909585835214,0.9654677957315072,0.0612001694434138,0.1450849308927809,-5.377642775528102e-17,1.5525775109992423e-16,0,0
514,0.8185004484403801,0.9650431471286696,0.06250012363176238,0.1450183262844957,8.391724815037804e-17,2.42861286636753e-17,0,0
515,0.8499249053950468,0.9827867185305563,0.0646733434961385,0.14754235891034204,-5.724587470723463e-17,-1.0755285551056204e-16,0,0
516,0.2449189598754703,0.7250253994427767,0.020813760422009,0.1141484585636985,-2.2551405187698492e-17,7.28583859910259e-17,0,0
517,0.225918957164205,0.7188555591216429,0.01929274996963722,0.11349016200066904,2.2551405187698492e-17,3.469446951953614e-18,0,0
518,0.2069184310748816,0.7126841810666288,0.017756962073990405,0.11283452052529583,0.0,-5.0306980803327406e-17,0,0
519,0.1879075336988957,0.7065007936527987,0.016205095639625577,0.1121790199905064,1.0408340855860843e-17,-7.979727989493313e-17,0,0
520,0.1688939588189037,0.7003143316429825,0.014637247443584932,0.1115233596055495,-5.204170427930421e-18,-7.28583859910259e-17,0,0
521,0.1498795383371022,0.6941289538049832,0.013053153636928293,0.11086650726088049,3.599551212651875e-17,-1.0408340855860843e-17,0,0
522,0.1308649045719025,0.6879421255284602,0.011452584559601726,0.11020646871590695,2.0816681711721685e-17,-7.979727989493313e-17,0,0
523,0.1118498210569729,0.681754824870977,0.009835352382661205,0.10954157751599607,-1.3444106938820255e-17,-2.6020852139652106e-17,0,0
524,0.09283428182634604,0.6755674505059583,0.008201473110505487,0.10886996369492474,4.163336342344337e-17,-5.377642775528102e-17,0,0
525,0.07381827324502416,0.6693798603558658,0.006551048897892926,0.1081897056530302,-2.47198095326695e-17,1.0408340855860843e-17,0,0
526,0.2639285629816903,0.7312110107083393,0.022321279849717966,0.11481269166750588,-2.949029909160572e-17,-1.734723475976807e-17,0,0
527,0.2829401545365345,0.737397295585803,0.023815386396546814,0.1154819427644326,7.41594285980085e-17,1.734723475976807e-18,0,0
528,0.3019290368827864,0.7435620171726103,0.025294879781517024,0.11615430807961931,-4.2500725161431774e-17,-9.8879238130678e-17,0,0
529,0.0,0.6400000000009717,0.0,0.10478535104183025,-0.01557563687402001,2.6020852139652106e-18,1,0
530,0.3208937964131882,0.7497240780387515,0.02676022995445751,0.11683289899172575,1.0408340855860843e-17,-2.0816681711721685e-17,0,0
531,0.3398460074315059,0.7559271616113571,0.028212718365970592,0.11752404761719196,5.204170427930421e-18,4.5102810375396984e-17,0,0
532,0.3588153939752163,0.7621356966607242,0.029655543646794826,0.11822331354945412,2.168404344971009e-18,1.734723475976807e-17,0,0
533,0.3820789136495662,0.787864667241276,0.031313923965403,0.12152419356549647,4.336808689942018e-18,5.681219383824043e-17,0,0
534,0.4011201146208023,0.7940581079462032,0.03274368451223693,0.12224979346261639,-2.6020852139652106e-18,1.9081958235744878e-17,0,0
535,0.4201493948452771,0.800245953747151,0.03416362065995077,0.12298264689774001,-7.28583859910259e-17,2.7755575615628914e-17,0,0
536,0.4391275612303687,0.8064238022026432,0.035571308926291526,0.12372246211798547,6.071532165918825e-18,4.683753385137379e-17,0,0
537,0.4581004959824952,0.8126096545896315,0.03697063747646106,0.12447148454192267,6.071532165918825e-18,1.5612511283791264e-17,0,0
538,0.4770860761988756,0.8187934874541096,0.03836340999436066,0.12522826320478686,3.382710778154774e-17,-6.245004513516506e-17,0,0
539,0.4960598584144131,0.8250069009601726,0.03974811355756458,0.12599722607420247,1.9081958235744878e-17,-2.2551405187698492e-17,0,0
540,0.5150735241411495,0.8311938924732957,0.04112916592007483,0.12677038762674064,-3.382710778154774e-17,-3.2959746043559335e-17,0,0
541,0.6903225858745061,0.906435736729321,0.05357486720323865,0.1368105157120173,1.9949319973733282e-17,-2.168404344971009e-19,0,0
542,0.7896898921798011,0.9526883147243899,0.060502702825580276,0.14327097095526234,-2.2551405187698492e-17,1.0408340855860843e-17,0,0
543,0.8380359461438216,0.9657431024165031,0.06385372721538302,0.14511222303772053,-6.678685382510707e-17,1.6566609195578508e-16,0,0
544,0.8599999999995834,1.0,0.06536859975622962,0.15000000000000002,5.4643789493269423e-17,0.016802806155984215,0,4
545,0.05244327705302891,0.6450969015150974,0.004722602479235486,0.10531369266654654,-3.095397202446115e-17,-7.112366251504909e-17,0,0
546,0.03455279600725733,0.639207243250418,0.0031246327217001693,0.10465244094916057,1.3877787807814457e-17,-8.673617379884035e-18,0,0
547,0.06984901692143827,0.6499698157765915,0.0062647477007626625,0.10584265707713642,-8.673617379884035e-18,3.5561831257524545e-17,0,0
548,0.01726163296130354,0.6299709429382733,0.0015720604936123096,0.10357649748176374,-3.903127820947816e-18,3.209238430557093e-17,0,0
549,0.3779121846338594,0.7683128389836402,0.031097990939170577,0.11892547745441426,-4.7704895589362195e-17,-3.122502256758253e-17,0,0
550,0.5340867301717244,0.8373805123293135,0.04250382442155875,0.127551374557057,-8.673617379884035e-18,9.237402509576498e-17,0,0
551,0.5531030905251182,0.8435672474216616,0.043872691745465285,0.1283400707689887,-3.642919299551295e-17,-6.938893903907228e-18,0,0
552,0.5720980464721666,0.8497578965169518,0.045234322285827556,0.12913686481596662,2.0816681711721685e-17,1.7867651802561113e-16,0,0
553,0.5910946395376975,0.8559512148549305,0.046590725085153405,0.12994127854931484,-4.85722573273506e-17,1.0061396160665481e-16,0,0
554,0.6101055707297427,0.8621397773259085,0.047943153361048395,0.13075200205558293,-4.2934406030425976e-17,5.724587470723463e-17,0,0
555,0.6291207987292102,0.8683282951717928,0.04929116744205423,0.13156948015156933,1.9949319973733282e-17,-2.0816681711721685e-17,0,0
556,0.6481364874575974,0.8745161089575813,0.050634768386562334,0.1323933237037408,4.85722573273506e-17,-3.2959746043559335e-17,0,0
557,0.6671519325450134,0.8807038869771284,0.05197419159325707,0.1332233654933949,-2.0383000842727483e-17,8.500145032286355e-17,0,0
558,0.6861673381310898,0.886891881022092,0.053309719544728296,0.13405941059691515,-1.3010426069826053e-18,9.367506770274758e-17,0,0
559,0.7093393774330123,0.9126209930597247,0.054909025018753305,0.1376578894903662,-1.3010426069826053e-17,2.883977778811442e-17,0,0
560,0.728348068045227,0.9188304642534076,0.056239124762047725,0.13851348263746135,-4.90059381963448e-17,-2.6020852139652106e-17,0,0
561,0.7473644552738129,0.925018898196249,0.05756658545472653,0.1393707399655748,1.0061396160665481e-16,5.0306980803327406e-17,0,0
562,0.7663826082155759,0.931198588087446,0.058891151292565905,0.1402312467696522,-7.155734338404329e-17,-1.734723475976807e-16,0,0
563,0.7858414604877464,0.9367243412123015,0.060243963937081785,0.1410018553851397,6.982261990806649e-17,1.734723475976807e-18,0,0
564,0.8052670945139342,0.9453468881368421,0.06158953385197326,0.14221727567772294,-2.862293735361732e-17,-9.540979117872439e-17,0,0
565,0.8264207371766513,0.9483499712282395,0.06305540849475424,0.14263487330560654,1.214306433183765e-17,2.42861286636753e-17,0,0
566,0.8695493896426905,0.9833228551980655,0.06602923618710485,0.1476166379715152,4.0766001685454967e-17,9.75781955236954e-17,0,0
567,0.8594553867664206,0.9629948036338655,0.06533551486453991,0.1447137304750644,-6.375108774214766e-17,7.806255641895632e-17,0,0
568,0.879999999999508,1.0,0.06674920663275687,0.15000000000000002,-2.862293735361732e-17,0.01680533947606728,0,4
569,0.2597825097898128,0.7116554984042485,0.022115150093525486,0.11230650717182937,2.7755575615628914e-17,5.724587470723463e-17,0,0
570,0.2407837453601635,0.705482185788865,0.020604938162736675,0.11165945776411078,-6.028164079019405e-17,-3.8163916471489756e-17,0,0
571,0.2217834451966091,0.6993122503346747,0.019079277967590607,0.11101688897156949,-2.42861286636753e-17,-1.734723475976807e-18,0,0
572,0.202771886543113,0.6931278401942396,0.017536795874943556,0.1103753748838345,4.336808689942018e-19,4.85722573273506e-17,0,0
573,0.1837584444451263,0.6869413631609507,0.015977539184008717,0.10973505692945318,-1.1275702593849246e-17,1.1275702593849246e-16,0,0
574,0.1647445450777633,0.6807549250855562,0.014401053697718191,0.10909463779453263,-1.214306433183765e-17,8.413408858487514e-17,0,0
575,0.1457303106944724,0.6745683082143149,0.012806886427252268,0.108452377222438,-3.7730235602495554e-17,5.0306980803327406e-17,0,0
576,0.1267157763095658,0.6683811617038493,0.01119470502356663,0.10780636350413458,-3.469446951953614e-18,1.9949319973733282e-17,0,0
577,0.1077007208242567,0.6621934775192613,0.00956431128561039,0.10715457242276102,-1.1275702593849246e-17,4.5102810375396984e-17,0,0
578,0.08868516640738838,0.6560054759780638,0.007915662794955588,0.10649493744140397,1.474514954580286e-17,5.0306980803327406e-17,0,0
579,0.278791982869667,0.7178400342296178,0.02361156251202931,0.11296003092797115,2.992397996059992e-17,3.122502256758253e-17,0,0
580,0.2978029163794308,0.7240260673905646,0.02509421157040528,0.11361975986758134,8.239936510889834e-18,5.204170427930421e-17,0,0
581,0.3168083216348012,0.7302059465058353,0.026563323767653968,0.11428550720849624,-2.862293735361732e-17,5.204170427930421e-18,0,0
582,0.0,0.6200000000010513,0.0,0.10240157424359919,-0.015594836812243603,-1.734723475976807e-17,1,0
583,0.3357677468912524,0.7363539100319914,0.028016646097691417,0.11495476840600759,-7.806255641895632e-18,-4.163336342344337e-17,0,0
584,0.3547381300396422,0.7425638356829851,0.029458793005147896,0.11564005485212578,4.336808689942018e-17,6.071532165918825e-17,0,0
585,0.3737103255157628,0.7487630409603618,0.030890202018527387,0.1163322416793702,-3.642919299551295e-17,-1.214306433183765e-17,0,0
586,0.3969659855381776,0.7745021422538098,0.032527127665130454,0.11963769575287095,-3.469446951953614e-18,5.616167253474913e-17,0,0
587,0.4160100758003548,0.7806941041711686,0.033946187209674086,0.12035871835923968,2.42861286636753e-17,2.2551405187698492e-17,0,0
588,0.4350210023741492,0.7868831459696934,0.03535399293038714,0.12108803109912604,1.9081958235744878e-17,-9.540979117872439e-17,0,0
589,0.4540068483339149,0.7930455575197319,0.03675183171842238,0.12182239029164868,-6.938893903907228e-18,-5.898059818321144e-17,0,0
590,0.4729892134958328,0.799208058318088,0.038141709010500964,0.12256527398744077,2.3418766925686896e-17,2.6020852139652106e-17,0,0
591,0.4919426311331868,0.8054262510185701,0.03952193990003935,0.12332442164343599,1.474514954580286e-17,8.673617379884035e-18,0,0
592,0.5109249648183201,0.8116340881539248,0.04089757492909565,0.1240904239674632,-1.3877787807814457e-17,1.0408340855860843e-17,0,0
593,0.5299377822727174,0.8178208961301869,0.04226912764150786,0.12486168427986306,-6.635317295611287e-17,-2.42861286636753e-17,0,0
594,0.705182739613957,0.8930795448765878,0.05464158820565683,0.13490105083759577,-2.949029909160572e-17,8.261620554339544e-17,0,0
595,0.844050932538159,0.9507040883730393,0.06427475941921437,0.14296325818492522,1.0408340855860843e-17,-7.632783294297951e-17,0,0
596,0.8860015240249641,0.9850843949187775,0.06716389728079251,0.14786680078770467,-4.0332320816460765e-17,9.020562075079397e-17,0,0
597,0.8999999999995835,1.0,0.06812760023244513,0.15000000000000002,-1.9081958235744878e-17,0.016809001696994532,0,4
598,0.06898045746591279,0.6295214567815688,0.0062633260326306235,0.10337835234702249,-4.466912950640278e-17,-3.2959746043559335e-17,0,0
599,0.05134447726402894,0.6292666593708602,0.004667437478897386,0.10341705357744735,2.0383000842727483e-17,6.331740687315346e-17,0,0
600,0.03452892607752868,0.6195758424336338,0.0031623432659117746,0.10230558959462399,-5.854691731421724e-18,-1.474514954580286e-17,0,0
601,0.08514427467942748,0.636347927512857,0.007687448002668953,0.10412588560427428,2.862293735361732e-17,-1.1275702593849246e-17,0,0
602,0.01626284366935944,0.6100000372195793,0.001498102622540125,0.101208150852929,-2.2551405187698492e-17,2.6020852139652106e-17,0,0
603,0.3928123391244243,0.7549465117677383,0.03232136088358391,0.11702999937499765,3.5561831257524545e-17,-5.442694905877232e-17,0,0
604,0.5489467612348604,0.8240054497380624,0.04363436268665016,0.12564076263361953,7.28583859910259e-17,5.746271514173174e-17,0,0
605,0.5679471335582691,0.8301946364850848,0.04499327251549956,0.12642842499990045,-1.9949319973733282e-17,-1.457167719820518e-16,0,0
606,0.5869458228334559,0.8363899232966079,0.046346722170417055,0.12722462240103743,9.063930161978817e-17,-1.1102230246251565e-16,0,0
607,0.6059568550944723,0.8425790102813623,0.047696093759806116,0.12802735307824106,2.992397996059992e-17,-1.960237527853792e-16,0,0
608,0.6249718042687384,0.8487666712665545,0.04904107613730587,0.12883704875832003,3.469446951953614e-18,-1.1275702593849246e-16,0,0
609,0.6439877522856071,0.8549543871025148,0.050381757680804,0.12965363506180777,-2.168404344971009e-18,-3.642919299551295e-17,0,0
610,0.6630027312009658,0.8611419750669996,0.051718294795725754,0.13047681259486066,-2.6454533008646308e-17,5.0306980803327406e-17,0,0
611,0.6820183723602156,0.8673298551966699,0.05305108147801529,0.13130636724814645,4.7704895589362195e-17,-1.231653667943533e-16,0,0
612,0.7010337623450045,0.8735176678284483,0.05438030711834965,0.13214193990983897,3.903127820947816e-17,-3.642919299551295e-17,0,0
613,0.7241983606010299,0.899267733717322,0.055970017841194014,0.13574808072901534,2.862293735361732e-17,-1.2793585635328952e-17,0,0
614,0.7432147693782081,0.9054558805480472,0.05729538741280727,0.1366000784493827,-2.5153490401663703e-17,-1.2663481374630692e-16,0,0
615,0.762230585914043,0.9116429905868009,0.058617809866583055,0.13745665212738709,0.0,1.734723475976807e-16,0,0
616,0.7812480109958824,0.9178200430898619,0.05993762652288179,0.13831593023677113,-5.421010862427522e-17,2.42861286636753e-17,0,0
617,0.8002763033513426,0.9239645843863437,0.06125571003782627,0.1391745281656819,-5.074066167232161e-17,7.112366251504909e-17,0,0
618,0.8193860316123323,0.929864411961023,0.06257757365127907,0.14000200747176694,5.767955557622884e-17,-4.5102810375396984e-17,0,0
619,0.8387136683402986,0.9350977774301886,0.06391244981948761,0.1407372524470442,9.627715291671279e-17,-1.0061396160665481e-16,0,0
620,0.880966737771326,0.9675690708470063,0.06681904899675134,0.14536233855138986,9.107298248878237e-17,7.806255641895632e-18,0,0
621,0.8573500987032654,0.9415800020753974,0.0651968677729782,0.14165426237505405,-1.0451708942760263e-16,-8.847089727481716e-17,0,0
622,0.8994914927117138,0.974530048548816,0.06809421783432296,0.1463554240143441,1.8214596497756474e-17,-2.42861286636753e-17,0,0
623,0.9399999999997501,1.0,0.07087963967555402,0.15000000000000002,2.2551405187698492e-17,0.01681251144773557,0,4
624,0.9199999999996669,1.0,0.0695043024530037,0.15000000000000002,1.9081958235744878e-17,0.016811651429141,0,4
625,0.9299999999997091,0.9826794919242391,0.07019288592725753,0.14751937439853166,5.139118297581291e-17,-1.0234868508263162e-16,0,0
626,0.9131686323850143,0.9845089026849032,0.06903503325286357,0.1477822849918519,-9.454242944073599e-17,-5.984795992119984e-17,0,0
627,0.2746454464957416,0.6982841878627856,0.023419064115998967,0.11044783276850688,-1.7780915628762273e-17,-2.2551405187698492e-17,0,0
628,0.2556463194002785,0.6921111324628898,0.021920630631362167,0.1098122990746958,1.0842021724855044e-17,-8.153200337090993e-17,0,0
629,0.2366471526571139,0.6859395374401908,0.02040644399931569,0.10918227695283059,3.122502256758253e-17,-4.85722573273506e-17,0,0
630,0.2176358472526447,0.6797550855645601,0.018874776355918114,0.10855487470971355,1.1275702593849246e-17,1.214306433183765e-17,0,0
631,0.1986230553730498,0.6735687294933235,0.017325620186063446,0.10793006804449323,-7.806255641895632e-18,-6.938893903907228e-18,0,0
632,0.179609446922566,0.6673815828694424,0.015758287499231832,0.10730645841756874,-5.204170427930421e-18,-1.0321604682062002e-16,0,0
633,0.1605954146428343,0.661194929093395,0.01417215758615463,0.10668247551564848,2.3418766925686896e-17,-1.1188966420050406e-16,0,0
634,0.1415813823264215,0.6550079679406078,0.012566759664314718,0.10605610040586758,3.903127820947816e-17,3.2959746043559335e-17,0,0
635,0.1225671765713768,0.6488208532216453,0.010941747667234002,0.10542525487903581,-3.946495907847236e-17,3.122502256758253e-17,0,0
636,0.1035526159888144,0.6426329101052751,0.009297026215662743,0.10478759566518371,1.691355389077387e-17,-2.2551405187698492e-17,0,0
637,0.2936549965533506,0.7044695220277537,0.024903348530358447,0.11109119474023442,3.642919299551295e-17,6.418476861114186e-17,0,0
638,0.31266510603052,0.7106553975880645,0.0263736112131389,0.11174179152281713,-2.0816681711721685e-17,5.204170427930421e-18,0,0
639,0.3316594301348571,0.7168275594968875,0.02782950460225476,0.1123985407904917,1.734723475976807e-18,-1.214306433183765e-17,0,0
640,0.0,0.6000000000010677,0.0,0.10004100810826871,-0.015623651303006856,-6.071532165918825e-18,1,0
641,0.3506511367442025,0.7230137719631383,0.029272696176416146,0.1130655654240165,-5.334274688628682e-17,-3.9898639947466563e-17,0,0
642,0.3696370311132441,0.7292087207120731,0.030703793887645197,0.11374260511701562,6.461844948013606e-17,7.28583859910259e-17,0,0
643,0.3886773591754125,0.7353918472738388,0.0321283210371284,0.11442679936017963,2.8189256484623115e-17,-3.8163916471489756e-17,0,0
644,0.4118622854000591,0.7611366234128326,0.03373873675653788,0.11773788528283403,1.214306433183765e-17,-5.377642775528102e-17,0,0
645,0.4308721328019408,0.7673257928748726,0.03514397119076072,0.11845486394212076,5.204170427930421e-18,4.5102810375396984e-17,0,0
646,0.4498825448577984,0.7735107235974646,0.036540774510604605,0.11918027645018854,1.7780915628762273e-17,1.5612511283791264e-17,0,0
647,0.468888982913104,0.7796914217819413,0.037929345477007784,0.11991415324333675,-5.377642775528102e-17,-1.5612511283791264e-17,0,0
648,0.487849701640437,0.7858445893908448,0.03930721909900793,0.1206534548216552,4.597017211338539e-17,5.551115123125783e-17,0,0
649,0.5068124566838013,0.7920578205914881,0.04067805606332771,0.12140984988320207,-5.0306980803327406e-17,1.0408340855860843e-17,0,0
650,0.5257895442583612,0.7982615391736086,0.04204352070316083,0.12217360805672889,-2.0816681711721685e-17,-3.469446951953614e-18,0,0
651,0.544800576487354,0.8044468927258281,0.04340546650933499,0.12294322199073764,4.5536491244391186e-17,-4.336808689942018e-17,0,0
652,0.7200491227094133,0.8797056249537101,0.055706239261066916,0.13298323331839546,-5.724587470723463e-17,-9.020562075079397e-17,0,0
653,0.8763235070589102,0.9487772703982195,0.06650351335742606,0.14267630948768667,9.71445146547012e-17,-6.938893903907228e-18,0,0
654,0.9478317020445453,0.9827872125318369,0.07141827508130787,0.14753377406530097,-6.245004513516506e-17,1.6479873021779667e-17,0,0
655,0.9599999999998334,1.0,0.07225379743759541,0.15000000000000002,-8.673617379884035e-19,0.016814019079914602,0,4
656,0.08102251259340826,0.6169007128101909,0.0074055287138088104,0.10180822984454246,8.673617379884035e-19,-8.153200337090993e-17,0,0
657,0.0610065947257421,0.6116347275828801,0.005606112757508668,0.1012755400382974,6.071532165918825e-17,-2.7755575615628914e-17,0,0
658,0.04767775382154465,0.6160205055518495,0.004376194675525752,0.10185009367632851,-6.938893903907228e-18,5.811323644522304e-17,0,0
659,0.02876463826652014,0.6005506260817922,0.0026678599775437095,0.1000711772647233,3.642919299551295e-17,4.597017211338539e-17,0,0
660,0.09950587131723898,0.6230574120662585,0.00904105362882936,0.10243976015413389,-3.0357660829594124e-18,1.0408340855860843e-17,0,0
661,0.01732050807564774,0.5900000000011215,0.0016198876746646939,0.0988604463346546,-5.204170427930421e-17,-2.0816681711721685e-17,0,0
662,0.4077095734089965,0.7415811241534366,0.03354201386612858,0.11512122854004117,-5.4643789493269423e-17,-2.0816681711721685e-17,0,0
663,0.5638050568072647,0.8106304943748224,0.04476124743420453,0.12372097625223011,2.168404344971009e-17,2.6454533008646308e-17,0,0
664,0.5828053827793178,0.8168225171733747,0.04611137923794235,0.12450805005307865,-1.691355389077387e-17,1.9081958235744878e-17,0,0
665,0.6018083198943749,0.8230181627585027,0.04745673592201777,0.1253034963021915,-2.7321894746634712e-17,1.491862189340054e-16,0,0
666,0.6208235942074268,0.829205599271195,0.04879838242580735,0.12610535756831534,-3.122502256758253e-17,1.5959455978986625e-16,0,0
667,0.6398387363607538,0.8353927934743713,0.0501357160179278,0.12691450232625415,9.974659986866641e-18,-8.500145032286355e-17,0,0
668,0.6588534382978739,0.841579955587781,0.051469024094163124,0.1277306676472051,-1.8214596497756474e-17,-4.85722573273506e-17,0,0
669,0.6778691610443153,0.8477682140006726,0.05279869923244352,0.12855371762596848,7.806255641895632e-18,-8.153200337090993e-17,0,0
670,0.6968846894804,0.8539560348877844,0.0541249311360559,0.12938312868885735,1.3877787807814457e-17,6.938893903907228e-17,0,0
671,0.7159000263308198,0.8601436740493602,0.055447981226803986,0.1302186137807981,-5.551115123125783e-17,3.8163916471489756e-17,0,0
672,0.7390652198903824,0.8858933359796841,0.057029173425760915,0.13382988413175986,6.591949208711867e-17,1.7976072019809664e-16,0,0
673,0.7580817130019695,0.8920808420772232,0.0583493534224056,0.1346815561951779,1.6479873021779667e-17,-1.214306433183765e-16,0,0
674,0.777094216862144,0.8982687195214638,0.05966669423240329,0.1355379115215713,-1.2576745200831851e-17,-1.3704315460216776e-16,0,0
675,0.7961113264867621,0.9044492049042098,0.06098207914004373,0.13639754104676263,5.117434254131581e-17,-1.214306433183765e-17,0,0
676,0.8151235433921357,0.9106478531037057,0.0622950332590918,0.13726392285445596,4.9873299934333204e-17,-1.1796119636642288e-16,0,0
677,0.8341407301120706,0.9168358654672023,0.06360648652610153,0.13813230695098108,-6.375108774214766e-17,2.949029909160572e-17,0,0
678,0.853230696321044,0.9228087373319271,0.06492134180165587,0.13897335901063965,-4.85722573273506e-17,1.8735013540549517e-16,0,0
679,0.8956933127721411,0.9552968582306303,0.06783637148228701,0.1436035239064451,-9.71445146547012e-17,4.5536491244391186e-17,0,0
680,0.8721869884145921,0.929219942744643,0.06622530601777898,0.13988054767006572,-4.2500725161431774e-17,-6.245004513516506e-17,0,0
681,0.9159979671153411,0.964387478214386,0.06923175146051729,0.14490112686359807,9.93129189996722e-17,3.469446951953614e-18,0,0
682,0.936711956366116,0.9659686173895196,0.07065539160409287,0.1451248576978698,-1.0538445116559103e-16,3.8163916471489756e-17,0,0
683,0.9687006111491041,0.9809011164293434,0.07285149951122677,0.14726257110775112,5.984795992119984e-17,-1.5699247457590104e-16,0,0
684,0.9799999999999167,1.0,0.07362706732749945,0.15000000000000002,-1.474514954580286e-17,0.01681498238795186,0,4
685,0.2895125705426409,0.6849155089335541,0.02472504992067208,0.10857205907265646,-2.5153490401663703e-17,-6.418476861114186e-17,0,0
686,0.2705097640836058,0.6787387050540531,0.023239301229187884,0.1079471681207248,-1.5612511283791264e-17,-1.9081958235744878e-17,0,0
687,0.2515092980152338,0.6725666802271963,0.021737647058779976,0.10732958169339679,-8.673617379884035e-18,4.336808689942018e-17,0,0
688,0.2324995288242523,0.6663828404342925,0.020218288680460758,0.10671618806832683,1.214306433183765e-17,3.2959746043559335e-17,0,0
689,0.2134873166740427,0.6601966849632666,0.018680742064151296,0.10610686925281214,-6.938893903907228e-18,-3.469446951953614e-18,0,0
690,0.1944746734039604,0.654010084359409,0.017124233968168725,0.10550035547187248,-1.951563910473908e-17,-6.938893903907228e-18,0,0
691,0.1754604415894257,0.6478223479349078,0.01554781591548461,0.10489485664443879,-1.8214596497756474e-17,9.367506770274758e-17,0,0
692,0.1564465002513077,0.6416351391802927,0.013950886824386857,0.104288622023073,1.734723475976807e-17,9.107298248878237e-17,0,0
693,0.1374329080792247,0.6354481511537192,0.01233285809610838,0.10367943927084723,-2.1250362580715887e-17,-8.673617379884035e-18,0,0
694,0.1184191735124351,0.6292609557887809,0.010693291205150291,0.1030648543617684,-2.5587171270657905e-17,0.0,0,0
695,0.308517460600183,0.6910996184997066,0.02619582481533198,0.10920549585180668,3.642919299551295e-17,8.673617379884035e-18,0,0
696,0.3275268842657599,0.6972851303213758,0.027652819070833532,0.1098474295767913,6.938893903907228e-18,3.469446951953614e-18,0,0
697,0.04383101721887889,0.603604792820024,0.004054401728479368,0.10038990280899221,-1.9081958235744878e-17,-5.377642775528102e-17,0,0
698,0.3465362466759375,0.7034704884126546,0.029096604076932948,0.11049830377742671,2.6020852139652106e-18,-6.938893903907228e-18,0,0
699,0.0,0.5800000000011323,0.0,0.09770936686280851,-0.01566014489669612,3.2959746043559335e-17,1,0
700,0.3655470020652628,0.7096523728320356,0.03052821897526668,0.11115810743433484,-5.767955557622884e-17,-6.591949208711867e-17,0,0
701,0.384556943418872,0.7158370911519343,0.0319483120793585,0.11182804308007359,1.3877787807814457e-17,7.806255641895632e-17,0,0
702,0.4035657544761524,0.7220258392894592,0.033357645637735495,0.11250846890887695,2.2551405187698492e-17,3.122502256758253e-17,0,0
703,0.4267238012150699,0.7477685895386764,0.034944872300993565,0.11582503685363603,-4.163336342344337e-17,5.4643789493269423e-17,0,0
704,0.445734696639096,0.753954269123857,0.036338678125182614,0.11653818153772895,-2.211772431870429e-17,5.0306980803327406e-17,0,0
705,0.4647459129644738,0.7601398556851591,0.03772430609393516,0.11726086275132734,2.6020852139652106e-18,7.112366251504909e-17,0,0
706,0.4837284612395993,0.7663035349871459,0.039100292444983746,0.11799018414993702,3.0357660829594124e-17,-3.2959746043559335e-17,0,0
707,0.502700477537387,0.7724974060893197,0.04046824749786361,0.11873310294454863,-2.0816681711721685e-17,6.938893903907228e-18,0,0
708,0.5216578092509733,0.7786989757498131,0.04182853529145623,0.119486385688346,-1.214306433183765e-17,-3.122502256758253e-17,0,0
709,0.5406540657982706,0.7848901426674462,0.043185599356771735,0.12024706425074241,-6.5052130349130266e-18,3.2959746043559335e-17,0,0
710,0.5596664278107965,0.7910767368070788,0.044538136312167825,0.12101586343658116,-5.204170427930421e-18,4.85722573273506e-17,0,0
711,0.7349157089955285,0.8663312696760298,0.05676814277708306,0.13105986849458057,-4.163336342344337e-17,-5.746271514173174e-17,0,0
712,0.8912654032250021,0.9354450923241338,0.06753681551576042,0.14076350997249454,2.47198095326695e-17,-4.336808689942018e-17,0,0
713,0.9539933144097296,0.9683654684817679,0.07184222673216516,0.14546666559422425,8.196568423990414e-17,8.933825901280557e-17,0,0
714,0.9854608147088563,0.9854608147088646,0.07400199948466088,0.14791580152676637,3.209238430557093e-17,-1.43982048506075e-16,0,0
715,1.0,1.0,0.07500000000000001,0.15000000000000002,0.007540915321599822,0.008407700434469645,2,4
716,0.09525655173429304,0.6035155710693808,0.008768795797659427,0.10012195816995068,-1.0842021724855044e-17,1.0408340855860843e-17,0,0
717,0.0762413256378352,0.597327181848201,0.007064927393121994,0.09950346083943969,-1.7780915628762273e-17,7.979727989493313e-17,0,0
718,0.03597375861400417,0.5843739173582221,0.003377428941009809,0.09816011675356516,5.4643789493269423e-17,-6.678685382510707e-17,0,0
719,0.114271019060148,0.609702092189306,0.01044925166863506,0.10072771706415792,4.336808689942018e-18,-4.336808689942018e-18,0,0
720,0.01741654021140049,0.5704430276834367,0.0016538021831383131,0.09659174707278154,3.0357660829594124e-17,-4.163336342344337e-17,0,0
721,0.422575648147439,0.7282119484739652,0.034757211496765694,0.11319861265106942,-2.2551405187698492e-17,-3.2526065174565133e-18,0,0
722,0.5786682515730902,0.7972551444229528,0.045884628673786086,0.12179216988815145,3.642919299551295e-17,3.491130995403324e-17,0,0
723,0.5976727416476342,0.8034515300598475,0.04722631479232979,0.12257931427930392,-4.2500725161431774e-17,-1.734723475976807e-17,0,0
724,0.6166791343920344,0.8096445307280951,0.04856358111242143,0.12337403787356759,7.37257477290143e-18,-9.540979117872439e-17,0,0
725,0.6356927498599143,0.8158317467029483,0.049897148108353176,0.12417568466663571,4.85722573273506e-17,7.632783294297951e-17,0,0
726,0.6547059780965616,0.8220194321833657,0.05122677291837879,0.12498485682130346,-6.852157730108388e-17,5.551115123125783e-17,0,0
727,0.6737204063762348,0.8282068321706741,0.05255287563797226,0.1258011347985191,1.9949319973733282e-17,1.0408340855860843e-16,0,0
728,0.692735540198687,0.8343946807552809,0.05387570637551299,0.12662430638730926,-5.204170427930421e-18,5.724587470723463e-17,0,0
729,0.7117507909686704,0.8405821249739042,0.05519549869460073,0.12745392587031704,-2.0816681711721685e-17,6.938893903907228e-18,0,0
730,0.7307662768362265,0.8467696156574624,0.05651252266153091,0.12828972602906713,6.678685382510707e-17,-7.112366251504909e-17,0,0
731,0.7539307567425622,0.872518572154622,0.058085589710071536,0.13190652723021418,5.811323644522304e-17,1.1319070680748666e-16,0,0
732,0.7729443533864299,0.8787068057308765,0.05940051566874366,0.1327583760882206,-2.8189256484623115e-17,1.9255430583342559e-16,0,0
733,0.7919570096221515,0.8848964688161024,0.06071321396511417,0.1336151640042979,-9.71445146547012e-17,3.122502256758253e-17,0,0
734,0.81097401170072,0.8910845727454946,0.06202429400488724,0.1344761793079666,6.938893903907228e-17,8.847089727481716e-17,0,0
735,0.8299912057217735,0.8972724837240702,0.06333366620734983,0.13534120432308064,-9.107298248878237e-17,7.45931094670027e-17,0,0
736,0.8490083181530714,0.9034604443845189,0.06464159835229827,0.13620998923637465,7.806255641895632e-18,-4.5102810375396984e-17,0,0
737,0.8680274677071682,0.9096498362004273,0.06594836177582693,0.13708260790904928,9.974659986866641e-17,-1.1102230246251565e-16,0,0
738,0.910298459246522,0.941521400337643,0.06884430866229058,0.1416276146042969,1.2923689896027213e-16,-1.214306433183765e-17,0,0
739,0.8870428227296141,0.9158368690085066,0.06725379355738785,0.13795799715358778,-5.204170427930421e-18,1.734723475976807e-17,0,0
740,0.9295875512612458,0.9473774499229572,0.07016873469957276,0.1424621375921614,-8.500145032286355e-17,-3.469446951953614e-17,0,0
741,0.9489363798614759,0.9525808442237571,0.071496593809644,0.14320477742804974,-9.540979117872439e-18,-8.500145032286355e-17,0,0
742,0.9673893950293735,0.960294072862109,0.07276238673680048,0.1443086502376734,8.673617379884035e-17,5.637851296924623e-17,0,0
743,0.9841239710170981,0.9694786126287799,0.07391052858880828,0.1456246962148137,-1.1058862159352145e-16,1.0408340855860843e-16,0,0
744,1.0,0.9799999999999475,0.07500000000000001,0.14713291642479134,0.01508130553822371,3.122502256758253e-17,2,0
745,0.3043746284151062,0.6715447158170825,0.02603148240757135,0.10667788485187982,1.9949319973733282e-17,-3.122502256758253e-17,0,0
746,0.2853722415839787,0.6653632319202212,0.024559887315517046,0.10606293465076556,-1.474514954580286e-17,6.938893903907228e-18,0,0
747,0.2663703775184438,0.6591919606629681,0.023072017353403838,0.10545746835730288,1.734723475976807e-18,3.469446951953614e-18,0,0
748,0.2473621969047016,0.6530111691098035,0.021566364190449386,0.10485802559852056,2.211772431870429e-17,-1.9081958235744878e-17,0,0
749,0.2283508513815568,0.6468250289532926,0.020042016358332845,0.10426392970113904,9.540979117872439e-18,-1.5612511283791264e-17,0,0
750,0.2093391340827871,0.6406386953849273,0.01849803984254713,0.10367440317586575,-1.1275702593849246e-17,1.9081958235744878e-17,0,0
751,0.1903256760419323,0.6344514329751573,0.01693324954039478,0.10308770735376906,2.949029909160572e-17,6.071532165918825e-17,0,0
752,0.1713114342508232,0.6282629665175301,0.015346729176373725,0.10250187766557392,-4.466912950640278e-17,-9.540979117872439e-17,0,0
753,0.1522978068814371,0.6220755851204254,0.013737696255560346,0.10191499361229304,5.074066167232161e-17,-7.546047120499111e-17,0,0
754,0.1332845230103515,0.615888837359049,0.012105405271380947,0.10132452974739402,5.637851296924623e-18,-4.683753385137379e-17,0,0
755,0.323379363979773,0.677730052330676,0.027488104023365344,0.10730228236271615,1.0408340855860843e-17,4.163336342344337e-17,0,0
756,0.3423887680072212,0.6839151494483793,0.028931024870674147,0.10793620231772286,1.3010426069826053e-18,-4.85722573273506e-17,0,0
757,0.05730043450713521,0.5909083413061698,0.005343566998298394,0.09884491619374954,-9.540979117872439e-18,-7.806255641895632e-18,0,0
758,0.3613983072637802,0.6901002378468656,0.030360894506138,0.10858020412659766,-4.336808689942018e-19,5.551115123125783e-17,0,0
759,0.0,0.5600000000011761,0.0,0.0954079562408443,-0.01569388305718317,-2.0816681711721685e-17,1,0
760,0.3804077938011542,0.6962849368693715,0.03177866875506183,0.109234584448571,-1.0408340855860843e-17,-7.112366251504909e-17,0,0
761,0.3994173648501204,0.7024700516980857,0.03318526585899633,0.10989965430417918,4.597017211338539e-17,1.734723475976807e-18,0,0
762,0.4184272056587393,0.7086558972209864,0.03458155896443855,0.11057559197602701,1.3444106938820255e-17,-6.071532165918825e-17,0,0
763,0.4415858671831459,0.7343975411685127,0.036147653392309693,0.11389883880767349,3.382710778154774e-17,-5.854691731421724e-17,0,0
764,0.4605969068710228,0.7405829016324162,0.037529678126810725,0.11460917125400062,1.3010426069826053e-17,-6.418476861114186e-17,0,0
765,0.4796000701993693,0.7467591806968759,0.038903327980267126,0.11532837021696393,3.426078865054194e-17,3.469446951953614e-18,0,0
766,0.4985667688831193,0.7529205783921625,0.04026711216621676,0.11605569413232683,-3.946495907847236e-17,-1.734723475976807e-18,0,0
767,0.5175154558032278,0.7591367197567436,0.041622591894383144,0.11680043406091335,7.806255641895632e-17,-8.673617379884035e-18,0,0
768,0.5365060248729098,0.7653315923131271,0.042975069555763586,0.11755156797895719,-5.4643789493269423e-17,-6.418476861114186e-17,0,0
769,0.5555176651704787,0.7715180944045131,0.044323378188782465,0.1183107745717403,6.028164079019405e-17,-8.500145032286355e-17,0,0
770,0.5745281962452397,0.7777028984542707,0.04566629748469103,0.11907885346251083,-1.5612511283791264e-17,-1.0061396160665481e-16,0,0
771,0.7497813180642248,0.852956684136435,0.05782698451750111,0.1291313031606677,-3.122502256758253e-17,-1.3053794156725473e-16,0,0
772,0.9061158669217741,0.9220198136866543,0.06856253069930153,0.13883538363888354,-1.734723475976807e-18,0.0,0,0
773,0.1101224783408044,0.590141880199307,0.010210232761925649,0.09841629544542385,-2.2985086056692694e-17,5.204170427930421e-17,0,0
774,0.09110776893671949,0.5839542882611622,0.008509139458577505,0.0978278056577395,2.905661822261152e-17,6.071532165918825e-18,0,0
775,0.07209243256223022,0.5777657609246519,0.006781054332028789,0.09722657189421333,-1.431146867680866e-17,-3.469446951953614e-18,0,0
776,0.03528481063442386,0.5637879330285421,0.0033671658828968846,0.09578306157788116,-3.0357660829594124e-18,4.336808689942018e-17,0,0
777,0.05332048406940521,0.5714893918943358,0.00505106354065358,0.09659707324344065,-4.206704429243757e-17,4.336808689942018e-18,0,0
778,0.1291362367820688,0.5963292408711461,0.011884941981856164,0.0989937567467365,3.469446951953614e-18,7.806255641895632e-18,0,0
779,0.01739382020149118,0.5507420431130448,0.001680246681374004,0.09433863941424282,-8.673617379884035e-19,1.474514954580286e-17,0,0
780,0.4374372463815135,0.7148413355211238,0.03596835207373795,0.11126229455597363,-2.5153490401663703e-17,-3.144186300207963e-17,0,0
781,0.5935318416226611,0.7838899238636136,0.047003802147877485,0.1198561065230848,1.6479873021779667e-17,1.5178830414797062e-17,0,0
782,0.6125382433861091,0.7900805264928785,0.04833696850365996,0.12064238153752621,1.431146867680866e-17,3.8163916471489756e-17,0,0
783,0.6315459766039532,0.7962716404364163,0.04966606466287692,0.12143695111627624,1.0842021724855044e-17,-8.326672684688674e-17,0,0
784,0.6505584541958468,0.8024589707813758,0.05099168160152565,0.12223887903896521,-2.3852447794681098e-17,-2.2551405187698492e-17,0,0
785,0.6695720834887467,0.8086462943830438,0.05231386807583204,0.12304838861952017,1.734723475976807e-17,-4.85722573273506e-17,0,0
786,0.6885862216227926,0.8148337232758969,0.05363287873910196,0.12386517017541812,8.673617379884035e-19,-8.673617379884035e-17,0,0
787,0.7076011928048733,0.8210208961997594,0.054949022263010024,0.1246888356693036,-2.949029909160572e-17,6.071532165918825e-17,0,0
788,0.7266169540121272,0.8272082701995523,0.05626256528651385,0.1255191113792305,4.5102810375396984e-17,7.45931094670027e-17,0,0
789,0.7456322283183604,0.8333956549243968,0.05757367939857303,0.1263556292063625,1.3010426069826053e-18,5.377642775528102e-17,0,0
790,0.768795760789172,0.8591446713565878,0.05913911728082298,0.12997848899029527,-2.949029909160572e-17,-8.825405684032006e-17,0,0
791,0.7878094526125115,0.8653330181759245,0.06044916850028329,0.1308308614657354,6.505213034913027e-17,3.469446951953614e-17,0,0
792,0.8068247521663758,0.8715215589768511,0.061757544998016035,0.13168807641262575,1.9949319973733282e-17,-1.0755285551056204e-16,0,0
793,0.825841848805742,0.8777093468949443,0.06306448624780848,0.13254963474006645,-4.2934406030425976e-17,1.0755285551056204e-16,0,0
794,0.8448587894494255,0.8838972554247815,0.06437009798996032,0.133415357504166,4.336808689942018e-17,-7.28583859910259e-17,0,0
795,0.8638758937169856,0.8900851709749646,0.06567463738902045,0.13428495438636817,-2.6020852139652106e-17,1.457167719820518e-16,0,0
796,0.8828931595599047,0.8962731375861673,0.06697824905983217,0.1351580891893395,-4.380176776841438e-17,4.85722573273506e-17,0,0
797,0.9252494022193801,0.928204994289494,0.0698748148279047,0.1397154759888643,-7.025630077706069e-17,7.697835424647081e-17,0,0
798,0.9019106788160324,0.9024612136689614,0.06828118884976847,0.1360343633943762,7.28583859910259e-17,-5.377642775528102e-17,0,0
799,0.9453617659391584,0.9342208538103074,0.0712538646231478,0.14057324509704064,-2.42861286636753e-17,-5.724587470723463e-17,0,0
800,0.9654029943425227,0.9410281492023194,0.07262768473329277,0.14154638714473716,5.117434254131581e-17,1.1275702593849246e-16,0,0
801,0.9831930052152538,0.95021567177252,0.0738472287347909,0.14286273920309672,-5.4643789493269423e-17,-1.214306433183765e-17,0,0
802,1.0,0.9599999999998947,0.07500000000000001,0.14426545165170582,0.015080433770852584,-4.336808689942018e-17,2,0
803,0.3192320444199291,0.6581755695040443,0.02733735025387789,0.10476515512453959,-4.423544863740858e-17,2.0816681711721685e-17,0,0
804,0.3002298371278587,0.651991007397212,0.02588096901016853,0.10415963091193392,3.469446951953614e-18,-4.5102810375396984e-17,0,0
805,0.2812257644081542,0.6458136273277629,0.024408132201702636,0.10356475108537505,1.214306433183765e-17,-6.938893903907228e-18,0,0
806,0.2622226136093582,0.6396381178780121,0.022917849184995353,0.1029789354624775,-2.5153490401663703e-17,3.9898639947466563e-17,0,0
807,0.243213670618665,0.6334543074665091,0.021408388515170212,0.10239987843397626,-4.336808689942018e-18,3.469446951953614e-18,0,0
808,0.224202497840422,0.6272677881159041,0.01987867589630626,0.10182696809075344,2.6020852139652106e-17,-2.949029909160572e-17,0,0
809,0.2051901999639252,0.621080574096952,0.018327485872267568,0.10125889258122348,4.0766001685454967e-17,3.469446951953614e-18,0,0
810,0.1861765520092442,0.6148926812515496,0.016753550201152472,0.10069380188841123,-3.252606517456513e-17,-1.0148132334464322e-16,0,0
811,0.167162702167784,0.6087042226376279,0.015155794923499465,0.10012954452141662,-4.7704895589362195e-18,6.591949208711867e-17,0,0
812,0.1481495113592527,0.6025165039125382,0.013533238865456862,0.09956379976473148,8.673617379884035e-18,-1.9081958235744878e-17,0,0
813,0.3382413230576511,0.6643604183989438,0.028779258346386578,0.10538099817533876,6.938893903907228e-18,4.85722573273506e-17,0,0
814,0.3572500956243425,0.6705451776332922,0.030207241985213316,0.1060076954952203,-1.9081958235744878e-17,2.949029909160572e-17,0,0
815,0.3762589356623888,0.6767303142045533,0.031622431904867736,0.10664565994071307,-5.204170427930421e-18,-1.214306433183765e-17,0,0
816,0.0,0.5400000000011733,0.0,0.09314127756396261,-0.015731813420272966,3.469446951953614e-18,1,0
817,0.3952690359667857,0.6829152350239133,0.03302594783171758,0.10729501227055536,-7.37257477290143e-18,2.6020852139652106e-17,0,0
818,0.4142775661355937,0.6891007773701495,0.0344185305693911,0.10795601179073355,5.204170427930421e-18,3.122502256758253e-17,0,0
819,0.4332887955449561,0.6952857924972992,0.035801405929660676,0.10862849260699482,1.3010426069826053e-18,5.204170427930421e-17,0,0
820,0.4564470943843524,0.7210261286957191,0.03734636045240078,0.11195970964638219,6.938893903907228e-18,3.968179951296946e-17,0,0
821,0.4754498823924931,0.7272113343562105,0.03871576295988772,0.1126679471464048,-1.1709383462843448e-17,1.3877787807814457e-17,0,0
822,0.4944287481883452,0.7333805917858878,0.04007607406799486,0.1133847044999772,7.806255641895632e-18,-1.734723475976807e-17,0,0
823,0.5134026514216405,0.7395694088860103,0.04142907489470223,0.1141145593419602,5.637851296924623e-18,1.214306433183765e-17,0,0
824,0.5323707627231185,0.7457711965611039,0.04277532905488618,0.114856405092481,-3.0791341698588326e-17,3.469446951953614e-17,0,0
825,0.5513698742416706,0.7519603479521274,0.04411813642067923,0.11560620465850781,2.47198095326695e-17,1.3877787807814457e-17,0,0
826,0.5703816186782662,0.758146822274739,0.04545655439873557,0.11636519792840339,-3.165870343657673e-17,8.326672684688674e-17,0,0
827,0.5893924497271417,0.7643322408671864,0.04679002721992571,0.11713340086565809,-3.8163916471489756e-17,4.163336342344337e-17,0,0
828,0.7646470097152905,0.8395826697859438,0.058882617244938866,0.1271979810979948,-3.209238430557093e-17,3.642919299551295e-17,0,0
829,0.9209284352940946,0.9086493124911877,0.06958382625091447,0.1369132238789366,-8.413408858487514e-17,-1.196959198423997e-16,0,0
830,0.1059740653710451,0.5705812794977302,0.009976674657624845,0.0961331519495775,2.992397996059992e-17,-2.3418766925686896e-17,0,0
831,0.1249880058506846,0.5767689770350719,0.011672023285413126,0.0966897049186692,1.9949319973733282e-17,-5.811323644522304e-17,0,0
832,0.08702055311293122,0.5644509957646617,0.008257032276397094,0.09557031912391907,-1.3444106938820255e-17,0.0,0,0
833,0.06831082335311375,0.558551465084065,0.006530719195346656,0.09501776932029041,9.107298248878237e-18,-1.9081958235744878e-17,0,0
834,0.05151120094745685,0.5508839211166602,0.004966103189172657,0.09423681618763913,-4.336808689942018e-18,-5.204170427930421e-18,0,0
835,0.03436890608564892,0.54113158342316,0.003347215377580591,0.09320746578752766,2.6020852139652106e-18,3.8163916471489756e-17,0,0
836,0.1440013602251939,0.5829571396510157,0.013338226315807417,0.09723736594177569,1.6046192152785466e-17,-2.5153490401663703e-17,0,0
837,0.01727144103356693,0.5300164821327571,0.0017024200557430775,0.09200797059575465,-3.5561831257524545e-17,-3.2959746043559335e-17,0,0
838,0.4522985081367934,0.7014708790476989,0.0371750777370512,0.10931252946500973,-2.5153490401663703e-17,-5.204170427930421e-17,0,0
839,0.6083982016340377,0.7705163054760744,0.04811866571886123,0.11791047816182326,-1.9081958235744878e-17,-1.0842021724855044e-18,0,0
840,0.6274015644163347,0.7767092283932248,0.04944300331701942,0.11869752321311265,7.37257477290143e-17,3.469446951953614e-17,0,0
841,0.6464099823333825,0.782899422926089,0.05076397101327788,0.11949254426111248,-6.678685382510707e-17,4.336808689942018e-17,0,0
842,0.6654234629351937,0.7890863368296624,0.0520818962610175,0.12029512397090387,-3.903127820947816e-17,-8.673617379884035e-18,0,0
843,0.6844372550316811,0.7952733480206693,0.05339674437914502,0.12110541851956874,7.632783294297951e-17,8.500145032286355e-17,0,0
844,0.7034519406738025,0.801460499822857,0.05470885115430555,0.12192308451823917,-8.456776945386935e-17,-9.020562075079397e-17,0,0
845,0.7224672729899186,0.8076473886446197,0.056018480544980126,0.12274771516314482,5.551115123125783e-17,-3.122502256758253e-17,0,0
846,0.7414830290608078,0.8138346103411205,0.057325882907946435,0.12357904419287048,6.114900252818245e-17,-5.204170427930421e-17,0,0
847,0.760497991588109,0.8200218273600581,0.058631232063596835,0.12441667058514684,-6.331740687315346e-17,2.42861286636753e-17,0,0
848,0.7836618062545467,0.8457704003017281,0.060189662436069026,0.1280459737962156,4.683753385137379e-17,-5.2909066017292616e-17,0,0
849,0.8026772889815412,0.8519585068920723,0.06149510774185345,0.12889922014042926,3.7730235602495554e-17,-7.806255641895632e-17,0,0
850,0.8216928923797584,0.8581465214842638,0.06279914884055939,0.1297573048436215,-6.722053469410127e-17,-1.4051260155412137e-16,0,0
851,0.8407094129137368,0.8643341964942728,0.06410207661614997,0.130619868012007,1.1405806854547507e-16,-6.765421556309548e-17,0,0
852,0.8597262468430454,0.8705220083369143,0.06540407546596595,0.13148667333586989,-6.591949208711867e-17,-7.806255641895632e-17,0,0
853,0.8787433767676824,0.8767097223980418,0.0667053599149323,0.13235732704364103,-9.540979117872439e-18,2.0816681711721685e-17,0,0
854,0.8977608047027399,0.8828974838463669,0.06800609919495473,0.1332315089046581,6.245004513516506e-17,6.071532165918825e-17,0,0
855,0.9409730696883548,0.9147865837149411,0.07095665085463018,0.13778696821884084,1.6219664500383146e-16,-7.806255641895632e-18,0,0
856,0.9167785020226911,0.8890853469419102,0.06930652781497969,0.1341088699857233,4.423544863740858e-17,1.0755285551056204e-16,0,0
857,0.9638729376885836,0.9190560405766118,0.07252534539578612,0.1383949716990252,-6.158268339717665e-17,-1.4311468676808659e-16,0,0
858,0.9823784671773255,0.9299718085710339,0.07379249318172491,0.13995912928639306,-3.5561831257524545e-17,-7.112366251504909e-17,0,0
859,1.0,0.939999999999842,0.07500000000000001,0.1413972209718067,0.015078977849228624,8.153200337090993e-17,2,0
860,0.3340929496132318,0.6448064926275814,0.02864220428261336,0.10283305573849337,4.0766001685454967e-17,-2.2551405187698492e-17,0,0
861,0.3150863668952298,0.6386213517186611,0.02720169757438856,0.10223644722097525,-2.42861286636753e-17,5.204170427930421e-17,0,0
862,0.2960864106526222,0.6324365635931841,0.025745628440525373,0.10165105524001979,-3.0791341698588326e-17,4.5102810375396984e-17,0,0
863,0.2770829010611512,0.6262654536761425,0.024271667252842796,0.10107802122041745,4.5102810375396984e-17,4.5102810375396984e-17,0,0
864,0.2580750565550748,0.6200825940383585,0.02277857328210874,0.10051313891492722,-2.6020852139652106e-17,-6.938893903907228e-18,0,0
865,0.2390623330778004,0.6138929714062704,0.02126475366798192,0.09995592648142466,-3.209238430557093e-17,-3.9898639947466563e-17,0,0
866,0.2200526636344587,0.6077082517066843,0.019729238955808193,0.09940635043728212,2.688821387764051e-17,6.591949208711867e-17,0,0
867,0.2010397781643966,0.6015208544529411,0.018170089833160614,0.0988617874020195,-5.377642775528102e-17,5.4643789493269423e-17,0,0
868,0.1820264470928583,0.5953325433496638,0.016586060852966718,0.09832036849850145,2.6020852139652106e-18,4.336808689942018e-18,0,0
869,0.1630139666213278,0.589145011578105,0.01497587623075948,0.09777986762526782,-1.1275702593849246e-17,3.0357660829594124e-17,0,0
870,0.3530997676659678,0.6509905540910015,0.030067957821698858,0.1034412784265326,-5.204170427930421e-18,-8.153200337090993e-17,0,0
871,0.3721048073141323,0.6571755947017534,0.03148001208103755,0.1040617710426272,1.3444106938820255e-17,-1.9081958235744878e-17,0,0
872,0.3911141741313539,0.6633613396340372,0.03287998719774716,0.10469463814206156,-1.734723475976807e-18,-5.204170427930421e-18,0,0
873,0.0,0.5200000000011236,0.0,0.09091500774709547,-0.01577700576130143,0.0,1,0
874,0.4101231768941428,0.6695472021055147,0.03426859891164814,0.10533995665026764,-2.688821387764051e-17,-3.469446951953614e-17,0,0
875,0.4291332187505613,0.675732171827955,0.03564695543042023,0.10599757239328386,3.469446951953614e-17,1.0408340855860843e-17,0,0
876,0.4481439284615421,0.6819171445338583,0.03701593660753281,0.10666753779299198,-1.214306433183765e-17,5.204170427930421e-18,0,0
877,0.4712885144799653,0.7076541826443413,0.03853897732359978,0.11000790034614052,5.204170427930421e-18,-3.165870343657673e-17,0,0
878,0.49027503862167,0.7138349806747696,0.03989503376160215,0.11071417629577769,-3.3393426912553537e-17,3.642919299551295e-17,0,0
879,0.5092573403743792,0.7200182207674737,0.0412438093944314,0.11143185181324942,3.5561831257524545e-17,6.418476861114186e-17,0,0
880,0.5282339716712793,0.7262074012792028,0.04258578133048361,0.1121611695756614,-1.6479873021779667e-17,-3.9898639947466563e-17,0,0
881,0.5472276510781999,0.7324004897859415,0.04392316475385652,0.11290142310390887,2.949029909160572e-17,3.469446951953614e-17,0,0
882,0.5662338675415831,0.7385894101557879,0.04525616202674545,0.11365123399673846,-2.5153490401663703e-17,-6.938893903907228e-18,0,0
883,0.5852452651389541,0.7447757995036135,0.04658469060969124,0.1144105650197784,-9.107298248878237e-18,-4.85722573273506e-17,0,0
884,0.604256644263734,0.7509620086405419,0.047908792662452786,0.11517944619041218,3.382710778154774e-17,6.938893903907228e-18,0,0
885,0.779512937063283,0.8262092238031521,0.05993483264223021,0.12526026572043766,-6.071532165918825e-18,-1.3010426069826053e-17,0,0
886,0.9355619497765187,0.8959938436514815,0.0705908380764272,0.13509231816974993,-5.204170427930421e-17,-5.204170427930421e-17,0,0
887,0.1208399048465388,0.5572084158959436,0.01146741182903713,0.09441531743474402,8.673617379884035e-19,8.413408858487514e-17,0,0
888,0.1018260691167079,0.5510205989630738,0.009748683598292458,0.09388188649880218,6.5052130349130266e-18,-4.163336342344337e-17,0,0
889,0.1398531840964935,0.5633970890447721,0.013153563261551711,0.09493833390239204,-1.9081958235744878e-17,-4.336808689942018e-18,0,0
890,0.0831781891290346,0.5451783953058913,0.008029741306811326,0.0933698479472714,-1.3877787807814457e-17,1.3877787807814457e-17,0,0
891,0.0661336196123453,0.5392246358947305,0.006434821213156005,0.09282050095284673,1.734723475976807e-17,-2.3418766925686896e-17,0,0
892,0.05016551823497384,0.5301578552882076,0.004932278832887883,0.09189979169533284,1.5612511283791264e-17,-6.418476861114186e-17,0,0
893,0.03442187542402824,0.5198954828339091,0.003425413730398222,0.09083363243656424,2.7755575615628914e-17,9.540979117872439e-18,0,0
894,0.1588657492496197,0.5695857928965677,0.014808065016544587,0.09545528900924205,-8.673617379884035e-18,1.0408340855860843e-17,0,0
895,0.01731248479404566,0.5100025123923271,0.001744158322807925,0.08979932239614448,-2.949029909160572e-17,-4.336808689942018e-18,0,0
896,0.4671341048900773,0.6880967380236914,0.038374855064449494,0.10734914496238837,6.938893903907228e-18,4.662069341687669e-17,0,0
897,0.623261306042928,0.7571449718446182,0.049228406275423624,0.11595713068361749,-4.2500725161431774e-17,1.1709383462843448e-17,0,0
898,0.6422630965923204,0.7633389792098492,0.05054412335281229,0.11674525789636313,-4.7704895589362195e-18,5.204170427930421e-17,0,0
899,0.6612769747245224,0.7695251788144528,0.051857419398407115,0.1175407478149001,1.1275702593849246e-17,-2.42861286636753e-17,0,0
900,0.6802883654484232,0.7757136684185209,0.05316755143516107,0.11834473331372895,1.734723475976807e-18,-3.642919299551295e-17,0,0
901,0.6993019237946673,0.7819004625111652,0.05447516589204752,0.11915627029243889,2.7755575615628914e-17,3.469446951953614e-17,0,0
902,0.7183177777988823,0.7880871802850327,0.05578055320528273,0.11997522551351067,-5.551115123125783e-17,1.214306433183765e-17,0,0
903,0.737333661025608,0.7942740385066271,0.05708382909287088,0.12080127594427675,2.905661822261152e-17,7.979727989493313e-17,0,0
904,0.756348872262756,0.8004610056025065,0.058385208038230274,0.12163405498799909,-6.678685382510707e-17,3.642919299551295e-17,0,0
905,0.7753636453256156,0.8066481239496378,0.059684959828783093,0.12247320729031566,3.2959746043559335e-17,-1.9081958235744878e-17,0,0
906,0.7985282213772738,0.832396660533121,0.06123695415806036,0.1261094613064153,-3.8163916471489756e-17,1.240327285323417e-16,0,0
907,0.8175439884999225,0.8385839870794337,0.06253784453084092,0.12696388601763117,2.3418766925686896e-17,1.491862189340054e-16,0,0
908,0.8365600629112324,0.8447715325680091,0.06383772532733985,0.1278232529181268,-6.245004513516506e-17,1.1449174941446927e-16,0,0
909,0.8555765033738958,0.8509592055467198,0.06513682778483171,0.12868722767473081,-6.071532165918825e-18,7.979727989493313e-17,0,0
910,0.8745931780526515,0.8571467779759832,0.06643536639996356,0.12955544244585368,-6.722053469410127e-17,-1.491862189340054e-16,0,0
911,0.893610542418645,0.8633343636247761,0.06773362464577946,0.1304275326532926,9.974659986866641e-17,2.0816681711721685e-17,0,0
912,0.912665759313745,0.8698750016545863,0.06903411736261375,0.13135381597242135,-2.6454533008646308e-17,-5.0306980803327406e-17,0,0
913,0.9547006900602892,0.9007465987096973,0.07190032106969656,0.13576918014157238,1.1275702593849246e-17,1.3747683547116196e-16,0,0
914,0.9318708533502967,0.8778277779952767,0.07034429457049082,0.1324860021247027,-8.673617379884035e-19,1.0408340855860843e-17,0,0
915,0.9836295556878488,0.9099952954738036,0.07387928240333444,0.13709228267169432,-2.168404344971009e-18,1.1188966420050406e-16,0,0
916,1.0,0.9199999999997894,0.07500000000000001,0.13852764613203142,0.015077788277166465,-8.500145032286355e-17,2,0
917,0.3299442509503614,0.6252531827818509,0.028521006565551166,0.10029267314325224,-4.336808689942018e-18,-2.949029909160572e-17,0,0
918,0.348948454885148,0.6314378397555716,0.029944148783473158,0.10088134981008454,1.5178830414797062e-17,7.28583859910259e-17,0,0
919,0.3109387574739068,0.6190681501609181,0.027082001507595252,0.0997167716803777,1.3877787807814457e-17,-6.765421556309548e-17,0,0
920,0.2919318468908397,0.6128842791886964,0.025625629182408145,0.09915332316047328,-2.168404344971009e-18,-1.214306433183765e-17,0,0
921,0.2729250374384056,0.6067008972268592,0.02415043499228281,0.09860149497108464,-4.336808689942018e-18,-2.7755575615628914e-17,0,0
922,0.2539175607906717,0.6005166109968358,0.0226547275331711,0.09806013462056007,6.938893903907228e-18,3.469446951953614e-18,0,0
923,0.2349111237622235,0.5943339897203657,0.021136921644828967,0.09752828148447802,2.862293735361732e-17,6.245004513516506e-17,0,0
924,0.2159016307025782,0.5881478708620668,0.0195949980574161,0.09700377667459681,-4.336808689942018e-19,-6.765421556309548e-17,0,0
925,0.196889918638974,0.5819618685596071,0.018027240964393728,0.09648515027538761,-1.474514954580286e-17,-6.418476861114186e-17,0,0
926,0.1778778867423459,0.5757741409391324,0.016432130536693686,0.09596984914301782,8.239936510889834e-18,-7.806255641895632e-18,0,0
927,0.3679414229791518,0.6376203344965177,0.03135206901891906,0.10148301987522951,2.992397996059992e-17,6.938893903907228e-18,0,0
928,0.386945921706597,0.643803231089568,0.0327478023254198,0.10209794834507853,-3.9898639947466563e-17,1.734723475976807e-18,0,0
929,0.4059484370996789,0.6499865538453183,0.03413149093494455,0.10272637490201526,1.6046192152785466e-17,0.0,0,0
930,0.0,0.5000000000010534,0.0,0.08873363047756111,-0.01582808290467922,4.683753385137379e-17,1,0
931,0.4249591444327691,0.6561724330236581,0.03550498917087232,0.10336844422451914,8.673617379884035e-18,-3.8163916471489756e-17,0,0
932,0.4439651838920736,0.6623564109367145,0.036868371376883126,0.10402357666489757,-2.7321894746634712e-17,-1.5612511283791264e-17,0,0
933,0.4629662047378709,0.6685393312856862,0.038222546797729365,0.10469168120168841,4.85722573273506e-17,-1.734723475976807e-17,0,0
934,0.486121368284401,0.6942767717594058,0.03972576118682514,0.10804282041304983,-2.6020852139652106e-17,-5.746271514173174e-17,0,0
935,0.505097832755789,0.7004653685481481,0.04106873312219423,0.10874950668348449,7.32920668600201e-17,-6.418476861114186e-17,0,0
936,0.5240894490217789,0.7066500833875846,0.042406398141777824,0.10946700548767963,-1.431146867680866e-17,-5.0306980803327406e-17,0,0
937,0.5430919396305853,0.712839693979976,0.043738963513738405,0.11019627979318236,-5.637851296924623e-18,1.0408340855860843e-17,0,0
938,0.5620954068266831,0.719026246265961,0.04506630425598467,0.11093596283329987,2.168404344971009e-18,5.204170427930421e-18,0,0
939,0.5811003525428258,0.7252162574976722,0.04638891414053901,0.11168661455532723,-6.938893903907228e-18,8.673617379884035e-18,0,0
940,0.6001083238808314,0.7314047599034901,0.047707384289910504,0.11244717357409346,6.071532165918825e-18,5.204170427930421e-18,0,0
941,0.6191185019128338,0.7375900579606404,0.049022083031126575,0.11321703873358815,2.211772431870429e-17,-5.204170427930421e-18,0,0
942,0.7943788071480268,0.8128351573435776,0.060983387001467,0.12331834055385263,-3.9898639947466563e-17,-2.3635607360183997e-17,0,0
943,0.9481872705787792,0.8857202004511898,0.0714579795553604,0.13361343550750204,-2.688821387764051e-17,-3.469446951953614e-17,0,0
944,0.9705030161543793,0.8999999953748709,0.07298197509362411,0.13565885496081226,-7.24247051220317e-17,-2.6020852139652106e-18,0,0
945,0.1357052509206083,0.5438358755108443,0.012980417072996369,0.09266962454805319,3.209238430557093e-17,1.734723475976807e-18,0,0
946,0.1166918770643026,0.5376481000272502,0.01127194232640493,0.09217420291518116,-1.0842021724855044e-17,-5.811323644522304e-17,0,0
947,0.09767799656314842,0.5314600690561424,0.009527340121145802,0.0916657801300536,-6.938893903907228e-18,-2.688821387764051e-17,0,0
948,0.1547180043550324,0.5500250592833825,0.014653635518034941,0.09315827405324967,7.806255641895632e-18,-4.2500725161431774e-17,0,0
949,0.08058964440588087,0.5267655132674427,0.007920674692195906,0.09129226504594148,1.431146867680866e-17,5.117434254131581e-17,0,0
950,0.0659703878167392,0.5195372239397191,0.006543888111029547,0.09060533879256619,-3.8163916471489756e-17,7.632783294297951e-17,0,0
951,0.05107394622541367,0.5099985683893742,0.005128639457926803,0.08965394203569946,-9.540979117872439e-18,6.591949208711867e-17,0,0
952,0.03463944272140237,0.4999999955857367,0.0035262761969337,0.08865169408064692,6.071532165918825e-18,-9.80118763926896e-17,0,0
953,0.1737300934573245,0.5562163168829994,0.01629306077293773,0.09364441307582633,-1.8214596497756474e-17,-3.9898639947466563e-17,0,0
954,0.01732052354291607,0.4900001717032116,0.0017872075662956953,0.08763901636029854,5.898059818321144e-17,-2.0816681711721685e-17,0,0
955,0.48196211297717,0.6747237368482286,0.03956833259542462,0.10537287447413451,-1.9081958235744878e-17,3.9898639947466563e-17,0,0
956,0.6381255780680558,0.7437760804433818,0.050333003834429915,0.11399641584886677,-2.2551405187698492e-17,-3.382710778154774e-17,0,0
957,0.6571337540493954,0.7499649224907238,0.05164080146044355,0.11478520338700894,1.3010426069826053e-17,3.469446951953614e-18,0,0
958,0.6761453399498438,0.7561514888813794,0.05294599193110796,0.11558228931323768,2.7321894746634712e-17,-1.0408340855860843e-17,0,0
959,0.6951541478456016,0.7623405894530231,0.05424844013096933,0.11638800650438583,3.382710778154774e-17,-5.724587470723463e-17,0,0
960,0.7141682964261473,0.7685271531436437,0.05554902482471148,0.11720122367197075,-3.5561831257524545e-17,-1.5612511283791264e-17,0,0
961,0.7331843458690905,0.7747136785403691,0.05684777732361119,0.11802193712647888,1.6479873021779667e-17,-7.28583859910259e-17,0,0
962,0.7522002155914062,0.7809003491699235,0.058144819800794105,0.11884980601603132,2.949029909160572e-17,-3.642919299551295e-17,0,0
963,0.7712143828474425,0.7870874175910263,0.059440303039660664,0.11968449940690594,3.8163916471489756e-17,-6.071532165918825e-17,0,0
964,0.7902295470239148,0.7932728282441481,0.060734664651520186,0.12052535003002554,-6.505213034913027e-17,-5.551115123125783e-17,0,0
965,0.8133944573139101,0.8190221330677218,0.06228073420675079,0.12416910441897196,9.367506770274758e-17,-4.9439619065339e-17,0,0
966,0.8324105104081279,0.825209238293737,0.06357722809946605,0.1250251813179394,-1.9081958235744878e-17,-9.367506770274758e-17,0,0
967,0.8514267180663091,0.8313967002855172,0.06487307553159284,0.12588626871600303,-3.426078865054194e-17,-1.1102230246251565e-16,0,0
968,0.8704431615833069,0.8375841980485086,0.06616849651985722,0.12675198813665556,9.974659986866641e-17,1.5959455978986625e-16,0,0
969,0.889460264560468,0.8437717991981054,0.06746373789240823,0.12762201330142955,-1.5092094240998222e-16,-3.9898639947466563e-17,0,0
970,0.9086080223569877,0.8500289146079409,0.06876792652947727,0.12850577046792352,8.716985466783456e-17,1.231653667943533e-16,0,0
971,0.928241337801702,0.8562114288937527,0.07010557723849514,0.1293821907428956,-6.418476861114186e-17,5.2909066017292616e-17,0,0
972,0.9650770123318505,0.8824238855734421,0.07261381259414941,0.1331356397783946,2.2551405187698492e-17,5.377642775528102e-17,0,0
973,0.9485879653683793,0.8692077030321319,0.07149033026973332,0.13124131812427564,-6.158268339717665e-17,5.0306980803327406e-17,0,0
974,1.0,0.8999999999997367,0.07500000000000001,0.1356565927228841,0.015075740107867788,2.168404344971009e-17,2,0
975,0.9835368399745886,0.8900000000424553,0.07387463020203978,0.13422095034164624,4.7271214720367993e-17,-9.194034422677078e-17,0,0
976,0.3257959534184115,0.6057003891521445,0.02841695092301373,0.0977601584236548,-1.9081958235744878e-17,-5.204170427930421e-18,0,0
977,0.3447940095149578,0.6118817324014488,0.02983685765071611,0.09832741825457834,-1.1275702593849246e-17,-5.204170427930421e-18,0,0
978,0.3637873670765506,0.6180593589197373,0.031241180224144537,0.09890857432769654,4.0766001685454967e-17,-5.377642775528102e-17,0,0
979,0.3067896846622276,0.5995159328828545,0.026979611351364455,0.09720660185085798,4.2934406030425976e-17,2.2551405187698492e-17,0,0
980,0.2877832578220867,0.5933310533188494,0.025523751116523215,0.09666649443577348,-1.3010426069826053e-18,3.2959746043559335e-17,0,0
981,0.2687767927871035,0.5871467800613279,0.024047573422302616,0.09613921411047578,-1.6046192152785466e-17,-4.163336342344337e-17,0,0
982,0.2497701186974399,0.5809615223696014,0.022549199382774242,0.09562350015719127,3.122502256758253e-17,-5.204170427930421e-18,0,0
983,0.2307624356703917,0.5747767109807351,0.02102658688578419,0.09511818565812066,-2.5153490401663703e-17,-8.153200337090993e-17,0,0
984,0.2117524390797383,0.5685912633591023,0.019477635627393783,0.09462144027301182,1.9949319973733282e-17,-1.214306433183765e-17,0,0
985,0.1927411381161354,0.5624037267314221,0.017900415032643672,0.09413095802071794,3.903127820947816e-18,4.597017211338539e-17,0,0
986,0.382782943766766,0.6242475276099412,0.032631760416181224,0.09950562486551942,-1.5178830414797062e-17,-1.214306433183765e-17,0,0
987,0.4017837449484994,0.6304280362498408,0.03401035594732701,0.10011611710658302,7.806255641895632e-18,-2.7755575615628914e-17,0,0
988,0.4207885090540243,0.636617069058607,0.03537790718535636,0.10074218220039345,-2.5587171270657905e-17,8.673617379884035e-18,0,0
989,0.0,0.4800000000009889,0.0,0.08660266552571591,-0.015887312236098343,-5.724587470723463e-17,1,0
990,0.4397963409061336,0.6427951903678397,0.03673565554704935,0.10138101566524171,2.6020852139652106e-18,2.949029909160572e-17,0,0
991,0.4588004224049851,0.6489871715965883,0.03808387104635634,0.10203584792149221,-3.426078865054194e-17,1.0408340855860843e-17,0,0
992,0.4777977266729186,0.6551681478070286,0.039423493792274784,0.1027029859421107,5.204170427930421e-18,3.2959746043559335e-17,0,0
993,0.5009511929606045,0.6809094893160849,0.0409063872738994,0.10606684866201362,3.469446951953614e-17,7.806255641895632e-18,0,0
994,0.5199432317727466,0.6871006594776282,0.042238102857908584,0.10677377643308174,-1.474514954580286e-17,2.7755575615628914e-17,0,0
995,0.538950584262555,0.6932845489396647,0.04356508644559414,0.10749145112095192,-5.334274688628682e-17,0.0,0,0
996,0.5579545749230157,0.6994693942215024,0.04488651106519087,0.10822079842927547,3.209238430557093e-17,8.673617379884035e-18,0,0
997,0.5769590512378139,0.7056579080459084,0.04620316836047511,0.10896178654972488,-3.2959746043559335e-17,-1.5612511283791264e-17,0,0
998,0.595964400014502,0.7118457699458358,0.04751559988163213,0.10971341372819604,1.951563910473908e-17,1.3877787807814457e-17,0,0
999,0.6149714119136823,0.7180342758851344,0.04882429557191121,0.11047546292540698,2.0816681711721685e-17,-6.938893903907228e-18,0,0
1000,0.6339819603963828,0.7242203293876287,0.050129807338795136,0.11124708374023398,-1.1275702593849246e-17,3.469446951953614e-18,0,0
1001,0.8092447801807429,0.7994590467251947,0.06202807278345734,0.12137235137347062,3.469446951953614e-18,6.483528991463317e-17,0,0
1002,0.1315611900719755,0.5242805809046562,0.01282041562354617,0.09043536532933978,-2.3418766925686896e-17,4.0766001685454967e-17,0,0
1003,0.1505703105217139,0.5304639803703232,0.014513995100484345,0.09089187997764135,-1.3877787807814457e-17,7.892991815694472e-17,0,0
1004,0.1125437040773635,0.5180877071676598,0.011087376763327234,0.08996996174945535,6.938893903907228e-18,-2.42861286636753e-17,0,0
1005,0.09428536391065662,0.5127394763510194,0.009379757135328152,0.08957560446909929,-2.6020852139652106e-18,5.377642775528102e-17,0,0
1006,0.1695824596073195,0.536655219395051,0.016170407743444748,0.09134613823924945,-1.9081958235744878e-17,9.194034422677078e-17,0,0
1007,0.07941766590194738,0.5106413105525279,0.007938411152239203,0.0894944176388244,9.107298248878237e-18,-7.28583859910259e-17,0,0
1008,0.068810948723206,0.5003265486823371,0.006969817358524648,0.08845778151538972,2.862293735361732e-17,-8.673617379884035e-17,0,0
1009,0.05196033464103826,0.4900000000097016,0.005342806972137216,0.08746730989003605,-2.168404344971009e-17,2.42861286636753e-17,0,0
1010,0.034152236918549,0.4800004911421802,0.0035649596545661725,0.08651026432326131,-1.9081958235744878e-17,6.158268339717665e-17,0,0
1011,0.1885940713243507,0.542846355241736,0.01779131118260755,0.09180135662529061,-4.206704429243757e-17,2.949029909160572e-17,0,0
1012,0.01723912810597649,0.4700005967846742,0.0018283056113123242,0.08553240880893882,-3.903127820947816e-18,-1.734723475976807e-17,0,0
1013,0.496798710000979,0.6613560862132437,0.040755975364333966,0.1033844651139881,-8.673617379884035e-19,-8.153200337090993e-17,0,0
1014,0.6529907869645695,0.7304053786579925,0.05143213291971896,0.11202810954423191,9.540979117872439e-18,-4.9439619065339e-17,0,0
1015,0.672000747997061,0.7365924289372872,0.05273181024531896,0.1128185467714692,8.673617379884035e-18,3.2959746043559335e-17,0,0
1016,0.6910116234179308,0.7427800061314465,0.05402915343282863,0.11361778968711342,-2.6454533008646308e-17,7.28583859910259e-17,0,0
1017,0.7100260095125318,0.748966267973151,0.05532465252398022,0.11442517374931487,-4.597017211338539e-17,7.28583859910259e-17,0,0
1018,0.7290386086355379,0.7551527174763036,0.056618220174765754,0.11524054158066036,2.42861286636753e-17,5.724587470723463e-17,0,0
1019,0.7480514858829258,0.7613403571000303,0.05791026730693608,0.11606364026546365,-6.071532165918825e-17,2.6020852139652106e-17,0,0
1020,0.7670652271134033,0.7675272335182537,0.059201097937624805,0.11689380748964497,2.8189256484623115e-17,6.591949208711867e-17,0,0
1021,0.7860795575434345,0.7737139337066175,0.06049093941858338,0.11773075316587603,-2.1250362580715887e-17,1.0755285551056204e-16,0,0
1022,0.8050959433892653,0.7798943071382342,0.061780142674136625,0.11857322019951042,-5.204170427930421e-18,-8.500145032286355e-17,0,0
1023,0.8282609195835238,0.8056466645638318,0.06332081738757685,0.12222523474242816,5.551115123125783e-17,1.0885389811754465e-16,0,0
1024,0.847277068359622,0.8118342443426025,0.06461306456351545,0.12308344816376462,-5.941427905220564e-17,3.469446951953614e-18,0,0
1025,0.8662934376426134,0.818021678730483,0.06590504474360792,0.12394663429306291,1.1275702593849246e-17,-1.214306433183765e-17,0,0
1026,0.8853100393555643,0.8242091056725568,0.0671969632259111,0.12481448546553431,1.1362438767648086e-16,-2.0816681711721685e-17,0,0
1027,0.9043269359374904,0.8303967195658246,0.06848903268854606,0.12568673531349386,-1.734723475976807e-17,-2.0643209364124004e-16,0,0
1028,0.92224022155893,0.8362571752039504,0.06970652035780574,0.1265165778551573,1.734723475976807e-17,6.071532165918825e-17,0,0
1029,0.9493303811477768,0.8502569970911693,0.07154687549737,0.12851618481860724,7.24247051220317e-17,1.474514954580286e-17,0,0
1030,0.9655560240227651,0.8604040895492127,0.07265074616011949,0.12997032707240627,1.0104764247564901e-16,-6.852157730108388e-17,0,0
1031,0.9826794939758151,0.8700000360258888,0.07381777421703904,0.1313469911584215,-2.905661822261152e-17,-1.5612511283791264e-17,0,0
1032,1.0,0.8799999999996841,0.07500000000000001,0.13278336509407332,0.015072786996857102,1.214306433183765e-17,2,0
1033,0.3216486858328139,0.5861484146939041,0.028331482376463855,0.09523583728467913,-3.5561831257524545e-17,2.0816681711721685e-17,0,0
1034,0.3406491606659937,0.5923284365941558,0.02974830428722744,0.09578030892136542,1.5612511283791264e-17,5.204170427930421e-18,0,0
1035,0.3596411266755991,0.5985010804044689,0.031148356835529207,0.0963396026762745,3.122502256758253e-17,1.214306433183765e-17,0,0
1036,0.3786306494671473,0.6046886487491743,0.03253345806292762,0.09691677014072403,-6.114900252818245e-17,8.153200337090993e-17,0,0
1037,0.3026430266367966,0.5799638298627808,0.02689632224205822,0.09470625043077233,1.734723475976807e-18,-3.9898639947466563e-17,0,0
1038,0.2836404392677269,0.5737826288693739,0.025441476669153314,0.09419197737350689,-8.673617379884035e-19,-3.469446951953614e-17,0,0
1039,0.2646339403128249,0.5675974411554692,0.023964429594458193,0.09369138709888591,6.938893903907228e-18,1.214306433183765e-16,0,0
1040,0.2456225725587292,0.5614069625973026,0.022462940142761054,0.09320321457828216,-3.9898639947466563e-17,-1.0408340855860843e-17,0,0
1041,0.226613534568918,0.5552200255790676,0.0209352473564375,0.09272700797538581,-1.214306433183765e-17,8.153200337090993e-17,0,0
1042,0.2076039501759575,0.5490339746187991,0.019378795132295554,0.09226061596238976,2.3418766925686896e-17,2.3418766925686896e-17,0,0
1043,0.3976158829836558,0.6108799321713098,0.0339051214935736,0.09751030512634565,-1.8648277366750676e-17,3.8163916471489756e-17,0,0
1044,0.4166199934454443,0.6170624073050123,0.03526658228671092,0.09811807678438945,4.597017211338539e-17,4.5102810375396984e-17,0,0
1045,0.4356258235620527,0.6232471927978211,0.03661763988778773,0.09874158685542157,-1.5178830414797062e-17,-6.938893903907228e-17,0,0
1046,0.0,0.4600000000009417,0.0,0.08453069618608758,-0.01592895223861077,2.949029909160572e-17,1,0
1047,0.4546319491715681,0.6294317236910107,0.037959323876854315,0.0993801989035221,-1.3010426069826053e-18,-1.0408340855860843e-17,0,0
1048,0.4736377808576258,0.6356178288349352,0.039292590724941664,0.10003380784483387,1.8648277366750676e-17,-3.2959746043559335e-17,0,0
1049,0.4926424083846506,0.6418084762726683,0.0406182528069112,0.10070244144425787,5.681219383824043e-17,6.765421556309548e-17,0,0
1050,0.5157960847111551,0.6675466227973508,0.0420815806915848,0.1040793878434713,-2.42861286636753e-17,9.237402509576498e-17,0,0
1051,0.5348040604959418,0.6737315091428331,0.04340208580656581,0.10478608758739721,4.336808689942018e-18,5.0306980803327406e-17,0,0
1052,0.5538125011951928,0.679916264765761,0.044717330138441654,0.10550500547528709,-2.0383000842727483e-17,-3.2959746043559335e-17,0,0
1053,0.5728169134555147,0.6861005902121716,0.046027562096913,0.10623570565572689,3.122502256758253e-17,6.765421556309548e-17,0,0
1054,0.5918226596643426,0.692289190132308,0.04733365065942361,0.10697837667983315,-6.678685382510707e-17,-3.642919299551295e-17,0,0
1055,0.6108260416022554,0.6984772475893211,0.04863583164304473,0.10773193161184894,4.7704895589362195e-17,1.214306433183765e-17,0,0
1056,0.6298338129705376,0.704664046057971,0.04993500866234333,0.10849579006908176,-2.949029909160572e-17,4.336808689942018e-17,0,0
1057,0.6488441878974478,0.7108496975445036,0.0512314417118405,0.1092695511372926,2.6020852139652106e-17,4.336808689942018e-17,0,0
1058,0.8241107727247242,0.78608318084521,0.06306866359147258,0.11942298427468764,-2.6020852139652106e-17,-6.461844948013606e-17,0,0
1059,0.9372625632608885,0.8398568400836623,0.07072877080816997,0.1270254100371178,-2.5587171270657905e-17,-1.3097162243624894e-16,0,0
1060,0.1274334221577162,0.5047425501060429,0.012674142141379926,0.08824003534768012,-1.734723475976807e-18,8.066464163292153e-17,0,0
1061,0.1464328721720336,0.510914892449374,0.014390769940521436,0.08866058618119034,-2.6454533008646308e-17,-6.505213034913027e-17,0,0
1062,0.1654367978125669,0.5170992809617424,0.01606570289923135,0.08907881085826133,2.5587171270657905e-17,8.673617379884035e-19,0,0
1063,0.1085212146245899,0.4986681938923948,0.0109205718328663,0.08782029018539637,2.3418766925686896e-17,3.2959746043559335e-17,0,0
1064,0.0874319846532542,0.4938377905221218,0.008892292329225554,0.08754814478405731,-6.028164079019405e-17,8.673617379884035e-18,0,0
1065,0.1844484247106447,0.5232902519950113,0.01770167154001757,0.0894987940595949,1.9081958235744878e-17,-5.4643789493269423e-17,0,0
1066,0.06838245623436504,0.4819179990069119,0.007083580675611796,0.08645691056723495,8.239936510889834e-18,3.9898639947466563e-17,0,0
1067,0.05054503997284482,0.4710952180076893,0.0053279887467694576,0.08546155932328058,-4.336808689942018e-18,-4.2500725161431774e-17,0,0
1068,0.03403222376018986,0.4579500016126375,0.0036593411687668885,0.08420671906870722,-1.2034644114589099e-17,7.632783294297951e-17,0,0
1069,0.2034570656381529,0.5294779097081694,0.01930042856484141,0.08992350852064944,-3.469446951953614e-18,-2.2551405187698492e-17,0,0
1070,0.01614956002276063,0.4496584989611059,0.0017564204749365713,0.08345585774364245,-1.9081958235744878e-17,8.673617379884035e-18,0,0
1071,0.5116489851709163,0.6479934062700932,0.04193745400286001,0.1013842023446444,-4.163336342344337e-17,-7.827939685345342e-17,0,0
1072,0.6678548089036342,0.7170355511284675,0.05252531704355163,0.11005299301929652,-5.637851296924623e-17,-1.6046192152785466e-17,0,0
1073,0.6868659517571258,0.7232215617467075,0.05381698879508441,0.11084568245668944,3.9898639947466563e-17,8.673617379884035e-18,0,0
1074,0.7058775434454216,0.7294076997971323,0.05510676108558091,0.11164720206392971,-2.168404344971009e-18,-9.194034422677078e-17,0,0
1075,0.7248898263338089,0.7355941212004952,0.05639493966579571,0.11245716264963193,1.1275702593849246e-17,-5.204170427930421e-18,0,0
1076,0.743902643955853,0.7417809950473622,0.057681786243791756,0.11327518604731225,3.0357660829594124e-17,-2.0816681711721685e-17,0,0
1077,0.7629160927458514,0.7479675663156982,0.05896756942709116,0.11410076881583553,5.767955557622884e-17,-9.367506770274758e-17,0,0
1078,0.7819300903265474,0.7541540243280321,0.06025253054649695,0.11493355154827575,-4.640385298237959e-17,-9.540979117872439e-17,0,0
1079,0.8009466327178605,0.7603332409452955,0.06153706075848903,0.11577212431229629,4.597017211338539e-17,3.642919299551295e-17,0,0
1080,0.8199615448734022,0.766520951625382,0.0628210698099757,0.11661838726286357,-2.5587171270657905e-17,-5.724587470723463e-17,0,0
1081,0.8431270365717026,0.7922714055755664,0.0643569504761228,0.12027837036769222,7.806255641895632e-17,-7.15573433840433e-18,0,0
1082,0.8621436574615364,0.7984590441531751,0.06564515071671927,0.12113904101880295,-5.811323644522304e-17,-1.0408340855860843e-17,0,0
1083,0.8811602895402803,0.8046465797242425,0.06693345583053191,0.12200472775020434,-4.336808689942018e-17,3.469446951953614e-17,0,0
1084,0.900177174100362,0.8108342880653443,0.06822208468951571,0.12287517753158332,-4.90059381963448e-17,1.682681771697503e-16,0,0
1085,0.9191942350423896,0.8170219174084089,0.06951127943294659,0.12375000212235196,-9.974659986866641e-17,5.551115123125783e-17,0,0
1086,0.9357485913682624,0.8235944321051887,0.07063353826290168,0.12468532328235264,1.0364972768961422e-16,7.19910242530375e-17,0,0
1087,0.9506329972560505,0.8320985700064011,0.07164247729702497,0.12590217490361924,-2.905661822261152e-17,3.209238430557093e-17,0,0
1088,0.965778742893158,0.8407393096324844,0.07267051506847574,0.12714090955430796,-1.0928757898653885e-16,5.637851296924623e-17,0,0
1089,0.9827123339264615,0.8500674291397476,0.07382217807609397,0.12848000997276396,-4.0766001685454967e-17,1.717376241217039e-16,0,0
1090,1.0,0.8599999999996314,0.07500000000000001,0.12990789089491125,0.015070605895359435,-9.540979117872439e-18,2,0
1091,0.3175029992312272,0.5665979232241509,0.02826620844411917,0.09272007076333319,-5.204170427930421e-18,3.469446951953614e-18,0,0
1092,0.3365078535235924,0.5727820666353205,0.029679436164778295,0.0932407304680722,3.469446951953614e-18,-5.377642775528102e-17,0,0
1093,0.3555110428624504,0.5789652046449586,0.0310753053656698,0.09377858895951975,-6.071532165918825e-18,-1.734723475976807e-18,0,0
1094,0.3744958875780239,0.5851307269130442,0.032454598284516564,0.09433168864631142,-4.336808689942018e-19,3.469446951953614e-18,0,0
1095,0.3934778015159318,0.5913245117526988,0.03381959388376695,0.09490588129115651,3.9898639947466563e-17,-6.418476861114186e-17,0,0
1096,0.2985155178974904,0.5604148744481133,0.026835133610617,0.09221630978244094,-6.938893903907228e-18,-4.163336342344337e-17,0,0
1097,0.2795170769974178,0.5542403057784844,0.025381684393914323,0.09173037771243862,9.410874857174178e-17,1.734723475976807e-18,0,0
1098,0.2605046327785069,0.5480484852011787,0.023903596425590336,0.09125825205015015,-6.808789643208968e-17,-9.71445146547012e-17,0,0
1099,0.2414755253511439,0.5418492181483393,0.02239799165621114,0.09080003517850542,5.681219383824043e-17,-4.163336342344337e-17,0,0
1100,0.2224659583705796,0.5356641232350368,0.020864952564923128,0.09035637039281716,1.734723475976807e-18,6.071532165918825e-17,0,0
1101,0.4124717747042902,0.5975156474516605,0.03517332336059664,0.09549659837855123,1.0842021724855044e-17,-1.734723475976807e-17,0,0
1102,0.4314775573022257,0.6037003040586321,0.036517139382668325,0.09610300810525726,-4.336808689942018e-17,5.0306980803327406e-17,0,0
1103,0.4504835162602462,0.6098850090853725,0.03785131324079973,0.09672576792111273,3.2959746043559335e-17,3.642919299551295e-17,0,0
1104,0.0,0.4400000000008816,0.0,0.08251667163219835,-0.0160084811216227,4.336808689942018e-17,1,0
1105,0.4694895357831493,0.616070139006795,0.03917692874964445,0.09736449016497335,1.0842021724855044e-17,-1.0408340855860843e-17,0,0
1106,0.4884953690483109,0.6222559155296565,0.04049495487484511,0.09801872918566239,-4.9873299934333204e-17,-6.418476861114186e-17,0,0
1107,0.5075018458477573,0.6284408402644139,0.04180634902365037,0.09868776175428075,4.163336342344337e-17,7.28583859910259e-17,0,0
1108,0.5306560188695938,0.6541780877420731,0.04325077312687782,0.1020794197395381,-2.7755575615628914e-17,-6.483528991463317e-17,0,0
1109,0.5496635800991954,0.6603621337229171,0.04455887967522537,0.1027875621417497,3.642919299551295e-17,4.163336342344337e-17,0,0
1110,0.5686690216939868,0.6665466481276852,0.04586217558109665,0.10350832955394357,3.599551212651875e-17,-6.938893903907228e-17,0,0
1111,0.5876741963788074,0.6727339476201795,0.04716132012660803,0.10424155624211538,-5.204170427930421e-18,-3.122502256758253e-17,0,0
1112,0.6066778482067238,0.6789220181048121,0.04845673176207451,0.10498648691549356,4.85722573273506e-17,-3.9898639947466563e-17,0,0
1113,0.6256861168437444,0.6851081854098654,0.049749299426038555,0.10574223177586381,9.540979117872439e-18,-5.377642775528102e-17,0,0
1114,0.6446959005959956,0.6912936831477505,0.05103919953937404,0.10650852062264354,-3.599551212651875e-17,-2.42861286636753e-17,0,0
1115,0.6637062664857509,0.6974789998454218,0.052326732362306096,0.10728497066133544,6.5052130349130266e-18,1.9081958235744878e-17,0,0
1116,0.838977273901337,0.7727091628841023,0.06410496837593375,0.11747082098058344,4.85722573273506e-17,-1.8865117801247777e-17,0,0
1117,0.1232965906203719,0.4851925328197998,0.012542411834208329,0.0860858855784365,-1.951563910473908e-17,-9.107298248878237e-17,0,0
1118,0.1422947728811932,0.4913609110288597,0.014285409579136907,0.08646670253551522,1.8648277366750676e-17,-3.642919299551295e-17,0,0
1119,0.1612999002510533,0.4975473514936871,0.015981749682351117,0.08684554074923394,3.469446951953614e-18,-3.209238430557093e-17,0,0
1120,0.180302300662576,0.5037358593254521,0.017633545385420953,0.08722611205550987,3.686287386450715e-17,-2.0816681711721685e-17,0,0
1121,0.104247653107413,0.4789673082894951,0.0107462901146321,0.08568888102690063,3.2959746043559335e-17,-4.597017211338539e-17,0,0
1122,0.1993103868732188,0.5099226703326881,0.019244698557676906,0.08761230850234095,-8.673617379884035e-19,-1.9081958235744878e-17,0,0
1123,0.08523435503942164,0.4727796787473049,0.008898941038630195,0.08528161952301386,5.204170427930421e-18,6.678685382510707e-17,0,0
1124,0.06631207437642526,0.4634687580723172,0.007042129509298104,0.08451466512064507,-4.7704895589362195e-18,-1.1275702593849246e-17,0,0
1125,0.04965706728589583,0.4551747502388809,0.005352423009266532,0.08381484274197659,6.071532165918825e-18,-2.7755575615628914e-17,0,0
1126,0.02875544890351159,0.4400961875692074,0.0031764736186486713,0.08243774203753011,-1.5178830414797062e-17,-4.336808689942018e-17,0,0
1127,0.2183184992960032,0.5161088916188684,0.020817863433524497,0.08800803942706321,-3.122502256758253e-17,-9.540979117872439e-17,0,0
1128,0.0173205080757259,0.4300000000008601,0.0019499733869384067,0.08150702053589526,2.5153490401663703e-17,-3.469446951953614e-17,0,0
1129,0.5265082656430332,0.6346254979484978,0.043111842068870546,0.09937115387098691,7.806255641895632e-18,4.3151246464923076e-17,0,0
1130,0.6827172979909774,0.7036643708661068,0.05361224180738015,0.10807116469835674,1.214306433183765e-17,-1.3444106938820255e-17,0,0
1131,0.70172755547971,0.7098503508275322,0.05489594163481603,0.10886674749766108,3.729655473350135e-17,5.0306980803327406e-17,0,0
1132,0.7207390589720337,0.7160374693040814,0.05617826221867596,0.10967135640021505,-5.984795992119984e-17,-2.7755575615628914e-17,0,0
1133,0.7397530551707173,0.7222233225489723,0.05745957168720669,0.11048422078853674,1.7780915628762273e-17,5.204170427930421e-18,0,0
1134,0.7587668426224738,0.7284083719450184,0.05873994143058444,0.11130500652488275,-7.37257477290143e-18,5.0306980803327406e-17,0,0
1135,0.7777803717450819,0.7345940805880222,0.060019610518576266,0.11213352168003639,-3.2959746043559335e-17,1.0061396160665481e-16,0,0
1136,0.7967965212587101,0.7407740799321885,0.06129902844236321,0.11296845170854242,-2.7321894746634712e-17,0.0,0,0
1137,0.8158118839228179,0.7469605548037537,0.06257816129167391,0.11381117520601865,9.367506770274758e-17,2.0816681711721685e-17,0,0
1138,0.8348279368266607,0.7531462216383283,0.06385735064613086,0.11466026620941183,-7.849623728795052e-17,1.9081958235744878e-17,0,0
1139,0.857993712499591,0.7788959499601835,0.06538896886666068,0.11832879517001685,-4.683753385137379e-17,5.2692225582795515e-17,0,0
1140,0.8770104335423952,0.7850837610707307,0.0666732549342407,0.1191923131265593,4.9439619065339e-17,5.204170427930421e-18,0,0
1141,0.8960272951943975,0.7912713329923406,0.06795802396132121,0.12006085925272555,3.0357660829594124e-17,-9.194034422677078e-17,0,0
1142,0.9150444297793913,0.7974588479606113,0.06924344724204139,0.12093418169704456,4.9439619065339e-17,-7.45931094670027e-17,0,0
1143,0.9336566617248329,0.8036788091305764,0.07050231709413347,0.12181658287445297,-2.168404344971009e-18,-4.163336342344337e-17,0,0
1144,0.9500431220994037,0.8123342241154095,0.07161023814325304,0.123054857092855,-1.9949319973733282e-17,-2.3418766925686896e-17,0,0
1145,0.9663097149694941,0.820900973769029,0.07271198824348866,0.12428315349744755,3.0357660829594124e-17,-4.683753385137379e-17,0,0
1146,0.9827621579464587,0.8301471100916651,0.07382809151342397,0.12561181308441038,9.020562075079397e-17,-1.7433970933566911e-16,0,0
1147,1.0,0.8399999999995788,0.07500000000000001,0.12702963237505233,0.015067480995694315,-2.3418766925686896e-17,2,0
1148,0.3323657822622717,0.55323473382102,0.029631636189466192,0.09070777366727979,-9.540979117872439e-18,4.163336342344337e-17,0,0
1149,0.31338140275205,0.5470476962718525,0.028224719725070933,0.09021254027338521,-1.5612511283791264e-17,6.765421556309548e-17,0,0
1150,0.3513663931566611,0.559415319390661,0.031021632739268643,0.09122098672783059,6.071532165918825e-18,7.45931094670027e-17,0,0
1151,0.3703668539099725,0.5655979512966067,0.03239533031023527,0.09175357603349724,8.673617379884035e-18,-6.418476861114186e-17,0,0
1152,0.3893516319341527,0.5717702081003556,0.033753571140407265,0.09230388615604726,-1.3877787807814457e-17,1.214306433183765e-17,0,0
1153,0.4083379430239275,0.5779580857211308,0.035099018074913176,0.09287486300690186,-5.594483210025203e-17,-8.673617379884035e-18,0,0
1154,0.2944035715642443,0.5408658777808418,0.026797723860861333,0.08973678671931243,-2.2551405187698492e-17,8.153200337090993e-17,0,0
1155,0.2754164569026066,0.5346961485942923,0.025346784356664456,0.08928124276121188,-8.673617379884035e-18,-1.3877787807814457e-17,0,0
1156,0.2563492058061937,0.5284855536139887,0.02386415325213443,0.08883961096764341,3.469446951953614e-18,8.500145032286355e-17,0,0
1157,0.2373320374714019,0.5222947786073903,0.022356721625490752,0.08841611347707803,1.6479873021779667e-17,3.122502256758253e-17,0,0
1158,0.4273328818106854,0.5841486748163871,0.0364338589471287,0.09346425797921391,2.905661822261152e-17,-1.214306433183765e-17,0,0
1159,0.4463360012887717,0.5903344605453236,0.03775946937162384,0.09407056778011276,1.9081958235744878e-17,-5.0306980803327406e-17,0,0
1160,0.04411417103895604,0.4413988416672508,0.004857200807030813,0.08245666957438949,-8.239936510889834e-18,-1.734723475976807e-18,0,0
1161,0.4653415223114996,0.5965187299070503,0.039076569162353386,0.09469378387702847,-5.637851296924623e-18,2.7755575615628914e-17,0,0
1162,0.0,0.4200000000008387,0.0,0.08057833614825569,-0.016107504130292015,-1.474514954580286e-17,1,0
1163,0.4843460351772072,0.6027030438095247,0.04038595539714401,0.0953335939633541,-1.734723475976807e-18,3.2959746043559335e-17,0,0
1164,0.5033530004261795,0.6088885657336739,0.041688816192993534,0.09598952806853234,-2.6020852139652106e-17,-5.204170427930421e-18,0,0
1165,0.5223613737175565,0.6150738445408712,0.04298593215468589,0.09666079254933806,-3.7730235602495554e-17,2.7755575615628914e-17,0,0
1166,0.5455143143222706,0.640809916560145,0.04441211794089903,0.10006837905609439,-1.8214596497756474e-17,-8.001412032943023e-17,0,0
1167,0.5645201372853582,0.6469933835815894,0.04570782698249357,0.10077879549561865,-7.806255641895632e-18,4.5102810375396984e-17,0,0
1168,0.5835264978605184,0.6531795437139425,0.04699956440814163,0.10150238201267738,7.806255641895632e-18,9.194034422677078e-17,0,0
1169,0.6025322373917583,0.659365695430158,0.04828778077221376,0.10223823837603147,-4.5536491244391186e-17,3.2959746043559335e-17,0,0
1170,0.6215387405147108,0.6655527973813422,0.04957302914691649,0.10298597498360235,4.7704895589362195e-18,6.938893903907228e-17,0,0
1171,0.640547722029794,0.6717382015017543,0.05085585907825352,0.10374469626648444,-4.9873299934333204e-17,1.9081958235744878e-17,0,0
1172,0.6595575627794577,0.6779232687804472,0.05213652692959334,0.10451411361155864,1.951563910473908e-17,3.469446951953614e-18,0,0
1173,0.6785684547732315,0.6841077090148118,0.053415392169894875,0.10529370338195809,4.206704429243757e-17,-5.204170427930421e-17,0,0
1174,0.8538440456527604,0.7593338275156309,0.0651367636621519,0.11551575613430291,-6.505213034913027e-17,1.6479873021779667e-17,0,0
1175,0.1191395384156873,0.4656133071457115,0.012425061734324148,0.08397566567396526,8.673617379884035e-18,7.28583859910259e-17,0,0
1176,0.1381418912537605,0.4718060328988718,0.01419816388775154,0.084315260595946,-1.6479873021779667e-17,6.938893903907228e-18,0,0
1177,0.157152960218723,0.4779946122205077,0.015919081204027956,0.08464977873059622,-1.3877787807814457e-17,-2.168404344971009e-17,0,0
1178,0.1761598218266357,0.4841817011511405,0.017589816010979788,0.08498610254708612,1.431146867680866e-17,5.724587470723463e-17,0,0
1179,0.1951662058859963,0.4903681788304218,0.01921441586006977,0.08532940845703799,-3.599551212651875e-17,-3.469446951953614e-18,0,0
1180,0.1001058045547941,0.4594141724872203,0.010591681719563503,0.08362576520743928,2.1250362580715887e-17,-5.984795992119984e-17,0,0
1181,0.2141835123228435,0.4965536832902262,0.02079772825779433,0.08568357201733938,1.0408340855860843e-17,6.071532165918825e-17,0,0
1182,0.08108739345128055,0.4532211310011378,0.008702634079592812,0.08325698862351384,-1.6479873021779667e-17,-8.673617379884035e-18,0,0
1183,0.06207334446048106,0.4470323766454465,0.006753578440835485,0.08285662738910514,6.5052130349130266e-18,7.719519468096792e-17,0,0
1184,0.0360843343610106,0.4223089036105673,0.004107752315100414,0.08064600567422414,9.974659986866641e-18,-6.852157730108388e-17,0,0
1185,0.2332116984299824,0.5027428855444968,0.022343409767668833,0.08605240221808659,-3.122502256758253e-17,-5.898059818321144e-17,0,0
1186,0.01756481828958059,0.4104256009755041,0.0020469316164526633,0.07963746181198444,2.2551405187698492e-17,4.9439619065339e-17,0,0
1187,0.5413669569715189,0.6212580489089887,0.04427775959154702,0.09734670893596094,6.071532165918825e-18,6.895525817007808e-17,0,0
1188,0.6975792430868969,0.6902927735659448,0.05469268665584451,0.10608318131246149,-3.209238430557093e-17,-6.461844948013606e-17,0,0
1189,0.7165870184675184,0.6964805301119954,0.055968498182170354,0.1068824032651049,4.206704429243757e-17,3.469446951953614e-17,0,0
1190,0.7355994980679346,0.7026675868413418,0.05724364415708349,0.10769040370132564,-3.7730235602495554e-17,-2.42861286636753e-17,0,0
1191,0.754615480566144,0.7088522118972713,0.058518302637492046,0.10850651362379642,6.375108774214766e-17,2.6020852139652106e-17,0,0
1192,0.773630347142612,0.7150351712768876,0.059792398278798696,0.10933044407170055,-4.5536491244391186e-17,-3.9898639947466563e-17,0,0
1193,0.7926430621053258,0.7212185694864821,0.06106608906666893,0.11016209458833578,1.474514954580286e-17,2.42861286636753e-17,0,0
1194,0.8116604839143701,0.7274037485638392,0.06234006139793848,0.11100124516813353,2.0816681711721685e-17,2.6020852139652106e-17,0,0
1195,0.8306767590746548,0.7335873256619297,0.0636141478858428,0.1118470402366269,1.734723475976807e-18,-2.42861286636753e-17,0,0
1196,0.8496938396475804,0.7397728434089008,0.06488868606204833,0.11269960927777457,-4.9439619065339e-17,-3.2959746043559335e-17,0,0
1197,0.872860545594726,0.7655210071152887,0.06641663248189558,0.11637695258862506,8.673617379884035e-19,1.5612511283791264e-17,0,0
1198,0.8918773266745113,0.7717085061223168,0.06769716313197548,0.11724360867374001,7.19910242530375e-17,5.724587470723463e-17,0,0
1199,0.9108830767172673,0.7778968093973516,0.06897778102564518,0.1181154525630328,-5.724587470723463e-17,2.42861286636753e-17,0,0
1200,0.9298441315145489,0.7840887554822729,0.0702563265819102,0.1189925960252622,-6.114900252818245e-17,-3.2959746043559335e-17,0,0
1201,0.94834746609236,0.7914411192216215,0.07150470759587592,0.12004160651892486,1.1796119636642288e-16,2.2551405187698492e-17,0,0
1202,0.9658694577639801,0.800426505175249,0.07268804331487383,0.12133046606192716,-4.2934406030425976e-17,-6.852157730108388e-17,0,0
1203,0.9827228803284097,0.8100754326825386,0.0738283559742218,0.12271833279381225,-1.0842021724855044e-17,8.500145032286355e-17,0,0
1204,1.0,0.8199999999995261,0.07500000000000001,0.12414814716533373,0.015063778047218009,3.2959746043559335e-17,2,0
1205,0.3472315991432654,0.5398670613064445,0.030990699724263514,0.08866836996648063,-3.7730235602495554e-17,-7.112366251504909e-17,0,0
1206,0.3282525731573496,0.5336808737388197,0.029609167129744936,0.08818013919922353,1.3877787807814457e-17,-5.0306980803327406e-17,0,0
1207,0.3092717831949501,0.5275034948931748,0.028207950907446964,0.08771429075064598,4.206704429243757e-17,-6.591949208711867e-17,0,0
1208,0.3662218923877427,0.5460492529816379,0.03235605098775718,0.08917693928798875,4.640385298237959e-17,6.071532165918825e-17,0,0
1209,0.385221565323316,0.552230953860034,0.033707060795095445,0.08970604179511454,-5.0306980803327406e-17,6.938893903907228e-17,0,0
1210,0.4042085689162567,0.5584048396337746,0.03504399745708169,0.09025459574961857,1.7780915628762273e-17,3.9898639947466563e-17,0,0
1211,0.4231963044537855,0.5645927368279109,0.03636924472334223,0.09082482227335724,2.7755575615628914e-17,-2.6020852139652106e-17,0,0
1212,0.2902997594423332,0.5213372705264039,0.026785297397061533,0.08727081097110682,-2.42861286636753e-17,-3.469446951953614e-17,0,0
1213,0.271254077141797,0.5151391156803253,0.0253323699630003,0.08684537946702645,1.8214596497756474e-17,-1.3877787807814457e-17,0,0
1214,0.2521979919494032,0.5089293900554219,0.023850780170975586,0.08643869405978395,4.336808689942018e-19,0.0,0,0
1215,0.4421893940100687,0.5707838414242068,0.03768475383736866,0.09141458034134188,-4.336808689942018e-18,-2.2551405187698492e-17,0,0
1216,0.4611937548380324,0.5769680377010564,0.03899235921632404,0.09202175072956702,1.0408340855860843e-17,-1.734723475976807e-18,0,0
1217,0.0574949826885898,0.4276529942629444,0.006455769016561981,0.08095672080540563,-1.734723475976807e-18,-5.377642775528102e-17,0,0
1218,0.4801971639625702,0.5831521719538539,0.04029222641890925,0.09264675994149747,-8.673617379884035e-19,-1.9081958235744878e-17,0,0
1219,0.0,0.4000000000007742,0.0,0.07872058508231118,-0.01618886746057603,-3.8163916471489756e-17,1,0
1220,0.4992046967442916,0.5893380618958891,0.04158571624617001,0.09328911215681165,3.469446951953614e-18,-7.28583859910259e-17,0,0
1221,0.5182163577096701,0.5955238092898816,0.042873743617890044,0.09394784951873796,-2.6020852139652106e-18,6.938893903907228e-18,0,0
1222,0.5372202151057295,0.6017067286522931,0.04415628053519688,0.09462202310260795,3.122502256758253e-17,-2.0816681711721685e-17,0,0
1223,0.5603724010356121,0.6274420366606016,0.04556514928250441,0.09804676021429516,-1.0408340855860843e-17,1.214306433183765e-17,0,0
1224,0.5793780517578895,0.6336267943104534,0.04684871330164177,0.09876048802679165,1.3010426069826053e-17,-7.806255641895632e-17,0,0
1225,0.5983848472990851,0.6398118044737149,0.048129053238852325,0.09948722878364628,2.3418766925686896e-17,0.0,0,0
1226,0.6173913943100389,0.6459981392940749,0.04940654038478451,0.10022657997350337,-1.734723475976807e-17,-7.45931094670027e-17,0,0
1227,0.6363996450719812,0.6521834078875269,0.05068175374675081,0.10097763334071264,1.214306433183765e-17,5.0306980803327406e-17,0,0
1228,0.6554086162357853,0.6583681084020602,0.05195500599606531,0.10173993198419054,2.862293735361732e-17,-1.734723475976807e-17,0,0
1229,0.674418416556189,0.6645529107708847,0.053226650230737145,0.10251305341213673,2.6020852139652106e-18,1.9081958235744878e-17,0,0
1230,0.6934300505204141,0.6707363387298786,0.05449708111342755,0.10329628078969973,-3.9898639947466563e-17,9.71445146547012e-17,0,0
1231,0.8687106334263774,0.7459585606245203,0.06616381194135801,0.11355833598451158,7.112366251504909e-17,-6.505213034913027e-17,0,0
1232,0.1149852195799423,0.4460633444415708,0.012324751499346313,0.08192286132678159,-4.336808689942018e-17,-6.071532165918825e-18,0,0
1233,0.1339978973242074,0.4522573120980663,0.01413372135227104,0.08221184118323195,2.168404344971009e-18,5.637851296924623e-17,0,0
1234,0.1530051110825724,0.4584459194844551,0.015881315417857218,0.08249627072835557,-2.3852447794681098e-17,8.673617379884035e-18,0,0
1235,0.1720121286163279,0.4646290766035568,0.01757269081513904,0.082782596979069,9.540979117872439e-18,3.9898639947466563e-17,0,0
1236,0.1910221671566101,0.4708151356784219,0.019212470122817637,0.08307766709052951,1.3010426069826053e-17,5.724587470723463e-17,0,0
1237,0.2100461407425991,0.4770022009129993,0.020806249537268038,0.08338577417552183,-2.6020852139652106e-17,-3.0357660829594124e-17,0,0
1238,0.09596991315762034,0.4398669544260051,0.010451813595645565,0.08162066026631477,2.1250362580715887e-17,-1.734723475976807e-17,0,0
1239,0.2290997351128558,0.4831867401197233,0.02235994057820489,0.08370973475884684,3.469446951953614e-17,1.734723475976807e-18,0,0
1240,0.07695125089374577,0.4336684058661495,0.008512331949525807,0.0812952642288157,3.469446951953614e-17,-9.367506770274758e-17,0,0
1241,0.05388785649382057,0.4079458110063766,0.006273208869472149,0.07908590973042082,-3.7730235602495554e-17,2.6020852139652106e-17,0,0
1242,0.03505152329763552,0.399886153547147,0.0041584818389081984,0.0785460502600148,-6.071532165918825e-18,8.413408858487514e-17,0,0
1243,0.2481157884509995,0.4893928408667221,0.023871563180525072,0.0840567429513276,-3.8163916471489756e-17,4.163336342344337e-17,0,0
1244,0.01693254400311152,0.3903585486928374,0.0020534554478315635,0.077814734060886,-2.3852447794681098e-17,3.382710778154774e-17,0,0
1245,0.5562252547095237,0.6078906812689551,0.045434627806817916,0.09531139572878067,-1.0408340855860843e-17,-5.117434254131581e-17,0,0
1246,0.7124368012668798,0.6769236791774282,0.05576610907327235,0.10408992365441286,1.3010426069826053e-17,4.0332320816460765e-17,0,0
1247,0.7314480645538992,0.6831125168325306,0.05703466128167543,0.10489312290356034,-2.0816681711721685e-17,0.0,0,0
1248,0.7504632664311354,0.6892961400312309,0.0583029762499889,0.10570446896124419,6.071532165918825e-18,-4.683753385137379e-17,0,0
1249,0.7694796881273867,0.6954779856300062,0.059571091381327504,0.10652403315205074,8.673617379884035e-19,3.8163916471489756e-17,0,0
1250,0.7884956858764876,0.7016620692735279,0.06083910968274908,0.10735198211990693,5.637851296924623e-18,-6.245004513516506e-17,0,0
1251,0.8075089173021484,0.707846591141313,0.062107100726404005,0.10818765815515931,-2.7755575615628914e-17,-4.85722573273506e-17,0,0
1252,0.82652507360558,0.714031566496452,0.06337566318576901,0.1090306501153589,8.370040771588094e-17,9.71445146547012e-17,0,0
1253,0.8455416559371662,0.7202175979761236,0.06464483704557095,0.10988066643324526,-1.1102230246251565e-16,-6.938893903907228e-18,0,0
1254,0.8645582707070242,0.7263996704388772,0.06591480812946332,0.11073660344036887,8.066464163292153e-17,7.28583859910259e-17,0,0
1255,0.8877273476423613,0.7521457463372874,0.06743972830447896,0.11442306299586773,-2.3418766925686896e-17,-2.0816681711721685e-17,0,0
1256,0.9067442131718002,0.7583330895132833,0.06871668216460262,0.11529322714994246,-3.642919299551295e-17,-3.2959746043559335e-17,0,0
1257,0.9257290466539017,0.7646333834845138,0.06999260532668483,0.11618473869451756,7.37257477290143e-17,4.5102810375396984e-17,0,0
1258,0.9453812037290754,0.7715009023467765,0.07131462076190978,0.11716271806375655,5.204170427930421e-18,-3.469446951953614e-17,0,0
1259,0.964508883461116,0.7801129579306842,0.0726025975978258,0.11839723080625089,-2.3418766925686896e-17,9.020562075079397e-17,0,0
1260,0.9826794919242662,0.7899999999994541,0.07382853039243358,0.11982050114473294,-2.42861286636753e-17,-2.5153490401663703e-17,0,0
1261,1.0,0.7999999999994734,0.07500000000000001,0.12126296184597525,0.015059609342486749,-2.42861286636753e-17,2,0
1262,0.3620835169475397,0.5264994555259896,0.03233998916579916,0.08660302435821035,-1.3010426069826053e-17,-4.336808689942018e-17,0,0
1263,0.3431127848967933,0.5203126877845595,0.03098497407712498,0.08611925556329404,-1.474514954580286e-17,4.336808689942018e-17,0,0
1264,0.3241307230742146,0.5141374702707386,0.029610892646485826,0.0856605637759922,1.3877787807814457e-17,8.326672684688674e-17,0,0
1265,0.3051545724300852,0.5079703323650888,0.028216518802188017,0.0852264037466252,-1.0408340855860843e-17,3.2959746043559335e-17,0,0
1266,0.381076046727779,0.5326845848867667,0.03368098242718778,0.08710905363036094,-3.903127820947816e-17,-5.0306980803327406e-17,0,0
1267,0.4000756703846277,0.538865175081111,0.03500888650601999,0.08763661404062029,5.898059818321144e-17,-5.204170427930421e-18,0,0
1268,0.41906383256847,0.5450393406969847,0.03632413407090396,0.08818506819043957,2.168404344971009e-17,3.469446951953614e-18,0,0
1269,0.4380531922691464,0.5512299240976506,0.03762897913810937,0.08875657977010663,-2.211772431870429e-17,3.2959746043559335e-17,0,0
1270,0.286148937349574,0.5017900023696344,0.026796501377331906,0.08481477276980053,-3.903127820947816e-18,1.734723475976807e-17,0,0
1271,0.2671073997685077,0.4955943679688046,0.02534705367707993,0.08442531913103446,2.7755575615628914e-17,-3.122502256758253e-17,0,0
1272,0.4570468014096947,0.557418280849444,0.038925298239022785,0.08934775814103278,2.6020852139652106e-17,-2.0816681711721685e-17,0,0
1273,0.4760504067417126,0.5636019354304915,0.04021475069605881,0.08995735760373993,-2.211772431870429e-17,-5.0306980803327406e-17,0,0
1274,0.0728354614639834,0.414134222126641,0.00833561961252603,0.07940697324595024,1.3010426069826053e-17,7.112366251504909e-17,0,0
1275,0.4950542436503942,0.5697873439073052,0.041497634239310376,0.09058561367025192,3.469446951953614e-17,8.326672684688674e-17,0,0
1276,0.0,0.3800000000007314,0.0,0.07695881527535209,-0.01629439233762096,2.5153490401663703e-17,1,0
1277,0.5140613795397282,0.5759734366810957,0.042775131355155094,0.09123152911165597,-9.410874857174178e-17,-5.0306980803327406e-17,0,0
1278,0.5330711060001495,0.5821571683191666,0.044048055112341215,0.09189388562719099,5.811323644522304e-17,1.9081958235744878e-17,0,0
1279,0.552078190746913,0.5883384731468089,0.04531676586718559,0.09257196360634641,2.949029909160572e-17,-5.551115123125783e-17,0,0
1280,0.5752309045859183,0.6140748761095226,0.046709374436541516,0.09601519428414208,5.204170427930421e-18,8.239936510889834e-18,0,0
1281,0.5942370739388064,0.6202595467924117,0.047981063090625685,0.09673280451721494,-2.5153490401663703e-17,2.6020852139652106e-17,0,0
1282,0.6132439593876879,0.62644432504495,0.04925019865873021,0.0974635466236797,4.163336342344337e-17,-6.938893903907228e-18,0,0
1283,0.6322516335269948,0.6326292057068523,0.050517221940044904,0.09820681595124528,-5.334274688628682e-17,-8.847089727481716e-17,0,0
1284,0.6512599844238054,0.6388140220296702,0.051782516714026526,0.09896200738519233,4.2934406030425976e-17,0.0,0,0
1285,0.670269361146377,0.6449989316359775,0.053046457205735566,0.09972858327889234,1.734723475976807e-18,3.469446951953614e-18,0,0
1286,0.6892789580001728,0.6511835862313037,0.054309309091099205,0.10050596243984702,-1.3877787807814457e-17,-6.765421556309548e-17,0,0
1287,0.7082897554303216,0.6573694619554743,0.05557142271561908,0.10129383579320626,2.862293735361732e-17,-7.979727989493313e-17,0,0
1288,0.8835767549293259,0.7325840550213859,0.06718588309516844,0.11159899174514429,-9.71445146547012e-17,-5.334274688628682e-17,0,0
1289,0.1108456913189854,0.4265108271313616,0.012248358774986508,0.07992944053574581,-4.5102810375396984e-17,2.42861286636753e-17,0,0
1290,0.1298521234983022,0.4327056113850246,0.014094703995076934,0.08016197604352956,1.9081958235744878e-17,-4.9439619065339e-17,0,0
1291,0.1488586660655851,0.4388917990659014,0.015872589301135574,0.08038880430734173,3.0791341698588326e-17,-2.7755575615628914e-17,0,0
1292,0.1678658623219557,0.4450772264561076,0.01758659236928452,0.08061930185093691,-4.2500725161431774e-17,-1.0321604682062002e-16,0,0
1293,0.1868723114486849,0.4512625938256739,0.01924212224348574,0.08086019144457259,1.214306433183765e-17,6.071532165918825e-18,0,0
1294,0.2058774777492271,0.4574474628679755,0.020844664133300553,0.0811168022126252,4.336808689942018e-17,-5.637851296924623e-17,0,0
1295,0.2249271375086928,0.4636467294614852,0.022403364356485257,0.08139385831581611,2.6020852139652106e-18,1.0408340855860843e-17,0,0
1296,0.09183609282303276,0.4203185471990349,0.010328944559503825,0.07968210040197729,-1.3010426069826053e-18,1.0234868508263162e-16,0,0
1297,0.2439898671714661,0.4698577012814709,0.0239204900648023,0.0816947937830352,-3.642919299551295e-17,-2.42861286636753e-17,0,0
1298,0.05008439695695744,0.3883245255768,0.00606455328619875,0.07732036968645979,8.239936510889834e-18,-6.158268339717665e-17,0,0
1299,0.06868720771587639,0.3945942748766582,0.00816530196635404,0.0776003422691025,-5.204170427930421e-18,-8.673617379884035e-18,0,0
1300,0.03275207583977384,0.3798994023152116,0.004055076593662232,0.0767811663047294,1.1709383462843448e-17,-2.2551405187698492e-17,0,0
1301,0.2630064581795132,0.4760485565001975,0.0253966135421399,0.08201913660760539,5.637851296924623e-17,1.734723475976807e-18,0,0
1302,0.01647979930795699,0.3705651211486116,0.0020887412846519703,0.0761165140751683,7.806255641895632e-18,-5.551115123125783e-17,0,0
1303,0.5710839870985196,0.5945219542239879,0.04658196215668765,0.09326564301545198,-3.469446951953614e-18,8.673617379884035e-19,0,0
1304,0.7272995045246449,0.6635586261636504,0.056832904979629346,0.10209202260813595,-2.2551405187698492e-17,-5.898059818321144e-17,0,0
1305,0.7463102506969032,0.6697433936889821,0.058094177188952593,0.1028989290064011,6.071532165918825e-18,5.898059818321144e-17,0,0
1306,0.765326616574546,0.6759231452972532,0.059355779939819914,0.10371398949341123,2.168404344971009e-17,2.7755575615628914e-17,0,0
1307,0.7843463949278342,0.6821023812156791,0.060617765538857046,0.10453743314858815,3.903127820947816e-18,2.6020852139652106e-17,0,0
1308,0.8033604593238104,0.6882887900366115,0.061879708842511996,0.10536998631436938,-8.673617379884035e-18,6.938893903907228e-18,0,0
1309,0.8223740052602262,0.6944740265107123,0.0631421927484941,0.10621001569893837,-1.0581813203458523e-16,3.469446951953614e-18,0,0
1310,0.8413886201449159,0.7006601091247956,0.06440552084704679,0.10705741518458123,1.5699247457590104e-16,1.0408340855860843e-17,0,0
1311,0.8604037064385528,0.7068440077322939,0.0656698638653498,0.10791135853827002,-6.765421556309548e-17,-1.0061396160665481e-16,0,0
1312,0.879423383511291,0.7130253727996066,0.06693569165465378,0.10877140700865313,1.1492543028346347e-16,-2.42861286636753e-17,0,0
1313,0.9025942057447232,0.7387702017446341,0.0684580210446509,0.11246743852781235,9.80118763926896e-17,2.7538735181131813e-17,0,0
1314,0.9216113207529668,0.7449575431521019,0.0697315268059654,0.11334142233338136,-7.546047120499111e-17,-3.2959746043559335e-17,0,0
1315,0.9405126219150075,0.7518161142969549,0.07099835943241277,0.11431771860778193,4.380176776841438e-17,1.1188966420050406e-16,0,0
1316,0.9623165367071221,0.7573353648602287,0.07246331519776938,0.11510346834665482,-7.589415207398531e-17,-6.071532165918825e-18,0,0
1317,0.9827092441506624,0.7699484236874978,0.07383406955782068,0.11692194845079351,3.426078865054194e-17,7.806255641895632e-18,0,0
1318,1.0,0.7799999999994207,0.07500000000000001,0.11837381533689512,0.015055029619460423,3.0357660829594124e-17,2,0
1319,0.3769301010709566,0.5131374016518095,0.033678075149642876,0.08451290165616075,-2.3418766925686896e-17,-3.9898639947466563e-17,0,0
1320,0.3579576881236304,0.5069452524449439,0.03234953764043149,0.0840306933241157,4.640385298237959e-17,-3.122502256758253e-17,0,0
1321,0.3389853233483228,0.5007618985857613,0.031004518281654004,0.08357494381581108,6.938893903907228e-18,-2.6020852139652106e-17,0,0
1322,0.3200085706044673,0.4946028898658097,0.02963977097025395,0.08314844045548374,-4.7704895589362195e-18,-8.326672684688674e-17,0,0
1323,0.3010132626384716,0.4884273422484598,0.028252018439645588,0.0827465021197754,4.0766001685454967e-17,-2.949029909160572e-17,0,0
1324,0.395930678651332,0.5193200449689233,0.03499477806809447,0.0850177826260624,-1.8648277366750676e-17,-2.949029909160572e-17,0,0
1325,0.4149246284668288,0.5254974717284775,0.03629892406689232,0.08554565947075017,-3.599551212651875e-17,6.765421556309548e-17,0,0
1326,0.43391645522872,0.5316808945840176,0.03759240839970395,0.08609707922358366,2.0816681711721685e-17,4.336808689942018e-17,0,0
1327,0.4529038811364308,0.5378687798251072,0.038876650321584376,0.08667088697704055,5.941427905220564e-17,2.7755575615628914e-17,0,0
1328,0.2820051029539979,0.4822400534994045,0.026838296720154593,0.08236996909036072,-3.5561831257524545e-17,-2.949029909160572e-17,0,0
1329,0.4719036437162956,0.5440535708496812,0.04015426527541367,0.08726481462527458,-2.949029909160572e-17,1.3877787807814457e-17,0,0
1330,0.4909086270756289,0.5502377735270172,0.041425848427220725,0.08787837646769299,-7.589415207398531e-17,-1.3877787807814457e-17,0,0
1331,0.08769868234437192,0.4007765747819717,0.010224585543163222,0.0778191160157026,-1.3444106938820255e-17,-1.8214596497756474e-17,0,0
1332,0.5099152435206833,0.5564224605474146,0.04269213212776761,0.08851084142202388,5.681219383824043e-17,6.418476861114186e-17,0,0
1333,0.0,0.3600000000006675,0.0,0.07530728530673501,-0.016413877751604987,-6.071532165918825e-18,1,0
1334,0.5289246559379417,0.5626071997934772,0.043954077524484964,0.08916122213359842,-5.767955557622884e-17,-8.673617379884035e-17,0,0
1335,0.5479304280543138,0.5687881017799217,0.045212035272022236,0.08982816111617964,4.90059381963448e-17,9.194034422677078e-17,0,0
1336,0.5669355983357296,0.5749690725544607,0.046466836967066244,0.09051132769367268,-3.903127820947816e-17,1.5612511283791264e-17,0,0
1337,0.5900895441036573,0.6007072098732502,0.04784429029625277,0.09397413136467142,-1.6479873021779667e-17,-1.1058862159352145e-17,0,0
1338,0.6090960200778203,0.6068914849746265,0.049104354244474235,0.09469633310325293,1.2576745200831851e-17,5.724587470723463e-17,0,0
1339,0.6281036932342106,0.6130753994074802,0.05036260819487455,0.09543167183620561,1.474514954580286e-17,4.5102810375396984e-17,0,0
1340,0.6471118524299286,0.6192600421508899,0.05161938793511145,0.09617967613289362,-4.9873299934333204e-17,-4.85722573273506e-17,0,0
1341,0.6661204698191063,0.625444873275273,0.05287504635586802,0.09693966414761354,2.949029909160572e-17,3.122502256758253e-17,0,0
1342,0.6851299565217849,0.6316303001714867,0.05412992468790947,0.09771111519933072,-2.3418766925686896e-17,2.0816681711721685e-17,0,0
1343,0.7041398474516831,0.6378176332748695,0.05538427058933965,0.09849367159818181,1.5612511283791264e-17,2.949029909160572e-17,0,0
1344,0.7231512281048215,0.6440030599599962,0.05663843858287651,0.09928625309055214,-2.3852447794681098e-17,6.591949208711867e-17,0,0
1345,0.8984432906712857,0.719209141619463,0.06820289624508094,0.10963789676485226,-7.28583859910259e-17,-4.336808689942018e-19,0,0
1346,0.106704721581478,0.4069651144370202,0.012196932844593144,0.07800449066663359,-1.734723475976807e-18,-2.0816681711721685e-17,0,0
1347,0.125710600357211,0.4131534480117897,0.014086304280011218,0.07817178272590175,1.734723475976807e-17,7.806255641895632e-18,0,0
1348,0.1447145496342766,0.4193390453070737,0.01589725939128838,0.07833362960570146,-1.951563910473908e-17,3.209238430557093e-17,0,0
1349,0.1637197272463654,0.4255247509246686,0.01763593141488901,0.07850037952736329,9.107298248878237e-18,1.1796119636642288e-16,0,0
1350,0.1827255274342292,0.4317108600978558,0.01930861000469323,0.07868007371579933,-3.0791341698588326e-17,1.8214596497756474e-17,0,0
1351,0.201730650467807,0.4378961544935772,0.020921876982979478,0.07887860672716245,2.6020852139652106e-17,3.469446951953614e-18,0,0
1352,0.2207632967598136,0.4440945896940026,0.022484386643814063,0.07910146094045842,-3.5561831257524545e-17,6.418476861114186e-17,0,0
1353,0.2398289411347355,0.4503116636119168,0.02400246750276137,0.07935235129315402,2.211772431870429e-17,-2.7755575615628914e-17,0,0
1354,0.258866055046715,0.4565124111119127,0.02547728278854532,0.07963068795941887,1.0408340855860843e-17,-4.163336342344337e-17,0,0
1355,0.06453867048821751,0.3750419651302482,0.008003315391234512,0.07588968676445539,-6.5052130349130266e-18,9.540979117872439e-18,0,0
1356,0.04685472769610477,0.3685713554959656,0.005932028027200432,0.07563506211045894,7.806255641895632e-18,8.500145032286355e-17,0,0
1357,0.08354950968356245,0.3812298299238241,0.010139572406842597,0.07604182412864235,3.903127820947816e-18,-4.2500725161431774e-17,0,0
1358,0.03064409518633257,0.3605457274509066,0.0039679891465880315,0.07517468469299737,-3.469446951953614e-17,3.903127820947816e-17,0,0
1359,0.2778669723542269,0.4626957828423746,0.026913630825438635,0.07993755990985428,1.951563910473908e-17,2.42861286636753e-17,0,0
1360,0.015670862355394,0.3506512611291772,0.0020848571944852567,0.07452334449677603,-8.673617379884035e-19,1.734723475976807e-17,0,0
1361,0.5859425451524329,0.5811509161760193,0.04771921930908826,0.09121000546167798,1.3010426069826053e-17,-1.951563910473908e-18,0,0
1362,0.7421615903084575,0.650188932652386,0.05789248817542112,0.10008871325572098,-1.3010426069826053e-17,1.4094628242311558e-17,0,0
1363,0.7611777586888714,0.6563654505220438,0.0591471392978921,0.10089912440478685,3.0791341698588326e-17,-3.2959746043559335e-17,0,0
1364,0.7801935927486691,0.6625454393065063,0.06040213457942913,0.10171891556033497,-4.8138576458356397e-17,-1.734723475976807e-18,0,0
1365,0.799210983837476,0.6687284487175229,0.061657809493601654,0.10254758267342841,4.683753385137379e-17,2.7755575615628914e-17,0,0
1366,0.8182254823099198,0.6749152235070615,0.06291406164328414,0.10338483261164486,-2.0383000842727483e-17,-6.765421556309548e-17,0,0
1367,0.8372402820909837,0.6811022354935845,0.06417130663898347,0.10422973968549391,9.150666335777657e-17,-3.642919299551295e-17,0,0
1368,0.8562554983477515,0.687289493237078,0.0654297427099157,0.10508191820639386,-6.765421556309548e-17,7.806255641895632e-17,0,0
1369,0.8752683511544337,0.6934701780288998,0.0666894010089428,0.10593999131156329,-5.204170427930421e-18,6.245004513516506e-17,0,0
1370,0.8942867881555397,0.6996470228656635,0.06795099856563588,0.10680395740881064,-9.497611030973019e-17,1.0408340855860843e-16,0,0
1371,0.9174612200160969,0.7253943643098595,0.06947142411747378,0.11051044318223349,3.9898639947466563e-17,6.288372600415926e-18,0,0
1372,0.9355630051678354,0.731776101075849,0.07068004402910014,0.11141774193507506,-5.637851296924623e-17,-8.673617379884035e-17,0,0
1373,0.9530773593856804,0.7374771044518722,0.07185173233513165,0.11223165286770061,3.0357660829594124e-17,-2.949029909160572e-17,0,0
1374,0.9827931470687574,0.7500482571126017,0.07384307376949278,0.11404054245851576,5.594483210025203e-17,0.0,0,0
1375,1.0,0.7599999999993681,0.07500000000000001,0.11548018154874001,0.015051213749499633,-4.336808689942018e-17,2,0
1376,0.3917850208714187,0.4997740671723652,0.035004102764722655,0.08239767327169872,9.107298248878237e-18,3.469446951953614e-18,0,0
1377,0.3728086505377597,0.4935825476782935,0.03370216605777237,0.08191534185558502,-1.2576745200831851e-17,6.938893903907228e-17,0,0
1378,0.3538367054631925,0.4873955940569276,0.03238602903107669,0.08146052161104697,2.168404344971009e-18,4.85722573273506e-17,0,0
1379,0.3348647969230616,0.4812416919603918,0.03105230153720055,0.08103815199784167,-2.5153490401663703e-17,6.938893903907228e-17,0,0
1380,0.3158679810570246,0.4750627685101587,0.029697272282657377,0.08064182074001514,-2.168404344971009e-17,4.85722573273506e-17,0,0
1381,0.2968674307086849,0.4688803868461528,0.02831885100788348,0.08027479386696022,-1.734723475976807e-17,-5.204170427930421e-17,0,0
1382,0.4107831048678973,0.5059548096240547,0.036295505828013226,0.08290395485638857,-3.686287386450715e-17,-4.163336342344337e-17,0,0
1383,0.4297748518601963,0.5121307168010398,0.03757607096044231,0.0834343956470792,6.331740687315346e-17,-8.153200337090993e-17,0,0
1384,0.4487630559556527,0.5183198704838757,0.03884737702086351,0.08399029683375808,-1.3010426069826053e-18,-2.6020852139652106e-17,0,0
1385,0.4677573336375251,0.5245042777244183,0.04011180350332651,0.08456783623166313,-3.5128150388530344e-17,7.979727989493313e-17,0,0
1386,0.4867613372637296,0.5306910184461061,0.04137071961547654,0.0851668457826257,-2.6020852139652106e-17,3.469446951953614e-17,0,0
1387,0.5057715852869467,0.5368735451852431,0.042625002233051296,0.0857853854248206,4.163336342344337e-17,-3.2959746043559335e-17,0,0
1388,0.1025584152135486,0.387416807368239,0.012173905997401533,0.07615599796990818,-9.540979117872439e-18,-6.938893903907228e-18,0,0
1389,0.5247795588975078,0.5430570425667434,0.043874899197966534,0.08642325690057623,3.2959746043559335e-17,2.6020852139652106e-17,0,0
1390,0.0,0.340000000000624,0.0,0.07378286033301609,-0.016587137648315663,-6.071532165918825e-18,1,0
1391,0.5437831565732507,0.5492402095148989,0.04512107131054434,0.08707928811354364,-5.724587470723463e-17,-3.9898639947466563e-17,0,0
1392,0.5627877247697279,0.5554185877041322,0.04636460691735646,0.08775182220640163,3.642919299551295e-17,3.642919299551295e-17,0,0
1393,0.581794248925628,0.5615942443890864,0.04760613490869419,0.08844024365403493,-7.546047120499111e-17,4.5102810375396984e-17,0,0
1394,0.6049485052266325,0.587337295745594,0.04896947394243763,0.09192398084617431,-2.6020852139652106e-17,-5.767955557622884e-17,0,0
1395,0.6239557614086743,0.5935215994957286,0.05021825564505927,0.09265155465020761,6.505213034913027e-17,1.734723475976807e-17,0,0
1396,0.6429636738677948,0.5997058138451616,0.05146589474279835,0.09339232526636733,-2.168404344971009e-17,3.469446951953614e-17,0,0
1397,0.6619721803329025,0.6058905789571066,0.052712729164521153,0.0941457297330815,-4.683753385137379e-17,-3.469446951953614e-17,0,0
1398,0.680981556398949,0.6120758415573614,0.053959086279563265,0.0949111373998301,3.426078865054194e-17,2.2551405187698492e-17,0,0
1399,0.6999914601317405,0.6182614310576074,0.05520522166408883,0.09568793729687688,-5.637851296924623e-18,-3.2959746043559335e-17,0,0
1400,0.7190021729480316,0.6244470808441247,0.05645140815370648,0.09647553146017974,2.42861286636753e-17,-1.734723475976807e-17,0,0
1401,0.7380136800462069,0.630632672621768,0.057697874426656255,0.09727337321771143,-2.905661822261152e-17,-1.5612511283791264e-17,0,0
1402,0.9132880888607635,0.7058148042792265,0.06921324165632656,0.10767268282212565,-6.938893903907228e-18,2.667137344314341e-17,0,0
1403,0.9698820442875578,0.7402012303413275,0.07297887446897518,0.11261723890699352,9.974659986866641e-18,8.673617379884035e-19,0,0
1404,0.1215653661009966,0.3936025216627851,0.01411215177392709,0.07624912462269616,1.6479873021779667e-17,-1.9949319973733282e-17,0,0
1405,0.1405701847961363,0.399787545443459,0.015960460703749735,0.07633660194198849,1.0842021724855044e-17,-4.5102810375396984e-17,0,0
1406,0.1595747154854,0.4059725380990972,0.017726167893704126,0.07643064633837904,1.5178830414797062e-17,-7.546047120499111e-17,0,0
1407,0.1785791153432496,0.4121576315125512,0.019417085427621026,0.07654064642731633,8.673617379884035e-18,-1.205632815803881e-16,0,0
1408,0.1975844752705897,0.4183445598898932,0.021041208413403702,0.07667376710083058,2.688821387764051e-17,-1.1275702593849246e-17,0,0
1409,0.2165918491518413,0.4245311065301719,0.022606436401453427,0.07683473597525384,-4.336808689942018e-18,-4.0766001685454967e-17,0,0
1410,0.2356386370839425,0.4307403856062993,0.024122737727169746,0.07702864701504135,8.673617379884035e-19,-2.7755575615628914e-17,0,0
1411,0.2546855747389777,0.4369489869319916,0.025593897703416316,0.07725583050671804,-3.426078865054194e-17,7.112366251504909e-17,0,0
1412,0.2737205850893303,0.4431517397997031,0.027025171310934095,0.07751713486055685,-1.5612511283791264e-17,4.85722573273506e-17,0,0
1413,0.0794037896910398,0.3616724151803388,0.01007760956734235,0.07436332964349665,-6.5052130349130266e-18,-5.637851296924623e-17,0,0
1414,0.06039291423375624,0.3554830138658796,0.007852995766472406,0.07428873431459557,4.206704429243757e-17,-7.45931094670027e-17,0,0
1415,0.0418746048014141,0.3491879015140046,0.005576770712978078,0.07412784022122017,8.673617379884035e-18,-1.1188966420050406e-16,0,0
1416,0.09841331252756048,0.3678619928911265,0.012184007220079259,0.0743943994353626,2.862293735361732e-17,6.852157730108388e-17,0,0
1417,0.02911561650004557,0.3416513663528643,0.003971969329836544,0.07371436700222557,2.0111950299606107e-17,-1.0408340855860843e-17,0,0
1418,0.2927202429870047,0.4493342617896046,0.028420516811916433,0.07781141787960205,1.1275702593849246e-17,5.377642775528102e-17,0,0
1419,0.01818753239749364,0.3291579476770624,0.0025735212829289074,0.07293725125707379,-8.890457814381136e-18,-7.28583859910259e-17,0,0
1420,0.6008008560031605,0.5677806331730215,0.048845915073248244,0.08914565314449233,4.0766001685454967e-17,6.657001339060997e-17,0,0
1421,0.757026883902501,0.6368106784228054,0.0589449236824048,0.09807986585451306,5.0306980803327406e-17,-2.5804011705155006e-17,0,0
1422,0.7760476179021518,0.6429811137643302,0.06019313618429424,0.09889450817069413,-1.8214596497756474e-17,-5.204170427930421e-18,0,0
1423,0.7950615148856579,0.6491680760451316,0.06144165327842248,0.09972041271759542,5.637851296924623e-17,-3.469446951953614e-17,0,0
1424,0.8140759519912082,0.655354911564165,0.06269121554663594,0.10055469585701589,-8.673617379884035e-17,1.734723475976807e-17,0,0
1425,0.8330907390154791,0.6615413492378504,0.06394198865469591,0.10139690731866156,7.546047120499111e-17,1.734723475976807e-17,0,0
1426,0.8521059676868383,0.6677279972524914,0.06519415004188191,0.10224674010310356,-2.949029909160572e-17,1.0408340855860843e-17,0,0
1427,0.8711205876836613,0.6739139642480583,0.06644780401905633,0.10310369065672222,2.7321894746634712e-17,-8.847089727481716e-17,0,0
1428,0.8901364781807195,0.6800942613009361,0.0677032891697826,0.1039666226883324,-6.505213034913027e-17,-8.500145032286355e-17,0,0
1429,0.9091611365547452,0.6862683791658496,0.06896129288543565,0.10483508589428374,4.683753385137379e-17,-1.5612511283791264e-17,0,0
1430,0.9321758297778843,0.7120507740785396,0.0704696053165777,0.1085572555471161,3.903127820947816e-17,1.973247953923618e-17,0,0
1431,0.9498457950187311,0.7179859951077232,0.07164662529410247,0.10940463219351472,-7.32920668600201e-17,5.204170427930421e-18,0,0
1432,0.9677241417005704,0.7222492010343649,0.07284068168916677,0.11001323902627234,2.688821387764051e-17,6.418476861114186e-17,0,0
1433,1.0,0.7399999999993154,0.07500000000000001,0.11258212803312359,0.015045408335122735,4.5102810375396984e-17,2,0
1434,0.983331592849412,0.7303412535977768,0.07388359472825143,0.11118234294713726,-1.0842021724855044e-17,-1.3877787807814457e-17,0,0
1435,0.4066394870277208,0.4864119325779568,0.03631544977261784,0.0802589309434213,3.3393426912553537e-17,1.5612511283791264e-17,0,0
1436,0.3876548723923679,0.4802252259690595,0.035039853650483746,0.0797745955446282,-8.673617379884035e-19,1.3877787807814457e-17,0,0
1437,0.3686864970532342,0.4740319314736011,0.03375318655876639,0.07931740060582863,1.734723475976807e-17,2.42861286636753e-17,0,0
1438,0.3497165283620836,0.4678780870230297,0.032450906053557854,0.07889537035384775,1.7780915628762273e-17,-5.724587470723463e-17,0,0
1439,0.3307183079561068,0.4616963095460765,0.031129481160335988,0.07850127382751583,-2.6020852139652106e-18,-3.8163916471489756e-17,0,0
1440,0.3117195559782426,0.4555162632577705,0.029787208973766546,0.07813977525446172,-2.949029909160572e-17,1.734723475976807e-17,0,0
1441,0.4256362949473078,0.492592202787888,0.03758166709203704,0.08076910766999104,-2.0816681711721685e-17,-3.2959746043559335e-17,0,0
1442,0.4446328773238876,0.4987739351421787,0.038839205103804085,0.08130509345849435,-5.724587470723463e-17,9.540979117872439e-17,0,0
1443,0.4636331743973318,0.5049570484038838,0.04008986637282646,0.08186545290960065,-1.3444106938820255e-17,6.938893903907228e-18,0,0
1444,0.4826318647163448,0.5111420369661435,0.04133455171696973,0.08244902362721032,5.724587470723463e-17,-1.0408340855860843e-17,0,0
1445,0.5016287067453251,0.517325893137248,0.042574392719665524,0.08305410711951795,1.5178830414797062e-17,-8.673617379884035e-17,0,0
1446,0.5206331630800564,0.5235084212908863,0.043810980783223846,0.0836793458578241,-1.9949319973733282e-17,3.122502256758253e-17,0,0
1447,0.1174207047354085,0.3740502497268475,0.014178111623635225,0.07440231061468644,-1.1275702593849246e-17,-5.724587470723463e-17,0,0
1448,0.539636948949088,0.5296920426108654,0.045044515578548994,0.08432406899045344,-4.2500725161431774e-17,-1.0408340855860843e-17,0,0
1449,0.0,0.3200000000005747,0.0,0.07241504009258795,-0.016692568592581072,-8.673617379884035e-18,1,0
1450,0.5586392113250569,0.535870855533871,0.04627569037942229,0.0849863634509025,5.2475385148298415e-17,2.949029909160572e-17,0,0
1451,0.5776437054043897,0.5420490424525559,0.04750529713437342,0.08566577841857148,-3.3393426912553537e-17,-2.42861286636753e-17,0,0
1452,0.5966535212160664,0.5482260287600023,0.04873404958813091,0.08636125423416205,8.239936510889834e-18,-6.071532165918825e-17,0,0
1453,0.6198076891783769,0.5739663635138893,0.050084506943402725,0.08986561287307343,-5.724587470723463e-17,-3.903127820947816e-18,0,0
1454,0.638815563769014,0.5801509197930256,0.05132235385377469,0.09059928145259531,1.8214596497756474e-17,3.469446951953614e-17,0,0
1455,0.6578239243411232,0.5863360520977081,0.052559741573257664,0.09134620357642015,4.119968255444917e-17,1.734723475976807e-18,0,0
1456,0.6768331249180625,0.5925207320305053,0.053796998788931155,0.09210555625434541,1.3010426069826053e-17,-7.979727989493313e-17,0,0
1457,0.6958429575450708,0.5987055130286456,0.05503437189248595,0.0928767901481063,-2.0816681711721685e-17,3.8163916471489756e-17,0,0
1458,0.714853386016485,0.6048905133706598,0.056272095807334326,0.09365932829861048,1.1709383462843448e-17,1.0408340855860843e-17,0,0
1459,0.7338644754165178,0.6110754822499285,0.05751039352762124,0.09445257134684061,-3.686287386450715e-17,2.7755575615628914e-17,0,0
1460,0.7528757318477766,0.6172552208296773,0.058749453240755714,0.09525523680114806,3.9898639947466563e-17,-1.734723475976807e-18,0,0
1461,0.928197730390652,0.6923110734417905,0.07022253364979651,0.10569041965356034,9.280770596475918e-17,2.4936649967166602e-17,0,0
1462,0.1364259453946721,0.3802362831423847,0.01606827562017663,0.0744044721758993,3.2959746043559335e-17,-1.1275702593849246e-17,0,0
1463,0.1554299318042615,0.3864214364376238,0.017863637526275695,0.07441535549735014,-5.594483210025203e-17,-3.469446951953614e-18,0,0
1464,0.1744331146085003,0.3926060449453764,0.019573793076021154,0.0744460503223472,3.2959746043559335e-17,9.280770596475918e-17,0,0
1465,0.193438229497987,0.3987920969401786,0.02120863692279631,0.07450477408719858,-3.3393426912553537e-17,4.85722573273506e-17,0,0
1466,0.2124481328067492,0.4049783755820673,0.02277779363687677,0.07459682809556786,-8.673617379884035e-18,7.806255641895632e-18,0,0
1467,0.231476109592432,0.4111708534087856,0.024290887928094314,0.0747261862542625,-2.3418766925686896e-17,3.9898639947466563e-17,0,0
1468,0.2505413227967319,0.4173892173139222,0.025756951087157563,0.07489662106038207,1.734723475976807e-17,8.673617379884035e-18,0,0
1469,0.269565390592512,0.4235974717655364,0.02717736637186218,0.07510709758670517,1.6479873021779667e-17,-8.673617379884035e-17,0,0
1470,0.2885740730529839,0.4297888749309391,0.02856097576424885,0.0753556060535667,3.209238430557093e-17,-6.591949208711867e-17,0,0
1471,0.094268743670884,0.3483054039155044,0.01223154728281306,0.07273333175324707,-5.377642775528102e-17,-5.117434254131581e-17,0,0
1472,0.07525835229216096,0.342115096369966,0.010041642681949977,0.07279898043212463,-9.540979117872439e-18,9.107298248878237e-17,0,0
1473,0.05625403679691805,0.3359226776018648,0.007716302529321083,0.07281136193442769,-2.2985086056692694e-17,3.5561831257524545e-17,0,0
1474,0.03769331437821115,0.3298794507609022,0.005307990976225992,0.07275462142521535,2.3418766925686896e-17,7.19910242530375e-17,0,0
1475,0.1132778665081193,0.3544980721228086,0.014290427257888259,0.07264181489064941,1.214306433183765e-17,7.719519468096792e-17,0,0
1476,0.3075728429836851,0.4359712482844798,0.029913536398512245,0.07564214758792252,1.3444106938820255e-17,-3.8163916471489756e-17,0,0
1477,0.01572834240405491,0.3067192865594947,0.002404344946025725,0.07152344016933466,-5.963111948670274e-19,7.28583859910259e-17,0,0
1478,0.6156597776311867,0.5544102829122939,0.04996171276466192,0.08707322501766367,3.2959746043559335e-17,2.5587171270657905e-17,0,0
1479,0.7718937228559274,0.6234302284220665,0.05998988695853753,0.09606686782815076,-2.168404344971009e-17,-1.9949319973733282e-17,0,0
1480,0.7909121843146557,0.6296082142196964,0.06123141815977328,0.09688814573955418,-1.474514954580286e-17,1.214306433183765e-17,0,0
1481,0.8099262649705091,0.6357947432024343,0.06247388093613314,0.09771945483716048,3.9898639947466563e-17,6.591949208711867e-17,0,0
1482,0.8289406954432219,0.6419812461293933,0.0637177834589359,0.09855910258474282,-1.8648277366750676e-17,-5.204170427930421e-17,0,0
1483,0.847955997710256,0.6481670045226169,0.06496332215036935,0.09940657553857056,-4.7271214720367993e-17,2.949029909160572e-17,0,0
1484,0.866971629344172,0.6543530977510065,0.0662106122517858,0.10026164523311448,-2.2551405187698492e-17,7.28583859910259e-17,0,0
1485,0.8859863539614881,0.6605388076482946,0.06745971781621903,0.10112385207217633,-1.214306433183765e-17,1.0234868508263162e-16,0,0
1486,0.9049105133114953,0.6668206488094321,0.06870474705830483,0.10200696078855165,-9.540979117872439e-18,-1.5612511283791264e-17,0,0
1487,0.9237178907002328,0.6736040258280016,0.06994368101860496,0.10296968448447681,7.806255641895632e-18,-3.642919299551295e-17,0,0
1488,0.947469639843682,0.697733373409235,0.07150206285488042,0.10646120296776147,-4.683753385137379e-17,-2.6020852139652106e-17,0,0
1489,0.9662137149194127,0.7048299632438431,0.07274705545087581,0.1074817162159524,-6.245004513516506e-17,-1.0234868508263162e-16,0,0
1490,0.9836608840059817,0.7108739382570535,0.07390914428117308,0.10835408186311006,1.0408340855860843e-16,3.469446951953614e-17,0,0
1491,1.0,0.7199999999992628,0.07500000000000001,0.10967854537493733,0.015039239615741004,-3.469446951953614e-17,2,0
1492,0.4214930212509945,0.4730507541078904,0.037610293822153196,0.07809802524901582,-5.204170427930421e-18,6.071532165918825e-17,0,0
1493,0.4025041758328225,0.466866581275278,0.036361209807005856,0.07760873638028762,5.204170427930421e-18,-1.214306433183765e-17,0,0
1494,0.3835314311182683,0.4606801792990149,0.03510317224187065,0.07714827919549554,-1.951563910473908e-17,1.734723475976807e-17,0,0
1495,0.3645623067060364,0.4545106425956816,0.03383275662307242,0.07672123781550039,-1.474514954580286e-17,-5.377642775528102e-17,0,0
1496,0.3455703381390701,0.4483340036838057,0.03254580879796263,0.07632665932834715,2.8189256484623115e-17,3.469446951953614e-18,0,0
1497,0.3265705301769499,0.4421526045701508,0.031240364515349978,0.07596630254330687,-7.806255641895632e-18,-1.9081958235744878e-17,0,0
1498,0.4404905004193765,0.4792321238071406,0.03885173207659329,0.07861457306570038,-6.938893903907228e-18,-6.245004513516506e-17,0,0
1499,0.4594888824704928,0.4854138797017175,0.04008649766410767,0.07915739688150836,2.5587171270657905e-17,-6.418476861114186e-17,0,0
1500,0.4784881112806315,0.4915959499118013,0.04131594342681135,0.07972492557996086,-2.5587171270657905e-17,-4.683753385137379e-17,0,0
1501,0.4974879066964575,0.4977785213541406,0.04254118147189183,0.08031573187533415,4.85722573273506e-17,1.0581813203458523e-16,0,0
1502,0.5164883622194547,0.5039612869300396,0.04376318901722932,0.08092840279707612,-7.632783294297951e-17,1.734723475976807e-18,0,0
1503,0.53548991068552,0.5101442862357949,0.04498280828405048,0.08156163978145609,5.984795992119984e-17,4.336808689942018e-17,0,0
1504,0.1322816838328959,0.3606851277747125,0.01622785810957128,0.07254514079715689,1.3877787807814457e-17,8.847089727481716e-17,0,0
1505,0.03534931887435346,0.3096971084871992,0.005293171860699344,0.07141511099487648,-2.6020852139652106e-17,2.168404344971009e-17,0,0
1506,0.5544921079363762,0.5163265312539779,0.04620070882296105,0.08221409806110754,-2.1250362580715887e-17,-9.194034422677078e-17,0,0
1507,0.0,0.3000000000005164,0.0,0.07125248274152378,-0.016865581189139243,-1.8214596497756474e-17,1,0
1508,0.5734943505485002,0.5225036351325655,0.04741746767398676,0.08288403036508568,8.673617379884035e-18,3.122502256758253e-17,0,0
1509,0.5925019153998976,0.5286786508558114,0.04863389458809967,0.08357076551868702,-1.9081958235744878e-17,-3.642919299551295e-17,0,0
1510,0.6115118977403177,0.5348577010565909,0.049850150968272174,0.0842742551343446,-6.938893903907228e-18,2.0816681711721685e-17,0,0
1511,0.6346674983880742,0.5605961783114851,0.051189052795389225,0.0877999994692883,-1.9081958235744878e-17,-8.456776945386935e-17,0,0
1512,0.653675566386241,0.5667810812211695,0.05241633916007038,0.08854042972191303,1.1709383462843448e-17,6.591949208711867e-17,0,0
1513,0.6726844931632883,0.5729659596667029,0.053643880882530866,0.08929392615943557,1.951563910473908e-17,8.326672684688674e-17,0,0
1514,0.6916939445899956,0.5791505955318145,0.054871904509574895,0.09005978059870896,-2.862293735361732e-17,6.938893903907228e-18,0,0
1515,0.7107043121255092,0.5853348118518688,0.05610065578771133,0.09083733050927362,-3.469446951953614e-18,-2.0816681711721685e-17,0,0
1516,0.7297153887114824,0.5915192454920418,0.05733031499978597,0.09162607501425409,-1.9949319973733282e-17,-8.673617379884035e-18,0,0
1517,0.7487259608389873,0.5977017288938165,0.05856099473507473,0.09242514246580917,2.2551405187698492e-17,-2.42861286636753e-17,0,0
1518,0.7677424038120984,0.6038765700291444,0.05979330643230308,0.09323315040203714,6.331740687315346e-17,1.734723475976807e-17,0,0
1519,0.9430454119253716,0.6790787901303724,0.07122127247020438,0.1037468050685114,1.9949319973733282e-17,5.0306980803327406e-17,0,0
1520,0.1512850528240077,0.3668715366829551,0.0180558070604778,0.07246038175158642,-4.90059381963448e-17,4.163336342344337e-17,0,0
1521,0.1702881144254667,0.3730570177596078,0.019786314618484128,0.07240039973191609,2.6020852139652106e-18,-4.2500725161431774e-17,0,0
1522,0.1892895731229522,0.3792411250119359,0.02143111136683514,0.07237458111115846,-6.071532165918825e-18,-2.2551405187698492e-17,0,0
1523,0.2082949658358813,0.3854248446992479,0.023002076270185946,0.0723889377579625,5.117434254131581e-17,5.2909066017292616e-17,0,0
1524,0.2273052638815142,0.3916124820090008,0.024509628394425685,0.0724476369837171,-4.597017211338539e-17,-1.0061396160665481e-16,0,0
1525,0.246377980049161,0.3978367328948196,0.02596706480889319,0.07255488768751858,2.3852447794681098e-17,-3.122502256758253e-17,0,0
1526,0.2654147818370541,0.4040408131513334,0.0273760065112035,0.07270728299568947,-1.1275702593849246e-17,1.3877787807814457e-17,0,0
1527,0.2844273112993231,0.4102418081450677,0.028744390040158652,0.07290601138931387,4.336808689942018e-18,9.367506770274758e-17,0,0
1528,0.3034243348569309,0.4164274845047769,0.0300796877008289,0.0731476587302019,-2.1250362580715887e-17,4.336808689942018e-17,0,0
1529,0.1091339086154619,0.3349456718111078,0.014455906273531365,0.07098005402117473,-1.734723475976807e-17,-4.163336342344337e-17,0,0
1530,0.09012410041113801,0.3287522177746061,0.01232119042963161,0.07118818014432159,1.8214596497756474e-17,4.5102810375396984e-17,0,0
1531,0.07111382917873454,0.3225554857125753,0.01003157400968945,0.07136533312560368,-8.673617379884035e-18,-1.5612511283791264e-17,0,0
1532,0.05248657403039703,0.316283917731436,0.007630784162673827,0.07146480665724346,-3.469446951953614e-18,3.2959746043559335e-17,0,0
1533,0.1281383922688484,0.3411347484058772,0.01644782180133223,0.07076793266205016,2.1250362580715887e-17,-6.245004513516506e-17,0,0
1534,0.3224171788547501,0.422608129484544,0.03138794281008107,0.07343149045385662,-2.688821387764051e-17,3.469446951953614e-17,0,0
1535,0.01286315468689172,0.2898901150385138,0.0020698957798265228,0.07064370534765703,-1.6479873021779667e-17,6.071532165918825e-18,0,0
1536,0.02894740630797288,0.2906182410257959,0.0046560930576875345,0.07040670586422793,-1.6046192152785466e-17,-3.8163916471489756e-17,0,0
1537,0.6305191706218876,0.5410418898948087,0.051066249645935556,0.08499380594791911,4.423544863740858e-17,6.938893903907228e-17,0,0
1538,0.7867595556229603,0.6100516591016354,0.061027024995679406,0.09405078266016592,-3.0357660829594124e-17,-5.421010862427522e-17,0,0
1539,0.8057766373430586,0.6162348809834244,0.06226222375194171,0.09487873222948999,2.168404344971009e-18,-5.377642775528102e-17,0,0
1540,0.8247899231507315,0.6224215559828945,0.06349882753687644,0.09571589310755813,-2.168404344971009e-17,2.6020852139652106e-17,0,0
1541,0.8438046044715899,0.6286083239028486,0.06473733635021686,0.09656134012020007,3.642919299551295e-17,5.0306980803327406e-17,0,0
1542,0.8628209186792191,0.6347935137019438,0.06597792004550639,0.09741443248884052,7.37257477290143e-18,-2.949029909160572e-17,0,0
1543,0.8818376096320117,0.6409780501588569,0.0672206379678922,0.09827493603885429,4.336808689942018e-19,-7.806255641895632e-17,0,0
1544,0.9008526859218345,0.6471638267612205,0.06846548700064947,0.0991428069952638,2.0816681711721685e-17,-5.204170427930421e-18,0,0
1545,0.9193029878073707,0.6539544301423664,0.06967470339806664,0.10010654538395129,-9.540979117872439e-18,1.5612511283791264e-17,0,0
1546,0.9373545083132053,0.662057776658777,0.07085920777510529,0.10126863131213289,-5.2475385148298415e-17,-3.382710778154774e-17,0,0
1547,0.9634715544258844,0.6810784293376251,0.07257618691278789,0.10402328101618029,1.734723475976807e-18,0.0,0,0
1548,0.9823869651878974,0.6913184777351151,0.07382902365898325,0.10550806019422074,-4.597017211338539e-17,-6.678685382510707e-17,0,0
1549,1.0,0.6999999999992101,0.07500000000000001,0.1067699979540571,0.015032482708275846,3.8163916471489756e-17,2,0
1550,0.4363450035825179,0.4596893470527171,0.038886969823510274,0.07591639939300462,1.9949319973733282e-17,3.642919299551295e-17,0,0
1551,0.4173481235353877,0.4535079075141877,0.03766368181895611,0.0754197529394359,-4.0332320816460765e-17,-6.071532165918825e-17,0,0
1552,0.3983626117417516,0.4473235291377893,0.036433438098984784,0.07495272187538402,6.678685382510707e-17,-1.734723475976807e-18,0,0
1553,0.3793851424362611,0.4411417599323625,0.035193954929915394,0.07451812387842177,-2.7321894746634712e-17,-4.85722573273506e-17,0,0
1554,0.3604014200640727,0.4349606755996438,0.03394183464284097,0.07411814214771092,-1.5612511283791264e-17,3.642919299551295e-17,0,0
1555,0.3414246506891966,0.4287902013861401,0.03267505241741251,0.07375588366916937,2.2551405187698492e-17,1.0408340855860843e-17,0,0
1556,0.4553429368972745,0.4658703378081985,0.040104178433497784,0.07644134828122211,0.0,2.949029909160572e-17,0,0
1557,0.4743417308048763,0.4720515592476878,0.04131666573602306,0.07699290217356564,-2.5153490401663703e-17,3.642919299551295e-17,0,0
1558,0.4933415700154618,0.4782330273502734,0.04252562744622365,0.07756935451779993,-2.7321894746634712e-17,1.3877787807814457e-17,0,0
1559,0.5123403168092825,0.4844153385344858,0.043731876006408994,0.07816927065448674,2.949029909160572e-17,-5.0306980803327406e-17,0,0
1560,0.5313414228789943,0.490597384099088,0.044936479193125475,0.07879096471805502,8.673617379884035e-18,2.2551405187698492e-17,0,0
1561,0.5503453407686415,0.4967792907107789,0.0461401406129709,0.0794330939390929,-2.42861286636753e-17,1.214306433183765e-17,0,0
1562,0.1471402870308362,0.3473214572875329,0.018311819901695826,0.07057211122104924,1.734723475976807e-18,-4.85722573273506e-17,0,0
1563,0.04840823250943638,0.2967118674791097,0.007518327611066199,0.07030652441447217,1.5612511283791264e-17,-1.3010426069826053e-17,0,0
1564,0.5693455963920366,0.5029585207679098,0.047343019803579606,0.0800941105849074,-2.688821387764051e-17,3.122502256758253e-17,0,0
1565,0.0,0.2800000000004734,0.0,0.07027163519245778,-0.01722322307612723,-1.9081958235744878e-17,1,0
1566,0.5883534610949609,0.5091329671584442,0.04854634696056322,0.08077241760590384,1.9081958235744878e-17,6.245004513516506e-17,0,0
1567,0.6073614997524449,0.5153091205094334,0.04974994864038444,0.08146796871214944,8.673617379884035e-18,-4.85722573273506e-17,0,0
1568,0.6263708728444702,0.5214888416684534,0.050954220766731506,0.08218003232563575,2.5587171270657905e-17,-3.642919299551295e-17,0,0
1569,0.6495272227417396,0.5472265325337242,0.05228277119681569,0.08572785751140792,-3.469446951953614e-17,-5.204170427930421e-17,0,0
1570,0.6685358775271246,0.5534113249253042,0.053499967248611086,0.0864755828271981,1.9949319973733282e-17,-4.5102810375396984e-17,0,0
1571,0.6875450595270918,0.5595959969122946,0.054718060786428636,0.0872362122067249,-4.336808689942018e-19,6.938893903907228e-18,0,0
1572,0.7065551056750881,0.5657795147025162,0.05593727756943365,0.08800891275758915,3.903127820947816e-18,-1.3877787807814457e-17,0,0
1573,0.7255669618455972,0.5719599179960573,0.0571578622576378,0.08879276275613815,3.165870343657673e-17,-3.469446951953614e-17,0,0
1574,0.7445804330540812,0.5781400723353722,0.05837994233448414,0.08958759138700392,-2.688821387764051e-17,3.122502256758253e-17,0,0
1575,0.7635914860520139,0.5843228166995007,0.0596033892073854,0.0903932868028681,4.336808689942018e-17,2.0816681711721685e-17,0,0
1576,0.7826079656549254,0.5904977662281704,0.06082889976972569,0.09120777189621278,-5.334274688628682e-17,7.28583859910259e-17,0,0
1577,0.9521363857197243,0.6669492055000679,0.07183335150783633,0.10196939288488864,9.71445146547012e-17,1.5612511283791264e-17,0,0
1578,0.1661510243931358,0.3535101445939354,0.02006426016605321,0.07040774295579667,3.122502256758253e-17,4.336808689942018e-17,0,0
1579,0.1851447199382094,0.3596949566731567,0.021717604406193834,0.07028580666849653,-1.8214596497756474e-17,1.214306433183765e-17,0,0
1580,0.2041766741192862,0.3658840069285731,0.02329081504322775,0.07021197572134827,-4.119968255444917e-17,-5.551115123125783e-17,0,0
1581,0.2232150852580362,0.3720899749672026,0.024792978159866405,0.070192856313871,9.540979117872439e-18,1.214306433183765e-16,0,0
1582,0.2422378999372757,0.3782948122351685,0.02623410049383256,0.07022890500959342,-1.214306433183765e-17,7.28583859910259e-17,0,0
1583,0.261292502249958,0.3845122192507076,0.027627722922864886,0.07031960128539133,7.37257477290143e-18,2.6020852139652106e-17,0,0
1584,0.2802859681343931,0.3907017432423507,0.028975871304558556,0.07046195176960741,-2.1250362580715887e-17,-7.45931094670027e-17,0,0
1585,0.2992807679966619,0.3968840018958565,0.030290383476544686,0.07065415112935566,2.42861286636753e-17,3.2959746043559335e-17,0,0
1586,0.318263425310073,0.4030617364363301,0.03157624162942828,0.07089461540713511,-2.5587171270657905e-17,-2.0816681711721685e-17,0,0
1587,0.1049903453626611,0.3153930127688447,0.014685538758868804,0.06943168628743472,4.5536491244391186e-17,-3.469446951953614e-17,0,0
1588,0.1239953958528828,0.3215855178087906,0.01673935899842519,0.06908389489511277,-1.8648277366750676e-17,-3.0357660829594124e-17,0,0
1589,0.0859858525485397,0.3091913229485265,0.012463869362941242,0.06977683431590266,4.336808689942018e-18,-5.0306980803327406e-17,0,0
1590,0.06703013407643885,0.3029830871928144,0.010063497259015784,0.0700863175081206,6.938893903907228e-18,-2.42861286636753e-17,0,0
1591,0.1429964816790362,0.3277715398735028,0.018643205536198824,0.06875802639456069,1.1275702593849246e-17,6.071532165918825e-18,0,0
1592,0.3372509589152267,0.4092395239740522,0.03283978491335552,0.07118081859535502,-2.1250362580715887e-17,1.5612511283791264e-17,0,0
1593,0.01964002472243081,0.2721130476062886,0.0033845437352037966,0.06974596759171822,-2.7755575615628914e-17,1.3010426069826053e-17,0,0
1594,0.04344455209214365,0.2772577549511406,0.007274689329520197,0.06937611124117998,6.071532165918825e-18,-2.949029909160572e-17,0,0
1595,0.6453787294234693,0.5276729255044046,0.05215925094709525,0.08290783558682212,8.673617379884035e-19,-3.3176586478056436e-17,0,0
1596,0.801627058497588,0.5966753203287769,0.06205637396158114,0.0920321077735337,1.6479873021779667e-17,1.7780915628762273e-17,0,0
1597,0.8206406331535353,0.6028615562405055,0.06328538940747545,0.09286676615470935,-4.5102810375396984e-17,1.0408340855860843e-17,0,0
1598,0.8396531261753786,0.6090496772036105,0.06451639302270136,0.09371030736178687,-1.214306433183765e-17,-5.204170427930421e-17,0,0
1599,0.8586684510791125,0.6152373736796982,0.06574977935918704,0.09456198617460938,6.852157730108388e-17,-1.5612511283791264e-17,0,0
1600,0.8776858190201098,0.6214199536108379,0.06698565390609479,0.09542073547339003,1.0408340855860843e-17,-8.673617379884035e-18,0,0
1601,0.8967034144588031,0.6276045323740495,0.06822402108001967,0.09628724728242126,-4.5536491244391186e-17,-1.5612511283791264e-17,0,0
1602,0.915405892651233,0.6337875328558382,0.06944421348061802,0.0971611981591923,5.4643789493269423e-17,-3.469446951953614e-17,0,0
1603,0.9335933359423777,0.6420425609706145,0.07063122894136432,0.09834561393803345,3.859759734048396e-17,-3.382710778154774e-17,0,0
1604,0.9503718234646803,0.6499828178610856,0.07172967513225481,0.09949051822847817,-5.767955557622884e-17,6.938893903907228e-18,0,0
1605,0.9660224448489378,0.6595869339548901,0.07275636262443139,0.1008836627530609,-3.2959746043559335e-17,5.204170427930421e-17,0,0
1606,0.9824994726041374,0.6703117103910224,0.07384152340756513,0.10244371665971366,1.734723475976807e-17,4.163336342344337e-17,0,0
1607,1.0,0.6799999999991574,0.07500000000000001,0.10385534664320234,0.015026826561734678,-3.209238430557093e-17,2,0
1608,0.4321990791181758,0.44014714511132,0.03894644782393037,0.07320900051910892,2.0383000842727483e-17,-2.42861286636753e-17,0,0
1609,0.4511926661665734,0.4463266308504092,0.040143851333485865,0.07371576481460841,-3.426078865054194e-17,-6.071532165918825e-17,0,0
1610,0.413203097015521,0.433965911119572,0.037743512166583934,0.0727327444951621,-2.42861286636753e-17,4.163336342344337e-17,0,0
1611,0.3942160334380768,0.4277799168694093,0.03653418557818712,0.0722885583986811,-1.9081958235744878e-17,-2.2551405187698492e-17,0,0
1612,0.3752314065585837,0.4215981249670905,0.03531574725238226,0.07188025391459395,4.163336342344337e-17,1.3877787807814457e-17,0,0
1613,0.3562365338775379,0.4154115223018844,0.03408497630417777,0.07150939202169139,-1.3010426069826053e-17,7.632783294297951e-17,0,0
1614,0.4701909361789303,0.4525036978656042,0.0413376487010492,0.07425070296774916,6.288372600415926e-17,-3.469446951953614e-17,0,0
1615,0.4891949784319121,0.4586878417130927,0.042528913080417965,0.0748132421850463,-5.2909066017292616e-17,-7.979727989493313e-17,0,0
1616,0.5081907290088373,0.464866505189747,0.043717889053032956,0.07540000734668366,8.673617379884035e-17,5.898059818321144e-17,0,0
1617,0.5271880832710882,0.4710483201610318,0.04490590650504287,0.076010420608279,-2.7755575615628914e-17,-4.85722573273506e-17,0,0
1618,0.5461914783829751,0.4772319181115806,0.046093942650869794,0.07664269092467099,3.209238430557093e-17,-2.2551405187698492e-17,0,0
1619,0.565200417079508,0.4834139705864786,0.04728253448332633,0.07729495680563467,4.336808689942018e-18,-4.163336342344337e-17,0,0
1620,0.1620120526779144,0.3339634204635747,0.02041784487004201,0.06847273085033877,-2.3852447794681098e-17,-6.852157730108388e-17,0,0
1621,0.06289089687132521,0.2834278480445718,0.010126551600163371,0.06899277614883763,-1.734723475976807e-18,1.0408340855860843e-17,0,0
1622,0.584203000211331,0.4895893925593328,0.04847138241225727,0.07796533685906319,0.0,-4.5102810375396984e-17,0,0
1623,0.0,0.2600000000004088,0.0,0.06948970777873166,-0.01746245536502683,5.724587470723463e-17,1,0
1624,0.6032144042655558,0.495758483125613,0.04966182344169505,0.07865250770955864,-2.168404344971009e-18,-4.5102810375396984e-17,0,0
1625,0.6222230751565272,0.5019364859806745,0.05085323882038173,0.0793577477263073,2.862293735361732e-17,4.163336342344337e-17,0,0
1626,0.6412301988718082,0.5081199027041697,0.05204599205660021,0.08007952802124457,4.336808689942018e-18,-5.204170427930421e-18,0,0
1627,0.6643873313655885,0.5338570487602243,0.053365459576415454,0.0836498779492569,-1.214306433183765e-17,4.3151246464923076e-17,0,0
1628,0.683396408789408,0.5400413449453407,0.054573027587797356,0.0844053948638019,-2.6020852139652106e-18,-3.469446951953614e-18,0,0
1629,0.7024058894588797,0.5462262569256854,0.05578211537932395,0.08517372247615207,8.239936510889834e-18,3.469446951953614e-18,0,0
1630,0.7214172478706073,0.5524033296294728,0.056993016954758405,0.08595294230885064,-9.540979117872439e-18,5.724587470723463e-17,0,0
1631,0.7404360490333349,0.5585677059455362,0.05820624398171973,0.08674169435497579,-5.551115123125783e-17,1.5612511283791264e-17,0,0
1632,0.7594474611753569,0.564755506331487,0.059420753520239705,0.08754477624220944,5.811323644522304e-17,2.6020852139652106e-17,0,0
1633,0.7784614103939764,0.5709367071176417,0.060637471181250506,0.08835719469613061,-2.47198095326695e-17,-4.85722573273506e-17,0,0
1634,0.7974763736991127,0.577117595612426,0.06185637368525684,0.08917937760379152,-4.423544863740858e-17,-1.3877787807814457e-17,0,0
1635,0.1810359194623804,0.3401524786967852,0.02208160188112123,0.06823935548898104,-1.734723475976807e-18,5.4643789493269423e-17,0,0
1636,0.2000253985367947,0.3463394756195562,0.02364768112583189,0.06806740773305814,-4.336808689942018e-19,1.1275702593849246e-17,0,0
1637,0.2190925704861038,0.3525587834068478,0.025140722035122742,0.0679597850029829,-4.7704895589362195e-18,-4.5102810375396984e-17,0,0
1638,0.2381246957992448,0.3587702204971494,0.026565384469190875,0.06791776799949975,1.734723475976807e-17,-9.71445146547012e-17,0,0
1639,0.2571464432657914,0.3649799352823793,0.02793541181349907,0.06793978634056286,-1.8214596497756474e-17,-1.9081958235744878e-17,0,0
1640,0.2761403831080255,0.3711616084663265,0.029260315477399927,0.0680204909642222,2.42861286636753e-17,7.632783294297951e-17,0,0
1641,0.2951298987269471,0.377338013649665,0.03054948213760113,0.06815912884134821,1.7780915628762273e-17,-3.642919299551295e-17,0,0
1642,0.3141166174856876,0.3835200865241971,0.031809644965485495,0.06835376800778827,-1.6046192152785466e-17,-3.469446951953614e-17,0,0
1643,0.3330976819271922,0.389700017440166,0.03304656960452869,0.06860004795480225,1.8648277366750676e-17,-1.9081958235744878e-17,0,0
1644,0.1198529376655748,0.3020374355114194,0.017117028063556767,0.06750524696428252,-2.3418766925686896e-17,1.0148132334464322e-16,0,0
1645,0.1008870728808965,0.2958297957473032,0.014998325430548505,0.06801072413977169,-3.122502256758253e-17,-8.673617379884035e-18,0,0
1646,0.1388526937002815,0.3082236807236768,0.0190641109521877,0.06702662330501404,-7.37257477290143e-18,1.9949319973733282e-17,0,0
1647,0.08194702286323897,0.2896080428391513,0.012683016135811983,0.06851646005602326,3.903127820947816e-17,1.214306433183765e-17,0,0
1648,0.1578514077987206,0.3144091561805288,0.020858950659300234,0.06660030857180711,6.071532165918825e-18,7.025630077706069e-17,0,0
1649,0.3520837541540978,0.3958779937438242,0.03426580082313496,0.06889416255119156,-3.209238430557093e-17,-9.194034422677078e-17,0,0
1650,0.01762814630672756,0.2497350614261246,0.0033776480581890317,0.06904924421698404,3.469446951953614e-17,-8.673617379884035e-19,0,0
1651,0.03601940404821774,0.2570968799126674,0.006588117966876846,0.06874906588462945,6.5052130349130266e-18,-5.811323644522304e-17,0,0
1652,0.05819022842414957,0.2637685898032816,0.010143886259331224,0.06813263301019361,-3.599551212651875e-17,1.8214596497756474e-17,0,0
1653,0.6602331766470753,0.5143055523909219,0.05324014443455458,0.08081648712308022,1.734723475976807e-17,-7.502679033599691e-17,0,0
1654,0.8164903004978581,0.5833029637397145,0.06307741589230724,0.09001156973398568,5.204170427930421e-17,1.6046192152785466e-17,0,0
1655,0.8355032898921504,0.5894902507952798,0.06430072400479267,0.09085296134662514,-3.9898639947466563e-17,-2.0816681711721685e-17,0,0
1656,0.8545175947932997,0.5956803720579671,0.0655265530905278,0.09170327514378639,4.597017211338539e-17,4.85722573273506e-17,0,0
1657,0.8735324513412012,0.6018652223621883,0.06675498706609899,0.09256095998327554,-1.3877787807814457e-17,3.2959746043559335e-17,0,0
1658,0.8925408285228361,0.6080489820601106,0.06798571460480364,0.09342627406139153,-4.597017211338539e-17,-2.6020852139652106e-17,0,0
1659,0.9115152473397101,0.6142331658893634,0.06921710373766246,0.09429903936773641,-8.673617379884035e-19,3.9898639947466563e-17,0,0
1660,0.9303890365892475,0.6214741387670356,0.07044328104384433,0.09533426702764194,6.5052130349130266e-18,1.9081958235744878e-17,0,0
1661,0.9484007109299728,0.6298656129191629,0.07161598311993522,0.09654481500353033,-2.2551405187698492e-17,1.3877787807814457e-17,0,0
1662,0.9654130822296834,0.6400006047188841,0.0727265653030558,0.0980173440324478,-1.6046192152785466e-17,-5.898059818321144e-17,0,0
1663,0.9826584864558493,0.6500520313037592,0.07385758918648225,0.09948145307728132,6.505213034913027e-17,1.474514954580286e-17,0,0
1664,1.0,0.6599999999991049,0.07500000000000001,0.10093438619876552,0.015020411821964839,1.5612511283791264e-17,2,0
1665,0.4280516119926849,0.420606092673837,0.03903145925142883,0.07049043937725684,1.5178830414797062e-17,-2.0816681711721685e-17,0,0
1666,0.4470433867179975,0.426779673136362,0.040207102674606185,0.0709781871405359,-9.107298248878237e-18,5.551115123125783e-17,0,0
1667,0.4660381924835465,0.4329562426120645,0.041379933996511326,0.07149709295729438,1.431146867680866e-17,4.163336342344337e-17,0,0
1668,0.4090589716309027,0.4144245137902391,0.03785151207981278,0.07003476653463696,-1.734723475976807e-17,6.418476861114186e-17,0,0
1669,0.3900683462988318,0.4082391520460499,0.036665631700687755,0.06961436325975139,2.168404344971009e-18,2.42861286636753e-17,0,0
1670,0.3710746122085275,0.4020602183703655,0.035471062617007124,0.069233668159409,3.2959746043559335e-17,3.2959746043559335e-17,0,0
1671,0.4850353944802672,0.4391148965646711,0.04255142296676077,0.07204189646927336,-2.5153490401663703e-17,5.898059818321144e-17,0,0
1672,0.5040342696030956,0.4453056175396535,0.0437216785825667,0.07261785037825066,5.204170427930421e-18,-3.9898639947466563e-17,0,0
1673,0.5230310594717734,0.4514894175064246,0.04489183580629651,0.07321747274090194,-9.974659986866641e-18,-3.642919299551295e-17,0,0
1674,0.5420402513882743,0.4576782310843056,0.046063295457572394,0.07384057987597492,6.071532165918825e-18,5.898059818321144e-17,0,0
1675,0.5610480050139868,0.4638652142562941,0.0472357300057332,0.07448482119800347,-5.551115123125783e-17,1.0408340855860843e-17,0,0
1676,0.5800553569062736,0.4700463374849706,0.04840963763739804,0.07514815799242468,3.426078865054194e-17,1.214306433183765e-17,0,0
1677,0.1769057111560496,0.3206167965948015,0.022529833942498967,0.06623970481493655,-4.336808689942018e-19,-3.903127820947816e-17,0,0
1678,0.07781364981764112,0.2700609835657132,0.012961476876141746,0.06744634094619935,2.688821387764051e-17,6.245004513516506e-17,0,0
1679,0.599055646141529,0.4762208068104976,0.049584889312466844,0.07582924419374402,2.7755575615628914e-17,1.9081958235744878e-17,0,0
1680,0.0,0.2400000000003658,0.0,0.069040496005534,-0.017850515509564464,-1.474514954580286e-17,1,0
1681,0.6180682705362681,0.4823947646992895,0.0507629130063833,0.07652756876609984,-3.122502256758253e-17,-2.7755575615628914e-17,0,0
1682,0.6370807082633716,0.4885702769482201,0.05194306902443582,0.07724250602734166,-2.6020852139652106e-17,4.163336342344337e-17,0,0
1683,0.6560867442802609,0.4947517718294381,0.05312507301840716,0.07797377350613717,-1.8214596497756474e-17,9.020562075079397e-17,0,0
1684,0.6792419690699713,0.5204929280103636,0.05443651916072144,0.08156762213339942,-1.6479873021779667e-17,-4.206704429243757e-17,0,0
1685,0.6982555445754299,0.5266750545927461,0.05563523290178506,0.08233114510393157,2.688821387764051e-17,1.734723475976807e-17,0,0
1686,0.7172672147523965,0.5328555091417229,0.05683593479620395,0.08310692308332306,-3.8163916471489756e-17,-2.42861286636753e-17,0,0
1687,0.7362722664583481,0.5390310730653193,0.05803842565809937,0.08389384948805385,4.336808689942018e-17,-2.6020852139652106e-17,0,0
1688,0.7553017622739409,0.5451876619757698,0.059244881302742275,0.08468905298156088,3.903127820947816e-17,-7.632783294297951e-17,0,0
1689,0.7743144628970922,0.5513724564120892,0.060452469551128235,0.08549917209050133,-2.42861286636753e-17,-2.7755575615628914e-17,0,0
1690,0.79332746754378,0.5575584539276349,0.06166252569418999,0.08631960147286237,5.637851296924623e-18,7.806255641895632e-17,0,0
1691,0.8123411630696731,0.5637435463006617,0.06287516599602598,0.08714954538218908,4.206704429243757e-17,-6.071532165918825e-17,0,0
1692,0.1959833620757088,0.3268311701127813,0.024095442158249603,0.06595320517075949,3.3393426912553537e-17,-8.586881206085195e-17,0,0
1693,0.2150048177150018,0.3330337463911968,0.025568116557517798,0.0657461887416699,9.974659986866641e-18,-7.45931094670027e-17,0,0
1694,0.2340087514882593,0.3392352760374089,0.02696782902555031,0.06561694868594779,0.0,6.938893903907228e-18,0,0
1695,0.252995852587903,0.3454359071615558,0.02830841998149478,0.06556325214940538,2.168404344971009e-18,3.469446951953614e-17,0,0
1696,0.2719947303183549,0.3516212337852838,0.029604307257554995,0.06557836685283132,1.2576745200831851e-17,-1.196959198423997e-16,0,0
1697,0.2909875092985424,0.357800014656304,0.030863134327606297,0.065660184149114,2.5153490401663703e-17,-3.469446951953614e-17,0,0
1698,0.3099725726175103,0.3639786588798,0.032092324854188094,0.06580514050816141,-6.591949208711867e-17,6.765421556309548e-17,0,0
1699,0.328955358335742,0.3701580908433658,0.033298676209655584,0.06600867919403014,3.946495907847236e-17,7.979727989493313e-17,0,0
1700,0.3479366349152747,0.3763420017567192,0.03448731482625664,0.06626693837997136,-1.0842021724855044e-17,0.0,0,0
1701,0.1347084091644681,0.2886771836255622,0.01959274681895255,0.0653863280699827,1.2576745200831851e-17,-9.194034422677078e-17,0,0
1702,0.1157116850523616,0.2824917102081597,0.017599161312246613,0.06604588646963297,-8.673617379884035e-19,-3.5561831257524545e-17,0,0
1703,0.09683459379300266,0.276257250207718,0.015412757410091876,0.06673646798929048,-8.673617379884035e-18,1.8214596497756474e-17,0,0
1704,0.153719000437193,0.2948651132137821,0.021409075540596127,0.06479428139957995,2.168404344971009e-18,-1.214306433183765e-17,0,0
1705,0.172767446757021,0.3010897227229377,0.02307897946887103,0.06428795171692203,1.6046192152785466e-17,-2.688821387764051e-17,0,0
1706,0.3669293722681803,0.3825227510342247,0.03566359211616418,0.06657428600737733,3.469446951953614e-18,-5.377642775528102e-17,0,0
1707,0.01742802835326989,0.2296490487733875,0.003686158496431973,0.06871740192174913,-1.8214596497756474e-17,-2.7755575615628914e-17,0,0
1708,0.03647496916981043,0.237878756827295,0.007307468511375257,0.068179781421859,2.2551405187698492e-17,8.413408858487514e-17,0,0
1709,0.05458608366134821,0.2442820478381246,0.010426193250506153,0.06748742919479146,-3.8163916471489756e-17,-7.806255641895632e-18,0,0
1710,0.07411544901095879,0.2506079047091488,0.013420791713648943,0.06657132609853256,-5.204170427930421e-18,-8.673617379884035e-18,0,0
1711,0.6750860636391222,0.5009464873822158,0.054308975275523176,0.07872152698952106,-6.938893903907228e-17,9.69276742202041e-17,0,0
1712,0.8313546646588943,0.5699306543244331,0.06409040631976916,0.08798899272069467,-1.9949319973733282e-17,4.2934406030425976e-17,0,0
1713,0.8503691546879735,0.5761201117634084,0.0653084055391075,0.08883757129551255,-1.1275702593849246e-17,-2.0816681711721685e-17,0,0
1714,0.8693837739217619,0.5823092239419514,0.06652919907747873,0.08969450403201892,-8.370040771588094e-17,-5.204170427930421e-18,0,0
1715,0.8883983663554433,0.5884936135246222,0.06775285585486399,0.09055882240609513,1.0495077029659683e-16,4.683753385137379e-17,0,0
1716,0.9073906491267003,0.5946571221362598,0.06897811620520579,0.0914277729840118,-7.025630077706069e-17,-2.42861286636753e-17,0,0
1717,0.9264339215592773,0.6008635857915142,0.07020983967843375,0.09231000085161485,2.5587171270657905e-17,5.984795992119984e-17,0,0
1718,0.9475371557385464,0.6069967716716946,0.07157913018775508,0.09318654368886935,-4.466912950640278e-17,-1.5612511283791264e-17,0,0
1719,0.9656316659935857,0.6200041447246631,0.07275194545277895,0.09508356363512416,3.0357660829594124e-17,0.0,0,0
1720,0.9826794417944599,0.6299998727107616,0.07386438600714243,0.09654272445197866,-2.2985086056692694e-17,8.673617379884035e-18,0,0
1721,1.0,0.6399999999990521,0.07500000000000001,0.09800650030386554,0.015012717400766864,3.0357660829594124e-17,2,0
1722,0.4239067485615166,0.4010652794863536,0.03914371179085598,0.06775811637419189,5.811323644522304e-17,-1.0408340855860843e-17,0,0
1723,0.4428959826788832,0.4072383212997433,0.040294991970295395,0.06822767729288351,-2.0816681711721685e-17,1.734723475976807e-17,0,0
1724,0.461887839361551,0.4134102846735329,0.041444772419566775,0.06873011058541376,1.5178830414797062e-17,-3.469446951953614e-17,0,0
1725,0.4808874231455645,0.4195702529429538,0.042594716567414266,0.06926116878520024,3.5561831257524545e-17,-2.2551405187698492e-17,0,0
1726,0.4049148209332746,0.394883866972301,0.03798933505235845,0.06732329048389764,-7.806255641895632e-18,-5.898059818321144e-17,0,0
1727,0.3859222642904961,0.388703188463311,0.03683002851759922,0.06692758732242521,-8.673617379884035e-18,-7.112366251504909e-17,0,0
1728,0.4998866394575637,0.4257468385684536,0.04374468926093503,0.06982288413459026,-5.551115123125783e-17,2.0816681711721685e-17,0,0
1729,0.5188869998442125,0.431933316378617,0.04489567275098016,0.07041214031364779,7.676151381197371e-17,6.765421556309548e-17,0,0
1730,0.5378872643715626,0.4381196130248604,0.046048283054661666,0.07102557787150772,-3.729655473350135e-17,-4.163336342344337e-17,0,0
1731,0.556898433782263,0.4443102674287428,0.04720361126220736,0.07166196267145448,1.5612511283791264e-17,-1.9081958235744878e-17,0,0
1732,0.5759070987090504,0.450495125082041,0.04836123543202411,0.0723184349548617,1.214306433183765e-17,-5.551115123125783e-17,0,0
1733,0.5949139093368802,0.4566803904762231,0.049521363681096345,0.07299446197687992,-3.5561831257524545e-17,7.112366251504909e-17,0,0
1734,0.1918627856586652,0.3073323211040243,0.024630904700096545,0.06387425208510251,-2.7755575615628914e-17,5.898059818321144e-17,0,0
1735,0.09290370794317153,0.256696265790408,0.015973590549908646,0.0656283328500728,6.071532165918825e-18,8.673617379884035e-17,0,0
1736,0.6139133474083864,0.4628537507715981,0.050683945984294085,0.07368698659955723,-8.239936510889834e-18,-2.7755575615628914e-17,0,0
1737,0.0,0.2200000000003011,0.0,0.06894016227070701,-0.01823286009488589,-6.938893903907228e-18,1,0
1738,0.6329234885502526,0.4690314326589879,0.05185010470088111,0.07439702637690468,4.7704895589362195e-18,-1.0408340855860843e-17,0,0
1739,0.6519328524250048,0.4752115688127715,0.05301921465148377,0.07512337591274833,1.1709383462843448e-17,-4.683753385137379e-17,0,0
1740,0.670937587815764,0.4813989386373085,0.05419106121667294,0.07586580360651725,3.469446951953614e-18,-1.3877787807814457e-17,0,0
1741,0.6940992273551071,0.507141391687278,0.05549631970884114,0.07948284245682506,1.734723475976807e-17,2.883977778811442e-17,0,0
1742,0.713107981106312,0.5133308254413288,0.05668602621532917,0.08025627929731571,2.2551405187698492e-17,3.469446951953614e-17,0,0
1743,0.732113840040773,0.5194987060252931,0.057878346673755264,0.08103874914633631,-3.122502256758253e-17,-4.163336342344337e-17,0,0
1744,0.7511298563617764,0.5256603164346387,0.05907406078718747,0.0818317922771753,2.168404344971009e-17,1.214306433183765e-17,0,0
1745,0.7701623799418622,0.5318225469722888,0.06027358564270828,0.08263582176406258,-4.2934406030425976e-17,5.724587470723463e-17,0,0
1746,0.7891786023889541,0.5379984838744398,0.061474796527526625,0.08345241286799092,-5.204170427930421e-18,-8.673617379884035e-18,0,0
1747,0.8081920650121771,0.5441843268603367,0.06267865112405603,0.08428041716023363,8.109832250191573e-17,2.7755575615628914e-17,0,0
1748,0.8272059621849165,0.550370626430612,0.06388545820779412,0.08511797025869766,-2.6454533008646308e-17,-5.898059818321144e-17,0,0
1749,0.2108867613169462,0.3135298885684278,0.02608026804375241,0.06355404297220178,-4.336808689942018e-18,1.1449174941446927e-16,0,0
1750,0.2298730850336082,0.3197211104485638,0.02744851336592934,0.06332758829305031,-5.160802341031001e-17,1.3877787807814457e-17,0,0
1751,0.2488623163474144,0.3259023551124123,0.028755886623566755,0.06318796287356818,9.107298248878237e-18,2.0816681711721685e-17,0,0
1752,0.2678511540445139,0.3320843387806305,0.03001482328532927,0.06313170354627125,3.382710778154774e-17,6.938893903907228e-17,0,0
1753,0.2868404065130155,0.3382632695671893,0.031236291232882574,0.06315258094600473,-2.6020852139652106e-17,5.204170427930421e-17,0,0
1754,0.3058322433116977,0.3444412404259865,0.03242905666668713,0.06324495558445924,-2.992397996059992e-17,-3.9898639947466563e-17,0,0
1755,0.3248163792778564,0.3506212298855875,0.03359926474091459,0.06340391561994158,5.811323644522304e-17,-7.632783294297951e-17,0,0
1756,0.343797903717447,0.3568037171852581,0.03475292865419009,0.06362380234192891,-5.637851296924623e-18,-3.8163916471489756e-17,0,0
1757,0.3627858491357198,0.3629847501445512,0.035895282292992645,0.0638986510161216,-4.336808689942018e-18,5.551115123125783e-17,0,0
1758,0.1496340089576573,0.2753245980145171,0.02209273391280739,0.06305531030558932,-3.0791341698588326e-17,4.336808689942018e-17,0,0
1759,0.1305828050829032,0.2691299917170032,0.02025658672983437,0.06384395481828493,-8.673617379884035e-19,3.382710778154774e-17,0,0
1760,0.1116282017132132,0.2629379871729154,0.018222122918886634,0.06471665285156797,1.474514954580286e-17,0.0,0,0
1761,0.1687026644654125,0.281564096750375,0.02375650371590641,0.0623780036860117,1.3444106938820255e-17,1.5612511283791264e-17,0,0
1762,0.1877226163105283,0.2877861678545318,0.025278877373317292,0.06181852633568071,-1.474514954580286e-17,1.734723475976807e-18,0,0
1763,0.3817776043888655,0.3691648429875013,0.03702966828038051,0.06422389224177945,2.5153490401663703e-17,3.642919299551295e-17,0,0
1764,0.01604622773000094,0.2099810944133627,0.003826307576479728,0.06880205813060464,-2.5153490401663703e-17,4.7704895589362195e-17,0,0
1765,0.0333364013167001,0.2180584954194007,0.00745482243648678,0.06806488731975321,-4.336808689942018e-18,4.683753385137379e-17,0,0
1766,0.05152372950419554,0.2251170745918856,0.010860081081644,0.06711529155220293,4.2500725161431774e-17,7.632783294297951e-17,0,0
1767,0.07004097825496998,0.2311095151219858,0.013945651316906841,0.06596088112765303,-6.071532165918825e-18,-6.331740687315346e-17,0,0
1768,0.08876928734686564,0.237160694079611,0.016651956617971506,0.06472778186370663,-1.214306433183765e-17,-1.1275702593849246e-16,0,0
1769,0.6899471248365914,0.4876027355264765,0.055366237786548415,0.0766247155662174,7.19910242530375e-17,-4.618701254788249e-17,0,0
1770,0.8462199925107841,0.5565586033208059,0.06509525599841912,0.08596481847197336,4.336808689942018e-18,6.071532165918825e-18,0,0
1771,0.865235014148897,0.5627474907957815,0.06630816070819393,0.08682044894659655,-7.806255641895632e-18,-1.9081958235744878e-17,0,0
1772,0.8842507816084725,0.5689358818573084,0.06752421835256288,0.08768429090952827,5.5077470362263625e-17,-2.7755575615628914e-17,0,0
1773,0.9032521048987314,0.5751028246951346,0.06874249662777429,0.08855302842280847,-5.681219383824043e-17,-1.9081958235744878e-17,0,0
1774,0.922203426084204,0.5812005608568145,0.06996100738756073,0.0894192298064375,6.461844948013606e-17,-5.204170427930421e-17,0,0
1775,0.9402371848936705,0.5866212445872652,0.07112425423171295,0.09019417889914286,-8.651933336434325e-17,-5.984795992119984e-17,0,0
1776,0.9666999966387237,0.6000143614248648,0.07283281798659412,0.0921423485216317,-2.5153490401663703e-17,3.0357660829594124e-17,0,0
1777,0.9829222743114772,0.6100111142625739,0.07388561294285224,0.09360606366518372,1.951563910473908e-17,-1.1275702593849246e-17,0,0
1778,1.0,0.6199999999989995,0.07500000000000001,0.09507168834726668,0.015006193272900063,-5.637851296924623e-17,2,0
1779,0.4197640557887959,0.3815249553124279,0.039284577368485306,0.06500927380435734,1.734723475976807e-17,3.9898639947466563e-17,0,0
1780,0.4387527610861458,0.3877027019174406,0.0404087420911108,0.0654616711787036,-2.7755575615628914e-17,7.28583859910259e-17,0,0
1781,0.4577391013532571,0.3938688196207941,0.04153291966972841,0.06594789058991432,0.0,-2.0816681711721685e-17,0,0
1782,0.4767376699503159,0.4000281106746333,0.04265897293905136,0.06646544473793842,3.9898639947466563e-17,1.734723475976807e-18,0,0
1783,0.4957416054753732,0.4061967116482473,0.04378697257844683,0.06701423835266178,-4.163336342344337e-17,-5.204170427930421e-17,0,0
1784,0.4007703873996794,0.3753448445927063,0.038158693630132995,0.06459540448779794,-5.898059818321144e-17,6.938893903907228e-18,0,0
1785,0.5147425080006591,0.412379054457463,0.044916969919005435,0.06759273505250828,-2.6020852139652106e-18,-3.642919299551295e-17,0,0
1786,0.53374397648826,0.4185624146166876,0.04604990019252774,0.06819684538822036,2.862293735361732e-17,-2.42861286636753e-17,0,0
1787,0.5527484830742526,0.4247500098778139,0.047186210048487574,0.0688251026127947,-8.673617379884035e-18,2.6020852139652106e-17,0,0
1788,0.5717547510544613,0.4309377079233006,0.04832612440535604,0.06947517790543752,-3.599551212651875e-17,1.5612511283791264e-17,0,0
1789,0.5907627595648279,0.4371247383265393,0.0494698080309161,0.07014541045931473,-2.3418766925686896e-17,2.42861286636753e-17,0,0
1790,0.6097700078956954,0.4433111257900988,0.050617206328926585,0.07083443019330372,6.635317295611287e-17,-1.9081958235744878e-17,0,0
1791,0.2067484351927085,0.294006579670696,0.026693646340322945,0.06137409296003018,-9.107298248878237e-18,-4.85722573273506e-17,0,0
1792,0.1074638646159452,0.2434054637344819,0.018990828612602394,0.06354242364173655,2.7321894746634712e-17,-6.158268339717665e-17,0,0
1793,0.6287740349148596,0.4494903995969654,0.05176827517302327,0.07154003396009603,-3.903127820947816e-17,6.938893903907228e-18,0,0
1794,0.0,0.2000000000002582,0.0,0.069293724500005,-0.018797600553876404,2.42861286636753e-17,1,0
1795,0.6477847585343226,0.4556710414208204,0.05292358436768067,0.07226222519055486,-1.3010426069826053e-18,1.3877787807814457e-17,0,0
1796,0.6667972675070648,0.4618549736075943,0.0540828049124555,0.0730003196386663,1.3444106938820255e-17,-3.122502256758253e-17,0,0
1797,0.6858015154132048,0.4680517777370687,0.055245210541861836,0.07375489798659475,4.2934406030425976e-17,-7.979727989493313e-17,0,0
1798,0.7089583703289601,0.4937902251540783,0.056544819362428674,0.0773944777543343,-5.204170427930421e-17,-4.445228907190568e-17,0,0
1799,0.72796327904545,0.4999803051577514,0.05772616083331323,0.0781772200590403,1.734723475976807e-18,5.551115123125783e-17,0,0
1800,0.746976833778812,0.5061407069142426,0.05891141851974266,0.0789673897733961,1.0842021724855044e-17,5.551115123125783e-17,0,0
1801,0.7659881224322511,0.512302739130865,0.06009969941645309,0.07976909478054113,-3.5561831257524545e-17,1.214306433183765e-17,0,0
1802,0.7850133526172024,0.5184637076316729,0.06129206964547882,0.08058127305547114,8.673617379884035e-19,-1.214306433183765e-17,0,0
1803,0.8040426332961522,0.5246248923433667,0.06248790509217602,0.08140368520303003,1.9081958235744878e-17,2.949029909160572e-17,0,0
1804,0.8230565332926016,0.5308109214080527,0.06368589927698912,0.08223959343202218,-8.239936510889834e-18,2.949029909160572e-17,0,0
1805,0.842070684111009,0.5369973256237964,0.06488719488016818,0.08308485131427777,-8.760353553682876e-17,2.7755575615628914e-17,0,0
1806,0.9552780691410019,0.5899998793763089,0.07209796899899633,0.09067565486932669,9.324138683375338e-17,4.85722573273506e-17,0,0
1807,0.225732776715581,0.3001890416394248,0.02802217121985929,0.06103895482593555,5.117434254131581e-17,1.0408340855860843e-17,0,0
1808,0.2447200450931365,0.3063696901071432,0.029285826978822038,0.06080823803832522,-1.734723475976807e-18,3.469446951953614e-18,0,0
1809,0.263707401334652,0.3125499382379237,0.030499645799793213,0.060674750428341,-1.1709383462843448e-17,-3.122502256758253e-17,0,0
1810,0.2826927394989189,0.3187270818882036,0.031675768102935827,0.0606304958160917,4.336808689942018e-19,-6.765421556309548e-17,0,0
1811,0.3016818318413732,0.3249067669168005,0.032824052556674276,0.06066829757323654,1.3444106938820255e-17,8.673617379884035e-18,0,0
1812,0.3206689718949281,0.3310852245412686,0.033951844216813486,0.0607805511776771,-3.0357660829594124e-17,1.734723475976807e-18,0,0
1813,0.3396551280799284,0.3372666276521358,0.03506507030396426,0.060960964641212166,6.5052130349130266e-18,2.42861286636753e-17,0,0
1814,0.3586424595162347,0.3434479476032569,0.03616868916510078,0.061202749670475405,-1.2576745200831851e-17,-8.673617379884035e-18,0,0
1815,0.3776333618387424,0.3496278505539807,0.03726654771264875,0.061499913732044456,4.2500725161431774e-17,-2.6020852139652106e-17,0,0
1816,0.1455245348008775,0.2557535479320256,0.02293028432568173,0.0613855189705004,2.5153490401663703e-17,1.3877787807814457e-17,0,0
1817,0.1646175052908779,0.2620241131064394,0.024576757490881212,0.06051051821909504,4.336808689942018e-19,-3.729655473350135e-17,0,0
1818,0.1264512895203164,0.2495889781957308,0.02107886336931234,0.0624083275336654,-1.9081958235744878e-17,3.729655473350135e-17,0,0
1819,0.1836187327124911,0.268255414899543,0.026060943275888395,0.059784185571670694,2.2551405187698492e-17,-6.938893903907228e-18,0,0
1820,0.2026129201196612,0.2744641377357789,0.027426669342789742,0.05919822716583752,-1.9949319973733282e-17,5.204170427930421e-18,0,0
1821,0.3966257271720662,0.355806852527224,0.038361304583681255,0.061847454336152616,-2.6020852139652106e-18,-3.469446951953614e-18,0,0
1822,0.0147771658445296,0.1903696875309603,0.004027368866352006,0.0693468537126332,1.1275702593849246e-17,3.382710778154774e-17,0,0
1823,0.03097140509542898,0.1988511899941753,0.007823168896742127,0.06830698934330272,6.938893903907228e-18,-7.025630077706069e-17,0,0
1824,0.04760889186633389,0.2057156862596279,0.01126785629425011,0.06715107945391907,-2.3418766925686896e-17,-4.2500725161431774e-17,0,0
1825,0.06587476802305794,0.211545409888081,0.01460753670546581,0.0656518833175136,3.165870343657673e-17,1.196959198423997e-16,0,0
1826,0.08475904094488863,0.2177014649927133,0.01752875637001496,0.06404151239158713,9.974659986866641e-18,8.760353553682876e-17,0,0
1827,0.1035665655585125,0.2238248491404043,0.020002988498006392,0.06250524693817422,-9.540979117872439e-18,9.80118763926896e-17,0,0
1828,0.7048115242305975,0.474248008954011,0.05641178387293628,0.07452298059056264,-2.0816681711721685e-17,1.734723475976807e-17,0,0
1829,0.8610855656535346,0.5431854024365073,0.0660918650224589,0.08393923380955397,8.673617379884035e-18,5.377642775528102e-17,0,0
1830,0.8801007754381739,0.5493734367618301,0.06729992526199816,0.08480211577642306,2.1250362580715887e-17,1.0408340855860843e-17,0,0
1831,0.899116905847747,0.5555610770270902,0.068511460641477,0.08567308503567334,2.688821387764051e-17,2.0816681711721685e-17,0,0
1832,0.9181334768747732,0.5617484103053707,0.06972632499189951,0.08655208945168776,1.3877787807814457e-17,5.377642775528102e-17,0,0
1833,0.9366760060264072,0.5672919644134327,0.07091508007023764,0.08734415742773881,-3.469446951953614e-17,3.469446951953614e-17,0,0
1834,0.952911690584658,0.5712959890613705,0.07195953057474214,0.08791715460398622,5.160802341031001e-17,-1.3877787807814457e-17,0,0
1835,0.9827952783576085,0.5900524514485594,0.0738836796349914,0.09066661094970638,3.209238430557093e-17,1.1275702593849246e-17,0,0
1836,0.9660494447646778,0.5800345770157201,0.07280325604539978,0.08919646864685073,-3.165870343657673e-17,-5.724587470723463e-17,0,0
1837,1.0,0.5999999999989468,0.07500000000000001,0.09212988975167005,0.014997639586362285,2.688821387764051e-17,2,0
1838,0.4156190854873515,0.3619859225104926,0.03945509106911235,0.0622408996358718,-3.642919299551295e-17,-6.071532165918825e-17,0,0
1839,0.4346133578772289,0.3681655419626624,0.0405495545298731,0.06267614827943148,-4.7704895589362195e-18,-8.153200337090993e-17,0,0
1840,0.4536085024384496,0.3743463475842047,0.041645949132118006,0.06314958992658623,6.591949208711867e-17,-1.734723475976807e-17,0,0
1841,0.4725910848533211,0.3805050754241629,0.04274481301175933,0.06365471705468492,1.3010426069826053e-17,-5.204170427930421e-18,0,0
1842,0.4915902830881264,0.3866625797913489,0.043848246735884736,0.06419104171697186,-8.239936510889834e-18,7.28583859910259e-17,0,0
1843,0.5105956264549205,0.3928319983903403,0.04495586768131126,0.06475813766372342,-2.1250362580715887e-17,-2.0816681711721685e-17,0,0
1844,0.5295979143579728,0.3990146995091328,0.04606745576727716,0.06535401920798821,1.2576745200831851e-17,4.85722573273506e-17,0,0
1845,0.5486005077130179,0.4051976122112781,0.0471836791582883,0.06597456168087049,-1.734723475976807e-18,4.5102810375396984e-17,0,0
1846,0.567604092885907,0.4113815508741184,0.048304698909584214,0.06661797883231584,0.0,-3.2959746043559335e-17,0,0
1847,0.5866113457644736,0.4175689887070113,0.049430721557110056,0.06728291572108873,-5.204170427930421e-18,-5.551115123125783e-17,0,0
1848,0.6056218966061446,0.4237590426856109,0.05056174481213572,0.06796773872333468,3.3393426912553537e-17,-4.163336342344337e-17,0,0
1849,0.6246307251565739,0.4299465315181413,0.051697477486212035,0.06867037399041732,-4.683753385137379e-17,3.9898639947466563e-17,0,0
1850,0.2216053138707897,0.2806560414925601,0.02870278578430794,0.058744717636018344,6.071532165918825e-18,-2.7755575615628914e-17,0,0
1851,0.1223407617084326,0.2300439457413644,0.022104153354443306,0.06108404489199791,-2.6020852139652106e-18,-2.949029909160572e-17,0,0
1852,0.6436346598496075,0.436126474776345,0.052837696561498046,0.06938888289696879,6.765421556309548e-17,-8.673617379884035e-18,0,0
1853,0.0,0.180000000000207,0.0,0.07020629052573577,-0.019296009968588594,-4.336808689942018e-19,1,0
1854,0.6626442798854107,0.4423119306191826,0.053982868887153986,0.07012399730664726,-5.637851296924623e-17,-5.551115123125783e-17,0,0
1855,0.6816549162815826,0.4485011192585315,0.05513263170601542,0.0708745169139483,5.594483210025203e-17,9.71445146547012e-17,0,0
1856,0.7006634028778049,0.4546921212198758,0.05628671005683275,0.07163929415692724,-6.288372600415926e-17,2.7755575615628914e-17,0,0
1857,0.7238217893270968,0.4804338783174334,0.05758219342402964,0.0753023911376873,-1.6479873021779667e-17,-6.657001339060997e-17,0,0
1858,0.7428262603023621,0.4866127905453027,0.05875598319060197,0.07609298670427142,6.201636426617085e-17,-2.6020852139652106e-17,0,0
1859,0.7618304849096318,0.4927813437151772,0.05993347427246264,0.07689356979530718,-1.5612511283791264e-17,-2.7755575615628914e-17,0,0
1860,0.7808606625152047,0.4989240178201493,0.061116364007492756,0.07770112187972944,-8.673617379884035e-19,-6.591949208711867e-17,0,0
1861,0.799883391079146,0.5050777298754789,0.06230230807335903,0.07852080254837615,-1.0408340855860843e-17,-2.0816681711721685e-17,0,0
1862,0.8189068671078458,0.5112512927207303,0.06349180228020003,0.07935340469421502,2.3852447794681098e-17,-3.8163916471489756e-17,0,0
1863,0.8379211200638547,0.5174375469517629,0.06468425990381116,0.0801974542479504,-1.2576745200831851e-17,7.806255641895632e-17,0,0
1864,0.8569359663526294,0.52362400883154,0.06588037245824137,0.08105063692863183,1.0408340855860843e-17,-9.367506770274758e-17,0,0
1865,0.2405796647168835,0.2868357668257201,0.029910003416870744,0.05841546837537142,-2.7321894746634712e-17,-3.642919299551295e-17,0,0
1866,0.2595667225384889,0.2930176432534229,0.031067779514036817,0.05819966848434059,1.734723475976807e-18,2.0816681711721685e-17,0,0
1867,0.2785513826791857,0.2991967923773123,0.03218886724511621,0.05808708869721432,4.640385298237959e-17,6.071532165918825e-17,0,0
1868,0.2975363995910078,0.3053748224067626,0.03328400823468463,0.058067750664218744,-3.946495907847236e-17,2.2551405187698492e-17,0,0
1869,0.3165224399421173,0.3115534015142215,0.034361377094508955,0.058132532640715724,1.6046192152785466e-17,3.122502256758253e-17,0,0
1870,0.335510059203176,0.3177324332565142,0.03542728800314929,0.05827294738728124,-4.336808689942018e-18,2.7755575615628914e-17,0,0
1871,0.3544984182207521,0.3239127871284467,0.03648646830370554,0.05848151737574215,-3.0791341698588326e-17,-2.0816681711721685e-17,0,0
1872,0.3734883018912608,0.3300934853171427,0.03754264988545824,0.058751225899730766,-6.938893903907228e-18,2.42861286636753e-17,0,0
1873,0.3924805493531485,0.3362698958626013,0.03859877202656293,0.059075264873155196,1.734723475976807e-17,2.949029909160572e-17,0,0
1874,0.1412612360344487,0.2362402410294277,0.02393422372847332,0.059804843501928086,9.540979117872439e-18,-6.158268339717665e-17,0,0
1875,0.1604564034573726,0.24251246839236,0.02555925382343459,0.0586886741225635,-9.540979117872439e-18,1.214306433183765e-17,0,0
1876,0.1795317889568817,0.248754967102627,0.026996957298945624,0.05776478611685842,3.382710778154774e-17,3.122502256758253e-17,0,0
1877,0.1985055065492293,0.2549513452144017,0.02829775865744727,0.0570199764860416,-2.3418766925686896e-17,-1.0408340855860843e-17,0,0
1878,0.2174769160822201,0.2611292772829417,0.02950383838759957,0.056435743328321644,2.2551405187698492e-17,2.2551405187698492e-17,0,0
1879,0.4114729028430451,0.3424502893470325,0.03965649590753309,0.05944953604735249,-5.204170427930421e-18,8.673617379884035e-18,0,0
1880,0.01217181918403954,0.170356221165906,0.0037977497945971763,0.07050092158516985,-8.673617379884035e-18,-1.2750217548429532e-16,0,0
1881,0.0289299177256661,0.1812324038368848,0.008252584985657705,0.06893204922532042,6.071532165918825e-18,2.3418766925686896e-17,0,0
1882,0.04490655149633594,0.1867837908463986,0.012057655733090221,0.06752442005209579,1.8214596497756474e-17,1.3877787807814457e-17,0,0
1883,0.06179615481761566,0.1920791509409722,0.015493885125695606,0.06568143256324499,-2.3418766925686896e-17,-1.1275702593849246e-16,0,0
1884,0.0807205235493618,0.1982193830434972,0.018644820432707113,0.06360669672253762,1.9081958235744878e-17,-2.168404344971009e-17,0,0
1885,0.09958212293656396,0.2043489386827004,0.02124850638343487,0.06165988148025651,3.903127820947816e-18,-3.469446951953614e-17,0,0
1886,0.1184164967744305,0.2105299735787032,0.02339801137266655,0.05985493949708151,4.0766001685454967e-17,4.597017211338539e-17,0,0
1887,0.7196735022564253,0.460877659186803,0.05744529965885724,0.07241639629386518,2.0816681711721685e-17,4.2500725161431774e-17,0,0
1888,0.8759509613597151,0.5298115492852905,0.06708015356298,0.08191268552123503,7.632783294297951e-17,-2.970713952610282e-17,0,0
1889,0.8949668963592214,0.5359991078516861,0.06828367594503293,0.08278310031079411,-4.85722573273506e-17,-2.949029909160572e-17,0,0
1890,0.9139832220116917,0.5421861838309704,0.06949098417733979,0.08366144404620936,-6.375108774214766e-17,1.9081958235744878e-17,0,0
1891,0.933528395440731,0.5482612784051308,0.07073584790996461,0.08453053948658673,5.984795992119984e-17,-1.734723475976807e-18,0,0
1892,0.9521579087214388,0.5532861884508056,0.0719268441570682,0.08525256595494823,-1.9081958235744878e-17,-2.0816681711721685e-17,0,0
1893,0.9683166474380638,0.5602124250419792,0.07296100317181542,0.08626434307155692,2.42861286636753e-17,0.0,0,0
1894,0.983374140616027,0.570315400551611,0.07392715732234635,0.08775154775834768,-5.811323644522304e-17,-3.5561831257524545e-17,0,0
1895,1.0,0.5799999999988942,0.07500000000000001,0.08918007216694553,0.014989416960037756,6.938893903907228e-18,2,0
1896,0.4304678918220482,0.3486254861162248,0.040717719796013054,0.05986778930089857,2.0816681711721685e-17,1.3877787807814457e-17,0,0
1897,0.4494633552152012,0.3548052918098437,0.041783170463109545,0.06032732153102675,-1.474514954580286e-17,-6.938893903907228e-18,0,0
1898,0.4684570260588402,0.3609836592124722,0.042853620964756096,0.060823520509784894,-1.691355389077387e-17,2.2551405187698492e-17,0,0
1899,0.4874416949330538,0.3671431655670807,0.04392944582722859,0.06135057787943926,-2.992397996059992e-17,2.0816681711721685e-17,0,0
1900,0.5064411679115203,0.3733044715635739,0.04501204099479658,0.061908166211848845,5.377642775528102e-17,-1.9081958235744878e-17,0,0
1901,0.5254503771039046,0.3794680521888607,0.046101286631668646,0.062493900612848916,-5.117434254131581e-17,-3.8163916471489756e-17,0,0
1902,0.5444535400592285,0.3856504969481014,0.0471960450442196,0.06310825107100648,3.209238430557093e-17,-7.45931094670027e-17,0,0
1903,0.5634575411712459,0.3918325787860475,0.04829704810593221,0.06374612739532722,3.426078865054194e-17,5.204170427930421e-17,0,0
1904,0.5824640686158389,0.3980179578439074,0.04940429254908986,0.06440623961434226,-3.426078865054194e-17,8.673617379884035e-18,0,0
1905,0.6014726534692288,0.4042061000000254,0.05051765763459085,0.06508688057474812,6.5052130349130266e-18,5.204170427930421e-17,0,0
1906,0.620482356998529,0.4103936900369925,0.051636984339351766,0.06578611029700328,-4.8138576458356397e-17,-3.469446951953614e-18,0,0
1907,0.6394898173298802,0.4165790226114238,0.052761916736966286,0.06650240910730397,2.7755575615628914e-17,-1.9081958235744878e-17,0,0
1908,0.2364501633774534,0.2673089289034585,0.030640679507002968,0.05599956351937,-2.2551405187698492e-17,6.938893903907228e-18,0,0
1909,0.1372303100896293,0.2166829048341092,0.025198740976371013,0.05826141524889272,1.9949319973733282e-17,5.377642775528102e-17,0,0
1910,0.6584973840572957,0.4227631291872742,0.05389241325851933,0.06723473896034146,8.673617379884035e-18,3.9898639947466563e-17,0,0
1911,0.0,0.1600000000001506,0.0,0.07179985235533297,-0.02047130803226835,1.8648277366750676e-17,1,0
1912,0.677506170240581,0.4289503088426085,0.05502833800818251,0.06798268611556417,-3.469446951953614e-17,-1.214306433183765e-17,0,0
1913,0.6965152452221723,0.4351362797938418,0.056169498190966886,0.0687446860419093,2.0816681711721685e-17,-1.5612511283791264e-17,0,0
1914,0.7155251926130441,0.441321689848531,0.05731575622406945,0.06951999234776533,-3.426078865054194e-17,-4.5102810375396984e-17,0,0
1915,0.7386841652451015,0.467063072574799,0.05860819471077407,0.07320591033933496,1.474514954580286e-17,-6.071532165918825e-17,0,0
1916,0.7576937670835286,0.4732480066737019,0.0597751979500562,0.07400712532721117,-4.423544863740858e-17,4.163336342344337e-17,0,0
1917,0.7767059213950007,0.4793995134458104,0.06094662500922753,0.0748145117828608,6.071532165918825e-18,5.204170427930421e-18,0,0
1918,0.7957427026579968,0.4855190731218914,0.06212376039840145,0.07562764621299896,-1.5612511283791264e-17,3.9898639947466563e-17,0,0
1919,0.8147564077555717,0.4916946939348622,0.06330313046311838,0.07645942460006305,6.808789643208968e-17,1.5612511283791264e-17,0,0
1920,0.8337712088260042,0.4978781470319392,0.06448647226428622,0.07730206565457623,-5.2475385148298415e-17,-9.367506770274758e-17,0,0
1921,0.8527858414745598,0.5040640749997348,0.06567370571592902,0.07815436657136146,1.1579279202145187e-16,-5.0306980803327406e-17,0,0
1922,0.8718011425976355,0.5102506576134029,0.06686488611510971,0.07901567970772234,-1.0018028073766061e-16,3.2959746043559335e-17,0,0
1923,0.255430279174623,0.2734874944108995,0.03172877199524202,0.055696314030757546,-2.8189256484623115e-17,1.9081958235744878e-17,0,0
1924,0.2744108638034137,0.2796669299245585,0.03278284017917105,0.05551250232335084,2.2551405187698492e-17,-4.85722573273506e-17,0,0
1925,0.2933941076751723,0.285845004544392,0.033814624349529296,0.05543477604806676,0.0,3.469446951953614e-18,0,0
1926,0.3123792470588206,0.2920227916789739,0.03483262909948039,0.055451621311701574,-3.642919299551295e-17,-2.949029909160572e-17,0,0
1927,0.3313659456081883,0.2982007137752579,0.03584326618012839,0.0555526710916343,-1.5178830414797062e-17,-6.938893903907228e-18,0,0
1928,0.3503549397575416,0.3043796910412287,0.03685130712047875,0.055728814454553466,2.42861286636753e-17,5.204170427930421e-18,0,0
1929,0.3693449129284951,0.3105607147390099,0.037860149477169584,0.055972103572336486,-3.382710778154774e-17,1.734723475976807e-17,0,0
1930,0.388335098184316,0.3167418119262941,0.038872345485560914,0.05627513523753021,4.683753385137379e-17,3.469446951953614e-18,0,0
1931,0.4073251102680543,0.3229210114897996,0.039889739607941524,0.05663132033576151,-1.734723475976807e-18,-1.3877787807814457e-17,0,0
1932,0.1562018137774967,0.2229370631881267,0.026744634530461216,0.056895801228975876,-3.3393426912553537e-17,-1.3877787807814457e-17,0,0
1933,0.1752857722514367,0.2291869468328109,0.028106565122855955,0.05574920165744838,6.938893903907228e-18,-3.642919299551295e-17,0,0
1934,0.194368744072739,0.2354275535885765,0.02932696859122318,0.05482288081275495,-1.7780915628762273e-17,-1.9081958235744878e-17,0,0
1935,0.2133438119176101,0.241605789763691,0.030443020630262083,0.05409650929830125,3.252606517456513e-17,1.5612511283791264e-17,0,0
1936,0.2323170560252929,0.2477838997364889,0.03149051081608759,0.053546402911172505,2.6020852139652106e-18,-3.469446951953614e-17,0,0
1937,0.4263208773688397,0.3290906801974278,0.0409141036751706,0.05703385968709171,1.3010426069826053e-17,1.734723475976807e-18,0,0
1938,0.0173205080757259,0.1500000000001291,0.006458875428608494,0.07199834277856511,-1.734723475976807e-17,8.608565249534905e-17,0,0
1939,0.0273474445647005,0.1656426823558722,0.008850344153323704,0.06990219493400666,-1.734723475976807e-17,-1.1167282376600696e-16,0,0
1940,0.04211905851323988,0.169826796775517,0.012866228512563608,0.0683246874714356,-7.806255641895632e-18,-7.28583859910259e-17,0,0
1941,0.05870977388853554,0.1740658830035197,0.01670115563388762,0.06598393896733777,-1.214306433183765e-17,7.719519468096792e-17,0,0
1942,0.07664528621794205,0.1787830457075928,0.020060091455192552,0.06344603715880665,-4.336808689942018e-18,5.2909066017292616e-17,0,0
1943,0.09559455185280774,0.184958830453453,0.0228049421561795,0.06100845209495252,1.474514954580286e-17,2.949029909160572e-17,0,0
1944,0.1144946438024873,0.1911121710273112,0.024991962285138856,0.05873631798953018,4.336808689942018e-19,-9.540979117872439e-18,0,0
1945,0.1332845765509575,0.1971670320463302,0.026752585853837486,0.056755728150157655,-8.673617379884035e-18,-2.5153490401663703e-17,0,0
1946,0.734535136371739,0.4475071392726364,0.058466895870199334,0.0703079441756767,9.540979117872439e-18,7.914675859144182e-17,0,0
1947,0.8908167376735553,0.5164375498655501,0.06806004505732267,0.07988555228579511,5.984795992119984e-17,5.421010862427522e-18,0,0
1948,0.9098330441664444,0.522624401684838,0.06925917542920361,0.0807636380307662,-7.762887554996212e-17,-7.28583859910259e-17,0,0
1949,0.929466177484986,0.5286807294178953,0.07050203803172493,0.08162909925163332,5.4643789493269423e-17,-1.0408340855860843e-17,0,0
1950,0.9510364894270504,0.5343259651509595,0.0718729355254124,0.08244008294213934,4.141652298894627e-17,3.9898639947466563e-17,0,0
1951,0.9688454991766426,0.5401813833691864,0.07300656359741939,0.08329416522985071,-1.5612511283791264e-17,-1.734723475976807e-18,0,0
1952,0.9841079303344316,0.5497226454024854,0.0739803075137045,0.08470191422144374,-4.7704895589362195e-17,7.632783294297951e-17,0,0
1953,1.0,0.5599999999988415,0.07500000000000001,0.08622238628519895,0.014981017967914883,3.469446951953614e-18,2,0
1954,0.4453173817437671,0.3352638370206399,0.0419456239499281,0.05748006612600311,-9.540979117872439e-18,1.0408340855860843e-17,0,0
1955,0.464314578015645,0.3414442151608168,0.0429847659249409,0.057966296564193505,-5.204170427930421e-18,1.3877787807814457e-17,0,0
1956,0.4833104785219851,0.3476238652380699,0.04403187313850998,0.058487684231496744,-3.209238430557093e-17,-2.949029909160572e-17,0,0
1957,0.5022938533437655,0.3537804598909593,0.04508674211410098,0.05903780525408703,2.8189256484623115e-17,6.938893903907228e-18,0,0
1958,0.5212943703607149,0.3599422092245179,0.04615064182957494,0.05961748858485138,8.239936510889834e-18,3.8163916471489756e-17,0,0
1959,0.540304117066046,0.3661097025449727,0.04722299279900098,0.060224500384204196,3.5128150388530344e-17,2.2551405187698492e-17,0,0
1960,0.5593108527829427,0.3722842130570233,0.04830286130937818,0.06085701516002305,-4.9439619065339e-17,-3.469446951953614e-17,0,0
1961,0.5783154346904912,0.3784661685777793,0.04939010117098242,0.06151312108486214,-8.673617379884035e-19,1.5612511283791264e-17,0,0
1962,0.5973233437136873,0.3846523601184629,0.05048485963463982,0.0621904967537584,8.673617379884035e-18,-1.0408340855860843e-17,0,0
1963,0.6163327523780916,0.3908393289364576,0.051586807165564096,0.06288709556359774,1.691355389077387e-17,-1.214306433183765e-17,0,0
1964,0.6353413667859266,0.3970251619505092,0.052695544693658475,0.06360127963993786,2.168404344971009e-17,-5.0306980803327406e-17,0,0
1965,0.6543496000158995,0.4032106188571103,0.05381081116701901,0.06433193154211998,-3.903127820947816e-18,0.0,0,0
1966,0.2512917503949116,0.2539610936721406,0.03249242650537752,0.0531520706341807,-3.642919299551295e-17,-5.204170427930421e-18,0,0
1967,0.1521076096786917,0.2033777931710026,0.02819621130419775,0.05509181104466871,-6.938893903907228e-18,3.469446951953614e-17,0,0
1968,0.6733580126407215,0.4093958666594342,0.05493236736633821,0.06507797600946749,-3.8163916471489756e-17,4.5102810375396984e-17,0,0
1969,0.0,0.1400000000001077,0.0,0.07416179580267263,-0.021857357277321098,1.0885389811754465e-16,1,0
1970,0.6923671265076929,0.4155807649233844,0.05605999042837519,0.06583841108319856,-9.107298248878237e-18,1.734723475976807e-18,0,0
1971,0.7113769316944861,0.4217658231344487,0.05719342858547166,0.06661244303609763,1.9949319973733282e-17,6.071532165918825e-17,0,0
1972,0.7303856832191309,0.4279516153780739,0.05833233708346858,0.06739939090609313,-6.5052130349130266e-18,-1.9081958235744878e-17,0,0
1973,0.7535468947575278,0.4536726603148975,0.059622991856593595,0.071104853877246,-3.5561831257524545e-17,1.3010426069826053e-17,0,0
1974,0.7725645864870955,0.4598288301451719,0.06078409236751675,0.07191168403450036,3.209238430557093e-17,5.898059818321144e-17,0,0
1975,0.7915847732148471,0.4659836523511839,0.06194980156187745,0.07272910555696996,2.168404344971009e-18,-6.418476861114186e-17,0,0
1976,0.810607929671288,0.4721334157416897,0.06312006963998106,0.07355606188842305,-2.5153490401663703e-17,4.336808689942018e-17,0,0
1977,0.8296212478372422,0.4783183652608148,0.0642938584214927,0.07439818663352342,-6.505213034913027e-17,1.0581813203458523e-16,0,0
1978,0.8486359083111472,0.48450379942989,0.06547195816530475,0.07524980823412727,8.456776945386935e-17,4.683753385137379e-17,0,0
1979,0.8676509093717254,0.4906898394888699,0.06665425222428041,0.07611057945109061,-1.2967057982926633e-16,1.734723475976807e-18,0,0
1980,0.8866666311059831,0.4968760882389717,0.06784072906834075,0.07698010820963426,7.502679033599691e-17,3.8163916471489756e-17,0,0
1981,0.2702705320307997,0.2601392869868352,0.03346540665003729,0.05289511340954822,3.642919299551295e-17,3.122502256758253e-17,0,0
1982,0.2892517837561251,0.2663165493282195,0.03442159949730983,0.052758772049126,-1.9949319973733282e-17,3.122502256758253e-17,0,0
1983,0.3082358901783449,0.27249247444507,0.035369830334934,0.052728349747586646,-1.951563910473908e-17,2.2551405187698492e-17,0,0
1984,0.3272221680711026,0.2786686356381168,0.03631631865198666,0.05279138850005941,4.7271214720367993e-17,1.734723475976807e-18,0,0
1985,0.3462096709354421,0.2848460052060243,0.03726551770125384,0.052936974503175645,-4.7704895589362195e-18,-3.9898639947466563e-17,0,0
1986,0.3652029689818749,0.2910268598036856,0.03822078102297171,0.0531556885237364,6.071532165918825e-18,-6.938893903907228e-18,0,0
1987,0.3841929094362552,0.2972084208992324,0.03918381071676811,0.05343913754974311,3.903127820947816e-17,-3.469446951953614e-17,0,0
1988,0.4031882110043911,0.3033924983082844,0.04015649797605087,0.05378008552171969,4.336808689942018e-19,-1.214306433183765e-17,0,0
1989,0.4221760039083915,0.3095557138268672,0.04113953314562607,0.05416909283606239,1.3877787807814457e-17,6.938893903907228e-18,0,0
1990,0.1711800881560916,0.2096381714148838,0.029445002771471527,0.05369968803424497,1.6479873021779667e-17,-1.734723475976807e-18,0,0
1991,0.1901933271711839,0.2158719943721362,0.030541192375345368,0.05258378724792656,3.729655473350135e-17,6.418476861114186e-17,0,0
1992,0.2092059536319803,0.2220841375733358,0.031539993355882985,0.05170578885422608,-2.3418766925686896e-17,-1.734723475976807e-18,0,0
1993,0.2281786564287263,0.2282621150326988,0.0324740608553891,0.051036949774789044,8.239936510889834e-18,1.214306433183765e-17,0,0
1994,0.247152743887816,0.2344384111104987,0.03336965286671411,0.0505496813882288,-4.597017211338539e-17,-5.204170427930421e-18,0,0
1995,0.4411705291242483,0.3157229551661276,0.04213354727618382,0.05460413603467643,-5.334274688628682e-17,1.3877787807814457e-17,0,0
1996,0.01837468896030796,0.1293913683825914,0.008423247561085378,0.07441342889982715,1.446325698095663e-16,4.180683577104105e-16,0,0
1997,0.03898439399735035,0.1525154470633039,0.013609145224432953,0.06967629954035232,1.5612511283791264e-17,4.466912950640278e-17,0,0
1998,0.05668225079120628,0.1569346538451153,0.01828386277445632,0.06649286483178586,-1.3444106938820255e-17,-1.8214596497756474e-17,0,0
1999,0.07303145197469148,0.1608720515844664,0.02175167160501723,0.06351434556690376,-6.505213034913027e-17,-1.205632815803881e-16,0,0
2000,0.09153831743487979,0.165544827066502,0.02475810109710435,0.060565998629567866,4.336808689942018e-17,2.0816681711721685e-17,0,0
2001,0.1104398787076858,0.1716868095040018,0.026958220042999363,0.05772129913070833,-1.0408340855860843e-17,1.5612511283791264e-17,0,0
2002,0.129294237029946,0.177782811281592,0.02863464138831152,0.055278410258386375,3.9898639947466563e-17,4.5102810375396984e-17,0,0
2003,0.1481816292631355,0.1839084757499407,0.0299577247109399,0.05324402177933088,-1.2576745200831851e-17,-3.122502256758253e-17,0,0
2004,0.7494039360680709,0.4341044910268806,0.05947737266685779,0.06819342378554442,2.168404344971009e-17,-2.992397996059992e-17,0,0
2005,0.9056827691536468,0.5030625708289166,0.06903145350914915,0.07785792386210001,1.474514954580286e-17,4.9873299934333204e-17,0,0
2006,0.9246993405827104,0.5092496378148069,0.07022616029904487,0.07874406587954781,-3.122502256758253e-17,-4.85722573273506e-17,0,0
2007,0.9437165732812873,0.5154369096206673,0.07142542087044595,0.07963778662258865,-1.474514954580286e-17,-1.5612511283791264e-17,0,0
2008,0.9644910436738778,0.518255017877456,0.07274361831120767,0.08003646504603361,-1.9081958235744878e-17,1.214306433183765e-17,0,0
2009,0.9838118303454974,0.5282629753005086,0.07396842962404632,0.08151501467058843,-4.597017211338539e-17,-6.158268339717665e-17,0,0
2010,1.0,0.5399999999987888,0.07500000000000001,0.08325673181119125,0.01497121397161743,2.6020852139652106e-18,2,0
2011,0.4601682942555485,0.3219016231149213,0.043138369994771886,0.05508178310873115,2.862293735361732e-17,6.938893903907228e-18,0,0
2012,0.4791667983662407,0.3280823275122789,0.04415406293554269,0.055596581484650395,-8.673617379884035e-19,-1.0408340855860843e-17,0,0
2013,0.4981608622007727,0.3342580378786292,0.045180282330927794,0.05614398726653582,2.0383000842727483e-17,-1.734723475976807e-17,0,0
2014,0.5171480804929471,0.3404199163426316,0.04621671442656681,0.056719573629589334,-6.071532165918825e-18,-1.214306433183765e-17,0,0
2015,0.5361482420313294,0.3465907039694139,0.04726381174334357,0.057323710938854924,-3.599551212651875e-17,3.2959746043559335e-17,0,0
2016,0.5551637287263804,0.3527436555523275,0.04832175702983347,0.05794992154839471,1.3444106938820255e-17,7.45931094670027e-17,0,0
2017,0.574168846704509,0.3589157593772551,0.049388049382640596,0.05860221733664206,-4.8138576458356397e-17,3.469446951953614e-18,0,0
2018,0.5931741415908728,0.365099287758919,0.05046306344836522,0.0592773623512367,4.5102810375396984e-17,-1.5612511283791264e-17,0,0
2019,0.6121841888716589,0.3712873323413105,0.051546766102732955,0.05997260249577002,-3.5128150388530344e-17,3.469446951953614e-18,0,0
2020,0.6311926044295199,0.3774713291714456,0.05263845874332568,0.06068527356347851,1.5612511283791264e-17,7.632783294297951e-17,0,0
2021,0.6502011326005392,0.3836562126937997,0.05373779378236875,0.06141482041927806,-3.903127820947816e-17,3.469446951953614e-17,0,0
2022,0.6692098305731393,0.3898408631800766,0.05484440562979384,0.06215993435814083,-1.0842021724855044e-17,5.204170427930421e-18,0,0
2023,0.2661295009423914,0.2406148783900653,0.03424435458766874,0.05021999193556625,2.6020852139652106e-17,-2.7755575615628914e-17,0,0
2024,0.1670897169700006,0.1901300118503625,0.03103681924779717,0.05159354266329326,4.85722573273506e-17,2.949029909160572e-17,0,0
2025,0.6882187369510296,0.3960254147900993,0.05595793560879458,0.0629196257682281,6.375108774214766e-17,-2.2551405187698492e-17,0,0
2026,0.0,0.1200000000000429,0.0,0.07756142308046864,-0.022824287490702085,1.8257964584655895e-16,1,0
2027,0.03877497653601179,0.1324986600189494,0.01632848789672727,0.07124976115217355,1.0061396160665481e-16,-2.4936649967166602e-17,0,0
2028,0.7072285144744531,0.4022099554266713,0.057078088761262295,0.06369300306089508,-5.204170427930421e-17,-7.112366251504909e-17,0,0
2029,0.7262388900813337,0.4083951899584043,0.058204535109830646,0.06447937294333206,3.469446951953614e-17,-3.469446951953614e-18,0,0
2030,0.7452498061331039,0.4145811025732571,0.05933698025011175,0.06527802880378786,-1.474514954580286e-17,2.42861286636753e-17,0,0
2031,0.768417711907576,0.4402631838442773,0.06062719273314931,0.06899984440765582,-2.42861286636753e-17,-1.6479873021779667e-17,0,0
2032,0.7874384505640927,0.4464059642411605,0.06178245796763334,0.06981474850202775,6.678685382510707e-17,-5.204170427930421e-17,0,0
2033,0.806457280631682,0.4525723610862811,0.06294227701769117,0.0706436423195804,-9.84455572616838e-17,-1.0408340855860843e-17,0,0
2034,0.8254714275251775,0.4587583503192843,0.06410639013188361,0.07148545366636408,8.543513119185775e-17,-2.6020852139652106e-17,0,0
2035,0.8444856660743152,0.464944120106831,0.06527508418968815,0.07233677146984173,2.8189256484623115e-17,-7.112366251504909e-17,0,0
2036,0.8635006509553314,0.471129534248952,0.06644831205704274,0.07319720044548313,-1.734723475976807e-18,3.8163916471489756e-17,0,0
2037,0.8825159388814517,0.477315768392515,0.06762597077804092,0.07406658943937994,-3.5561831257524545e-17,-4.683753385137379e-17,0,0
2038,0.9015321368500188,0.4835011205362074,0.0688080434602351,0.07494442978590811,3.469446951953614e-18,2.6020852139652106e-17,0,0
2039,0.2851089254643543,0.2467915208433973,0.03511052884824689,0.050026838096224845,-2.6020852139652106e-18,1.0408340855860843e-17,0,0
2040,0.3040920636182762,0.2529655791515436,0.03597689302248893,0.04995168455867006,3.426078865054194e-17,-3.122502256758253e-17,0,0
2041,0.3230778376861151,0.2591369439525191,0.03684924182207469,0.04997919414381383,-2.949029909160572e-17,-2.42861286636753e-17,0,0
2042,0.3420665087332022,0.2653133081155338,0.03773121107734757,0.05009738998698925,-4.336808689942018e-19,4.683753385137379e-17,0,0
2043,0.3610570812583119,0.2714929189762448,0.03862543021215874,0.05029477638407251,1.3877787807814457e-17,1.214306433183765e-17,0,0
2044,0.3800502833153294,0.2776731904072265,0.039533567020938715,0.050561365613437353,-2.3418766925686896e-17,2.7755575615628914e-17,0,0
2045,0.3990390795126311,0.2838533841680645,0.04045604621242343,0.05088908403905914,-6.938893903907228e-18,2.949029909160572e-17,0,0
2046,0.4180281440340993,0.2900204332977543,0.04139381714810661,0.05126865631956032,-1.3444106938820255e-17,-1.734723475976807e-18,0,0
2047,0.4370231516507169,0.2961867045018099,0.04234677486139221,0.05169584963913918,-4.9439619065339e-17,1.9081958235744878e-17,0,0
2048,0.1860566011807676,0.1963358430540529,0.031971892613151275,0.05026861179438816,-5.0306980803327406e-17,-3.122502256758253e-17,0,0
2049,0.2050628037340886,0.2025593137691578,0.032815310778712074,0.04923414553063034,1.8214596497756474e-17,1.3877787807814457e-17,0,0
2050,0.2240391253987026,0.2087433755099908,0.03360639174682939,0.048445160043114485,4.9439619065339e-17,2.42861286636753e-17,0,0
2051,0.2430122017091549,0.2149198195910931,0.03437087592268041,0.04786695519752781,-4.0766001685454967e-17,-3.2959746043559335e-17,0,0
2052,0.2619882262440031,0.2210928141865971,0.03512708962299508,0.047467822225406756,2.7755575615628914e-17,-1.734723475976807e-18,0,0
2053,0.4560223859547308,0.3023592002516138,0.04331439564573386,0.052166636182238275,4.466912950640278e-17,3.469446951953614e-18,0,0
2054,0.01474142151757528,0.1130332403287886,0.0082472569143499,0.07770273793147284,-1.4224732503009818e-16,-2.0024672024721024e-15,0,0
2055,0.03474664110960964,0.1128652910115621,0.018466254990397172,0.07399677062188943,4.475586568020162e-16,-1.1867676980026332e-15,0,0
2056,0.05607888756946564,0.1399538646122055,0.02076007847571725,0.06706178740123754,-5.984795992119984e-17,-5.2258544713801314e-17,0,0
2057,0.0708222260809221,0.1450469870484604,0.02381756583822933,0.06365180875096808,3.642919299551295e-17,8.066464163292153e-17,0,0
2058,0.0873084192409245,0.1468001266882807,0.027228407262958186,0.060329551278875806,-1.3010426069826053e-17,-4.683753385137379e-17,0,0
2059,0.1065274746302186,0.1523944097396519,0.02942827983808836,0.05674243862812803,-2.168404344971009e-17,-2.42861286636753e-17,0,0
2060,0.1252694960501943,0.1583688308815835,0.030950812681111634,0.05376075783130683,4.683753385137379e-17,3.469446951953614e-18,0,0
2061,0.1441308724034758,0.1645006759313307,0.03206398733581675,0.0513303964885086,-4.2934406030425976e-17,2.3418766925686896e-17,0,0
2062,0.163032082277721,0.1706634931708864,0.03292814447850002,0.04937387244213415,3.946495907847236e-17,2.42861286636753e-17,0,0
2063,0.7642621777069414,0.4207049319280405,0.06047557126456108,0.06607883564670483,6.938893903907228e-18,-4.141652298894627e-17,0,0
2064,0.9205486985311342,0.4896880956266212,0.06999478004895181,0.07583048919168124,-4.336808689942018e-18,3.5128150388530344e-17,0,0
2065,0.9383962498036138,0.496122259009705,0.07111114844823158,0.07676372088613882,-6.201636426617085e-17,-2.6020852139652106e-17,0,0
2066,0.952987809703399,0.5024803032953766,0.07202677848293758,0.07769539083333854,1.1362438767648086e-16,-1.8214596497756474e-17,0,0
2067,0.9828930211513012,0.5096301877258602,0.07391591182531786,0.0787398349438493,2.862293735361732e-17,1.474514954580286e-17,0,0
2068,1.0,0.5199999999987361,0.07500000000000001,0.08028178612408476,0.014961686406157953,-1.5612511283791264e-17,2,0
2069,0.4750202207076889,0.308536920758714,0.04429598360332542,0.05267654249393469,-9.540979117872439e-18,2.2551405187698492e-17,0,0
2070,0.4940208407082626,0.3147188178445147,0.045291284883566055,0.053221432025490296,2.6020852139652106e-18,1.734723475976807e-18,0,0
2071,0.5130169590416523,0.3208959829232472,0.04629944179775221,0.0537967220851549,-4.2934406030425976e-17,8.673617379884035e-18,0,0
2072,0.5320092044564181,0.3270552245964091,0.04732004276546941,0.05439743895491291,2.862293735361732e-17,-5.204170427930421e-18,0,0
2073,0.5510258269822786,0.3332033793411602,0.048353978292000104,0.05502162069834587,-2.168404344971009e-18,-5.898059818321144e-17,0,0
2074,0.5700231651807828,0.3393670782308385,0.049397630138900694,0.05567187646580735,1.734723475976807e-18,-8.673617379884035e-18,0,0
2075,0.5890270343362873,0.3455475319237331,0.05045195288114036,0.056346023581278916,5.551115123125783e-17,2.6020852139652106e-17,0,0
2076,0.6080350193307729,0.3517323139521643,0.05151640939512291,0.057040479093562996,-6.895525817007808e-17,3.122502256758253e-17,0,0
2077,0.6270437070419838,0.3579173649956755,0.05259028456085532,0.057753161349250695,1.9081958235744878e-17,-4.336808689942018e-17,0,0
2078,0.6460524065130274,0.3641020620626202,0.053673004262304806,0.05848265453550034,3.903127820947816e-18,-8.673617379884035e-18,0,0
2079,0.6650611343938776,0.3702866288792168,0.05476406374317784,0.05922781706748361,1.8648277366750676e-17,-8.673617379884035e-18,0,0
2080,0.6840700516175781,0.3764707224464494,0.055863004358863856,0.059987556750481924,1.431146867680866e-17,1.0408340855860843e-17,0,0
2081,0.2809677901085359,0.2272683711100787,0.035886585251100035,0.04722228010240416,-4.683753385137379e-17,-5.0306980803327406e-17,0,0
2082,0.1819802912635959,0.1768562945414089,0.03364819389574367,0.0478326340974129,8.239936510889834e-18,-1.9081958235744878e-17,0,0
2083,0.7030796489980874,0.3826536094766704,0.05696942353776195,0.06076084030663045,-8.239936510889834e-18,1.9081958235744878e-17,0,0
2084,0.0,0.1,0.0,0.08218672718695683,-0.014172585246172336,3.769770953732099e-16,1,0
2085,0.05788300606156506,0.1224348466859376,0.024955150898387526,0.0670454313996564,9.8879238130678e-17,-1.7780915628762273e-17,0,0
2086,0.7220901474735243,0.3888386529105849,0.058082907573277755,0.06154736354686784,1.734723475976807e-18,-1.734723475976807e-18,0,0
2087,0.7410942967802049,0.3950163781556812,0.05920271338112585,0.06234501381979061,9.540979117872439e-18,-1.5612511283791264e-17,0,0
2088,0.7601162546454382,0.401155424151683,0.06033015199699653,0.06314823641889362,-9.107298248878237e-18,-6.938893903907228e-18,0,0
2089,0.7832940258563301,0.4268317219145734,0.061620772624605545,0.06689097779514552,1.3877787807814457e-17,9.107298248878237e-18,0,0
2090,0.8023071506336723,0.4330124824928419,0.06276978678795543,0.06772185616861588,-6.938893903907228e-18,7.979727989493313e-17,0,0
2091,0.8213212028195856,0.4391983067361025,0.06392392196141919,0.06856350387012206,-4.380176776841438e-17,-1.1796119636642288e-16,0,0
2092,0.8403355697222423,0.445384323036107,0.0650830131323057,0.06941478770768605,1.734723475976807e-17,7.632783294297951e-17,0,0
2093,0.8593502179236872,0.4515705430980834,0.06624693284653557,0.07027534029894843,4.336808689942018e-17,-4.336808689942018e-17,0,0
2094,0.878365609143952,0.4577568967826962,0.06741560758006918,0.07114482213100527,6.5052130349130266e-18,2.7755575615628914e-17,0,0
2095,0.8973804731590319,0.4639433645681207,0.06858887479005363,0.07202296220695176,-2.905661822261152e-17,-5.204170427930421e-18,0,0
2096,0.9162965842988524,0.4701498454129043,0.06976041247327108,0.07291292139334657,2.7755575615628914e-17,1.9081958235744878e-17,0,0
2097,0.9678198258758807,0.4976523234016121,0.0729684980423033,0.07696090930721292,-8.586881206085195e-17,1.734723475976807e-17,0,0
2098,0.2999486145498892,0.233440792757363,0.0366572300350375,0.04710742546304322,5.117434254131581e-17,2.7755575615628914e-17,0,0
2099,0.3189323592250928,0.2396101305326229,0.03744387445733001,0.04710490005297774,-1.6479873021779667e-17,-2.2551405187698492e-17,0,0
2100,0.3379211454438655,0.2457792187523743,0.038249445296469606,0.04719961409101228,-1.9949319973733282e-17,-2.7755575615628914e-17,0,0
2101,0.3569124855987543,0.2519562609654775,0.03907505110928914,0.04738002027146057,6.5052130349130266e-18,-2.7755575615628914e-17,0,0
2102,0.3759008349905818,0.2581355082145532,0.03992137624663037,0.047634451358889184,3.469446951953614e-17,3.469446951953614e-18,0,0
2103,0.3948852721203147,0.2643064120380147,0.04078862363150031,0.047952030191404996,-6.938893903907228e-18,-4.336808689942018e-17,0,0
2104,0.4138780947941727,0.2704734680157099,0.04167689529259312,0.048325225407581635,-6.938893903907228e-18,2.6020852139652106e-17,0,0
2105,0.432873819346411,0.2766451850914716,0.04258491279032253,0.04874894684565794,-8.239936510889834e-18,3.122502256758253e-17,0,0
2106,0.4518719179301115,0.2828113094345747,0.0435120692084472,0.04921597153397562,-2.2551405187698492e-17,-4.336808689942018e-17,0,0
2107,0.2009277178835769,0.183047604311416,0.03429032135667129,0.04664224742780905,-2.47198095326695e-17,-4.85722573273506e-17,0,0
2108,0.2198987279663436,0.1892277489775517,0.034901566675422185,0.045737283677759165,8.673617379884035e-19,1.214306433183765e-17,0,0
2109,0.2388708285103873,0.1953963108547357,0.035506028413263585,0.04507390507926503,3.642919299551295e-17,5.0306980803327406e-17,0,0
2110,0.2578472045000362,0.2015711771465414,0.036119732900557734,0.0446143348638723,-9.974659986866641e-18,1.5612511283791264e-17,0,0
2111,0.2768268061660641,0.2077448722482075,0.03675341393743909,0.044324804514521116,1.8648277366750676e-17,1.214306433183765e-17,0,0
2112,0.4708725715946121,0.2889907198135707,0.04445702397936496,0.049724423740029104,-2.168404344971009e-18,3.469446951953614e-17,0,0
2113,0.01950903225015753,0.09807852803066691,0.013320703732457495,0.08015371986862939,1.5976803213746393e-15,2.1864021010342682e-15,0,0
2114,0.05555153914232636,0.1016784250325749,0.029981956812766355,0.0682985514084218,1.5265566588595902e-16,-1.0148132334464322e-15,0,0
2115,0.07606981845947332,0.1302377430066605,0.028169247465960848,0.062187581053759565,-2.42861286636753e-17,-8.153200337090993e-17,0,0
2116,0.1006767266282129,0.1309158289318551,0.03269235366986938,0.05586616973584077,7.806255641895632e-18,-2.42861286636753e-17,0,0
2117,0.1214618434709066,0.1390230899723007,0.03382998879309039,0.052062726492057974,-3.2959746043559335e-17,-4.85722573273506e-17,0,0
2118,0.1400813133553554,0.1450643718176328,0.03461196358345504,0.049235075848000354,-2.6020852139652106e-17,1.214306433183765e-17,0,0
2119,0.158926476444503,0.1512160726863489,0.035162530160164636,0.046971227891700995,5.811323644522304e-17,-5.204170427930421e-18,0,0
2120,0.1778159182302883,0.1573822291301112,0.035593679312040494,0.04522060058520032,2.2551405187698492e-17,-1.734723475976807e-18,0,0
2121,0.7791366597955174,0.4072854207624038,0.06146351512401242,0.06396110204171963,1.734723475976807e-17,7.589415207398531e-17,0,0
2122,0.934810368295846,0.4764414478084469,0.07091196026790199,0.07382328145836482,-3.0357660829594124e-17,5.637851296924623e-17,0,0
2123,0.9533617237176806,0.4827955644082983,0.07206960457333128,0.07475240346636784,1.4094628242311558e-17,-2.168404344971009e-17,0,0
2124,0.9835245894360183,0.4899383824054073,0.0739621491644641,0.07579754378024048,-4.466912950640278e-17,-1.1275702593849246e-17,0,0
2125,1.0,0.4999999999986943,0.07500000000000001,0.07729849556153855,0.014955401781747407,2.949029909160572e-17,2,0
2126,0.4898740332632057,0.295172662173307,0.04541895887222382,0.050268504331668934,3.686287386450715e-17,1.9081958235744878e-17,0,0
2127,0.50887567671442,0.3013547142966809,0.046396903387071656,0.05084427321621093,-2.5153490401663703e-17,5.204170427930421e-18,0,0
2128,0.5278733635140009,0.307531210095808,0.047389741111567074,0.05144783950301867,2.3418766925686896e-17,-2.42861286636753e-17,0,0
2129,0.5468699559846592,0.3136790818047515,0.04839701013465085,0.05207289771021582,7.806255641895632e-18,3.122502256758253e-17,0,0
2130,0.5658764781620121,0.3198294227265462,0.049417955649192005,0.05272173836525475,-2.3418766925686896e-17,-1.5612511283791264e-17,0,0
2131,0.5848786575151549,0.3259951912167632,0.05045074702750065,0.05339462874396739,-5.204170427930421e-18,-1.0408340855860843e-17,0,0
2132,0.6038862288420815,0.3321790408270931,0.051495182791421595,0.054090020783552996,2.2551405187698492e-17,1.734723475976807e-18,0,0
2133,0.6228948153017538,0.3383633258662552,0.05255050301410892,0.05480369797013146,3.903127820947816e-17,-3.469446951953614e-17,0,0
2134,0.6419036849574418,0.3445478028996972,0.0536159747605084,0.05553426668918165,-1.0408340855860843e-17,0.0,0,0
2135,0.6609125827416197,0.3507322277567543,0.05469094125916962,0.05628049302748004,8.239936510889834e-18,-5.0306980803327406e-17,0,0
2136,0.6799214268984819,0.3569159401753879,0.05577481021672017,0.057041219462806124,-2.168404344971009e-17,-1.0408340855860843e-17,0,0
2137,0.6989302639012003,0.3630998389586886,0.056867029054370924,0.05781565130478006,3.122502256758253e-17,3.469446951953614e-18,0,0
2138,0.2958076964347777,0.2139202851847725,0.03741273197737627,0.04417910937053238,-2.8189256484623115e-17,3.469446951953614e-18,0,0
2139,0.1967438781583239,0.1635051594192511,0.035987955692486036,0.04387320776690071,-8.673617379884035e-18,1.3877787807814457e-17,0,0
2140,0.7179401106653334,0.3692827052729282,0.05796716534049076,0.058602775230814357,-3.0357660829594124e-18,1.3877787807814457e-17,0,0
2141,0.03826834333741969,0.09238795320933009,0.025145051554945563,0.07536834821941465,-8.517492267046123e-16,5.316927453868914e-16,0,0
2142,0.07467739297789157,0.1099661303430575,0.03299376297010213,0.061690963358382936,-3.122502256758253e-17,-2.8449465006019636e-16,0,0
2143,0.7369485075834594,0.3754663435892733,0.059074595727762996,0.05940215441765236,-2.47198095326695e-17,1.9081958235744878e-17,0,0
2144,0.7559607284709715,0.381615944907109,0.06018943705013765,0.06020782015182441,-1.6046192152785466e-17,1.734723475976807e-17,0,0
2145,0.7749938589858902,0.3877287665836066,0.06131231808268321,0.06101870086895043,-4.0332320816460765e-17,1.9081958235744878e-17,0,0
2146,0.7981571170167415,0.4134529773505379,0.06260241311396719,0.064790149125671,-8.500145032286355e-17,-3.664603343001005e-17,0,0
2147,0.8171712001815752,0.4196386168879694,0.06374635070955774,0.06563199943152227,1.0408340855860843e-16,5.724587470723463e-17,0,0
2148,0.8361856999723575,0.4258244303261644,0.06489563056855728,0.0664834988685989,-6.938893903907228e-17,2.42861286636753e-17,0,0
2149,0.8552005039608828,0.4320106428645872,0.06605006917556457,0.06734432619529857,8.803721640582296e-17,-5.0306980803327406e-17,0,0
2150,0.8742158524031415,0.4381976010158842,0.06720953979396892,0.06821420557633086,-7.979727989493313e-17,5.204170427930421e-18,0,0
2151,0.8932315436030951,0.4443842459765588,0.06837390297630472,0.0690926868632584,-4.336808689942018e-18,-3.469446951953614e-18,0,0
2152,0.9122468806499674,0.4505699955868179,0.06954297439204396,0.06997941542658428,7.806255641895632e-17,-6.938893903907228e-17,0,0
2153,0.9312609483071164,0.4567550483512121,0.07071619382311704,0.07087469755263338,-1.0581813203458523e-16,-5.724587470723463e-17,0,0
2154,0.9706829908263812,0.4805751286824073,0.07315890489283093,0.07440312869145972,1.1709383462843448e-17,3.2959746043559335e-17,0,0
2155,0.3147800161537975,0.2200915452011897,0.03810053449006343,0.04415528407462002,0.0,3.8163916471489756e-17,0,0
2156,0.3337609052208746,0.2262434820810137,0.03881955222033777,0.04423235491582065,-1.3010426069826053e-17,4.163336342344337e-17,0,0
2157,0.352747120794775,0.2324012575775364,0.039568672305297606,0.044399680809866705,6.938893903907228e-18,3.469446951953614e-18,0,0
2158,0.371749928973425,0.238586962952747,0.04034709880129034,0.044648344837588935,-4.90059381963448e-17,-1.734723475976807e-17,0,0
2159,0.390731409037408,0.2447503542432403,0.04115362195902956,0.04496133554136916,2.42861286636753e-17,5.377642775528102e-17,0,0
2160,0.4097228427388205,0.2509272489585115,0.04198721004684707,0.04533468089811806,-5.551115123125783e-17,-3.9898639947466563e-17,0,0
2161,0.42871941101276,0.2570881445404427,0.042846932615870796,0.04575662312933304,3.209238430557093e-17,-3.469446951953614e-18,0,0
2162,0.4477193777338291,0.2632615499316437,0.04373034418123551,0.04622578433554879,2.5587171270657905e-17,-5.204170427930421e-18,0,0
2163,0.4667241806233842,0.2694439672133798,0.044636082109002856,0.0467363909386668,6.071532165918825e-18,-3.122502256758253e-17,0,0
2164,0.2157575192705471,0.1697258538494423,0.03637107840542919,0.0428703376098962,-1.3010426069826053e-17,3.122502256758253e-17,0,0
2165,0.2347238574528927,0.1758697558087909,0.03678147035925529,0.042134888611172955,6.938893903907228e-18,-1.9081958235744878e-17,0,0
2166,0.2537038540351939,0.1820459880944463,0.037225468173490664,0.04162959320198467,-1.2576745200831851e-17,-2.2551405187698492e-17,0,0
2167,0.2726838322133118,0.1882192144292372,0.037712147283239336,0.04131007563754655,5.377642775528102e-17,1.734723475976807e-18,0,0
2168,0.2916677557193958,0.1943941206065719,0.038243573436868294,0.041145268299763005,-4.5102810375396984e-17,-5.0306980803327406e-17,0,0
2169,0.4857266244181412,0.2756261787842604,0.045562470700310706,0.04728275891577202,2.7755575615628914e-17,-1.734723475976807e-17,0,0
2170,0.07310115631937508,0.08907487570957508,0.03973481480869783,0.06022492535939935,-1.9186041644303486e-15,-3.793840241961277e-15,0,0
2171,0.05555702344683316,0.08314696113345352,0.03664191172534622,0.06814692810521622,2.498001805406602e-16,3.110359192426415e-15,0,0
2172,0.0904029142907545,0.1167235466155223,0.03448856356735204,0.057084961739478496,-8.673617379884035e-19,-7.45931094670027e-17,0,0
2173,0.118216325712894,0.1193540867041253,0.03746954415601948,0.04995464105194882,-2.688821387764051e-17,-5.377642775528102e-17,0,0
2174,0.13605592357774,0.1255677743837516,0.037692264290353744,0.04679302417705325,-2.949029909160572e-17,-1.734723475976807e-17,0,0
2175,0.1548001511816144,0.1317420389077882,0.03778885524746487,0.04425623458516303,2.0816681711721685e-17,-2.949029909160572e-17,0,0
2176,0.1736466353429563,0.1378449796073459,0.037847406604104177,0.042316391184685984,3.382710778154774e-17,3.2959746043559335e-17,0,0
2177,0.1925353730758728,0.1440299572472412,0.03790682296068987,0.04087109930957106,-2.3418766925686896e-17,-8.673617379884035e-18,0,0
2178,0.79400750894729,0.3938978417460252,0.06243994362477465,0.06184869930714154,4.423544863740858e-17,8.890457814381136e-18,0,0
2179,0.9466699309760309,0.4646878933811169,0.0716684743495114,0.07204362867992428,9.454242944073599e-17,7.45931094670027e-17,0,0
2180,0.9650025864637574,0.4623673097648769,0.07281584649165318,0.07167715315001078,2.992397996059992e-17,1.3010426069826053e-17,0,0
2181,1.0,0.4799999999987418,0.07500000000000001,0.07430653577316838,0.014943803997155126,-2.2551405187698492e-17,2,0
2182,0.9837062286385683,0.4701220634318416,0.0739809817940291,0.07282840163016824,-9.974659986866641e-18,-1.8214596497756474e-17,0,0
2183,0.5047273976723021,0.2818064754052785,0.04650811852007305,0.047860839276490395,-2.47198095326695e-17,-2.7755575615628914e-17,0,0
2184,0.5237306483094076,0.2879873438043286,0.04747183246259972,0.048467724532596165,1.2576745200831851e-17,3.469446951953614e-17,0,0
2185,0.5427285500416323,0.2941449335664149,0.048452244121246546,0.04909704431829909,-3.9898639947466563e-17,-4.5102810375396984e-17,0,0
2186,0.561740929038252,0.3002810276086299,0.04944918411453401,0.04974637219038728,3.0791341698588326e-17,-1.0408340855860843e-17,0,0
2187,0.5807345193042259,0.3064506379908188,0.05045887932450089,0.05042273450293789,-2.168404344971009e-18,1.734723475976807e-17,0,0
2188,0.5997375295111859,0.3126255666281451,0.051482358370039887,0.051119469613226796,2.862293735361732e-17,1.0408340855860843e-17,0,0
2189,0.6187459219435552,0.3188094380353561,0.0525184382425418,0.051835628803722555,-1.9949319973733282e-17,-1.9081958235744878e-17,0,0
2190,0.637754840638844,0.324993667977114,0.05356607488035411,0.052568558515212575,-2.2551405187698492e-17,2.42861286636753e-17,0,0
2191,0.6567640477123418,0.3311777877586505,0.0546244607142292,0.053316978666382304,-3.0357660829594124e-18,6.071532165918825e-17,0,0
2192,0.6757730585416294,0.3373616049748545,0.05569283793866592,0.054079805235125886,-7.806255641895632e-18,3.2959746043559335e-17,0,0
2193,0.6947815308080005,0.3435449291792405,0.05677052132141634,0.05485607703074623,2.0816681711721685e-17,-1.214306433183765e-17,0,0
2194,0.7137896655837355,0.3497300826570107,0.05785689485425192,0.05564532623528164,-1.7780915628762273e-17,5.204170427930421e-18,0,0
2195,0.310653473831923,0.2005713531862455,0.03882017468348989,0.041110716892146425,-1.1709383462843448e-17,-3.2959746043559335e-17,0,0
2196,0.2114507909050473,0.1499191399899009,0.038043446551336194,0.03974594820955622,6.5052130349130266e-18,-1.9081958235744878e-17,0,0
2197,0.7327986003469076,0.3558908508566677,0.05895164250544527,0.05644281151187602,-2.5153490401663703e-17,0.0,0,0
2198,0.09346731086856337,0.09786196430711816,0.04025749982748571,0.05362895448307459,-3.2612801348363973e-16,-7.476658181460039e-16,0,0
2199,0.1041599131015017,0.1122779157968114,0.037735346917043076,0.05250597871886732,-2.2551405187698492e-17,-5.2909066017292616e-17,0,0
2200,0.7518135475384385,0.3620420925887966,0.060054453803376075,0.05725016717971921,5.898059818321144e-17,5.204170427930421e-18,0,0
2201,0.7708370386038175,0.368177493439071,0.061165047495829496,0.05806585176801057,-4.597017211338539e-17,-5.551115123125783e-17,0,0
2202,0.7898575689514501,0.3743334736155046,0.06228212537783543,0.05889501323490855,3.729655473350135e-17,-3.2959746043559335e-17,0,0
2203,0.8130211923624026,0.4000789422767699,0.06357348337462342,0.06269050596011325,1.0408340855860843e-17,-1.2576745200831851e-17,0,0
2204,0.8320355944787932,0.4062641334528964,0.06471276521564932,0.06354252087502987,-3.469446951953614e-17,-4.85722573273506e-17,0,0
2205,0.8510506434229683,0.4124503191396003,0.06585757714047788,0.06440393102795014,6.982261990806649e-17,3.9898639947466563e-17,0,0
2206,0.8700660661498367,0.4186368353238298,0.0670077214623352,0.06527434031109762,-1.6479873021779667e-17,2.2551405187698492e-17,0,0
2207,0.8890819098934936,0.4248235400392721,0.06816307725912896,0.06615344655632016,-7.24247051220317e-17,-5.551115123125783e-17,0,0
2208,0.9080982855396893,0.4310102969200127,0.06932355526087644,0.06704098499334171,1.0885389811754465e-16,4.683753385137379e-17,0,0
2209,0.9271144384499195,0.4371963969363344,0.07048908660260582,0.0679365796420111,-4.85722573273506e-17,5.551115123125783e-17,0,0
2210,0.948914028095754,0.4450800965727502,0.0718296371632257,0.06909308001321747,2.0816681711721685e-17,-8.153200337090993e-17,0,0
2211,0.3296010197307461,0.2067065774114904,0.039440890533410905,0.04118134872439155,2.6454533008646308e-17,-1.5612511283791264e-17,0,0
2212,0.3485767475558794,0.2128484220129378,0.0401045182949452,0.04134508763932837,2.688821387764051e-17,-1.3877787807814457e-17,0,0
2213,0.3675615119758512,0.2189931987006682,0.0408082099622148,0.04158916455310945,-3.686287386450715e-17,-1.214306433183765e-17,0,0
2214,0.3865669453296858,0.2251884123717763,0.041548438711034884,0.04190984892819187,3.469446951953614e-17,-3.122502256758253e-17,0,0
2215,0.4055626300716204,0.2313575809238391,0.04232359326257626,0.042286363371178005,1.3010426069826053e-18,1.734723475976807e-18,0,0
2216,0.4245701479235447,0.2375323775357022,0.04313116048137189,0.04271554838567296,-1.3877787807814457e-17,-2.2551405187698492e-17,0,0
2217,0.4435726220276963,0.2437142075439549,0.04396776203982973,0.04319173943230328,3.2959746043559335e-17,3.9898639947466563e-17,0,0
2218,0.462575906536526,0.2498962048166694,0.04483155647268494,0.04370823124585532,-3.8163916471489756e-17,1.0408340855860843e-17,0,0
2219,0.4815791830523011,0.2560784169233113,0.0457203311482035,0.04426050348643013,-1.0408340855860843e-17,-4.163336342344337e-17,0,0
2220,0.2304744970393137,0.156180060085269,0.03821004528098118,0.03898410538020995,2.2551405187698492e-17,5.204170427930421e-18,0,0
2221,0.2495067979274084,0.1624374993367041,0.038448767351344136,0.038467164948272035,-9.974659986866641e-18,1.0408340855860843e-17,0,0
2222,0.2685396778806551,0.1686925486549797,0.038760713611392474,0.03814956853336143,6.938893903907228e-18,-6.938893903907228e-18,0,0
2223,0.2875295857273796,0.1748221177586894,0.03914894016891308,0.03797565986775866,-7.37257477290143e-18,5.204170427930421e-17,0,0
2224,0.3065103126916763,0.1810382753598062,0.03959748188961241,0.03795260110796525,6.938893903907228e-18,1.3877787807814457e-17,0,0
2225,0.5005804509499937,0.2622585241020463,0.0466320195027755,0.04484435101839499,5.204170427930421e-17,4.5102810375396984e-17,0,0
2226,0.0707106782866362,0.0707106779506733,0.046801253806066916,0.05800869624767704,1.3548190347378863e-15,5.3828469459560324e-15,0,0
2227,0.08888365202470638,0.07431991037966859,0.047714180133767374,0.050000865729591185,-2.2603446891977796e-15,-4.029762634694123e-15,0,0
2228,0.1316643610120335,0.1060831279344921,0.041110471044202866,0.04387889145645931,-1.0668549377257364e-16,-8.847089727481716e-17,0,0
2229,0.1128881962871568,0.1000231639486372,0.041416239473758214,0.04745422735421813,-1.231653667943533e-16,-1.97758476261356e-16,0,0
2230,0.1506098089405966,0.1122573552621605,0.04074319885449901,0.04107418785163249,-3.2959746043559335e-17,-5.204170427930421e-18,0,0
2231,0.1694793057034999,0.1183768983425439,0.04036534967181574,0.039022579170492296,-2.0816681711721685e-17,2.2551405187698492e-17,0,0
2232,0.1883734169505181,0.1244585317385425,0.04005962090921105,0.03750301170231112,5.551115123125783e-17,3.122502256758253e-17,0,0
2233,0.2073188270922092,0.1304710272565226,0.03986234442408655,0.03637871812805336,-3.5128150388530344e-17,-5.204170427930421e-18,0,0
2234,0.8088708846951989,0.3805187622637956,0.06340506369099591,0.05973856629926608,-1.0408340855860843e-17,5.2475385148298415e-17,0,0
2235,0.9831378399071256,0.4507938914779741,0.07395106890819472,0.06992422906824348,3.469446951953614e-18,9.540979117872439e-18,0,0
2236,1.0,0.4599999999988,0.07500000000000001,0.07130464920948539,0.014934255097872292,2.2551405187698492e-17,2,0
2237,0.5195771589123572,0.2684369591423486,0.04756461544584148,0.045456585815730956,-2.2985086056692694e-17,-4.683753385137379e-17,0,0
2238,0.5385760583437615,0.2745933179889935,0.048517114131299006,0.04609101493418131,6.938893903907228e-17,1.5612511283791264e-17,0,0
2239,0.5575810646808331,0.2807457831214453,0.04948785333640202,0.04674806613723076,-1.8214596497756474e-17,-1.734723475976807e-18,0,0
2240,0.5765851353105844,0.2869008465462582,0.05047494590816841,0.047426736906412775,-2.2551405187698492e-17,-3.9898639947466563e-17,0,0
2241,0.5955883862881668,0.2930717732185708,0.05147698759891017,0.04812731144448631,-2.6020852139652106e-17,-4.683753385137379e-17,0,0
2242,0.6145970915187187,0.2992555030028548,0.05249325331024803,0.04884760998629863,4.9439619065339e-17,7.28583859910259e-17,0,0
2243,0.6336063065920612,0.3054396519601302,0.053522561787962115,0.04958437359613647,-2.5153490401663703e-17,-4.336808689942018e-17,0,0
2244,0.6526153456577158,0.3116238015018342,0.054563907704328576,0.05033634098361722,-1.734723475976807e-18,-5.551115123125783e-17,0,0
2245,0.6716248439457448,0.3178070839464163,0.05561645516232669,0.05110232611337978,-1.3010426069826053e-18,-4.5102810375396984e-17,0,0
2246,0.6906346640393639,0.3239909207301911,0.056679384909206425,0.05188163270311798,7.806255641895632e-18,4.163336342344337e-17,0,0
2247,0.7096411393112271,0.3301764924408997,0.05775174911499815,0.05267366038327736,-3.7730235602495554e-17,-8.673617379884035e-18,0,0
2248,0.7286396005839388,0.3363361946752813,0.05883280172501803,0.05347349040334456,1.3877787807814457e-17,8.673617379884035e-18,0,0
2249,0.3254518573799015,0.1871652094355403,0.04011018749929807,0.03803008817651775,-3.3393426912553537e-17,-6.938893903907228e-18,0,0
2250,0.2262806457433826,0.1365787292349435,0.03976570602696845,0.03559673006998981,1.9949319973733282e-17,-1.734723475976807e-18,0,0
2251,0.7476498194091428,0.3424937234688446,0.05992292150980408,0.05428401913716731,-6.071532165918825e-18,-1.214306433183765e-17,0,0
2252,0.1087763499782067,0.08065983395727888,0.046693842271611614,0.0438985389263536,-4.198030811863873e-16,-8.456776945386935e-16,0,0
2253,0.7666865908163321,0.3486081992718143,0.06102268838727786,0.05509837570364493,1.474514954580286e-17,1.0408340855860843e-17,0,0
2254,0.7857052364848551,0.3547704972521433,0.062128447594916994,0.055930302516904055,4.85722573273506e-17,-5.204170427930421e-17,0,0
2255,0.8047195586493269,0.3609564505842358,0.06324076710753221,0.05677556947581269,-8.326672684688674e-17,-4.5102810375396984e-17,0,0
2256,0.8278851529515947,0.3867034137633552,0.06453419561325933,0.060591508893212596,4.7704895589362195e-17,2.168404344971009e-19,0,0
2257,0.8469002629017226,0.3928893810836382,0.06566922491136121,0.06145381199471651,-5.2909066017292616e-17,-3.122502256758253e-17,0,0
2258,0.8659157229047475,0.3990756082189211,0.06680988434362353,0.06232503705640343,9.974659986866641e-18,3.9898639947466563e-17,0,0
2259,0.8849314692107559,0.4052619646442681,0.06795596549356282,0.06320492893760479,-3.3393426912553537e-17,8.847089727481716e-17,0,0
2260,0.9039477955150688,0.4114483123862005,0.06910736171835169,0.06409320764754249,3.8163916471489756e-17,-3.469446951953614e-18,0,0
2261,0.922964553872937,0.4176347107188536,0.07026391793269231,0.06498964896302531,-5.854691731421724e-17,5.204170427930421e-17,0,0
2262,0.9419817755696591,0.4238213791426015,0.07142546984008674,0.0658943815710777,2.0816681711721685e-17,-1.214306433183765e-17,0,0
2263,0.9684831205401747,0.4440012305366736,0.0730446329906835,0.06891000688254105,-5.746271514173174e-17,-9.540979117872439e-17,0,0
2264,0.3444048640288441,0.1932535233069343,0.04068101322304907,0.03819586406441192,-8.239936510889834e-18,2.2551405187698492e-17,0,0
2265,0.3634028352714287,0.1994334718513303,0.041301980971623034,0.038456894878637536,1.1275702593849246e-17,2.7755575615628914e-17,0,0
2266,0.3824025203912722,0.205617075329255,0.04197040900771366,0.03878795286399646,-5.204170427930421e-18,-2.42861286636753e-17,0,0
2267,0.401411397340394,0.2118056290155769,0.04268249552467397,0.03917930092534295,-1.734723475976807e-18,2.0816681711721685e-17,0,0
2268,0.420418559326446,0.2179835966516938,0.04343415923620535,0.039620841601094435,2.688821387764051e-17,-3.469446951953614e-18,0,0
2269,0.4394247038431611,0.2241666263367856,0.04422143349517223,0.04010850067325166,-1.3010426069826053e-17,-3.8163916471489756e-17,0,0
2270,0.4584280340858667,0.2303478718119142,0.04504114129627051,0.04063570098071475,-4.7704895589362195e-18,-2.949029909160572e-17,0,0
2271,0.4774317481849043,0.2365295541852564,0.04589046059834294,0.04119809474751336,3.686287386450715e-17,6.071532165918825e-17,0,0
2272,0.4964349858830024,0.2427113840928077,0.04676671907068054,0.04179175966019081,-5.421010862427522e-17,-2.949029909160572e-17,0,0
2273,0.2453066510951755,0.142825856823507,0.0397743471975201,0.0350934774525619,-1.3444106938820255e-17,-1.5612511283791264e-17,0,0
2274,0.2643198176911413,0.1490517512959901,0.03989399178521212,0.03479385194348952,1.474514954580286e-17,1.734723475976807e-18,0,0
2275,0.2833580866375768,0.1552559976843249,0.040116123700225007,0.034654285264590044,-1.5612511283791264e-17,1.734723475976807e-17,0,0
2276,0.3024178492216623,0.161332549817217,0.040435783903772775,0.03462681193383576,2.949029909160572e-17,2.2551405187698492e-17,0,0
2277,0.3213000362048326,0.1676293286645062,0.040819546665622874,0.03476407719845552,-2.949029909160572e-17,0.0,0,0
2278,0.5154302660481885,0.2488917933403398,0.04766717948982926,0.042413263303624986,4.336808689942018e-18,3.9898639947466563e-17,0,0
2279,0.08314696132508038,0.0555570231600433,0.05491567548893223,0.045696789689027045,2.8102520310824275e-15,5.717648576819556e-15,0,0
2280,0.1027398934086151,0.05491561694053849,0.05459822900850211,0.037035482243614554,-8.685760444215873e-15,-7.50267903359969e-15,0,0
2281,0.127154570714973,0.0862506821095896,0.04550488072962226,0.04010919069233777,-3.226585665316861e-16,-1.9081958235744878e-16,0,0
2282,0.1464011688273432,0.0927913065177049,0.04423696451476976,0.03726795531994349,-1.214306433183765e-16,-2.42861286636753e-17,0,0
2283,0.1652977722254031,0.09895509180632779,0.04323019156684886,0.035209326710657914,5.0306980803327406e-17,4.85722573273506e-17,0,0
2284,0.1842250635405643,0.1049829575517281,0.042440092740711,0.03370971203665176,-1.2576745200831851e-17,-2.7755575615628914e-17,0,0
2285,0.2031652541107667,0.1109398286109972,0.041855829581342034,0.03262805646281726,2.47198095326695e-17,-5.204170427930421e-18,0,0
2286,0.2221448066441015,0.1170652149049785,0.04143716933449461,0.03191110773334497,-2.42861286636753e-17,2.6020852139652106e-17,0,0
2287,0.8237343263091292,0.3671424515968827,0.06435968024866054,0.05763017632810783,8.760353553682876e-17,-3.903127820947816e-18,0,0
2288,0.9625833060054199,0.4287743883138905,0.07269148097235088,0.06661812863868417,3.209238430557093e-17,8.326672684688674e-17,0,0
2289,1.0,0.4399999999988584,0.07500000000000001,0.0682945571066144,0.014926184110381331,6.071532165918825e-18,2,0
2290,0.9840328441730836,0.432344074854214,0.07401365803388497,0.06714336296528088,-7.28583859910259e-17,7.979727989493313e-17,0,0
2291,0.5344256123551361,0.2550520923879299,0.04859040994415395,0.04305663885387618,-1.1275702593849246e-17,3.8163916471489756e-17,0,0
2292,0.553422819283527,0.2612091921384263,0.04953425876052451,0.043722158971686874,-6.071532165918825e-18,2.7755575615628914e-17,0,0
2293,0.5724328960672417,0.2673453808799491,0.05049784134894066,0.04440478912768701,2.6020852139652106e-17,1.214306433183765e-17,0,0
2294,0.5914389041063199,0.273517765333167,0.05147793062907381,0.04511205137078038,-3.7730235602495554e-17,3.2959746043559335e-17,0,0
2295,0.6104480139912603,0.2797012489024866,0.05247390256183643,0.045838283312090645,-4.2500725161431774e-17,-6.938893903907228e-18,0,0
2296,0.6294574551392358,0.2858851488267904,0.05348447283530564,0.04658047407418859,5.0306980803327406e-17,3.122502256758253e-17,0,0
2297,0.6484675031436183,0.2920700675327328,0.05450849911847549,0.04733753177894255,-3.0791341698588326e-17,5.551115123125783e-17,0,0
2298,0.6674767648632038,0.2982526920798652,0.05554489371688487,0.048107949681712704,-3.903127820947816e-18,3.469446951953614e-17,0,0
2299,0.686486114241067,0.3044355696118064,0.05659274239284725,0.04889122791573605,-5.377642775528102e-17,-2.0816681711721685e-17,0,0
2300,0.7054968168516217,0.3106201362413765,0.05765125787511111,0.049686793761549344,3.3393426912553537e-17,1.214306433183765e-17,0,0
2301,0.7244947772608931,0.316796175867649,0.058718921357169405,0.050492501850344235,7.37257477290143e-18,-1.3877787807814457e-17,0,0
2302,0.7434995943302113,0.3229473147598001,0.059796274439552,0.05130508512071788,-2.8189256484623115e-17,-4.336808689942018e-17,0,0
2303,0.3402564300018887,0.1737100991159858,0.04128920677113872,0.034953105010045615,-6.071532165918825e-18,0.0,0,0
2304,0.2411260720608012,0.1232467537971166,0.04118591210778686,0.03146577668711386,-8.673617379884035e-19,4.85722573273506e-17,0,0
2305,0.7625147716310324,0.3290669288227556,0.06088289332951704,0.05212304271099718,2.3418766925686896e-17,3.2959746043559335e-17,0,0
2306,0.1207022997869541,0.06428364210579296,0.051222292870236844,0.034770901989302126,-6.227657278756737e-16,-4.996003610813204e-16,0,0
2307,0.7815548862886672,0.3352111162580362,0.06197876222071214,0.05295447963212904,3.469446951953614e-17,6.071532165918825e-17,0,0
2308,0.8005691762165773,0.3413965733097519,0.06308033423430379,0.05380185630515447,-9.237402509576498e-17,3.9898639947466563e-17,0,0
2309,0.8195839015802886,0.347582031204436,0.0641889508739772,0.05465834142115989,3.946495907847236e-17,-3.8163916471489756e-17,0,0
2310,0.842749746196757,0.3733284285930782,0.06548485981287744,0.05849379296835767,-3.122502256758253e-17,1.8648277366750676e-17,0,0
2311,0.8617653022796297,0.3795145800945791,0.06661597682524628,0.05936619277010019,-5.551115123125783e-17,-3.2959746043559335e-17,0,0
2312,0.880781038021738,0.3857008103128289,0.06775277557213415,0.06024713805523641,6.071532165918825e-18,-3.469446951953614e-17,0,0
2313,0.8997967788430279,0.3918873387075817,0.06889501362588461,0.06113649720553873,2.6020852139652106e-17,-4.5102810375396984e-17,0,0
2314,0.9188132126924313,0.3980739950062889,0.0700426530587481,0.06203396347987562,-5.854691731421724e-17,1.734723475976807e-18,0,0
2315,0.9377683510826605,0.40424927183152,0.07119171836195078,0.06293778750931142,5.117434254131581e-17,8.673617379884035e-18,0,0
2316,0.9564774689493456,0.4103752108938417,0.07233064298462605,0.06384212872311867,6.938893903907228e-17,-5.637851296924623e-17,0,0
2317,0.3592565125469214,0.179889832233918,0.04182213094790181,0.03523824412078355,1.8648277366750676e-17,-1.9081958235744878e-17,0,0
2318,0.3782540683146274,0.1860716773299141,0.04241409411820148,0.03559183302331341,2.992397996059992e-17,6.938893903907228e-18,0,0
2319,0.3972610280925722,0.1922535714834939,0.04305945251339799,0.036003342792612046,-3.469446951953614e-18,-1.3877787807814457e-17,0,0
2320,0.4162661429293584,0.198434705576217,0.04375229098180152,0.03646505154959933,-1.8648277366750676e-17,-1.214306433183765e-17,0,0
2321,0.4352761759352439,0.2046184288800402,0.04448793625061992,0.03697077531031103,-4.336808689942018e-18,1.3877787807814457e-17,0,0
2322,0.4542794315248769,0.2108003868169353,0.04526167952009108,0.03751466611357991,-1.691355389077387e-17,2.0816681711721685e-17,0,0
2323,0.47328320429288,0.2169813638949863,0.046070046676099416,0.03809212542661554,-1.7780915628762273e-17,-3.8163916471489756e-17,0,0
2324,0.4922878825541739,0.2231619223796276,0.04690970311413094,0.038699449238819746,5.4643789493269423e-17,2.6020852139652106e-17,0,0
2325,0.5112930150074774,0.2293441278913695,0.04777763541191823,0.03933376971449804,-5.117434254131581e-17,-3.9898639947466563e-17,0,0
2326,0.2601320761090057,0.1294603471910188,0.04109046580648502,0.03122839150898779,6.938893903907228e-18,-1.734723475976807e-18,0,0
2327,0.279146230750897,0.1356500684060506,0.04113359838264186,0.03114537532302029,-2.3418766925686896e-17,-2.2551405187698492e-17,0,0
2328,0.2981622051215379,0.141802285572923,0.04129734925393743,0.031185453409375438,1.9081958235744878e-17,-1.5612511283791264e-17,0,0
2329,0.3171469122793227,0.1479611033486666,0.041563983377910736,0.03133901587855125,3.469446951953614e-17,-2.6020852139652106e-17,0,0
2330,0.3361171579770609,0.1541742338114044,0.04192026820925533,0.03159579108725488,-4.7704895589362195e-18,-3.122502256758253e-17,0,0
2331,0.5302857072374247,0.2355192606152379,0.048670685514932796,0.03999116655494436,3.5561831257524545e-17,-3.469446951953614e-17,0,0
2332,0.09238795329750174,0.03826834312455452,0.061124188276609204,0.03196892821936304,1.808189015184425e-14,1.4800660697034118e-14,0,0
2333,0.1217976452622463,0.048294609478073,0.05428930666798892,0.027678283636183687,-3.2118405157710583e-15,-1.4814538484841933e-15,0,0
2334,0.1417955917656073,0.07285049006915224,0.04832011497686405,0.03234740085433504,-2.2811613709095013e-16,-1.717376241217039e-16,0,0
2335,0.1611265393986409,0.07947546923055837,0.046392927411547026,0.030595921129995447,-1.3010426069826053e-17,-2.42861286636753e-17,0,0
2336,0.1800433638078425,0.08557095028453326,0.04499131845687301,0.029335594087473993,7.41594285980085e-17,-1.5612511283791264e-17,0,0
2337,0.1989912684453558,0.09159644452742419,0.04394260600284408,0.028450529878745898,-9.540979117872439e-18,6.938893903907228e-18,0,0
2338,0.2180024800839189,0.09754948521936498,0.0431855776018659,0.02784034103398162,-4.2934406030425976e-17,-6.938893903907228e-18,0,0
2339,0.2369783267618007,0.1037208837740464,0.04264673131094663,0.02753048102645212,5.0306980803327406e-17,-1.5612511283791264e-17,0,0
2340,0.8385991412986603,0.3537676513787457,0.06530421269546166,0.05552365059394922,-2.949029909160572e-17,2.4936649967166602e-17,0,0
2341,0.9758668694932677,0.4166316557995286,0.07351681975625696,0.06477248466042605,-5.377642775528102e-17,-4.683753385137379e-17,0,0
2342,1.0,0.4199999999989167,0.07500000000000001,0.06527428192007154,0.014912643284148217,-5.117434254131581e-17,2,0
2343,0.5492703008499721,0.2416675024480806,0.04958697145348625,0.04066600405366007,6.071532165918825e-18,-1.5612511283791264e-17,0,0
2344,0.5682733322158243,0.2478162212423195,0.0505253835533265,0.041360307889723495,3.903127820947816e-17,-1.734723475976807e-18,0,0
2345,0.5872891985536461,0.2539638936754856,0.051483808869734644,0.04207225348260748,-4.85722573273506e-17,-1.0408340855860843e-17,0,0
2346,0.6062962873308414,0.2601538758601941,0.05245893459955269,0.042807524056884,-1.3877787807814457e-17,-1.0408340855860843e-17,0,0
2347,0.6253042162754332,0.2663426812031072,0.053450340637918946,0.043557745511758686,5.724587470723463e-17,-1.734723475976807e-18,0,0
2348,0.6443177441681814,0.272516305957969,0.05445707727324521,0.04431955182403641,-5.160802341031001e-17,-2.6020852139652106e-17,0,0
2349,0.6633284648939719,0.2786986841662692,0.05547723116181185,0.04509586067545116,3.903127820947816e-17,-1.734723475976807e-18,0,0
2350,0.6823366344757218,0.2848835054647766,0.05650979297125335,0.04588482704017206,3.122502256758253e-17,-1.734723475976807e-18,0,0
2351,0.701348030825081,0.2910636859656046,0.05755416870135138,0.04668455280833413,1.8214596497756474e-17,-4.85722573273506e-17,0,0
2352,0.7203593934395462,0.2972484173045995,0.058609217465902336,0.047495861962803525,-1.3010426069826053e-18,0.0,0,0
2353,0.7393714772400813,0.3034341722356311,0.05967421261852657,0.048317659970613526,1.8214596497756474e-17,2.949029909160572e-17,0,0
2354,0.7583532337479735,0.3095620233891289,0.06074696687105351,0.049140562662473346,-5.637851296924623e-17,-1.5612511283791264e-17,0,0
2355,0.3551091219091851,0.1603443405965218,0.042360571871718856,0.03191913271279425,-2.8189256484623115e-17,-6.938893903907228e-18,0,0
2356,0.255962176784376,0.1098973361355868,0.04232068239795045,0.027410846193073348,3.642919299551295e-17,-1.0408340855860843e-17,0,0
2357,0.777378465053229,0.3156962666378479,0.06183072776226736,0.04997364481209842,3.903127820947816e-18,-1.734723475976807e-17,0,0
2358,0.1124814947383463,0.03316886478028849,0.059396434684100705,0.022177149290348763,-4.4113150632352216e-14,-1.2857770403940094e-14,0,0
2359,0.1382288996084491,0.05359557060722273,0.05174240670645039,0.025980649249288848,-2.957703526540456e-16,-1.960237527853792e-16,0,0
2360,0.7964185775379138,0.3218370376649172,0.06292328613188891,0.05081678993813047,3.122502256758253e-17,-1.734723475976807e-18,0,0
2361,0.8154257703505322,0.3280417285935823,0.06402107156361707,0.051678767204492985,2.0816681711721685e-17,5.204170427930421e-18,0,0
2362,0.8344482708514123,0.334206350317955,0.06512694152701473,0.05254304024362482,-5.984795992119984e-17,2.7755575615628914e-17,0,0
2363,0.8576147577544013,0.3599535574132291,0.06642576136186489,0.05639757401312364,6.938893903907228e-18,-1.3010426069826053e-18,0,0
2364,0.8766305699583118,0.3661395498755639,0.06755328076585937,0.057279879218244754,4.7271214720367993e-17,2.2551405187698492e-17,0,0
2365,0.895646335017567,0.3723259127926515,0.06868648571561482,0.05817044351845832,1.0408340855860843e-17,-1.5612511283791264e-17,0,0
2366,0.91467504296214,0.378524415419896,0.06982587020458211,0.05907097076056324,-5.2475385148298415e-17,-6.245004513516506e-17,0,0
2367,0.933641763732339,0.3847675992227731,0.07096689777148676,0.059986186353343914,4.5102810375396984e-17,1.214306433183765e-17,0,0
2368,0.9520442324756362,0.3910402271453797,0.0720786689319531,0.06091412711873304,-4.597017211338539e-17,5.551115123125783e-17,0,0
2369,0.9697976537810034,0.3987342458187346,0.07315474019437034,0.06206552760548202,-3.859759734048396e-17,3.209238430557093e-17,0,0
2370,0.3741115409195409,0.1665256562846524,0.04287274821172646,0.032308139866179544,4.7271214720367993e-17,2.2551405187698492e-17,0,0
2371,0.393112882853059,0.1727052927123336,0.04344846532313555,0.03275145331002943,-2.862293735361732e-17,3.469446951953614e-18,0,0
2372,0.4121191567267229,0.1788870489376665,0.044080592160560116,0.03324196040261588,-5.204170427930421e-17,2.7755575615628914e-17,0,0
2373,0.4311270318575493,0.1850694832870193,0.04476277189755758,0.03377331415530829,3.9898639947466563e-17,1.214306433183765e-17,0,0
2374,0.4501324636758239,0.1912524522363236,0.04548939292441181,0.03434049462007026,-9.107298248878237e-18,1.0408340855860843e-17,0,0
2375,0.4691369940738679,0.1974333285441654,0.046255843931717965,0.034938767164545546,1.9949319973733282e-17,0.0,0,0
2376,0.4881399726542701,0.2036130530229262,0.04705795863687461,0.03556477133534968,-3.469446951953614e-17,-1.214306433183765e-17,0,0
2377,0.5071450775757513,0.2097929939387352,0.04789230300304226,0.036215672470452924,3.599551212651875e-17,3.122502256758253e-17,0,0
2378,0.5261521915373253,0.2159767431461191,0.04875567013820053,0.036889511107489725,-1.734723475976807e-17,-2.949029909160572e-17,0,0
2379,0.2749536298316023,0.1160770147409976,0.042175669120983805,0.027428802198332512,-4.336808689942018e-18,2.6020852139652106e-17,0,0
2380,0.2939515691145177,0.1222530139510492,0.04218009279242968,0.027558215706121075,1.6479873021779667e-17,-1.734723475976807e-18,0,0
2381,0.3129574526434957,0.1284163162469724,0.042314673953368596,0.027785929020048717,1.214306433183765e-17,2.42861286636753e-17,0,0
2382,0.3319602457634125,0.134600047774591,0.04256152902965671,0.028101892530501705,-3.469446951953614e-17,1.9081958235744878e-17,0,0
2383,0.3509591411042528,0.1407967762147206,0.04290597661950069,0.028488219727133685,8.673617379884035e-19,3.469446951953614e-18,0,0
2384,0.5451456517611905,0.2221458063705695,0.049644736891549614,0.03758135842617431,-3.2959746043559335e-17,4.5102810375396984e-17,0,0
2385,0.09807852805189025,0.01950903214346056,0.06547520586167653,0.016889844329188605,9.757125662979149e-14,3.1705540970428103e-14,0,0
2386,0.134835638768867,0.03550935295652233,0.055350375128452305,0.018747077025996324,-3.088675148976705e-15,-1.3357370765021415e-15,0,0
2387,0.1569861662483983,0.06002064742244641,0.04932947449917566,0.024926342111521654,-1.9168694409543718e-16,-4.163336342344337e-17,0,0
2388,0.1759355971318592,0.06619910513594258,0.04743090373367851,0.02419725464918233,8.673617379884035e-17,2.6020852139652106e-17,0,0
2389,0.1948090357556311,0.07220397912913937,0.0459856404187007,0.023683606849602506,-4.2500725161431774e-17,1.734723475976807e-17,0,0
2390,0.2138128792646747,0.07814298992371682,0.04489540238324524,0.023349751595779546,3.209238430557093e-17,-5.204170427930421e-18,0,0
2391,0.23283193671575,0.08420045626813029,0.0440964059169535,0.02322331901664079,7.806255641895632e-18,-2.2551405187698492e-17,0,0
2392,0.2518141950164263,0.09037004291421548,0.0435381523560032,0.02330236167637709,-1.734723475976807e-18,-8.673617379884035e-18,0,0
2393,0.853463843016673,0.3403926357131855,0.06623892420786803,0.05341899515301871,-2.3418766925686896e-17,9.974659986866641e-18,0,0
2394,0.9856872581226777,0.4049636127160746,0.07412375146282629,0.06300199181384705,4.5102810375396984e-17,-1.8214596497756474e-17,0,0
2395,0.5641324774255664,0.2283043155860014,0.05055727302685739,0.03828991459389488,3.7730235602495554e-17,2.42861286636753e-17,0,0
2396,0.5831165648509726,0.2344806449545094,0.05149093771236673,0.039018085298565416,-1.6479873021779667e-17,2.0816681711721685e-17,0,0
2397,0.6021251270606043,0.2406650424765548,0.052445415087073004,0.039762546245821304,2.862293735361732e-17,-2.0816681711721685e-17,0,0
2398,0.6211394005410978,0.2468432772634564,0.05341815706225265,0.040520144598285596,1.431146867680866e-17,-2.6020852139652106e-17,0,0
2399,0.6401613472944114,0.2529873990307239,0.05440798161196415,0.04128543551233916,-8.673617379884035e-18,1.0408340855860843e-17,0,0
2400,0.6591795523630771,0.259142541851583,0.055412419426145824,0.04206485207142221,1.474514954580286e-17,-2.7755575615628914e-17,0,0
2401,0.67818480842379,0.265335343490585,0.05642951651017709,0.04286183718704597,-3.729655473350135e-17,-1.734723475976807e-17,0,0
2402,0.6971932096892395,0.2715224424374208,0.0574594397440159,0.043668720944343216,1.8214596497756474e-17,4.336808689942018e-17,0,0
2403,0.7162099179032916,0.2776910505222223,0.05850156526629871,0.04448290577103712,-1.2576745200831851e-17,-2.2551405187698492e-17,0,0
2404,0.7352221804334891,0.2838762405572857,0.05955401872498575,0.045309488235110565,-3.3393426912553537e-17,-1.734723475976807e-18,0,0
2405,0.7542291444662889,0.2900556747823363,0.060616093898528,0.04614456466374809,-2.168404344971009e-17,1.0408340855860843e-17,0,0
2406,0.7732191015901597,0.2961962029349413,0.06168652932338832,0.04698268975665466,3.382710778154774e-17,5.204170427930421e-17,0,0
2407,0.3699627095340632,0.1469767664894716,0.04333659198168931,0.02892775602953915,8.239936510889834e-18,-1.0408340855860843e-17,0,0
2408,0.2708041331034992,0.09654094266629189,0.04320414524054657,0.023478190573420116,-1.5612511283791264e-17,-2.949029909160572e-17,0,0
2409,0.7922457581408355,0.3023577320477242,0.06276748678880989,0.04783253956430015,-6.071532165918825e-17,1.9081958235744878e-17,0,0
2410,0.1125980890520034,0.01431945732233675,0.06242472181678466,0.010081094279749073,-7.162109447178544e-14,-1.3867379466958596e-14,0,0
2411,0.1299999999999428,0.01732050807565262,0.05828131938668744,0.009952775091496497,-1.1831681467899813e-14,-2.374836438612249e-15,0,0
2412,0.1537442633279108,0.0402445896820425,0.052320897052671206,0.017973576469742722,-3.3219954564955856e-16,-8.196568423990414e-17,0,0
2413,0.811257706564738,0.3085271857172369,0.06385546430594309,0.048692110920440325,4.119968255444917e-17,-1.9081958235744878e-17,0,0
2414,0.8302802473711548,0.3146800589142575,0.06495153336192827,0.049557282769997324,1.3444106938820255e-17,-3.642919299551295e-17,0,0
2415,0.8493118198928006,0.320833758472631,0.06605506633676324,0.0504305721559694,3.426078865054194e-17,-3.469446951953614e-18,0,0
2416,0.8724799783238023,0.346578122879022,0.06735719803271314,0.05430297874595588,-8.673617379884035e-19,2.2985086056692694e-17,0,0
2417,0.8914961072730605,0.3527642833800811,0.06848141993408784,0.05519507454885407,1.214306433183765e-17,3.469446951953614e-17,0,0
2418,0.9105123059798765,0.3589522513443999,0.06961132573577808,0.05609534952969261,5.811323644522304e-17,6.245004513516506e-17,0,0
2419,0.9296032089674526,0.3652052080918896,0.07075098204213379,0.0570134341820936,-8.153200337090993e-17,-5.204170427930421e-17,0,0
2420,0.9482960875502442,0.371664156336075,0.07187209311561338,0.05797072720603322,1.734723475976807e-18,1.734723475976807e-18,0,0
2421,0.9660219397156778,0.3799710003094731,0.0729382729353394,0.05921730551653259,1.0364972768961422e-16,-2.3418766925686896e-17,0,0
2422,0.9827717673391168,0.3894521619642178,0.07395090631160853,0.06064918342677015,-3.946495907847236e-17,1.5612511283791264e-17,0,0
2423,1.0,0.3999999999989749,0.07500000000000001,0.0622455484304863,0.014902078067236639,2.688821387764051e-17,2,0
2424,0.3889673617028928,0.1531569382215205,0.04384174424204674,0.02941558877738009,-1.5612511283791264e-17,5.204170427930421e-18,0,0
2425,0.4079735834605891,0.1593380322595681,0.04441228379017414,0.02994517675475421,-1.2576745200831851e-17,6.938893903907228e-18,0,0
2426,0.4269788086802889,0.1655194882807082,0.04504035260910055,0.03051102626274513,5.551115123125783e-17,8.673617379884035e-18,0,0
2427,0.4459859141651473,0.1717022640520407,0.04571940016335528,0.031108757984751628,-5.334274688628682e-17,1.734723475976807e-18,0,0
2428,0.4649918203644754,0.1778859932381372,0.04644358552048242,0.031734657673908866,2.42861286636753e-17,1.734723475976807e-18,0,0
2429,0.4839950655663917,0.1840648731198764,0.04720803320741442,0.032384722439552475,-3.469446951953614e-18,1.734723475976807e-18,0,0
2430,0.5029962890017448,0.1902413984214189,0.04800848084664011,0.03305677149290546,-1.734723475976807e-18,-5.204170427930421e-18,0,0
2431,0.5220037159652227,0.1964235730717765,0.048841496564323,0.033749715769716936,-1.474514954580286e-17,3.9898639947466563e-17,0,0
2432,0.5410121986546113,0.2026074472074385,0.04970366688923027,0.03446108017988451,-5.204170427930421e-18,-1.734723475976807e-17,0,0
2433,0.2898006238261772,0.102713634617127,0.04305338834441444,0.023727611689712203,2.862293735361732e-17,6.938893903907228e-18,0,0
2434,0.3088018246023626,0.1088872085635371,0.04305576399025233,0.0240641665233764,-2.42861286636753e-17,-1.214306433183765e-17,0,0
2435,0.3278046294826851,0.1150663736665235,0.043192344485306046,0.024472554450217527,1.0408340855860843e-17,1.0408340855860843e-17,0,0
2436,0.3468082522184203,0.1212482478496345,0.043443840735523855,0.024935245740254238,2.6020852139652106e-18,1.5612511283791264e-17,0,0
2437,0.3658135209624804,0.1274278909891494,0.04379389330845494,0.025442773387164823,0.0,6.938893903907228e-18,0,0
2438,0.5600099118842345,0.2087803095415791,0.05059169720779174,0.03518734253704408,2.5153490401663703e-17,-3.469446951953614e-17,0,0
2439,0.1,0.0,0.06732703107514185,0.0,5.746900351433215e-14,-0.016099127794631626,0,3
2440,0.1502029946801069,0.01774880432028964,0.05481022786627095,0.008468770666784656,-1.1631320906424492e-15,-3.3480163086352377e-16,0,0
2441,0.1718358567752797,0.04676994154775758,0.04986978714409373,0.018259650291292288,1.6479873021779667e-17,-3.469446951953614e-17,0,0
2442,0.1907837915514234,0.05290730309769526,0.0479604571162208,0.01831982372559159,-3.642919299551295e-17,-1.734723475976807e-18,0,0
2443,0.2096557780854281,0.05913633106089627,0.046505402481084396,0.01848051230327751,3.3393426912553537e-17,-5.204170427930421e-18,0,0
2444,0.2296286530487593,0.064889529843581,0.04542525078170064,0.018505102139702075,1.431146867680866e-17,-6.938893903907228e-18,0,0
2445,0.2476620539188817,0.07084723640980092,0.04470798494382279,0.018870826374738456,2.949029909160572e-17,-1.9949319973733282e-17,0,0
2446,0.2665759211711063,0.07828286971910758,0.04411889038460258,0.019565476775525354,8.239936510889834e-18,2.7755575615628914e-17,0,0
2447,0.8683290899789606,0.3270163738175306,0.06716419829020914,0.051316247428046885,-1.734723475976807e-18,-6.461844948013606e-17,0,0
2448,0.5790128198304261,0.2149602698387547,0.051503641594142356,0.03592981917944681,-4.163336342344337e-17,-5.204170427930421e-18,0,0
2449,0.5980178212330538,0.2211425780546279,0.05243720359530116,0.03668657878637806,6.375108774214766e-17,-8.673617379884035e-18,0,0
2450,0.6170277627432597,0.2273259697783027,0.05339059791364353,0.03745635420209502,-5.767955557622884e-17,1.734723475976807e-17,0,0
2451,0.6360140989796073,0.2334786176071739,0.054360820170457756,0.03823350690691566,4.7704895589362195e-17,6.938893903907228e-18,0,0
2452,0.6550035075801744,0.2396673134532864,0.05534710890151258,0.03902758600458231,-2.3418766925686896e-17,-3.2959746043559335e-17,0,0
2453,0.6740143996188126,0.2458531490123246,0.056349460069824824,0.039831548576348914,-4.2500725161431774e-17,1.5612511283791264e-17,0,0
2454,0.693030585059671,0.2520218941215072,0.05736585015915362,0.04064278356535106,5.2909066017292616e-17,-8.673617379884035e-18,0,0
2455,0.7120539676993249,0.2581655541043893,0.05839529382737517,0.041459561517823026,-9.974659986866641e-18,2.42861286636753e-17,0,0
2456,0.7310727399660903,0.2643181442847686,0.05943587478366374,0.04228688584497191,1.3877787807814457e-17,1.214306433183765e-17,0,0
2457,0.7500854943301294,0.2705036468844224,0.06048648648294853,0.0431281422975709,-1.3010426069826053e-18,-2.0816681711721685e-17,0,0
2458,0.7690868654226417,0.2766752093479959,0.061546291222930836,0.04397570437236359,-3.382710778154774e-17,-2.949029909160572e-17,0,0
2459,0.7880994869729584,0.2828535368073147,0.06261573877435063,0.04483240688425074,7.979727989493313e-17,-8.673617379884035e-18,0,0
2460,0.3848178164316965,0.1336087662754543,0.04422921188294282,0.025989363762662344,9.540979117872439e-18,-1.214306433183765e-17,0,0
2461,0.2858573820235683,0.08341090419850967,0.043867286097790135,0.01971979378960777,-2.7972416050126014e-17,1.3877787807814457e-17,0,0
2462,0.8071044691449069,0.2890150280911473,0.06369321235154882,0.04569446480737094,-6.5052130349130266e-18,-3.8163916471489756e-17,0,0
2463,0.1199999999999637,0.0,0.0618038178852412,0.0,-2.1010320219727596e-14,-0.026152569745083672,0,3
2464,0.1399999999999219,0.0,0.05749571568525879,0.0,-3.3176586478056436e-15,-0.024472878289533352,0,3
2465,0.1703760238863638,0.02782322123801628,0.05147632116436104,0.011304632396446378,-9.280770596475918e-17,-4.6410629245957624e-17,0,0
2466,0.8261310710843424,0.2951494101481765,0.06477984275893704,0.046560019990071436,-7.37257477290143e-18,-3.469446951953614e-18,0,0
2467,0.8451546174812777,0.3012889174341802,0.06587354067086043,0.047434026435398,-5.811323644522304e-17,2.6020852139652106e-17,0,0
2468,0.8641781924029855,0.3074544977693156,0.06697397316424022,0.048319593139707705,6.852157730108388e-17,1.3877787807814457e-17,0,0
2469,0.8873452866296702,0.3332025089261583,0.06827944839069391,0.052210231513984254,3.122502256758253e-17,1.8214596497756474e-17,0,0
2470,0.9063603718351663,0.3393901860696103,0.06940052537282404,0.053112134292990026,-1.734723475976807e-18,-1.734723475976807e-17,0,0
2471,0.9255023854114921,0.3455989912111693,0.07053482717242573,0.054024645095319804,-2.2551405187698492e-17,1.9081958235744878e-17,0,0
2472,0.9450918343901017,0.3518225688101583,0.07170119360236846,0.054946927983358824,6.071532165918825e-18,-4.336808689942018e-17,0,0
2473,0.9637493303616017,0.3600457376956596,0.07281596940191831,0.05618211662010209,8.413408858487514e-17,-1.3877787807814457e-17,0,0
2474,0.9813628962129213,0.3697473022613184,0.0738732931284055,0.05765084289681907,-6.895525817007808e-17,-5.204170427930421e-18,0,0
2475,1.0,0.3799999999990332,0.07500000000000001,0.05920751345725342,0.014894595851859605,-1.734723475976807e-18,2,0
2476,0.4038236394486592,0.1397900258039325,0.044738897892133825,0.026569849006008624,-3.946495907847236e-17,-2.0816681711721685e-17,0,0
2477,0.4228312146073653,0.1459695586073176,0.045313757871889467,0.027179629130275072,3.642919299551295e-17,-2.7755575615628914e-17,0,0
2478,0.4418384468126089,0.1521510948071731,0.04594578977637298,0.027815980607805126,-1.6479873021779667e-17,-5.204170427930421e-18,0,0
2479,0.4608469136001381,0.1583350724628831,0.046628338924655906,0.028475971279213686,4.85722573273506e-17,-8.673617379884035e-18,0,0
2480,0.4798501561155086,0.1645181270161036,0.047355494023015324,0.02915685554283929,-4.0766001685454967e-17,1.3877787807814457e-17,0,0
2481,0.4988535409402212,0.1706966119195393,0.04812268165614161,0.029855926970730706,2.0816681711721685e-17,8.673617379884035e-18,0,0
2482,0.5178563113455363,0.1768721995716434,0.04892559100057628,0.03057161937802419,1.9949319973733282e-17,-2.6020852139652106e-17,0,0
2483,0.5368632460230963,0.1830530604317834,0.049760627550919964,0.03130367475241716,-8.673617379884035e-18,-5.204170427930421e-18,0,0
2484,0.5558729695242325,0.1892373951761449,0.050624537123720115,0.03205051910740854,6.938893903907228e-18,6.938893903907228e-18,0,0
2485,0.3046788816453545,0.0893809066823248,0.04375651840251314,0.020161349945692745,3.686287386450715e-17,1.5612511283791264e-17,0,0
2486,0.3236519317211406,0.09552036767252098,0.0437919297699275,0.02068735459987682,-2.7321894746634712e-17,6.938893903907228e-18,0,0
2487,0.3426564869372009,0.1017006721129329,0.043956071172945206,0.021253055314465853,-4.9873299934333204e-17,-6.938893903907228e-18,0,0
2488,0.3616634639325867,0.1078778238878278,0.04423069174397289,0.02184658022177295,7.806255641895632e-18,5.204170427930421e-18,0,0
2489,0.380670765311388,0.1140587056951505,0.044599662803447855,0.022466909576288947,2.1250362580715887e-17,6.938893903907228e-18,0,0
2490,0.5748833160401268,0.1954223610518477,0.051514420672002396,0.03281059632299059,-1.431146867680866e-17,6.938893903907228e-18,0,0
2491,0.1599999999998912,0.0,0.05419385078624728,0.0,-4.3281350725621337e-16,-0.023052044161397445,0,3
2492,0.1699999999998724,0.01192962377076415,0.05243129137176879,0.004897339130044307,-5.594483210025203e-17,-2.168404344971009e-17,0,0
2493,0.1872845196755813,0.03441305198328348,0.049495708163082894,0.012486538527537245,1.0408340855860843e-17,6.938893903907228e-18,0,0
2494,0.205148586049694,0.04149008796455542,0.047820569760656996,0.013520093034740593,3.642919299551295e-17,-1.3877787807814457e-17,0,0
2495,0.2239713822180504,0.04586673207603938,0.04664172666223409,0.013629844814660029,-4.7704895589362195e-18,2.0816681711721685e-17,0,0
2496,0.2486337481407062,0.05154524979450791,0.04556634653523884,0.013862902505136868,-7.806255641895632e-18,3.382710778154774e-17,0,0
2497,0.2611272353195028,0.06339520662216178,0.04481381414058696,0.016270728610839558,-4.85722573273506e-17,3.469446951953614e-18,0,0
2498,0.2797299142125366,0.06571469110458539,0.04454116155768767,0.015960431287260202,1.0625181290357943e-17,-2.0816681711721685e-17,0,0
2499,0.8831945697320079,0.3136406577965455,0.06808034832734658,0.04921580651066786,-3.382710778154774e-17,-2.710505431213761e-17,0,0
2500,0.5938940177885788,0.2016074134622496,0.052427783388356256,0.033582849722898,3.903127820947816e-18,-3.469446951953614e-18,0,0
2501,0.6129006915148223,0.2077892950279115,0.053362221836522374,0.03436596791809104,-3.686287386450715e-17,3.9898639947466563e-17,0,0
2502,0.6318996286162579,0.213961848437583,0.05431562810775622,0.03515828353523013,1.3877787807814457e-17,0.0,0,0
2503,0.6509090952124919,0.2201474904012361,0.05528701767282943,0.035962563245738495,5.204170427930421e-18,4.5102810375396984e-17,0,0
2504,0.6699081258928803,0.2263257098450854,0.05627389811103327,0.03677518931284558,-1.734723475976807e-17,-8.673617379884035e-18,0,0
2505,0.688916311975079,0.2325053207789679,0.057275878034837,0.03759694074622408,1.6479873021779667e-17,1.3877787807814457e-17,0,0
2506,0.707913968242546,0.2386510155096471,0.058290863136059703,0.03842201604261283,-2.2551405187698492e-17,-6.938893903907228e-18,0,0
2507,0.726924417611826,0.2447652300270302,0.05931897201097784,0.03925032629822131,8.239936510889834e-18,8.673617379884035e-18,0,0
2508,0.7459359285772077,0.2509449978128349,0.060357980131667356,0.04009692391385357,1.734723475976807e-17,-6.938893903907228e-18,0,0
2509,0.7649495130964636,0.2571307602600225,0.061407445976203526,0.040952184418980915,2.6020852139652106e-18,-4.336808689942018e-17,0,0
2510,0.7839634696482041,0.263316991308564,0.062466503757943055,0.0418150476121484,1.3877787807814457e-17,-3.9898639947466563e-17,0,0
2511,0.8029778005328648,0.2695033104562156,0.06353443685396096,0.04268529503532369,2.0816681711721685e-17,2.42861286636753e-17,0,0
2512,0.3996750096247194,0.1202397161465662,0.045051161614380275,0.02311087164013097,-9.540979117872439e-18,2.949029909160572e-17,0,0
2513,0.3004782870222493,0.06977813866222946,0.04439213256010665,0.016049514655433497,5.551115123125783e-17,8.673617379884035e-18,0,0
2514,0.8219752804926252,0.2756417807497413,0.06460978723849649,0.04355544474471149,-5.377642775528102e-17,1.0408340855860843e-17,0,0
2515,0.1886559691211861,0.01622480444274578,0.050233139268814474,0.005899674250586201,-5.984795992119984e-17,-2.688821387764051e-17,0,0
2516,0.8410141054513527,0.2817434899824955,0.06569525879065641,0.04442691612466609,8.239936510889834e-18,1.9081958235744878e-17,0,0
2517,0.8600304928494757,0.2878963639122926,0.0667863410325117,0.04531352626530322,-4.163336342344337e-17,-1.9081958235744878e-17,0,0
2518,0.879043698019753,0.2940788774824255,0.0678838114698187,0.04621179385478986,-1.1709383462843448e-17,1.3877787807814457e-17,0,0
2519,0.9022110986641222,0.3198275740310421,0.06919279679939278,0.05011953993066037,1.0408340855860843e-17,-1.474514954580286e-17,0,0
2520,0.9212176454528685,0.326017050355094,0.07031041488418234,0.051031091090928654,3.426078865054194e-17,1.734723475976807e-18,0,0
2521,0.9402289458434872,0.3322066825958637,0.07143391191592822,0.051949972407536106,2.2985086056692694e-17,1.0408340855860843e-17,0,0
2522,0.9634492873081564,0.3387225035217837,0.0728140927296878,0.05292215465330089,-6.071532165918825e-18,1.734723475976807e-18,0,0
2523,0.9813216956749403,0.3502297436942868,0.0738786967282029,0.05467142214389047,-5.594483210025203e-17,3.122502256758253e-17,0,0
2524,1.0,0.3599999999990915,0.07500000000000001,0.056159256684515026,0.014884634050297722,6.938893903907228e-18,2,0
2525,0.4186840455646266,0.1264196245223807,0.04557493986477109,0.02377550849138277,2.8189256484623115e-17,-1.3877787807814457e-17,0,0
2526,0.4376901127492254,0.132598278335258,0.0461618182854142,0.02445904249503137,-3.8163916471489756e-17,-8.673617379884035e-18,0,0
2527,0.456698922022824,0.1387810574979637,0.046804213106598686,0.025160293632144295,3.0357660829594124e-18,5.204170427930421e-18,0,0
2528,0.4757072924291189,0.1449661298750758,0.047495615137764846,0.025877804097214723,6.938893903907228e-18,0.0,0,0
2529,0.4947029038303518,0.1511475364420261,0.04823020210117539,0.026609687573798644,-1.3010426069826053e-17,-3.642919299551295e-17,0,0
2530,0.5137061806748053,0.1573200946175424,0.0490041723655488,0.02735330239678926,7.806255641895632e-18,2.2551405187698492e-17,0,0
2531,0.5327132752198664,0.1634977324108315,0.04981300723418164,0.028110012302468703,-5.074066167232161e-17,1.734723475976807e-17,0,0
2532,0.5517236117649406,0.1696818051170569,0.05065308816951596,0.028879194167674958,4.683753385137379e-17,0.0,0,0
2533,0.570734111247218,0.1758661886507891,0.05152122954883469,0.029659129636326845,-3.903127820947816e-17,1.0408340855860843e-17,0,0
2534,0.3194832406766296,0.07597518638002473,0.044336873364247756,0.016745128323034736,-5.898059818321144e-17,-5.204170427930421e-18,0,0
2535,0.3384960865421111,0.08216220778673813,0.04442375043804781,0.017439714998484738,2.7321894746634712e-17,-1.734723475976807e-18,0,0
2536,0.3575117513025178,0.08832482887985288,0.04463131608925972,0.018136077267348297,1.3444106938820255e-17,-6.938893903907228e-18,0,0
2537,0.3765188131979911,0.09450645113711205,0.04494079425801239,0.018844987385648146,4.336808689942018e-18,-2.42861286636753e-17,0,0
2538,0.3955235389256038,0.1006863652551026,0.04533850024686609,0.019565317504189425,-8.239936510889834e-18,-3.469446951953614e-18,0,0
2539,0.5897451130170708,0.1820508959710899,0.052414695898127875,0.03044913212239173,4.5102810375396984e-17,-1.734723475976807e-18,0,0
2540,0.1799999999998534,0.0,0.05155719275961512,0.0,-8.283304597789254e-17,-0.021371257826006115,0,3
2541,0.1999353821690695,0.026927027991097,0.048828187631710984,0.00913573389534287,5.0306980803327406e-17,2.6020852139652106e-18,0,0
2542,0.2178706718764317,0.02963727298443117,0.0475866440015891,0.009161198520315095,-2.3418766925686896e-17,-1.0408340855860843e-17,0,0
2543,0.2389648288401485,0.032588310944828,0.04651812266706518,0.009181269247136453,1.2685165418080402e-17,-8.673617379884035e-18,0,0
2544,0.2711409843188162,0.04974169084282315,0.04517399737392268,0.012467618878948039,3.903127820947816e-17,1.734723475976807e-18,0,0
2545,0.2937702304005888,0.04961991264968636,0.04496571583448726,0.011710226083457684,-1.3444106938820255e-17,-2.5153490401663703e-17,0,0
2546,0.8980603989177793,0.3002652155836488,0.06898773966135746,0.04711768343543779,-3.469446951953614e-17,2.5153490401663703e-17,0,0
2547,0.6087556039769675,0.1882356828339105,0.053331007328073575,0.03124858489226729,-4.336808689942018e-19,3.469446951953614e-18,0,0
2548,0.6277652842829886,0.1944190700927662,0.05426800907493685,0.03205675014482578,-4.336808689942018e-19,-2.6020852139652106e-17,0,0
2549,0.6467827861466995,0.2006109033732904,0.05522416380177086,0.03287467230104166,9.540979117872439e-18,1.9081958235744878e-17,0,0
2550,0.6657961210778568,0.2067972937394031,0.05619725866219458,0.03369985807693439,-1.8648277366750676e-17,1.5612511283791264e-17,0,0
2551,0.6848093198928683,0.2129836916852948,0.057185940440404155,0.034532823875935856,-9.540979117872439e-18,-5.204170427930421e-18,0,0
2552,0.7038052420650492,0.2191422416928195,0.05818808175165334,0.03536902259547588,-1.3010426069826053e-18,-1.734723475976807e-18,0,0
2553,0.722787156050438,0.225260963669328,0.0592026623685002,0.03620631351899858,-5.204170427930421e-18,-1.214306433183765e-17,0,0
2554,0.7417949991533714,0.2313986531040968,0.06023044056037896,0.037053531532874294,2.5153490401663703e-17,1.734723475976807e-18,0,0
2555,0.7607996966130404,0.2375713392709661,0.061268782871125214,0.03791324726006804,-1.3010426069826053e-17,3.8163916471489756e-17,0,0
2556,0.7798136765387755,0.243757168367868,0.06231766326275172,0.038781785573834854,-2.862293735361732e-17,1.734723475976807e-17,0,0
2557,0.7988280061658097,0.249943157515074,0.06337585895559034,0.03965706660939232,2.2551405187698492e-17,2.42861286636753e-17,0,0
2558,0.8178337283920302,0.2561192852935729,0.06444219087092055,0.040537512043992044,-6.418476861114186e-17,2.2551405187698492e-17,0,0
2559,0.4145270448305958,0.1068761725785798,0.04581447514297121,0.0202976807039909,3.0791341698588326e-17,-3.469446951953614e-18,0,0
2560,0.3152905332676513,0.05653575748022173,0.044816280719195814,0.012668975967098397,4.336808689942018e-18,1.214306433183765e-17,0,0
2561,0.8368396993852424,0.262237095361198,0.0655166762009737,0.04141551385516259,6.114900252818245e-17,-1.214306433183765e-17,0,0
2562,0.1999999999998319,0.0,0.04956126969114418,0.0,-1.474514954580286e-17,-0.020962045663543726,0,3
2563,0.2598047875918192,0.03421744470433703,0.045840973623288796,0.008956134026310123,-6.071532165918825e-18,-3.469446951953614e-18,0,0
2564,0.8558738795501624,0.2683573139521479,0.06660013757525528,0.042300416264352735,-2.3418766925686896e-17,6.938893903907228e-18,0,0
2565,0.8748932645760533,0.2745174542462845,0.06768950313377299,0.04319822019553482,6.591949208711867e-17,8.673617379884035e-18,0,0
2566,0.8939095817820342,0.2807032234282881,0.06878508616669513,0.04410664486842793,-4.7704895589362195e-18,-6.938893903907228e-18,0,0
2567,0.9170678756959557,0.3064543196103108,0.07009699488426065,0.048031103391576506,-3.469446951953614e-17,4.336808689942018e-19,0,0
2568,0.9360474491980537,0.3126498686449122,0.07121015013902507,0.04895269334891652,5.2475385148298415e-17,3.642919299551295e-17,0,0
2569,0.9550574007477276,0.3188386274842137,0.07233040896178185,0.04988099649208809,1.6046192152785466e-17,-4.423544863740858e-17,0,0
2570,0.9846324620761788,0.332654408737882,0.07408294322234822,0.05197887575848248,-3.122502256758253e-17,8.673617379884035e-19,0,0
2571,1.0,0.3399999999991498,0.07500000000000001,0.053101194077780856,0.014877648062777115,8.673617379884035e-18,2,0
2572,0.4335391745729461,0.1130454231288026,0.04635986794206195,0.02103628732048815,-2.3418766925686896e-17,1.5612511283791264e-17,0,0
2573,0.4525491301970888,0.1192260107420858,0.04696483248700136,0.02178620011300076,1.734723475976807e-17,-1.214306433183765e-17,0,0
2574,0.4715567071058032,0.125410378226623,0.04762245390637687,0.022546395191553204,7.806255641895632e-18,-6.938893903907228e-18,0,0
2575,0.4905548768462661,0.1315946292436685,0.04832680160691605,0.023316599241568533,3.7730235602495554e-17,2.42861286636753e-17,0,0
2576,0.5095558352644971,0.1377668780920157,0.049073305831636764,0.024093539349760412,-6.938893903907228e-17,-1.734723475976807e-17,0,0
2577,0.5285625685390332,0.1439423507375112,0.049857300198422404,0.02487926794187777,2.3852447794681098e-17,-1.0408340855860843e-17,0,0
2578,0.547574217061424,0.1501256490228902,0.050674790988105206,0.025674311465342166,4.336808689942018e-17,-2.2551405187698492e-17,0,0
2579,0.5665849818877842,0.1563101086130682,0.051522223315797644,0.026477391899500838,-2.992397996059992e-17,-1.3877787807814457e-17,0,0
2580,0.585596037316417,0.1624944362541806,0.05239668539675095,0.027287925874930345,-3.903127820947816e-18,-1.734723475976807e-17,0,0
2581,0.3343144878673205,0.06268301425337819,0.04483202212349012,0.013506175420526163,-8.673617379884035e-19,-1.734723475976807e-18,0,0
2582,0.3533586207478577,0.06876917742171923,0.04498175156167959,0.014311017260614222,-3.122502256758253e-17,-3.469446951953614e-18,0,0
2583,0.3723679186232184,0.07495223690065464,0.045238933139932595,0.015124078832979362,5.2909066017292616e-17,2.42861286636753e-17,0,0
2584,0.3913541381959931,0.0811792694690393,0.04558999575787807,0.01594135805681152,-4.5102810375396984e-17,-1.9081958235744878e-17,0,0
2585,0.4103625251314371,0.08734558093161951,0.04602314038771447,0.016746050731432413,4.0766001685454967e-17,5.204170427930421e-18,0,0
2586,0.6046074011407492,0.1686791673367383,0.053295537817847016,0.028105713879936947,1.3010426069826053e-17,1.9081958235744878e-17,0,0
2587,0.2098772875520288,0.01493475725809349,0.04855400672376277,0.00483704954053042,3.209238430557093e-17,4.336808689942018e-18,0,0
2588,0.2299712803241356,0.01616205068926153,0.047334247396410775,0.004765685088335801,-2.1169047417779474e-17,-5.204170427930421e-18,0,0
2589,0.2499772975019129,0.01731798110174396,0.04648105171384939,0.004717147161710116,3.8163916471489756e-17,5.204170427930421e-18,0,0
2590,0.2800237121265952,0.03465683072528986,0.04544699317626214,0.008537194274405632,2.6020852139652106e-18,4.336808689942018e-18,0,0
2591,0.3120235670059271,0.03712217898949299,0.04519771196732622,0.008418689152039268,-5.637851296924623e-17,-1.9081958235744878e-17,0,0
2592,0.9129265319946923,0.2868897872071992,0.06988677804994996,0.045021867963524254,0.0,-7.32920668600201e-17,0,0
2593,0.9720782164784172,0.3216117810107858,0.07334049237393553,0.050291963270421645,-7.806255641895632e-17,1.0408340855860843e-17,0,0
2594,0.623619770078373,0.1748648982068008,0.054216485454631445,0.02893061323976821,-1.2576745200831851e-17,-6.938893903907228e-18,0,0
2595,0.6426332253648119,0.1810517926771011,0.05515746870946709,0.029762416713250008,-3.903127820947816e-18,-6.938893903907228e-18,0,0
2596,0.6616469068233165,0.1872383484895134,0.05611662096217629,0.030600701358703037,-1.8648277366750676e-17,-1.734723475976807e-17,0,0
2597,0.6806601346685571,0.1934246018988355,0.057092263686695545,0.03144532707597496,2.5587171270657905e-17,-1.9081958235744878e-17,0,0
2598,0.6996557698842654,0.1996050649625303,0.058082042065594565,0.032295415958457876,4.85722573273506e-17,-1.214306433183765e-17,0,0
2599,0.7186426680922529,0.2057350914197155,0.059085331641498144,0.033143722084808085,-9.540979117872439e-18,8.673617379884035e-18,0,0
2600,0.7376461663930693,0.2118517809953465,0.06010210444770467,0.03399589797965534,-2.3852447794681098e-17,8.673617379884035e-18,0,0
2601,0.7566494390854649,0.2180115469895468,0.06113011218393185,0.03486096057160776,-1.734723475976807e-17,-3.8163916471489756e-17,0,0
2602,0.7756637368129938,0.2241974117222165,0.06216916858437411,0.03573606939796996,5.2909066017292616e-17,2.949029909160572e-17,0,0
2603,0.7946772071318243,0.230383047547852,0.0632179000706567,0.03661711212398212,-1.8214596497756474e-17,-4.85722573273506e-17,0,0
2604,0.813686399432256,0.2365684992349857,0.06427534137120068,0.03750412616849814,-2.168404344971009e-17,-2.7755575615628914e-17,0,0
2605,0.8326987042341978,0.2427110296850267,0.06534136617733906,0.038390436327884594,6.765421556309548e-17,-1.9081958235744878e-17,0,0
2606,0.4293779751642424,0.09352032548700719,0.04653098809176931,0.017552366864713394,-4.2934406030425976e-17,1.734723475976807e-18,0,0
2607,0.3299676938349474,0.04372087977772578,0.04515576161475922,0.009551314639405476,2.2985086056692694e-17,1.5612511283791264e-17,0,0
2608,0.8517294127462827,0.2488052399641594,0.06641620678202431,0.03927522341692149,-2.905661822261152e-17,-5.204170427930421e-18,0,0
2609,0.2199999999997871,0.0,0.048088919655334725,0.0,-9.540979117872439e-18,-0.020266328774946725,0,3
2610,0.2698153368628992,0.01716548324087618,0.04593125882252365,0.004374664956046386,7.806255641895632e-18,-2.2551405187698492e-17,0,0
2611,0.2958496951181008,0.03222536702767073,0.04534264163331572,0.007611935829450438,4.141652298894627e-17,2.949029909160572e-17,0,0
2612,0.8707451568096585,0.2549636731033088,0.06749708489929482,0.04017620830404452,1.6479873021779667e-17,-2.42861286636753e-17,0,0
2613,0.8897585264890786,0.2611408713503697,0.0685844016941905,0.041086299947868055,-4.85722573273506e-17,2.0816681711721685e-17,0,0
2614,0.9087756145195356,0.2673271811284246,0.06967812819666953,0.04200405115005892,6.331740687315346e-17,6.245004513516506e-17,0,0
2615,0.9319441299482181,0.2930764218399686,0.07099418041298687,0.045943932137920106,-8.673617379884035e-19,5.637851296924623e-18,0,0
2616,0.950675839081138,0.2993240744645076,0.0720900111312776,0.04688300404593383,5.984795992119984e-17,4.85722573273506e-17,0,0
2617,0.9687279978768496,0.3046524561706134,0.07315158721135484,0.04768738358953911,-5.637851296924623e-17,-4.5102810375396984e-17,0,0
2618,1.0,0.3199999999992081,0.07500000000000001,0.050034579805503604,0.01486444241401147,-6.938893903907228e-18,2,0
2619,0.9854087740181224,0.3115777746719661,0.0741357833163172,0.04874250261226656,1.6479873021779667e-17,-1.214306433183765e-17,0,0
2620,0.4483973343659421,0.09967597718894362,0.04710323822755335,0.018354051023699927,5.2909066017292616e-17,-8.673617379884035e-18,0,0
2621,0.4674100596023565,0.1058532910965081,0.047730459604318515,0.019161961230636463,-1.431146867680866e-17,5.204170427930421e-18,0,0
2622,0.4864150984637475,0.1120371918889979,0.04840749884634379,0.01997578190041373,-3.8163916471489756e-17,-2.7755575615628914e-17,0,0
2623,0.5054138143628666,0.1182199690501333,0.04912882514304171,0.020792958314074024,1.734723475976807e-18,3.2959746043559335e-17,0,0
2624,0.5244134568170696,0.1243969510912033,0.04988968691600094,0.021612629043690025,-2.6020852139652106e-18,-2.0816681711721685e-17,0,0
2625,0.543420396484679,0.1305693816964504,0.050686116116524675,0.022435533979030045,2.168404344971009e-17,3.122502256758253e-17,0,0
2626,0.5624347553778137,0.1367542913211255,0.05151445248952888,0.023265010865849756,-1.3010426069826053e-18,8.673617379884035e-18,0,0
2627,0.5814463407018816,0.1429377013378573,0.05237120356506299,0.024098814980417826,1.734723475976807e-17,0.0,0,0
2628,0.600458308227658,0.1491216366548336,0.053253686548916754,0.024937310747850994,-3.122502256758253e-17,-3.122502256758253e-17,0,0
2629,0.3490175675916572,0.0497906631752633,0.045252566851816584,0.010497288736325903,1.4094628242311558e-17,1.734723475976807e-18,0,0
2630,0.3682188801617366,0.05539537361187027,0.0454812731198698,0.011303998911985696,-2.42861286636753e-17,-1.214306433183765e-17,0,0
2631,0.3872113347180147,0.06158295012339123,0.0457945629010274,0.0122160662304448,2.688821387764051e-17,1.214306433183765e-17,0,0
2632,0.4061406985796939,0.06800203246635586,0.04619002985929547,0.013153351447847371,8.673617379884035e-19,8.673617379884035e-18,0,0
2633,0.4251764804177173,0.07411714436149645,0.046664887528962834,0.014025933441149557,-4.423544863740858e-17,1.734723475976807e-18,0,0
2634,0.6194709504490555,0.1553070015289007,0.054159448929748985,0.0257807351805968,-4.7704895589362195e-18,3.469446951953614e-17,0,0
2635,0.2399999999997272,0.0,0.04703239087947223,0.0,0.0,-0.019811385187532136,0,3
2636,0.2599999999996782,0.0,0.0463071414223876,0.0,1.3877787807814457e-17,-0.01943948574810972,0,3
2637,0.2890862239577888,0.01680064291388626,0.04561562418836593,0.0040588259458717935,-5.984795992119984e-17,-1.9949319973733282e-17,0,0
2638,0.3251478714970607,0.02403480515547689,0.045407810550755254,0.005328987797855883,-5.984795992119984e-17,8.673617379884035e-19,0,0
2639,0.3070178929296441,0.01836383234775448,0.04545809628202025,0.004233193269191905,4.318512778281325e-17,1.0408340855860843e-17,0,0
2640,0.9277929426053872,0.2735136147457873,0.07077770878385556,0.0429281597039196,-1.0581813203458523e-16,-1.452830911130576e-17,0,0
2641,0.6384842898854046,0.1614930545848986,0.055086298183759964,0.026628992228664106,-5.204170427930421e-18,-1.5612511283791264e-17,0,0
2642,0.6574979063487744,0.1676792516317039,0.056032255451938934,0.027482020447849406,7.806255641895632e-18,1.3877787807814457e-17,0,0
2643,0.6765113947080288,0.1738653012904487,0.056995558980554785,0.028339821876487883,5.074066167232161e-17,-8.673617379884035e-18,0,0
2644,0.6955242605703063,0.180051487874694,0.0579746239456469,0.02920250145097469,-5.4643789493269423e-17,6.938893903907228e-18,0,0
2645,0.7144814389028553,0.1862277300292071,0.05896511993856488,0.03006882072848987,6.071532165918825e-18,3.642919299551295e-17,0,0
2646,0.7334841171826046,0.1922655560747834,0.05997188622609951,0.030917799496288704,-2.211772431870429e-17,-5.204170427930421e-18,0,0
2647,0.7524989818589717,0.1984513506091098,0.06099055072342325,0.03179525307622378,3.946495907847236e-17,1.9081958235744878e-17,0,0
2648,0.7715137328755902,0.204637288624001,0.06202022391122491,0.032677787546054375,-7.502679033599691e-17,-1.214306433183765e-17,0,0
2649,0.790528480538506,0.210823189278463,0.06306001063272118,0.033565434628482146,6.028164079019405e-17,4.85722573273506e-17,0,0
2650,0.8095350122125271,0.2170038267508355,0.06410864714915208,0.034457498513670505,-2.6020852139652106e-18,-1.3877787807814457e-17,0,0
2651,0.8285478457570359,0.2231497410471502,0.06516629254636679,0.03534941373404902,2.1250362580715887e-17,1.214306433183765e-17,0,0
2652,0.8475740120117674,0.229223954128732,0.06623276794992879,0.03623551838334349,-1.7780915628762273e-17,2.7755575615628914e-17,0,0
2653,0.4442489914933537,0.08011585505929102,0.047212170320055764,0.014861865757832535,3.3176586478056436e-17,1.3877787807814457e-17,0,0
2654,0.3434273546638564,0.03223694093290948,0.04543502089353205,0.006892631243098022,2.4936649967166602e-17,1.734723475976807e-18,0,0
2655,0.8665934316682353,0.2353960788346216,0.06730584608596964,0.03714249778360829,-3.903127820947816e-17,3.8163916471489756e-17,0,0
2656,0.279999999999601,0.0,0.045846203257715164,0.0,2.6020852139652106e-18,-0.019127946047820255,0,3
2657,0.8856071815197302,0.2415783127094972,0.06838533806477184,0.03805672961211696,3.729655473350135e-17,1.734723475976807e-18,0,0
2658,0.904624444063748,0.2477646408344547,0.0694713431914929,0.03897737303803047,-8.673617379884035e-19,-3.9898639947466563e-17,0,0
2659,0.9236419184706006,0.2539509586994865,0.07056328390147756,0.03990392155135401,2.2985086056692694e-17,1.214306433183765e-17,0,0
2660,0.9465652778191123,0.2797522258482052,0.07186821848547079,0.04386729033089664,5.898059818321144e-17,8.673617379884035e-19,0,0
2661,0.9652441344645708,0.2857227038727766,0.07295839306560631,0.04477172806903626,4.597017211338539e-17,5.377642775528102e-17,0,0
2662,0.9838879947632553,0.2919414930073901,0.07405129994854502,0.045719578177855644,-9.194034422677078e-17,0.0,0,0
2663,1.0,0.2999999999992664,0.07500000000000001,0.04695825843704448,0.014854266194798614,1.734723475976807e-18,2,0
2664,0.4632586751656652,0.08629495761996714,0.04781290988043642,0.015724444131149512,-3.599551212651875e-17,3.469446951953614e-18,0,0
2665,0.4822709862155206,0.09247933423195046,0.04846608076223489,0.016588231384570416,1.214306433183765e-17,3.642919299551295e-17,0,0
2666,0.5012808538970102,0.09866509826465047,0.049166132541956724,0.01744932022703203,-3.209238430557093e-17,0.0,0,0
2667,0.5202640328230369,0.1048500141703217,0.04990615927402877,0.01830831883909678,5.160802341031001e-17,-1.3877787807814457e-17,0,0
2668,0.5392677455632053,0.1110199161115054,0.050683764085668485,0.019163957752818338,-2.8189256484623115e-17,-4.163336342344337e-17,0,0
2669,0.5582819057876658,0.117197423648054,0.051494785353106316,0.020021756239044577,1.3010426069826053e-18,2.0816681711721685e-17,0,0
2670,0.5772935308745368,0.1233790605349891,0.05233545701498969,0.020881517247841888,4.336808689942018e-18,1.9081958235744878e-17,0,0
2671,0.5963072031871129,0.1295635267895652,0.0532030299974717,0.021743398692362772,-9.107298248878237e-18,-3.469446951953614e-18,0,0
2672,0.6153211464426751,0.1357482178435495,0.05409489171055471,0.02260750344105709,-4.597017211338539e-17,-8.673617379884035e-18,0,0
2673,0.3640674209689546,0.03583639873667466,0.04565506485565095,0.0073910936698590645,-9.540979117872439e-18,-3.469446951953614e-18,0,0
2674,0.3836441999749057,0.04343577276435166,0.04593282866340399,0.008688179747035353,-4.9873299934333204e-18,-2.6020852139652106e-17,0,0
2675,0.4023602749592446,0.04887376393579207,0.046312469996147014,0.009526020577475851,3.2526065174565133e-18,-2.7755575615628914e-17,0,0
2676,0.4206548085250001,0.05569305889176,0.04674286744382379,0.010621907962706706,4.683753385137379e-17,-6.938893903907228e-18,0,0
2677,0.4397673553570126,0.06169380689848384,0.047261424875836934,0.01152872098381062,-2.9329362831627404e-17,-1.214306433183765e-17,0,0
2678,0.6343346240309269,0.1419337892959167,0.055008720991367645,0.02347423002052697,5.898059818321144e-17,1.5612511283791264e-17,0,0
2679,0.2999999999995319,0.0,0.04559372400764388,0.0,7.806255641895632e-18,-0.018815863257719674,0,3
2680,0.3362965523141713,0.01368519190173918,0.04551314714959158,0.0029695811809103247,3.382710778154774e-17,-2.0816681711721685e-17,0,0
2681,0.3199999999994552,0.0,0.045517069172252615,0.0,-1.0408340855860843e-17,-0.018565779656613945,0,3
2682,0.9426185181344549,0.2601461019774673,0.07165843584361319,0.0408378100775563,-2.168404344971009e-17,-2.0599841277224584e-17,0,0
2683,0.653348603846196,0.1481196938266277,0.055942481333461754,0.024343735977008667,-3.122502256758253e-17,5.204170427930421e-18,0,0
2684,0.6723628423091579,0.1543059764254344,0.05689432485474808,0.0252163154580821,1.734723475976807e-18,8.673617379884035e-18,0,0
2685,0.6913619159832172,0.1604929381545372,0.057861819861837194,0.026092377088690756,-2.8189256484623115e-17,1.5612511283791264e-17,0,0
2686,0.7103439656771025,0.1666602050168269,0.05884348270345071,0.026968837150550578,5.0306980803327406e-17,-4.336808689942018e-17,0,0
2687,0.729332032414159,0.1727681926189348,0.05983936909784816,0.02783947430470485,-1.1275702593849246e-17,-5.204170427930421e-18,0,0
2688,0.7483486128042267,0.17889094716389,0.06084915199359298,0.02871617641778186,-2.992397996059992e-17,-6.938893903907228e-18,0,0
2689,0.7673576118565388,0.1850995286061078,0.06186954182280656,0.029610598938297993,-6.938893903907228e-18,3.8163916471489756e-17,0,0
2690,0.7863784915637264,0.1912625947536796,0.06290123812153749,0.03050194710365859,3.469446951953614e-17,-2.6020852139652106e-17,0,0
2691,0.8053937303626172,0.1974486820397894,0.06394213165150658,0.031401316909796764,1.9949319973733282e-17,3.469446951953614e-17,0,0
2692,0.8243963614604324,0.2035982976073293,0.06499124165884934,0.032299524201395195,-6.678685382510707e-17,2.42861286636753e-17,0,0
2693,0.8434311277158866,0.2096885567385386,0.06605040058730192,0.03319305454951765,-2.6020852139652106e-17,1.3877787807814457e-17,0,0
2694,0.862443067752189,0.2158347488502226,0.06711554059072594,0.034100317801440454,-4.9873299934333204e-17,-2.0816681711721685e-17,0,0
2695,0.4591359435484424,0.06676759315112718,0.047864778484043476,0.0122400294896639,5.160802341031001e-17,-5.204170427930421e-18,0,0
2696,0.3508678444614715,0.01706161090746967,0.04562184439207125,0.0036076319509300947,-1.7923217163900995e-17,5.204170427930421e-18,0,0
2697,0.8814558373743188,0.2220159191697059,0.06818751963584586,0.03501811257629427,7.589415207398531e-17,-1.734723475976807e-18,0,0
2698,0.9004731761916264,0.2282020411315418,0.0692661154345257,0.03594192480190011,-2.2985086056692694e-17,1.3877787807814457e-17,0,0
2699,0.9194907423741091,0.2343882176957938,0.07035066061796758,0.03687114997194776,7.37257477290143e-18,-3.642919299551295e-17,0,0
2700,0.9385085151563701,0.2405746108636694,0.07144073907080994,0.037805914006383196,3.642919299551295e-17,2.6020852139652106e-18,0,0
2701,0.9616756505534518,0.2663237017313482,0.07276317829285067,0.04177532248844257,-1.734723475976807e-18,-5.204170427930421e-18,0,0
2702,0.9820592632862983,0.2711997347711479,0.07395058486834802,0.042517355734939574,2.42861286636753e-17,2.0816681711721685e-17,0,0
2703,1.0,0.2799999999993247,0.07500000000000001,0.043873959399279266,0.014846453559348289,-2.6020852139652106e-17,2,0
2704,0.478121552455287,0.07292023892793403,0.048497406429747945,0.013154481879819104,-4.0332320816460765e-17,-4.336808689942018e-17,0,0
2705,0.4971349596781229,0.07910574171361556,0.04917927781393844,0.014064598112973264,-2.6020852139652106e-18,-1.3877787807814457e-17,0,0
2706,0.5161159668051263,0.08529013167336003,0.049902702974792205,0.01496519178794587,6.071532165918825e-17,2.2551405187698492e-17,0,0
2707,0.5351106535580037,0.09146077948436039,0.050663963225599996,0.015857379892911975,-2.949029909160572e-17,2.2551405187698492e-17,0,0
2708,0.5541204560134625,0.09763280153411363,0.05145986481336509,0.01674693330904894,-1.5178830414797062e-17,-1.5612511283791264e-17,0,0
2709,0.5731333980914678,0.1038158501736881,0.05228647507121502,0.017635970162911293,3.903127820947816e-18,6.938893903907228e-18,0,0
2710,0.592153909823357,0.1100032712388718,0.053141108841454766,0.01852397393171673,3.0791341698588326e-17,0.0,0,0
2711,0.6111712053915883,0.1161890000980881,0.05402067202573813,0.019411183700717535,-5.811323644522304e-17,-2.2551405187698492e-17,0,0
2712,0.6301846833874916,0.1223738928321934,0.05492279970500362,0.0202983142800792,5.854691731421724e-17,-1.5612511283791264e-17,0,0
2713,0.3801931869486064,0.02803515236520918,0.046001302558722916,0.005640380004554999,9.540979117872439e-18,1.9081958235744878e-17,0,0
2714,0.3983116592101054,0.03136196091747142,0.046362915456771736,0.006159043021747197,1.0408340855860843e-17,8.673617379884035e-18,0,0
2715,0.4195671464440778,0.03599068580745388,0.046873019339534326,0.0068836335019714714,-4.85722573273506e-17,2.0816681711721685e-17,0,0
2716,0.4341286224349481,0.04725794719445391,0.04720953371361529,0.008893844412725511,-2.42861286636753e-17,2.42861286636753e-17,0,0
2717,0.4532485812370816,0.0469792419865392,0.047818301758454154,0.008677164206743864,-9.324138683375338e-18,4.336808689942018e-18,0,0
2718,0.3699999999992927,0.01701402779511971,0.04589544483782867,0.003481380373837615,-8.673617379884035e-19,-1.734723475976807e-18,0,0
2719,0.649198755476107,0.1285599190386689,0.05584555353602154,0.021186068060793897,-1.0408340855860843e-17,1.734723475976807e-18,0,0
2720,0.3399999999993845,0.0,0.04559621878623444,0.0,3.469446951953614e-18,-0.01835998217264246,0,3
2721,0.9575268042018074,0.2467614999763076,0.07253611027225379,0.03874607416960429,-2.168404344971009e-17,-4.336808689942018e-18,0,0
2722,0.6682133721184316,0.1347460245091042,0.05678697714228177,0.022074861789501504,-2.7755575615628914e-17,-1.3877787807814457e-17,0,0
2723,0.6872280292911487,0.1409323961177405,0.057745395845222744,0.022965271331478746,3.382710778154774e-17,1.3877787807814457e-17,0,0
2724,0.7062205311559129,0.1471091467876051,0.058718177153112915,0.02385616504619693,1.734723475976807e-18,-5.204170427930421e-18,0,0
2725,0.7252031060740122,0.1532570165908911,0.05970464189847125,0.02474472644854126,-5.637851296924623e-17,-1.3877787807814457e-17,0,0
2726,0.7441782252509335,0.1594257641169081,0.060703415683221275,0.025639175975346477,1.7780915628762273e-17,1.214306433183765e-17,0,0
2727,0.7631908079108504,0.1656050129771092,0.061715912678363426,0.026537994678945274,1.7780915628762273e-17,-5.724587470723463e-17,0,0
2728,0.7822241531301618,0.1717411642542609,0.06274045459384094,0.027433104132187566,2.5587171270657905e-17,-3.642919299551295e-17,0,0
2729,0.8012435649668224,0.1778876438794363,0.06377403890281279,0.028333369989678378,-3.9898639947466563e-17,-1.5612511283791264e-17,0,0
2730,0.8202500429598718,0.184063603671501,0.06481583567462242,0.029242013862258442,-4.336808689942018e-17,6.938893903907228e-18,0,0
2731,0.8392190892189186,0.1901981660902589,0.06586391453645385,0.03014816913852729,9.627715291671279e-17,-2.949029909160572e-17,0,0
2732,0.8582667914074298,0.1963286689832398,0.0669240030194337,0.0310576177004955,1.734723475976807e-17,-1.734723475976807e-17,0,0
2733,0.8772998013125426,0.2024705202204398,0.06799021458698819,0.031973330606238894,9.540979117872439e-18,-2.7755575615628914e-17,0,0
2734,0.4740046910043272,0.05339730395163479,0.048498851454252326,0.00968276692951803,2.42861286636753e-17,8.673617379884035e-18,0,0
2735,0.3599999999993138,0.0,0.04579484515246406,0.0,-2.6020852139652106e-17,-0.018278335568961124,0,3
2736,0.8963177072054005,0.20864919344558,0.06906193178800163,0.03289949867551422,-3.903127820947816e-18,-1.734723475976807e-18,0,0
2737,0.9153393970809209,0.2148252664776875,0.07013980218493322,0.03383016621503688,-1.214306433183765e-17,4.5102810375396984e-17,0,0
2738,0.9343572534678053,0.2210115389256963,0.07122301350707136,0.03476748990569395,-6.591949208711867e-17,1.5612511283791264e-17,0,0
2739,0.9524696099828753,0.2273901441289611,0.0722590267887276,0.03574091310027111,3.729655473350135e-17,2.42861286636753e-17,0,0
2740,0.9788616232282242,0.2496449251174278,0.07377271095043775,0.03918037222914559,-7.28583859910259e-17,-7.45931094670027e-17,0,0
2741,1.0,0.259999999999383,0.07500000000000001,0.04078116370616113,0.014836054053394762,3.2959746043559335e-17,2,0
2742,0.492986716916083,0.05954542588318648,0.04916531470969132,0.010640444749713722,-3.426078865054194e-17,8.673617379884035e-18,0,0
2743,0.5119554610150161,0.06576734003964202,0.04987373523113635,0.011593986307382854,-3.469446951953614e-18,-1.0408340855860843e-17,0,0
2744,0.5309588064975319,0.07189705095346238,0.050623345886954975,0.012517575510746516,-3.903127820947816e-18,1.214306433183765e-17,0,0
2745,0.5499664332970811,0.07806879085234408,0.051407025366872305,0.013442817141632387,3.729655473350135e-17,-2.42861286636753e-17,0,0
2746,0.5689825847695118,0.08425470253474501,0.05222227944161869,0.01436386735770162,-2.3418766925686896e-17,-2.949029909160572e-17,0,0
2747,0.5879989033621058,0.09044091919265154,0.05306538215345953,0.015279635262932509,2.3418766925686896e-17,2.42861286636753e-17,0,0
2748,0.6070173935960386,0.09662728799144289,0.05393436726568004,0.016191959140453356,-2.949029909160572e-17,1.3877787807814457e-17,0,0
2749,0.6260339395403365,0.1028130206676302,0.05482653883572653,0.017101615053260077,3.469446951953614e-17,-1.3877787807814457e-17,0,0
2750,0.6450484294433163,0.1089994100493073,0.05573965153468483,0.018009351375185858,-5.2909066017292616e-17,0.0,0,0
2751,0.3900008677424577,0.01597198969038357,0.0462716918491177,0.003171164350438277,2.949029909160572e-17,-1.1275702593849246e-17,0,0
2752,0.4099999999991963,0.01665531604418397,0.04672790164406591,0.00322500958148305,-3.6435969259090983e-17,-1.734723475976807e-17,0,0
2753,0.4404031088688192,0.03279314897862473,0.04749916678893758,0.006138903059966237,4.163336342344337e-17,-1.734723475976807e-18,0,0
2754,0.4708070650155565,0.03492467641791795,0.048494583079962975,0.006356027503855895,1.9081958235744878e-17,1.3877787807814457e-17,0,0
2755,0.3799999999992717,0.0,0.046109216628281116,0.0,2.7755575615628914e-17,-0.0181117808001856,0,3
2756,0.6640634240030138,0.1151855612013234,0.05667192326863897,0.018915809362601264,8.673617379884035e-18,8.673617379884035e-18,0,0
2757,0.9674629732918274,0.2341773779560724,0.07311960138412837,0.036785068770049646,1.1275702593849246e-16,-5.204170427930421e-18,0,0
2758,0.683078456918612,0.1213719424378595,0.05762156525139286,0.019822078937481558,-2.6020852139652106e-18,-1.734723475976807e-17,0,0
2759,0.702093724891518,0.1275585857392342,0.05858708341091988,0.020728628192233284,2.7755575615628914e-17,2.2551405187698492e-17,0,0
2760,0.7210894758512307,0.1337274825637929,0.059566124887185365,0.021633140882188283,1.3444106938820255e-17,3.469446951953614e-17,0,0
2761,0.7400962125239743,0.1399093828641589,0.06055881633292714,0.022540726202175634,-4.90059381963448e-17,-3.469446951953614e-18,0,0
2762,0.7591038979247322,0.1460922524613492,0.06156354413678399,0.023450103837440017,3.8163916471489756e-17,3.8163916471489756e-17,0,0
2763,0.7780876513781118,0.152230158794579,0.06257811794025142,0.02435453466677587,2.6020852139652106e-18,1.214306433183765e-17,0,0
2764,0.7970899489813277,0.1583757807925211,0.0636037272366713,0.025262560476713224,1.214306433183765e-17,2.949029909160572e-17,0,0
2765,0.816102052834578,0.1645275757702252,0.06463905082473125,0.026174276922602022,-7.979727989493313e-17,-6.938893903907228e-18,0,0
2766,0.8351191668353413,0.1706931839191732,0.06568303439690874,0.027091215049603663,9.8879238130678e-17,1.5612511283791264e-17,0,0
2767,0.8540838166884299,0.1768153388035872,0.06673187822955914,0.02800482871805607,-4.2934406030425976e-17,-8.673617379884035e-18,0,0
2768,0.8731213183963331,0.1829846272202413,0.067791781377743,0.028929350114302227,-4.0766001685454967e-17,1.734723475976807e-18,0,0
2769,0.8921501666529024,0.1891193219074715,0.06885775728053253,0.02985248250680103,7.37257477290143e-18,2.7755575615628914e-17,0,0
2770,0.488582096354773,0.04076344781675623,0.04911218184023082,0.007320057437380055,5.204170427930421e-18,3.469446951953614e-18,0,0
2771,0.4299999999991477,0.01732050807563687,0.047264885675441314,0.0032813430220118515,7.806255641895632e-18,-1.214306433183765e-17,0,0
2772,0.4553304909657073,0.03091638537627411,0.04798894775504278,0.00570890806854173,-7.501323780884084e-18,-1.3877787807814457e-17,0,0
2773,0.9111878646200926,0.1952620917666336,0.0699302054077009,0.030781188025496585,-6.938893903907228e-17,0.0,0,0
2774,0.9302058042380098,0.2014483020440499,0.0710069652279659,0.03172142270682997,9.280770596475918e-17,2.42861286636753e-17,0,0
2775,0.9486499801088095,0.207893357413733,0.072055972569691,0.032707297872946295,1.3010426069826053e-17,-4.5102810375396984e-17,0,0
2776,0.9659411442531299,0.2156591492626143,0.07304270734487475,0.03390435374087503,-6.158268339717665e-17,3.469446951953614e-17,0,0
2777,0.9824169292224711,0.2278522306450008,0.07398615468162922,0.035794524441849225,-1.1449174941446927e-16,7.45931094670027e-17,0,0
2778,1.0,0.2399999999994413,0.07500000000000001,0.03767936491494227,0.014830167652335711,-2.6020852139652106e-18,2,0
2779,0.5074327455663057,0.04735879913707391,0.049799830716382325,0.008387595572493953,-7.48099499014998e-18,-1.3877787807814457e-17,0,0
2780,0.5267273226515898,0.05258676046272916,0.05055300530836441,0.009192122401416754,-1.734723475976807e-18,-2.2551405187698492e-17,0,0
2781,0.5458155787801331,0.05850741758178683,0.051333462818138866,0.010111209251304844,2.7321894746634712e-17,1.734723475976807e-17,0,0
2782,0.5648317414190717,0.06469345700927581,0.05213970059493711,0.011066534431362504,-2.211772431870429e-17,1.5612511283791264e-17,0,0
2783,0.583847977848079,0.07087928352653858,0.05297401844914958,0.012011507840886324,-1.951563910473908e-17,-3.469446951953614e-18,0,0
2784,0.6028647543569441,0.07706563413496995,0.053833816257595556,0.01295105557272102,2.992397996059992e-17,-1.734723475976807e-18,0,0
2785,0.6218816491019001,0.08325188261644584,0.054717889606124163,0.01388502875933435,1.951563910473908e-17,2.2551405187698492e-17,0,0
2786,0.640897870965988,0.08943811396126594,0.05562308264777443,0.014814137047397535,-5.160802341031001e-17,-6.938893903907228e-18,0,0
2787,0.6599132808166925,0.09562465210742324,0.05654743271154877,0.015739736442935953,6.245004513516506e-17,-5.204170427930421e-18,0,0
2788,0.3999999999992156,0.0,0.04652268765606624,0.0,-7.806255641895632e-18,-0.017979129610630078,0,3
2789,0.4199999999991775,0.0,0.04701947497847319,0.0,-9.540979117872439e-18,-0.01789603284005242,0,3
2790,0.4491001900599111,0.01680096049972846,0.04784450913267723,0.0031230821477454683,2.862293735361732e-17,-1.0408340855860843e-17,0,0
2791,0.4884315339930885,0.02001009575896563,0.04918421819440466,0.0035957992083211618,6.09219976983183e-17,-1.734723475976807e-18,0,0
2792,0.467396079817228,0.01659827791507921,0.048446612167795194,0.0030350634118842075,-6.285492688395261e-17,-1.3877787807814457e-17,0,0
2793,0.6789284622396219,0.1018108445649022,0.05748966021118801,0.01666306187653809,-1.474514954580286e-17,-1.5612511283791264e-17,0,0
2794,0.6979438741044072,0.1079972716560484,0.05844790630712439,0.01758489493032312,-8.673617379884035e-18,-2.949029909160572e-17,0,0
2795,0.7169598744053804,0.1141841557738477,0.05942092186607291,0.01850598321774009,-2.3852447794681098e-17,-6.938893903907228e-18,0,0
2796,0.7359760303447886,0.1203713665766647,0.06040724723311858,0.019426438787264383,7.806255641895632e-18,-1.734723475976807e-18,0,0
2797,0.7549921073347929,0.1265586611173979,0.061405730491709686,0.020347238360473432,2.905661822261152e-17,-1.214306433183765e-17,0,0
2798,0.7739853125898812,0.132722316996299,0.062414243037620845,0.021265350368788655,-3.209238430557093e-17,2.2551405187698492e-17,0,0
2799,0.7929575652326358,0.1388610646512543,0.06343190309229917,0.022180911150633646,-3.209238430557093e-17,-1.734723475976807e-18,0,0
2800,0.8119384974261014,0.1450368799433356,0.06445924754155449,0.023104030081230187,4.2934406030425976e-17,3.469446951953614e-18,0,0
2801,0.8309748898947557,0.1511369950040021,0.06549835826396581,0.024017137191271385,6.5052130349130266e-18,-5.204170427930421e-17,0,0
2802,0.8499791512752025,0.1573099529608124,0.06654328939156885,0.02494438803873216,6.938893903907228e-18,1.0408340855860843e-17,0,0
2803,0.8689769973268688,0.1634686213921011,0.06759500067972639,0.025872289822466997,1.5178830414797062e-17,1.0408340855860843e-17,0,0
2804,0.8879685843339127,0.169616924769851,0.06865290381645081,0.026801854277778675,-1.3877787807814457e-17,-4.5102810375396984e-17,0,0
2805,0.9070152116138566,0.1757346253713075,0.06971992429853283,0.027730183556726174,-2.168404344971009e-18,-5.204170427930421e-18,0,0
2806,0.5028263571988904,0.03181014553819875,0.04968656346645722,0.005655564452610095,-1.1275702593849246e-17,6.071532165918825e-18,0,0
2807,0.4399999999991175,0.0,0.047588552382648565,0.0,2.5153490401663703e-17,-0.017819950302704043,0,3
2808,0.9260542347084488,0.1818850323243294,0.07079196216092537,0.028667674139386135,1.214306433183765e-17,-2.2551405187698492e-17,0,0
2809,0.9450724458431417,0.1880712732606848,0.07186771989062818,0.029615293037016488,4.683753385137379e-17,2.2551405187698492e-17,0,0
2810,0.9642371559840514,0.1950483227549194,0.07295646470668724,0.030690398344350844,-1.0581813203458523e-16,1.3877787807814457e-17,0,0
2811,0.98261241697604,0.2086486212688597,0.07400260590177135,0.032803994606515216,6.201636426617085e-17,-2.168404344971009e-17,0,0
2812,1.0,0.2199999999994996,0.07500000000000001,0.03456921757871967,0.014820551538301367,-1.3877787807814457e-17,2,0
2813,0.5198471399515251,0.03371316033958548,0.05035100535200967,0.005923880044819241,-9.242823520438925e-18,2.6020852139652106e-17,0,0
2814,0.5421971324406223,0.03636489860584022,0.051266775238309636,0.006305265917352333,1.0408340855860843e-17,0.0,0,0
2815,0.5616840775508632,0.04572315890417389,0.052075142519162315,0.007842255053596422,1.3010426069826053e-17,-8.673617379884035e-19,0,0
2816,0.5800212572534136,0.05169901619527635,0.052876284260538045,0.00878444556709645,2.0599841277224584e-17,-1.3877787807814457e-17,0,0
2817,0.5987138473994889,0.05750353489556323,0.05371763903950778,0.009688711432337401,-1.0408340855860843e-17,-1.9081958235744878e-17,0,0
2818,0.6177304828319612,0.06368999343568829,0.05459450457991983,0.010649772710091467,-1.0408340855860843e-17,-1.734723475976807e-17,0,0
2819,0.6367470546383414,0.06987639577752212,0.055494100457641075,0.011601505783995455,2.7321894746634712e-17,1.3877787807814457e-17,0,0
2820,0.6557632466124126,0.07606296460632762,0.056412115442258146,0.01254701149364508,-2.7321894746634712e-17,-1.734723475976807e-18,0,0
2821,0.674778743926162,0.08224938458986111,0.05734791244063304,0.013489067526204043,3.469446951953614e-18,3.469446951953614e-18,0,0
2822,0.4599999999990794,0.0,0.04821942045647753,0.0,-1.1275702593849246e-17,-0.017735512319547245,0,3
2823,0.5098382701287596,0.01720522463861249,0.050000877248081985,0.003042587112685595,-5.724587470723463e-17,-5.204170427930421e-18,0,0
2824,0.4799999999990204,0.0,0.04890337289140875,0.0,-1.474514954580286e-17,-0.017647685614907847,0,3
2825,0.6937936132845699,0.08843555052621145,0.058300461563884486,0.014427096106856696,2.168404344971009e-17,5.204170427930421e-18,0,0
2826,0.7128097547326977,0.09462223424282888,0.059267712020709296,0.015363041201613659,-5.117434254131581e-17,5.204170427930421e-18,0,0
2827,0.7318260054737253,0.1008092263448257,0.06024813682453725,0.01629627972250772,3.122502256758253e-17,-2.7755575615628914e-17,0,0
2828,0.7508422932038243,0.1069964073462941,0.06124078080452901,0.0172285274479192,7.806255641895632e-18,1.214306433183765e-17,0,0
2829,0.7698544836244741,0.1131791591323658,0.06224458834389217,0.018160013494525055,-2.42861286636753e-17,-2.6020852139652106e-17,0,0
2830,0.7888617634838007,0.1193562593015182,0.0632585182824552,0.019090798737703293,1.8648277366750676e-17,-3.2959746043559335e-17,0,0
2831,0.8078433201476394,0.125484997878785,0.06428057010406392,0.02001454557986039,3.2959746043559335e-17,-3.469446951953614e-18,0,0
2832,0.8268823127759851,0.1315761690206581,0.06531439728774265,0.02093335446266136,5.854691731421724e-17,2.2551405187698492e-17,0,0
2833,0.8458516038875548,0.1377561616903757,0.06635200140569829,0.021868007938755638,-6.375108774214766e-17,-8.673617379884035e-18,0,0
2834,0.8648580097430372,0.1439479667859131,0.06739875578115745,0.022806477531544737,-4.2500725161431774e-17,2.42861286636753e-17,0,0
2835,0.8838646990637903,0.1501228190545935,0.06845206849901492,0.023744792756198535,7.589415207398531e-17,1.734723475976807e-17,0,0
2836,0.9028313471362022,0.1562436802235751,0.0695091596318152,0.024677614331800858,-5.204170427930421e-17,-4.5102810375396984e-17,0,0
2837,0.9218811536820577,0.1623640079967893,0.0705763521683673,0.025613588140354138,-8.673617379884035e-19,1.734723475976807e-18,0,0
2838,0.4999999999989813,0.0,0.04963754828672811,0.0,2.0816681711721685e-17,-0.017604689569877884,0,3
2839,0.9409208316546706,0.1685077464109912,0.07164794104877684,0.026556957911029577,3.0357660829594124e-18,2.0816681711721685e-17,0,0
2840,0.9622637524647926,0.1750219198021042,0.07285447970683641,0.0275610774174772,2.168404344971009e-17,-3.2959746043559335e-17,0,0
2841,0.9828678827944768,0.1895105712818297,0.07402238967887456,0.029816862144600338,6.852157730108388e-17,-1.214306433183765e-17,0,0
2842,1.0,0.1999999999995579,0.07500000000000001,0.03145193984974649,0.014814118862628853,-9.540979117872439e-18,2,0
2843,0.5306985820209149,0.01752343454939637,0.050836092880918636,0.003060012392572706,1.0122043719688889e-17,-1.0408340855860843e-17,0,0
2844,0.5600379152505426,0.02955787351673308,0.05205340539501685,0.005074927323928369,-2.7755575615628914e-17,-1.5178830414797062e-17,0,0
2845,0.5772387554130798,0.03363723753233501,0.052803564692435974,0.005726719076349505,-9.64939933512099e-18,0.0,0,0
2846,0.594814435278619,0.03834830407501281,0.05359476395112802,0.006476503930900242,-9.107298248878237e-18,1.5612511283791264e-17,0,0
2847,0.613396719660861,0.04469017926191094,0.05444811053851602,0.00749041387026034,7.806255641895632e-18,2.3418766925686896e-17,0,0
2848,0.632596415192055,0.05031433663436852,0.05535062583966823,0.008373532952301534,-5.842494456981262e-17,-2.42861286636753e-17,0,0
2849,0.6516131075152382,0.05650064365450412,0.05626483963343503,0.009338679722501584,1.691355389077387e-17,2.42861286636753e-17,0,0
2850,0.6706293097964926,0.0626875253052126,0.057196089170048835,0.01030080705002481,2.1250362580715887e-17,1.9081958235744878e-17,0,0
2851,0.6907104422742978,0.06823916205794615,0.05819925100986674,0.011149635834051088,-1.235990476633475e-17,1.734723475976807e-18,0,0
2852,0.5199999999989373,0.0,0.05041827053005237,0.0,-4.336808689942018e-18,-0.017545834569568056,0,3
2853,0.7097779634279218,0.07469671671514264,0.05916488488931347,0.01214559571298242,-4.5102810375396984e-17,-1.734723475976807e-17,0,0
2854,0.728099265896376,0.08144975487749749,0.06010320331460137,0.013185949185638007,4.5536491244391186e-17,1.214306433183765e-17,0,0
2855,0.7466924474777956,0.08743392537321616,0.06106946377177567,0.014098774100440019,-4.2500725161431774e-17,-6.938893903907228e-18,0,0
2856,0.7657092124343061,0.09362124261489414,0.06206879752216529,0.015042167664608398,2.5153490401663703e-17,1.214306433183765e-17,0,0
2857,0.7847262410505912,0.0998088785012739,0.06307861956703174,0.0159845470516363,4.119968255444917e-17,4.163336342344337e-17,0,0
2858,0.8037314413371499,0.1059832854033477,0.06409721644257241,0.016924186175690328,-7.37257477290143e-17,-4.336808689942018e-17,0,0
2859,0.8226882061438742,0.1121041972487927,0.06512181974365382,0.017855485996329853,-3.122502256758253e-17,4.85722573273506e-17,0,0
2860,0.8417101929084027,0.1182255507400228,0.06615776248989683,0.018787359061364955,-2.0383000842727483e-17,2.7755575615628914e-17,0,0
2861,0.8607092384093163,0.1243842658718775,0.06719942126902513,0.01972635008259953,2.688821387764051e-17,-3.2959746043559335e-17,0,0
2862,0.8797251222512532,0.1305718885348056,0.06824843578726271,0.020671616276574954,4.206704429243757e-17,-6.938893903907228e-18,0,0
2863,0.8987424314952641,0.1367593165532874,0.06930342189731062,0.02161902494624732,7.37257477290143e-18,1.214306433183765e-17,0,0
2864,0.9176883813649901,0.1428668916987348,0.07035983286554741,0.022556574791226452,-5.594483210025203e-17,6.938893903907228e-18,0,0
2865,0.9366561876484469,0.1489525091448971,0.0714222988909292,0.02349371517843104,-6.5052130349130266e-18,-3.469446951953614e-18,0,0
2866,0.5499999999988742,0.01732050807565667,0.051646672910097446,0.0029921334443009278,2.688821387764051e-17,3.903127820947816e-17,0,0
2867,0.9550138672770021,0.1546176381798894,0.07245486982712053,0.024369018912169117,5.941427905220564e-17,-2.3418766925686896e-17,0,0
2868,0.9826794919243618,0.1699999999996454,0.07401634984969387,0.026765284130014576,-5.421010862427522e-17,1.1275702593849246e-17,0,0
2869,1.0,0.1799999999996162,0.07500000000000001,0.028327650543811023,0.014807202035052426,1.9949319973733282e-17,2,0
2870,0.539999999998883,0.0,0.05123722352593804,0.0,-1.9081958235744878e-17,-0.017508861727738394,0,3
2871,0.5696083107451853,0.01646197967188543,0.052500167481181165,0.0028128830300213443,2.0816681711721685e-17,0.0,0,0
2872,0.5917973253320858,0.01798420817071024,0.05349464311391882,0.003043604640633927,-6.071532165918825e-18,4.336808689942018e-18,0,0
2873,0.6109197758908227,0.02718872220437152,0.05436583810680816,0.00456317867321429,-9.107298248878237e-18,-1.5612511283791264e-17,0,0
2874,0.6263456745398622,0.03479225236133267,0.055086404876961315,0.005804940185351191,4.597017211338539e-17,2.2551405187698492e-17,0,0
2875,0.64526681740008,0.03443289323078419,0.05600024674418189,0.0057070833720044975,-2.2985086056692694e-17,-2.5153490401663703e-17,0,0
2876,0.6663413588806809,0.04354954838101983,0.057024240313920824,0.007169870752448856,-4.5536491244391186e-17,-1.0408340855860843e-17,0,0
2877,0.6861887224535232,0.049002049091365,0.05801243806114964,0.008020875687039972,1.973247953923618e-17,3.122502256758253e-17,0,0
2878,0.7090943007571173,0.05236374611988419,0.05917663019032898,0.008520619798237613,3.382710778154774e-17,1.474514954580286e-17,0,0
2879,0.7253545976514995,0.06268721164294605,0.05999868948324144,0.01015942080008701,-1.3335686721571705e-17,-3.469446951953614e-18,0,0
2880,0.9705635516902044,0.1595372007842713,0.0733327236499668,0.025131720346180858,-4.119968255444917e-17,6.071532165918825e-18,0,0
2881,0.7427454124781728,0.06809695337678962,0.06090069290059859,0.010994731475874046,-3.686287386450715e-18,-6.938893903907228e-18,0,0
2882,0.7615592681552165,0.07405836529533626,0.061886500216626124,0.0119138922392177,-3.469446951953614e-18,-1.3877787807814457e-17,0,0
2883,0.7805763770695765,0.08024586135133305,0.06289263838587314,0.012866978727234968,-5.2909066017292616e-17,-1.5612511283791264e-17,0,0
2884,0.7995936865185869,0.0864334710824608,0.0639081899543622,0.013817875765810917,6.245004513516506e-17,4.163336342344337e-17,0,0
2885,0.8186090218960231,0.09260190280131948,0.06493205245106852,0.014764705634747655,-8.673617379884035e-17,-3.2959746043559335e-17,0,0
2886,0.8375554981592881,0.09872829693730455,0.06595993182076175,0.01570457770307228,1.1535911115245767e-16,-5.204170427930421e-18,0,0
2887,0.8565686882029526,0.104859509316012,0.06699838921760384,0.016645218268621653,7.806255641895632e-18,-1.734723475976807e-18,0,0
2888,0.8755745235333279,0.1110086839796214,0.06804276916374973,0.017589716235222458,-7.068998164605489e-17,2.0816681711721685e-17,0,0
2889,0.8945918687905519,0.1171959076980418,0.06909355092758286,0.018541594891753,3.0791341698588326e-17,3.2959746043559335e-17,0,0
2890,0.9135963354199326,0.1233674163024492,0.070148871917531,0.01949288212087074,-2.211772431870429e-17,5.204170427930421e-18,0,0
2891,0.9325866035209822,0.1295182322529667,0.07120814062324474,0.020443267739346595,3.903127820947816e-17,-3.9898639947466563e-17,0,0
2892,0.9511064305380041,0.135223653721936,0.07224543782723668,0.021326904498877305,3.252606517456513e-17,1.3877787807814457e-17,0,0
2893,0.5599999999988632,0.0,0.05208924137306573,0.0,2.168404344971009e-17,-0.017461786197344304,0,3
2894,0.9682011793789609,0.1414675017772366,0.0732057049470436,0.022298545610110784,-8.933825901280557e-17,1.214306433183765e-17,0,0
2895,0.983404853108528,0.1500034929100333,0.07406195980048827,0.023632079312856574,-2.6020852139652106e-18,7.806255641895632e-18,0,0
2896,1.0,0.1599999999996745,0.07500000000000001,0.025197106841492595,0.01479978528515009,-1.0408340855860843e-17,2,0
2897,0.5799999999989266,0.0,0.05297329422306561,0.0,-1.734723475976807e-18,-0.01741810699978201,0,3
2898,0.6102311985481221,0.01140035578212973,0.0543542132732236,0.0019136713946893505,9.669728125855093e-18,2.2551405187698492e-17,0,0
2899,0.6295486445554923,0.0173351304752282,0.055261748266174256,0.002889927876437296,5.620910637979537e-17,5.204170427930421e-18,0,0
2900,0.6623292833166191,0.02356120196577395,0.056855724665336144,0.003884059420655445,3.9898639947466563e-17,1.3010426069826053e-17,0,0
2901,0.6799500437934745,0.03014583155798757,0.057725847430980456,0.004945350376001467,1.984089975648473e-17,-3.2959746043559335e-17,0,0
2902,0.6993723848181266,0.03352176736309173,0.05870572241296735,0.005469450684412433,5.583641188300348e-18,-5.204170427930421e-18,0,0
2903,0.7239839934307056,0.04848809233826329,0.059953710987998905,0.007862188938683286,1.3877787807814457e-17,-1.6046192152785466e-17,0,0
2904,0.7398920559912382,0.05018257866393275,0.060781227142455416,0.008110065016222738,-9.432558900623889e-18,8.673617379884035e-18,0,0
2905,0.7574429770534432,0.0545327540601275,0.06170016218392621,0.008782965436250841,1.9949319973733282e-17,2.0816681711721685e-17,0,0
2906,0.7763220816835514,0.06074830431959127,0.06269572662866545,0.009751807073546566,-5.811323644522304e-17,2.7755575615628914e-17,0,0
2907,0.7954436892268603,0.06687010840816113,0.06371349329350415,0.010701769010765177,5.659535340374333e-17,-3.469446951953614e-17,0,0
2908,0.8144612494673366,0.07305785634254862,0.06473449397869631,0.01166012261350542,-5.0306980803327406e-17,8.673617379884035e-18,0,0
2909,0.8336240497499032,0.07930430979346255,0.06577081514232852,0.01262623587776116,1.5178830414797062e-17,-1.6479873021779667e-17,0,0
2910,0.8525106601398653,0.08535047166025628,0.0667991307069009,0.013559840888859505,-2.6020852139652106e-18,-1.734723475976807e-18,0,0
2911,0.8714396310112528,0.09145819798480745,0.06783593284324016,0.014503479021881168,-2.47198095326695e-17,-2.42861286636753e-17,0,0
2912,0.8904411897380922,0.09763242053769963,0.06888231203102066,0.015458138230383481,5.2909066017292616e-17,-1.5612511283791264e-17,0,0
2913,0.9094591197079795,0.1038195549231048,0.06993472528064414,0.01641586906065338,9.974659986866641e-18,-1.3877787807814457e-17,0,0
2914,0.928477232820932,0.1100068755371507,0.07099170101392795,0.017375234545590257,1.5178830414797062e-17,5.204170427930421e-18,0,0
2915,0.9473625441875035,0.1160465044616158,0.0720454284017559,0.01831356059701207,-7.24247051220317e-17,1.9081958235744878e-17,0,0
2916,0.9655592438994987,0.1224411534926553,0.07306380073332108,0.01931039137661862,7.28583859910259e-17,-2.7755575615628914e-17,0,0
2917,0.5999999999989684,0.0,0.05388561081905872,0.0,-2.688821387764051e-17,-0.01739851354185773,0,3
2918,0.6474289490540813,0.01506584513435727,0.0561305493019222,0.002496207382922593,-7.44245499104991e-17,-1.3877787807814457e-17,0,0
2919,0.7188917022263864,0.03383908938643115,0.059708752027089,0.005495337085115452,-4.336808689942018e-18,-2.6020852139652106e-18,0,0
2920,0.9827917057915048,0.1300410766252385,0.07403096245121296,0.020498982129982617,1.3444106938820255e-17,-2.2551405187698492e-17,0,0
2921,1.0,0.1399999999997328,0.07500000000000001,0.022060643881980875,0.014793960081927631,8.673617379884035e-19,2,0
2922,0.6199999999990318,0.0,0.05482112748860048,0.0,-4.336808689942018e-18,-0.01734784957708435,0,3
2923,0.6399999999990779,0.0,0.05577816801394147,0.0,2.688821387764051e-17,-0.01734211429387745,0,3
2924,0.6745832192200902,0.01408331137347301,0.05747159483853305,0.0023139568040994453,-2.2551405187698492e-17,1.9081958235744878e-17,0,0
2925,0.6599999999991369,0.0,0.05675542003874447,0.0,-1.3877787807814457e-17,-0.01730498373881111,0,3
2926,0.6906367689920426,0.01670952334360351,0.05827716206187649,0.002733399809178992,-2.2784339248193425e-17,2.0816681711721685e-17,0,0
2927,0.7099999999992513,0.01732050807573087,0.0592644964287171,0.0028193496344542783,3.53754840091286e-17,1.5612511283791264e-17,0,0
2928,0.7359599526614595,0.0336690757374272,0.060596096594620306,0.0054470638641464855,-1.5612511283791264e-17,8.673617379884035e-19,0,0
2929,0.7544913388476738,0.03572105132523509,0.061566900939528275,0.005758072167816703,4.336808689942018e-19,-2.2551405187698492e-17,0,0
2930,0.7722761234231326,0.04111933880344216,0.0625044655406845,0.00660749626290317,8.673617379884035e-19,-2.949029909160572e-17,0,0
2931,0.7906340551730795,0.04766339799914754,0.06347821514497068,0.0076362454171193354,1.0722759485881639e-16,2.6020852139652106e-17,0,0
2932,0.8117995507621387,0.05144794613096713,0.06461452509369142,0.008217137008158891,-1.1015494072452725e-16,1.734723475976807e-18,0,0
2933,0.8303465365032651,0.0601962801802355,0.06561225061980332,0.009591150760763148,4.3151246464923076e-17,1.734723475976807e-18,0,0
2934,0.8485240281749336,0.06588738491078036,0.06660008686381245,0.010475602186966413,3.9898639947466563e-17,-6.938893903907228e-18,0,0
2935,0.867352065540862,0.0718651310191707,0.06762900369921178,0.011404707972565433,-3.903127820947816e-17,3.469446951953614e-18,0,0
2936,0.8863062117146547,0.07806808104828487,0.06867004514248638,0.01236902120746624,-4.683753385137379e-17,-5.204170427930421e-18,0,0
2937,0.9053083087555631,0.08425585795971868,0.06971859692664549,0.013331170337601313,4.9439619065339e-17,2.0816681711721685e-17,0,0
2938,0.9243264443358898,0.09044303271640389,0.07077248497624405,0.01429392818940711,-3.5561831257524545e-17,-2.0816681711721685e-17,0,0
2939,0.9433447186371737,0.09663026329222507,0.07183017265664081,0.015258117124025488,-2.6237692574149207e-17,5.204170427930421e-18,0,0
2940,0.9622750223971037,0.1027196148528845,0.0728864850470066,0.01620860777051237,3.122502256758253e-17,1.734723475976807e-17,0,0
2941,0.9813356141881361,0.1106160712945235,0.07395257902096279,0.01744560935148214,-5.117434254131581e-17,1.5612511283791264e-17,0,0
2942,0.7295294721816363,0.0166924450652471,0.06027393912146886,0.002704845619510834,-1.9081958235744878e-17,-9.974659986866641e-18,0,0
2943,1.0,0.1199999999997832,0.07500000000000001,0.01891920065533251,0.014789674490288424,1.734723475976807e-18,2,0
2944,0.6799999999991786,0.0,0.0577496877963773,0.0,1.214306433183765e-17,-0.017281800187092446,0,3
2945,0.699999999999242,0.0,0.05875987591453062,0.0,-8.673617379884035e-19,-0.01726897069953682,0,3
2946,0.7199999999992837,0.0,0.05978528373295136,0.0,2.3418766925686896e-17,-0.017252154235078962,0,3
2947,0.7489711532911179,0.01709119764545387,0.06128952833664777,0.002758763580301653,2.0816681711721685e-17,1.3877787807814457e-17,0,0
2948,0.77016004352558,0.02029849025960448,0.06240668847066434,0.00326328359928504,-6.071532165918825e-18,2.688821387764051e-17,0,0
2949,0.784961228638593,0.03190862887238542,0.06318753377986712,0.005117113060021976,-1.214306433183765e-16,7.806255641895632e-18,0,0
2950,0.8017359210717157,0.03314140922400656,0.06408587797970856,0.005301467933875572,7.479639737434374e-17,8.673617379884035e-18,0,0
2951,0.8297138067412784,0.04502429587746919,0.06559126433950174,0.007175189875804693,8.673617379884035e-17,-2.6454533008646308e-17,0,0
2952,0.8447444446775884,0.0471403083144805,0.06640838552730922,0.007499850754811106,-5.421010862427522e-17,1.734723475976807e-18,0,0
2953,0.863311285452095,0.05248385311405855,0.06742154900953673,0.008334457383818397,3.469446951953614e-18,1.214306433183765e-17,0,0
2954,0.8821387526012179,0.0585048916154753,0.06845364633543254,0.009275304198185737,-3.252606517456513e-17,1.5612511283791264e-17,0,0
2955,0.9011573226409413,0.06469198717283753,0.06950089683627311,0.010241719650357063,1.214306433183765e-17,-3.469446951953614e-18,0,0
2956,0.9201756281134024,0.07087914942331267,0.07055213106637413,0.011208161994842786,5.572799166575493e-17,3.8163916471489756e-17,0,0
2957,0.9379450408421751,0.07682181738874165,0.07153773856964239,0.012137121356733815,-1.0321604682062002e-16,2.2551405187698492e-17,0,0
2958,0.957742806857226,0.08204490100262904,0.07263964757775614,0.012953011611068717,6.071532165918825e-18,-1.951563910473908e-17,0,0
2959,0.9772308237758938,0.08944071732881334,0.07372660810194563,0.01411279298726375,2.47198095326695e-17,-1.474514954580286e-17,0,0
2960,1.0,0.09999999999981465,0.07500000000000001,0.015773249592561243,0.014784925302651044,-8.673617379884035e-18,2,0
2961,0.7399999999993466,0.0,0.060823950961775786,0.0,-2.168404344971009e-17,-0.01723503408258955,0,3
2962,0.8207274322779028,0.03233434999599384,0.06511223669267806,0.005159605169986847,-4.336808689942018e-18,-5.204170427930421e-18,0,0
2963,0.7599999999993889,0.0,0.06187386763992382,0.0,-3.469446951953614e-18,-0.01721835638337188,0,3
2964,0.7899999999994566,0.01732050807572635,0.06346517668623511,0.002775112875239121,7.025630077706069e-17,-2.7755575615628914e-17,0,0
2965,0.8103789509290995,0.01710172573519939,0.06456026776609985,0.0027329509203923128,-3.830325339131309e-17,-1.0408340855860843e-17,0,0
2966,0.8397856070706077,0.03079778652207835,0.06614832279960484,0.004903091873087602,-1.3010426069826053e-17,3.0357660829594124e-17,0,0
2967,0.8593530671698247,0.03371097009897196,0.06721519979810471,0.005356418375537626,1.2685165418080402e-17,1.9081958235744878e-17,0,0
2968,0.8779876992878738,0.03894074562469477,0.06823553418154571,0.006177070135660536,-2.211772431870429e-17,-2.2551405187698492e-17,0,0
2969,0.8968516982706817,0.04516069795387369,0.06927245853333854,0.007153552743489581,3.5561831257524545e-17,-1.734723475976807e-18,0,0
2970,0.9150974228520281,0.05151187696837995,0.07027919308942368,0.008149866616116348,2.6020852139652106e-18,-2.688821387764051e-17,0,0
2971,0.9342589587887802,0.05591989182649869,0.07134044748970464,0.008838773218898085,0.0,1.1275702593849246e-17,0,0
2972,0.9478216883205793,0.06501366607138054,0.07209156371675358,0.010270104814142743,1.240327285323417e-16,-4.423544863740858e-17,0,0
2973,0.9698056775528905,0.07559105870975236,0.07331383352223517,0.01193184680782031,1.474514954580286e-17,1.5612511283791264e-17,0,0
2974,1.0,0.07999999999984518,0.07500000000000001,0.012623102543504395,0.01478218605203008,5.204170427930421e-18,2,0
2975,0.7799999999994371,0.0,0.06293470788631543,0.0,3.469446951953614e-18,-0.01720794267389631,0,3
2976,0.8301166365818147,0.01648605182730553,0.06562826676677473,0.002627947119447449,-1.3877787807814457e-17,1.3877787807814457e-17,0,0
2977,0.962196300964983,0.06139708866600978,0.07289295799921602,0.00969490752067892,-9.194034422677078e-17,-6.071532165918825e-18,0,0
2978,0.9820527786134591,0.06948152784155728,0.07399868588250562,0.010966672525989653,2.992397996059992e-17,-6.071532165918825e-18,0,0
2979,0.7999999999994944,0.0,0.06400488279191142,0.0,2.5153490401663703e-17,-0.01719649021521886,0,3
2980,0.8199999999995363,0.0,0.06508264406302773,0.0,-4.2500725161431774e-17,-0.017188004592355866,0,3
2981,0.8503208174176861,0.01678147963557228,0.06672801845014838,0.0026688544708962925,8.673617379884035e-18,-3.2959746043559335e-17,0,0
2982,0.8729422113962243,0.01806162005261533,0.06796566170654668,0.002866739377130367,8.153200337090993e-17,2.7755575615628914e-17,0,0
2983,0.8932759040797049,0.02654257864420551,0.06908136851141439,0.004206180826658741,-8.413408858487514e-17,-1.9081958235744878e-17,0,0
2984,0.9118738155239507,0.03175097950835401,0.07010674680066617,0.005025172838204153,8.088148206741863e-17,2.949029909160572e-17,0,0
2985,0.9256141128731339,0.0390396221015727,0.0708656230784208,0.006174110008296695,-8.153200337090993e-17,-1.9081958235744878e-17,0,0
2986,0.9523527246390997,0.04979093538306635,0.07234740199106238,0.007865546734529464,-4.163336342344337e-17,1.7780915628762273e-17,0,0
2987,1.0,0.05999999999987837,0.07500000000000001,0.009469956017901637,0.014779792937089933,8.673617379884035e-18,2,0
2988,0.8399999999995998,0.0,0.06616753542138702,0.0,3.729655473350135e-17,-0.01717867363933099,0,3
2989,0.9411606973449947,0.03572680977182109,0.07172864953950626,0.005646801597973528,4.5102810375396984e-17,6.938893903907228e-18,0,0
2990,0.9681712852660633,0.04620232806703879,0.07322803139620361,0.007296059810692486,7.871307772244762e-17,-1.0408340855860843e-17,0,0
2991,0.9839069173671295,0.052125963229309,0.07410343562938954,0.008228775287314583,-5.377642775528102e-17,-6.938893903907228e-18,0,0
2992,0.8599999999996417,0.0,0.06725886812407265,0.0,-5.637851296924623e-17,-0.01717116493767549,0,3
2993,0.8899999999997255,0.01098540099876702,0.06890447890137269,0.0017410696411085994,-6.591949208711867e-17,2.905661822261152e-17,0,0
2994,0.9080144588161309,0.01468233509427121,0.06989702080213622,0.0023246918198834227,3.118140037079893e-17,-2.42861286636753e-17,0,0
2995,0.9281717344531157,0.01959818909592385,0.0710111694378373,0.003099587119060705,-3.505276445622471e-17,1.734723475976807e-17,0,0
2996,0.9596387936023343,0.03332101132092567,0.07275523852966008,0.005263397141850225,6.071532165918825e-18,8.673617379884035e-18,0,0
2997,1.0,0.03999999999992186,0.07500000000000001,0.006314722950863784,0.014777151391791928,5.204170427930421e-18,2,0
2998,0.8799999999997054,0.0,0.06835574122254909,0.0,3.5561831257524545e-17,-0.017165865302384654,0,3
2999,0.9495663715771625,0.01762569102676112,0.07219753124869961,0.002785199569019644,2.168404344971009e-17,-1.8214596497756474e-17,0,0
3000,0.9810244426630432,0.0320470085864359,0.07394428506664952,0.005060071927275452,-4.0766001685454967e-17,3.469446951953614e-18,0,0
3001,0.8999999999997471,0.0,0.06945645719229937,0.0,2.688821387764051e-17,-0.0171582199582603,0,3
3002,0.9199999999997972,0.0,0.0705605410500131,0.0,-1.8214596497756474e-17,-0.01715555670809129,0,3
3003,0.9399999999998527,0.0,0.07166776850561463,0.0,1.5612511283791264e-17,-0.017153611134892104,0,3
3004,0.9692264950103417,0.01687392476176435,0.07328930488621045,0.0026650980210154284,-2.3418766925686896e-17,1.691355389077387e-17,0,0
3005,1.0,0.01999999999996237,0.07500000000000001,0.0031577893028077136,0.014775817457780515,-2.688821387764051e-17,2,0
3006,0.9599999999998945,0.0,0.07277735025806402,0.0,-2.0816681711721685e-17,-0.017150845522733535,0,3
3007,0.9853589838485715,0.01464101615140568,0.07418608472716487,0.0023118074516774063,6.818310822931698e-17,2.2551405187698492e-17,0,0
3008,0.979999999999958,0.0,0.07388832606127689,0.0,-1.214306433183765e-17,-0.017149213249680162,0,3
3009,1.0,0.0,0.07500000000000001,0.0,0.0073873969606437755,-0.00857407507621304,2,3
