id,x,y,ux,uy,fintx,finty,bcx,bcy
0,0.04000000000016646,1.0,0.004527619208595657,0.2,5.204170427930421e-18,0.021845804220935894,0,4
1,0.02000000000008328,1.0,0.0022646706875859993,0.2,5.204170427930421e-18,0.02184568205611081,0,4
2,0.03232300272509022,0.9832996072706063,0.0036604648134366687,0.1973213155188543,2.42861286636753e-17,-6.938893903907228e-18,0,0
3,0.05000670305834538,0.987790537300419,0.005660154536072705,0.19804040611739993,-1.0408340855860843e-17,-1.0581813203458523e-16,0,0
4,0.01464101615145555,0.9853589838485708,0.0016581552753514993,0.19765304274650727,0.0,-4.5102810375396984e-17,0,0
5,0.06000000000024963,1.0,0.006788138647406128,0.2,0.0,0.021850890381413555,0,4
6,0.04951553635497874,0.9722873302562729,0.005607897071422264,0.1955523470589105,-2.5587171270657905e-17,1.457167719820518e-16,0,0
7,0.0,1.0,0.0,0.2,-0.0105124382043514,0.010921896847441884,1,4
8,0.01675426480541296,0.9690192378865387,0.0018989084816060445,0.19503398748609474,-2.6020852139652106e-18,6.591949208711867e-17,0,0
9,0.06820838232751653,0.9809976188558553,0.007717724168053858,0.19694658939159326,-3.209238430557093e-17,8.673617379884035e-18,0,0
10,0.08000000000033292,1.0,0.009045300813267312,0.2,-1.8431436932253575e-17,0.021853911397630696,0,4
11,0.1000000000004161,1.0,0.011296507571096496,0.2,4.5102810375396984e-17,0.021857586728005737,0,4
12,0.09030668950749172,0.9826249551222674,0.010208693051094803,0.19720260231088843,-6.938893903907228e-18,-4.5102810375396984e-17,0,0
13,0.03293076030482936,0.9630175393470397,0.0037323944955981576,0.19406947326634455,1.734723475976807e-18,-5.204170427930421e-18,0,0
14,0.0,0.9800000000000189,0.0,0.1967944050602434,-0.02102690321592315,-1.3877787807814457e-17,1,0
15,0.1100818312278703,0.983697750238486,0.012431593464593865,0.19737024786306498,3.209238430557093e-17,1.2836953722228372e-16,0,0
16,0.1200000000004994,1.0,0.013541587653919107,0.2,-3.8163916471489756e-17,0.021865236096840535,0,4
17,0.04601908431555364,0.9517292130914922,0.005218612214525462,0.19225698860280147,2.6454533008646308e-17,3.469446951953614e-18,0,0
18,0.0642509559649633,0.9587408182644405,0.00727888955514151,0.1933736889277804,5.0306980803327406e-17,-1.1449174941446927e-16,0,0
19,0.01724790855729413,0.9514067164600164,0.0019566065873352564,0.19221271895191958,6.938893903907228e-18,-4.85722573273506e-17,0,0
20,0.0,0.9600000000000526,0.0,0.19359049479245888,-0.02102899819423825,2.2551405187698492e-17,1,0
21,0.08329564921735125,0.9641369649257632,0.00942688080761381,0.1942309763078942,-1.1275702593849246e-17,-3.469446951953614e-17,0,0
22,0.1029690844391794,0.9678636157400184,0.011640583744993974,0.19482011410660216,-3.122502256758253e-17,-7.632783294297951e-17,0,0
23,0.130000000000541,0.9826794919242392,0.01466420664223858,0.19719846282635542,-6.591949208711867e-17,-3.9898639947466563e-17,0,0
24,0.1400000000005825,1.0,0.015778580100492857,0.2,-1.734723475976807e-17,0.021874209275857603,0,4
25,0.03153226162719184,0.9440368083945191,0.0035790013789955394,0.1910295110242278,-2.6020852139652106e-18,7.632783294297951e-17,0,0
26,0.1200048973229609,0.9713673042889339,0.013551157923283692,0.19537572393588384,3.903127820947816e-17,7.28583859910259e-17,0,0
27,0.1495222732334486,0.9826679317689861,0.01684468576838907,0.19718871392881035,5.204170427930421e-17,-1.3444106938820255e-16,0,0
28,0.1600000000006658,1.0,0.01800679447454192,0.2,1.214306433183765e-17,0.021880140025743983,0,4
29,0.05994800125355652,0.9380098468577476,0.006803236630144085,0.19005105669483804,-3.0357660829594124e-18,5.204170427930421e-18,0,0
30,0.04092996143668184,0.9318213742464758,0.004650171901123808,0.18907130227705074,6.765421556309548e-17,-6.938893903907228e-18,0,0
31,0.0789659417699818,0.9441979224080344,0.008950634342367075,0.19103000395499878,-8.673617379884035e-19,4.683753385137379e-17,0,0
32,0.0,0.9400000000000998,0.0,0.19038910975543094,-0.021032157641902208,2.949029909160572e-17,1,0
33,0.02052328817155788,0.929730745330685,0.0023327260774964474,0.18874422116524484,-3.729655473350135e-17,-1.5959455978986625e-16,0,0
34,0.09762535966477333,0.9499196179012076,0.011051645887513138,0.19193443559408546,-6.5052130349130266e-18,-6.071532165918825e-17,0,0
35,0.1165000796946289,0.9554351019634533,0.013170028652824198,0.19280617108192522,2.688821387764051e-17,-6.071532165918825e-17,0,0
36,0.13640794183503,0.9643982025783117,0.015392808503309144,0.1942369826944742,-8.673617379884035e-18,-7.632783294297951e-17,0,0
37,0.168469738189456,0.9830619683466068,0.01895190601894787,0.19724505986559343,1.734723475976807e-18,-1.3877787807814457e-16,0,0
38,0.180000000000749,1.0,0.02022599829772399,0.2,3.469446951953614e-17,0.021890888194818575,0,4
39,0.1571658894098232,0.9666267785429369,0.017706613076645374,0.19458109593643422,8.673617379884035e-19,1.7694179454963432e-16,0,0
40,0.189767965830992,0.9805332096607943,0.02131048631236848,0.19682162603131823,9.540979117872439e-18,7.979727989493313e-17,0,0
41,0.07481623589727063,0.924633736029046,0.00849755363463464,0.1878948104363521,-3.5561831257524545e-17,-1.0234868508263162e-16,0,0
42,0.0557983572776371,0.9184455065417879,0.0063462546444447415,0.18692120362616388,2.42861286636753e-17,5.377642775528102e-17,0,0
43,0.036780304968602,0.9122570346733238,0.004188697375068602,0.18594531119789712,-5.2475385148298415e-17,-5.377642775528102e-17,0,0
44,0.09383354963153673,0.9308212990147324,0.010641709717113222,0.1888672434061361,3.686287386450715e-17,1.1796119636642288e-16,0,0
45,0.0,0.9200000000001403,0.0,0.18719224323984407,-0.021034261241239555,8.673617379884035e-18,1,0
46,0.1128491821635707,0.9370071319403168,0.01277794050388214,0.1898394678598525,-7.849623728795052e-17,-1.5612511283791264e-17,0,0
47,0.1318356546118255,0.9431692527342443,0.014902431303610198,0.19080983318269534,4.423544863740858e-17,1.717376241217039e-16,0,0
48,0.1510423410020633,0.9489796391754212,0.017043471863978903,0.1917250423516281,-5.551115123125783e-17,-1.4051260155412137e-16,0,0
49,0.1758014253994474,0.9690412299273018,0.019774114490611637,0.19495753942195537,-2.0816681711721685e-17,6.938893903907228e-18,0,0
50,0.2000000000008322,1.0,0.022433981398310085,0.2,1.0408340855860843e-17,0.02190124376170035,0,4
51,0.01722418943860115,0.9093685710658588,0.001963217304303249,0.18549305458966542,6.245004513516506e-17,6.591949208711867e-17,0,0
52,0.1700409752926172,0.9544763768263718,0.019151262786681097,0.1925927880444012,3.8163916471489756e-17,-3.0791341698588326e-17,0,0
53,0.210000000000869,0.9826794919242412,0.023537163091428774,0.19715930491119021,-3.642919299551295e-17,7.546047120499111e-17,0,0
54,0.1886956945753838,0.9617339356693173,0.02120758470586995,0.19375351308997552,-9.020562075079397e-17,2.2551405187698492e-17,0,0
55,0.2200000000009155,1.0,0.02462879448971807,0.2,-4.336808689942018e-17,0.021916535873309058,0,4
56,0.07066660887616721,0.9050696464761617,0.008047441852614976,0.1847665801192645,4.119968255444917e-17,1.1622647289044608e-16,0,0
57,0.0896843013820588,0.9112577025014645,0.010196247532095092,0.18573252039920188,-5.377642775528102e-17,-3.122502256758253e-17,0,0
58,0.05164874173645193,0.8988812494125498,0.00589086974359776,0.18379817511140314,-7.112366251504909e-17,2.6020852139652106e-17,0,0
59,0.03326510128999004,0.8934580356323167,0.003799268778798341,0.18294763835244285,2.5153490401663703e-17,3.8163916471489756e-17,0,0
60,0.1087018020081531,0.9174458797854141,0.012336606499758249,0.18669741732578482,5.377642775528102e-17,9.367506770274758e-17,0,0
61,0.0,0.9000000000001855,0.0,0.1840018031690078,-0.021040830206899765,-5.724587470723463e-17,1,0
62,0.1277050688637135,0.9236181669867355,0.01446639604228171,0.1876602326442149,-2.949029909160572e-17,-1.7867651802561113e-16,0,0
63,0.1466547765801098,0.9297615402728652,0.016580556633785094,0.18861997791036386,3.5561831257524545e-17,2.42861286636753e-17,0,0
64,0.1655879330213634,0.9359430239181747,0.01868290356601896,0.18958814262914042,-4.9439619065339e-17,3.642919299551295e-17,0,0
65,0.2038786408389507,0.9675983181804595,0.022875625625921114,0.1946947342190631,-1.734723475976807e-17,7.806255641895632e-17,0,0
66,0.2299999518439538,0.9826794872487707,0.025727200771369467,0.19714848854869224,1.734723475976807e-17,-7.806255641895632e-17,0,0
67,0.2400000000009987,1.0,0.026811652210104054,0.2,1.5829351718288365e-17,0.021925125053819713,0,4
68,0.2600000000010819,1.0,0.028981085886668197,0.2,-2.7755575615628914e-17,0.021934509518327153,0,4
69,0.250072620498306,0.982969772737339,0.02791150789385138,0.1971843456145826,-2.3201926491189795e-17,1.5612511283791264e-17,0,0
70,0.01609109631136342,0.8880203633795436,0.001840135156886221,0.18209152781056398,-2.6020852139652106e-17,8.673617379884035e-18,0,0
71,0.1845155913517931,0.9421204893413857,0.02077385924251469,0.19055994942845414,-3.122502256758253e-17,7.632783294297951e-17,0,0
72,0.220000000000912,0.9653589838484884,0.024649589367584435,0.19430957533708085,1.0061396160665481e-16,1.734723475976807e-18,0,0
73,0.2062627666005528,0.9496238362372309,0.023162416382710032,0.1917498509040603,2.7755575615628914e-17,-1.2836953722228372e-16,0,0
74,0.2699999882812355,0.9835170956992749,0.030066077802377546,0.19726354979084226,4.163336342344337e-17,-1.491862189340054e-16,0,0
75,0.2800000000011651,1.0,0.031137242835623167,0.2,1.3877787807814457e-17,0.021949655527985095,0,4
76,0.06651710823806159,0.8855055896751026,0.0075997499576419,0.18164654906098046,-1.6479873021779667e-17,-1.196959198423997e-16,0,0
77,0.08553473939955383,0.8916939426290824,0.009754457528821729,0.18260593259096666,3.642919299551295e-17,-1.734723475976807e-18,0,0
78,0.1045521535504289,0.8978821294919053,0.011899981918936372,0.18356298442782992,-1.7780915628762273e-17,-1.9081958235744878e-17,0,0
79,0.04865178536584112,0.8793838943284922,0.005567996943893805,0.18069265566160211,-2.0383000842727483e-17,3.469446951953614e-17,0,0
80,0.03128327725141246,0.8746702541249278,0.0035848131959209,0.1799585050272576,-1.5178830414797062e-18,-2.7755575615628914e-17,0,0
81,0.1235694939310048,0.904070272612781,0.014035745125331275,0.18451922295664416,8.239936510889834e-18,1.1622647289044608e-16,0,0
82,0.0,0.8800000000002458,0.0,0.1808191124265221,-0.021045825032551656,1.734723475976807e-18,1,0
83,0.142540057100599,0.9102148337844247,0.016156022901964332,0.18546896538321178,-6.982261990806649e-17,1.474514954580286e-16,0,0
84,0.1614803299052495,0.9163800674195061,0.01826213635602325,0.1864236775299164,6.938893903907228e-18,7.112366251504909e-17,0,0
85,0.1803865239242571,0.9225499917376718,0.02035354423765158,0.18738220915228584,7.37257477290143e-18,-4.336808689942018e-17,0,0
86,0.2404357872557006,0.9653613323564626,0.026881595517497057,0.19428533931448527,-1.3877787807814457e-17,-1.734723475976807e-17,0,0
87,0.2610196840336368,0.9667076194299988,0.029113685856319845,0.19448329378822177,1.214306433183765e-17,-2.949029909160572e-17,0,0
88,0.2897631550125654,0.9827653828389045,0.03218950062429471,0.19712396858475617,-7.45931094670027e-17,-5.117434254131581e-17,0,0
89,0.3000000000012484,1.0,0.033277612970141604,0.2,4.391018798566293e-18,0.021967169058540757,0,4
90,0.3200000000013316,1.0,0.035403421010148095,0.2,-5.204170427930421e-18,0.02197684058933445,0,4
91,0.3089459256693211,0.9823885790029122,0.034237521758634475,0.19704784612298928,5.182486384480711e-17,4.683753385137379e-17,0,0
92,0.01573934855452849,0.8684145736526215,0.0018058216014243391,0.17897584486778131,-1.214306433183765e-17,6.418476861114186e-17,0,0
93,0.199237239763368,0.9285553134327034,0.02242762705638301,0.1883190003822871,6.591949208711867e-17,-1.3877787807814457e-16,0,0
94,0.2293391931637615,0.9495375012645004,0.025693286928574775,0.19169645846054198,1.734723475976807e-17,5.377642775528102e-17,0,0
95,0.2795741046707085,0.9695391364654514,0.031109688188902737,0.19493068959233784,-2.42861286636753e-17,1.196959198423997e-16,0,0
96,0.3280131730464912,0.9828604788259226,0.03625819972021665,0.1971143198999336,-3.382710778154774e-17,2.42861286636753e-17,0,0
97,0.3400000000014148,1.0,0.03751443716307008,0.2,3.469446951953614e-18,0.02199498393397217,0,4
98,0.08138530755708862,0.8721301567563944,0.009315790114670692,0.1794887541948487,0.0,-4.5102810375396984e-17,0,0
99,0.06236762302517274,0.8659415313361355,0.007153755687433841,0.17853613648666003,3.2959746043559335e-17,1.734723475976807e-17,0,0
100,0.1004027684627881,0.8783185897033319,0.011467820227769652,0.18043785942371443,1.734723475976807e-18,-6.591949208711867e-17,0,0
101,0.1194196240378326,0.8845064774348179,0.01360922744834299,0.18138483344458628,1.474514954580286e-17,-8.847089727481716e-17,0,0
102,0.04492151572745764,0.8603870878784303,0.005161965100584575,0.17767684304270434,-1.2576745200831851e-17,4.85722573273506e-17,0,0
103,0.02904532783885965,0.8590153457463284,0.003338853568428002,0.17747577064122033,4.85722573273506e-17,1.0928757898653885e-16,0,0
104,0.138407195847406,0.890664566857932,0.015736303737873648,0.18232640407686745,7.806255641895632e-18,-1.2836953722228372e-16,0,0
105,0.0,0.8600000000003248,0.0,0.17764469424478366,-0.02105447283400181,-5.204170427930421e-18,1,0
106,0.1573696675871127,0.8968018609627955,0.017849102952715037,0.1832653129035026,3.8163916471489756e-17,-1.0581813203458523e-16,0,0
107,0.176281371207092,0.9030216681640821,0.019944202234756413,0.18421974846744138,4.336808689942018e-17,5.377642775528102e-17,0,0
108,0.1952435370824973,0.9091637737936274,0.02203301960331593,0.1851649505912248,3.382710778154774e-17,2.7755575615628914e-17,0,0
109,0.2194850992021664,0.9334052062369143,0.024646165678383333,0.18906600805143925,-2.6020852139652106e-17,-8.239936510889834e-17,0,0
110,0.2526149448468153,0.9471505980203326,0.028232517008750964,0.19125974612297225,-2.0383000842727483e-17,1.700029006457271e-16,0,0
111,0.2754419673770652,0.9528365386138784,0.030690378635057226,0.19215741936904182,-1.6479873021779667e-17,8.500145032286355e-17,0,0
112,0.2955939234544423,0.9626675547762498,0.032835736562567185,0.19376190523551556,8.239936510889834e-18,-9.367506770274758e-17,0,0
113,0.31650425106359,0.9652259559951815,0.03505861450013193,0.1941605578372144,-3.729655473350135e-17,-3.2959746043559335e-17,0,0
114,0.3494452153656302,0.9794004045056546,0.038514936712228526,0.19651221471146116,-1.3877787807814457e-17,-8.153200337090993e-17,0,0
115,0.360000000001498,1.0,0.03960849528028077,0.2,1.5612511283791264e-17,0.021999152949210236,0,4
116,0.01659904082368774,0.8497873005265726,0.0019128156447319334,0.1760237165813759,-8.673617379884035e-17,-1.3530843112619095e-16,0,0
117,0.2141552004239931,0.9150720856588042,0.024104219076645426,0.18607569471684032,-5.0306980803327406e-17,1.0148132334464322e-16,0,0
118,0.2392094606053939,0.9357692533503154,0.026798243128233222,0.18940920877941367,-4.163336342344337e-17,-2.949029909160572e-17,0,0
119,0.3340390848726226,0.9674670671110059,0.03690963695348789,0.19451251910403483,9.280770596475918e-17,-8.673617379884035e-17,0,0
120,0.3697629228876311,0.9833565506893913,0.040631865553015456,0.19716858352275052,4.683753385137379e-17,3.2959746043559335e-17,0,0
121,0.3800000000015813,1.0,0.04168728516807877,0.2,8.673617379884035e-18,0.02202818270067297,0,4
122,0.09626200625221895,0.8587631057201879,0.011040363849099727,0.17732459087356467,-3.729655473350135e-17,2.7755575615628914e-17,0,0
123,0.07725037740988157,0.8525758205611338,0.008880890095628534,0.17638381628331468,2.7321894746634712e-17,-3.469446951953614e-17,0,0
124,0.05824030746179439,0.8463877649188609,0.0067105936317578595,0.17543820394488455,-1.1709383462843448e-17,-7.806255641895632e-17,0,0
125,0.1152707777707575,0.8649436381935046,0.0131880006056229,0.1782609961559798,-4.683753385137379e-17,1.7520707107365752e-16,0,0
126,0.1342855909193939,0.8711294023881502,0.015324279639210962,0.17919638452197775,4.466912950640278e-17,1.1796119636642288e-16,0,0
127,0.03668345683721189,0.8418175125490893,0.0042345601695267104,0.17474576920991472,4.0766001685454967e-17,-2.3071822230491534e-16,0,0
128,0.1532581019781437,0.8772767874756431,0.017443468935081332,0.1801253275700829,-6.418476861114186e-17,-1.0061396160665481e-16,0,0
129,0.0,0.8400000000004,0.0,0.1744810225176943,-0.021067295118958388,6.418476861114186e-17,1,0
130,0.1722128685615043,0.8834525467875002,0.019547826946649582,0.18105995789285287,2.992397996059992e-17,-2.7755575615628914e-17,0,0
131,0.1911211252955096,0.8896679984941889,0.02163387431220663,0.1820036313395145,-1.5178830414797062e-17,5.898059818321144e-17,0,0
132,0.2101158409323891,0.8957995238001368,0.023716467925597673,0.18293651497438795,1.3010426069826053e-18,-1.734723475976807e-18,0,0
133,0.2334416935254613,0.9205393333885131,0.02620510888191257,0.18691649400454935,-6.938893903907228e-17,2.949029909160572e-17,0,0
134,0.2522338260105055,0.9275099231314817,0.028233237667221283,0.18801267032085373,3.946495907847236e-17,-5.0306980803327406e-17,0,0
135,0.2713347335777835,0.9339897000319867,0.030285231572941468,0.18903722037104054,4.336808689942018e-17,-1.7867651802561113e-16,0,0
136,0.2903511305383566,0.940178809474723,0.03231584672875176,0.19001927488117365,3.9898639947466563e-17,-2.6020852139652106e-17,0,0
137,0.3096861610795566,0.9464345930301078,0.03436773437959995,0.19102033980052624,-3.7730235602495554e-17,6.591949208711867e-17,0,0
138,0.3287217788528926,0.9515153737204619,0.036374892986329004,0.19183289524357666,-3.209238430557093e-17,7.28583859910259e-17,0,0
139,0.3475110060345089,0.9583331225078096,0.03833902904363714,0.19294843997028513,1.3010426069826053e-17,1.0581813203458523e-16,0,0
140,0.3665070151591969,0.9653740304321197,0.04031482434066408,0.19411257774510962,-3.946495907847236e-17,-1.214306433183765e-17,0,0
141,0.3871123645654871,0.9771750949973823,0.042435251679454604,0.19609846910172868,-7.979727989493313e-17,7.112366251504909e-17,0,0
142,0.4000000000016645,1.0,0.04375203207293882,0.2,-2.6020852139652106e-17,0.022034097578058933,0,4
143,0.01814062329109194,0.8301341470788369,0.0021008104705198183,0.17291878123024593,5.898059818321144e-17,8.153200337090993e-17,0,0
144,0.2291540091418696,0.9020473798151776,0.02578997068790056,0.18389228123770315,1.0408340855860843e-17,-1.9081958235744878e-17,0,0
145,0.4100471658915571,0.9821066940902494,0.04478935058200688,0.19692438133061768,3.2959746043559335e-17,2.862293735361732e-17,0,0
146,0.4200000000017478,1.0,0.04580001267189673,0.2,1.214306433183765e-17,0.02205268475973817,0,4
147,0.1111309795386618,0.8453877819691732,0.0127724945233929,0.17515007440915165,-4.2934406030425976e-17,-1.8388068845354155e-16,0,0
148,0.09213182677413621,0.8392226471375902,0.010617254628817968,0.17422579942559774,4.206704429243757e-17,8.153200337090993e-17,0,0
149,0.07309022188356437,0.8329947749710682,0.00844466999759504,0.17328709175339813,-1.9949319973733282e-17,-3.122502256758253e-17,0,0
150,0.05363677219424907,0.8270771792048439,0.006212229010332615,0.17239144467834414,-5.724587470723463e-17,1.1102230246251565e-16,0,0
151,0.1301414900388666,0.8515713948058943,0.014915902570240062,0.17607423645999973,5.160802341031001e-17,-1.474514954580286e-16,0,0
152,0.1491409399485337,0.8577406211383747,0.017044636897536127,0.17699465737815107,1.431146867680866e-17,1.2836953722228372e-16,0,0
153,0.03500236565042322,0.8206162238507377,0.004063388659154813,0.17140369136978617,3.3393426912553537e-17,1.5092094240998222e-16,0,0
154,0.1680923537949981,0.8638678883974173,0.019154370639488362,0.17790851388186874,-3.642919299551295e-17,8.673617379884035e-18,0,0
155,0.0,0.8200000000004641,0.0,0.1713294227908538,-0.02107373601953162,-5.0306980803327406e-17,1,0
156,0.1870170286112981,0.8700910963052987,0.02124677701042389,0.17883945797012796,-8.239936510889834e-18,7.806255641895632e-17,0,0
157,0.2059841626503857,0.876290916945227,0.023329837018245817,0.1797690571237129,6.071532165918825e-17,-1.491862189340054e-16,0,0
158,0.2250016387285732,0.8824737642618367,0.025404269685050784,0.18069934934427487,7.37257477290143e-18,3.642919299551295e-17,0,0
159,0.2481704402260498,0.9082368828298631,0.027847667627619487,0.18484410294930922,3.469446951953614e-18,-6.938893903907228e-17,0,0
160,0.2671867139074335,0.9144261946520977,0.02989155517647689,0.18580446484846722,2.168404344971009e-17,1.2836953722228372e-16,0,0
161,0.2862028397788394,0.9206153479518651,0.031921803701092204,0.1867709571442398,-6.591949208711867e-17,3.642919299551295e-17,0,0
162,0.3052187475465098,0.9268043445304925,0.033938865002672285,0.1877451112218063,5.204170427930421e-18,7.979727989493313e-17,0,0
163,0.3242344514008547,0.9329932171809934,0.0359425473371229,0.18872686686824747,2.168404344971009e-18,-1.682681771697503e-16,0,0
164,0.3432500274232689,0.9391816233774757,0.037931775081357144,0.18971897130574358,2.47198095326695e-17,-7.632783294297951e-17,0,0
165,0.3624917661513574,0.945256561619453,0.03993136640176265,0.19070177237921182,1.0408340855860843e-17,8.500145032286355e-17,0,0
166,0.3821421275357682,0.9522672039329987,0.04195821733185779,0.19185261869897605,-2.5587171270657905e-17,-3.469446951953614e-18,0,0
167,0.4010870336415115,0.9585981673619047,0.04390087859224699,0.19290029219702687,4.0766001685454967e-17,-4.336808689942018e-17,0,0
168,0.4300001212559456,0.9828067865897498,0.046824117073098644,0.19703025603958432,-4.683753385137379e-17,7.892991815694472e-17,0,0
169,0.4400000000018309,1.0,0.0478323590112824,0.2,-5.204170427930421e-18,0.022068745111670653,0,4
170,0.01714560909227536,0.810173272637508,0.001996680130362002,0.16978034982757886,-3.469446951953614e-17,2.0816681711721685e-17,0,0
171,0.244022439358565,0.8886735838831652,0.027464815189718918,0.18163734474681534,0.0,-6.982261990806649e-17,0,0
172,0.421505551642548,0.9645251417209334,0.0459809264881905,0.1938850178088398,-2.3418766925686896e-17,-5.377642775528102e-17,0,0
173,0.4500006920819306,0.9826791167116691,0.04884866265114406,0.19699313861033768,7.112366251504909e-17,-3.382710778154774e-17,0,0
174,0.4600000000019141,1.0,0.04984866653153319,0.2,5.180453505407301e-18,0.022082650621849144,0,4
175,0.4800000000019974,1.0,0.05185005178403428,0.2,2.949029909160572e-17,0.02209428910103005,0,4
176,0.4698893621118765,0.9826190909260553,0.050846536995928136,0.19696897929632004,-4.445228907190568e-17,9.367506770274758e-17,0,0
177,0.1260129065487458,0.8320290245581359,0.014515009815114705,0.1729674733254937,-3.0791341698588326e-17,5.898059818321144e-17,0,0
178,0.106999078768117,0.8258337933237394,0.012362189212884352,0.17205277988745804,2.7755575615628914e-17,1.3010426069826053e-16,0,0
179,0.08795061723008335,0.8196136028073373,0.01019122519787128,0.17113003686318268,-2.211772431870429e-17,1.3877787807814457e-17,0,0
180,0.0688401410306911,0.8133290201632521,0.007999627949546286,0.17019093827044685,-1.9081958235744878e-17,-5.204170427930421e-18,0,0
181,0.04996414030180951,0.8073177787760557,0.005821016644833124,0.16928686082838362,5.724587470723463e-17,7.806255641895632e-17,0,0
182,0.1450138776356631,0.8381971901234126,0.01665186731353784,0.17387530274370003,-3.3393426912553537e-17,-6.071532165918825e-17,0,0
183,0.1640135240937568,0.8443732804177739,0.018773672144465865,0.17478342224101442,3.8163916471489756e-17,-5.898059818321144e-17,0,0
184,0.03298812256851958,0.8006970117859586,0.0038525342470349705,0.16827936221716644,-2.688821387764051e-17,-6.245004513516506e-17,0,0
185,0.18295480248176,0.850515159629451,0.02087400728048834,0.17568683946197125,-1.8648277366750676e-17,-1.0408340855860843e-16,0,0
186,0.0,0.8000000000005446,0.0,0.16819162473298993,-0.021086962783225208,2.949029909160572e-17,1,0
187,0.2019130634774329,0.8567118303866204,0.022960870999061574,0.1766009284102479,5.2475385148298415e-17,7.45931094670027e-17,0,0
188,0.2208738894723162,0.862920613307268,0.025032796998302652,0.17752015648803204,-9.063930161978817e-17,1.0234868508263162e-16,0,0
189,0.2398737294382154,0.8691088100257465,0.02709402730847966,0.17844030967314434,-1.6479873021779667e-17,1.43982048506075e-16,0,0
190,0.263038567744266,0.8948630493096378,0.029510598491606636,0.18258062628877028,-6.591949208711867e-17,-1.5178830414797062e-17,0,0
191,0.2820546898014366,0.9010522939420277,0.031541646608565954,0.18353079219623525,4.9873299934333204e-17,4.5102810375396984e-17,0,0
192,0.3010704958516282,0.9072412738075176,0.0335586212940825,0.18448828330086117,-6.765421556309548e-17,-1.0061396160665481e-16,0,0
193,0.3200862389721952,0.9134300924332327,0.03556176496841205,0.18545353815524626,5.551115123125783e-17,1.3010426069826053e-16,0,0
194,0.3391019621673921,0.9196186163331391,0.0375513531729726,0.1864279420263506,-7.806255641895632e-18,1.214306433183765e-16,0,0
195,0.3581261426198155,0.9258174273280392,0.03952767868102043,0.18741461607823232,-3.382710778154774e-17,-9.540979117872439e-17,0,0
196,0.3771739912960863,0.9320429436632636,0.04149252387873318,0.18841591745433933,-2.7755575615628914e-17,8.847089727481716e-17,0,0
197,0.3963716708906149,0.9384355105118752,0.04345961607997157,0.18945486756619467,-5.637851296924623e-18,1.0061396160665481e-16,0,0
198,0.4158899559118784,0.9453826646854219,0.04544448064372628,0.19060028236227522,6.158268339717665e-17,9.020562075079397e-17,0,0
199,0.439898283170633,0.9659103568809173,0.047846589125991996,0.19409684711120465,2.42861286636753e-17,1.734723475976807e-18,0,0
200,0.4900000842926137,0.9826795038325518,0.05285118851619294,0.19696559202518468,2.42861286636753e-17,9.540979117872439e-17,0,0
201,0.500000000002059,1.0,0.05383638595609626,0.2,-2.42861286636753e-17,0.022108739777655276,0,4
202,0.01674254304361746,0.7895922531085066,0.001963206956436033,0.16655937550346686,1.9081958235744878e-17,-1.3357370765021415e-16,0,0
203,0.2588902810045144,0.8752998716982424,0.029142042450854864,0.17936681363856954,-5.204170427930421e-17,6.938893903907228e-17,0,0
204,0.4314106600639073,0.9515528420506056,0.04701167479079166,0.19162791592808695,-8.847089727481716e-17,-7.632783294297951e-17,0,0
205,0.4591163306859123,0.9648547474194324,0.04978652353448932,0.1938861118269889,-1.3877787807814457e-17,6.765421556309548e-17,0,0
206,0.4793347838546417,0.9649968673841194,0.05180946809033984,0.1938821716145132,4.90059381963448e-17,-1.5092094240998222e-16,0,0
207,0.5099998974596268,0.9826795011067215,0.05482950062895783,0.19695044684900254,1.0408340855860843e-17,1.1102230246251565e-16,0,0
208,0.5200000000019419,1.0,0.05580671765508566,0.2,-5.204170427930421e-18,0.022121687957264637,0,4
209,0.5400000000018033,1.0,0.05776278021342738,0.2,-1.3877787807814457e-17,0.02213186901196697,0,4
210,0.5299996152044405,0.9826792697630758,0.056792367466555214,0.19693724329427267,-1.474514954580286e-17,6.591949208711867e-17,0,0
211,0.1408736483260662,0.8186480063016744,0.016264531793958877,0.17076904043343363,2.6020852139652106e-17,-3.9898639947466563e-17,0,0
212,0.1218657755166591,0.812464562299585,0.014117554960770197,0.16987176487014874,3.729655473350135e-17,1.0408340855860843e-17,0,0
213,0.1028304069839838,0.8062679242828028,0.011951659264406361,0.16896873275248556,1.8214596497756474e-17,-2.0816681711721685e-17,0,0
214,0.08372663781916873,0.7999932292157782,0.009762740265785868,0.16804799840965176,-3.3393426912553537e-17,-7.979727989493313e-17,0,0
215,0.0640771241942125,0.7931032876490105,0.007496833098833376,0.16702445245473396,2.6020852139652106e-17,-1.214306433183765e-17,0,0
216,0.04659881747735481,0.7887118911475169,0.005462305929881625,0.16637865632825483,-1.474514954580286e-17,-1.8388068845354155e-16,0,0
217,0.1598750459471261,0.8248174941528541,0.018394750647352673,0.17166210416896033,-3.209238430557093e-17,4.5102810375396984e-17,0,0
218,0.1788724066200317,0.8309905897483062,0.02050825813161685,0.17255539292982275,1.691355389077387e-17,6.591949208711867e-17,0,0
219,0.03322696621957338,0.7780372852290323,0.003911635118061415,0.16474100663570065,-2.6020852139652106e-18,1.1622647289044608e-16,0,0
220,0.1978195858656955,0.8371544025730275,0.022599891967162906,0.17344860856588998,-3.7730235602495554e-17,-5.204170427930421e-18,0,0
221,0.0,0.7800000000006034,0.0,0.1650703716939766,-0.0211032992092686,-3.9898639947466563e-17,1,0
222,0.2167952072862091,0.8433402931775711,0.02467835376244066,0.1743478206491286,-2.6454533008646308e-17,-8.673617379884035e-18,0,0
223,0.235748619748529,0.849543486754686,0.02673817215640953,0.17525394044513368,4.8138576458356397e-17,-1.1796119636642288e-16,0,0
224,0.2547467420502566,0.8557366880770754,0.02878699422278162,0.17616352699366916,8.586881206085195e-17,-1.6306400674181987e-16,0,0
225,0.2779066724812988,0.8814895241876216,0.03117485473218795,0.18029978070068528,1.0408340855860843e-17,2.949029909160572e-17,0,0
226,0.2969223805557124,0.8876785710449975,0.03319257533158606,0.1812401072105315,1.474514954580286e-17,2.2551405187698492e-17,0,0
227,0.3159379709422736,0.8938674453952731,0.03519572344535379,0.18218828295009673,-6.071532165918825e-18,-2.7755575615628914e-17,0,0
228,0.3349536736571804,0.9000561783220136,0.037184709075435585,0.18314530422475112,2.0816681711721685e-17,-1.43982048506075e-16,0,0
229,0.3539692928897979,0.9062443250339622,0.039159652465864205,0.18411205878227668,4.683753385137379e-17,5.551115123125783e-17,0,0
230,0.3729967576007752,0.9124474890521754,0.04112159337400839,0.1850916557548203,-5.5077470362263625e-17,-1.3357370765021415e-16,0,0
231,0.3920292030225192,0.9186563333455023,0.043070253135815396,0.18608240450272115,3.903127820947816e-18,-1.457167719820518e-16,0,0
232,0.4112023650488376,0.9250200085106371,0.045019956613048445,0.18710932847922465,-2.1250362580715887e-17,1.0408340855860843e-17,0,0
233,0.4325949724565162,0.9332320331316044,0.04717701860829863,0.18845902785904683,5.724587470723463e-17,1.7694179454963432e-16,0,0
234,0.4471645371379604,0.9487140138341514,0.048613304576505444,0.1911043816789092,3.469446951953614e-18,-1.5439038936193583e-16,0,0
235,0.4991812114214133,0.9659115640647684,0.053778140928691494,0.19401409065187059,-5.2909066017292616e-17,-2.949029909160572e-17,0,0
236,0.5499999543808936,0.9838222177218123,0.05873992759606661,0.19712699129879813,-3.642919299551295e-17,5.377642775528102e-17,0,0
237,0.5600000000016645,1.0,0.059704885356138854,0.2,1.3877787807814457e-17,0.02215055760603521,0,4
238,0.01692169892525578,0.7694081367829876,0.0020002722980168733,0.1634182179817018,-2.3418766925686896e-17,1.0408340855860843e-16,0,0
239,0.2737592098766171,0.8619272379055596,0.03082148763211218,0.17707892575387063,-4.163336342344337e-17,-1.8127860323957634e-16,0,0
240,0.4677074816481769,0.9443020814837164,0.05068649053947832,0.19029031722802484,4.163336342344337e-17,-5.204170427930421e-17,0,0
241,0.4898432746083984,0.9485589910907996,0.05288341122418926,0.19098508006871004,-5.4643789493269423e-17,2.7755575615628914e-17,0,0
242,0.5209392367668502,0.9629701991650728,0.05592557241024439,0.1934645963485483,1.3010426069826053e-17,-9.020562075079397e-17,0,0
243,0.5420645672740436,0.9671713062850542,0.057984689040014484,0.19417851254014826,3.426078865054194e-17,4.163336342344337e-17,0,0
244,0.5700000703458463,0.9826795325377053,0.06067551613878184,0.19691000149148224,4.163336342344337e-17,1.1188966420050406e-16,0,0
245,0.5800000000015259,1.0,0.06163250314298376,0.2,1.2007539060276962e-17,0.02216331605383791,0,4
246,0.6000000000013872,1.0,0.0635481538866992,0.2,-2.2551405187698492e-17,0.022170763432743747,0,4
247,0.5890510582990295,0.9825211575217156,0.06250668293917883,0.1968708419822359,-5.637851296924623e-17,8.673617379884035e-17,0,0
248,0.1557450329986728,0.8052712394879253,0.018024818287687976,0.16855715736958946,-5.0306980803327406e-17,9.71445146547012e-17,0,0
249,0.1367270909379457,0.7991023875835775,0.015883073110789077,0.1676789293534622,0.0,2.2551405187698492e-17,0,0
250,0.1177057250087933,0.7929089857673084,0.013723584821311717,0.16679369536694913,-1.6479873021779667e-17,9.020562075079397e-17,0,0
251,0.09861112019211707,0.7866369344249151,0.011538667232405618,0.16589128506145542,-4.597017211338539e-17,-9.194034422677078e-17,0,0
252,0.07906965832003546,0.7798667773791614,0.009286247193732123,0.1649055389456704,3.859759734048396e-17,5.898059818321144e-17,0,0
253,0.0552089132993632,0.7727621549686631,0.006509899117293618,0.16387213777371815,-3.642919299551295e-17,1.9081958235744878e-16,0,0
254,0.1747413319295607,0.8114481616221647,0.020146490826387278,0.16943548699737446,1.474514954580286e-17,3.2959746043559335e-17,0,0
255,0.1937406440931298,0.8176182916779029,0.022250973956126158,0.1703130979183271,8.673617379884035e-19,5.204170427930421e-17,0,0
256,0.03509616163810385,0.7594079284049761,0.004163335583361494,0.16184406463272177,-1.3877787807814457e-17,-1.231653667943533e-16,0,0
257,0.2126956130867421,0.823760074580522,0.024333217217563156,0.17118831505617355,2.168404344971009e-18,-9.020562075079397e-17,0,0
258,0.0,0.7600000000006839,0.0,0.1619684965524022,-0.02112188600851666,-6.071532165918825e-17,1,0
259,0.2316437316137446,0.8299670250431002,0.02639705813982359,0.17207759428677094,-1.2576745200831851e-17,-1.9081958235744878e-17,0,0
260,0.2506017011704864,0.8361806535794347,0.02844495181156252,0.17297277841269643,2.211772431870429e-17,1.0061396160665481e-16,0,0
261,0.2696175229084249,0.8423662386702855,0.03048252563774661,0.17386900885058978,-2.6454533008646308e-17,1.43982048506075e-16,0,0
262,0.2927745734408887,0.8681163766998368,0.03284058126437223,0.17800135221798868,1.3530843112619095e-16,2.992397996059992e-17,0,0
263,0.3117898578673219,0.8743051477493082,0.034844250460384626,0.17893170748808326,-8.066464163292153e-17,-1.5265566588595902e-16,0,0
264,0.3308052282174774,0.8804938347790283,0.03683297983266735,0.1798708074893904,7.892991815694472e-17,8.326672684688674e-17,0,0
265,0.3498203016261358,0.8866821640819743,0.03880706266921107,0.18081941536129986,-8.153200337090993e-17,1.3877787807814457e-17,0,0
266,0.3688364449879797,0.8928716011634728,0.040766833906006446,0.18177834501127862,-6.071532165918825e-18,1.231653667943533e-16,0,0
267,0.3878552082633392,0.8990645244784968,0.04271261560066847,0.18274830220614383,3.8163916471489756e-17,1.0061396160665481e-16,0,0
268,0.4068648251620828,0.9052471866319717,0.04464367857329432,0.18372706446992929,-3.426078865054194e-17,-6.418476861114186e-17,0,0
269,0.4258802386823284,0.9114351269363873,0.04656208572044548,0.18471743474335883,-8.673617379884035e-19,-1.6306400674181987e-16,0,0
270,0.450523315968862,0.9326235869717555,0.048989916289647197,0.18830206903740024,1.214306433183765e-17,1.3530843112619095e-16,0,0
271,0.5075654096211814,0.9512118479600373,0.05463103556965351,0.1914146329652197,-5.204170427930421e-18,2.6020852139652106e-17,0,0
272,0.5600000599317803,0.9704874003808742,0.059720680514188114,0.194747208556416,0.0,-1.7867651802561113e-16,0,0
273,0.6091773197591976,0.9832708073518248,0.06442746150357138,0.19699396830602348,7.112366251504909e-17,0.0,0,0
274,0.6200000000012484,1.0,0.06545150865591588,0.2,-3.122502256758253e-17,0.02218595980608,0,4
275,0.0173205148147118,0.7500000607246693,0.0020638118811472073,0.1604162163161989,-5.377642775528102e-17,5.724587470723463e-17,0,0
276,0.2886283341957554,0.8485546098437289,0.03250297850189635,0.1747727924567397,-1.3877787807814457e-17,-1.209969624493823e-16,0,0
277,0.4448943049038018,0.9176210578301275,0.04846834467434461,0.1857146997730561,3.9898639947466563e-17,-9.324138683375338e-17,0,0
278,0.4641677991303749,0.9230122238890253,0.05038691410856894,0.18658851156091635,-1.0842021724855044e-17,4.85722573273506e-17,0,0
279,0.4829979923043898,0.9297692736372352,0.052248262315899796,0.18771135308199538,1.8214596497756474e-17,1.0061396160665481e-16,0,0
280,0.5022727688005876,0.9351623120149215,0.054144251824665916,0.18860263771367256,-1.0408340855860843e-17,-1.1796119636642288e-16,0,0
281,0.5209554394605855,0.9423752002003472,0.05596429166996384,0.18982716171721842,1.0755285551056204e-16,-1.9081958235744878e-17,0,0
282,0.5388731034008772,0.9488469074113417,0.057703134673718494,0.19093588411311388,-1.0451708942760263e-16,-1.3183898417423734e-16,0,0
283,0.5575304414975415,0.9544239295941528,0.0595058904830305,0.1918909038640564,3.9898639947466563e-17,1.5265566588595902e-16,0,0
284,0.5776157598116254,0.9635578685797813,0.06142840245066839,0.19348932890877718,-5.2909066017292616e-17,-6.938893903907228e-17,0,0
285,0.5991195616501441,0.9661263408259742,0.06348456912178826,0.19392319643079167,1.3877787807814457e-17,6.765421556309548e-17,0,0
286,0.6303961250911536,0.9804056793865074,0.06644090233725766,0.19646434863379023,2.168404344971009e-17,-1.5699247457590104e-16,0,0
287,0.1706125642079759,0.791907044892644,0.01979435603863046,0.1663314675783728,-1.1709383462843448e-17,-1.43982048506075e-16,0,0
288,0.1516026703952819,0.7857267171305097,0.017661518234303147,0.16546906808252407,2.862293735361732e-17,-3.642919299551295e-17,0,0
289,0.132591679134009,0.7795507229785994,0.015509548070197844,0.1646051103932482,4.2500725161431774e-17,-2.6020852139652106e-17,0,0
290,0.1135606365439844,0.7733531773829366,0.013336513998447774,0.16373361296626382,-4.5102810375396984e-17,-1.9081958235744878e-17,0,0
291,0.09456580031562942,0.7671905752370214,0.011148883605909278,0.16286105552241112,-3.382710778154774e-17,2.949029909160572e-17,0,0
292,0.0755488728118404,0.7610030768241174,0.008940619548350336,0.16197564413572513,7.45931094670027e-17,-1.2836953722228372e-16,0,0
293,0.05324563911205712,0.7503856165130752,0.006336023875462131,0.16040657879226133,-2.42861286636753e-17,-8.326672684688674e-17,0,0
294,0.1896121652199687,0.7980745007378505,0.021907156055435403,0.16719146151334666,3.3393426912553537e-17,4.163336342344337e-17,0,0
295,0.2086118141293398,0.8042517345233222,0.024001082244958765,0.1680543252140821,1.0408340855860843e-17,-6.938893903907228e-18,0,0
296,0.03464093119172439,0.7400001471549682,0.004144633064407629,0.15885048308718208,3.0357660829594124e-17,1.457167719820518e-16,0,0
297,0.2275568284591009,0.8103804764963927,0.026070687875047027,0.1689125966104424,6.071532165918825e-18,9.367506770274758e-17,0,0
298,0.0,0.7400000000007427,0.0,0.15888671675205177,-0.02113789574347808,9.020562075079397e-17,1,0
299,0.2464977589944202,0.8166103899575263,0.028120964894914047,0.16979176548818598,-2.42861286636753e-17,-7.112366251504909e-17,0,0
300,0.2654847669287553,0.8228053487091271,0.03015867014710812,0.17067063848537092,-4.423544863740858e-17,4.85722573273506e-17,0,0
301,0.2844843832286786,0.8289928939067882,0.03218027431110253,0.1715550821962436,2.168404344971009e-17,1.3704315460216776e-16,0,0
302,0.3076423683574192,0.8547433921086063,0.034507562786066405,0.17568456992313436,-4.85722573273506e-17,1.4094628242311558e-16,0,0
303,0.3266570993641527,0.8609319644185345,0.03649643297065366,0.17660507931571828,-3.209238430557093e-17,-1.9081958235744878e-17,0,0
304,0.3456721488216936,0.8671204540218347,0.0384700028532944,0.17753507965809284,-4.90059381963448e-17,1.1449174941446927e-16,0,0
305,0.3646870199164394,0.8733086821017958,0.04042860072792745,0.17847514296782996,3.0357660829594124e-18,-2.6020852139652106e-17,0,0
306,0.3837028715785791,0.8794980531283216,0.04237268237840444,0.17942592433109034,4.2934406030425976e-17,-9.194034422677078e-17,0,0
307,0.4027167040710303,0.8856853218801072,0.04430231667413143,0.1803871459410124,-3.5561831257524545e-17,9.367506770274758e-17,0,0
308,0.4217315928612275,0.8918732679137377,0.0462182488959998,0.181359406388013,-1.1275702593849246e-17,1.3530843112619095e-16,0,0
309,0.440746806496952,0.8980608821426193,0.048120983643595426,0.18234131869206083,-8.239936510889834e-18,-2.949029909160572e-17,0,0
310,0.6169132349695035,0.968557020739917,0.06517478737136456,0.1943402462191583,1.1275702593849246e-17,-3.8163916471489756e-17,0,0
311,0.6400000000011098,1.0,0.06734179225960292,0.2,1.734723475976807e-18,0.022195902938794854,0,4
312,0.01666504831230727,0.7296368077910795,0.002004679358705845,0.1572896374735465,-2.6020852139652106e-18,-1.734723475976807e-18,0,0
313,0.3034956062623645,0.8351819657395729,0.03418601541829496,0.17244757915576886,-4.683753385137379e-17,7.37257477290143e-17,0,0
314,0.4598036237872508,0.9041154841512253,0.05001665274870642,0.1833116867494326,2.6020852139652106e-17,-1.7780915628762273e-17,0,0
315,0.4787744628418278,0.9104369317061927,0.05188811174542652,0.1843424029863751,-4.423544863740858e-17,-8.500145032286355e-17,0,0
316,0.4977899411994762,0.91662491193542,0.053753816422546515,0.1853581805564816,5.724587470723463e-17,1.0581813203458523e-16,0,0
317,0.5168614783071614,0.9226418375855641,0.0556136743582836,0.18635495154961654,-5.854691731421724e-17,1.231653667943533e-16,0,0
318,0.5358217434867958,0.9290004096106464,0.057450396171209804,0.18742501239507756,-3.599551212651875e-17,1.0928757898653885e-16,0,0
319,0.5548384083788729,0.9351883092592784,0.05928245748466779,0.18847420989538105,-1.5612511283791264e-17,-3.469446951953614e-17,0,0
320,0.573855336662267,0.9413759882844227,0.06110432311268533,0.1895339438738693,5.160802341031001e-17,-1.231653667943533e-16,0,0
321,0.5929535455345256,0.9473126108727234,0.06292516181144554,0.1905582978712204,-2.7321894746634712e-17,-8.847089727481716e-17,0,0
322,0.6122242360824861,0.9526667270246733,0.06475200376928443,0.19148604428828384,6.765421556309548e-17,6.938893903907228e-18,0,0
323,0.6507398784103839,0.983106677747061,0.06835632690758886,0.19693977187782022,-2.7755575615628914e-17,-9.194034422677078e-17,0,0
324,0.6305890104766197,0.9598830553769047,0.06647940625742102,0.19276106864098197,3.209238430557093e-17,1.3530843112619095e-16,0,0
325,0.660000000000971,1.0,0.06921961418760028,0.2,2.42861286636753e-17,0.022206906238128123,0,4
326,0.1854730646364886,0.7785250806806803,0.0215728773745439,0.16408535542129504,-2.3418766925686896e-17,6.938893903907228e-18,0,0
327,0.1664743507801187,0.7723481414842115,0.019450647848390196,0.16324198185198788,-1.3010426069826053e-17,1.0928757898653885e-16,0,0
328,0.1474653043129695,0.7661807663561011,0.017306677024849407,0.1623989394241289,-3.5561831257524545e-17,-1.0061396160665481e-16,0,0
329,0.1284454144006158,0.7599985242455293,0.015140992492899685,0.16155031664592912,4.119968255444917e-17,-1.491862189340054e-16,0,0
330,0.1094324282438562,0.7538151233210022,0.012955612896531474,0.1606960094769673,4.5102810375396984e-17,-1.5092094240998222e-16,0,0
331,0.09041577954960867,0.7476278334601761,0.010749611463760123,0.15983323827892246,-1.474514954580286e-17,7.45931094670027e-17,0,0
332,0.07129553127485101,0.741128788907888,0.008511908574266574,0.1589137861603051,1.7780915628762273e-17,-8.673617379884035e-17,0,0
333,0.05110036798725748,0.7308682009876969,0.00613708480535395,0.15740709681898088,7.892991815694472e-17,3.469446951953614e-18,0,0
334,0.2044703623315943,0.7846994210426421,0.02367465797215189,0.16492895733088653,-1.8214596497756474e-17,1.0408340855860843e-17,0,0
335,0.2234699142584383,0.7908704194894725,0.025756715462188277,0.16577436999214232,-4.7704895589362195e-18,4.683753385137379e-17,0,0
336,0.03190843997420766,0.7202575281260865,0.003856348480265319,0.15583276506464844,2.0816681711721685e-17,-1.4051260155412137e-16,0,0
337,0.2424197987159729,0.7970371610848608,0.02781367893056511,0.166623483970925,1.3877787807814457e-17,5.0306980803327406e-17,0,0
338,0.0,0.7200000000008053,0.0,0.1558288147918072,-0.021158695966756347,-6.591949208711867e-17,1,0
339,0.2613961822788531,0.8032279641295761,0.029854284028160004,0.1674817518342784,-5.941427905220564e-17,3.2959746043559335e-17,0,0
340,0.2803527630928152,0.8094295575184054,0.031874015575045773,0.16834868646847548,8.890457814381136e-17,-1.231653667943533e-16,0,0
341,0.299348158729572,0.8156209481442758,0.03387993835430548,0.16922149134070213,1.8648277366750676e-17,-1.5092094240998222e-16,0,0
342,0.3225093742570958,0.8413704520315554,0.03617538978529853,0.17334874100442424,3.122502256758253e-17,-7.589415207398531e-17,0,0
343,0.3415239781008065,0.8475589361699659,0.03814871700461862,0.17425946882798748,-1.951563910473908e-17,-7.979727989493313e-17,0,0
344,0.3605389171356997,0.8537474506537698,0.04010644974597889,0.17518039522135115,5.117434254131581e-17,-9.8879238130678e-17,0,0
345,0.3795541504692712,0.8599360069763291,0.042049064332526066,0.17611201079226096,8.413408858487514e-17,8.673617379884035e-18,0,0
346,0.398569203786075,0.866123952508582,0.043976982855574415,0.1770545506050519,-6.331740687315346e-17,-9.020562075079397e-17,0,0
347,0.4175838690725242,0.8723120295931008,0.04589066181505146,0.1780083549460955,3.382710778154774e-17,-1.0234868508263162e-16,0,0
348,0.4365976505120054,0.8784995286874513,0.04779062256565766,0.17897295489601167,4.2500725161431774e-17,-3.8163916471489756e-17,0,0
349,0.4556120692963087,0.8846869776686452,0.04967789213278096,0.17994928211327105,-3.469446951953614e-18,2.42861286636753e-17,0,0
350,0.6436269905227948,0.9676984358934254,0.06770044421898204,0.19415730347464896,-8.326672684688674e-17,1.1796119636642288e-16,0,0
351,0.6690760261163456,0.9833553586905032,0.07007396078145628,0.19697785003432836,-6.938893903907228e-18,1.1449174941446927e-16,0,0
352,0.6800000000008324,1.0,0.07108861983843519,0.2,-3.469446951953614e-17,0.022216590921242507,0,4
353,0.01656949733854077,0.7078206189146546,0.0020170433746198434,0.15396741693805024,4.130810277169772e-17,-9.8879238130678e-17,0,0
354,0.3183617598859174,0.8218093947767399,0.03587026173307887,0.17010247998547712,5.204170427930421e-18,1.6479873021779667e-17,0,0
355,0.4746263000542394,0.8908748316707424,0.05155265558612916,0.18093775511196852,-2.2551405187698492e-17,3.903127820947816e-17,0,0
356,0.4936408923919625,0.8970627807497629,0.05341439056565754,0.18193802752817959,-4.9873299934333204e-17,-3.122502256758253e-17,0,0
357,0.512656541724588,0.9032503122716353,0.055265285157727634,0.18294890048634135,2.6020852139652106e-17,1.0408340855860843e-17,0,0
358,0.5316724351709358,0.9094378794804142,0.05710488733364361,0.18397207030920892,3.7730235602495554e-17,-8.326672684688674e-17,0,0
359,0.5506886843769639,0.9156256121609223,0.058933508190098044,0.18500628098433428,1.3444106938820255e-17,-8.153200337090993e-17,0,0
360,0.5697054515843155,0.9218131382955248,0.06075203992822543,0.18605114455470242,3.903127820947816e-18,2.6020852139652106e-17,0,0
361,0.5887178673805236,0.9280016149439123,0.06256027985154532,0.1871066510460463,-7.806255641895632e-17,1.249000902703301e-16,0,0
362,0.6077350519747066,0.9341464348506131,0.06435975954624955,0.18816339320582123,6.678685382510707e-17,3.642919299551295e-17,0,0
363,0.6270297233250244,0.9405572650384966,0.06617541792799958,0.18927784778880413,-9.367506770274758e-17,-1.3877787807814457e-16,0,0
364,0.65923319619839,0.9661691137879326,0.06916828702115421,0.19386496634777017,8.673617379884035e-18,-1.0798653637955624e-16,0,0
365,0.647176742437427,0.9489276531687217,0.06805843498987939,0.19075619259480334,9.020562075079397e-17,1.734723475976807e-17,0,0
366,0.6886050815070114,0.9797222124234689,0.07189492606616116,0.19630583490092424,3.122502256758253e-17,-6.071532165918825e-17,0,0
367,0.7000000000006936,1.0,0.072946703561488,0.2,-2.45029690981724e-17,0.022223214112178306,0,4
368,0.7200000000005549,1.0,0.07479413526912941,0.2,2.949029909160572e-17,0.022233215098037645,0,4
369,0.7100000000006242,0.9826794919244314,0.07387523961044355,0.19683395577375534,-3.859759734048396e-17,-7.979727989493313e-17,0,0
370,0.2003402164471771,0.7651473959224845,0.023361646126574653,0.16182045059283467,3.165870343657673e-17,-3.469446951953614e-18,0,0
371,0.1813285683387378,0.7589705692251117,0.021248884525812143,0.1609965035247239,-3.469446951953614e-18,-7.28583859910259e-17,0,0
372,0.1623266730560484,0.7528042665273056,0.019115182006424206,0.1601740652056825,-2.5153490401663703e-17,-7.979727989493313e-17,0,0
373,0.1433139384684004,0.7466244070475541,0.016958113294769,0.15934740262940614,-1.734723475976807e-17,1.6479873021779667e-16,0,0
374,0.1242978211975253,0.7404388664105587,0.014778354676579907,0.15851549523349553,-6.678685382510707e-17,2.3592239273284576e-16,0,0
375,0.1052824355838999,0.7342528958029627,0.012576432480933033,0.1576767515111712,9.974659986866641e-18,1.231653667943533e-16,0,0
376,0.08626611525835683,0.7280652660005188,0.010352126473106142,0.15682891209426486,-6.765421556309548e-17,5.377642775528102e-17,0,0
377,0.06743156160307373,0.7208871743809803,0.008132346849492775,0.15581745352821405,-1.7780915628762273e-17,9.020562075079397e-17,0,0
378,0.04852919821297198,0.7128074590186333,0.005884787808363887,0.15465569563785775,1.0408340855860843e-17,-1.1275702593849246e-16,0,0
379,0.2193373559021387,0.7713278170232729,0.02545112465802693,0.16264695577408642,2.5153490401663703e-17,-1.43982048506075e-16,0,0
380,0.2383371194591664,0.7774996816775415,0.027519839676185688,0.16347567853795497,2.905661822261152e-17,-4.336808689942018e-17,0,0
381,0.03270582736623292,0.7051146381668603,0.00398558634294813,0.15353096960445903,-2.8189256484623115e-17,2.949029909160572e-17,0,0
382,0.2572964841840221,0.783646121927268,0.02956375755037869,0.16430579382827953,-2.905661822261152e-17,-9.71445146547012e-17,0,0
383,0.0,0.700000000000853,0.0,0.15280076681350788,-0.02116273237651357,2.6020852139652106e-17,1,0
384,0.2762527054608623,0.7898535911527592,0.031586903308741636,0.16515252168859437,4.683753385137379e-17,-1.5612511283791264e-17,0,0
385,0.2952043650459516,0.7960643438964056,0.033590304838651185,0.16600772858011312,-1.3010426069826053e-18,1.3357370765021415e-16,0,0
386,0.314214130579973,0.8022488627142159,0.03558157905938562,0.16686699877970587,-2.2551405187698492e-17,-5.204170427930421e-18,0,0
387,0.3373756848363535,0.827997751596881,0.037843619401214675,0.17099314741519286,4.163336342344337e-17,3.686287386450715e-17,0,0
388,0.3563920494399158,0.8341861832185775,0.03980083335201502,0.1718941880270959,-2.8189256484623115e-17,-5.898059818321144e-17,0,0
389,0.3754058550560383,0.8403749280188673,0.041741970036891576,0.1728062225899349,-4.7704895589362195e-18,4.85722573273506e-17,0,0
390,0.3944229087122018,0.8465650870390538,0.04366821569982982,0.1737297980871869,2.5587171270657905e-17,9.8879238130678e-17,0,0
391,0.4134401385667064,0.8527519850073355,0.0455798493392296,0.1746644289744849,-3.469446951953614e-17,-7.112366251504909e-17,0,0
392,0.4324497367249247,0.8589385757584111,0.04747668062652601,0.17561068965477153,-7.37257477290143e-18,-4.683753385137379e-17,0,0
393,0.4514639860266747,0.8651261431338116,0.04936068800133539,0.1765691443320391,9.540979117872439e-18,5.204170427930421e-17,0,0
394,0.4704777094106271,0.8713136234078287,0.051231879514999794,0.17753981294538695,3.469446951953614e-18,-2.2551405187698492e-17,0,0
395,0.6737162782841541,0.9689869106912554,0.07051835422771995,0.19436249489746965,6.418476861114186e-17,-1.249000902703301e-16,0,0
396,0.7300000000004856,0.9835423218247087,0.07571768689282096,0.19698422538251045,6.938893903907228e-18,-1.3617579286417936e-16,0,0
397,0.7400000000004161,1.0,0.07663323025066031,0.2,4.5102810375396984e-17,0.02224312796532503,0,4
398,0.02733703394621676,0.6908407090458013,0.003357707057054898,0.15138663949568973,-1.5612511283791264e-17,1.474514954580286e-16,0,0
399,0.01155273937719225,0.6900957422779483,0.0014191287879808858,0.1513014766864038,-1.734723475976807e-17,-6.245004513516506e-17,0,0
400,0.3332275754932582,0.8084371087349106,0.037555269136332954,0.16773672676105447,-2.949029909160572e-17,-4.7704895589362195e-17,0,0
401,0.4894920748596222,0.8775012145920957,0.05309076034001991,0.17852255589294283,-6.938893903907228e-18,4.336808689942018e-18,0,0
402,0.5085074723386659,0.8836885419444054,0.054937662341960326,0.17951736701625176,-7.37257477290143e-18,-7.806255641895632e-17,0,0
403,0.5275232027467467,0.8898758620265823,0.05677362088292597,0.1805240454612615,5.4643789493269423e-17,-2.0816681711721685e-17,0,0
404,0.5465389775781643,0.8960633496603401,0.05859860723239483,0.18154253987756575,-2.992397996059992e-17,1.0755285551056204e-16,0,0
405,0.5655526026813561,0.9022511246120973,0.06041296454168306,0.18257247818500458,1.5612511283791264e-17,1.249000902703301e-16,0,0
406,0.584555221086491,0.9084380285855405,0.06221643185014498,0.1836131977847337,-1.9081958235744878e-17,-1.5439038936193583e-16,0,0
407,0.603562553757338,0.9146243887247765,0.06401092686987751,0.1846639960811564,2.42861286636753e-17,-8.500145032286355e-17,0,0
408,0.622572751595304,0.920794099290303,0.06579692345782213,0.1857220616271066,3.686287386450715e-17,1.491862189340054e-16,0,0
409,0.6416038695265776,0.9269155397443387,0.0675761651626636,0.18678189662309647,-5.594483210025203e-17,-1.1102230246251565e-16,0,0
410,0.6671151466164391,0.9514628061070979,0.06992135145162089,0.19118472582644128,6.938893903907228e-18,1.1882855810441129e-16,0,0
411,0.6850575150562721,0.9583139401781369,0.0715837653871492,0.19240776434724224,-3.7730235602495554e-17,-1.0408340855860843e-17,0,0
412,0.7032428474586269,0.9643070211316827,0.07326416365823805,0.1934823710735863,-6.375108774214766e-17,-5.724587470723463e-17,0,0
413,0.7227801283547352,0.9683668131250349,0.07506388803178755,0.19420793496920852,2.5587171270657905e-17,3.469446951953614e-17,0,0
414,0.7500000000003472,0.9826794919244315,0.07755238888593054,0.19681739202543036,1.5612511283791264e-17,9.367506770274758e-17,0,0
415,0.7600000000002772,1.0,0.07846340009050062,0.2,-2.6020852139652106e-17,0.022250915806608592,0,4
416,0.2152044820906579,0.7517827713780524,0.0251591853661203,0.15953642860304004,3.122502256758253e-17,1.231653667943533e-16,0,0
417,0.1961980050186789,0.7456017412140485,0.02305970187033714,0.15873164307155888,-2.3852447794681098e-17,-4.85722573273506e-17,0,0
418,0.1771922823205858,0.739426090607372,0.02093685987534994,0.1579290184019244,-1.214306433183765e-17,5.898059818321144e-17,0,0
419,0.1581787571392483,0.7332477426238222,0.018789290605425158,0.157125225263447,2.2985086056692694e-17,1.0408340855860843e-17,0,0
420,0.1391641032368202,0.727064277419002,0.016617450533486178,0.1563175272070536,5.551115123125783e-17,-1.8388068845354155e-16,0,0
421,0.1201486072515593,0.7208779706273024,0.014421198943546794,0.15550382764525367,3.0357660829594124e-17,-1.231653667943533e-16,0,0
422,0.1011329046503152,0.7146907548446149,0.012200529506176165,0.15468200561688475,1.2576745200831851e-17,5.204170427930421e-18,0,0
423,0.08211687002369317,0.7085038394456752,0.009955727489160451,0.1538498157856525,-2.5587171270657905e-17,-8.673617379884035e-18,0,0
424,0.06310051806663869,0.7023170329615575,0.007687506808077694,0.15300377001183937,-6.201636426617085e-17,1.1622647289044608e-16,0,0
425,0.04448112875812571,0.6953458767974556,0.00544652888148963,0.15202178551051415,-4.336808689942018e-18,4.336808689942018e-17,0,0
426,0.2342060836934816,0.7579558318322548,0.0272353763201105,0.16034323776866438,-6.982261990806649e-17,0.0,0,0
427,0.253207197936303,0.7641342616514775,0.029289306409212897,0.16115591682923566,1.1709383462843448e-17,1.0408340855860843e-16,0,0
428,0.2721646714141287,0.7702718526184253,0.03131741675879801,0.1619688686406273,-5.204170427930421e-17,4.5102810375396984e-17,0,0
429,0.0,0.6800000000008863,0.0,0.1497987660930361,-0.02121218613215372,8.153200337090993e-17,1,0
430,0.2910954543304231,0.7765055100705605,0.03332116444285314,0.16280574970556447,-4.163336342344337e-17,2.2551405187698492e-17,0,0
431,0.310096188430845,0.7826791495954348,0.035313284803911736,0.16364114224841275,5.637851296924623e-18,7.45931094670027e-17,0,0
432,0.3290799957772987,0.7888770784333573,0.03728435253819897,0.16449084882068107,-5.637851296924623e-18,1.3010426069826053e-16,0,0
433,0.3522492446360464,0.8146242012869687,0.03951257101267663,0.16861683010055367,3.122502256758253e-17,1.48318857196017e-16,0,0
434,0.3712668304480367,0.8208129756918834,0.041452857602652673,0.16950847454507606,-8.066464163292153e-17,2.7755575615628914e-17,0,0
435,0.3903001634744864,0.8270044006840953,0.04337888078889578,0.1704121631970418,1.9081958235744878e-17,-3.122502256758253e-17,0,0
436,0.4093250074735593,0.8331785584026199,0.04528895860785969,0.1713250078309703,1.8214596497756474e-17,1.0234868508263162e-16,0,0
437,0.4283225718846801,0.8393724140350409,0.04718162399313988,0.17225366520851287,-1.3877787807814457e-17,1.214306433183765e-17,0,0
438,0.4473195200390787,0.8455659960366968,0.04906049671676968,0.17319480541531876,-3.209238430557093e-17,2.7755575615628914e-17,0,0
439,0.4663289741858669,0.8517528619806206,0.05092756118159451,0.17414732802855232,8.933825901280557e-17,8.673617379884035e-18,0,0
440,0.4853433186962761,0.8579401845588109,0.05278257525246347,0.17511249465764464,-3.7730235602495554e-17,-6.765421556309548e-17,0,0
441,0.6607669650595033,0.9326395800996419,0.06936082123066574,0.18777720376832177,-8.673617379884035e-17,4.336808689942018e-17,0,0
442,0.739747803600565,0.9718366202047635,0.0766196607867952,0.19483220314208144,-5.594483210025203e-17,1.5959455978986625e-16,0,0
443,0.7695446840947222,0.9825691381403117,0.07933743781165749,0.19679040116418614,1.734723475976807e-17,5.637851296924623e-17,0,0
444,0.7800000000001385,1.0,0.0802863782581844,0.2,-2.42861286636753e-17,0.022256830777245468,0,4
445,0.01872682817288138,0.6722769463575227,0.0023270846981375843,0.1486281778213911,1.6479873021779667e-17,-4.163336342344337e-17,0,0
446,0.03991479845395134,0.6766977740388739,0.004942331662091189,0.1492351475803156,2.688821387764051e-17,-1.1449174941446927e-16,0,0
447,0.3480928482111985,0.795064907467411,0.039240412485294654,0.16534953901822735,-2.42861286636753e-17,-1.3617579286417936e-16,0,0
448,0.5043579417948375,0.8641274117647194,0.054625641454714415,0.1760902211316736,4.85722573273506e-17,-3.5128150388530344e-17,0,0
449,0.5233743626385498,0.8703138081481105,0.056457384142259835,0.17708038591264266,-9.540979117872439e-18,-3.2959746043559335e-17,0,0
450,0.542389609210616,0.8765014543103378,0.05827819848736176,0.17808293024664118,-3.599551212651875e-17,5.204170427930421e-17,0,0
451,0.5614051652271941,0.8826887020119828,0.0600886167335095,0.17909741479766889,-4.0332320816460765e-17,-6.591949208711867e-17,0,0
452,0.5803957652480245,0.888881231139934,0.06188672073943884,0.18012452968985737,7.632783294297951e-17,1.474514954580286e-16,0,0
453,0.5994032020736744,0.8950690163537962,0.06367713361612143,0.18116172964496707,-3.3393426912553537e-17,1.2663481374630692e-16,0,0
454,0.6184101958626786,0.9012535729721103,0.06545874318461775,0.182209160353998,-1.1188966420050406e-16,-1.1275702593849246e-16,0,0
455,0.6374273021874686,0.9074296105302484,0.06723297606187327,0.18326566724436583,6.201636426617085e-17,1.1102230246251565e-16,0,0
456,0.6564343093227232,0.9136407432348264,0.068997985380114,0.18433821284593763,9.974659986866641e-18,5.377642775528102e-17,0,0
457,0.6798144747455526,0.9387337808756469,0.07112513208876566,0.18884942232611127,7.45931094670027e-17,1.2750217548429532e-16,0,0
458,0.6985943946350083,0.9453817585565791,0.07285689753839311,0.1900320167505171,6.938893903907228e-18,4.163336342344337e-17,0,0
459,0.7172000935522883,0.950993654837319,0.07456756820564898,0.19103289654529595,-1.6046192152785466e-17,1.3877787807814457e-17,0,0
460,0.7362378291159707,0.9565646105772447,0.07631143871440253,0.19203171011667705,2.0816681711721685e-17,-1.4051260155412137e-16,0,0
461,0.756137854082201,0.9640919991555394,0.07812515785876094,0.19339676367908437,2.42861286636753e-17,-9.020562075079397e-17,0,0
462,0.7902145145269515,0.9828033062575062,0.08121697866344364,0.19682587866910295,-2.2551405187698492e-17,-4.336808689942018e-18,0,0
463,0.7999999999999997,1.0,0.0821014749618758,0.2,4.163336342344337e-17,0.02226379391174118,0,4
464,0.819999999999861,1.0,0.08391009885368358,0.2,-6.071532165918825e-17,0.022269293746437626,0,4
465,0.809785834282809,0.9826474805106242,0.0829897054499851,0.19679099634216204,6.890104806145381e-17,-5.551115123125783e-17,0,0
466,0.2300630607406653,0.7384055923353441,0.02696491091589277,0.15722738983817214,-4.7704895589362195e-18,4.683753385137379e-17,0,0
467,0.2110648385452364,0.7322279865108261,0.024880779414659212,0.15644335610169938,-1.734723475976807e-17,-3.2959746043559335e-17,0,0
468,0.1920576423696788,0.7260556336404448,0.02277087634084275,0.1556631496497066,-1.0842021724855044e-17,5.724587470723463e-17,0,0
469,0.1730431331781118,0.7198735178950072,0.020634827156067743,0.15488222373278493,-1.734723475976807e-17,3.469446951953614e-17,0,0
470,0.1540287373482317,0.7136887127382471,0.018472831642438195,0.1540992972299594,-5.854691731421724e-17,1.474514954580286e-16,0,0
471,0.1350142105903112,0.707503121776454,0.01628442698375604,0.15331212699923003,-4.7704895589362195e-18,1.0755285551056204e-16,0,0
472,0.1159991201926727,0.7013162161503943,0.01406928633382414,0.15251798127954988,-3.5561831257524545e-17,-8.847089727481716e-17,0,0
473,0.09698350622235877,0.6951291585589072,0.011827390626454003,0.1517142704392252,3.859759734048396e-17,-7.45931094670027e-17,0,0
474,0.0779675772103486,0.688942006135537,0.009559152015795509,0.15089795353417626,6.418476861114186e-17,-1.0061396160665481e-16,0,0
475,0.05895098786241644,0.6827545912195692,0.007264676144779247,0.15006606122810381,-3.2959746043559335e-17,-2.6020852139652106e-17,0,0
476,0.2490649439486229,0.7445824125333343,0.02902554307114973,0.1580160892314415,-5.5077470362263625e-17,-3.469446951953614e-18,0,0
477,0.2680671125039448,0.7507580838725583,0.031063166109372257,0.1588111058248957,4.5102810375396984e-17,7.45931094670027e-17,0,0
478,0.2870389201896488,0.7569312965855636,0.03307534758461979,0.15961407860653248,5.204170427930421e-17,-1.0061396160665481e-16,0,0
479,0.0,0.6600000000009563,0.0,0.14682513313280526,-0.02123139426202888,-3.9898639947466563e-17,1,0
480,0.3060039431593216,0.7631164489281859,0.03506559056492497,0.1604283842922596,5.117434254131581e-17,-1.6306400674181987e-16,0,0
481,0.3249702627090388,0.7692966421061956,0.03703581621783975,0.16125226368484089,-1.951563910473908e-17,-1.0061396160665481e-16,0,0
482,0.3439451854684188,0.7755055257196981,0.0389874639250815,0.162092199343435,1.3010426069826053e-17,-2.7755575615628914e-17,0,0
483,0.3671404793875158,0.8012462810121491,0.04118275210235552,0.1662184465040636,5.724587470723463e-17,-4.597017211338539e-17,0,0
484,0.3861604710857193,0.8074360498659363,0.04310548755851238,0.16710117302319671,1.3010426069826053e-17,-5.724587470723463e-17,0,0
485,0.4052078729522773,0.8136186315073966,0.04501528490259589,0.16799500621345362,1.5612511283791264e-17,1.214306433183765e-17,0,0
486,0.4242212182882382,0.8198071021150177,0.04690650076296599,0.16890296157397344,-1.1275702593849246e-17,-6.591949208711867e-17,0,0
487,0.4431949013432671,0.8260032527952549,0.048779423058184675,0.16982562776171217,-5.724587470723463e-17,5.551115123125783e-17,0,0
488,0.4621983752927126,0.8321837692479614,0.050641984038603205,0.17075852042300155,6.765421556309548e-17,3.469446951953614e-17,0,0
489,0.4811945937248717,0.8383797519313048,0.052490898219069604,0.17170734103184068,-1.0755285551056204e-16,6.591949208711867e-17,0,0
490,0.500208607742474,0.8445668563016981,0.05432948901459841,0.17266765186652994,-3.3393426912553537e-17,1.700029006457271e-16,0,0
491,0.6754505397298585,0.919828873783096,0.07075657941991782,0.18541586630000703,-5.204170427930421e-17,-1.5439038936193583e-16,0,0
492,0.77959379285619,0.9661580304763634,0.0802601724614767,0.19376063379555494,4.683753385137379e-17,-3.0357660829594124e-17,0,0
493,0.8300000427289717,0.9826794882876131,0.08481459576455086,0.19679153478461728,-6.071532165918825e-17,-1.3791051634015616e-16,0,0
494,0.8399999999997222,1.0,0.0857129956685264,0.2,1.9081958235744878e-17,0.02227444463914667,0,4
495,0.03527268774392057,0.6585747443203396,0.0044224456906828465,0.1465537048598048,-6.071532165918825e-18,1.6132928326584306e-16,0,0
496,0.05466022691561565,0.6640414895908068,0.006818132753757747,0.14728722290997007,-4.336808689942018e-18,1.1449174941446927e-16,0,0
497,0.01802505072465493,0.6498253970949318,0.0022751906381125197,0.1453119418419429,-4.85722573273506e-17,-8.153200337090993e-17,0,0
498,0.3629862976476309,0.7816872389177594,0.04092802184254686,0.16293899613529986,-5.551115123125783e-17,1.470178145890344e-16,0,0
499,0.5192225728894079,0.8507539703050323,0.05615650997237095,0.17364105240451086,-1.734723475976807e-17,1.2923689896027213e-16,0,0
500,0.5382398723393258,0.8569401885267561,0.05797283023456358,0.17462715706994208,1.0408340855860843e-17,-3.122502256758253e-17,0,0
501,0.5572556395500381,0.8631270862453162,0.05977861254553157,0.1756259390297071,-2.949029909160572e-17,-9.020562075079397e-17,0,0
502,0.5762465600320732,0.86931953868104,0.06157209750010985,0.17663808343560405,2.2551405187698492e-17,-4.336808689942018e-17,0,0
503,0.5952411583624412,0.8755122912636736,0.06335662455726017,0.17766204820805165,-4.640385298237959e-17,-4.683753385137379e-17,0,0
504,0.6142554643918103,0.8816979427908893,0.06513431558580167,0.17869607952784444,2.862293735361732e-17,1.0581813203458523e-16,0,0
505,0.6332696353949445,0.8878902357454242,0.0669037028586081,0.17974244290762476,1.8648277366750676e-17,-3.9898639947466563e-17,0,0
506,0.6522854163555294,0.8940781684822195,0.06866539387719314,0.18079847932024545,4.466912950640278e-17,-5.898059818321144e-17,0,0
507,0.6713009958038443,0.9002661342141308,0.07041972189103538,0.18186463266827513,3.209238430557093e-17,-7.112366251504909e-17,0,0
508,0.6945021459955802,0.9259071749057598,0.07251123070658404,0.18648321126450348,2.42861286636753e-17,-1.9949319973733282e-17,0,0
509,0.7134854981581206,0.9321505747700152,0.07425270816643119,0.18758901307870768,1.9081958235744878e-17,1.0928757898653885e-16,0,0
510,0.7324970883139154,0.9383941307699577,0.07599045574240354,0.18870240336092284,-1.474514954580286e-17,-3.469446951953614e-18,0,0
511,0.7515313218899561,0.9445297248596082,0.07772446225846508,0.189803658978602,-3.642919299551295e-17,1.0928757898653885e-16,0,0
512,0.7717478987344745,0.9492960654618872,0.07956243761006404,0.19065869808838387,1.734723475976807e-17,-4.683753385137379e-17,0,0
513,0.7997909585835214,0.9654677957315072,0.0820930366089086,0.1936195160698782,1.734723475976807e-18,5.117434254131581e-17,0,0
514,0.8185004484403801,0.9650431471286696,0.08378479610616905,0.19353020224876225,-1.2576745200831851e-17,1.4224732503009818e-16,0,0
515,0.8499249053950468,0.9827867185305563,0.08660778410026945,0.19680600933837555,-2.42861286636753e-17,-6.938893903907228e-17,0,0
516,0.2449189598754703,0.7250253994427767,0.028778388062349714,0.15489301052922871,1.951563910473908e-17,-1.2663481374630692e-16,0,0
517,0.225918957164205,0.7188555591216429,0.026710324472749826,0.15413073744641745,4.9873299934333204e-17,-3.469446951953614e-17,0,0
518,0.2069184310748816,0.7126841810666288,0.024616347866203,0.15337289177305116,-8.673617379884035e-19,-1.0928757898653885e-16,0,0
519,0.1879075336988957,0.7065007936527987,0.022494497323984904,0.15261581680099542,5.811323644522304e-17,-2.7755575615628914e-17,0,0
520,0.1688939588189037,0.7003143316429825,0.020344702266018814,0.15185850584454247,-8.673617379884035e-19,-1.734723475976807e-16,0,0
521,0.1498795383371022,0.6941289538049832,0.0181664419705799,0.15109899410829325,1.734723475976807e-17,-1.214306433183765e-16,0,0
522,0.1308649045719025,0.6879421255284602,0.01595928558661251,0.15033408418927943,-1.474514954580286e-17,-9.194034422677078e-17,0,0
523,0.1118498210569729,0.681754824870977,0.01372289914668459,0.14956094575438839,2.2551405187698492e-17,1.2836953722228372e-16,0,0
524,0.09283428182634604,0.6755674505059583,0.011457296851891324,0.14877644664284023,-4.597017211338539e-17,1.2836953722228372e-16,0,0
525,0.07381827324502416,0.6693798603558658,0.009162610175074503,0.1479774203722952,-6.5052130349130266e-18,-3.8163916471489756e-17,0,0
526,0.2639285629816903,0.7312110107083393,0.030822460387972955,0.1556642849174241,1.214306433183765e-17,-1.1102230246251565e-16,0,0
527,0.2829401545365345,0.737397295585803,0.032842915139945104,0.1564438742880189,-2.168404344971009e-18,-9.367506770274758e-17,0,0
528,0.3019290368827864,0.7435620171726103,0.03483842466308317,0.15722983550762823,-3.0791341698588326e-17,1.3704315460216776e-16,0,0
529,0.0,0.6400000000009717,0.0,0.14389097091106107,-0.021265322810640145,-2.42861286636753e-17,1,0
530,0.3208937964131882,0.7497240780387515,0.036809845781942754,0.15802637534313513,-5.637851296924623e-18,1.7867651802561113e-16,0,0
531,0.3398460074315059,0.7559271616113571,0.03875903386827966,0.15884176592284788,-5.204170427930421e-18,-3.122502256758253e-17,0,0
532,0.3588153939752163,0.7621356966607242,0.04069068062245478,0.1596705224440716,2.949029909160572e-17,-1.231653667943533e-16,0,0
533,0.3820789136495662,0.787864667241276,0.04285647325370973,0.16379721738664896,-2.0816681711721685e-17,6.245004513516506e-17,0,0
534,0.4011201146208023,0.7940581079462032,0.04476283518746089,0.1646718755886846,-2.0816681711721685e-17,5.898059818321144e-17,0,0
535,0.4201493948452771,0.800245953747151,0.046652349327848806,0.16555915100418298,8.109832250191573e-17,2.6020852139652106e-17,0,0
536,0.4391275612303687,0.8064238022026432,0.04852200763828545,0.16645883731757216,-8.586881206085195e-17,-6.938893903907228e-17,0,0
537,0.4581004959824952,0.8126096545896315,0.05037718621906151,0.16737374024286072,4.640385298237959e-17,-1.734723475976807e-18,0,0
538,0.4770860761988756,0.8187934874541096,0.05222049697386351,0.168301993830331,2.992397996059992e-17,2.7755575615628914e-17,0,0
539,0.4960598584144131,0.8250069009601726,0.05405005412982546,0.16924934329565375,9.540979117872439e-18,-2.220446049250313e-16,0,0
540,0.5150735241411495,0.8311938924732957,0.05587201252906409,0.17020545386730057,7.025630077706069e-17,-1.196959198423997e-16,0,0
541,0.6903225858745061,0.906435736729321,0.07216784066468883,0.18293728162317138,-1.734723475976807e-18,-1.9949319973733282e-17,0,0
542,0.7896898921798011,0.9526883147243899,0.08118819051931847,0.19126710581456838,-4.85722573273506e-17,-8.673617379884035e-17,0,0
543,0.8380359461438216,0.9657431024165031,0.08554456254264475,0.19364935921234477,3.209238430557093e-17,-6.765421556309548e-17,0,0
544,0.8599999999995834,1.0,0.08751019061170183,0.2,2.42861286636753e-17,0.022278499216062245,0,4
545,0.05244327705302891,0.6450969015150974,0.006632038755533966,0.14449411150989278,-1.7618285302889447e-18,-2.393918396847994e-16,0,0
546,0.03455279600725733,0.639207243250418,0.004392852743501494,0.14371108138669084,1.6479873021779667e-17,-1.7867651802561113e-16,0,0
547,0.06984901692143827,0.6499698157765915,0.008788311711904738,0.14511176747718876,1.734723475976807e-18,-3.9898639947466563e-17,0,0
548,0.01726163296130354,0.6299709429382733,0.002214512453015027,0.14241775440212157,6.071532165918825e-18,2.42861286636753e-17,0,0
549,0.3779121846338594,0.7683128389836402,0.04261762700590482,0.1605059082889617,-5.204170427930421e-18,-1.3097162243624894e-16,0,0
550,0.5340867301717244,0.8373805123293135,0.05768282636281424,0.17117502479721064,-2.0816681711721685e-17,-3.903127820947816e-17,0,0
551,0.5531030905251182,0.8435672474216616,0.059483443267615295,0.1721578544626632,5.637851296924623e-17,8.673617379884035e-17,0,0
552,0.5720980464721666,0.8497578965169518,0.06127211349196008,0.17315440098724894,-5.0306980803327406e-17,-5.551115123125783e-17,0,0
553,0.5910946395376975,0.8559512148549305,0.06305164234695208,0.17416393882873746,2.6454533008646308e-17,-5.0306980803327406e-17,0,0
554,0.6101055707297427,0.8621397773259085,0.06482384143145774,0.17518468452932573,2.992397996059992e-17,-1.3010426069826053e-16,0,0
555,0.6291207987292102,0.8683282951717928,0.06658826256984055,0.17621714268632266,6.071532165918825e-17,1.9081958235744878e-17,0,0
556,0.6481364874575974,0.8745161089575813,0.06834503317375291,0.17726068767669478,-7.32920668600201e-17,-6.938893903907228e-18,0,0
557,0.6671519325450134,0.8807038869771284,0.07009459758545854,0.1783150193010242,5.204170427930421e-18,9.367506770274758e-17,0,0
558,0.6861673381310898,0.886891881022092,0.0718374450699123,0.17937981533194658,-6.418476861114186e-17,1.682681771697503e-16,0,0
559,0.7093393774330123,0.9126209930597247,0.07390872334938287,0.18402211025409512,6.765421556309548e-17,-8.673617379884035e-17,0,0
560,0.728348068045227,0.9188304642534076,0.07564286293879831,0.1851197359715004,-2.5153490401663703e-17,-1.1102230246251565e-16,0,0
561,0.7473644552738129,0.925018898196249,0.07737225561147927,0.1862216538155111,-5.2475385148298415e-17,6.765421556309548e-17,0,0
562,0.7663826082155759,0.931198588087446,0.07909661962510853,0.1873298735109723,5.2475385148298415e-17,-3.642919299551295e-17,0,0
563,0.7858414604877464,0.9367243412123015,0.08085681867786769,0.18832278123164042,-5.984795992119984e-17,1.4224732503009818e-16,0,0
564,0.8052670945139342,0.9453468881368421,0.08260511567914831,0.18989503860022233,2.6454533008646308e-17,2.0816681711721685e-17,0,0
565,0.8264207371766513,0.9483499712282395,0.08451064858911252,0.19043249453529792,5.377642775528102e-17,-4.683753385137379e-17,0,0
566,0.8695493896426905,0.9833228551980655,0.08836879808283353,0.19690147565770003,1.9081958235744878e-17,-4.0766001685454967e-17,0,0
567,0.8594553867664206,0.9629948036338655,0.08747002193264358,0.19312852048338805,-3.686287386450715e-17,-2.2551405187698492e-17,0,0
568,0.879999999999508,1.0,0.08930273658566319,0.2,4.336808689942018e-18,0.022281371237943652,0,4
569,0.2597825097898128,0.7116554984042485,0.030599730428818007,0.152533541072552,-2.1250362580715887e-17,1.1449174941446927e-16,0,0
570,0.2407837453601635,0.705482185788865,0.028550188926135315,0.1517911423244165,3.469446951953614e-18,1.8041124150158794e-16,0,0
571,0.2217834451966091,0.6993122503346747,0.02647353818401369,0.15105596388178796,-9.367506770274758e-17,3.469446951953614e-17,0,0
572,0.202771886543113,0.6931278401942396,0.024367693929013792,0.15032321852602398,-2.168404344971009e-18,2.949029909160572e-17,0,0
573,0.1837584444451263,0.6869413631609507,0.022232450446668914,0.14959244295377463,-4.2934406030425976e-17,-1.196959198423997e-16,0,0
574,0.1647445450777633,0.6807549250855562,0.020066973886721715,0.14886133308322191,4.2500725161431774e-17,1.3704315460216776e-16,0,0
575,0.1457303106944724,0.6745683082143149,0.017870468437267858,0.14812697992306953,-1.734723475976807e-17,9.71445146547012e-17,0,0
576,0.1267157763095658,0.6683811617038493,0.015642348942101054,0.14738620174271372,-1.8214596497756474e-17,-3.122502256758253e-17,0,0
577,0.1077007208242567,0.6621934775192613,0.013382270771752117,0.14663561691986038,6.201636426617085e-17,-8.326672684688674e-17,0,0
578,0.08868516640738838,0.6560054759780638,0.011090137539985095,0.14587180177763037,-2.168404344971009e-18,-3.8163916471489756e-17,0,0
579,0.278791982869667,0.7178400342296178,0.0326246541282006,0.15328609865374695,3.209238430557093e-17,4.336808689942018e-17,0,0
580,0.2978029163794308,0.7240260673905646,0.03462530712899742,0.1540489288210613,-1.9081958235744878e-17,-6.071532165918825e-17,0,0
581,0.3168083216348012,0.7302059465058353,0.03660230126144392,0.1548221712194247,1.734723475976807e-18,-1.8388068845354155e-16,0,0
582,0.0,0.6200000000010513,0.0,0.14099920643218097,-0.021288832695939664,3.9898639947466563e-17,1,0
583,0.3357677468912524,0.7363539100319914,0.038552964039862615,0.15560307829719142,8.066464163292153e-17,-8.847089727481716e-17,0,0
584,0.3547381300396422,0.7425638356829851,0.04048354797230031,0.15640752213690348,-3.0791341698588326e-17,-3.2959746043559335e-17,0,0
585,0.3737103255157628,0.7487630409603618,0.04239514492157265,0.15722421328811761,-3.252606517456513e-17,1.682681771697503e-16,0,0
586,0.3969659855381776,0.7745021422538098,0.04452252607099408,0.1613576184801083,5.551115123125783e-17,-1.734723475976807e-18,0,0
587,0.4160100758003548,0.7806941041711686,0.046410013688147685,0.16222410296654635,1.5178830414797062e-17,-1.214306433183765e-16,0,0
588,0.4350210023741492,0.7868831459696934,0.04827877407269075,0.1631048429875867,-5.204170427930421e-18,5.724587470723463e-17,0,0
589,0.4540068483339149,0.7930455575197319,0.05013083092904746,0.1639957180107222,-2.3852447794681098e-17,-1.214306433183765e-16,0,0
590,0.4729892134958328,0.799208058318088,0.05196902067071101,0.16490112709650068,-1.5612511283791264e-17,-2.7755575615628914e-17,0,0
591,0.4919426311331868,0.8054262510185701,0.05379117276199543,0.16583107197386754,-7.806255641895632e-18,6.591949208711867e-17,0,0
592,0.5109249648183201,0.8116340881539248,0.05560437058263214,0.1667733711675327,-1.3010426069826053e-18,9.540979117872439e-17,0,0
593,0.5299377822727174,0.8178208961301869,0.057409481003885765,0.16772595037121393,-8.066464163292153e-17,6.938893903907228e-18,0,0
594,0.705182739613957,0.8930795448765878,0.07357399008237686,0.18045440372490235,-2.6020852139652106e-17,6.158268339717665e-17,0,0
595,0.844050932538159,0.9507040883730393,0.08609466391236763,0.19085560210941355,-3.426078865054194e-17,1.3010426069826053e-16,0,0
596,0.8860015240249641,0.9850843949187775,0.0898414897915448,0.1972259472294243,1.474514954580286e-17,-3.469446951953614e-17,0,0
597,0.8999999999995835,1.0,0.09109137085143311,0.2,2.7755575615628914e-17,0.022286775918035438,0,4
598,0.06898045746591279,0.6295214567815688,0.00881651156467714,0.1421080796185206,-6.158268339717665e-17,3.2959746043559335e-17,0,0
599,0.05134447726402894,0.6292666593708602,0.006571652808069478,0.14218820038236765,3.642919299551295e-17,2.1510571102112408e-16,0,0
600,0.03452892607752868,0.6195758424336338,0.004461495781370644,0.1408601495734799,-5.0306980803327406e-17,8.673617379884035e-17,0,0
601,0.08514427467942748,0.636347927512857,0.010805114025078806,0.14298387232627743,-5.204170427930421e-18,-6.591949208711867e-17,0,0
602,0.01626284366935944,0.6100000372195793,0.0021166919397230537,0.13955104476525024,3.382710778154774e-17,1.8214596497756474e-17,0,0
603,0.3928123391244243,0.7549465117677383,0.044302135858898736,0.15805118275223895,-3.469446951953614e-18,-3.469446951953614e-17,0,0
604,0.5489467612348604,0.8240054497380624,0.059203665398545886,0.1686921120910391,1.734723475976807e-17,3.3393426912553537e-17,0,0
605,0.5679471335582691,0.8301946364850848,0.06098706729987997,0.1696727862401756,0.0,9.194034422677078e-17,0,0
606,0.5869458228334559,0.8363899232966079,0.06276100125946964,0.1706678211598435,-6.635317295611287e-17,3.8163916471489756e-17,0,0
607,0.6059568550944723,0.8425790102813623,0.06452746634868718,0.1716745382957375,6.461844948013606e-17,2.1337098754514727e-16,0,0
608,0.6249718042687384,0.8487666712665545,0.06628619093244593,0.17269341527471732,-1.0451708942760263e-16,-1.0234868508263162e-16,0,0
609,0.6439877522856071,0.8549543871025148,0.06803743172032203,0.17372424730408617,1.9081958235744878e-17,1.734723475976807e-18,0,0
610,0.6630027312009658,0.8611419750669996,0.06978153640464,0.17476655233953298,-1.8214596497756474e-17,2.7755575615628914e-17,0,0
611,0.6820183723602156,0.8673298551966699,0.07151915180401333,0.1758199584882224,1.474514954580286e-17,-1.0408340855860843e-16,0,0
612,0.7010337623450045,0.8735176678284483,0.0732506415283561,0.1768838783581173,1.0755285551056204e-16,-1.1102230246251565e-16,0,0
613,0.7241983606010299,0.899267733717322,0.07530460136956516,0.18153838958142923,6.938893903907228e-17,1.3270634591222574e-16,0,0
614,0.7432147693782081,0.9054558805480472,0.07702994587449749,0.1826310803912497,7.806255641895632e-18,-1.5092094240998222e-16,0,0
615,0.762230585914043,0.9116429905868009,0.07875025726523391,0.1837318781914652,1.9949319973733282e-17,-1.2836953722228372e-16,0,0
616,0.7812480109958824,0.9178200430898619,0.08046605699391832,0.1848380508616132,3.903127820947816e-18,-7.632783294297951e-17,0,0
617,0.8002763033513426,0.9239645843863437,0.08217858897978315,0.18594516095936522,-4.336808689942018e-19,0.0,0,0
618,0.8193860316123323,0.929864411961023,0.08389533385752676,0.18701362461062898,2.47198095326695e-17,-2.7755575615628914e-17,0,0
619,0.8387136683402986,0.9350977774301886,0.08562815986712627,0.1879635287065802,-2.3418766925686896e-17,6.591949208711867e-17,0,0
620,0.880966737771326,0.9675690708470063,0.08939535854213616,0.19396929341443014,-2.949029909160572e-17,3.7730235602495554e-17,0,0
621,0.8573500987032654,0.9415800020753974,0.08729418780105519,0.18915130440898711,1.214306433183765e-17,-7.112366251504909e-17,0,0
622,0.8994914927117138,0.974530048548816,0.09104909489620235,0.19525960159236852,-3.122502256758253e-17,-4.85722573273506e-17,0,0
623,0.9399999999997501,1.0,0.09466029522486709,0.2,-5.724587470723463e-17,0.022291134701097632,0,4
624,0.9199999999996669,1.0,0.0928770227369952,0.2,-1.6263032587282567e-18,0.02229055491039478,0,4
625,0.9299999999997091,0.9826794919242391,0.09377039856256757,0.19677250982689246,-7.979727989493313e-17,6.765421556309548e-17,0,0
626,0.9131686323850143,0.9845089026849032,0.09226894749510377,0.197114966675988,9.367506770274758e-17,5.551115123125783e-17,0,0
627,0.2746454464957416,0.6982841878627856,0.03242701580241498,0.15014548314199,2.42861286636753e-17,-3.8163916471489756e-17,0,0
628,0.2556463194002785,0.6921111324628898,0.03039779731724684,0.14942328961770482,3.469446951953614e-17,5.0306980803327406e-17,0,0
629,0.2366471526571139,0.6859395374401908,0.028340828919636653,0.1487101580612155,-4.336808689942018e-17,-2.1510571102112408e-16,0,0
630,0.2176358472526447,0.6797550855645601,0.026253482085944874,0.1480019972539039,3.946495907847236e-17,-2.7755575615628914e-17,0,0
631,0.1986230553730498,0.6735687294933235,0.02413542073336173,0.14729813647210682,-8.500145032286355e-17,6.591949208711867e-17,0,0
632,0.179609446922566,0.6673815828694424,0.021985432523175745,0.14659614876877403,7.32920668600201e-17,6.765421556309548e-17,0,0
633,0.1605954146428343,0.661194929093395,0.019802429250509606,0.14589331679754555,-4.466912950640278e-17,-1.0928757898653885e-16,0,0
634,0.1415813823264215,0.6550079679406078,0.017585583461217996,0.14518629303589378,9.540979117872439e-18,-9.194034422677078e-17,0,0
635,0.1225671765713768,0.6488208532216453,0.015334302389538371,0.1444715832495642,4.0332320816460765e-17,1.0234868508263162e-16,0,0
636,0.1035526159888144,0.6426329101052751,0.013048424987583351,0.14374531308147245,-2.7755575615628914e-17,-2.0816681711721685e-17,0,0
637,0.2936549965533506,0.7044695220277537,0.034430949952235806,0.15088006132320775,-4.163336342344337e-17,6.071532165918825e-17,0,0
638,0.31266510603052,0.7106553975880645,0.03641012688052506,0.1516267117193201,2.7321894746634712e-17,8.153200337090993e-17,0,0
639,0.3316594301348571,0.7168275594968875,0.0383644494278135,0.15238444067868429,-4.597017211338539e-17,1.0408340855860843e-16,0,0
640,0.0,0.6000000000010677,0.0,0.13814764943015703,-0.02132905163685897,-5.0306980803327406e-17,1,0
641,0.3506511367442025,0.7230137719631383,0.040296409416422166,0.15315868280109393,-5.767955557622884e-17,1.682681771697503e-16,0,0
642,0.3696370311132441,0.7292087207120731,0.042207176424830455,0.1539493300085125,-5.117434254131581e-17,-6.765421556309548e-17,0,0
643,0.3886773591754125,0.7353918472738388,0.0441045624157725,0.15475272886377514,9.194034422677078e-17,3.2959746043559335e-17,0,0
644,0.4118622854000591,0.7611366234128326,0.04618649174073086,0.15889494935585172,1.734723475976807e-18,4.597017211338539e-17,0,0
645,0.4308721328019408,0.7673257928748726,0.04805072855631158,0.15975421926637262,-1.8214596497756474e-17,1.9081958235744878e-17,0,0
646,0.4498825448577984,0.7735107235974646,0.04990008919580284,0.16062808852249194,-6.5052130349130266e-18,8.326672684688674e-17,0,0
647,0.468888982913104,0.7796914217819413,0.05173507683111895,0.1615166416743939,-1.0408340855860843e-17,4.163336342344337e-17,0,0
648,0.487849701640437,0.7858445893908448,0.05355270592214514,0.1624160910073018,7.892991815694472e-17,3.642919299551295e-17,0,0
649,0.5068124566838013,0.7920578205914881,0.05535786808055844,0.16334126239775038,-6.418476861114186e-17,-1.3877787807814457e-16,0,0
650,0.5257895442583612,0.7982615391736086,0.05715314520882027,0.16427963995290212,7.28583859910259e-17,7.112366251504909e-17,0,0
651,0.544800576487354,0.8044468927258281,0.05894119010069694,0.16522918915369145,-3.729655473350135e-17,-1.5439038936193583e-16,0,0
652,0.7200491227094133,0.8797056249537101,0.07497647389219297,0.1779577927582381,-5.551115123125783e-17,-6.852157730108388e-17,0,0
653,0.8763235070589102,0.9487772703982195,0.0889887339245679,0.19047699918826785,3.859759734048396e-17,1.734723475976807e-17,0,0
654,0.9478317020445453,0.9827872125318369,0.09535878679653204,0.19679072764141634,3.469446951953614e-17,-1.2836953722228372e-16,0,0
655,0.9599999999998334,1.0,0.09644145802363671,0.2,3.9898639947466563e-17,0.022293241440675456,0,4
656,0.08102251259340826,0.6169007128101909,0.010444038880492439,0.14017220509718184,1.5178830414797062e-17,-3.469446951953614e-17,0,0
657,0.0610065947257421,0.6116347275828801,0.007917071540309606,0.13957122556182522,2.168404344971009e-17,7.45931094670027e-17,0,0
658,0.04767775382154465,0.6160205055518495,0.006178007177519867,0.1402931869481164,7.806255641895632e-18,-1.3183898417423734e-16,0,0
659,0.02876463826652014,0.6005506260817922,0.0037765025401673927,0.13816682252095136,-1.5612511283791264e-17,-7.806255641895632e-17,0,0
660,0.09950587131723898,0.6230574120662585,0.012731328843982856,0.14088943114558403,-1.1275702593849246e-17,-3.469446951953614e-17,0,0
661,0.01732050807564774,0.5900000000011215,0.0022981094685291634,0.13672216462160544,3.729655473350135e-17,1.2663481374630692e-16,0,0
662,0.4077095734089965,0.7415811241534366,0.045983046105301156,0.15557312066301104,-1.196959198423997e-16,-9.540979117872439e-18,0,0
663,0.5638050568072647,0.8106304943748224,0.06071864244934625,0.1661928713979502,3.8163916471489756e-17,-7.849623728795052e-17,0,0
664,0.5828053827793178,0.8168225171733747,0.062486341728991625,0.1671721309623719,4.206704429243757e-17,-2.0816681711721685e-17,0,0
665,0.6018083198943749,0.8230181627585027,0.06424562793011901,0.16816565047762216,-3.0791341698588326e-17,-1.97758476261356e-16,0,0
666,0.6208235942074268,0.829205599271195,0.06599808185944689,0.16917079644252375,3.2959746043559335e-17,7.112366251504909e-17,0,0
667,0.6398387363607538,0.8353927934743713,0.0677430492174195,0.17018860217777057,6.158268339717665e-17,1.249000902703301e-16,0,0
668,0.6588534382978739,0.841579955587781,0.06948105822167029,0.17121862217452988,-3.642919299551295e-17,-8.500145032286355e-17,0,0
669,0.6778691610443153,0.8477682140006726,0.07121276282216152,0.17226057377195805,-3.9898639947466563e-17,-2.6020852139652106e-17,0,0
670,0.6968846894804,0.8539560348877844,0.07293854328877285,0.17331366052340233,6.331740687315346e-17,2.7755575615628914e-17,0,0
671,0.7159000263308198,0.8601436740493602,0.07465886583337242,0.17437738230061886,-1.7780915628762273e-17,6.071532165918825e-17,0,0
672,0.7390652198903824,0.8858933359796841,0.07669714229218323,0.1790411147986723,-4.163336342344337e-17,1.3704315460216776e-16,0,0
673,0.7580817130019695,0.8920808420772232,0.07841309400143094,0.1801332595763997,6.591949208711867e-17,2.0469737016526324e-16,0,0
674,0.777094216862144,0.8982687195214638,0.08012431611090479,0.18123358932072106,-8.153200337090993e-17,-5.204170427930421e-18,0,0
675,0.7961113264867621,0.9044492049042098,0.08183209604268635,0.18234015848069815,-9.71445146547012e-17,-1.5612511283791264e-17,0,0
676,0.8151235433921357,0.9106478531037057,0.08353588875592681,0.1834574481170431,7.41594285980085e-17,6.591949208711867e-17,0,0
677,0.8341407301120706,0.9168358654672023,0.08523701539632676,0.18457893525872734,-1.5612511283791264e-17,-6.591949208711867e-17,0,0
678,0.853230696321044,0.9228087373319271,0.08694194261284655,0.18566648393551516,9.540979117872439e-17,-4.5102810375396984e-17,0,0
679,0.8956933127721411,0.9552968582306303,0.09071692465597132,0.1916803119941621,-5.724587470723463e-17,-7.936359902593892e-17,0,0
680,0.8721869884145921,0.929219942744643,0.08863204030922738,0.186841719579414,-4.7704895589362195e-17,-1.0408340855860843e-17,0,0
681,0.9159979671153411,0.964387478214386,0.0925253227921807,0.19336660585835821,-3.165870343657673e-17,4.163336342344337e-17,0,0
682,0.936711956366116,0.9659686173895196,0.0943706840866549,0.19365638858192008,9.410874857174178e-17,5.377642775528102e-17,0,0
683,0.9687006111491041,0.9809011164293434,0.09721616644804014,0.19643732810978937,-5.0306980803327406e-17,4.85722573273506e-17,0,0
684,0.9799999999999167,1.0,0.09822102466689916,0.2,1.214306433183765e-17,0.0222946136794039,0,4
685,0.2895125705426409,0.6849155089335541,0.03425939146889263,0.1477278193456553,-5.724587470723463e-17,-2.0816681711721685e-17,0,0
686,0.2705097640836058,0.6787387050540531,0.03225224104109469,0.1470246720484021,6.678685382510707e-17,6.071532165918825e-17,0,0
687,0.2515092980152338,0.6725666802271963,0.030216926574117474,0.14633342720916795,-8.760353553682876e-17,-1.4051260155412137e-16,0,0
688,0.2324995288242523,0.6663828404342925,0.028150684597828053,0.14564974230469996,4.336808689942018e-19,1.4224732503009818e-16,0,0
689,0.2134873166740427,0.6601966849632666,0.02605246618075531,0.14497286059566963,3.729655473350135e-17,-8.673617379884035e-17,0,0
690,0.1944746734039604,0.654010084359409,0.023920872133064083,0.144300519651771,-1.2576745200831851e-17,8.326672684688674e-17,0,0
691,0.1754604415894257,0.6478223479349078,0.021754296103914255,0.1436297314985163,-1.8214596497756474e-17,-2.2551405187698492e-17,0,0
692,0.1564465002513077,0.6416351391802927,0.019551643899501522,0.14295744937104646,-1.8214596497756474e-17,1.1449174941446927e-16,0,0
693,0.1374329080792247,0.6354481511537192,0.017311899228462456,0.14227996638095894,-3.252606517456513e-17,2.6020852139652106e-17,0,0
694,0.1184191735124351,0.6292609557887809,0.015034323188562262,0.14159318049725633,-4.336808689942018e-19,-8.500145032286355e-17,0,0
695,0.308517460600183,0.6910996184997066,0.036240004030609875,0.14844485189285703,3.8163916471489756e-17,-1.734723475976807e-17,0,0
696,0.3275268842657599,0.6972851303213758,0.03819608759177694,0.14917605290139518,1.474514954580286e-17,-1.734723475976807e-18,0,0
697,0.04383101721887889,0.603604792820024,0.005735414905850173,0.1385315604030122,-4.7704895589362195e-18,-5.551115123125783e-17,0,0
698,0.3465362466759375,0.7034704884126546,0.04012878304356569,0.14992230034372853,-1.3010426069826053e-17,-1.6479873021779667e-16,0,0
699,0.0,0.5800000000011323,0.0,0.13534668531023067,-0.021381340177227894,-2.6020852139652106e-17,1,0
700,0.3655470020652628,0.7096523728320356,0.0420398684691311,0.15068379849065577,6.938893903907228e-17,-5.377642775528102e-17,0,0
701,0.384556943418872,0.7158370911519343,0.043930549964675256,0.1514622645022774,-1.734723475976807e-17,-7.806255641895632e-17,0,0
702,0.4035657544761524,0.7220258392894592,0.045802178986101234,0.15225827298673786,1.3010426069826053e-17,9.71445146547012e-17,0,0
703,0.4267238012150699,0.7477685895386764,0.04784295192916327,0.1564095464226244,2.42861286636753e-17,1.3227266504323154e-16,0,0
704,0.445734696639096,0.753954269123857,0.049686957891083725,0.1572619659215939,-1.5612511283791264e-17,3.2959746043559335e-17,0,0
705,0.4647459129644738,0.7601398556851591,0.05151649736013377,0.15813065600201945,9.540979117872439e-18,-7.806255641895632e-17,0,0
706,0.4837284612395993,0.7663035349871459,0.05332994242801193,0.15901198559731713,-2.0816681711721685e-17,4.5102810375396984e-17,0,0
707,0.502700477537387,0.7724974060893197,0.05512953448947683,0.15991482377410696,2.0383000842727483e-17,1.2836953722228372e-16,0,0
708,0.5216578092509733,0.7786989757498131,0.05691607792505069,0.1608349924854149,-1.0842021724855044e-16,-7.632783294297951e-17,0,0
709,0.5406540657982706,0.7848901426674462,0.058695708397428034,0.16176850321233413,8.066464163292153e-17,1.6306400674181987e-16,0,0
710,0.5596664278107965,0.7910767368070788,0.060466872103230686,0.1627162838977893,-3.382710778154774e-17,8.326672684688674e-17,0,0
711,0.7349157089955285,0.8663312696760298,0.07637423574301026,0.17545121591471088,-2.0816681711721685e-17,-1.734723475976807e-18,0,0
712,0.8912654032250021,0.9354450923241338,0.09033168869427648,0.18798650876979564,2.862293735361732e-17,4.5102810375396984e-17,0,0
713,0.9539933144097296,0.9683654684817679,0.09590868479419211,0.19410040186160793,1.3877787807814457e-17,-1.5612511283791264e-17,0,0
714,0.9854608147088563,0.9854608147088646,0.09870688254799082,0.19728733827631212,5.204170427930421e-18,4.336808689942018e-17,0,0
715,1.0,1.0,0.1,0.2,0.010297769104908847,0.011147632490393956,2,4
716,0.09525655173429304,0.6035155710693808,0.012392023943253474,0.13808381570016062,8.673617379884035e-18,-1.734723475976807e-17,0,0
717,0.0762413256378352,0.597327181848201,0.010000712771266377,0.13739073968050056,8.239936510889834e-18,2.0816681711721685e-17,0,0
718,0.03597375861400417,0.5843739173582221,0.004796589311225084,0.1358584782265385,-1.214306433183765e-17,1.1102230246251565e-16,0,0
719,0.114271019060148,0.609702092189306,0.0147422730973933,0.13875540251807705,-7.719519468096792e-17,8.326672684688674e-17,0,0
720,0.01741654021140049,0.5704430276834367,0.0023554367036746353,0.13400284389325937,-8.673617379884035e-18,-6.938893903907228e-17,0,0
721,0.422575648147439,0.7282119484739652,0.04765644103456638,0.1530709335773362,6.938893903907228e-18,-2.250803710079907e-16,0,0
722,0.5786682515730902,0.7972551444229528,0.06222776666546785,0.16367752931510937,-6.071532165918825e-17,-4.2934406030425976e-17,0,0
723,0.5976727416476342,0.8034515300598475,0.06398015521676802,0.16465642084377582,7.936359902593892e-17,8.847089727481716e-17,0,0
724,0.6166791343920344,0.8096445307280951,0.06572476941301288,0.1656486609783268,-4.683753385137379e-17,-2.7755575615628914e-17,0,0
725,0.6356927498599143,0.8158317467029483,0.06746272401872248,0.16665328515723196,6.331740687315346e-17,-1.7867651802561113e-16,0,0
726,0.6547059780965616,0.8220194321833657,0.06919384738640579,0.16767097379869667,9.063930161978817e-17,-6.071532165918825e-17,0,0
727,0.6737204063762348,0.8282068321706741,0.07091884274406222,0.1687010682755899,-8.847089727481716e-17,-6.591949208711867e-17,0,0
728,0.692735540198687,0.8343946807552809,0.07263817788296678,0.16974317314465348,6.765421556309548e-17,-5.898059818321144e-17,0,0
729,0.7117507909686704,0.8405821249739042,0.07435229361806406,0.170796583559186,-1.0495077029659683e-16,5.0306980803327406e-17,0,0
730,0.7307662768362265,0.8467696156574624,0.07606167060728306,0.1718608216559254,3.2959746043559335e-17,1.0408340855860843e-17,0,0
731,0.7539307567425622,0.872518572154622,0.07808499148009196,0.17653455288690154,-8.673617379884035e-18,-8.066464163292153e-17,0,0
732,0.7729443533864299,0.8787068057308765,0.07979150582414613,0.17762693671854743,3.7730235602495554e-17,3.469446951953614e-17,0,0
733,0.7919570096221515,0.8848964688161024,0.08149428419376423,0.178727911500224,-3.2959746043559335e-17,2.6020852139652106e-17,0,0
734,0.81097401170072,0.8910845727454946,0.08319423204232373,0.1798364432372516,6.331740687315346e-17,-5.204170427930421e-17,0,0
735,0.8299912057217735,0.8972724837240702,0.08489131672922584,0.1809520456941949,-7.546047120499111e-17,4.683753385137379e-17,0,0
736,0.8490083181530714,0.9034604443845189,0.08658602937397541,0.18207427768263745,9.497611030973019e-17,4.85722573273506e-17,0,0
737,0.8680274677071682,0.9096498362004273,0.08827875875807754,0.183203230895556,-9.280770596475918e-17,-1.0408340855860843e-17,0,0
738,0.910298459246522,0.941521400337643,0.09202583538565283,0.18910791833310533,4.683753385137379e-17,-8.283304597789254e-17,0,0
739,0.8870428227296141,0.9158368690085066,0.08996939469848302,0.184337246148769,-3.642919299551295e-17,1.2663481374630692e-16,0,0
740,0.9295875512612458,0.9473774499229572,0.09374171804040062,0.19019176935158158,-1.0364972768961422e-16,-6.071532165918825e-17,0,0
741,0.9489363798614759,0.9525808442237571,0.09546182021011805,0.1911568041001947,1.0321604682062002e-16,8.847089727481716e-17,0,0
742,0.9673893950293735,0.960294072862109,0.09710127149720052,0.1925926905588738,-8.153200337090993e-17,-8.500145032286355e-17,0,0
743,0.9841239710170981,0.9694786126287799,0.09858854708249368,0.19430534541121514,1.1362438767648086e-16,-3.8163916471489756e-17,0,0
744,1.0,0.9799999999999475,0.1,0.19626835382106275,0.02059455622167749,-4.336808689942018e-17,2,0
745,0.3043746284151062,0.6715447158170825,0.03609438397725501,0.1452784503286928,-1.0018028073766061e-16,-1.0755285551056204e-16,0,0
746,0.2853722415839787,0.6653632319202212,0.034111817697804636,0.14459330429646247,1.0842021724855044e-16,-6.938893903907228e-17,0,0
747,0.2663703775184438,0.6591919606629681,0.03210041211962501,0.14392344347987177,-5.637851296924623e-17,3.8163916471489756e-17,0,0
748,0.2473621969047016,0.6530111691098035,0.030057765895830195,0.14326410548043522,1.6046192152785466e-17,5.724587470723463e-17,0,0
749,0.2283508513815568,0.6468250289532926,0.027982201079097352,0.14261388023799257,-2.42861286636753e-17,1.214306433183765e-17,0,0
750,0.2093391340827871,0.6406386953849273,0.025872013433426214,0.14197114046962753,2.8189256484623115e-17,4.336808689942018e-17,0,0
751,0.1903256760419323,0.6344514329751573,0.023725193639362402,0.1413329760758747,-5.2475385148298415e-17,1.734723475976807e-17,0,0
752,0.1713114342508232,0.6282629665175301,0.021540131289512373,0.14069607668758427,1.734723475976807e-18,6.938893903907228e-18,0,0
753,0.1522978068814371,0.6220755851204254,0.019315433961758034,0.14005706904634213,6.5052130349130266e-18,-7.979727989493313e-17,0,0
754,0.1332845230103515,0.615888837359049,0.017049824045613497,0.13941172001779273,-4.336808689942018e-18,1.3530843112619095e-16,0,0
755,0.323379363979773,0.677730052330676,0.038050327760002015,0.14597921640306202,4.9439619065339e-17,9.540979117872439e-17,0,0
756,0.3423887680072212,0.6839151494483793,0.03998180374231209,0.146696002537094,-1.9949319973733282e-17,7.45931094670027e-17,0,0
757,0.05730043450713521,0.5909083413061698,0.007576023178059822,0.1366436536253374,-2.0816681711721685e-17,3.469446951953614e-18,0,0
758,0.3613983072637802,0.6901002378468656,0.041890089895948605,0.1474297855640134,-3.3393426912553537e-17,4.683753385137379e-17,0,0
759,0.0,0.5600000000011761,0.0,0.13259817441950886,-0.02142692952581582,2.7755575615628914e-17,1,0
760,0.3804077938011542,0.6962849368693715,0.04377687188609739,0.14818113250384068,6.938893903907228e-18,-1.734723475976807e-18,0,0
761,0.3994173648501204,0.7024700516980857,0.045643763788565175,0.1489505631303086,-8.760353553682876e-17,-8.673617379884035e-18,0,0
762,0.4184272056587393,0.7086558972209864,0.047492303129747275,0.14973840638345987,7.28583859910259e-17,1.457167719820518e-16,0,0
763,0.4415858671831459,0.7343975411685127,0.04949450192550393,0.1539007840888747,4.163336342344337e-17,-1.43982048506075e-16,0,0
764,0.4605969068710228,0.7405829016324162,0.051317602568191005,0.15474788679806675,7.892991815694472e-17,-5.204170427930421e-18,0,0
765,0.4796000701993693,0.7467591806968759,0.05312611594989608,0.15561067971243056,-3.122502256758253e-17,-1.214306433183765e-16,0,0
766,0.4985667688831193,0.7529205783921625,0.05491834905542857,0.15648828180179875,-2.3418766925686896e-17,-7.632783294297951e-17,0,0
767,0.5175154558032278,0.7591367197567436,0.056696439353340275,0.1573925159533788,7.155734338404329e-17,-1.3877787807814457e-17,0,0
768,0.5365060248729098,0.7653315923131271,0.0584678767139974,0.1583090254069306,-5.334274688628682e-17,-1.474514954580286e-16,0,0
769,0.5555176651704787,0.7715180944045131,0.060231282390127414,0.15923995534749216,4.0766001685454967e-17,0.0,0,0
770,0.5745281962452397,0.7777028984542707,0.0619852323577597,0.16018631447035256,-5.637851296924623e-17,-2.0816681711721685e-17,0,0
771,0.7497813180642248,0.852956684136435,0.07776670117121685,0.17293522575462553,3.2959746043559335e-17,-1.474514954580286e-16,0,0
772,0.9061158669217741,0.9220198136866543,0.09166417165810906,0.18547503291142495,7.806255641895632e-17,9.71445146547012e-17,0,0
773,0.1101224783408044,0.590141880199307,0.014459263231168366,0.13596267228708325,1.431146867680866e-17,-8.673617379884035e-18,0,0
774,0.09110776893671949,0.5839542882611622,0.01207188445547066,0.13532066659109565,3.469446951953614e-18,-3.642919299551295e-17,0,0
775,0.07209243256223022,0.5777657609246519,0.009636979312513217,0.13465748775271813,3.165870343657673e-17,-5.204170427930421e-18,0,0
776,0.03528481063442386,0.5637879330285421,0.0048023163739338275,0.13301591260435922,1.9081958235744878e-17,1.734723475976807e-18,0,0
777,0.05332048406940521,0.5714893918943358,0.0071910476032136786,0.13395171097591177,1.3877787807814457e-17,-1.5612511283791264e-16,0,0
778,0.1291362367820688,0.5963292408711461,0.016800343731013873,0.1365857496647587,-1.8214596497756474e-17,-2.3071822230491534e-16,0,0
779,0.01739382020149118,0.5507420431130448,0.0024036823824363906,0.13131966480355728,2.6020852139652106e-17,-1.0408340855860843e-17,0,0
780,0.4374372463815135,0.7148413355211238,0.04932391912740638,0.1505445960075868,-2.949029909160572e-17,9.410874857174178e-17,0,0
781,0.5935318416226611,0.7838899238636136,0.06372988499864961,0.1611484167176517,3.9898639947466563e-17,1.2793585635328952e-16,0,0
782,0.6125382433861091,0.7900805264928785,0.06546684752880247,0.1621259425004795,-9.237402509576498e-17,4.163336342344337e-17,0,0
783,0.6315459766039532,0.7962716404364163,0.06719665916473229,0.16311784761608464,1.734723475976807e-18,1.7520707107365752e-16,0,0
784,0.6505584541958468,0.8024589707813758,0.06892027215347861,0.1641227995104922,-8.413408858487514e-17,1.4224732503009818e-16,0,0
785,0.6695720834887467,0.8086462943830438,0.07063790340256025,0.16514097391754612,-1.6046192152785466e-17,2.0122792321330962e-16,0,0
786,0.6885862216227926,0.8148337232758969,0.07235003815246305,0.16617184634125726,-7.37257477290143e-17,8.673617379884035e-18,0,0
787,0.7076011928048733,0.8210208961997594,0.07405722459872272,0.1672147823847987,6.461844948013606e-17,4.163336342344337e-17,0,0
788,0.7266169540121272,0.8272082701995523,0.07575994662556115,0.16826929288498926,-5.551115123125783e-17,-1.4051260155412137e-16,0,0
789,0.7456322283183604,0.8333956549243968,0.07745855855088996,0.16933476172822035,2.0816681711721685e-17,2.393918396847994e-16,0,0
790,0.768795760789172,0.8591446713565878,0.07946780519082819,0.17401942262266232,5.204170427930421e-17,-3.0791341698588326e-17,0,0
791,0.7878094526125115,0.8653330181759245,0.08116543231674593,0.17511271943322082,-1.6479873021779667e-17,-1.1622647289044608e-16,0,0
792,0.8068247521663758,0.8715215589768511,0.08286022766248484,0.1762145378240169,9.020562075079397e-17,-9.367506770274758e-17,0,0
793,0.825841848805742,0.8777093468949443,0.08455260740891551,0.17732406103473936,-1.1839487723541708e-16,5.204170427930421e-18,0,0
794,0.8448587894494255,0.8838972554247815,0.08624282341782134,0.17844093086554003,7.41594285980085e-17,-5.204170427930421e-17,0,0
795,0.8638758937169856,0.8900851709749646,0.0879313216034134,0.17956466098203583,-1.227316859253591e-16,1.5092094240998222e-16,0,0
796,0.8828931595599047,0.8962731375861673,0.08961833556970392,0.18069465900232706,3.469446951953614e-18,0.0,0,0
797,0.9252494022193801,0.928204994289494,0.0933633810468052,0.1866174539960574,-8.500145032286355e-17,-4.90059381963448e-17,0,0
798,0.9019106788160324,0.9024612136689614,0.09130431414722746,0.18183020409015876,1.691355389077387e-17,-1.457167719820518e-16,0,0
799,0.9453617659391584,0.9342208538103074,0.09514899416205393,0.18773174414622773,-3.5561831257524545e-17,-9.71445146547012e-17,0,0
800,0.9654029943425227,0.9410281492023194,0.09692778041911378,0.18899710215786716,5.724587470723463e-17,1.7520707107365752e-16,0,0
801,0.9831930052152538,0.95021567177252,0.0985069070176729,0.19071016502449384,-1.0148132334464322e-16,-2.0816681711721685e-17,0,0
802,1.0,0.9599999999998947,0.1,0.19253596976346418,0.02059310694771882,9.194034422677078e-17,2,0
803,0.3192320444199291,0.6581755695040443,0.03793027280097828,0.14279671511223763,-7.806255641895632e-18,-1.8735013540549517e-16,0,0
804,0.3002298371278587,0.651991007397212,0.03597424441952152,0.14212869452934146,-3.8163916471489756e-17,2.0643209364124004e-16,0,0
805,0.2812257644081542,0.6458136273277629,0.03398904659472374,0.14147811112531314,2.688821387764051e-17,-2.949029909160572e-17,0,0
806,0.2622226136093582,0.6396381178780121,0.03197287410803337,0.14084255222233885,-2.6454533008646308e-17,-1.1622647289044608e-16,0,0
807,0.243213670618665,0.6334543074665091,0.02992292903804478,0.14021865843503684,5.941427905220564e-17,8.326672684688674e-17,0,0
808,0.224202497840422,0.6272677881159041,0.027837237993265918,0.13960504511262473,-3.859759734048396e-17,2.2551405187698492e-17,0,0
809,0.2051901999639252,0.621080574096952,0.025713645920036835,0.13899935583441228,-2.0383000842727483e-17,-1.6306400674181987e-16,0,0
810,0.1861765520092442,0.6148926812515496,0.02354996818873992,0.13839844472315416,2.862293735361732e-17,-1.5959455978986625e-16,0,0
811,0.167162702167784,0.6087042226376279,0.021344317947967557,0.13779865975949496,1.9949319973733282e-17,1.734723475976807e-17,0,0
812,0.1481495113592527,0.6025165039125382,0.01909497710337892,0.13719600340034036,3.9898639947466563e-17,2.0816681711721685e-17,0,0
813,0.3382413230576511,0.6643604183989438,0.03986032546789414,0.14348205733763103,1.734723475976807e-17,5.204170427930421e-17,0,0
814,0.3572500956243425,0.6705451776332922,0.04176559837446197,0.14418569834943565,9.107298248878237e-18,-1.0408340855860843e-17,0,0
815,0.3762589356623888,0.6767303142045533,0.043648058952147836,0.14490835949599296,0.0,-2.7755575615628914e-17,0,0
816,0.0,0.5400000000011733,0.0,0.12990995702432287,-0.021477782919732652,-6.071532165918825e-17,1,0
817,0.3952690359667857,0.6829152350239133,0.04550964302012551,0.145650324087931,-2.42861286636753e-17,5.551115123125783e-17,0,0
818,0.4142775661355937,0.6891007773701495,0.04735175250772995,0.14641203315158124,-3.729655473350135e-17,-3.122502256758253e-17,0,0
819,0.4332887955449561,0.6952857924972992,0.04917642324816549,0.14719331659091076,2.168404344971009e-17,6.591949208711867e-17,0,0
820,0.4564470943843524,0.7210261286957191,0.0511398981799108,0.15136909870700366,-2.42861286636753e-17,8.673617379884035e-18,0,0
821,0.4754498823924931,0.7272113343562105,0.05294079122450047,0.1522120827513466,-1.8648277366750676e-17,1.0061396160665481e-16,0,0
822,0.4944287481883452,0.7333805917858878,0.05472631279365664,0.1530706154187408,-7.45931094670027e-17,1.5265566588595902e-16,0,0
823,0.5134026514216405,0.7395694088860103,0.056498991715236486,0.15395047236716297,4.163336342344337e-17,-2.7755575615628914e-17,0,0
824,0.5323707627231185,0.7457711965611039,0.05825987690129099,0.15485018477517765,-2.2551405187698492e-17,1.1796119636642288e-16,0,0
825,0.5513698742416706,0.7519603479521274,0.0600136436497625,0.1557643762960251,2.6020852139652106e-18,-5.898059818321144e-17,0,0
826,0.5703816186782662,0.758146822274739,0.061759236826381875,0.15669461697207168,1.7780915628762273e-17,-2.949029909160572e-17,0,0
827,0.5893924497271417,0.7643322408671864,0.06349613419885934,0.15764087047055475,2.0816681711721685e-17,-1.2836953722228372e-16,0,0
828,0.7646470097152905,0.8395826697859438,0.07915351533662195,0.17041050990972392,-2.2551405187698492e-17,1.46150452851046e-16,0,0
829,0.9209284352940946,0.9086493124911877,0.09298993438842804,0.18297027660059406,-1.1275702593849246e-17,1.1275702593849246e-16,0,0
830,0.1059740653710451,0.5705812794977302,0.014186078013424882,0.13321926097857528,-5.4643789493269423e-17,5.204170427930421e-17,0,0
831,0.1249880058506846,0.5767689770350719,0.016564436700471256,0.1338065393486188,3.729655473350135e-17,1.3877787807814457e-16,0,0
832,0.08702055311293122,0.5644509957646617,0.011763053177209932,0.13261779405916077,-1.1275702593849246e-17,1.1449174941446927e-16,0,0
833,0.06831082335311375,0.558551465084065,0.009320650297096687,0.13202084996884086,-5.204170427930421e-17,8.500145032286355e-17,0,0
834,0.05151120094745685,0.5508839211166602,0.007102024749913743,0.1311394423237732,-4.336808689942018e-18,1.43982048506075e-16,0,0
835,0.03436890608564892,0.54113158342316,0.004798647338708662,0.1299576022233961,-3.9898639947466563e-17,-1.734723475976807e-18,0,0
836,0.1440013602251939,0.5829571396510157,0.018891552205257466,0.134378320017591,-9.020562075079397e-17,-2.2551405187698492e-17,0,0
837,0.01727144103356693,0.5300164821327571,0.002447883337536625,0.12856575747946716,-4.85722573273506e-17,-5.0306980803327406e-17,0,0
838,0.4522985081367934,0.7014708790476989,0.05098469285468108,0.14799431465515156,2.6020852139652106e-17,3.903127820947816e-17,0,0
839,0.6083982016340377,0.7705163054760744,0.0652246887632369,0.15860260635706208,-1.3877787807814457e-17,-9.80118763926896e-17,0,0
840,0.6274015644163347,0.7767092283932248,0.06694577263231166,0.1595811154713822,3.903127820947816e-17,-9.71445146547012e-17,0,0
841,0.6464099823333825,0.782899422926089,0.06866081680980925,0.16057368809025332,7.762887554996212e-17,-5.204170427930421e-17,0,0
842,0.6654234629351937,0.7890863368296624,0.07037041958896358,0.16157965812021738,1.0408340855860843e-17,-1.6132928326584306e-16,0,0
843,0.6844372550316811,0.7952733480206693,0.0720746910570164,0.1625991080755598,8.847089727481716e-17,-5.551115123125783e-17,0,0
844,0.7034519406738025,0.801460499822857,0.07377422302809696,0.1636314569420897,-4.640385298237959e-17,2.6020852139652106e-17,0,0
845,0.7224672729899186,0.8076473886446197,0.07546950588496447,0.16467603852257343,5.5077470362263625e-17,1.5092094240998222e-16,0,0
846,0.7414830290608078,0.8138346103411205,0.07716100299685452,0.1657323653501696,-1.474514954580286e-16,-1.3357370765021415e-16,0,0
847,0.760497991588109,0.8200218273600581,0.07884907332116692,0.1667997701158539,1.5352302762394743e-16,-1.5439038936193583e-16,0,0
848,0.7836618062545467,0.8457704003017281,0.0808453088148102,0.17149614053860335,1.5612511283791264e-17,5.334274688628682e-17,0,0
849,0.8026772889815412,0.8519585068920723,0.08253444120832427,0.17259100731870372,-2.47198095326695e-17,1.9081958235744878e-17,0,0
850,0.8216928923797584,0.8581465214842638,0.08422127991454574,0.17369441559239743,-1.2793585635328952e-16,1.1275702593849246e-16,0,0
851,0.8407094129137368,0.8643341964942728,0.08590631666469413,0.17480575928902653,1.214306433183765e-16,-1.3877787807814457e-17,0,0
852,0.8597262468430454,0.8705220083369143,0.08758989734522964,0.17592460416171735,-6.245004513516506e-17,-7.45931094670027e-17,0,0
853,0.8787433767676824,0.8767097223980418,0.08927240044632097,0.17705026658627443,6.635317295611287e-17,-1.3357370765021415e-16,0,0
854,0.8977608047027399,0.8828974838463669,0.0909541094720261,0.17818217872884948,7.806255641895632e-17,6.765421556309548e-17,0,0
855,0.9409730696883548,0.9147865837149411,0.09476646887927846,0.18410470666118606,2.42861286636753e-17,3.469446951953614e-17,0,0
856,0.9167785020226911,0.8890853469419102,0.0926354458444096,0.17931970672431533,-4.336808689942018e-17,-1.0408340855860843e-16,0,0
857,0.9638729376885836,0.9190560405766118,0.09679685714419366,0.18489424670731774,-9.194034422677078e-17,5.204170427930421e-18,0,0
858,0.9823784671773255,0.9299718085710339,0.09843673228717742,0.18692995691579048,7.025630077706069e-17,5.898059818321144e-17,0,0
859,1.0,0.939999999999842,0.1,0.18880210953049206,0.02059071269927107,-6.591949208711867e-17,2,0
860,0.3340929496132318,0.6448064926275814,0.03976606924648646,0.14028112233171103,-9.71445146547012e-17,-3.469446951953614e-17,0,0
861,0.3150863668952298,0.6386213517186611,0.03783798564564489,0.13962930260603382,1.0408340855860843e-16,-1.734723475976807e-18,0,0
862,0.2960864106526222,0.6324365635931841,0.035881942360071056,0.13899630349994035,-5.204170427930421e-18,-1.1449174941446927e-16,0,0
863,0.2770829010611512,0.6262654536761425,0.033894171267193095,0.13838324961889042,1.3444106938820255e-17,1.0581813203458523e-16,0,0
864,0.2580750565550748,0.6200825940383585,0.031872560488604394,0.1377844217314205,5.204170427930421e-18,6.938893903907228e-17,0,0
865,0.2390623330778004,0.6138929714062704,0.029814354305162015,0.13719867791240906,1.6479873021779667e-17,-1.8561541192951836e-16,0,0
866,0.2200526636344587,0.6077082517066843,0.027717628610195492,0.13662525916473933,-4.5102810375396984e-17,-5.0306980803327406e-17,0,0
867,0.2010397781643966,0.6015208544529411,0.025579220043076323,0.1360601317376999,-4.7704895589362195e-18,2.0122792321330962e-16,0,0
868,0.1820264470928583,0.5953325433496638,0.023396896223715276,0.13550001426632913,-2.42861286636753e-17,1.43982048506075e-16,0,0
869,0.1630139666213278,0.589145011578105,0.021168417314002555,0.1349410346200607,2.6020852139652106e-18,-1.3877787807814457e-17,0,0
870,0.3530997676659678,0.6509905540910015,0.04166780933991719,0.1409525722194738,2.2985086056692694e-17,-7.632783294297951e-17,0,0
871,0.3721048073141323,0.6571755947017534,0.04354511880392186,0.1416447011742185,6.114900252818245e-17,-3.469446951953614e-18,0,0
872,0.3911141741313539,0.6633613396340372,0.0454006578414624,0.14235775254247482,-6.288372600415926e-17,-1.1622647289044608e-16,0,0
873,0.0,0.5200000000011236,0.0,0.12729196424887942,-0.02153929237451744,-1.3877787807814457e-17,1,0
874,0.4101231768941428,0.6695472021055147,0.04723584557279075,0.14309194582066617,4.2500725161431774e-17,-6.765421556309548e-17,0,0
875,0.4291332187505613,0.675732171827955,0.049052604183912336,0.1438471280889151,-4.119968255444917e-17,-1.231653667943533e-16,0,0
876,0.4481439284615421,0.6819171445338583,0.050852514072776606,0.14462338801486935,5.984795992119984e-17,-1.9081958235744878e-17,0,0
877,0.4712885144799653,0.7076541826443413,0.052776161695781164,0.14881480672001854,-4.336808689942018e-17,-3.2959746043559335e-17,0,0
878,0.49027503862167,0.7138349806747696,0.05455373382410637,0.1496541393364201,-4.2500725161431774e-17,-2.6020852139652106e-17,0,0
879,0.5092573403743792,0.7200182207674737,0.05631844526762463,0.15051291112220175,6.331740687315346e-17,-5.898059818321144e-17,0,0
880,0.5282339716712793,0.7262074012792028,0.058071207335433,0.15139137036361724,-2.168404344971009e-17,1.3183898417423734e-16,0,0
881,0.5472276510781999,0.7324004897859415,0.05981522651837412,0.15228845625685958,1.3877787807814457e-17,-3.9898639947466563e-17,0,0
882,0.5662338675415831,0.7385894101557879,0.061551037083317356,0.15320232054653637,3.9898639947466563e-17,7.45931094670027e-17,0,0
883,0.5852452651389541,0.7447757995036135,0.06327875684384744,0.1541328347825961,-1.1275702593849246e-16,1.0408340855860843e-17,0,0
884,0.604256644263734,0.7509620086405419,0.06499865364927616,0.15507994026366692,8.586881206085195e-17,6.245004513516506e-17,0,0
885,0.779512937063283,0.8262092238031521,0.0805342408384069,0.1678776770717157,-6.418476861114186e-17,-6.938893903907228e-18,0,0
886,0.9355619497765187,0.8959938436514815,0.09429606905736676,0.1805965936908282,8.847089727481716e-17,3.469446951953614e-17,0,0
887,0.1208399048465388,0.5572084158959436,0.016343490201859642,0.13107909770817844,2.862293735361732e-17,-2.1684043449710089e-16,0,0
888,0.1018260691167079,0.5510205989630738,0.013922852381498756,0.13053139687397114,6.808789643208968e-17,-1.1449174941446927e-16,0,0
889,0.1398531840964935,0.5633970890447721,0.018706788792544886,0.13160859382511045,-2.42861286636753e-17,-4.5102810375396984e-17,0,0
890,0.0831781891290346,0.5451783953058913,0.011490272005164705,0.12999954557287785,8.673617379884035e-19,-1.249000902703301e-16,0,0
891,0.0661336196123453,0.5392246358947305,0.00922507195797277,0.12941208781450575,5.811323644522304e-17,-1.4224732503009818e-16,0,0
892,0.05016551823497384,0.5301578552882076,0.007088511458207314,0.12837514321850638,3.0357660829594124e-17,-1.214306433183765e-16,0,0
893,0.03442187542402824,0.5198954828339091,0.004937212929281504,0.12716073684017257,1.3877787807814457e-17,-1.3357370765021415e-16,0,0
894,0.1588657492496197,0.5695857928965677,0.021014373497010706,0.13212738972038482,5.984795992119984e-17,-3.642919299551295e-17,0,0
895,0.01731248479404566,0.5100025123923271,0.002521413647762307,0.12597918127885857,1.9949319973733282e-17,1.249000902703301e-16,0,0
896,0.4671341048900773,0.6880967380236914,0.05263506843986329,0.14541988686808965,2.7755575615628914e-17,-3.122502256758253e-17,0,0
897,0.623261306042928,0.7571449718446182,0.06671086301448302,0.15604256379926681,-2.42861286636753e-17,1.9949319973733282e-17,0,0
898,0.6422630965923204,0.7633389792098492,0.06841632435677616,0.15702268939990585,-7.19910242530375e-17,-1.734723475976807e-17,0,0
899,0.6612769747245224,0.7695251788144528,0.07011719430367011,0.15801616777383676,9.80118763926896e-17,5.377642775528102e-17,0,0
900,0.6802883654484232,0.7757136684185209,0.07181265056498298,0.15902436105703907,-6.158268339717665e-17,-1.0408340855860843e-17,0,0
901,0.6993019237946673,0.7819004625111652,0.07350370817057181,0.1600458967517642,-7.025630077706069e-17,-3.2959746043559335e-17,0,0
902,0.7183177777988823,0.7880871802850327,0.07519089551994267,0.16108045831577705,5.984795992119984e-17,-1.196959198423997e-16,0,0
903,0.737333661025608,0.7942740385066271,0.07687450888432625,0.1621274843610037,-2.5587171270657905e-17,-2.0816681711721685e-17,0,0
904,0.756348872262756,0.8004610056025065,0.0785549665093041,0.16318634933409007,1.0885389811754465e-16,-2.6020852139652106e-17,0,0
905,0.7753636453256156,0.8066481239496378,0.08023275217434761,0.16425644019438337,-8.847089727481716e-17,1.1102230246251565e-16,0,0
906,0.7985282213772738,0.832396660533121,0.082216979220567,0.1689654599740403,9.71445146547012e-17,1.0972125985553305e-16,0,0
907,0.8175439884999225,0.8385839870794337,0.08389772922654717,0.17006248281803027,-1.5655879370690684e-16,2.42861286636753e-17,0,0
908,0.8365600629112324,0.8447715325680091,0.0855768940581118,0.17116822859766978,1.4354836763708079e-16,-3.469446951953614e-17,0,0
909,0.8555765033738958,0.8509592055467198,0.08725488378460187,0.1722821252192772,-5.898059818321144e-17,2.7755575615628914e-17,0,0
910,0.8745931780526515,0.8571467779759832,0.08893208320269252,0.17340354259681262,-4.163336342344337e-17,6.938893903907228e-17,0,0
911,0.893610542418645,0.8633343636247761,0.09060898417261815,0.17453182128057096,1.734723475976807e-18,-6.071532165918825e-17,0,0
912,0.912665759313745,0.8698750016545863,0.09228877653203303,0.17573234256530543,3.122502256758253e-17,8.673617379884035e-17,0,0
913,0.9547006900602892,0.9007465987096973,0.0959899343265191,0.18147561063132533,-6.418476861114186e-17,-8.283304597789254e-17,0,0
914,0.9318708533502967,0.8778277779952767,0.09398094353671776,0.17720252168837622,-3.2959746043559335e-17,-3.469446951953614e-17,0,0
915,0.9836295556878488,0.9099952954738036,0.0985497416128141,0.18319663355216423,1.0842021724855044e-16,-5.898059818321144e-17,0,0
916,1.0,0.9199999999997894,0.1,0.18506563647820384,0.020589035656574356,-3.642919299551295e-17,2,0
917,0.3299442509503614,0.6252531827818509,0.039701147732619166,0.13709376261375636,-4.336808689942018e-18,1.1449174941446927e-16,0,0
918,0.348948454885148,0.6314378397555716,0.04159875621920145,0.13773103696104486,-4.336808689942018e-18,1.5612511283791264e-17,0,0
919,0.3109387574739068,0.6190681501609181,0.03777519734686097,0.13647803279103227,-3.7730235602495554e-17,1.682681771697503e-16,0,0
920,0.2919318468908397,0.6128842791886964,0.035818274695017194,0.1358831525741846,-4.336808689942018e-17,-3.2959746043559335e-17,0,0
921,0.2729250374384056,0.6067008972268592,0.033827794366324875,0.13530769359647793,5.160802341031001e-17,3.469446951953614e-18,0,0
922,0.2539175607906717,0.6005166109968358,0.03180083728677141,0.13474972692526713,-9.324138683375338e-17,-1.734723475976807e-18,0,0
923,0.2349111237622235,0.5943339897203657,0.029734599619321473,0.13420742803498759,-1.0842021724855044e-17,3.469446951953614e-17,0,0
924,0.2159016307025782,0.5881478708620668,0.027625710246434294,0.1336773975880936,2.168404344971009e-17,-8.326672684688674e-17,0,0
925,0.196889918638974,0.5819618685596071,0.025471175740458783,0.13315690780234127,7.632783294297951e-17,-1.5265566588595902e-16,0,0
926,0.1778778867423459,0.5757741409391324,0.023268320121220088,0.13264172091986975,-3.5128150388530344e-17,-1.5265566588595902e-16,0,0
927,0.3679414229791518,0.6376203344965177,0.04346946300839064,0.13839039272675413,-4.336808689942018e-17,5.0306980803327406e-17,0,0
928,0.386945921706597,0.643803231089568,0.0453178908954583,0.13907218298776988,3.382710778154774e-17,1.2663481374630692e-16,0,0
929,0.4059484370996789,0.6499865538453183,0.04714472894284551,0.139776879549166,-5.898059818321144e-17,-2.42861286636753e-17,0,0
930,0.0,0.5000000000010534,0.0,0.1247516696266204,-0.021608667723014285,1.0408340855860843e-17,1,0
931,0.4249591444327691,0.6561724330236581,0.048952934670677496,0.1405046582576244,-3.903127820947816e-17,1.682681771697503e-16,0,0
932,0.4439651838920736,0.6623564109367145,0.05074307440144249,0.14125485306304253,3.122502256758253e-17,3.9898639947466563e-17,0,0
933,0.4629662047378709,0.6685393312856862,0.052516788671926426,0.1420273110953213,6.071532165918825e-18,-6.591949208711867e-17,0,0
934,0.486121368284401,0.6942767717594058,0.05440333958693155,0.1462370540564344,3.469446951953614e-17,1.8214596497756474e-17,0,0
935,0.505097832755789,0.7004653685481481,0.05615774034928097,0.1470760717286365,4.7704895589362195e-17,-1.0581813203458523e-16,0,0
936,0.5240894490217789,0.7066500833875846,0.057902111003684455,0.1479339471028607,-9.454242944073599e-17,-1.1275702593849246e-16,0,0
937,0.5430919396305853,0.712839693979976,0.05963697917630321,0.1488118507495038,4.0766001685454967e-17,-6.938893903907228e-18,0,0
938,0.5620954068266831,0.719026246265961,0.06136248165571143,0.1497079495831149,6.938893903907228e-17,7.979727989493313e-17,0,0
939,0.5811003525428258,0.7252162574976722,0.06307950123091238,0.1506228500972284,-9.80118763926896e-17,-5.377642775528102e-17,0,0
940,0.6001083238808314,0.7314047599034901,0.06478906676067005,0.15155505643185363,1.0061396160665481e-16,-5.204170427930421e-18,0,0
941,0.6191185019128338,0.7375900579606404,0.06649188759815755,0.15250366445802044,-5.681219383824043e-17,2.7755575615628914e-17,0,0
942,0.7943788071480268,0.8128351573435776,0.08190838619838135,0.16533709468454041,-1.0408340855860843e-17,-1.5916087892087205e-16,0,0
943,0.9481872705787792,0.8857202004511898,0.0954198206161918,0.17866839313516414,4.423544863740858e-17,-6.591949208711867e-17,0,0
944,0.9705030161543793,0.8999999953748709,0.09738946703987197,0.181330367206275,-1.3010426069826053e-17,-5.551115123125783e-17,0,0
945,0.1357052509206083,0.5438358755108443,0.018542782921987053,0.12889183805020302,-1.214306433183765e-17,7.28583859910259e-17,0,0
946,0.1166918770643026,0.5376481000272502,0.016138984719766904,0.12840959279558858,5.637851296924623e-18,1.231653667943533e-16,0,0
947,0.09767799656314842,0.5314600690561424,0.013671631817968698,0.12790453826372084,-4.9873299934333204e-17,-1.9081958235744878e-17,0,0
948,0.1547180043550324,0.5500250592833825,0.020884477571231987,0.12936204599552442,-3.903127820947816e-17,-5.724587470723463e-17,0,0
949,0.08058964440588087,0.5267655132674427,0.011385684861761974,0.1275415768749338,7.37257477290143e-18,7.28583859910259e-17,0,0
950,0.0659703878167392,0.5195372239397191,0.009426625882836732,0.12679554842061128,-2.0816681711721685e-17,-1.5612511283791264e-17,0,0
951,0.05107394622541367,0.5099985683893742,0.0074091820499507565,0.1257339736113748,-3.2959746043559335e-17,3.8163916471489756e-17,0,0
952,0.03463944272140237,0.4999999955857367,0.00511066000682337,0.12461306689299685,2.6020852139652106e-17,-1.5612511283791264e-17,0,0
953,0.1737300934573245,0.5562163168829994,0.023166609449379087,0.12982737047029916,-1.6479873021779667e-17,1.3877787807814457e-16,0,0
954,0.01732052354291607,0.4900001717032116,0.002598359563134832,0.12347538368677438,3.209238430557093e-17,-1.0061396160665481e-16,0,0
955,0.48196211297717,0.6747237368482286,0.05427554873588789,0.14282213691720416,-8.673617379884035e-18,-5.724587470723463e-17,0,0
956,0.6381255780680558,0.7437760804433818,0.06818815193301478,0.15346881805552104,-1.3877787807814457e-17,-7.025630077706069e-17,0,0
957,0.6571337540493954,0.7499649224907238,0.06987890912303527,0.15445023694695245,4.2934406030425976e-17,0.0,0,0
958,0.6761453399498438,0.7561514888813794,0.0715650264056342,0.15544633066847346,-2.905661822261152e-17,8.847089727481716e-17,0,0
959,0.6951541478456016,0.7623405894530231,0.07324648965683003,0.15645739899422575,-2.6454533008646308e-17,1.0755285551056204e-16,0,0
960,0.7141682964261473,0.7685271531436437,0.07492461531987944,0.157481808647368,2.2985086056692694e-17,8.153200337090993e-17,0,0
961,0.7331843458690905,0.7747136785403691,0.07659959197800414,0.15851941167749345,-4.163336342344337e-17,1.1796119636642288e-16,0,0
962,0.7522002155914062,0.7809003491699235,0.0782717237973599,0.1595696148049075,8.803721640582296e-17,-5.0306980803327406e-17,0,0
963,0.7712143828474425,0.7870874175910263,0.07994134536354386,0.16063183467102463,-1.2576745200831851e-16,-7.632783294297951e-17,0,0
964,0.7902295470239148,0.7932728282441481,0.08160915952801974,0.16170504440950798,1.0972125985553305e-16,7.112366251504909e-17,0,0
965,0.8133944573139101,0.8190221330677218,0.08358230792413902,0.1664277035384883,-4.163336342344337e-17,1.3227266504323154e-16,0,0
966,0.8324105104081279,0.825209238293737,0.08525492955638495,0.16752770396932762,9.71445146547012e-17,-1.214306433183765e-16,0,0
967,0.8514267180663091,0.8313967002855172,0.08692663069913899,0.1686365562448816,-6.071532165918825e-18,2.6020852139652106e-17,0,0
968,0.8704431615833069,0.8375841980485086,0.08859780014306991,0.16975362060418905,-4.9439619065339e-17,-6.418476861114186e-17,0,0
969,0.889460264560468,0.8437717991981054,0.090268864354255,0.17087831953435215,3.382710778154774e-17,-4.336808689942018e-17,0,0
970,0.9086080223569877,0.8500289146079409,0.09195174263580198,0.1720226596121874,-2.42861286636753e-17,3.469446951953614e-18,0,0
971,0.928241337801702,0.8562114288937527,0.09367824988942113,0.1731590334543794,1.1275702593849246e-17,7.806255641895632e-18,0,0
972,0.9650770123318505,0.8824238855734421,0.09691514711615946,0.17804383657770906,-6.765421556309548e-17,7.45931094670027e-17,0,0
973,0.9485879653683793,0.8692077030321319,0.09546478458963648,0.17557774189468073,-5.637851296924623e-17,9.194034422677078e-17,0,0
974,1.0,0.8999999999997367,0.1,0.18132633754776586,0.020585805349895896,4.5102810375396984e-17,2,0
975,0.9835368399745886,0.8900000000424553,0.09854481495499187,0.17945633306770462,5.551115123125783e-17,-3.122502256758253e-17,0,0
976,0.3257959534184115,0.6057003891521445,0.03966793231141854,0.1339205520190486,1.1882855810441129e-16,1.5612511283791264e-17,0,0
977,0.3447940095149578,0.6118817324014488,0.04156048293033618,0.1345206009351986,-7.806255641895632e-18,-1.231653667943533e-16,0,0
978,0.3637873670765506,0.6180593589197373,0.043425184088624384,0.13514434010847481,-1.431146867680866e-17,5.551115123125783e-17,0,0
979,0.3067896846622276,0.5995159328828545,0.03774439521409206,0.1333437611313197,-9.280770596475918e-17,-1.2663481374630692e-16,0,0
980,0.2877832578220867,0.5933310533188494,0.035787714420338186,0.1327895751226761,6.028164079019405e-17,-1.3877787807814457e-17,0,0
981,0.2687767927871035,0.5871467800613279,0.03379474968747633,0.1322568150436678,-7.025630077706069e-17,-9.020562075079397e-17,0,0
982,0.2497701186974399,0.5809615223696014,0.031762238817487305,0.1317433683302085,4.597017211338539e-17,-5.898059818321144e-17,0,0
983,0.2307624356703917,0.5747767109807351,0.029686661232235602,0.13124711904301173,-4.640385298237959e-17,3.9898639947466563e-17,0,0
984,0.2117524390797383,0.5685912633591023,0.027564422038426083,0.13076498055531968,1.3010426069826053e-18,1.214306433183765e-16,0,0
985,0.1927411381161354,0.5624037267314221,0.025392158549792414,0.1302930948029503,-1.431146867680866e-17,-2.0816681711721685e-17,0,0
986,0.382782943766766,0.6242475276099412,0.045265050237149856,0.13579440950374758,1.5612511283791264e-17,-5.0306980803327406e-17,0,0
987,0.4017837449484994,0.6304280362498408,0.04708311283408899,0.13646775436796904,5.984795992119984e-17,-5.551115123125783e-17,0,0
988,0.4207885090540243,0.636617069058607,0.04888107043745458,0.13716713057153523,-4.597017211338539e-17,-1.8388068845354155e-16,0,0
989,0.0,0.4800000000009889,0.0,0.12229822979404756,-0.021689257276390848,-3.9898639947466563e-17,1,0
990,0.4397963409061336,0.6427951903678397,0.05066118487393259,0.1378889513909923,4.163336342344337e-17,-1.3010426069826053e-16,0,0
991,0.4588004224049851,0.6489871715965883,0.052424155432941016,0.13863734558014426,6.114900252818245e-17,1.1622647289044608e-16,0,0
992,0.4777977266729186,0.6551681478070286,0.054171796930844944,0.13940752036056164,-1.734723475976807e-18,1.5612511283791264e-17,0,0
993,0.5009511929606045,0.6809094893160849,0.05602060454125735,0.14363886068143467,1.734723475976807e-17,8.673617379884035e-17,0,0
994,0.5199432317727466,0.6871006594776282,0.05775412928798465,0.14447758222567716,-6.375108774214766e-17,1.0408340855860843e-17,0,0
995,0.538950584262555,0.6932845489396647,0.05947860727671177,0.14533531119110046,3.9898639947466563e-17,-9.020562075079397e-17,0,0
996,0.5579545749230157,0.6994693942215024,0.06119321122526633,0.1462131898206871,-3.0791341698588326e-17,-1.700029006457271e-16,0,0
997,0.5769590512378139,0.7056579080459084,0.06289925008502203,0.14711103694297717,9.194034422677078e-17,5.898059818321144e-17,0,0
998,0.595964400014502,0.7118457699458358,0.06459770832606032,0.14802742233290203,-3.5561831257524545e-17,-1.0581813203458523e-16,0,0
999,0.6149714119136823,0.7180342758851344,0.06628946104863166,0.1489619249870252,4.380176776841438e-17,4.85722573273506e-17,0,0
1000,0.6339819603963828,0.7242203293876287,0.0679754599520078,0.14991329297896935,4.0332320816460765e-17,6.765421556309548e-17,0,0
1001,0.8092447801807429,0.7994590467251947,0.0832755066672227,0.1627890803908883,-7.112366251504909e-17,-1.1796119636642288e-16,0,0
1002,0.1315611900719755,0.5242805809046562,0.0184023444453577,0.12623465468331602,-2.2551405187698492e-17,4.163336342344337e-17,0,0
1003,0.1505703105217139,0.5304639803703232,0.020781277428501645,0.1266501334855717,-8.673617379884035e-19,9.367506770274758e-17,0,0
1004,0.1125437040773635,0.5180877071676598,0.0159542031518247,0.12580407827289516,-3.469446951953614e-18,-3.9898639947466563e-17,0,0
1005,0.09428536391065662,0.5127394763510194,0.013526480175270339,0.12544410724917526,-9.107298248878237e-18,0.0,0,0
1006,0.1695824596073195,0.536655219395051,0.023094580981250192,0.12706074364479042,-8.673617379884035e-18,-7.45931094670027e-17,0,0
1007,0.07941766590194738,0.5106413105525279,0.011459069457392161,0.1254273265953303,-9.540979117872439e-18,1.3877787807814457e-17,0,0
1008,0.068810948723206,0.5003265486823371,0.010091970904851012,0.12426749120321277,-1.734723475976807e-17,-4.683753385137379e-17,0,0
1009,0.05196033464103826,0.4900000000097016,0.007762639109363565,0.12318530228362488,-3.469446951953614e-17,-5.0306980803327406e-17,0,0
1010,0.034152236918549,0.4800004911421802,0.0051972599067329735,0.12214155179035158,3.382710778154774e-17,2.0816681711721685e-17,0,0
1011,0.1885940713243507,0.542846355241736,0.025345205354720953,0.12747238267864258,-2.949029909160572e-17,-6.418476861114186e-17,0,0
1012,0.01723912810597649,0.4700005967846742,0.002675113796927482,0.12106381837289396,-3.382710778154774e-17,-4.163336342344337e-17,0,0
1013,0.496798710000979,0.6613560862132437,0.05590635542499806,0.1402019488679782,-6.591949208711867e-17,-2.6020852139652106e-18,0,0
1014,0.6529907869645695,0.7304053786579925,0.06965590470449806,0.15088117684344285,-7.632783294297951e-17,-1.734723475976807e-17,0,0
1015,0.672000747997061,0.7365924289372872,0.07133168449949874,0.15186542440629036,-4.466912950640278e-17,1.0408340855860843e-17,0,0
1016,0.6910116234179308,0.7427800061314465,0.07300339333974447,0.15286509712189253,5.5077470362263625e-17,-1.0581813203458523e-16,0,0
1017,0.7100260095125318,0.748966267973151,0.07467184319138258,0.15387917323664838,6.071532165918825e-18,-5.724587470723463e-17,0,0
1018,0.7290386086355379,0.7551527174763036,0.07633707829059388,0.15490730063083652,-1.3010426069826053e-17,-1.1796119636642288e-16,0,0
1019,0.7480514858829258,0.7613403571000303,0.077999782510864,0.1559489876568827,5.204170427930421e-17,4.683753385137379e-17,0,0
1020,0.7670652271134033,0.7675272335182537,0.07966049797943332,0.15700321292003452,-3.7730235602495554e-17,1.0061396160665481e-16,0,0
1021,0.7860795575434345,0.7737139337066175,0.08131965596489503,0.15806944045519764,-2.2985086056692694e-17,1.734723475976807e-18,0,0
1022,0.8050959433892653,0.7798943071382342,0.08297784909438599,0.15914587066615485,5.767955557622884e-17,7.28583859910259e-17,0,0
1023,0.8282609195835238,0.8056466645638318,0.08494088379338659,0.1638834392594853,6.071532165918825e-17,6.938893903907228e-18,0,0
1024,0.847277068359622,0.8118342443426025,0.08660562358852726,0.1649872496108752,-8.153200337090993e-17,1.3704315460216776e-16,0,0
1025,0.8662934376426134,0.818021678730483,0.08827013265760113,0.16609989312837067,-5.074066167232161e-17,7.632783294297951e-17,0,0
1026,0.8853100393555643,0.8242091056725568,0.08993477544976944,0.16722082447620779,8.413408858487514e-17,7.112366251504909e-17,0,0
1027,0.9043269359374904,0.8303967195658246,0.09159993187911261,0.16834956415656221,-2.6020852139652106e-17,4.336808689942018e-17,0,0
1028,0.92224022155893,0.8362571752039504,0.09316941631614353,0.16942521479734912,1.9949319973733282e-17,-6.938893903907228e-18,0,0
1029,0.9493303811477768,0.8502569970911693,0.09554155280743194,0.17202535763504295,-1.3964523981613297e-16,-1.8041124150158794e-16,0,0
1030,0.9655560240227651,0.8604040895492127,0.09696553127734825,0.17391846281049358,1.0234868508263162e-16,9.71445146547012e-17,0,0
1031,0.9826794939758151,0.8700000360258888,0.09847237126039411,0.1757113730770463,4.336808689942018e-17,-2.6020852139652106e-17,0,0
1032,1.0,0.8799999999996841,0.1,0.1775828027431342,0.020580965609151177,2.949029909160572e-17,2,0
1033,0.3216486858328139,0.5861484146939041,0.039669094603001866,0.13076206173274393,-7.762887554996212e-17,-1.5439038936193583e-16,0,0
1034,0.3406491606659937,0.5923284365941558,0.041556639507321975,0.13132233570941002,6.245004513516506e-17,1.457167719820518e-16,0,0
1035,0.3596411266755991,0.5985010804044689,0.043414258533738814,0.13190806782404166,-4.7271214720367993e-17,-7.28583859910259e-17,0,0
1036,0.3786306494671473,0.6046886487491743,0.045244939206030205,0.1325232402332986,1.1709383462843448e-17,-4.163336342344337e-17,0,0
1037,0.3026430266367966,0.5799638298627808,0.03774875712540126,0.13022711240485008,2.5587171270657905e-17,5.898059818321144e-17,0,0
1038,0.2836404392677269,0.5737826288693739,0.035793005481604453,0.12971767907661685,-9.107298248878237e-18,-1.3010426069826053e-16,0,0
1039,0.2646339403128249,0.5675974411554692,0.03379766893933531,0.1292313468106376,3.0357660829594124e-17,6.938893903907228e-17,0,0
1040,0.2456225725587292,0.5614069625973026,0.031758878493471705,0.1287659653607234,1.7780915628762273e-17,3.8163916471489756e-17,0,0
1041,0.226613534568918,0.5552200255790676,0.029673359488765982,0.1283201927735783,-2.0816681711721685e-17,1.9081958235744878e-17,0,0
1042,0.2076039501759575,0.5490339746187991,0.027536775763888098,0.12789048131755473,-2.168404344971009e-17,1.2663481374630692e-16,0,0
1043,0.3976158829836558,0.6108799321713098,0.047051435192137905,0.13316601393894706,-3.469446951953614e-17,6.071532165918825e-17,0,0
1044,0.4166199934454443,0.6170624073050123,0.048838747490898164,0.13383355039107747,8.586881206085195e-17,1.9081958235744878e-16,0,0
1045,0.4356258235620527,0.6232471927978211,0.05060708629360719,0.13452783846295718,-7.719519468096792e-17,-2.2551405187698492e-17,0,0
1046,0.0,0.4600000000009417,0.0,0.11994626429065697,-0.021735765498254515,1.0408340855860843e-17,1,0
1047,0.4546319491715681,0.6294317236910107,0.05235835045503856,0.13524801020517638,-6.938893903907228e-17,-3.122502256758253e-17,0,0
1048,0.4736377808576258,0.6356178288349352,0.05409428510007356,0.1359938410822727,-1.474514954580286e-17,1.2663481374630692e-16,0,0
1049,0.4926424083846506,0.6418084762726683,0.055816392830988104,0.1367652651507861,-1.691355389077387e-17,6.418476861114186e-17,0,0
1050,0.5157960847111551,0.6675466227973508,0.0576285768686375,0.14101940641323393,-8.673617379884035e-18,4.163336342344337e-17,0,0
1051,0.5348040604959418,0.6737315091428331,0.05934118799704748,0.1418575667734948,4.380176776841438e-17,6.418476861114186e-17,0,0
1052,0.5538125011951928,0.679916264765761,0.061044268993625896,0.14271690393721143,-2.6454533008646308e-17,1.196959198423997e-16,0,0
1053,0.5728169134555147,0.6861005902121716,0.06273844722916204,0.14359672743133425,-5.594483210025203e-17,2.7755575615628914e-17,0,0
1054,0.5918226596643426,0.692289190132308,0.06442512328352852,0.14449711331265466,-8.890457814381136e-17,0.0,0,0
1055,0.6108260416022554,0.6984772475893211,0.06610487940958616,0.1454165139957677,5.767955557622884e-17,1.214306433183765e-16,0,0
1056,0.6298338129705376,0.704664046057971,0.0677791344485687,0.14635399930603074,-8.933825901280557e-17,1.734723475976807e-18,0,0
1057,0.6488441878974478,0.7108496975445036,0.06944844488840925,0.14730889706292263,5.551115123125783e-17,2.0816681711721685e-17,0,0
1058,0.8241107727247242,0.78608318084521,0.08463512796541732,0.16023466461118807,1.214306433183765e-17,-1.5092094240998222e-16,0,0
1059,0.9372625632608885,0.8398568400836623,0.0944881304910196,0.17008422310637622,6.245004513516506e-17,8.153200337090993e-17,0,0
1060,0.1274334221577162,0.5047425501060429,0.01828581416212142,0.12364387424760458,-3.5561831257524545e-17,-3.8163916471489756e-17,0,0
1061,0.1464328721720336,0.510914892449374,0.020707170913332653,0.12399850463939835,3.859759734048396e-17,-9.367506770274758e-17,0,0
1062,0.1654367978125669,0.5170992809617424,0.02305483687093083,0.12434777235172496,1.734723475976807e-17,-3.469446951953614e-17,0,0
1063,0.1085212146245899,0.4986681938923948,0.01579654110171664,0.12328426838895402,3.0357660829594124e-18,-5.0306980803327406e-17,0,0
1064,0.0874319846532542,0.4938377905221218,0.01289148859004202,0.12310197042054705,4.336808689942018e-19,-5.0306980803327406e-17,0,0
1065,0.1844484247106447,0.5232902519950113,0.025333419783536745,0.12469891617144983,9.974659986866641e-18,-2.2551405187698492e-17,0,0
1066,0.06838245623436504,0.4819179990069119,0.010311220398849175,0.1219423621392938,1.1275702593849246e-17,-4.85722573273506e-17,0,0
1067,0.05054503997284482,0.4710952180076893,0.0077853736431226315,0.12088079344702264,-2.6020852139652106e-18,5.551115123125783e-17,0,0
1068,0.03403222376018986,0.4579500016126375,0.00537035693020767,0.11951470637075097,-1.214306433183765e-17,-4.163336342344337e-17,0,0
1069,0.2034570656381529,0.5294779097081694,0.027546244013461542,0.12505756381187016,-4.466912950640278e-17,-1.7867651802561113e-16,0,0
1070,0.01614956002276063,0.4496584989611059,0.0025837358567398624,0.11872417198905941,1.3877787807814457e-17,-7.28583859910259e-17,0,0
1071,0.5116489851709163,0.6479934062700932,0.05752664870280033,0.13755969205449567,8.673617379884035e-18,2.42861286636753e-17,0,0
1072,0.6678548089036342,0.7170355511284675,0.07111325320096293,0.14828076494742304,-3.469446951953614e-17,1.9949319973733282e-17,0,0
1073,0.6868659517571258,0.7232215617467075,0.07277421275222475,0.14926887512585835,7.806255641895632e-17,-8.673617379884035e-18,0,0
1074,0.7058775434454216,0.7294076997971323,0.0744318973448875,0.15027252366397068,-9.497611030973019e-17,1.734723475976807e-17,0,0
1075,0.7248898263338089,0.7355941212004952,0.07608687131864422,0.15129103950875017,4.163336342344337e-17,1.1622647289044608e-16,0,0
1076,0.743902643955853,0.7417809950473622,0.07773963192144312,0.15232376627745595,-1.8214596497756474e-17,-8.847089727481716e-17,0,0
1077,0.7629160927458514,0.7479675663156982,0.07939067858457352,0.1533698841693816,-6.5052130349130266e-18,7.28583859910259e-17,0,0
1078,0.7819300903265474,0.7541540243280321,0.081040465359278,0.15442876166772165,3.209238430557093e-17,-2.6020852139652106e-17,0,0
1079,0.8009466327178605,0.7603332409452955,0.08268964379563437,0.15549839414833505,-7.068998164605489e-17,-8.500145032286355e-17,0,0
1080,0.8199615448734022,0.766520951625382,0.08433820419474078,0.15658110195890804,2.905661822261152e-17,1.700029006457271e-16,0,0
1081,0.8431270365717026,0.7922714055755664,0.08629220331320417,0.16133347970998296,0.0,-1.4051260155412137e-16,0,0
1082,0.8621436574615364,0.7984590441531751,0.08794938188696136,0.16244172080790564,1.0842021724855044e-17,-7.45931094670027e-17,0,0
1083,0.8811602895402803,0.8046465797242425,0.08960702147745747,0.1635588855202082,5.4643789493269423e-17,-8.673617379884035e-17,0,0
1084,0.900177174100362,0.8108342880653443,0.09126550295208354,0.16468452121419638,-3.5561831257524545e-17,5.0306980803327406e-17,0,0
1085,0.9191942350423896,0.8170219174084089,0.09292527082000454,0.16581794989646773,6.201636426617085e-17,-9.367506770274758e-17,0,0
1086,0.9357485913682624,0.8235944321051887,0.09437026108517849,0.16703263801471518,-5.551115123125783e-17,3.469446951953614e-18,0,0
1087,0.9506329972560505,0.8320985700064011,0.09566936998914781,0.1686161198140315,2.949029909160572e-17,6.938893903907228e-17,0,0
1088,0.965778742893158,0.8407393096324844,0.09699399212512352,0.1702292298753447,-6.678685382510707e-17,-1.3530843112619095e-16,0,0
1089,0.9827123339264615,0.8500674291397476,0.09847944233148287,0.17197382882161547,-2.862293735361732e-17,5.551115123125783e-17,0,0
1090,1.0,0.8599999999996314,0.1,0.1738349657247263,0.020577827151123884,4.336808689942018e-17,2,0
1091,0.3175029992312272,0.5665979232241509,0.039707610044117145,0.12761889644753535,6.938893903907228e-17,3.8163916471489756e-17,0,0
1092,0.3365078535235924,0.5727820666353205,0.041589251577759764,0.1281372275505441,-7.979727989493313e-17,-2.2551405187698492e-17,0,0
1093,0.3555110428624504,0.5789652046449586,0.04343957243026529,0.12868467103357353,2.5153490401663703e-17,-2.2551405187698492e-17,0,0
1094,0.3744958875780239,0.5851307269130442,0.04526050781943845,0.12925895592067582,-2.5153490401663703e-17,5.377642775528102e-17,0,0
1095,0.3934778015159318,0.5913245117526988,0.04705554517209475,0.1298674624771674,3.0357660829594124e-17,6.591949208711867e-17,0,0
1096,0.2985155178974904,0.5604148744481133,0.03779319212266402,0.12712894464547264,-8.543513119185775e-17,3.469446951953614e-17,0,0
1097,0.2795170769974178,0.5542403057784844,0.03583893033063101,0.1266684511921091,7.806255641895632e-18,1.7520707107365752e-16,0,0
1098,0.2605046327785069,0.5480484852011787,0.033840997329509265,0.12623198648052802,1.734723475976807e-18,-2.6020852139652106e-17,0,0
1099,0.2414755253511439,0.5418492181483393,0.03179445130821326,0.1258190590472301,-3.252606517456513e-17,-6.071532165918825e-17,0,0
1100,0.2224659583705796,0.5356641232350368,0.029698345690403898,0.12542943324278757,6.982261990806649e-17,-7.979727989493313e-17,0,0
1101,0.4124717747042902,0.5975156474516605,0.04882961661837572,0.13050428396691627,-4.7704895589362195e-17,-1.3530843112619095e-16,0,0
1102,0.4314775573022257,0.6037003040586321,0.05058515416473108,0.13116830228178367,8.239936510889834e-18,1.1449174941446927e-16,0,0
1103,0.4504835162602462,0.6098850090853725,0.05232304151778122,0.1318603367721297,6.071532165918825e-18,5.0306980803327406e-17,0,0
1104,0.0,0.4400000000008816,0.0,0.11769236017001668,-0.021846764152613732,-2.949029909160572e-17,1,0
1105,0.4694895357831493,0.616070139006795,0.054045240493306376,0.13257977328850942,-9.194034422677078e-17,-9.194034422677078e-17,0,0
1106,0.4884953690483109,0.6222559155296565,0.05575351994653063,0.13332590120256826,8.977193988179977e-17,-5.0306980803327406e-17,0,0
1107,0.5075018458477573,0.6284408402644139,0.05744959817812673,0.13409763025088783,-4.7704895589362195e-18,4.336808689942018e-17,0,0
1108,0.5306560188695938,0.6541780877420731,0.05922616478350952,0.1383774139106996,3.469446951953614e-18,-3.8163916471489756e-17,0,0
1109,0.5496635800991954,0.6603621337229171,0.06091617009340195,0.13921758657271435,-4.423544863740858e-17,-2.42861286636753e-17,0,0
1110,0.5686690216939868,0.6665466481276852,0.06259750790834286,0.1400796717766514,9.367506770274758e-17,3.642919299551295e-17,0,0
1111,0.5876741963788074,0.6727339476201795,0.06427132981959377,0.14096328323518234,6.938893903907228e-17,0.0,0,0
1112,0.6066778482067238,0.6789220181048121,0.06593846604218531,0.14186727598690688,-9.367506770274758e-17,-1.3530843112619095e-16,0,0
1113,0.6256861168437444,0.6851081854098654,0.0676003369707558,0.1427903071125586,6.808789643208968e-17,-2.7755575615628914e-17,0,0
1114,0.6446959005959956,0.6912936831477505,0.06925739901736973,0.14373186314583372,8.370040771588094e-17,-4.5102810375396984e-17,0,0
1115,0.6637062664857509,0.6974789998454218,0.07091025588477042,0.14469127686600303,-1.0842021724855044e-16,-7.979727989493313e-17,0,0
1116,0.838977273901337,0.7727091628841023,0.0859868125388654,0.15767473890581205,-4.5102810375396984e-17,1.5395670849294163e-16,0,0
1117,0.1232965906203719,0.4851925328197998,0.018195707024135237,0.12112512450235452,-3.0791341698588326e-17,0.0,0,0
1118,0.1422947728811932,0.4913609110288597,0.02066522456592581,0.12141209397556924,4.5102810375396984e-17,1.214306433183765e-17,0,0
1119,0.1612999002510533,0.4975473514936871,0.023052201368592824,0.1216938240335905,-4.683753385137379e-17,-1.9081958235744878e-17,0,0
1120,0.180302300662576,0.5037358593254521,0.02536056012303145,0.12197751233583438,8.673617379884035e-19,2.0816681711721685e-17,0,0
1121,0.104247653107413,0.4789673082894951,0.015634282444560714,0.12081310376023131,-2.6020852139652106e-17,5.204170427930421e-18,0,0
1122,0.1993103868732188,0.5099226703326881,0.027596778494347107,0.12226999148671537,-1.0408340855860843e-17,8.153200337090993e-17,0,0
1123,0.08523435503942164,0.4727796787473049,0.012981132662431569,0.12048159322177335,-3.469446951953614e-17,1.0408340855860843e-17,0,0
1124,0.06631207437642526,0.4634687580723172,0.01030980879970539,0.11972025843755257,1.2576745200831851e-17,-5.204170427930421e-18,0,0
1125,0.04965706728589583,0.4551747502388809,0.007860487536279864,0.11901348454476225,4.7704895589362195e-18,-8.673617379884035e-17,0,0
1126,0.02875544890351159,0.4400961875692074,0.004689055182102862,0.11755258506612717,-5.204170427930421e-18,-4.5102810375396984e-17,0,0
1127,0.2183184992960032,0.5161088916188684,0.02976557762785174,0.12257787149257057,-3.903127820947816e-17,3.469446951953614e-18,0,0
1128,0.0173205080757259,0.4300000000008601,0.0028899656204871126,0.1165614168500144,0.0,-3.2959746043559335e-17,0,0
1129,0.5265082656430332,0.6346254979484978,0.05913484232097299,0.13489423713196752,3.2959746043559335e-17,-6.071532165918825e-18,0,0
1130,0.6827172979909774,0.7036643708661068,0.07255955369940482,0.14566783242631182,1.3530843112619095e-16,-2.0816681711721685e-17,0,0
1131,0.70172755547971,0.7098503508275322,0.07420575602796219,0.14666089780503708,-2.5153490401663703e-17,-6.071532165918825e-17,0,0
1132,0.7207390589720337,0.7160374693040814,0.07584959425309672,0.1476698254644382,-4.7704895589362195e-17,-1.0581813203458523e-16,0,0
1133,0.7397530551707173,0.7222233225489723,0.07749171413374711,0.14869343752233397,1.5785983631388945e-16,1.0234868508263162e-16,0,0
1134,0.7587668426224738,0.7284083719450184,0.07913236132466776,0.14973113328687887,-1.201296007113939e-16,-1.6306400674181987e-16,0,0
1135,0.7777803717450819,0.7345940805880222,0.08077198858401155,0.15078249269721164,7.806255641895632e-17,4.683753385137379e-17,0,0
1136,0.7967965212587101,0.7407740799321885,0.08241132596644914,0.15184562960558648,-6.158268339717665e-17,1.214306433183765e-17,0,0
1137,0.8158118839228179,0.7469605548037537,0.08405044372202775,0.15292217855031412,3.903127820947816e-17,-1.3877787807814457e-17,0,0
1138,0.8348279368266607,0.7531462216383283,0.0856899214044825,0.15401011030517853,4.0766001685454967e-17,-9.020562075079397e-17,0,0
1139,0.857993712499591,0.7788959499601835,0.0876358609990765,0.15877832566117064,-1.734723475976807e-17,-5.4643789493269423e-17,0,0
1140,0.8770104335423952,0.7850837610707307,0.08928569992257211,0.1598917071421093,-6.158268339717665e-17,1.734723475976807e-18,0,0
1141,0.8960272951943975,0.7912713329923406,0.09093669094389774,0.16101405846740482,5.637851296924623e-18,1.734723475976807e-17,0,0
1142,0.9150444297793913,0.7974588479606113,0.09258912739846879,0.1621449383022445,7.546047120499111e-17,3.469446951953614e-18,0,0
1143,0.9336566617248329,0.8036788091305764,0.09420812464299053,0.1632897023714031,-6.635317295611287e-17,9.540979117872439e-17,0,0
1144,0.9500431220994037,0.8123342241154095,0.09563283668509825,0.16490116312965666,7.806255641895632e-17,-1.1622647289044608e-16,0,0
1145,0.9663097149694941,0.820900973769029,0.0970509418559326,0.1665009148010961,-2.688821387764051e-17,7.112366251504909e-17,0,0
1146,0.9827621579464587,0.8301471100916651,0.09848869138953283,0.16823281212986083,6.505213034913027e-17,-1.0408340855860843e-16,0,0
1147,1.0,0.8399999999995788,0.1,0.17008173992195966,0.020572984190412036,-7.45931094670027e-17,2,0
1148,0.3323657822622717,0.55323473382102,0.041661086325567274,0.12496420153357485,1.9081958235744878e-17,2.42861286636753e-17,0,0
1149,0.31338140275205,0.5470476962718525,0.03978927903155414,0.12449058895401469,-1.3877787807814457e-17,1.734723475976807e-17,0,0
1150,0.3513663931566611,0.559415319390661,0.043501641703873564,0.12546853720810267,3.252606517456513e-17,-7.112366251504909e-17,0,0
1151,0.3703668539099725,0.5655979512966067,0.04531255324717814,0.12600559223017294,-3.903127820947816e-17,-1.0928757898653885e-16,0,0
1152,0.3893516319341527,0.5717702081003556,0.04709583711125178,0.12657337756745138,8.673617379884035e-18,-3.2959746043559335e-17,0,0
1153,0.4083379430239275,0.5779580857211308,0.048855640697283806,0.1271754861598717,-6.5052130349130266e-18,-1.5612511283791264e-17,0,0
1154,0.2944035715642443,0.5408658777808418,0.037880949453045355,0.124049474717987,1.9949319973733282e-17,-7.45931094670027e-17,0,0
1155,0.2754164569026066,0.5346961485942923,0.03592980242604736,0.1236416068329456,-3.903127820947816e-18,-5.898059818321144e-17,0,0
1156,0.2563492058061937,0.5284855536139887,0.033924525466727286,0.123259267908593,6.071532165918825e-18,-6.245004513516506e-17,0,0
1157,0.2373320374714019,0.5222947786073903,0.031873153823352846,0.12290595828487992,-3.9898639947466563e-17,2.6020852139652106e-17,0,0
1158,0.4273328818106854,0.5841486748163871,0.050595655000764135,0.12780892325470725,-2.211772431870429e-17,3.642919299551295e-17,0,0
1159,0.4463360012887717,0.5903344605453236,0.05231837916249135,0.12847164455367405,6.852157730108388e-17,-6.071532165918825e-17,0,0
1160,0.04411417103895604,0.4413988416672508,0.007166039742289291,0.11750984255005542,-3.382710778154774e-17,-1.9081958235744878e-17,0,0
1161,0.4653415223114996,0.5965187299070503,0.05402531849746621,0.12916352201610828,4.683753385137379e-17,-1.0061396160665481e-16,0,0
1162,0.0,0.4200000000008387,0.0,0.11556764476706377,-0.02198586239393562,6.938893903907228e-18,1,0
1163,0.4843460351772072,0.6027030438095247,0.05571804581365038,0.12988400263079455,4.380176776841438e-17,-1.457167719820518e-16,0,0
1164,0.5033530004261795,0.6088885657336739,0.05739860776528559,0.13063227634854274,-4.8138576458356397e-17,-1.4224732503009818e-16,0,0
1165,0.5223613737175565,0.6150738445408712,0.05906848118688352,0.131407128452527,6.114900252818245e-17,-4.85722573273506e-17,0,0
1166,0.5455143143222706,0.640809916560145,0.0608105262961363,0.13571486624156473,-1.734723475976807e-17,2.5153490401663703e-17,0,0
1167,0.5645201372853582,0.6469933835815894,0.06247785105308585,0.13655850178096898,0.0,0.0,0,0
1168,0.5835264978605184,0.6531795437139425,0.06413789519879784,0.13742492957247007,2.6020852139652106e-17,-2.6020852139652106e-17,0,0
1169,0.6025322373917583,0.659365695430158,0.06579154966723598,0.1383127985871793,-6.114900252818245e-17,8.673617379884035e-18,0,0
1170,0.6215387405147108,0.6655527973813422,0.06743979925460543,0.13922141131586172,4.423544863740858e-17,-2.42861286636753e-17,0,0
1171,0.640547722029794,0.6717382015017543,0.06908361270590867,0.14014941034199538,-6.765421556309548e-17,2.2551405187698492e-17,0,0
1172,0.6595575627794577,0.6779232687804472,0.0707235435791406,0.14109623914019456,2.6020852139652106e-18,7.112366251504909e-17,0,0
1173,0.6785684547732315,0.6841077090148118,0.07236026788406157,0.14206103071108409,3.209238430557093e-17,-8.673617379884035e-17,0,0
1174,0.8538440456527604,0.7593338275156309,0.08733009162959718,0.1551093010010723,4.163336342344337e-17,-1.3877787807814457e-17,0,0
1175,0.1191395384156873,0.4656133071457115,0.018131943485818012,0.11868379444795142,3.8163916471489756e-17,-1.9081958235744878e-17,0,0
1176,0.1381418912537605,0.4718060328988718,0.020656219308499372,0.11889908631117986,-2.7321894746634712e-17,-9.367506770274758e-17,0,0
1177,0.157152960218723,0.4779946122205077,0.023088193577169003,0.11910495917833404,0.0,5.551115123125783e-17,0,0
1178,0.1761598218266357,0.4841817011511405,0.02543161489021912,0.11931295351803287,-1.0408340855860843e-17,-2.42861286636753e-17,0,0
1179,0.1951662058859963,0.4903681788304218,0.027693337035868935,0.11953181148721351,-2.3418766925686896e-17,-2.0816681711721685e-17,0,0
1180,0.1001058045547941,0.4594141724872203,0.015502235416459743,0.11845076684397825,-1.734723475976807e-17,1.214306433183765e-17,0,0
1181,0.2141835123228435,0.4965536832902262,0.029881386124538712,0.11976817897704888,-3.0357660829594124e-18,-3.9898639947466563e-17,0,0
1182,0.08108739345128055,0.4532211310011378,0.01277419537075736,0.11818479344663035,-1.2576745200831851e-17,1.734723475976807e-17,0,0
1183,0.06207334446048106,0.4470323766454465,0.00994022165411204,0.11786369453850173,-3.165870343657673e-17,2.2551405187698492e-17,0,0
1184,0.0360843343610106,0.4223089036105673,0.0061025037126027125,0.11554812561420073,-3.382710778154774e-17,-5.204170427930421e-18,0,0
1185,0.2332116984299824,0.5027428855444968,0.03200205582626466,0.12002832175613834,-2.168404344971009e-17,-3.469446951953614e-18,0,0
1186,0.01756481828958059,0.4104256009755041,0.003054711449243434,0.11452797921599786,2.3418766925686896e-17,-6.938893903907228e-18,0,0
1187,0.5413669569715189,0.6212580489089887,0.060728672140899886,0.13220750021076152,-1.214306433183765e-17,-1.474514954580286e-17,0,0
1188,0.6975792430868969,0.6902927735659448,0.07399427635915279,0.1430432336594028,-3.642919299551295e-17,9.237402509576498e-17,0,0
1189,0.7165870184675184,0.6964805301119954,0.0756258595612686,0.14404248576272854,1.0842021724855044e-17,4.5102810375396984e-17,0,0
1190,0.7355994980679346,0.7026675868413418,0.07725625221742817,0.14505733074428157,-9.020562075079397e-17,-7.45931094670027e-17,0,0
1191,0.754615480566144,0.7088522118972713,0.07888584528680471,0.14608672269450587,2.688821387764051e-17,1.2663481374630692e-16,0,0
1192,0.773630347142612,0.7150351712768876,0.08051468914507848,0.14713011731610076,-6.245004513516506e-17,5.204170427930421e-18,0,0
1193,0.7926430621053258,0.7212185694864821,0.08214312680555187,0.1481872104781872,1.1275702593849246e-17,2.42861286636753e-17,0,0
1194,0.8116604839143701,0.7274037485638392,0.08377217537397791,0.14925753323360882,5.4643789493269423e-17,-7.112366251504909e-17,0,0
1195,0.8306767590746548,0.7335873256619297,0.0854017573993756,0.15033980412763048,-1.214306433183765e-17,-1.214306433183765e-17,0,0
1196,0.8496938396475804,0.7397728434089008,0.08703242643871205,0.15143401822552213,-1.3010426069826053e-18,-4.683753385137379e-17,0,0
1197,0.872860545594726,0.7655210071152887,0.08897136599534505,0.15621868921917859,-5.551115123125783e-17,1.1579279202145187e-16,0,0
1198,0.8918773266745113,0.7717085061223168,0.09061412636359831,0.15733778687945416,3.2959746043559335e-17,-1.0234868508263162e-16,0,0
1199,0.9108830767172673,0.7778968093973516,0.09225773255429477,0.15846607666913623,3.209238430557093e-17,-2.2551405187698492e-17,0,0
1200,0.9298441315145489,0.7840887554822729,0.09389944972303595,0.15960356720281635,-1.249000902703301e-16,-2.0816681711721685e-17,0,0
1201,0.94834746609236,0.7914411192216215,0.09550303767979548,0.1609675153453168,1.1449174941446927e-16,6.938893903907228e-17,0,0
1202,0.9658694577639801,0.800426505175249,0.0970239114728529,0.16264663396929707,-1.205632815803881e-16,2.7755575615628914e-17,0,0
1203,0.9827228803284097,0.8100754326825386,0.09849093124928876,0.16445659043200384,7.19910242530375e-17,1.1275702593849246e-16,0,0
1204,1.0,0.8199999999995261,0.1,0.16632225906689446,0.020567207801696907,5.204170427930421e-18,2,0
1205,0.3472315991432654,0.5398670613064445,0.04360580656503403,0.12226141518106746,-3.859759734048396e-17,1.734723475976807e-18,0,0
1206,0.3282525731573496,0.5336808737388197,0.04177893743259762,0.1218013453269965,5.551115123125783e-17,-8.673617379884035e-17,0,0
1207,0.3092717831949501,0.5275034948931748,0.03991632450859319,0.12137858483138718,1.6479873021779667e-17,2.6020852139652106e-17,0,0
1208,0.3662218923877427,0.5460492529816379,0.04540272496310428,0.12275617413664594,-7.37257477290143e-18,9.194034422677078e-17,0,0
1209,0.385221565323316,0.552230953860034,0.04717301789153042,0.12328586290831865,-2.7755575615628914e-17,3.642919299551295e-17,0,0
1210,0.4042085689162567,0.5584048396337746,0.048917908742651776,0.1238491886080204,3.2959746043559335e-17,-1.214306433183765e-17,0,0
1211,0.4231963044537855,0.5645927368279109,0.050641196431388896,0.12444875725229496,-1.1709383462843448e-17,-2.949029909160572e-17,0,0
1212,0.2902997594423332,0.5213372705264039,0.03801454737571371,0.12099284437387073,-4.7271214720367993e-17,-1.214306433183765e-17,0,0
1213,0.271254077141797,0.5151391156803253,0.03606070963265178,0.12063919689123731,1.6479873021779667e-17,2.949029909160572e-17,0,0
1214,0.2521979919494032,0.5089293900554219,0.03405568125621555,0.12031747635875668,1.734723475976807e-18,2.42861286636753e-17,0,0
1215,0.4421893940100687,0.5707838414242068,0.05234624976341985,0.12508163744523476,-6.5052130349130266e-18,-1.0928757898653885e-16,0,0
1216,0.4611937548380324,0.5769680377010564,0.05403619452520693,0.12574488385841973,-4.336808689942018e-18,1.5785983631388945e-16,0,0
1217,0.0574949826885898,0.4276529942629444,0.00956586669921598,0.11576786093904212,-1.3010426069826053e-17,-5.724587470723463e-17,0,0
1218,0.4801971639625702,0.5831521719538539,0.055711773134012516,0.12643890641772282,-1.1709383462843448e-17,1.8214596497756474e-16,0,0
1219,0.0,0.4000000000007742,0.0,0.11357871910720761,-0.022087794539851626,-2.949029909160572e-17,1,0
1220,0.4992046967442916,0.5893380618958891,0.0573752936549648,0.1271628181614462,-9.237402509576498e-17,1.2663481374630692e-16,0,0
1221,0.5182163577096701,0.5955238092898816,0.059028446771650006,0.12791515348003468,-4.2934406030425976e-17,1.6479873021779667e-16,0,0
1222,0.5372202151057295,0.6017067286522931,0.06067164457178872,0.12869450704980637,2.168404344971009e-18,1.3877787807814457e-17,0,0
1223,0.5603724010356121,0.6274420366606016,0.062380661006496314,0.13303249821878535,3.469446951953614e-17,-1.5178830414797062e-17,0,0
1224,0.5793780517578895,0.6336267943104534,0.06402557997522922,0.13388131791956298,-5.4643789493269423e-17,-4.163336342344337e-17,0,0
1225,0.5983848472990851,0.6398118044737149,0.06566452381843722,0.13475288553468037,6.071532165918825e-18,1.3357370765021415e-16,0,0
1226,0.6173913943100389,0.6459981392940749,0.06729825265876481,0.13564647710494665,-1.6479873021779667e-17,-2.0816681711721685e-17,0,0
1227,0.6363996450719812,0.6521834078875269,0.06892778642071246,0.13656069859634917,5.4643789493269423e-17,2.42861286636753e-17,0,0
1228,0.6554086162357853,0.6583681084020602,0.07055376429815687,0.13749475602258435,-5.724587470723463e-17,-1.734723475976807e-17,0,0
1229,0.674418416556189,0.6645529107708847,0.07217685887514623,0.1384478991263027,-3.729655473350135e-17,1.0755285551056204e-16,0,0
1230,0.6934300505204141,0.6707363387298786,0.07379778592095475,0.13941899492214913,1.1709383462843448e-17,5.0306980803327406e-17,0,0
1231,0.8687106334263774,0.7459585606245203,0.08866447718369444,0.15253920117541295,-9.020562075079397e-17,-8.283304597789254e-17,0,0
1232,0.1149852195799423,0.4460633444415708,0.018098180487906894,0.11633943563886953,8.673617379884035e-18,-8.673617379884035e-17,0,0
1233,0.1339978973242074,0.4522573120980663,0.020687659407794715,0.11646837472888501,1.6046192152785466e-17,-1.9081958235744878e-17,0,0
1234,0.1530051110825724,0.4584459194844551,0.023168913251849277,0.11658884138913524,-8.673617379884035e-19,-5.724587470723463e-17,0,0
1235,0.1720121286163279,0.4646290766035568,0.025550806450804875,0.11671158690236072,-4.597017211338539e-17,-1.0061396160665481e-16,0,0
1236,0.1910221671566101,0.4708151356784219,0.027841174899488782,0.11684777785893559,2.168404344971009e-17,4.683753385137379e-17,0,0
1237,0.2100461407425991,0.4770022009129993,0.03004935391708496,0.1170048703396972,6.5052130349130266e-18,5.204170427930421e-18,0,0
1238,0.09596991315762034,0.4398669544260051,0.01539610065186594,0.11618717367712733,-3.0357660829594124e-18,-3.469446951953614e-17,0,0
1239,0.2290997351128558,0.4831867401197233,0.03218510401754752,0.11718793313918606,-4.5102810375396984e-17,-6.765421556309548e-17,0,0
1240,0.07695125089374577,0.4336684058661495,0.012577081750637936,0.11599482381002908,-1.3444106938820255e-17,-1.0061396160665481e-16,0,0
1241,0.05388785649382057,0.4079458110063766,0.009364062651161312,0.11374002993504143,1.9081958235744878e-17,-6.418476861114186e-17,0,0
1242,0.03505152329763552,0.399886153547147,0.006228853588950861,0.11329023300536041,-2.2551405187698492e-17,-1.3357370765021415e-16,0,0
1243,0.2481157884509995,0.4893928408667221,0.03424684844167556,0.11740792369884771,9.974659986866641e-18,1.5612511283791264e-17,0,0
1244,0.01693254400311152,0.3903585486928374,0.00308845376766165,0.11260176208230067,1.3877787807814457e-17,-9.540979117872439e-17,0,0
1245,0.5562252547095237,0.6078906812689551,0.062306962175712445,0.1295002881882143,-2.0816681711721685e-17,-9.540979117872439e-18,0,0
1246,0.7124368012668798,0.6769236791774282,0.07541647234380026,0.140408270214895,2.7755575615628914e-17,3.903127820947816e-18,0,0
1247,0.7314480645538992,0.6831125168325306,0.07703429671105241,0.1414143926429186,-6.158268339717665e-17,1.734723475976807e-18,0,0
1248,0.7504632664311354,0.6892961400312309,0.07865174440997846,0.14243533907759845,1.196959198423997e-16,2.0816681711721685e-17,0,0
1249,0.7694796881273867,0.6954779856300062,0.08026900561223087,0.14347102438805917,-4.336808689942018e-17,-2.1684043449710089e-16,0,0
1250,0.7884956858764876,0.7016620692735279,0.08188634879442129,0.1445214899404457,6.331740687315346e-17,6.418476861114186e-17,0,0
1251,0.8075089173021484,0.707846591141313,0.08350400699202444,0.1455857031444327,-6.505213034913027e-17,-9.020562075079397e-17,0,0
1252,0.82652507360558,0.714031566496452,0.08512288214168759,0.14666294146625725,-2.5153490401663703e-17,1.6479873021779667e-16,0,0
1253,0.8455416559371662,0.7202175979761236,0.08674315367876338,0.1477526499740491,-6.071532165918825e-18,1.196959198423997e-16,0,0
1254,0.8645582707070242,0.7263996704388772,0.08836518686473886,0.14885320868374552,-5.334274688628682e-17,5.551115123125783e-17,0,0
1255,0.8877273476423613,0.7521457463372874,0.09029826973317144,0.153654996290927,1.491862189340054e-16,8.630249292984615e-17,0,0
1256,0.9067442131718002,0.7583330895132833,0.09193425294467944,0.15478048620665652,-4.5536491244391186e-17,-7.806255641895632e-17,0,0
1257,0.9257290466539017,0.7646333834845138,0.09356981389924802,0.1559362572062827,-9.540979117872439e-18,2.42861286636753e-17,0,0
1258,0.9453812037290754,0.7715009023467765,0.09526540785047213,0.15720718513071688,2.862293735361732e-17,-1.3530843112619095e-16,0,0
1259,0.964508883461116,0.7801129579306842,0.09691829198137122,0.15881529239813225,1.474514954580286e-17,7.979727989493313e-17,0,0
1260,0.9826794919242662,0.7899999999994541,0.09849316435447418,0.16067227078353086,-2.6020852139652106e-17,-7.28583859910259e-17,0,0
1261,1.0,0.7999999999994734,0.1,0.16255558188673838,0.020560651492615968,-6.938893903907228e-18,2,0
1262,0.3620835169475397,0.5264994555259896,0.0455362155420546,0.11951190978547946,-2.42861286636753e-17,-2.2551405187698492e-17,0,0
1263,0.3431127848967933,0.5203126877845595,0.04375647052293141,0.1190611911311931,-4.423544863740858e-17,7.28583859910259e-17,0,0
1264,0.3241307230742146,0.5141374702707386,0.04194219358245909,0.118652320847177,2.905661822261152e-17,6.938893903907228e-17,0,0
1265,0.3051545724300852,0.5079703323650888,0.04009066513782264,0.11828441990361102,-2.949029909160572e-17,2.7755575615628914e-17,0,0
1266,0.381076046727779,0.5326845848867667,0.04728933328746085,0.12000055970755447,2.5587171270657905e-17,-3.122502256758253e-17,0,0
1267,0.4000756703846277,0.538865175081111,0.04901798755097064,0.12052619703784515,-2.168404344971009e-17,-5.204170427930421e-17,0,0
1268,0.41906383256847,0.5450393406969847,0.0507235945650424,0.12108797486634434,6.071532165918825e-18,-6.938893903907228e-18,0,0
1269,0.4380531922691464,0.5512299240976506,0.052409764904505475,0.12168834319228229,1.9949319973733282e-17,6.418476861114186e-17,0,0
1270,0.286148937349574,0.5017900023696344,0.038193601584411804,0.11795519386906532,-4.336808689942018e-18,2.7755575615628914e-17,0,0
1271,0.2671073997685077,0.4955943679688046,0.0362445553182869,0.11766401254941232,-1.3010426069826053e-17,-9.367506770274758e-17,0,0
1272,0.4570468014096947,0.557418280849444,0.0540798175068832,0.12232269866333174,-8.283304597789254e-17,-5.377642775528102e-17,0,0
1273,0.4760504067417126,0.5636019354304915,0.0557365798567467,0.12298913553847254,3.382710778154774e-17,-6.418476861114186e-17,0,0
1274,0.0728354614639834,0.414134222126641,0.012403499638981363,0.1139282368829144,8.673617379884035e-18,-6.245004513516506e-17,0,0
1275,0.4950542436503942,0.5697873439073052,0.05738096357673276,0.12368776095163095,3.209238430557093e-17,-9.540979117872439e-17,0,0
1276,0.0,0.3800000000007314,0.0,0.11175116992880252,-0.02222558692966596,-3.469446951953614e-18,1,0
1277,0.5140613795397282,0.5759734366810957,0.05901504335366956,0.12441699609767999,1.3444106938820255e-17,-1.1275702593849246e-16,0,0
1278,0.5330711060001495,0.5821571683191666,0.060640365828210856,0.12517499211178687,8.716985466783456e-17,-5.898059818321144e-17,0,0
1279,0.552078190746913,0.5883384731468089,0.062257818845573215,0.12596057583938972,-8.196568423990414e-17,-2.7755575615628914e-17,0,0
1280,0.5752309045859183,0.6140748761095226,0.0639355313916868,0.13033126001498452,1.734723475976807e-18,-4.7704895589362195e-17,0,0
1281,0.5942370739388064,0.6202595467924117,0.06555838345956483,0.1311863906721494,-7.849623728795052e-17,3.469446951953614e-18,0,0
1282,0.6132439593876879,0.62644432504495,0.06717647178323055,0.1320645657797385,4.163336342344337e-17,6.938893903907228e-18,0,0
1283,0.6322516335269948,0.6326292057068523,0.0687906376507255,0.13296477267025938,-8.673617379884035e-19,9.020562075079397e-17,0,0
1284,0.6512599844238054,0.6388140220296702,0.07040162497556823,0.13388600199393763,1.214306433183765e-17,9.540979117872439e-17,0,0
1285,0.670269361146377,0.6449989316359775,0.07201014238276425,0.13482733614110567,3.2959746043559335e-17,-1.0755285551056204e-16,0,0
1286,0.6892789580001728,0.6511835862313037,0.07361674170868196,0.13578780844218682,6.071532165918825e-18,-1.5265566588595902e-16,0,0
1287,0.7082897554303216,0.6573694619554743,0.0752220613851753,0.13676680601419075,-3.5561831257524545e-17,5.724587470723463e-17,0,0
1288,0.8835767549293259,0.7325840550213859,0.08998947978752872,0.14996513074349446,9.8879238130678e-17,-1.3444106938820255e-17,0,0
1289,0.1108456913189854,0.4265108271313616,0.018106586578246,0.114096632255813,-3.729655473350135e-17,-6.245004513516506e-17,0,0
1290,0.1298521234983022,0.4327056113850246,0.020764501090047485,0.11412972214292566,-4.336808689942018e-19,4.85722573273506e-17,0,0
1291,0.1488586660655851,0.4388917990659014,0.02330164875921422,0.11415223292741307,-5.724587470723463e-17,1.734723475976807e-17,0,0
1292,0.1678658623219557,0.4450772264561076,0.02572579606574219,0.11417958483120035,-2.0383000842727483e-17,9.367506770274758e-17,0,0
1293,0.1868723114486849,0.4512625938256739,0.028046331878485292,0.11422309809785355,-1.8648277366750676e-17,-2.7755575615628914e-17,0,0
1294,0.2058774777492271,0.4574474628679755,0.030272705587831857,0.1142919255628644,7.806255641895632e-18,-5.551115123125783e-17,0,0
1295,0.2249271375086928,0.4636467294614852,0.03241938603914117,0.11439331902712391,8.239936510889834e-18,1.9081958235744878e-17,0,0
1296,0.09183609282303276,0.4203185471990349,0.015320089683981998,0.1140369695509919,-1.431146867680866e-17,-1.1102230246251565e-16,0,0
1297,0.2439898671714661,0.4698577012814709,0.03449116923424819,0.11453341726537516,-9.584347204771859e-17,-6.938893903907228e-18,0,0
1298,0.05008439695695744,0.3883245255768,0.009121451394171868,0.11188544964274755,-3.642919299551295e-17,-7.979727989493313e-17,0,0
1299,0.06868720771587639,0.3945942748766582,0.012242159220956941,0.11199968333289291,-2.7321894746634712e-17,-4.336808689942018e-17,0,0
1300,0.03275207583977384,0.3798994023152116,0.006122953980445096,0.11145614669411723,2.6020852139652106e-17,1.5612511283791264e-17,0,0
1301,0.2630064581795132,0.4760485565001975,0.036490818462969504,0.1147134823535375,5.160802341031001e-17,7.979727989493313e-17,0,0
1302,0.01647979930795699,0.3705651211486116,0.003166967742442087,0.11086848756845291,7.806255641895632e-18,-6.938893903907228e-17,0,0
1303,0.5710839870985196,0.5945219542239879,0.06386866743351133,0.12677331178633666,8.326672684688674e-17,7.849623728795052e-17,0,0
1304,0.7272995045246449,0.6635586261636504,0.0768264114116288,0.13776389956127041,4.5102810375396984e-17,6.071532165918825e-17,0,0
1305,0.7463102506969032,0.6697433936889821,0.07843052109918647,0.13877680464909803,-4.9439619065339e-17,-5.724587470723463e-17,0,0
1306,0.765326616574546,0.6759231452972532,0.08003523679409433,0.13980457979720556,3.2959746043559335e-17,1.717376241217039e-16,0,0
1307,0.7843463949278342,0.6821023812156791,0.0816407592664211,0.14084734498246698,-1.5699247457590104e-16,5.551115123125783e-17,0,0
1308,0.8033604593238104,0.6882887900366115,0.08324666766177062,0.14190588403638157,8.673617379884035e-17,1.5959455978986625e-16,0,0
1309,0.8223740052602262,0.6944740265107123,0.08485386040640573,0.14297786998035242,-6.288372600415926e-17,-7.979727989493313e-17,0,0
1310,0.8413886201449159,0.7006601091247956,0.08646285181685137,0.14406298268866086,1.951563910473908e-17,-8.847089727481716e-17,0,0
1311,0.8604037064385528,0.7068440077322939,0.08807399429428837,0.14515995764943035,7.45931094670027e-17,-3.469446951953614e-18,0,0
1312,0.879423383511291,0.7130253727996066,0.08968800628116808,0.14626803392820698,1.474514954580286e-17,-6.071532165918825e-17,0,0
1313,0.9025942057447232,0.7387702017446341,0.0916160549425832,0.15108776861664366,-9.367506770274758e-17,-2.0383000842727483e-17,0,0
1314,0.9216113207529668,0.7449575431521019,0.09324545586969712,0.1522202122573893,-2.0383000842727483e-17,1.2663481374630692e-16,0,0
1315,0.9405126219150075,0.7518161142969549,0.09486717216533211,0.15348891449165283,6.288372600415926e-17,0.0,0,0
1316,0.9623165367071221,0.7573353648602287,0.09674500837381167,0.1545099995404178,-6.071532165918825e-17,-2.0816681711721685e-17,0,0
1317,0.9827092441506624,0.7699484236874978,0.09850260939476509,0.1568843498129272,1.9949319973733282e-17,-6.418476861114186e-17,0,0
1318,1.0,0.7799999999994207,0.1,0.15878121640999143,0.0205534381467606,3.122502256758253e-17,2,0
1319,0.3769301010709566,0.5131374016518095,0.04744938322918742,0.11671698772688975,-5.4643789493269423e-17,-3.469446951953614e-18,0,0
1320,0.3579576881236304,0.5069452524449439,0.04571732263981118,0.11627098424548388,1.8214596497756474e-17,4.163336342344337e-17,0,0
1321,0.3389853233483228,0.5007618985857613,0.043954768281378016,0.11586947009265255,-8.239936510889834e-18,-3.469446951953614e-17,0,0
1322,0.3200085706044673,0.4946028898658097,0.04215605778632826,0.11551613287642487,5.637851296924623e-18,-7.45931094670027e-17,0,0
1323,0.3010132626384716,0.4884273422484598,0.040315906412163934,0.11520522332297967,-1.3444106938820255e-17,-5.377642775528102e-17,0,0
1324,0.395930678651332,0.5193200449689233,0.04915835136591781,0.11720221245630963,2.862293735361732e-17,7.632783294297951e-17,0,0
1325,0.4149246284668288,0.5254974717284775,0.050844121910445315,0.11772711190969688,-7.806255641895632e-18,6.938893903907228e-18,0,0
1326,0.43391645522872,0.5316808945840176,0.0525099590231281,0.11829208295247852,-5.767955557622884e-17,3.8163916471489756e-17,0,0
1327,0.4529038811364308,0.5378687798251072,0.05415853741706881,0.11889534653169966,-2.688821387764051e-17,4.5102810375396984e-17,0,0
1328,0.2820051029539979,0.4822400534994045,0.038428892747586284,0.11493771887541747,-1.474514954580286e-17,3.9898639947466563e-17,0,0
1329,0.4719036437162956,0.5440535708496812,0.055794043637096995,0.11953355064377888,6.418476861114186e-17,-2.42861286636753e-17,0,0
1330,0.4909086270756289,0.5502377735270172,0.05741784713563334,0.12020580543081358,-3.426078865054194e-17,5.898059818321144e-17,0,0
1331,0.08769868234437192,0.4007765747819717,0.015277005809803184,0.11201412911336424,-3.642919299551295e-17,4.336808689942018e-17,0,0
1332,0.5099152435206833,0.5564224605474146,0.05903145085844406,0.1209108718370581,7.37257477290143e-18,7.979727989493313e-17,0,0
1333,0.0,0.3600000000006675,0.0,0.1101072115729939,-0.02237973607028048,-9.194034422677078e-17,1,0
1334,0.5289246559379417,0.5626071997934772,0.0606366111227021,0.12164714575447153,-6.461844948013606e-17,1.734723475976807e-18,0,0
1335,0.5479304280543138,0.5687881017799217,0.062234254814851474,0.12241258914991779,-1.734723475976807e-17,6.591949208711867e-17,0,0
1336,0.5669355983357296,0.5749690725544607,0.0638258375633704,0.12320644771357832,-2.42861286636753e-17,-6.938893903907228e-18,0,0
1337,0.5900895441036573,0.6007072098732502,0.06547409871362013,0.12761190054651375,-6.591949208711867e-17,-1.734723475976807e-17,0,0
1338,0.6090960200778203,0.6068914849746265,0.06707522134162863,0.12847465576136458,3.8163916471489756e-17,-6.418476861114186e-17,0,0
1339,0.6281036932342106,0.6130753994074802,0.06867290017864078,0.1293605764236174,1.474514954580286e-17,5.724587470723463e-17,0,0
1340,0.6471118524299286,0.6192600421508899,0.07026781938051321,0.13026880867770768,3.2959746043559335e-17,-1.9949319973733282e-16,0,0
1341,0.6661204698191063,0.625444873275273,0.07186066941916974,0.13119822844427648,-4.423544863740858e-17,1.0061396160665481e-16,0,0
1342,0.6851299565217849,0.6316303001714867,0.07345210127804591,0.13214792710102163,8.543513119185775e-17,9.540979117872439e-17,0,0
1343,0.7041398474516831,0.6378176332748695,0.07504262482036411,0.1331172182365406,-8.413408858487514e-17,-7.112366251504909e-17,0,0
1344,0.7231512281048215,0.6440030599599962,0.07663288891900472,0.13410447322315253,-2.168404344971009e-17,-6.938893903907228e-17,0,0
1345,0.8984432906712857,0.719209141619463,0.09130485804429149,0.1473874595620331,-1.0408340855860843e-17,1.3357370765021415e-16,0,0
1346,0.106704721581478,0.4069651144370202,0.018159364209015632,0.11196963274144664,-1.3877787807814457e-17,8.673617379884035e-18,0,0
1347,0.125710600357211,0.4131534480117897,0.02089578176329052,0.1118927162709385,-5.0306980803327406e-17,-8.847089727481716e-17,0,0
1348,0.1447145496342766,0.4193390453070737,0.02349400554089286,0.11180499035496798,5.204170427930421e-18,-3.9898639947466563e-17,0,0
1349,0.1637197272463654,0.4255247509246686,0.025964432267960275,0.1117237902716417,-2.7321894746634712e-17,-1.1275702593849246e-16,0,0
1350,0.1827255274342292,0.4317108600978558,0.028317838532882913,0.11166276988883933,1.9949319973733282e-17,-6.591949208711867e-17,0,0
1351,0.201730650467807,0.4378961544935772,0.030565597800230788,0.11163207021868687,-8.673617379884035e-19,2.0816681711721685e-17,0,0
1352,0.2207632967598136,0.4440945896940026,0.0327218133711566,0.11164033068653477,-5.117434254131581e-17,1.9081958235744878e-17,0,0
1353,0.2398289411347355,0.4503116636119168,0.03479724563838244,0.11169370916776276,1.474514954580286e-17,-2.7755575615628914e-17,0,0
1354,0.258866055046715,0.4565124111119127,0.03679574379025464,0.1117934855064766,-2.2985086056692694e-17,-1.214306433183765e-16,0,0
1355,0.06453867048821751,0.3750419651302482,0.012094710919800631,0.11023306342896075,-1.5612511283791264e-17,6.938893903907228e-18,0,0
1356,0.04685472769610477,0.3685713554959656,0.00899498197472559,0.11017210478157974,-1.8214596497756474e-17,-3.122502256758253e-17,0,0
1357,0.08354950968356245,0.3812298299238241,0.015268237056338252,0.11013542841360764,-2.5153490401663703e-17,-1.0061396160665481e-16,0,0
1358,0.03064409518633257,0.3605457274509066,0.006039027039690615,0.1098505958685958,-1.3010426069826053e-17,-1.8388068845354155e-16,0,0
1359,0.2778669723542269,0.4626957828423746,0.03872590159918329,0.11194181149292994,-1.474514954580286e-17,-6.938893903907228e-18,0,0
1360,0.015670862355394,0.3506512611291772,0.003187300541916725,0.10931582466190347,2.7755575615628914e-17,-9.540979117872439e-18,0,0
1361,0.5859425451524329,0.5811509161760193,0.0654126705016124,0.12402748191632357,7.45931094670027e-17,4.9439619065339e-17,0,0
1362,0.7421615903084575,0.650188932652386,0.07822312934897051,0.13510929998284646,3.642919299551295e-17,8.673617379884035e-19,0,0
1363,0.7611777586888714,0.6563654505220438,0.07981444879989565,0.13612895912223513,-1.6479873021779667e-17,7.45931094670027e-17,0,0
1364,0.7801935927486691,0.6625454393065063,0.08140662697109564,0.13716513874650554,1.5612511283791264e-17,-4.163336342344337e-17,0,0
1365,0.799210983837476,0.6687284487175229,0.08300023615807939,0.13821698780545272,-4.0766001685454967e-17,-2.2551405187698492e-17,0,0
1366,0.8182254823099198,0.6749152235070615,0.08459527814659633,0.1392839449144366,6.852157730108388e-17,3.469446951953614e-18,0,0
1367,0.8372402820909837,0.6811022354935845,0.08619241876016602,0.14036460960643427,1.6479873021779667e-17,-3.469446951953614e-17,0,0
1368,0.8562554983477515,0.687289493237078,0.08779203575690306,0.1414582983587673,2.7755575615628914e-17,-5.0306980803327406e-17,0,0
1369,0.8752683511544337,0.6934701780288998,0.08939431169206503,0.14256301754837766,-1.431146867680866e-17,7.632783294297951e-17,0,0
1370,0.8942867881555397,0.6996470228656635,0.09100027616326231,0.1436785675823833,-1.0451708942760263e-16,-3.8163916471489756e-17,0,0
1371,0.9174612200160969,0.7253943643098595,0.09292451145284182,0.1485176415916175,-7.632783294297951e-17,-1.457167719820518e-16,0,0
1372,0.9355630051678354,0.731776101075849,0.0944685934598005,0.14969633847755798,6.765421556309548e-17,1.0234868508263162e-16,0,0
1373,0.9530773593856804,0.7374771044518722,0.09596712986266082,0.1507554084103392,-2.7321894746634712e-17,7.45931094670027e-17,0,0
1374,0.9827931470687574,0.7500482571126017,0.0985163351624056,0.1531157766581079,4.5102810375396984e-17,7.28583859910259e-17,0,0
1375,1.0,0.7599999999993681,0.1,0.15499808541077875,0.020547963867185756,1.0408340855860843e-17,2,0
1376,0.3917850208714187,0.4997740671723652,0.049343191832060984,0.1138761226179466,-2.6020852139652106e-18,-2.42861286636753e-17,0,0
1377,0.3728086505377597,0.4935825476782935,0.047659424323903736,0.11343160145311015,3.599551212651875e-17,7.112366251504909e-17,0,0
1378,0.3538367054631925,0.4873955940569276,0.04594890986877365,0.11303376376879583,-5.117434254131581e-17,-7.632783294297951e-17,0,0
1379,0.3348647969230616,0.4812416919603918,0.04420567035655686,0.11268920637038682,-1.8648277366750676e-17,1.9081958235744878e-17,0,0
1380,0.3158679810570246,0.4750627685101587,0.042423997572395566,0.11239022048650882,-3.642919299551295e-17,3.9898639947466563e-17,0,0
1381,0.2968674307086849,0.4688803868461528,0.040599453776897915,0.11214090766737812,3.3393426912553537e-17,-3.469446951953614e-18,0,0
1382,0.4107831048678973,0.5059548096240547,0.051006253155766096,0.11436227626549805,8.673617379884035e-18,-5.204170427930421e-18,0,0
1383,0.4297748518601963,0.5121307168010398,0.05264905075300106,0.1148902290991265,-1.3010426069826053e-18,4.85722573273506e-17,0,0
1384,0.4487630559556527,0.5183198704838757,0.0542743560499997,0.11546126151553951,2.7755575615628914e-17,-9.020562075079397e-17,0,0
1385,0.4677573336375251,0.5245042777244183,0.05588620799588609,0.11606998913856799,-2.6020852139652106e-18,-1.734723475976807e-18,0,0
1386,0.4867613372637296,0.5306910184461061,0.057487004426587385,0.11671579583972749,-4.90059381963448e-17,-5.204170427930421e-18,0,0
1387,0.5057715852869467,0.5368735451852431,0.059078526824502736,0.11739582742087072,5.551115123125783e-17,-9.194034422677078e-17,0,0
1388,0.1025584152135486,0.387416807368239,0.01826253435892742,0.10997155030543669,-6.071532165918825e-18,-3.8163916471489756e-17,0,0
1389,0.5247795588975078,0.5430570425667434,0.060661587600230826,0.11810951212958538,-3.209238430557093e-17,-6.938893903907228e-18,0,0
1390,0.0,0.340000000000624,0.0,0.10867276430703601,-0.02261525882211801,-7.806255641895632e-17,1,0
1391,0.5437831565732507,0.5492402095148989,0.06223753094271159,0.1188549757060889,4.336808689942018e-17,-4.163336342344337e-17,0,0
1392,0.5627877247697279,0.5554185877041322,0.06380821532295095,0.119629684082908,-1.734723475976807e-17,-3.642919299551295e-17,0,0
1393,0.581794248925628,0.5615942443890864,0.06537481466665383,0.12043249781409578,5.160802341031001e-17,-2.0816681711721685e-17,0,0
1394,0.6049485052266325,0.587337295745594,0.06699543896560917,0.12487514200490858,-4.163336342344337e-17,-3.3393426912553537e-17,0,0
1395,0.6239557614086743,0.5935215994957286,0.06857531461035733,0.12574692654694014,-1.0538445116559103e-16,-1.457167719820518e-16,0,0
1396,0.6429636738677948,0.5997058138451616,0.07015297565414483,0.12664204799597856,1.1796119636642288e-16,1.5959455978986625e-16,0,0
1397,0.6619721803329025,0.6058905789571066,0.07172909277724664,0.1275595158310173,-5.854691731421724e-17,-8.153200337090993e-17,0,0
1398,0.680981556398949,0.6120758415573614,0.07330430346758207,0.1284982591636318,-2.6020852139652106e-17,-5.0306980803327406e-17,0,0
1399,0.6999914601317405,0.6182614310576074,0.07487913464099302,0.12945724338698078,7.24247051220317e-17,5.724587470723463e-17,0,0
1400,0.7190021729480316,0.6244470808441247,0.07645411954209368,0.13043545726488898,-9.71445146547012e-17,3.122502256758253e-17,0,0
1401,0.7380136800462069,0.630632672621768,0.07802971837916026,0.13143196487529732,6.895525817007808e-17,3.9898639947466563e-17,0,0
1402,0.9132880888607635,0.7058148042792265,0.09260841376720211,0.1448032598681679,8.847089727481716e-17,9.75781955236954e-17,0,0
1403,0.9698820442875578,0.7402012303413275,0.09741071063087346,0.15125522684128315,-4.9439619065339e-17,2.7755575615628914e-17,0,0
1404,0.1215653661009966,0.3936025216627851,0.021087992119649807,0.10976983853019501,-3.469446951953614e-18,-4.5102810375396984e-17,0,0
1405,0.1405701847961363,0.399787545443459,0.023755097966106593,0.10955639374079824,3.0357660829594124e-18,-3.469446951953614e-17,0,0
1406,0.1595747154854,0.4059725380990972,0.026276289787061296,0.10935186820109495,-6.201636426617085e-17,-1.0408340855860843e-17,0,0
1407,0.1785791153432496,0.4121576315125512,0.028664920049741915,0.10917221735712439,8.673617379884035e-18,3.2959746043559335e-17,0,0
1408,0.1975844752705897,0.4183445598898932,0.030934665595071627,0.10902962164496034,-6.591949208711867e-17,-3.122502256758253e-17,0,0
1409,0.2165918491518413,0.4245311065301719,0.03309910879806601,0.10893242395719253,2.3418766925686896e-17,-2.949029909160572e-17,0,0
1410,0.2356386370839425,0.4307403856062993,0.03517437011829928,0.1088881395696252,-6.938893903907228e-18,-4.85722573273506e-17,0,0
1411,0.2546855747389777,0.4369489869319916,0.03716817922430019,0.10889896588587607,-2.6020852139652106e-17,4.5102810375396984e-17,0,0
1412,0.2737205850893303,0.4431517397997031,0.03909005618957597,0.10896695104807905,-6.678685382510707e-17,-5.0306980803327406e-17,0,0
1413,0.0794037896910398,0.3616724151803388,0.015299341472609715,0.10842215309955144,-6.071532165918825e-18,-1.3877787807814457e-17,0,0
1414,0.06039291423375624,0.3554830138658796,0.011967165919533103,0.10864913970365525,-4.7271214720367993e-17,-1.457167719820518e-16,0,0
1415,0.0418746048014141,0.3491879015140046,0.008529743038021542,0.10873436180968381,-3.859759734048396e-17,0.0,0,0
1416,0.09841331252756048,0.3678619928911265,0.01842389479006975,0.1081190424015787,-4.7704895589362195e-17,-4.163336342344337e-17,0,0
1417,0.02911561650004557,0.3416513663528643,0.006097886260095251,0.10846135095999783,-8.998878031629687e-18,4.85722573273506e-17,0,0
1418,0.2927202429870047,0.4493342617896046,0.040947672079564956,0.10909128607815184,5.4643789493269423e-17,2.7755575615628914e-17,0,0
1419,0.01818753239749364,0.3291579476770624,0.003973492855355042,0.10785761172953268,-6.938893903907228e-17,-2.1510571102112408e-16,0,0
1420,0.6008008560031605,0.5677806331730215,0.0669379231445576,0.12126454358166627,-2.42861286636753e-17,2.42861286636753e-17,0,0
1421,0.757026883902501,0.6368106784228054,0.07960649444161838,0.13244446153204883,-1.0755285551056204e-16,-1.0798653637955624e-16,0,0
1422,0.7760476179021518,0.6429811137643302,0.08118532845941907,0.13347207231176222,1.1579279202145187e-16,-3.122502256758253e-17,0,0
1423,0.7950615148856579,0.6491680760451316,0.08276520128946886,0.13451871131638482,-3.5561831257524545e-17,-9.020562075079397e-17,0,0
1424,0.8140759519912082,0.655354911564165,0.08434723216440598,0.13558039100266395,5.421010862427522e-17,-1.3183898417423734e-16,0,0
1425,0.8330907390154791,0.6615413492378504,0.08593175761516401,0.13665633479833947,-8.673617379884035e-19,-4.163336342344337e-17,0,0
1426,0.8521059676868383,0.6677279972524914,0.08751912130124478,0.13774595749372212,2.6020852139652106e-18,1.6132928326584306e-16,0,0
1427,0.8711205876836613,0.6739139642480583,0.08910957204045851,0.1388484250683944,-7.632783294297951e-17,-1.734723475976807e-17,0,0
1428,0.8901364781807195,0.6800942613009361,0.09070368860324023,0.13996203532419701,-1.3877787807814457e-17,8.326672684688674e-17,0,0
1429,0.9091611365547452,0.6862683791658496,0.09230246453523598,0.14108600966292606,1.8214596497756474e-17,-6.591949208711867e-17,0,0
1430,0.9321758297778843,0.7120507740785396,0.09421028708438008,0.1459516000204829,-5.377642775528102e-17,-1.3444106938820255e-16,0,0
1431,0.9498457950187311,0.7179859951077232,0.09571219793261264,0.14705442100701022,3.122502256758253e-17,-2.949029909160572e-17,0,0
1432,0.9677241417005704,0.7222492010343649,0.0972380598095564,0.14784635954522402,6.114900252818245e-17,-8.153200337090993e-17,0,0
1433,1.0,0.7399999999993154,0.1,0.15120639065045705,0.020538570470179714,0.0,2,0
1434,0.983331592849412,0.7303412535977768,0.09857121157640673,0.14937450050617826,2.7755575615628914e-17,-1.4224732503009818e-16,0,0
1435,0.4066394870277208,0.4864119325779568,0.0512130401837587,0.11099154558888355,3.469446951953614e-18,3.469446951953614e-17,0,0
1436,0.3876548723923679,0.4802252259690595,0.04957758084693651,0.11054500726660703,-1.691355389077387e-17,-7.28583859910259e-17,0,0
1437,0.3686864970532342,0.4740319314736011,0.047920422554752325,0.11014533847301078,-2.42861286636753e-17,-1.196959198423997e-16,0,0
1438,0.3497165283620836,0.4678780870230297,0.046233903686939665,0.10980338328716174,5.4643789493269423e-17,3.2959746043559335e-17,0,0
1439,0.3307183079561068,0.4616963095460765,0.04451267515097021,0.10951058336515394,4.423544863740858e-17,-6.765421556309548e-17,0,0
1440,0.3117195559782426,0.4555162632577705,0.042752713119006934,0.10927291452547776,-5.984795992119984e-17,-5.551115123125783e-17,0,0
1441,0.4256362949473078,0.492592202787888,0.052830034076146754,0.11148287573458834,-6.5052130349130266e-18,-5.0306980803327406e-17,0,0
1442,0.4446328773238876,0.4987739351421787,0.05443030204584455,0.1120186253187411,3.7730235602495554e-17,3.122502256758253e-17,0,0
1443,0.4636331743973318,0.5049570484038838,0.0560170330796166,0.11259645584732969,-5.204170427930421e-17,3.2959746043559335e-17,0,0
1444,0.4826318647163448,0.5111420369661435,0.05759211702356471,0.11321445281222829,2.0383000842727483e-17,-3.469446951953614e-18,0,0
1445,0.5016287067453251,0.517325893137248,0.05915769452611977,0.11386996808125266,2.42861286636753e-17,4.163336342344337e-17,0,0
1446,0.5206331630800564,0.5235084212908863,0.06071639530091123,0.11456075117361134,-5.551115123125783e-17,8.153200337090993e-17,0,0
1447,0.1174207047354085,0.3740502497268475,0.02135111583555122,0.10777422777317323,2.42861286636753e-17,-6.071532165918825e-17,0,0
1448,0.539636948949088,0.5296920426108654,0.0622689557304774,0.11528557601383577,6.5052130349130266e-18,-5.0306980803327406e-17,0,0
1449,0.0,0.3200000000005747,0.0,0.1074949267216742,-0.022715673159117707,-4.163336342344337e-17,1,0
1450,0.5586392113250569,0.535870855533871,0.06381675357039782,0.1160415597939303,-5.898059818321144e-17,3.2959746043559335e-17,0,0
1451,0.5776437054043897,0.5420490424525559,0.06536116784229336,0.11682771984346446,5.941427905220564e-17,3.469446951953614e-18,0,0
1452,0.5966535212160664,0.5482260287600023,0.06690346337906192,0.117642299997304,-2.862293735361732e-17,-4.5102810375396984e-17,0,0
1453,0.6198076891783769,0.5739663635138893,0.06849863088277952,0.12212233612635891,9.540979117872439e-17,4.9439619065339e-17,0,0
1454,0.638815563769014,0.5801509197930256,0.07005777950515392,0.12300447909374813,-1.205632815803881e-16,-1.0234868508263162e-16,0,0
1455,0.6578239243411232,0.5863360520977081,0.0716159691270372,0.12391010044376416,1.0408340855860843e-16,6.245004513516506e-17,0,0
1456,0.6768331249180625,0.5925207320305053,0.07317384472077483,0.1248378551314266,-2.5587171270657905e-17,5.204170427930421e-17,0,0
1457,0.6958429575450708,0.5987055130286456,0.07473191746127403,0.12578677039222289,4.5102810375396984e-17,-9.71445146547012e-17,0,0
1458,0.714853386016485,0.6048905133706598,0.07629066873591504,0.12675584727115718,-7.112366251504909e-17,2.0816681711721685e-17,0,0
1459,0.7338644754165178,0.6110754822499285,0.07785055179500457,0.12774406521361717,7.112366251504909e-17,-7.979727989493313e-17,0,0
1460,0.7528757318477766,0.6172552208296773,0.07941197580526001,0.12874951973537196,-5.637851296924623e-17,7.28583859910259e-17,0,0
1461,0.928197730390652,0.6923110734417905,0.09390715164431594,0.14219563417121994,-4.5102810375396984e-17,4.683753385137379e-17,0,0
1462,0.1364259453946721,0.3802362831423847,0.02409547086937061,0.1074170783122404,-1.0148132334464322e-16,-6.418476861114186e-17,0,0
1463,0.1554299318042615,0.3864214364376238,0.02667250923359146,0.10707196529395813,-1.9949319973733282e-17,2.0816681711721685e-17,0,0
1464,0.1744331146085003,0.3926060449453764,0.02909858256440703,0.10675774311233009,2.3852447794681098e-17,-7.28583859910259e-17,0,0
1465,0.193438229497987,0.3987920969401786,0.03139055482937463,0.10648840662120727,-3.469446951953614e-17,-4.163336342344337e-17,0,0
1466,0.2124481328067492,0.4049783755820673,0.03356490185811044,0.10627327875308101,2.862293735361732e-17,-3.469446951953614e-18,0,0
1467,0.231476109592432,0.4111708534087856,0.03563785445207057,0.106119061709205,-6.114900252818245e-17,6.938893903907228e-18,0,0
1468,0.2505413227967319,0.4173892173139222,0.03762447881594748,0.10603131929601536,1.8214596497756474e-17,-3.469446951953614e-17,0,0
1469,0.269565390592512,0.4235974717655364,0.03952954370165496,0.10601081640528615,-6.071532165918825e-18,-3.642919299551295e-17,0,0
1470,0.2885740730529839,0.4297888749309391,0.04136780111392633,0.10605485000171073,-4.5102810375396984e-17,-4.163336342344337e-17,0,0
1471,0.094268743670884,0.3483054039155044,0.018650473767403496,0.10643323160054861,-1.6479873021779667e-17,-3.642919299551295e-17,0,0
1472,0.07525835229216096,0.342115096369966,0.015375200304996055,0.10689736826089773,-5.551115123125783e-17,-1.0928757898653885e-16,0,0
1473,0.05625403679691805,0.3359226776018648,0.011862355794193216,0.10726816306876644,4.7704895589362195e-18,-1.43982048506075e-16,0,0
1474,0.03769331437821115,0.3298794507609022,0.008190754800274884,0.10751157414810329,1.474514954580286e-17,-1.2836953722228372e-16,0,0
1475,0.1132778665081193,0.3544980721228086,0.021695688602302733,0.10592205826966059,-2.8189256484623115e-17,-5.377642775528102e-17,0,0
1476,0.3075728429836851,0.4359712482844798,0.043149210611055984,0.10616328370350883,1.0408340855860843e-17,2.42861286636753e-17,0,0
1477,0.01572834240405491,0.3067192865594947,0.0037562272026369246,0.10673096076691639,-1.6371452804531117e-17,-1.5092094240998222e-16,0,0
1478,0.6156597776311867,0.5544102829122939,0.06844360105312575,0.11848557705471036,-3.469446951953614e-17,-1.474514954580286e-17,0,0
1479,0.7718937228559274,0.6234302284220665,0.08097585719391955,0.12977138201801583,8.847089727481716e-17,-1.9081958235744878e-17,0,0
1480,0.7909121843146557,0.6296082142196964,0.08254195410535861,0.13081035441289113,-1.0061396160665481e-16,3.9898639947466563e-17,0,0
1481,0.8099262649705091,0.6357947432024343,0.08411017405930038,0.1318667529632483,2.0816681711721685e-17,1.6306400674181987e-16,0,0
1482,0.8289406954432219,0.6419812461293933,0.08568130556649758,0.13293815464704653,5.204170427930421e-17,6.071532165918825e-17,0,0
1483,0.847955997710256,0.6481670045226169,0.08725571594505606,0.13402369518966267,-1.734723475976807e-17,-1.8388068845354155e-16,0,0
1484,0.866971629344172,0.6543530977510065,0.08883365761605402,0.13512289208112904,-1.5612511283791264e-17,-1.1622647289044608e-16,0,0
1485,0.8859863539614881,0.6605388076482946,0.09041530835099529,0.1362349773003077,-2.47198095326695e-17,-7.28583859910259e-17,0,0
1486,0.9049105133114953,0.6668206488094321,0.09199321311039887,0.13737783681094418,7.112366251504909e-17,-2.6020852139652106e-17,0,0
1487,0.9237178907002328,0.6736040258280016,0.09356459160918994,0.1386283315846487,-7.806255641895632e-18,-5.204170427930421e-17,0,0
1488,0.947469639843682,0.697733373409235,0.09553702044413764,0.1431972150000488,6.591949208711867e-17,1.485356976305141e-16,0,0
1489,0.9662137149194127,0.7048299632438431,0.097123294682898,0.14452921104665087,3.469446951953614e-17,-1.9081958235744878e-17,0,0
1490,0.9836608840059817,0.7108739382570535,0.098606195738907,0.14566931861861307,-1.1188966420050406e-16,1.9081958235744878e-17,0,0
1491,1.0,0.7199999999992628,0.1,0.147403807513461,0.020528501570254695,5.551115123125783e-17,2,0
1492,0.4214930212509945,0.4730507541078904,0.05305541909271154,0.10806525739857561,4.7704895589362195e-17,-7.112366251504909e-17,0,0
1493,0.4025041758328225,0.466866581275278,0.051468801775102,0.10761169959190693,-2.5153490401663703e-17,-3.642919299551295e-17,0,0
1494,0.3835314311182683,0.4606801792990149,0.0498641268579882,0.10720784102660433,-2.862293735361732e-17,5.377642775528102e-17,0,0
1495,0.3645623067060364,0.4545106425956816,0.04823555736425044,0.10686023306517053,-2.168404344971009e-17,8.326672684688674e-17,0,0
1496,0.3455703381390701,0.4483340036838057,0.046576504472073364,0.10656848693410703,-4.0766001685454967e-17,5.898059818321144e-17,0,0
1497,0.3265705301769499,0.4421526045701508,0.04488289673840697,0.10633522796340243,7.37257477290143e-18,3.8163916471489756e-17,0,0
1498,0.4404905004193765,0.4792321238071406,0.05462667554071269,0.10856601426059005,1.734723475976807e-18,-3.122502256758253e-17,0,0
1499,0.4594888824704928,0.4854138797017175,0.05618468088588189,0.10911224134752243,-1.3877787807814457e-17,-5.724587470723463e-17,0,0
1500,0.4784881112806315,0.4915959499118013,0.05773197988116722,0.10970135705564327,4.640385298237959e-17,-1.734723475976807e-18,0,0
1501,0.4974879066964575,0.4977785213541406,0.05927069196892582,0.11033099768877616,-7.632783294297951e-17,-3.642919299551295e-17,0,0
1502,0.5164883622194547,0.5039612869300396,0.060802683800151414,0.11099883789569473,3.382710778154774e-17,1.0408340855860843e-17,0,0
1503,0.53548991068552,0.5101442862357949,0.06232956506811531,0.11170270983584388,-9.540979117872439e-18,1.0408340855860843e-17,0,0
1504,0.1322816838328959,0.3606851277747125,0.02452744738090214,0.10539921416623256,-8.673617379884035e-18,-8.673617379884035e-18,0,0
1505,0.03534931887435346,0.3096971084871992,0.008242414599968785,0.10638411035708528,-4.336808689942018e-17,-1.8214596497756474e-16,0,0
1506,0.5544921079363762,0.5163265312539779,0.0638526646298134,0.11244041553721326,5.377642775528102e-17,1.734723475976807e-17,0,0
1507,0.0,0.3000000000005164,0.0,0.10665251236785758,-0.02292499592255401,-4.0766001685454967e-17,1,0
1508,0.5734943505485002,0.5225036351325655,0.06537315027460637,0.11320925809318642,-5.984795992119984e-17,-8.673617379884035e-17,0,0
1509,0.5925019153998976,0.5286786508558114,0.06689239000914302,0.114007931159282,5.637851296924623e-18,5.204170427930421e-17,0,0
1510,0.6115118977403177,0.5348577010565909,0.06841086139300008,0.11483601651724938,-5.2909066017292616e-17,7.979727989493313e-17,0,0
1511,0.6346674983880742,0.5605961783114851,0.06998287203977101,0.11935499394361901,6.591949208711867e-17,7.719519468096792e-17,0,0
1512,0.653675566386241,0.5667810812211695,0.07152187940813957,0.12024874717257883,-4.336808689942018e-19,-1.0581813203458523e-16,0,0
1513,0.6726844931632883,0.5729659596667029,0.07306123245397099,0.12116577274996174,-1.0408340855860843e-17,-7.112366251504909e-17,0,0
1514,0.6916939445899956,0.5791505955318145,0.07460141840491569,0.12210486876242983,-1.3010426069826053e-17,1.734723475976807e-18,0,0
1515,0.7107043121255092,0.5853348118518688,0.07614292915345454,0.12306490481675066,2.5587171270657905e-17,8.673617379884035e-18,0,0
1516,0.7297153887114824,0.5915192454920418,0.07768615491687184,0.12404497622348573,3.0357660829594124e-17,3.469446951953614e-17,0,0
1517,0.7487259608389873,0.5977017288938165,0.07923139796479291,0.12504370237024873,-6.071532165918825e-18,-7.28583859910259e-17,0,0
1518,0.7677424038120984,0.6038765700291444,0.08077959008786988,0.12605902841328417,-1.214306433183765e-17,-7.28583859910259e-17,0,0
1519,0.9430454119253716,0.6790787901303724,0.09518814170755756,0.13963770128810826,1.214306433183765e-17,-1.9255430583342559e-16,0,0
1520,0.1512850528240077,0.3668715366829551,0.027166085175244152,0.1048930590261626,-5.117434254131581e-17,-1.700029006457271e-16,0,0
1521,0.1702881144254667,0.3730570177596078,0.029632121672647123,0.10442548805445456,1.1709383462843448e-17,-7.45931094670027e-17,0,0
1522,0.1892895731229522,0.3792411250119359,0.031945636074529646,0.10401267829822558,-2.7755575615628914e-17,1.3877787807814457e-17,0,0
1523,0.2082949658358813,0.3854248446992479,0.034126878835398555,0.10366512634990888,-9.540979117872439e-18,-2.6020852139652106e-17,0,0
1524,0.2273052638815142,0.3916124820090008,0.03619379042249136,0.10339005934140835,-3.209238430557093e-17,-7.45931094670027e-17,0,0
1525,0.246377980049161,0.3978367328948196,0.038167711130968666,0.10319312600863169,-6.938893903907228e-18,3.469446951953614e-18,0,0
1526,0.2654147818370541,0.4040408131513334,0.040054466156919585,0.10307233609784898,-1.691355389077387e-17,6.245004513516506e-17,0,0
1527,0.2844273112993231,0.4102418081450677,0.04186758583582377,0.1030291636324656,-1.734723475976807e-18,-5.377642775528102e-17,0,0
1528,0.3034243348569309,0.4164274845047769,0.04362002318190951,0.10305889752227952,-5.4643789493269423e-17,-5.204170427930421e-18,0,0
1529,0.1091339086154619,0.3349456718111078,0.02213320976645059,0.10423233558286826,-2.688821387764051e-17,-1.2836953722228372e-16,0,0
1530,0.09012410041113801,0.3287522177746061,0.018949991001400206,0.10493733990030393,-5.0306980803327406e-17,-9.540979117872439e-17,0,0
1531,0.07111382917873454,0.3225554857125753,0.015495164401635678,0.10558625515869202,-5.984795992119984e-17,-1.3877787807814457e-17,0,0
1532,0.05248657403039703,0.316283917731436,0.011834294082938944,0.10610395534139423,-3.9898639947466563e-17,-3.2959746043559335e-17,0,0
1533,0.1281383922688484,0.3411347484058772,0.02506571601114727,0.10351687585439755,-2.168404344971009e-17,-4.336808689942018e-17,0,0
1534,0.3224171788547501,0.422608129484544,0.045322128042120165,0.10316004880809208,3.469446951953614e-18,-3.8163916471489756e-17,0,0
1535,0.01286315468689172,0.2898901150385138,0.00325464172591324,0.106177718137478,2.2551405187698492e-17,-5.204170427930421e-17,0,0
1536,0.02894740630797288,0.2906182410257959,0.007320333732928681,0.105736794359005,-2.168404344971009e-17,-1.491862189340054e-16,0,0
1537,0.6305191706218876,0.5410418898948087,0.06992885553474623,0.11569227927031393,2.42861286636753e-17,7.806255641895632e-18,0,0
1538,0.7867595556229603,0.6100516591016354,0.0823305472381385,0.1270916484444111,-9.194034422677078e-17,8.673617379884035e-17,0,0
1539,0.8057766373430586,0.6162348809834244,0.08388446698893391,0.1281422693109904,3.5561831257524545e-17,-3.122502256758253e-17,0,0
1540,0.8247899231507315,0.6224215559828945,0.08544138717754104,0.12920924709704876,1.2923689896027213e-16,-6.245004513516506e-17,0,0
1541,0.8438046044715899,0.6286083239028486,0.08700206273304018,0.1302911653191883,-1.1015494072452725e-16,1.1622647289044608e-16,0,0
1542,0.8628209186792191,0.6347935137019438,0.08856682572392502,0.1313869927647166,-6.765421556309548e-17,2.1337098754514727e-16,0,0
1543,0.8818376096320117,0.6409780501588569,0.090135854416804,0.13249624327256193,2.6454533008646308e-17,9.71445146547012e-17,0,0
1544,0.9008526859218345,0.6471638267612205,0.09170922818052689,0.13361871659747884,1.9081958235744878e-17,-2.0816681711721685e-17,0,0
1545,0.9193029878073707,0.6539544301423664,0.09323860419701183,0.13487078827748258,2.7755575615628914e-17,-3.469446951953614e-17,0,0
1546,0.9373545083132053,0.662057776658777,0.09473778616692359,0.1363866615350892,-5.117434254131581e-17,1.1622647289044608e-16,0,0
1547,0.9634715544258844,0.6810784293376251,0.0969132590516327,0.13999307826738128,3.5561831257524545e-17,1.1796119636642288e-16,0,0
1548,0.9823869651878974,0.6913184777351151,0.09850718548502516,0.14193758556726363,-2.0816681711721685e-17,3.9898639947466563e-17,0,0
1549,1.0,0.6999999999992101,0.1,0.14359159165012828,0.020517439984883593,-1.5612511283791264e-17,2,0
1550,0.4363450035825179,0.4596893470527171,0.05486704493038153,0.10509950575788424,-1.5612511283791264e-17,1.3877787807814457e-17,0,0
1551,0.4173481235353877,0.4535079075141877,0.053328478489383865,0.1046346697437968,1.3010426069826053e-17,7.112366251504909e-17,0,0
1552,0.3983626117417516,0.4473235291377893,0.05177547972326144,0.10422113379089504,-9.974659986866641e-18,-4.85722573273506e-17,0,0
1553,0.3793851424362611,0.4411417599323625,0.050203930444359786,0.10386322544403967,3.382710778154774e-17,-2.0816681711721685e-17,0,0
1554,0.3604014200640727,0.4349606755996438,0.048608102754544344,0.10356461957076833,-1.951563910473908e-17,-8.847089727481716e-17,0,0
1555,0.3414246506891966,0.4287902013861401,0.04698381030758677,0.10332978493017199,3.9898639947466563e-17,-8.500145032286355e-17,0,0
1556,0.4553429368972745,0.4658703378081985,0.056393228794245506,0.10561340469037894,3.469446951953614e-18,3.469446951953614e-17,0,0
1557,0.4743417308048763,0.4720515592476878,0.057909608193304415,0.10617353966638617,-5.204170427930421e-17,-8.673617379884035e-18,0,0
1558,0.4933415700154618,0.4782330273502734,0.05941846257812206,0.1067770788473317,6.071532165918825e-18,3.642919299551295e-17,0,0
1559,0.5123403168092825,0.4844153385344858,0.06092145605442295,0.10742161636398012,-3.209238430557093e-17,-8.153200337090993e-17,0,0
1560,0.5313414228789943,0.490597384099088,0.0624205207344067,0.10810438618981284,1.734723475976807e-18,6.418476861114186e-17,0,0
1561,0.5503453407686415,0.4967792907107789,0.0639170293571153,0.10882312854475397,5.204170427930421e-17,1.734723475976807e-17,0,0
1562,0.1471402870308362,0.3473214572875329,0.02777281929122579,0.10282469094504869,-2.0816681711721685e-17,2.0816681711721685e-17,0,0
1563,0.04840823250943638,0.2967118674791097,0.011766573994386036,0.10523916129409003,-6.418476861114186e-17,-1.7867651802561113e-16,0,0
1564,0.5693455963920366,0.5029585207679098,0.06541161571892629,0.10957538228301943,-2.688821387764051e-17,6.591949208711867e-17,0,0
1565,0.0,0.2800000000004734,0.0,0.10609454698066555,-0.023449941752478567,-1.457167719820518e-16,1,0
1566,0.5883534610949609,0.5091329671584442,0.06690621461166882,0.11035855215152145,-2.8189256484623115e-17,-2.6020852139652106e-17,0,0
1567,0.6073614997524449,0.5153091205094334,0.06840086835188,0.1111722030841886,-2.3418766925686896e-17,-5.204170427930421e-17,0,0
1568,0.6263708728444702,0.5214888416684534,0.06989634674285426,0.11201498275315783,3.5128150388530344e-17,-4.5102810375396984e-17,0,0
1569,0.6495272227417396,0.5472265325337242,0.07144738637260212,0.11657432322857046,1.9081958235744878e-17,7.979727989493313e-17,0,0
1570,0.6685358775271246,0.5534113249253042,0.0729669928317258,0.1174807503500151,-5.334274688628682e-17,1.1275702593849246e-16,0,0
1571,0.6875450595270918,0.5595959969122946,0.07448815370170647,0.11841025359808358,-5.421010862427522e-17,5.0306980803327406e-17,0,0
1572,0.7065551056750881,0.5657795147025162,0.07601133389729431,0.11936145774794345,-1.8648277366750676e-17,4.163336342344337e-17,0,0
1573,0.7255669618455972,0.5719599179960573,0.07753700651143339,0.12033288611951751,-5.204170427930421e-17,3.8163916471489756e-17,0,0
1574,0.7445804330540812,0.5781400723353722,0.07906546497384448,0.12132406362472443,8.153200337090993e-17,1.0755285551056204e-16,0,0
1575,0.7635914860520139,0.5843228166995007,0.08059667363810001,0.12233461693093174,-3.122502256758253e-17,1.734723475976807e-17,0,0
1576,0.7826079656549254,0.5904977662281704,0.0821316704553877,0.12336156645947789,-5.594483210025203e-17,-6.418476861114186e-17,0,0
1577,0.9521363857197243,0.6669492055000679,0.09597369317671085,0.13730031494097342,-5.377642775528102e-17,4.683753385137379e-17,0,0
1578,0.1661510243931358,0.3535101445939354,0.030282106812992055,0.10218125061253029,-3.7730235602495554e-17,0.0,0,0
1579,0.1851447199382094,0.3596949566731567,0.03261550444152315,0.10160581025664815,-4.2500725161431774e-17,-5.377642775528102e-17,0,0
1580,0.2041766741192862,0.3658840069285731,0.034804099286474245,0.10110798264209507,-7.719519468096792e-17,-2.7755575615628914e-17,0,0
1581,0.2232150852580362,0.3720899749672026,0.0368643434073343,0.10069880419646726,2.211772431870429e-17,9.194034422677078e-17,0,0
1582,0.2422378999372757,0.3782948122351685,0.03881425614359475,0.10038071976633128,-3.122502256758253e-17,-2.42861286636753e-17,0,0
1583,0.261292502249958,0.3845122192507076,0.04067606865460077,0.10015252783790146,-6.938893903907228e-18,-6.938893903907228e-17,0,0
1584,0.2802859681343931,0.3907017432423507,0.042456222241123026,0.10001215793357365,1.0408340855860843e-17,1.9081958235744878e-17,0,0
1585,0.2992807679966619,0.3968840018958565,0.0441736752657842,0.09995576915186437,-9.627715291671279e-17,1.734723475976807e-18,0,0
1586,0.318263425310073,0.4030617364363301,0.045837723863137565,0.09998098135878787,5.2475385148298415e-17,1.734723475976807e-18,0,0
1587,0.1049903453626611,0.3153930127688447,0.022682389073893566,0.10272680922109133,-4.2500725161431774e-17,-6.245004513516506e-17,0,0
1588,0.1239953958528828,0.3215855178087906,0.025729408673954807,0.10178635138805878,-5.0306980803327406e-17,-1.3877787807814457e-17,0,0
1589,0.0859858525485397,0.3091913229485265,0.01934102516681505,0.10365851343993236,-3.9898639947466563e-17,-1.0234868508263162e-16,0,0
1590,0.06703013407643885,0.3029830871928144,0.015685133508161742,0.1045256943006305,-2.949029909160572e-17,-1.8735013540549517e-16,0,0
1591,0.1429964816790362,0.3277715398735028,0.02851253704123237,0.10087761283777034,-4.9439619065339e-17,-6.591949208711867e-17,0,0
1592,0.3372509589152267,0.4092395239740522,0.04745916314300856,0.10008360992673085,-2.3852447794681098e-17,1.9081958235744878e-17,0,0
1593,0.01964002472243081,0.2721130476062886,0.005363545445265,0.10562540134346743,-5.551115123125783e-17,-3.452099717193846e-16,0,0
1594,0.04344455209214365,0.2772577549511406,0.01149289750685174,0.10472926085676702,-8.933825901280557e-17,-1.8214596497756474e-16,0,0
1595,0.6453787294234693,0.5276729255044046,0.07139300033316136,0.11288552715669126,5.0306980803327406e-17,-5.637851296924623e-17,0,0
1596,0.801627058497588,0.5966753203287769,0.08367041365471259,0.12440610327329112,1.1102230246251565e-16,-4.597017211338539e-17,0,0
1597,0.8206406331535353,0.6028615562405055,0.08521246804856436,0.1254686598702041,3.903127820947816e-18,-5.551115123125783e-17,0,0
1598,0.8396531261753786,0.6090496772036105,0.08675852615307607,0.1265471362889423,-7.546047120499111e-17,1.0408340855860843e-16,0,0
1599,0.8586684510791125,0.6152373736796982,0.0883091968393892,0.12764036276147064,-1.474514954580286e-17,-1.4051260155412137e-16,0,0
1600,0.8776858190201098,0.6214199536108379,0.08986473697152714,0.12874674927582827,8.153200337090993e-17,-1.196959198423997e-16,0,0
1601,0.8967034144588031,0.6276045323740495,0.09142524532180411,0.12986703267175395,4.163336342344337e-17,-2.42861286636753e-17,0,0
1602,0.915405892651233,0.6337875328558382,0.09296457287673765,0.13100091390745547,-4.85722573273506e-17,-5.724587470723463e-17,0,0
1603,0.9335933359423777,0.6420425609706145,0.09446243536346002,0.13254656786022648,5.2909066017292616e-17,5.377642775528102e-17,0,0
1604,0.9503718234646803,0.6499828178610856,0.09585095240863242,0.13404337719979634,-1.214306433183765e-17,-7.979727989493313e-17,0,0
1605,0.9660224448489378,0.6595869339548901,0.09715025096764435,0.13586877101398964,-4.2500725161431774e-17,-1.0234868508263162e-16,0,0
1606,0.9824994726041374,0.6703117103910224,0.09852655333912969,0.13791495080790642,1.4224732503009818e-16,3.122502256758253e-17,0,0
1607,1.0,0.6799999999991574,0.1,0.13976734204735708,0.02050891905755999,-5.204170427930421e-17,2,0
1608,0.4321990791181758,0.44014714511132,0.05515434225242964,0.10161604580321396,3.686287386450715e-17,1.734723475976807e-17,0,0
1609,0.4511926661665734,0.4463266308504092,0.05664472080337038,0.10209704009581812,-5.204170427930421e-18,2.7755575615628914e-17,0,0
1610,0.413203097015521,0.433965911119572,0.05365247076925141,0.1011880549564674,-1.5612511283791264e-17,2.42861286636753e-17,0,0
1611,0.3942160334380768,0.4277799168694093,0.052137025414565025,0.10081574349182212,-6.028164079019405e-17,7.45931094670027e-17,0,0
1612,0.3752314065585837,0.4215981249670905,0.05060316253480172,0.10050493104231531,-3.946495907847236e-17,-4.5102810375396984e-17,0,0
1613,0.3562365338775379,0.4154115223018844,0.04904539962184158,0.10025860246211199,-1.5178830414797062e-17,5.204170427930421e-17,0,0
1614,0.4701909361789303,0.4525036978656042,0.058126989947932924,0.10262719848392986,-3.599551212651875e-17,-6.938893903907228e-18,0,0
1615,0.4891949784319121,0.4586878417130927,0.05960317922463722,0.10320508856708072,1.214306433183765e-17,4.336808689942018e-17,0,0
1616,0.5081907290088373,0.464866505189747,0.061074395510629535,0.10382576324172747,5.637851296924623e-17,-2.6020852139652106e-17,0,0
1617,0.5271880832710882,0.4710483201610318,0.06254282151126528,0.10448778100629047,-1.1622647289044608e-16,-4.5102810375396984e-17,0,0
1618,0.5461914783829751,0.4772319181115806,0.06401020594473046,0.10518819498369265,1.0321604682062002e-16,-6.418476861114186e-17,0,0
1619,0.565200417079508,0.4834139705864786,0.0654776706680769,0.1059240476654219,-5.117434254131581e-17,-2.42861286636753e-17,0,0
1620,0.1620120526779144,0.3339634204635747,0.0310665591899058,0.10003152670584334,-2.688821387764051e-17,-3.122502256758253e-17,0,0
1621,0.06289089687132521,0.2834278480445718,0.01592829786889148,0.10375956010592675,-1.0581813203458523e-16,-1.0581813203458523e-16,0,0
1622,0.584203000211331,0.4895893925593328,0.0669452244083881,0.10669244859595921,3.382710778154774e-17,4.683753385137379e-17,0,0
1623,0.0,0.2600000000004088,0.0,0.10584155523111098,-0.023731655030421718,-1.717376241217039e-16,1,0
1624,0.6032144042655558,0.495758483125613,0.06841485935188882,0.10749111256598202,4.423544863740858e-17,6.938893903907228e-18,0,0
1625,0.6222230751565272,0.5019364859806745,0.06988595233096803,0.10832136009075781,1.7780915628762273e-17,-4.5102810375396984e-17,0,0
1626,0.6412301988718082,0.5081199027041697,0.07135922502500165,0.10918077431990399,-5.594483210025203e-17,-1.3877787807814457e-17,0,0
1627,0.6643873313655885,0.5338570487602243,0.07289159984386147,0.11378151403278723,-6.071532165918825e-17,-5.5077470362263625e-17,0,0
1628,0.683396408789408,0.5400413449453407,0.07439256187729681,0.11470161878384931,5.551115123125783e-17,-3.8163916471489756e-17,0,0
1629,0.7024058894588797,0.5462262569256854,0.07589625279229666,0.11564466641901282,-4.336808689942018e-18,-8.673617379884035e-17,0,0
1630,0.7214172478706073,0.5524033296294728,0.07740322826398745,0.11660784732755747,6.245004513516506e-17,-4.85722573273506e-17,0,0
1631,0.7404360490333349,0.5585677059455362,0.07891428227142497,0.1175890944382251,-5.811323644522304e-17,-9.367506770274758e-17,0,0
1632,0.7594474611753569,0.564755506331487,0.08042808613763959,0.11859451211245298,8.326672684688674e-17,1.734723475976807e-18,0,0
1633,0.7784614103939764,0.5709367071176417,0.08194604042810488,0.11961726426756783,-1.5178830414797062e-17,5.724587470723463e-17,0,0
1634,0.7974763736991127,0.577117595612426,0.08346820295707919,0.1206576924703216,1.3877787807814457e-17,-5.551115123125783e-17,0,0
1635,0.1810359194623804,0.3401524786967852,0.03342288075191766,0.09926818365935022,-1.6479873021779667e-17,-2.6020852139652106e-17,0,0
1636,0.2000253985367947,0.3463394756195562,0.035605177656506025,0.09860437240373711,-3.686287386450715e-17,2.949029909160572e-17,0,0
1637,0.2190925704861038,0.3525587834068478,0.037652853030239845,0.0980436875990546,-5.334274688628682e-17,-9.540979117872439e-17,0,0
1638,0.2381246957992448,0.3587702204971494,0.039577190906687966,0.0975914812462146,7.806255641895632e-18,2.42861286636753e-17,0,0
1639,0.2571464432657914,0.3649799352823793,0.041401477053332636,0.09724544730274284,-5.117434254131581e-17,1.5612511283791264e-17,0,0
1640,0.2761403831080255,0.3711616084663265,0.04314305989250986,0.09699872131440507,-2.905661822261152e-17,7.28583859910259e-17,0,0
1641,0.2951298987269471,0.377338013649665,0.0448177891508636,0.09684933538758422,2.0816681711721685e-17,-2.949029909160572e-17,0,0
1642,0.3141166174856876,0.3835200865241971,0.04643761279432366,0.09679392053594729,1.3877787807814457e-17,-9.367506770274758e-17,0,0
1643,0.3330976819271922,0.389700017440166,0.04801302106437546,0.09682600701374626,-1.7780915628762273e-17,-4.336808689942018e-17,0,0
1644,0.1198529376655748,0.3020374355114194,0.026543108902853142,0.1002248086801823,-1.0061396160665481e-16,-1.0581813203458523e-16,0,0
1645,0.1008870728808965,0.2958297957473032,0.023374284117979476,0.10142527905032404,-3.469446951953614e-17,-4.85722573273506e-17,0,0
1646,0.1388526937002815,0.3082236807236768,0.029409360215754205,0.09906338209000241,-3.2959746043559335e-17,-2.6020852139652106e-17,0,0
1647,0.08194702286323897,0.2896080428391513,0.019860588250596833,0.10262133293593856,-6.678685382510707e-17,-3.2959746043559335e-17,0,0
1648,0.1578514077987206,0.3144091561805288,0.032006443000402465,0.09798302167201757,-3.642919299551295e-17,-2.42861286636753e-17,0,0
1649,0.3520837541540978,0.3958779937438242,0.04955371151870157,0.0969394944528856,3.729655473350135e-17,1.734723475976807e-18,0,0
1650,0.01762814630672756,0.2497350614261246,0.005412320115224634,0.10562013504511271,-8.153200337090993e-17,-2.3071822230491534e-16,0,0
1651,0.03601940404821774,0.2570968799126674,0.010509503493940746,0.10473594507604166,-1.3357370765021415e-16,-2.237793284010081e-16,0,0
1652,0.05819022842414957,0.2637685898032816,0.016104140176846866,0.10336553070211128,-1.0668549377257364e-16,-1.7867651802561113e-16,0,0
1653,0.6602331766470753,0.5143055523909219,0.07283497949968457,0.11006720533273869,-2.949029909160572e-17,2.5587171270657905e-17,0,0
1654,0.8164903004978581,0.5833029637397145,0.08499460862253301,0.12171591022030016,1.9081958235744878e-17,9.107298248878237e-18,0,0
1655,0.8355032898921504,0.5894902507952798,0.08652552572623283,0.1227906513187964,-8.500145032286355e-17,-3.8163916471489756e-17,0,0
1656,0.8545175947932997,0.5956803720579671,0.08806137313091955,0.12388135690763241,6.678685382510707e-17,1.3877787807814457e-17,0,0
1657,0.8735324513412012,0.6018652223621883,0.08960236503274314,0.12498581807408711,7.806255641895632e-17,2.0816681711721685e-17,0,0
1658,0.8925408285228361,0.6080489820601106,0.0911482301191393,0.12610419461004055,-5.724587470723463e-17,5.204170427930421e-18,0,0
1659,0.9115152473397101,0.6142331658893634,0.09269702896059108,0.12723602852976995,-5.551115123125783e-17,4.5102810375396984e-17,0,0
1660,0.9303890365892475,0.6214741387670356,0.09424024748309452,0.128585472818393,4.336808689942018e-19,5.377642775528102e-17,0,0
1661,0.9484007109299728,0.6298656129191629,0.09571804659035109,0.1301687296852421,-3.122502256758253e-17,3.469446951953614e-18,0,0
1662,0.9654130822296834,0.6400006047188841,0.09711969101929152,0.13209992458880954,4.683753385137379e-17,-6.938893903907228e-18,0,0
1663,0.9826584864558493,0.6500520313037592,0.09855085680113305,0.13402173425588823,3.469446951953614e-17,-3.642919299551295e-17,0,0
1664,1.0,0.6599999999991049,0.1,0.13593065382016503,0.020499000115105206,3.9898639947466563e-17,2,0
1665,0.4280516119926849,0.420606092673837,0.055491218220610934,0.09811195398616357,-3.903127820947816e-18,-6.765421556309548e-17,0,0
1666,0.4470433867179975,0.426779673136362,0.05694210613898554,0.09855878955460001,-4.90059381963448e-17,-3.9898639947466563e-17,0,0
1667,0.4660381924835465,0.4329562426120645,0.05838615548104201,0.09905968880997028,4.206704429243757e-17,5.551115123125783e-17,0,0
1668,0.4090589716309027,0.4144245137902391,0.05403077228598591,0.09772125846356434,6.331740687315346e-17,-7.45931094670027e-17,0,0
1669,0.3900683462988318,0.4082391520460499,0.05255753406340971,0.09739174878445779,-6.288372600415926e-17,-2.42861286636753e-17,0,0
1670,0.3710746122085275,0.4020602183703655,0.05106650308531053,0.09713021755573055,-3.2959746043559335e-17,2.6020852139652106e-17,0,0
1671,0.4850353944802672,0.4391148965646711,0.059826265191741584,0.09960697398792498,-6.071532165918825e-18,-5.204170427930421e-17,0,0
1672,0.5040342696030956,0.4453056175396535,0.061262733818795906,0.10020681161940927,-3.252606517456513e-17,4.683753385137379e-17,0,0
1673,0.5230310594717734,0.4514894175064246,0.06269798554820329,0.10084873379657404,-1.9081958235744878e-17,7.28583859910259e-17,0,0
1674,0.5420402513882743,0.4576782310843056,0.0641341771859805,0.10153175923956846,8.326672684688674e-17,-6.938893903907228e-18,0,0
1675,0.5610480050139868,0.4638652142562941,0.06557136425610473,0.10225230916748415,-8.153200337090993e-17,1.3877787807814457e-17,0,0
1676,0.5800553569062736,0.4700463374849706,0.0670105549636388,0.103007144457831,2.3418766925686896e-17,-5.898059818321144e-17,0,0
1677,0.1769057111560496,0.3206167965948015,0.03438102342161047,0.09700559089971701,-6.938893903907228e-17,-5.724587470723463e-17,0,0
1678,0.07781364981764112,0.2700609835657132,0.020482756106963592,0.10188128415671228,-1.0234868508263162e-16,-2.0122792321330962e-16,0,0
1679,0.599055646141529,0.4762208068104976,0.06845188148812748,0.10379402240465106,9.540979117872439e-18,-2.42861286636753e-17,0,0
1680,0.0,0.2400000000003658,0.0,0.1061020800834079,-0.024237032907378775,-2.0556473190325164e-16,1,0
1681,0.6180682705362681,0.4823947646992895,0.06989734476695184,0.10461169234689056,3.0357660829594124e-17,5.204170427930421e-17,0,0
1682,0.6370807082633716,0.4885702769482201,0.07134634084530915,0.10545897254712258,6.071532165918825e-18,5.551115123125783e-17,0,0
1683,0.6560867442802609,0.4947517718294381,0.07279867404196205,0.10633511863568741,-4.683753385137379e-17,1.9081958235744878e-17,0,0
1684,0.6792419690699713,0.5204929280103636,0.07431443871226794,0.11097894624912778,3.642919299551295e-17,3.903127820947816e-18,0,0
1685,0.6982555445754299,0.5266750545927461,0.07579793875860544,0.11191332512742158,-2.2551405187698492e-17,6.071532165918825e-17,0,0
1686,0.7172672147523965,0.5328555091417229,0.07728515429696162,0.11286989418754487,2.5153490401663703e-17,4.5102810375396984e-17,0,0
1687,0.7362722664583481,0.5390310730653193,0.07877596344470014,0.1138469271911928,-5.767955557622884e-17,1.734723475976807e-18,0,0
1688,0.7553017622739409,0.5451876619757698,0.08027326719413437,0.1148402774188134,7.37257477290143e-18,-3.469446951953614e-18,0,0
1689,0.7743144628970922,0.5513724564120892,0.08177343692367028,0.11585858326698933,-7.45931094670027e-17,3.469446951953614e-18,0,0
1690,0.79332746754378,0.5575584539276349,0.08327835427156993,0.1168954807395717,1.1015494072452725e-16,3.8163916471489756e-17,0,0
1691,0.8123411630696731,0.5637435463006617,0.08478826753243171,0.11794969806728617,-5.421010862427522e-17,3.8163916471489756e-17,0,0
1692,0.1959833620757088,0.3268311701127813,0.03656585917657606,0.09614711568542154,-2.7755575615628914e-17,-3.8163916471489756e-17,0,0
1693,0.2150048177150018,0.3330337463911968,0.03858430044052762,0.09541891468845347,2.8189256484623115e-17,-1.0408340855860843e-16,0,0
1694,0.2340087514882593,0.3392352760374089,0.04046994763322422,0.09481845516676164,-4.163336342344337e-17,-1.214306433183765e-16,0,0
1695,0.252995852587903,0.3454359071615558,0.042246977063041716,0.09434293748256212,-2.42861286636753e-17,-8.326672684688674e-17,0,0
1696,0.2719947303183549,0.3516212337852838,0.043940007301375476,0.0939826086107072,5.204170427930421e-18,-7.632783294297951e-17,0,0
1697,0.2909875092985424,0.357800014656304,0.04556315479446654,0.09373422763937049,6.071532165918825e-18,-6.418476861114186e-17,0,0
1698,0.3099725726175103,0.3639786588798,0.04712976833467668,0.09359206175497031,-5.5077470362263625e-17,6.071532165918825e-17,0,0
1699,0.328955358335742,0.3701580908433658,0.04865195897456047,0.09354889154945326,1.3444106938820255e-17,1.0928757898653885e-16,0,0
1700,0.3479366349152747,0.3763420017567192,0.050139055044871685,0.09359843072470814,-5.377642775528102e-17,-2.0816681711721685e-17,0,0
1701,0.1347084091644681,0.2886771836255622,0.030494078751385125,0.0973924811019435,-9.367506770274758e-17,-7.806255641895632e-17,0,0
1702,0.1157116850523616,0.2824917102081597,0.027537447537553765,0.09885074997104606,-5.551115123125783e-17,-1.0408340855860843e-16,0,0
1703,0.09683459379300266,0.276257250207718,0.024239348325957526,0.10035403423082728,-5.377642775528102e-17,-1.5265566588595902e-16,0,0
1704,0.153719000437193,0.2948651132137821,0.03313721623789203,0.09603821229541505,-5.377642775528102e-17,1.5612511283791264e-17,0,0
1705,0.172767446757021,0.3010897227229377,0.035518378496989134,0.09481752289798732,1.734723475976807e-18,-2.6020852139652106e-17,0,0
1706,0.3669293722681803,0.3825227510342247,0.05160045911971097,0.09373192140328337,-4.640385298237959e-17,2.42861286636753e-17,0,0
1707,0.01742802835326989,0.2296490487733875,0.005955447385516077,0.10604646677775904,-1.4224732503009818e-16,-5.065392549852277e-16,0,0
1708,0.03647496916981043,0.237878756827295,0.011752255589313962,0.10474683059718487,-1.0234868508263162e-16,-2.914335439641036e-16,0,0
1709,0.05458608366134821,0.2442820478381246,0.016704153368745204,0.10328436217220291,-1.0148132334464322e-16,-2.5500435096859064e-16,0,0
1710,0.07411544901095879,0.2506079047091488,0.021402407810795405,0.10143124334643407,-1.43982048506075e-16,-2.0990154059319366e-16,0,0
1711,0.6750860636391222,0.5009464873822158,0.07425453327274799,0.10723996458921607,0.0,2.168404344971009e-17,0,0
1712,0.8313546646588943,0.5699306543244331,0.08630328142406943,0.11902101624620505,-2.42861286636753e-17,1.474514954580286e-17,0,0
1713,0.8503691546879735,0.5761201117634084,0.08782368024695611,0.12010874545472366,1.431146867680866e-17,-6.591949208711867e-17,0,0
1714,0.8693837739217619,0.5823092239419514,0.08934959621592357,0.12121167759045458,1.2576745200831851e-17,1.734723475976807e-18,0,0
1715,0.8883983663554433,0.5884936135246222,0.09088118353455144,0.12232839181459045,-2.168404344971009e-17,5.724587470723463e-17,0,0
1716,0.9073906491267003,0.5946571221362598,0.0924170146107801,0.12345504654533998,3.0357660829594124e-17,-2.0816681711721685e-17,0,0
1717,0.9264339215592773,0.6008635857915142,0.093963285837591,0.12460259305302081,-3.9898639947466563e-17,-2.7755575615628914e-17,0,0
1718,0.9475371557385464,0.6069967716716946,0.09568541045933093,0.12574519793543626,2.6020852139652106e-17,4.597017211338539e-17,0,0
1719,0.9656316659935857,0.6200041447246631,0.09715959553417804,0.12823748747578495,-3.9898639947466563e-17,-6.938893903907228e-18,0,0
1720,0.9826794417944599,0.6299998727107616,0.09856327863328411,0.13015491268182533,1.214306433183765e-17,4.683753385137379e-17,0,0
1721,1.0,0.6399999999990521,0.1,0.132080220401524,0.02048648079109486,-2.7755575615628914e-17,2,0
1722,0.4239067485615166,0.4010652794863536,0.05588090889624963,0.09458242440360227,3.686287386450715e-17,5.377642775528102e-17,0,0
1723,0.4428959826788832,0.4072383212997433,0.05728752602837184,0.09499614492362918,1.214306433183765e-17,-5.0306980803327406e-17,0,0
1724,0.461887839361551,0.4134102846735329,0.05868946950151788,0.09546721441524236,-9.540979117872439e-18,-1.0408340855860843e-16,0,0
1725,0.4808874231455645,0.4195702529429538,0.0600898063896204,0.09598910425564476,-1.734723475976807e-17,-6.938893903907228e-18,0,0
1726,0.4049148209332746,0.394883866972301,0.054466712612737146,0.09422951983515175,-2.3418766925686896e-17,-6.245004513516506e-17,0,0
1727,0.3859222642904961,0.388703188463311,0.053041300683238445,0.09394421998457857,3.7730235602495554e-17,3.469446951953614e-18,0,0
1728,0.4998866394575637,0.4257468385684536,0.06148871773159916,0.09656373025161107,-1.6479873021779667e-17,-1.0408340855860843e-17,0,0
1729,0.5188869998442125,0.431933316378617,0.0628881389196668,0.09718620907391441,7.892991815694472e-17,-7.806255641895632e-17,0,0
1730,0.5378872643715626,0.4381196130248604,0.06428942605663833,0.09785142414230717,-1.3877787807814457e-17,-6.591949208711867e-17,0,0
1731,0.556898433782263,0.4443102674287428,0.06569432285056875,0.09855701001446968,2.0816681711721685e-17,5.551115123125783e-17,0,0
1732,0.5759070987090504,0.450495125082041,0.06710271337235423,0.09929869292831202,9.540979117872439e-18,2.6020852139652106e-17,0,0
1733,0.5949139093368802,0.4566803904762231,0.06851508284420123,0.10007520431458905,8.673617379884035e-19,-8.673617379884035e-18,0,0
1734,0.1918627856586652,0.3073323211040243,0.03768590041711489,0.09374445231746946,-7.112366251504909e-17,-9.71445146547012e-17,0,0
1735,0.09290370794317153,0.256696265790408,0.025351070164750446,0.0995348365099125,-7.025630077706069e-17,-1.0234868508263162e-16,0,0
1736,0.6139133474083864,0.4628537507715981,0.06993168875633296,0.10088202393030339,-1.8214596497756474e-17,-5.898059818321144e-17,0,0
1737,0.0,0.2200000000003011,0.0,0.10688198265754564,-0.024702659261978455,-4.2587461335230614e-16,1,0
1738,0.6329234885502526,0.4690314326589879,0.07135401135987382,0.10171992523981983,4.7704895589362195e-18,-2.42861286636753e-17,0,0
1739,0.6519328524250048,0.4752115688127715,0.07278144289691621,0.10258695060413184,-8.023096076392733e-17,-6.245004513516506e-17,0,0
1740,0.670937587815764,0.4813989386373085,0.07421382942929096,0.10348241136479468,4.2934406030425976e-17,-3.8163916471489756e-17,0,0
1741,0.6940992273551071,0.507141391687278,0.07571608289824738,0.10816921994581494,1.9081958235744878e-17,-1.3010426069826053e-18,0,0
1742,0.713107981106312,0.5133308254413288,0.07718210622794892,0.10912073850397629,-1.3877787807814457e-17,-1.9081958235744878e-17,0,0
1743,0.732113840040773,0.5194987060252931,0.07865309537433286,0.110090134454684,6.071532165918825e-18,6.418476861114186e-17,0,0
1744,0.7511298563617764,0.5256603164346387,0.08013004311281692,0.11107912745396877,6.071532165918825e-18,1.3877787807814457e-17,0,0
1745,0.7701623799418622,0.5318225469722888,0.08161353201770519,0.11208799561460639,2.7755575615628914e-17,-1.734723475976807e-17,0,0
1746,0.7891786023889541,0.5379984838744398,0.0831009420724154,0.11311866889761768,-2.2551405187698492e-17,-5.204170427930421e-18,0,0
1747,0.8081920650121771,0.5441843268603367,0.08459357924562205,0.11416935761339175,-8.673617379884035e-19,1.3877787807814457e-17,0,0
1748,0.8272059621849165,0.550370626430612,0.08609194526485764,0.11523738196306761,-5.074066167232161e-17,1.5612511283791264e-17,0,0
1749,0.2108867613169462,0.3135298885684278,0.03966956972391195,0.09282557938552467,2.42861286636753e-17,9.71445146547012e-17,0,0
1750,0.2298730850336082,0.3197211104485638,0.041505582605810394,0.09206057772036208,-8.933825901280557e-17,4.85722573273506e-17,0,0
1751,0.2488623163474144,0.3259023551124123,0.043228279629084335,0.09143918126654971,-1.8214596497756474e-17,6.071532165918825e-17,0,0
1752,0.2678511540445139,0.3320843387806305,0.044859698334256355,0.09095608732068032,-7.806255641895632e-18,-6.938893903907228e-18,0,0
1753,0.2868404065130155,0.3382632695671893,0.04641938776052384,0.09060196971483679,-2.688821387764051e-17,-8.673617379884035e-18,0,0
1754,0.3058322433116977,0.3444412404259865,0.04792306124839149,0.0903679892313008,4.336808689942018e-18,-4.163336342344337e-17,0,0
1755,0.3248163792778564,0.3506212298855875,0.0493822520511756,0.0902463760555272,-7.45931094670027e-17,-1.2663481374630692e-16,0,0
1756,0.343797903717447,0.3568037171852581,0.05080783993907398,0.09022806552548916,-6.938893903907228e-18,6.245004513516506e-17,0,0
1757,0.3627858491357198,0.3629847501445512,0.05220922925349036,0.09030360952052259,3.5561831257524545e-17,-5.204170427930421e-18,0,0
1758,0.1496340089576573,0.2753245980145171,0.03449999331736754,0.09419457389691246,-4.85722573273506e-17,-1.2663481374630692e-16,0,0
1759,0.1305828050829032,0.2691299917170032,0.03181232506770478,0.09587114489207561,-4.85722573273506e-17,-1.214306433183765e-16,0,0
1760,0.1116282017132132,0.2629379871729154,0.028771991846960984,0.09767582890408048,-8.239936510889834e-17,-6.071532165918825e-17,0,0
1761,0.1687026644654125,0.281564096750375,0.03688002021863684,0.09269097965901933,-1.734723475976807e-17,-7.806255641895632e-17,0,0
1762,0.1877226163105283,0.2877861678545318,0.03900689157734473,0.09137677020187056,-3.642919299551295e-17,-5.377642775528102e-17,0,0
1763,0.3817776043888655,0.3691648429875013,0.05359282158828229,0.09046559707289736,1.734723475976807e-18,-7.632783294297951e-17,0,0
1764,0.01604622773000094,0.2099810944133627,0.00623560345561635,0.10706620745933765,-2.6281060661048627e-16,-6.670011765130823e-16,0,0
1765,0.0333364013167001,0.2180584954194007,0.0120895391567117,0.10547972190827982,-1.5872719805187785e-16,-4.0766001685454967e-16,0,0
1766,0.05152372950419554,0.2251170745918856,0.017544148897040777,0.10359363184644935,-1.8821749714348357e-16,-3.0357660829594124e-16,0,0
1767,0.07004097825496998,0.2311095151219858,0.02243603060861053,0.10138137220963729,-1.5785983631388945e-16,-1.0234868508263162e-16,0,0
1768,0.08876928734686564,0.237160694079611,0.02666304491008081,0.09902425508698735,-1.4224732503009818e-16,-1.717376241217039e-16,0,0
1769,0.6899471248365914,0.4876027355264765,0.07565199139423891,0.1044064439412631,5.204170427930421e-18,3.209238430557093e-17,0,0
1770,0.8462199925107841,0.5565586033208059,0.08759616514798468,0.1163221969608241,8.673617379884035e-18,7.112366251504909e-17,0,0
1771,0.865235014148897,0.5627474907957815,0.08910645463850161,0.11742293320888536,3.642919299551295e-17,5.551115123125783e-17,0,0
1772,0.8842507816084725,0.5689358818573084,0.09062294209945017,0.11853865493698723,-1.0581813203458523e-16,-4.85722573273506e-17,0,0
1773,0.9032521048987314,0.5751028246951346,0.09214449959051836,0.11966490274756002,1.0408340855860843e-16,1.5612511283791264e-17,0,0
1774,0.922203426084204,0.5812005608568145,0.09366889026425637,0.12079162854931874,-1.0928757898653885e-16,3.8163916471489756e-17,0,0
1775,0.9402371848936705,0.5866212445872652,0.09512691216198112,0.1218022223901534,6.158268339717665e-17,5.377642775528102e-17,0,0
1776,0.9666999966387237,0.6000143614248648,0.09726956980165997,0.1243596321425606,-7.719519468096792e-17,-4.163336342344337e-17,0,0
1777,0.9829222743114772,0.6100111142625739,0.0985938395309887,0.12628599130627416,9.194034422677078e-17,2.949029909160572e-17,0,0
1778,1.0,0.6199999999989995,0.1,0.1282160523634198,0.020476493805758722,2.0816681711721685e-17,2,0
1779,0.4197640557887959,0.3815249553124279,0.05632620943650731,0.09102222528006727,-1.3877787807814457e-17,-1.734723475976807e-18,0,0
1780,0.4387527610861458,0.3877027019174406,0.057683381708680606,0.09140424392161094,-2.5587171270657905e-17,4.5102810375396984e-17,0,0
1781,0.4577391013532571,0.3938688196207941,0.0590385698425635,0.09184597264393522,1.3444106938820255e-17,6.938893903907228e-17,0,0
1782,0.4767376699503159,0.4000281106746333,0.06039487375412439,0.0923429806810892,-2.6454533008646308e-17,1.0408340855860843e-17,0,0
1783,0.4957416054753732,0.4061967116482473,0.061752862279635876,0.09289426739297024,-2.688821387764051e-17,-2.949029909160572e-17,0,0
1784,0.4007703873996794,0.3753448445927063,0.054963712257280514,0.09070727973937331,-2.42861286636753e-17,4.163336342344337e-17,0,0
1785,0.5147425080006591,0.412379054457463,0.06311313997422639,0.09349702660056465,6.938893903907228e-18,3.8163916471489756e-17,0,0
1786,0.53374397648826,0.4185624146166876,0.06447751061071492,0.09414502659024708,6.938893903907228e-18,1.5612511283791264e-17,0,0
1787,0.5527484830742526,0.4247500098778139,0.0658468762675636,0.09483559465441807,-7.025630077706069e-17,-3.8163916471489756e-17,0,0
1788,0.5717547510544613,0.4309377079233006,0.06722187143795487,0.09556499077048083,-5.898059818321144e-17,-5.551115123125783e-17,0,0
1789,0.5907627595648279,0.4371247383265393,0.06860295374923524,0.09633041761282407,9.367506770274758e-17,7.632783294297951e-17,0,0
1790,0.6097700078956954,0.4433111257900988,0.06999025832599097,0.09712952145227921,-5.637851296924623e-17,5.204170427930421e-18,0,0
1791,0.2067484351927085,0.294006579670696,0.040937330737898646,0.0902483825607125,-1.1622647289044608e-16,-1.2663481374630692e-16,0,0
1792,0.1074638646159452,0.2434054637344819,0.030254584771511373,0.0967310168003359,-1.196959198423997e-16,-1.3877787807814457e-16,0,0
1793,0.6287740349148596,0.4494903995969654,0.07138393444944942,0.09795889041472161,-4.0332320816460765e-17,7.45931094670027e-17,0,0
1794,0.0,0.2000000000002582,0.0,0.10832213104776513,-0.02542666320394085,-6.418476861114186e-16,1,0
1795,0.6477847585343226,0.4556710414208204,0.07278476458590871,0.09881800765231981,2.949029909160572e-17,6.245004513516506e-17,0,0
1796,0.6667972675070648,0.4618549736075943,0.07419243564370101,0.0997055735761499,-1.734723475976807e-18,-1.0408340855860843e-17,0,0
1797,0.6858015154132048,0.4680517777370687,0.07560608150085757,0.10062201492111944,-4.336808689942018e-17,-3.122502256758253e-17,0,0
1798,0.7089583703289601,0.4937902251540783,0.07709630185095169,0.10535126300994918,2.949029909160572e-17,-7.936359902593892e-17,0,0
1799,0.72796327904545,0.4999803051577514,0.07854593696990717,0.10631940548685265,-3.122502256758253e-17,-3.2959746043559335e-17,0,0
1800,0.746976833778812,0.5061407069142426,0.08000255670654828,0.10730318218185753,-3.642919299551295e-17,-2.42861286636753e-17,0,0
1801,0.7659881224322511,0.512302739130865,0.08146496883694376,0.10830779951905696,7.37257477290143e-17,6.071532165918825e-17,0,0
1802,0.7850133526172024,0.5184637076316729,0.0829345837117677,0.10933154605147155,-8.413408858487514e-17,6.938893903907228e-18,0,0
1803,0.8040426332961522,0.5246248923433667,0.08441068322599392,0.110373915817935,7.806255641895632e-18,-6.938893903907228e-18,0,0
1804,0.8230565332926016,0.5308109214080527,0.08589163831832185,0.11143905085228113,2.905661822261152e-17,3.8163916471489756e-17,0,0
1805,0.842070684111009,0.5369973256237964,0.08737902243073248,0.11252121217538066,-6.331740687315346e-17,-7.632783294297951e-17,0,0
1806,0.9552780691410019,0.5899998793763089,0.09634993399358455,0.12242893264614155,3.903127820947816e-17,-3.382710778154774e-17,0,0
1807,0.225732776715581,0.3001890416394248,0.04270985770083768,0.08930023042134726,2.2551405187698492e-17,-5.204170427930421e-18,0,0
1808,0.2447200450931365,0.3063696901071432,0.04436061547250815,0.08852375877002834,-5.204170427930421e-18,-5.898059818321144e-17,0,0
1809,0.263707401334652,0.3125499382379237,0.045916336284291655,0.0879082509720447,-7.806255641895632e-18,-7.632783294297951e-17,0,0
1810,0.2826927394989189,0.3187270818882036,0.0473988566151714,0.08744162638756167,-3.122502256758253e-17,4.85722573273506e-17,0,0
1811,0.3016818318413732,0.3249067669168005,0.04882584067864448,0.0871124654351106,-5.854691731421724e-17,-2.7755575615628914e-17,0,0
1812,0.3206689718949281,0.3310852245412686,0.050210968925524596,0.0869089736633728,3.3393426912553537e-17,7.979727989493313e-17,0,0
1813,0.3396551280799284,0.3372666276521358,0.05156521346479048,0.08682094418714453,-5.2909066017292616e-17,-6.938893903907228e-17,0,0
1814,0.3586424595162347,0.3434479476032569,0.052897827896892,0.08683758442774563,4.336808689942018e-18,-7.45931094670027e-17,0,0
1815,0.3776333618387424,0.3496278505539807,0.05421606806686017,0.08694922435548388,-5.637851296924623e-17,1.734723475976807e-17,0,0
1816,0.1455245348008775,0.2557535479320256,0.03613000676308708,0.09245225039070216,-1.3530843112619095e-16,-3.469446951953614e-17,0,0
1817,0.1646175052908779,0.2620241131064394,0.03849217315875681,0.09062395616303798,-7.112366251504909e-17,-3.9898639947466563e-17,0,0
1818,0.1264512895203164,0.2495889781957308,0.033401872994920395,0.09450687741125904,-2.5153490401663703e-17,4.5102810375396984e-17,0,0
1819,0.1836187327124911,0.268255414899543,0.04056401435924297,0.08903414533620903,-2.5153490401663703e-17,4.163336342344337e-17,0,0
1820,0.2026129201196612,0.2744641377357789,0.04241885957694642,0.08767098920339374,1.0408340855860843e-17,-6.071532165918825e-17,0,0
1821,0.3966257271720662,0.355806852527224,0.05552519258809252,0.08714768353171132,3.8163916471489756e-17,4.5102810375396984e-17,0,0
1822,0.0147771658445296,0.1903696875309603,0.006609886308267491,0.10872858003044349,-4.2760933682828295e-16,-8.578207588705311e-16,0,0
1823,0.03097140509542898,0.1988511899941753,0.012778341965311028,0.10668305358776271,-2.1337098754514727e-16,-4.2760933682828295e-16,0,0
1824,0.04760889186633389,0.2057156862596279,0.0183441414277015,0.10451567334815777,-3.0617869350990645e-16,-4.597017211338539e-16,0,0
1825,0.06587476802305794,0.211545409888081,0.02369271967320808,0.10177066862840702,-2.2898349882893854e-16,-3.191891195797325e-16,0,0
1826,0.08475904094488863,0.2177014649927133,0.028300782992177646,0.09881401256360021,-1.734723475976807e-16,-2.1337098754514727e-16,0,0
1827,0.1035665655585125,0.2238248491404043,0.03214118705734986,0.0959769236363348,-7.979727989493313e-17,-8.673617379884035e-18,0,0
1828,0.7048115242305975,0.474248008954011,0.07702708875378585,0.10156295749457503,9.540979117872439e-17,3.642919299551295e-17,0,0
1829,0.8610855656535346,0.5431854024365073,0.08887299630370075,0.11361989213517132,2.6020852139652106e-17,5.594483210025203e-17,0,0
1830,0.8801007754381739,0.5493734367618301,0.0903736331436345,0.11473408423869921,5.637851296924623e-17,2.6020852139652106e-17,0,0
1831,0.899116905847747,0.5555610770270902,0.09188110473878565,0.11586304796444921,4.336808689942018e-18,0.0,0,0
1832,0.9181334768747732,0.5617484103053707,0.09339513728495016,0.11700674942182522,-4.85722573273506e-17,-6.765421556309548e-17,0,0
1833,0.9366760060264072,0.5672919644134327,0.09487972871789853,0.11803970734014056,-1.5612511283791264e-17,-4.683753385137379e-17,0,0
1834,0.952911690584658,0.5712959890613705,0.0961867844175166,0.11878723885941093,4.336808689942018e-19,1.214306433183765e-17,0,0
1835,0.9827952783576085,0.5900524514485594,0.098595998931414,0.12240853717164264,5.4643789493269423e-17,-7.112366251504909e-17,0,0
1836,0.9660494447646778,0.5800345770157201,0.09724163699661462,0.12047131005061124,6.938893903907228e-17,4.336808689942018e-17,0,0
1837,1.0,0.5999999999989468,0.1,0.12433806825124995,0.020462429148698506,-2.6020852139652106e-17,2,0
1838,0.4156190854873515,0.3619859225104926,0.05682944348064163,0.08742556779366868,1.734723475976807e-18,-4.163336342344337e-17,0,0
1839,0.4346133578772289,0.3681655419626624,0.058132157665785215,0.0877760638364266,-2.168404344971009e-17,-1.9081958235744878e-17,0,0
1840,0.4536085024384496,0.3743463475842047,0.0594359384347445,0.08819313599334935,1.474514954580286e-17,1.5612511283791264e-17,0,0
1841,0.4725910848533211,0.3805050754241629,0.06074260126844772,0.08866714103452303,-3.642919299551295e-17,3.469446951953614e-17,0,0
1842,0.4915902830881264,0.3866625797913489,0.06205514935018591,0.08919607738164834,4.7704895589362195e-18,-3.469446951953614e-18,0,0
1843,0.5105956264549205,0.3928319983903403,0.06337348480982649,0.08977854022429711,-1.214306433183765e-17,-8.673617379884035e-18,0,0
1844,0.5295979143579728,0.3990146995091328,0.06469776925576944,0.09041110643025169,1.1275702593849246e-17,2.7755575615628914e-17,0,0
1845,0.5486005077130179,0.4051976122112781,0.06602934026066888,0.09108748151857872,-3.8163916471489756e-17,4.683753385137379e-17,0,0
1846,0.567604092885907,0.4113815508741184,0.06736865639420858,0.09180456150268006,8.326672684688674e-17,3.469446951953614e-17,0,0
1847,0.5866113457644736,0.4175689887070113,0.06871616672514924,0.09255987491267494,-8.630249292984615e-17,-8.847089727481716e-17,0,0
1848,0.6056218966061446,0.4237590426856109,0.07007203958529355,0.09335066209977096,4.163336342344337e-17,2.42861286636753e-17,0,0
1849,0.6246307251565739,0.4299465315181413,0.07143607965386327,0.09417365429690103,-7.45931094670027e-17,-1.5612511283791264e-17,0,0
1850,0.2216053138707897,0.2806560414925601,0.04410674412890218,0.08652359816515737,-1.1015494072452725e-16,-7.632783294297951e-17,0,0
1851,0.1223407617084326,0.2300439457413644,0.03533538214870476,0.09329810749153637,-1.5265566588595902e-16,-2.3245294578089215e-16,0,0
1852,0.6436346598496075,0.436126474776345,0.07280813299400705,0.09502579526927833,4.9439619065339e-17,-6.938893903907228e-18,0,0
1853,0.0,0.180000000000207,0.0,0.11054512760520588,-0.026068889710964382,-1.6132928326584306e-15,1,0
1854,0.6626442798854107,0.4423119306191826,0.07418876102681338,0.0959075434458906,1.734723475976807e-17,-3.469446951953614e-18,0,0
1855,0.6816549162815826,0.4485011192585315,0.07557758369801088,0.09681691987575534,-2.3418766925686896e-17,4.5102810375396984e-17,0,0
1856,0.7006634028778049,0.4546921212198758,0.07697431679559917,0.0977520400382553,7.45931094670027e-17,-1.3877787807814457e-17,0,0
1857,0.7238217893270968,0.4804338783174334,0.07845514796347754,0.10252521157938763,-1.231653667943533e-16,8.673617379884035e-19,0,0
1858,0.7428262603023621,0.4866127905453027,0.07988972268925541,0.10350831083607587,3.2959746043559335e-17,8.673617379884035e-18,0,0
1859,0.7618304849096318,0.4927813437151772,0.08133126565111598,0.10451035611843543,2.0816681711721685e-17,2.7755575615628914e-17,0,0
1860,0.7808606625152047,0.4989240178201493,0.08278198163841446,0.10552701954486604,4.7704895589362195e-17,-5.377642775528102e-17,0,0
1861,0.799883391079146,0.5050777298754789,0.08423885313032585,0.10656500022671973,-4.597017211338539e-17,-4.163336342344337e-17,0,0
1862,0.8189068671078458,0.5112512927207303,0.08570253510766698,0.10762511024660625,-1.9949319973733282e-17,-2.2551405187698492e-17,0,0
1863,0.8379211200638547,0.5174375469517629,0.08717238453534662,0.10870520148267825,1.8214596497756474e-17,4.5102810375396984e-17,0,0
1864,0.8569359663526294,0.52362400883154,0.08864935628704511,0.10980198095049462,-9.8879238130678e-17,-5.0306980803327406e-17,0,0
1865,0.2405796647168835,0.2868357668257201,0.0456645680647073,0.08558039022528503,-1.214306433183765e-17,-1.5612511283791264e-17,0,0
1866,0.2595667225384889,0.2930176432534229,0.047126031706704444,0.08482425634736336,-2.211772431870429e-17,-1.0408340855860843e-17,0,0
1867,0.2785513826791857,0.2991967923773123,0.04851463900406715,0.08423988399463765,-3.469446951953614e-17,5.204170427930421e-18,0,0
1868,0.2975363995910078,0.3053748224067626,0.04984993512612223,0.08381164293185955,-3.469446951953614e-17,-5.898059818321144e-17,0,0
1869,0.3165224399421173,0.3115534015142215,0.05114705148082961,0.08352506328405916,-6.375108774214766e-17,-1.734723475976807e-18,0,0
1870,0.335510059203176,0.3177324332565142,0.05241785203553066,0.0833666210617883,5.204170427930421e-18,1.734723475976807e-17,0,0
1871,0.3544984182207521,0.3239127871284467,0.05367141813015939,0.08332425578558308,-2.168404344971009e-18,3.9898639947466563e-17,0,0
1872,0.3734883018912608,0.3300934853171427,0.05491499042712711,0.08338662529712579,-2.5153490401663703e-17,2.42861286636753e-17,0,0
1873,0.3924805493531485,0.3362698958626013,0.05615437380427095,0.08354281496697126,-7.806255641895632e-18,-5.204170427930421e-17,0,0
1874,0.1412612360344487,0.2362402410294277,0.038048657189709255,0.09083288055219925,-6.158268339717665e-17,-8.673617379884035e-17,0,0
1875,0.1604564034573726,0.24251246839236,0.04038788320040808,0.08861420045581622,-5.898059818321144e-17,-1.1102230246251565e-16,0,0
1876,0.1795317889568817,0.248754967102627,0.04239112506331433,0.0867008568049,-5.377642775528102e-17,-1.0408340855860843e-16,0,0
1877,0.1985055065492293,0.2549513452144017,0.04414483317447866,0.08507642173508659,-2.3418766925686896e-17,8.673617379884035e-18,0,0
1878,0.2174769160822201,0.2611292772829417,0.04571998502472153,0.08371217030644214,-1.196959198423997e-16,4.5102810375396984e-17,0,0
1879,0.4114729028430451,0.3424502893470325,0.05739310059375931,0.08378569730475371,-6.375108774214766e-17,1.9081958235744878e-17,0,0
1880,0.01217181918403954,0.170356221165906,0.006281934750936036,0.11125036908153668,-7.754213937616328e-16,-1.4046923346722195e-15,0,0
1881,0.0289299177256661,0.1812324038368848,0.013556861911043029,0.10833720428023674,-3.2873009869760494e-16,-7.572067972638763e-16,0,0
1882,0.04490655149633594,0.1867837908463986,0.019751690132122645,0.10586490072516655,-3.5778671692021646e-16,-6.140921104957897e-16,0,0
1883,0.06179615481761566,0.1920791509409722,0.02530878347540428,0.10262071146542909,-3.3566899260151217e-16,-4.2934406030425976e-16,0,0
1884,0.0807205235493618,0.1982193830434972,0.030328638730522852,0.09894688967430146,-2.229119666630197e-16,-2.463307335887066e-16,0,0
1885,0.09958212293656396,0.2043489386827004,0.034413579513930086,0.09548034556582646,-2.7582103268031233e-16,-2.740863092043355e-16,0,0
1886,0.1184164967744305,0.2105299735787032,0.037715941214403255,0.09220340760150036,-1.9081958235744878e-17,2.6020852139652106e-17,0,0
1887,0.7196735022564253,0.460877659186803,0.07837927652981216,0.09870996987597566,-5.204170427930421e-18,-4.336808689942018e-19,0,0
1888,0.8759509613597151,0.5298115492852905,0.09013354174247688,0.11091488382344215,1.196959198423997e-16,-4.683753385137379e-17,0,0
1889,0.8949668963592214,0.5359991078516861,0.09162506443089967,0.11204308716190152,-3.165870343657673e-17,6.591949208711867e-17,0,0
1890,0.9139832220116917,0.5421861838309704,0.09312408280147147,0.1131857890808765,1.9081958235744878e-17,2.7755575615628914e-17,0,0
1891,0.933528395440731,0.5482612784051308,0.09467266162284559,0.11432003953192141,-6.114900252818245e-17,2.0816681711721685e-17,0,0
1892,0.9521579087214388,0.5532861884508056,0.09615753790761436,0.11526392771420543,-7.24247051220317e-17,-1.3877787807814457e-17,0,0
1893,0.9683166474380638,0.5602124250419792,0.09744775513908824,0.11659506935647873,1.0928757898653885e-16,6.071532165918825e-17,0,0
1894,0.983374140616027,0.570315400551611,0.09865501268443776,0.11855761785832185,-5.898059818321144e-17,-1.734723475976807e-18,0,0
1895,1.0,0.5799999999988942,0.1,0.12044401871458842,0.02044923879860253,1.734723475976807e-17,2,0
1896,0.4304678918220482,0.3486254861162248,0.05863498761431906,0.08410536129928024,2.42861286636753e-17,6.071532165918825e-17,0,0
1897,0.4494633552152012,0.3548052918098437,0.059881803876408964,0.08449681642645823,-5.160802341031001e-17,-5.204170427930421e-18,0,0
1898,0.4684570260588402,0.3609836592124722,0.06113541692652445,0.08495265876185712,2.42861286636753e-17,-2.6020852139652106e-17,0,0
1899,0.4874416949330538,0.3671431655670807,0.062397139853800125,0.08546405221206005,4.597017211338539e-17,1.214306433183765e-17,0,0
1900,0.5064411679115203,0.3733044715635739,0.0636689014322849,0.08602926247001637,-7.025630077706069e-17,-3.122502256758253e-17,0,0
1901,0.5254503771039046,0.3794680521888607,0.06495093108519974,0.0866442239924034,-4.597017211338539e-17,7.28583859910259e-17,0,0
1902,0.5444535400592285,0.3856504969481014,0.06624193298284144,0.0873088339229327,7.025630077706069e-17,1.734723475976807e-18,0,0
1903,0.5634575411712459,0.3918325787860475,0.06754324934644405,0.08801546153528493,2.3418766925686896e-17,-3.469446951953614e-17,0,0
1904,0.5824640686158389,0.3980179578439074,0.06885499939667691,0.08876167666888819,-2.688821387764051e-17,6.418476861114186e-17,0,0
1905,0.6014726534692288,0.4042061000000254,0.07017715587131618,0.08954456407706265,-1.214306433183765e-17,-3.8163916471489756e-17,0,0
1906,0.620482356998529,0.4103936900369925,0.07150962466670686,0.0903609650706352,2.3418766925686896e-17,1.214306433183765e-17,0,0
1907,0.6394898173298802,0.4165790226114238,0.07285202250746106,0.09120834661091048,6.375108774214766e-17,-6.938893903907228e-17,0,0
1908,0.2364501633774534,0.2673089289034585,0.0471614383576455,0.08258921642175272,1.474514954580286e-17,-2.949029909160572e-17,0,0
1909,0.1372303100896293,0.2166829048341092,0.04040574465950427,0.08924504814422483,-1.6740081543176188e-16,-9.020562075079397e-17,0,0
1910,0.6584973840572957,0.4227631291872742,0.07420431021298093,0.09208483336525547,-6.722053469410127e-17,-3.469446951953614e-18,0,0
1911,0.0,0.1600000000001506,0.0,0.11369908425495395,-0.02767906038864521,-4.317726731706273e-15,1,0
1912,0.677506170240581,0.4289503088426085,0.07556630697531681,0.09298942971337733,-4.336808689942018e-18,-2.6020852139652106e-17,0,0
1913,0.6965152452221723,0.4351362797938418,0.07693780416853344,0.0939196649756456,-2.168404344971009e-17,-2.6020852139652106e-17,0,0
1914,0.7155251926130441,0.441321689848531,0.07831862097795085,0.09487418371792701,-2.2985086056692694e-17,7.45931094670027e-17,0,0
1915,0.7386841652451015,0.467063072574799,0.07979219892156232,0.0996905193332376,-3.642919299551295e-17,-1.0408340855860843e-17,0,0
1916,0.7576937670835286,0.4732480066737019,0.08121285713610771,0.10069245090318621,-6.071532165918825e-18,-9.020562075079397e-17,0,0
1917,0.7767059213950007,0.4793995134458104,0.08264178980375703,0.10170814760953023,6.331740687315346e-17,3.9898639947466563e-17,0,0
1918,0.7957427026579968,0.4855190731218914,0.08408057976214159,0.10273674658352097,-5.334274688628682e-17,2.949029909160572e-17,0,0
1919,0.8147564077555717,0.4916946939348622,0.08552464157528965,0.10379527655033087,7.762887554996212e-17,-8.673617379884035e-18,0,0
1920,0.8337712088260042,0.4978781470319392,0.08697634547560866,0.10487312195109666,-1.3010426069826053e-17,-4.163336342344337e-17,0,0
1921,0.8527858414745598,0.5040640749997348,0.08843564522331639,0.10596848965502496,-2.949029909160572e-17,-1.5612511283791264e-17,0,0
1922,0.8718011425976355,0.5102506576134029,0.08990265753910631,0.10708033387402416,1.205632815803881e-16,-3.8163916471489756e-17,0,0
1923,0.255430279174623,0.2734874944108995,0.0485057914932879,0.08168492981365831,-4.683753385137379e-17,-8.500145032286355e-17,0,0
1924,0.2744108638034137,0.2796669299245585,0.04978005791565151,0.0809785978245385,-2.42861286636753e-17,-1.3877787807814457e-17,0,0
1925,0.2933941076751723,0.285845004544392,0.05100588008986186,0.08044948979022538,-8.196568423990414e-17,3.9898639947466563e-17,0,0
1926,0.3123792470588206,0.2920227916789739,0.05219929229806061,0.08007940566423852,1.3010426069826053e-18,-3.8163916471489756e-17,0,0
1927,0.3313659456081883,0.2982007137752579,0.05337260181278068,0.07985180503247326,5.204170427930421e-18,-3.9898639947466563e-17,0,0
1928,0.3503549397575416,0.3043796910412287,0.0545351252278282,0.07975199586004202,-2.0816681711721685e-17,-1.734723475976807e-17,0,0
1929,0.3693449129284951,0.3105607147390099,0.05569374544997239,0.07976704835934337,-1.431146867680866e-17,-4.336808689942018e-17,0,0
1930,0.388335098184316,0.3167418119262941,0.056853769045097244,0.07988496404669734,9.540979117872439e-18,6.938893903907228e-18,0,0
1931,0.4073251102680543,0.3229210114897996,0.0580191609252461,0.08009498380347578,-1.474514954580286e-17,5.204170427930421e-18,0,0
1932,0.1562018137774967,0.2229370631881267,0.04263515620998989,0.08663131885303775,-4.85722573273506e-17,1.5612511283791264e-17,0,0
1933,0.1752857722514367,0.2291869468328109,0.044525164226296196,0.08435825933473845,-1.231653667943533e-16,-5.0306980803327406e-17,0,0
1934,0.194368744072739,0.2354275535885765,0.04615076911799662,0.0824350174419087,8.673617379884035e-19,1.9081958235744878e-17,0,0
1935,0.2133438119176101,0.241605789763691,0.04758008359498674,0.08083641250363943,-5.811323644522304e-17,-1.0581813203458523e-16,0,0
1936,0.2323170560252929,0.2477838997364889,0.048873691201249625,0.0795237808715055,0.0,-5.204170427930421e-17,0,0
1937,0.4263208773688397,0.3290906801974278,0.05919349468612496,0.08038619470891413,1.5612511283791264e-17,-3.469446951953614e-17,0,0
1938,0.0173205080757259,0.1500000000001291,0.010722420855660157,0.11405856107178293,-2.8744367996935694e-15,-9.040728235487627e-15,0,0
1939,0.0273474445647005,0.1656426823558722,0.014594847043372201,0.1103407457360981,-1.5785983631388945e-16,-6.47051856539349e-16,0,0
1940,0.04211905851323988,0.169826796775517,0.0211610924092216,0.10769359562370341,-6.661338147750939e-16,-1.1683362610703796e-15,0,0
1941,0.05870977388853554,0.1740658830035197,0.02740949403776123,0.10374052735808169,-4.44956571588051e-16,-6.201636426617085e-16,0,0
1942,0.07664528621794205,0.1787830457075928,0.032833188598232074,0.09942795825327698,-3.5388358909926865e-16,-3.382710778154774e-16,0,0
1943,0.09559455185280774,0.184958830453453,0.037190034721308655,0.09522321407411906,-2.6020852139652106e-16,-1.0408340855860843e-16,0,0
1944,0.1144946438024873,0.1911121710273112,0.040591913731788457,0.09122840111203771,-1.8041124150158794e-16,-2.0643209364124004e-16,0,0
1945,0.1332845765509575,0.1971670320463302,0.04324700444306959,0.08767310915070795,-1.5352302762394743e-16,-5.204170427930421e-17,0,0
1946,0.734535136371739,0.4475071392726364,0.07970847926630571,0.09585177921909026,3.2959746043559335e-17,-1.1709383462843448e-17,0,0
1947,0.8908167376735553,0.5164375498655501,0.0913775148781023,0.10820781918675389,-1.6306400674181987e-16,-3.946495907847236e-17,0,0
1948,0.9098330441664444,0.522624401684838,0.09286018263004683,0.10935036879090788,1.205632815803881e-16,-1.3877787807814457e-17,0,0
1949,0.929466177484986,0.5286807294178953,0.09440058660814937,0.11047953242813809,2.6454533008646308e-17,-8.500145032286355e-17,0,0
1950,0.9510364894270504,0.5343259651509595,0.0961036833791128,0.11153993430711347,-1.214306433183765e-17,-6.245004513516506e-17,0,0
1951,0.9688454991766426,0.5401813833691864,0.09751335008546912,0.1126633992677071,4.9439619065339e-17,-3.469446951953614e-17,0,0
1952,0.9841079303344316,0.5497226454024854,0.09872587999262306,0.11452337385223121,-3.122502256758253e-17,8.673617379884035e-18,0,0
1953,1.0,0.5599999999988415,0.1,0.1165341987983112,0.020435530075614,5.0306980803327406e-17,2,0
1954,0.4453173817437671,0.3352638370206399,0.0603777342181883,0.0807534746916922,1.1275702593849246e-17,-2.2551405187698492e-17,0,0
1955,0.464314578015645,0.3414442151608168,0.0615731564502314,0.08119052262034634,2.3418766925686896e-17,-5.377642775528102e-17,0,0
1956,0.4833104785219851,0.3476238652380699,0.06278087075349954,0.08168956217471485,-8.543513119185775e-17,4.163336342344337e-17,0,0
1957,0.5022938533437655,0.3537804598909593,0.06400131438744107,0.08224095222956329,2.5153490401663703e-17,3.8163916471489756e-17,0,0
1958,0.5212943703607149,0.3599422092245179,0.0652359606479914,0.08284446744208909,-5.551115123125783e-17,-7.806255641895632e-17,0,0
1959,0.540304117066046,0.3661097025449727,0.06648430981092278,0.08349627292013546,5.4643789493269423e-17,-3.9898639947466563e-17,0,0
1960,0.5593108527829427,0.3722842130570233,0.0677453436702158,0.08419318100855087,-5.2909066017292616e-17,3.642919299551295e-17,0,0
1961,0.5783154346904912,0.3784661685777793,0.06901898080894783,0.08493187824931775,-3.686287386450715e-17,8.673617379884035e-18,0,0
1962,0.5973233437136873,0.3846523601184629,0.07030548748098718,0.08570853246273125,8.066464163292153e-17,1.214306433183765e-17,0,0
1963,0.6163327523780916,0.3908393289364576,0.07160450595185908,0.08651980301107838,-3.859759734048396e-17,-1.0408340855860843e-17,0,0
1964,0.6353413667859266,0.3970251619505092,0.07291554570431286,0.08736295844147661,-4.336808689942018e-18,3.9898639947466563e-17,0,0
1965,0.6543496000158995,0.4032106188571103,0.07423824746943335,0.08823599944211713,-4.9873299934333204e-17,4.85722573273506e-17,0,0
1966,0.2512917503949116,0.2539610936721406,0.05007311160981449,0.07846633327156778,-1.1275702593849246e-17,5.204170427930421e-17,0,0
1967,0.1521076096786917,0.2033777931710026,0.045332441711226794,0.08459442162443456,-9.367506770274758e-17,-7.632783294297951e-17,0,0
1968,0.6733580126407215,0.4093958666594342,0.07557227286723751,0.08913703110072049,1.2663481374630692e-16,-2.0816681711721685e-17,0,0
1969,0.0,0.1400000000001077,0.0,0.11778866588140836,-0.02965436319997537,-2.0676169110167564e-14,1,0
1970,0.6923671265076929,0.4155807649233844,0.07691730406271885,0.09006430092512806,-1.0321604682062002e-16,-1.734723475976807e-18,0,0
1971,0.7113769316944861,0.4217658231344487,0.07827297781231131,0.09101637669474372,6.5052130349130266e-18,-2.949029909160572e-17,0,0
1972,0.7303856832191309,0.4279516153780739,0.07963881582606551,0.09199201745861245,1.734723475976807e-18,8.326672684688674e-17,0,0
1973,0.7535468947575278,0.4536726603148975,0.08110754314880883,0.09684723659224201,-2.0816681711721685e-17,6.808789643208968e-17,0,0
1974,0.7725645864870955,0.4598288301451719,0.0825158053242254,0.09786155790634182,-1.9949319973733282e-17,-2.6020852139652106e-17,0,0
1975,0.7915847732148471,0.4659836523511839,0.08393272333580204,0.09889539585330771,-1.0842021724855044e-17,6.591949208711867e-17,0,0
1976,0.810607929671288,0.4721334157416897,0.08535825155503989,0.09994711266238904,2.1250362580715887e-17,-2.2551405187698492e-17,0,0
1977,0.8296212478372422,0.4783183652608148,0.0867909988004912,0.10102401949913177,-4.423544863740858e-17,8.153200337090993e-17,0,0
1978,0.8486359083111472,0.48450379942989,0.08823206889129025,0.10211833742619623,-1.5612511283791264e-17,-4.5102810375396984e-17,0,0
1979,0.8676509093717254,0.4906898394888699,0.08968133008264537,0.10322942384606391,5.811323644522304e-17,2.2551405187698492e-17,0,0
1980,0.8866666311059831,0.4968760882389717,0.0911387865759434,0.104356592177871,-3.469446951953614e-17,2.6020852139652106e-17,0,0
1981,0.2702705320307997,0.2601392869868352,0.05120895904825424,0.07763578185664877,-1.0321604682062002e-16,-1.734723475976807e-17,0,0
1982,0.2892517837561251,0.2663165493282195,0.052304147046983204,0.07700613711268602,5.637851296924623e-18,-2.949029909160572e-17,0,0
1983,0.3082358901783449,0.27249247444507,0.05337563400117877,0.07655425017293978,-1.3010426069826053e-18,-9.367506770274758e-17,0,0
1984,0.3272221680711026,0.2786686356381168,0.054435714059256825,0.07626023586060032,-6.071532165918825e-18,5.204170427930421e-17,0,0
1985,0.3462096709354421,0.2848460052060243,0.05549347041045951,0.07610651633872616,-6.895525817007808e-17,-7.112366251504909e-17,0,0
1986,0.3652029689818749,0.2910268598036856,0.05655573855179928,0.07607770252446994,-1.1275702593849246e-17,8.673617379884035e-18,0,0
1987,0.3841929094362552,0.2972084208992324,0.05762677312088724,0.0761602633699479,-4.85722573273506e-17,0.0,0,0
1988,0.4031882110043911,0.3033924983082844,0.058710461069424166,0.07634216090747152,8.673617379884035e-18,3.642919299551295e-17,0,0
1989,0.4221760039083915,0.3095557138268672,0.059809260145609354,0.07660893802431357,-1.0408340855860843e-17,-2.42861286636753e-17,0,0
1990,0.1711800881560916,0.2096381714148838,0.04705112813974107,0.08193082319803963,-3.469446951953614e-18,-3.469446951953614e-17,0,0
1991,0.1901933271711839,0.2158719943721362,0.04848184236601261,0.07970346408004815,-1.196959198423997e-16,-1.0581813203458523e-16,0,0
1992,0.2092059536319803,0.2220841375733358,0.049720260465779494,0.07785620893458112,2.7755575615628914e-17,5.898059818321144e-17,0,0
1993,0.2281786564287263,0.2282621150326988,0.050826305083873945,0.0763481631059577,-1.3010426069826053e-16,-7.28583859910259e-17,0,0
1994,0.247152743887816,0.2344384111104987,0.05184689863886655,0.07513613680935664,-8.673617379884035e-18,-2.7755575615628914e-17,0,0
1995,0.4411705291242483,0.3157229551661276,0.0609243330231599,0.07695590809495355,-2.992397996059992e-17,-2.6020852139652106e-17,0,0
1996,0.01837468896030796,0.1293913683825914,0.013894514370941718,0.11800200102565396,-1.4838390932636614e-14,-5.39724515080664e-14,0,0
1997,0.03898439399735035,0.1525154470633039,0.022472241431698743,0.1102458524506135,-2.2325891135821507e-15,-3.5496779127175415e-15,0,0
1998,0.05668225079120628,0.1569346538451153,0.030111568519385006,0.10501830135260673,-1.0842021724855044e-15,-1.614160194396419e-15,0,0
1999,0.07303145197469148,0.1608720515844664,0.035756208987083385,0.1001103609485811,-5.95443833129039e-16,-7.363901155521546e-16,0,0
2000,0.09153831743487979,0.165544827066502,0.04060615455542027,0.09520260751343126,-5.741934705483231e-16,-5.30825383648903e-16,0,0
2001,0.1104398787076858,0.1716868095040018,0.04407699333012518,0.09034271257273445,-2.732189474663471e-16,-2.411265631607762e-16,0,0
2002,0.129294237029946,0.177782811281592,0.04663141729240954,0.08608158453600023,-1.3704315460216776e-16,-2.6020852139652106e-17,0,0
2003,0.1481816292631355,0.1839084757499407,0.048547925459424365,0.08243388567771731,-1.249000902703301e-16,-1.231653667943533e-16,0,0
2004,0.7494039360680709,0.4341044910268806,0.08101574327908381,0.0929831056519566,-7.979727989493313e-17,4.119968255444917e-17,0,0
2005,0.9056827691536468,0.5030625708289166,0.09260464878785539,0.10549889841662122,6.245004513516506e-17,-2.862293735361732e-17,0,0
2006,0.9246993405827104,0.5092496378148069,0.09407835108287178,0.10665650975629698,-7.37257477290143e-17,7.112366251504909e-17,0,0
2007,0.9437165732812873,0.5154369096206673,0.09556115349311624,0.10782788624970925,-2.3418766925686896e-17,2.2551405187698492e-17,0,0
2008,0.9644910436738778,0.518255017877456,0.09719717461204123,0.10834604658090369,3.9898639947466563e-17,-1.734723475976807e-18,0,0
2009,0.9838118303454974,0.5282629753005086,0.098716416257387,0.11030138497697066,-3.0357660829594124e-17,-4.5102810375396984e-17,0,0
2010,1.0,0.5399999999987888,0.1,0.11260842738618725,0.02041924271691225,-3.122502256758253e-17,2,0
2011,0.4601682942555485,0.3219016231149213,0.062055994952046244,0.07737694357089737,2.3852447794681098e-17,7.45931094670027e-17,0,0
2012,0.4791667983662407,0.3280823275122789,0.06320493644481166,0.07786335288656836,-2.2985086056692694e-17,-4.336808689942018e-17,0,0
2013,0.4981608622007727,0.3342580378786292,0.06437114185016735,0.07840782113274437,-1.5178830414797062e-17,-5.551115123125783e-17,0,0
2014,0.5171480804929471,0.3404199163426316,0.06555449923276342,0.07900330250966524,4.683753385137379e-17,3.469446951953614e-17,0,0
2015,0.5361482420313294,0.3465907039694139,0.0667553613184855,0.07964909273747685,-2.168404344971009e-18,-6.591949208711867e-17,0,0
2016,0.5551637287263804,0.3527436555523275,0.06797430375133298,0.08033559813809417,-6.114900252818245e-17,1.0408340855860843e-17,0,0
2017,0.574168846704509,0.3589157593772551,0.06920785752315771,0.08106761664144337,9.75781955236954e-17,-1.734723475976807e-18,0,0
2018,0.5931741415908728,0.365099287758919,0.07045654849268168,0.08183998613964807,-2.949029909160572e-17,-8.673617379884035e-18,0,0
2019,0.6121841888716589,0.3712873323413105,0.07172034523586814,0.08264833244943547,-6.938893903907228e-17,1.214306433183765e-17,0,0
2020,0.6311926044295199,0.3774713291714456,0.07299838544033324,0.083488544530715,2.168404344971009e-17,-2.949029909160572e-17,0,0
2021,0.6502011326005392,0.3836562126937997,0.07429010260904664,0.0843593405217968,4.9439619065339e-17,-3.469446951953614e-17,0,0
2022,0.6692098305731393,0.3898408631800766,0.07559495454529903,0.08525849431729658,-1.5612511283791264e-17,-2.7755575615628914e-17,0,0
2023,0.2661295009423914,0.2406148783900653,0.0528150877779874,0.07418337771736669,-8.326672684688674e-17,1.0408340855860843e-17,0,0
2024,0.1670897169700006,0.1901300118503625,0.05000938973362225,0.07937100289676155,-7.28583859910259e-17,-4.85722573273506e-17,0,0
2025,0.6882187369510296,0.3960254147900993,0.07691239604850311,0.08618425576626992,-1.0451708942760263e-16,7.806255641895632e-17,0,0
2026,0.0,0.1200000000000429,0.0,0.12304784753535633,-0.03117145975032757,-1.0748357499174022e-13,1,0
2027,0.03877497653601179,0.1324986600189494,0.026924975731642244,0.11295240330368547,-1.0493342306183706e-14,-1.6788220119634545e-14,0,0
2028,0.7072285144744531,0.4022099554266713,0.07824196376498305,0.08713504432602598,1.1449174941446927e-16,-8.673617379884035e-18,0,0
2029,0.7262388900813337,0.4083951899584043,0.07958315485310338,0.0881095849741359,-1.6046192152785466e-17,-1.1622647289044608e-16,0,0
2030,0.7452498061331039,0.4145811025732571,0.08093551363624364,0.08910662563206163,-4.380176776841438e-17,-6.071532165918825e-17,0,0
2031,0.768417711907576,0.4402631838442773,0.08240184960923556,0.0939964812565633,1.231653667943533e-16,-1.474514954580286e-17,0,0
2032,0.7874384505640927,0.4464059642411605,0.08379800320417555,0.09502664523736964,-7.719519468096792e-17,-5.0306980803327406e-17,0,0
2033,0.806457280631682,0.4525723610862811,0.08520293351668293,0.0960807425583464,1.1579279202145187e-16,2.6020852139652106e-17,0,0
2034,0.8254714275251775,0.4587583503192843,0.08661633278318413,0.09715711925505936,-1.2533377113932431e-16,-1.0061396160665481e-16,0,0
2035,0.8444856660743152,0.464944120106831,0.08803861728047677,0.09825101781527887,1.2923689896027213e-16,7.45931094670027e-17,0,0
2036,0.8635006509553314,0.471129534248952,0.08946972301439451,0.09936172506226756,-8.933825901280557e-17,1.734723475976807e-18,0,0
2037,0.8825159388814517,0.477315768392515,0.09090951937726886,0.1004888740845455,-1.5612511283791264e-17,3.2959746043559335e-17,0,0
2038,0.9015321368500188,0.4835011205362074,0.09235798682956112,0.10163167271095395,-3.122502256758253e-17,-1.0408340855860843e-17,0,0
2039,0.2851089254643543,0.2467915208433973,0.05375475233691367,0.07345721365598755,1.431146867680866e-17,8.673617379884035e-18,0,0
2040,0.3040920636182762,0.2529655791515436,0.05468318985455307,0.07292858957166184,-2.168404344971009e-17,3.2959746043559335e-17,0,0
2041,0.3230778376861151,0.2591369439525191,0.05561240071839099,0.07257315816759694,-8.153200337090993e-17,-2.2551405187698492e-17,0,0
2042,0.3420665087332022,0.2653133081155338,0.056550297480994605,0.07237139986576441,5.898059818321144e-17,-2.2551405187698492e-17,0,0
2043,0.3610570812583119,0.2714929189762448,0.05750292508503271,0.07230477649786465,-1.474514954580286e-17,-4.683753385137379e-17,0,0
2044,0.3800502833153294,0.2776731904072265,0.05847439136870551,0.07235711436406995,-4.336808689942018e-18,-5.377642775528102e-17,0,0
2045,0.3990390795126311,0.2838533841680645,0.05946668197293192,0.07251520437885423,-1.214306433183765e-17,-7.632783294297951e-17,0,0
2046,0.4180281440340993,0.2900204332977543,0.060482248789935356,0.07276427193341135,4.7704895589362195e-17,-3.2959746043559335e-17,0,0
2047,0.4370231516507169,0.2961867045018099,0.0615213827825722,0.07309661835969461,-4.7271214720367993e-17,3.469446951953614e-18,0,0
2048,0.1860566011807676,0.1963358430540529,0.051187269814544974,0.07681471302216353,-6.158268339717665e-17,5.204170427930421e-18,0,0
2049,0.2050628037340886,0.2025593137691578,0.05217431428740218,0.07471677463964203,-4.336808689942018e-17,-1.0408340855860843e-16,0,0
2050,0.2240391253987026,0.2087433755099908,0.05304425833306738,0.07301386369174759,-6.765421556309548e-17,8.673617379884035e-18,0,0
2051,0.2430122017091549,0.2149198195910931,0.0538447533156729,0.0716529543893386,1.3010426069826053e-17,-3.122502256758253e-17,0,0
2052,0.2619882262440031,0.2210928141865971,0.05461109597753274,0.07058541372451548,-8.760353553682876e-17,-7.979727989493313e-17,0,0
2053,0.4560223859547308,0.3023592002516138,0.06258379499228132,0.0735051260564756,-4.597017211338539e-17,-1.214306433183765e-17,0,0
2054,0.01474142151757528,0.1130332403287886,0.013633490911114045,0.12288385367251235,-8.376632720796806e-14,-3.391913486194831e-13,0,0
2055,0.03474664110960964,0.1128652910115621,0.03031555767471908,0.11714167865143724,-5.509134815007144e-14,-1.6110349816342295e-13,0,0
2056,0.05607888756946564,0.1399538646122055,0.034238993624464815,0.1061872562910496,-2.8917840344533374e-15,-4.048844592929868e-15,0,0
2057,0.0708222260809221,0.1450469870484604,0.03924149711449768,0.10069543447745793,-6.990935608186533e-16,-8.066464163292153e-16,0,0
2058,0.0873084192409245,0.1468001266882807,0.04481615024515649,0.09534731293966545,-9.731798700229888e-16,-5.0133508455729725e-16,0,0
2059,0.1065274746302186,0.1523944097396519,0.048362281512477394,0.08939585779331566,-4.423544863740858e-16,-1.0408340855860843e-16,0,0
2060,0.1252694960501943,0.1583688308815835,0.05072158151115769,0.0843422232298984,-2.0729945537922845e-16,-6.938893903907228e-17,0,0
2061,0.1441308724034758,0.1645006759313307,0.052334150791455106,0.08010006368809719,-1.214306433183765e-16,-1.3530843112619095e-16,0,0
2062,0.163032082277721,0.1706634931708864,0.053470897453427105,0.07657267714150458,-1.0842021724855044e-16,-6.938893903907228e-18,0,0
2063,0.7642621777069414,0.4207049319280405,0.08229941362358549,0.09011232904722362,1.196959198423997e-16,-2.862293735361732e-17,0,0
2064,0.9205486985311342,0.4896880956266212,0.09381574593552763,0.10278934732107768,-3.642919299551295e-17,4.7704895589362195e-17,0,0
2065,0.9383962498036138,0.496122259009705,0.09518893182289373,0.10401513607951052,9.367506770274758e-17,2.42861286636753e-17,0,0
2066,0.952987809703399,0.5024803032953766,0.09631750896917246,0.1052437391384694,-1.0755285551056204e-16,3.122502256758253e-17,0,0
2067,0.9828930211513012,0.5096301877258602,0.0986556685387302,0.10661911223324677,3.469446951953614e-18,-8.673617379884035e-18,0,0
2068,1.0,0.5199999999987361,0.1,0.10866379025332618,0.020403612937291222,5.204170427930421e-18,2,0
2069,0.4750202207076889,0.308536920758714,0.06366896661400596,0.07398231329494794,2.949029909160572e-17,4.336808689942018e-17,0,0
2070,0.4940208407082626,0.3147188178445147,0.06477675427122619,0.07452120156944092,-2.0383000842727483e-17,3.9898639947466563e-17,0,0
2071,0.5130169590416523,0.3208959829232472,0.06590628586465613,0.07511448448692824,3.8163916471489756e-17,-8.153200337090993e-17,0,0
2072,0.5320092044564181,0.3270552245964091,0.06705716670735702,0.07575438580786331,1.9949319973733282e-17,0.0,0,0
2073,0.5510258269822786,0.3332033793411602,0.06823026291412326,0.0764370764199533,-8.413408858487514e-17,-2.7755575615628914e-17,0,0
2074,0.5700231651807828,0.3393670782308385,0.06942076766597603,0.07716556570060432,9.71445146547012e-17,8.673617379884035e-18,0,0
2075,0.5890270343362873,0.3455475319237331,0.07062970137318952,0.07793595983776672,-9.75781955236954e-17,-2.949029909160572e-17,0,0
2076,0.6080350193307729,0.3517323139521643,0.07185639875813898,0.07874278070581824,5.551115123125783e-17,-1.734723475976807e-18,0,0
2077,0.6270437070419838,0.3579173649956755,0.0730998595377749,0.07958264714395964,6.765421556309548e-17,-3.469446951953614e-18,0,0
2078,0.6460524065130274,0.3641020620626202,0.07435921066096608,0.08045311777445546,-6.158268339717665e-17,-5.551115123125783e-17,0,0
2079,0.6650611343938776,0.3702866288792168,0.07563366030801302,0.08135217109987182,3.382710778154774e-17,6.071532165918825e-17,0,0
2080,0.6840700516175781,0.3764707224464494,0.07692248053079181,0.08227790365988152,-3.122502256758253e-17,-5.204170427930421e-17,0,0
2081,0.2809677901085359,0.2272683711100787,0.055366602853741065,0.06977161718106714,-1.6479873021779667e-17,-7.45931094670027e-17,0,0
2082,0.1819802912635959,0.1768562945414089,0.05431142019484882,0.07368355519662298,-7.632783294297951e-17,-5.724587470723463e-17,0,0
2083,0.7030796489980874,0.3826536094766704,0.07822502045262386,0.08322853659519745,6.375108774214766e-17,-6.245004513516506e-17,0,0
2084,0.0,0.1,0.0,0.12966454867843,-0.019453383344916565,2.8442135799333634e-13,1,0
2085,0.05788300606156506,0.1224348466859376,0.041149648383491576,0.10622205925323347,-1.0932227345605838e-14,-1.2333883914195098e-14,0,0
2086,0.7220901474735243,0.3888386529105849,0.07954060242473739,0.08420330896277037,3.686287386450715e-17,7.45931094670027e-17,0,0
2087,0.7410942967802049,0.3950163781556812,0.08086823489361103,0.08519909784868175,-1.3183898417423734e-16,6.938893903907228e-18,0,0
2088,0.7601162546454382,0.401155424151683,0.08220951643560738,0.0862081012401204,6.852157730108388e-17,2.0816681711721685e-17,0,0
2089,0.7832940258563301,0.4268317219145734,0.08367502146557775,0.09113867256142665,-7.112366251504909e-17,1.5612511283791264e-17,0,0
2090,0.8023071506336723,0.4330124824928419,0.08505866994532028,0.09219541478168305,-2.211772431870429e-17,-3.8163916471489756e-17,0,0
2091,0.8213212028195856,0.4391983067361025,0.08645212311814221,0.09327163209921197,3.729655473350135e-17,8.326672684688674e-17,0,0
2092,0.8403355697222423,0.445384323036107,0.08785516038300285,0.0943656207650124,-1.2576745200831851e-17,-1.1622647289044608e-16,0,0
2093,0.8593502179236872,0.4515705430980834,0.0892676007967458,0.0954767050921161,9.063930161978817e-17,-2.2551405187698492e-17,0,0
2094,0.878365609143952,0.4577568967826962,0.09068933728278017,0.09660426489461829,-5.204170427930421e-17,-8.153200337090993e-17,0,0
2095,0.8973804731590319,0.4639433645681207,0.09212016075515914,0.09774780371534707,5.5077470362263625e-17,3.9898639947466563e-17,0,0
2096,0.9162965842988524,0.4701498454129043,0.09355219567122418,0.09891168554901263,-4.5102810375396984e-17,-2.7755575615628914e-17,0,0
2097,0.9678198258758807,0.4976523234016121,0.09748676984185876,0.10426086874247119,8.413408858487514e-17,3.0357660829594124e-17,0,0
2098,0.2999486145498892,0.233440792757363,0.056127939256338785,0.06917586386182024,8.673617379884035e-19,-1.0408340855860843e-17,0,0
2099,0.3189323592250928,0.2396101305326229,0.056905939788936856,0.0687690881539759,-7.112366251504909e-17,1.3877787807814457e-17,0,0
2100,0.3379211454438655,0.2457792187523743,0.05770769646894358,0.06852702764871821,3.8163916471489756e-17,1.734723475976807e-17,0,0
2101,0.3569124855987543,0.2519562609654775,0.05853690781583425,0.06843072063464233,-8.196568423990414e-17,2.7755575615628914e-17,0,0
2102,0.3759008349905818,0.2581355082145532,0.05939646390532115,0.06846143953251846,-3.0357660829594124e-17,6.418476861114186e-17,0,0
2103,0.3948852721203147,0.2643064120380147,0.06028803262934625,0.0686018095404053,-2.42861286636753e-17,5.551115123125783e-17,0,0
2104,0.4138780947941727,0.2704734680157099,0.06121239892388355,0.06883907756164882,2.168404344971009e-17,5.898059818321144e-17,0,0
2105,0.432873819346411,0.2766451850914716,0.06216827536608748,0.06916435684431464,-6.808789643208968e-17,0.0,0,0
2106,0.4518719179301115,0.2828113094345747,0.06315536052254712,0.06956605257684241,1.734723475976807e-18,-6.418476861114186e-17,0,0
2107,0.2009277178835769,0.183047604311416,0.054975472869146114,0.07134437379616616,-3.0357660829594124e-17,-1.5612511283791264e-17,0,0
2108,0.2198987279663436,0.1892277489775517,0.0555498843773326,0.0694585043666214,-7.025630077706069e-17,-4.163336342344337e-17,0,0
2109,0.2388708285103873,0.1953963108547357,0.05608270570885505,0.06796200550629868,-1.0928757898653885e-16,-1.0061396160665481e-16,0,0
2110,0.2578472045000362,0.2015711771465414,0.05660684557239835,0.06679697845021157,3.0357660829594124e-17,7.979727989493313e-17,0,0
2111,0.2768268061660641,0.2077448722482075,0.057145607496128056,0.06591166555869886,-7.892991815694472e-17,6.591949208711867e-17,0,0
2112,0.4708725715946121,0.2889907198135707,0.06417178057418928,0.07003999849625593,-3.0357660829594124e-18,-4.336808689942018e-17,0,0
2113,0.01950903225015753,0.09807852803066691,0.02190538135121529,0.1260722563156243,1.6185316975558806e-13,4.3421386278219565e-13,0,0
2114,0.05555153914232636,0.1016784250325749,0.049090277641389006,0.10788320991561068,-3.912321855370493e-14,-4.164312124299574e-14,0,0
2115,0.07606981845947332,0.1302377430066605,0.04645159659081909,0.09858005058892853,-3.202299536653186e-15,-2.976785484776201e-15,0,0
2116,0.1006767266282129,0.1309158289318551,0.05391580604724157,0.08852015768947849,-1.6167622796103842e-15,-9.992007221626409e-16,0,0
2117,0.1214618434709066,0.1390230899723007,0.05570313446599273,0.08219692945477172,-3.5735303605122226e-16,-2.0643209364124004e-16,0,0
2118,0.1400813133553554,0.1450643718176328,0.056836038430961945,0.07738680395615176,-2.0816681711721685e-17,3.122502256758253e-17,0,0
2119,0.158926476444503,0.1512160726863489,0.05749940460640733,0.07340884161512712,-2.177077962350893e-16,-1.8041124150158794e-16,0,0
2120,0.1778159182302883,0.1573822291301112,0.057890124913236383,0.07021088846764212,-1.3010426069826053e-16,-1.1622647289044608e-16,0,0
2121,0.7791366597955174,0.4072854207624038,0.08356207320531768,0.0872355850713155,-3.469446951953614e-17,3.686287386450715e-17,0,0
2122,0.934810368295846,0.4764414478084469,0.09496367514939409,0.10010632746060899,6.591949208711867e-17,-6.375108774214766e-17,0,0
2123,0.9533617237176806,0.4827955644082983,0.09638540348867658,0.10133131138252689,-4.0766001685454967e-17,4.163336342344337e-17,0,0
2124,0.9835245894360183,0.4899383824054073,0.09871774041546791,0.10270857163638482,-2.0816681711721685e-17,-1.214306433183765e-17,0,0
2125,1.0,0.4999999999986943,0.1,0.10470227982845572,0.020394624977764876,2.0816681711721685e-17,2,0
2126,0.4898740332632057,0.295172662173307,0.06521668099022929,0.0705769309878589,3.0357660829594124e-18,-4.85722573273506e-17,0,0
2127,0.50887567671442,0.3013547142966809,0.06628877915353913,0.07117025950979376,4.8138576458356397e-17,6.071532165918825e-17,0,0
2128,0.5278733635140009,0.307531210095808,0.06738659448798139,0.07181364136966364,-3.9898639947466563e-17,5.898059818321144e-17,0,0
2129,0.5468699559846592,0.3136790818047515,0.06850956512370354,0.07249754497183097,-4.336808689942018e-19,3.469446951953614e-18,0,0
2130,0.5658764781620121,0.3198294227265462,0.06965610605673551,0.07322406295503393,3.469446951953614e-17,-3.642919299551295e-17,0,0
2131,0.5848786575151549,0.3259951912167632,0.07082361723811313,0.07399292209022819,-6.158268339717665e-17,-4.163336342344337e-17,0,0
2132,0.6038862288420815,0.3321790408270931,0.07201157848277041,0.07480124076142614,6.028164079019405e-17,6.071532165918825e-17,0,0
2133,0.6228948153017538,0.3383633258662552,0.07321898450095606,0.07564274395876627,-2.5587171270657905e-17,-5.0306980803327406e-17,0,0
2134,0.6419036849574418,0.3445478028996972,0.07444468004071433,0.07651500178176775,-2.0383000842727483e-17,7.632783294297951e-17,0,0
2135,0.6609125827416197,0.3507322277567543,0.07568761042494468,0.07741585842364893,-3.469446951953614e-17,-3.122502256758253e-17,0,0
2136,0.6799214268984819,0.3569159401753879,0.07694681640083967,0.07834331321947174,-3.469446951953614e-18,-1.3877787807814457e-17,0,0
2137,0.6989302639012003,0.3630998389586886,0.0782213890432435,0.07929590068166462,4.163336342344337e-17,2.0816681711721685e-17,0,0
2138,0.2958076964347777,0.2139202851847725,0.057712760498627357,0.06526504591528587,-3.165870343657673e-17,-5.0306980803327406e-17,0,0
2139,0.1967438781583239,0.1635051594192511,0.0581594674492724,0.06763778960850246,-2.6020852139652106e-18,8.673617379884035e-18,0,0
2140,0.7179401106653334,0.3692827052729282,0.07951059298409804,0.08027190300574358,-9.75781955236954e-17,-4.336808689942018e-17,0,0
2141,0.03826834333741969,0.09238795320933009,0.04096113663823526,0.11850752320676095,6.941669461468791e-14,8.134335219289746e-14,0,0
2142,0.07467739297789157,0.1099661303430575,0.054269856158358123,0.09779233910919968,-1.0172418463127997e-14,-9.38311928155855e-15,0,0
2143,0.7369485075834594,0.3754663435892733,0.08081345935885627,0.08127042160246128,4.5536491244391186e-17,3.469446951953614e-17,0,0
2144,0.7559607284709715,0.381615944907109,0.08213011959412382,0.08228315395701091,1.9081958235744878e-17,2.42861286636753e-17,0,0
2145,0.7749938589858902,0.3877287665836066,0.08346114169848963,0.08330835872239187,-4.466912950640278e-17,-2.42861286636753e-17,0,0
2146,0.7981571170167415,0.4134529773505379,0.08492515257863659,0.08829005735627331,4.5102810375396984e-17,-2.5587171270657905e-17,0,0
2147,0.8171712001815752,0.4196386168879694,0.0862981731505996,0.08936679923087591,-5.377642775528102e-17,1.214306433183765e-17,0,0
2148,0.8361856999723575,0.4258244303261644,0.08768150342485585,0.09046137685175895,1.0234868508263162e-16,3.8163916471489756e-17,0,0
2149,0.8552005039608828,0.4320106428645872,0.08907486030296033,0.09157318518011877,-1.0495077029659683e-16,4.85722573273506e-17,0,0
2150,0.8742158524031415,0.4381976010158842,0.09047805030050869,0.09270168296806694,-4.119968255444917e-17,1.0061396160665481e-16,0,0
2151,0.8932315436030951,0.4443842459765588,0.0918908617796709,0.0938461142439135,8.239936510889834e-18,-6.938893903907228e-18,0,0
2152,0.9122468806499674,0.4505699955868179,0.0933130082641255,0.09500586046021645,-6.938893903907228e-18,-1.734723475976807e-17,0,0
2153,0.9312609483071164,0.4567550483512121,0.09474344877854672,0.09618158745049886,4.597017211338539e-17,-6.938893903907228e-18,0,0
2154,0.9706829908263812,0.4805751286824073,0.09772982903410771,0.10085734233951307,4.9439619065339e-17,-3.469446951953614e-17,0,0
2155,0.3147800161537975,0.2200915452011897,0.05831677935005372,0.06482279054063837,-5.160802341031001e-17,-4.163336342344337e-17,0,0
2156,0.3337609052208746,0.2262434820810137,0.05896467633539705,0.06455195902252084,7.37257477290143e-18,-3.642919299551295e-17,0,0
2157,0.352747120794775,0.2324012575775364,0.05965660883823617,0.06443441166703959,-3.0357660829594124e-18,1.734723475976807e-17,0,0
2158,0.371749928973425,0.238586962952747,0.060392478989061006,0.0644547467414953,-5.377642775528102e-17,-7.979727989493313e-17,0,0
2159,0.390731409037408,0.2447503542432403,0.06117316584972156,0.06458748166023671,8.239936510889834e-18,-5.204170427930421e-17,0,0
2160,0.4097228427388205,0.2509272489585115,0.0619968532024059,0.06482422236616987,-4.336808689942018e-19,-8.153200337090993e-17,0,0
2161,0.42871941101276,0.2570881445404427,0.06286319914090978,0.06514682011017223,-2.6454533008646308e-17,1.214306433183765e-17,0,0
2162,0.4477193777338291,0.2632615499316437,0.06376859664584512,0.06555155386979832,7.979727989493313e-17,2.7755575615628914e-17,0,0
2163,0.4667241806233842,0.2694439672133798,0.06471126535173097,0.06602884589714678,-8.716985466783456e-17,-3.122502256758253e-17,0,0
2164,0.2157575192705471,0.1697258538494423,0.058359448454745236,0.06560274518938895,-3.729655473350135e-17,-6.418476861114186e-17,0,0
2165,0.2347238574528927,0.1758697558087909,0.05856954692325192,0.06399768824694124,-3.0357660829594124e-17,3.469446951953614e-18,0,0
2166,0.2537038540351939,0.1820459880944463,0.058806339582117145,0.0627631385509856,-9.540979117872439e-17,-8.673617379884035e-17,0,0
2167,0.2726838322133118,0.1882192144292372,0.05909265353007109,0.06183228772125828,-8.760353553682876e-17,-5.898059818321144e-17,0,0
2168,0.2916677557193958,0.1943941206065719,0.05943719568967565,0.06115681444413421,3.5561831257524545e-17,-3.469446951953614e-17,0,0
2169,0.4857266244181412,0.2756261787842604,0.06568906503405438,0.06656955633862746,-2.3418766925686896e-17,5.204170427930421e-17,0,0
2170,0.07310115631937508,0.08907487570957508,0.06502288675011662,0.09511908932036683,-3.780829815891451e-14,-3.4677122284776374e-14,0,0
2171,0.05555702344683316,0.08314696113345352,0.05956176958438575,0.10689332250401982,6.182207523686145e-14,5.09956660232902e-14,0,0
2172,0.0904029142907545,0.1167235466155223,0.05684167401396944,0.09060697462349539,-2.138914045879403e-15,-1.4883927423881005e-15,0,0
2173,0.118216325712894,0.1193540867041253,0.061893277521669544,0.07924736922927901,-6.860831347488272e-16,-5.655198531684391e-16,0,0
2174,0.13605592357774,0.1255677743837516,0.06218798505082052,0.07400178060696809,-2.749536709423239e-16,-4.2327252813834093e-16,0,0
2175,0.1548001511816144,0.1317420389077882,0.06216285234853141,0.06965245790096743,-1.8735013540549517e-16,-1.8735013540549517e-16,0,0
2176,0.1736466353429563,0.1378449796073459,0.06197756702829517,0.06619532416310474,-1.1362438767648086e-16,-1.2663481374630692e-16,0,0
2177,0.1925353730758728,0.1440299572472412,0.06171429320883009,0.06349096940204137,-1.5525775109992423e-16,-1.7520707107365752e-16,0,0
2178,0.79400750894729,0.3938978417460252,0.08480197895247904,0.08436458042274007,8.326672684688674e-17,-8.673617379884035e-18,0,0
2179,0.9466699309760309,0.4646878933811169,0.09590574101858194,0.09772740243634875,-1.3183898417423734e-16,-3.122502256758253e-17,0,0
2180,0.9650025864637574,0.4623673097648769,0.09731754254371064,0.09722991108686606,4.5536491244391186e-17,-3.2959746043559335e-17,0,0
2181,1.0,0.4799999999987418,0.1,0.10072322825809064,0.020374452497938046,-5.204170427930421e-18,2,0
2182,0.9837062286385683,0.4701220634318416,0.09874687282004249,0.0987565410567948,1.474514954580286e-17,3.642919299551295e-17,0,0
2183,0.5047273976723021,0.2818064754052785,0.06669995749719855,0.06716686454268092,-3.0357660829594124e-18,-6.938893903907228e-18,0,0
2184,0.5237306483094076,0.2879873438043286,0.06774204007052777,0.067815634590764,4.336808689942018e-19,-7.979727989493313e-17,0,0
2185,0.5427285500416323,0.2941449335664149,0.06881353100773442,0.06850627853727347,7.37257477290143e-18,-2.0816681711721685e-17,0,0
2186,0.561740929038252,0.3002810276086299,0.0699136818077323,0.06923445572682232,-2.5153490401663703e-17,1.5612511283791264e-17,0,0
2187,0.5807345193042259,0.3064506379908188,0.07103696081766434,0.07000912955516812,1.9949319973733282e-17,5.204170427930421e-17,0,0
2188,0.5997375295111859,0.3126255666281451,0.07218449391750248,0.07082035886483848,-4.597017211338539e-17,-4.683753385137379e-17,0,0
2189,0.6187459219435552,0.3188094380353561,0.07335445477857187,0.07166626418754342,4.9439619065339e-17,-1.9081958235744878e-17,0,0
2190,0.637754840638844,0.324993667977114,0.07454529706637719,0.07254272976635633,-7.112366251504909e-17,1.5612511283791264e-17,0,0
2191,0.6567640477123418,0.3311777877586505,0.07575569354269722,0.07344753061626223,3.5128150388530344e-17,1.734723475976807e-18,0,0
2192,0.6757730585416294,0.3373616049748545,0.07698439803861763,0.07437876579365582,3.469446951953614e-17,3.2959746043559335e-17,0,0
2193,0.6947815308080005,0.3435449291792405,0.07823027675298583,0.07533474465965787,-9.540979117872439e-18,2.2551405187698492e-17,0,0
2194,0.7137896655837355,0.3497300826570107,0.07949228455688372,0.07631448158619385,-8.673617379884035e-19,-1.734723475976807e-18,0,0
2195,0.310653473831923,0.2005713531862455,0.05984499828232329,0.06069834254963307,-2.6020852139652106e-18,-1.3877787807814457e-17,0,0
2196,0.2114507909050473,0.1499191399899009,0.0615229864049075,0.061289832999334555,-2.7755575615628914e-17,-3.642919299551295e-17,0,0
2197,0.7327986003469076,0.3558908508566677,0.08076991569324543,0.07731128362585572,3.5128150388530344e-17,-5.0306980803327406e-17,0,0
2198,0.09346731086856337,0.09786196430711816,0.06628017497869088,0.08521503559914369,-1.095304402731756e-14,-8.504481840976297e-15,0,0
2199,0.1041599131015017,0.1122779157968114,0.06229694877055349,0.08339767886679313,-1.2455314557513475e-15,-1.07032438467769e-15,0,0
2200,0.7518135475384385,0.3620420925887966,0.08206245492916397,0.07832706825581434,-1.1275702593849246e-17,-5.724587470723463e-17,0,0
2201,0.7708370386038175,0.368177493439071,0.0833693598908343,0.07935949932444729,-6.982261990806649e-17,5.0306980803327406e-17,0,0
2202,0.7898575689514501,0.3743334736155046,0.08468870860319286,0.08041530965680002,6.938893903907228e-17,-1.3877787807814457e-17,0,0
2203,0.8130211923624026,0.4000789422767699,0.08615414810919629,0.08544173981612636,-1.0408340855860843e-16,-7.979727989493313e-17,0,0
2204,0.8320355944787932,0.4062641334528964,0.08751737044484066,0.0865375049169,1.209969624493823e-16,4.683753385137379e-17,0,0
2205,0.8510506434229683,0.4124503191396003,0.08889131354691532,0.08765061906869599,-9.497611030973019e-17,-4.336808689942018e-17,0,0
2206,0.8700660661498367,0.4186368353238298,0.09027567494010814,0.08878040519571036,1.214306433183765e-17,-5.724587470723463e-17,0,0
2207,0.8890819098934936,0.4248235400392721,0.0916702873487699,0.08992630376059162,1.734723475976807e-18,-3.122502256758253e-17,0,0
2208,0.9080982855396893,0.4310102969200127,0.09307502512767593,0.09108782829083148,1.6046192152785466e-17,1.734723475976807e-17,0,0
2209,0.9271144384499195,0.4371963969363344,0.094489830820017,0.0922643255687512,-3.2959746043559335e-17,7.112366251504909e-17,0,0
2210,0.948914028095754,0.4450800965727502,0.09612047179801272,0.09379186013027821,1.6479873021779667e-17,4.163336342344337e-17,0,0
2211,0.3296010197307461,0.2067065774114904,0.060319093325353144,0.060419211814354466,-5.637851296924623e-17,-3.9898639947466563e-17,0,0
2212,0.3485767475558794,0.2128484220129378,0.06085779000186686,0.06029761769348438,-5.377642775528102e-17,-5.551115123125783e-17,0,0
2213,0.3675615119758512,0.2189931987006682,0.06145892474276231,0.06031330740070044,2.949029909160572e-17,3.2959746043559335e-17,0,0
2214,0.3865669453296858,0.2251884123717763,0.06211742145973731,0.060458085276104495,6.071532165918825e-18,-5.204170427930421e-18,0,0
2215,0.4055626300716204,0.2313575809238391,0.06283331872311282,0.06070125355685112,-4.597017211338539e-17,2.949029909160572e-17,0,0
2216,0.4245701479235447,0.2375323775357022,0.06360245205629163,0.061035967019156784,-8.803721640582296e-17,-2.0816681711721685e-17,0,0
2217,0.4435726220276963,0.2437142075439549,0.06442032167697377,0.06145274120864609,7.112366251504909e-17,1.0408340855860843e-17,0,0
2218,0.462575906536526,0.2498962048166694,0.06528425923960636,0.061940592255636105,-3.642919299551295e-17,1.5612511283791264e-17,0,0
2219,0.4815791830523011,0.2560784169233113,0.0661909723863477,0.062491854300303996,-8.326672684688674e-17,-3.8163916471489756e-17,0,0
2220,0.2304744970393137,0.156180060085269,0.06132750065833903,0.059651221775492896,-7.979727989493313e-17,-1.5612511283791264e-17,0,0
2221,0.2495067979274084,0.1624374993367041,0.061216859203534986,0.058404423067756416,-7.806255641895632e-18,-3.9898639947466563e-17,0,0
2222,0.2685396778806551,0.1686925486549797,0.06120224151020525,0.05748073223552953,-3.0357660829594124e-17,-5.898059818321144e-17,0,0
2223,0.2875295857273796,0.1748221177586894,0.06129870938456421,0.05679807830368933,-4.0332320816460765e-17,-3.469446951953614e-17,0,0
2224,0.3065103126916763,0.1810382753598062,0.0614814332882127,0.056361564406737265,-7.025630077706069e-17,1.0408340855860843e-17,0,0
2225,0.5005804509499937,0.2622585241020463,0.06713735973871489,0.06309948312422775,6.808789643208968e-17,-3.2959746043559335e-17,0,0
2226,0.0707106782866362,0.0707106779506733,0.07596299893015712,0.09093099759122071,4.6542630860457734e-14,4.136101183771501e-14,0,0
2227,0.08888365202470638,0.07431991037966859,0.07809208941155125,0.07906408982645133,-2.3869795029440866e-14,-1.663599813461758e-14,0,0
2228,0.1316643610120335,0.1060831279344921,0.06801188900589213,0.0697276268454779,-6.956241138666996e-16,-8.291978215169138e-16,0,0
2229,0.1128881962871568,0.1000231639486372,0.06845679870123245,0.07551020059544541,-2.3800406090401793e-15,-2.112893193739751e-15,0,0
2230,0.1506098089405966,0.1122573552621605,0.0673129784985657,0.06504611222112952,-5.620504062164855e-16,-5.238864897449957e-16,0,0
2231,0.1694793057034999,0.1183768983425439,0.06647253618645912,0.06146545366740628,-2.5240226575462543e-16,-3.0357660829594124e-16,0,0
2232,0.1883734169505181,0.1244585317385425,0.06564660018072747,0.05868289607037535,-1.8041124150158794e-16,-1.457167719820518e-16,0,0
2233,0.2073188270922092,0.1304710272565226,0.06492010917698854,0.05650691707892916,-1.3097162243624894e-16,-1.3357370765021415e-16,0,0
2234,0.8088708846951989,0.3805187622637956,0.08601957444629701,0.0814955386964456,-2.949029909160572e-17,1.1449174941446927e-16,0,0
2235,0.9831378399071256,0.4507938914779741,0.0987143873588435,0.09488513735094885,2.168404344971009e-17,-3.8163916471489756e-17,0,0
2236,1.0,0.4599999999988,0.1,0.09672376956165966,0.020358759506108666,5.204170427930421e-18,2,0
2237,0.5195771589123572,0.2684369591423486,0.06812033686562578,0.0637579951689144,3.903127820947816e-17,3.642919299551295e-17,0,0
2238,0.5385760583437615,0.2745933179889935,0.06913827707294523,0.06445787298637093,-9.627715291671279e-17,4.5102810375396984e-17,0,0
2239,0.5575810646808331,0.2807457831214453,0.07018827454967669,0.06519879278813966,8.760353553682876e-17,3.2959746043559335e-17,0,0
2240,0.5765851353105844,0.2869008465462582,0.07126740184264355,0.06597862447995649,-4.640385298237959e-17,-2.6020852139652106e-17,0,0
2241,0.5955883862881668,0.2930717732185708,0.07237329954493084,0.06679706999424426,-1.474514954580286e-17,2.6020852139652106e-17,0,0
2242,0.6145970915187187,0.2992555030028548,0.0735046168994732,0.06765048933173906,1.5178830414797062e-17,4.5102810375396984e-17,0,0
2243,0.6336063065920612,0.3054396519601302,0.07465957656950352,0.06853393713846137,-4.206704429243757e-17,5.551115123125783e-17,0,0
2244,0.6526153456577158,0.3116238015018342,0.07583650881055118,0.06944521793926182,4.0332320816460765e-17,-6.591949208711867e-17,0,0
2245,0.6716248439457448,0.3178070839464163,0.07703398449587096,0.07038229414356398,2.42861286636753e-17,-2.949029909160572e-17,0,0
2246,0.6906346640393639,0.3239909207301911,0.07825061340754487,0.07134384052076594,-3.2959746043559335e-17,-6.418476861114186e-17,0,0
2247,0.7096411393112271,0.3301764924408997,0.0794848907478987,0.07232871277896495,0.0,-2.42861286636753e-17,0,0
2248,0.7286396005839388,0.3363361946752813,0.08073574826382458,0.0733299932125045,9.627715291671279e-17,6.765421556309548e-17,0,0
2249,0.3254518573799015,0.1871652094355403,0.06176387861786503,0.05609792488254364,-5.681219383824043e-17,-3.2959746043559335e-17,0,0
2250,0.2262806457433826,0.1365787292349435,0.06429900417958591,0.05486272965742956,-9.80118763926896e-17,-6.765421556309548e-17,0,0
2251,0.7476498194091428,0.3424937234688446,0.08200316078457388,0.07435124933477626,-1.0234868508263162e-16,-3.469446951953614e-18,0,0
2252,0.1087763499782067,0.08065983395727888,0.0770010892143208,0.06987998522332503,-7.436759541512572e-15,-6.402864349830395e-15,0,0
2253,0.7666865908163321,0.3486081992718143,0.08328773961468527,0.07538295844616674,2.688821387764051e-17,-2.6020852139652106e-17,0,0
2254,0.7857052364848551,0.3547704972521433,0.08458443821930647,0.07644355054745704,5.5077470362263625e-17,-1.214306433183765e-17,0,0
2255,0.8047195586493269,0.3609564505842358,0.08589386238494315,0.07752708573872824,-4.85722573273506e-17,-2.2551405187698492e-17,0,0
2256,0.8278851529515947,0.3867034137633552,0.087362341573275,0.08259325992034257,3.9898639947466563e-17,-3.469446951953614e-18,0,0
2257,0.8469002629017226,0.3928893810836382,0.08871651740223042,0.08370827608203509,-3.3393426912553537e-17,-4.85722573273506e-17,0,0
2258,0.8659157229047475,0.3990756082189211,0.09008167701630539,0.08483986224130058,2.6020852139652106e-18,4.163336342344337e-17,0,0
2259,0.8849314692107559,0.4052619646442681,0.09145748363975922,0.08598755930151865,9.584347204771859e-17,-6.938893903907228e-18,0,0
2260,0.9039477955150688,0.4114483123862005,0.09284379001850483,0.08715083226799926,-1.214306433183765e-17,-1.5612511283791264e-17,0,0
2261,0.922964553872937,0.4176347107188536,0.09424034526069784,0.08832924595829725,-6.158268339717665e-17,-6.245004513516506e-17,0,0
2262,0.9419817755696591,0.4238213791426015,0.09564687453417821,0.08952304503718755,-2.7755575615628914e-17,-2.0816681711721685e-17,0,0
2263,0.9684831205401747,0.4440012305366736,0.09760766358947572,0.09353615724872025,-8.890457814381136e-18,6.071532165918825e-17,0,0
2264,0.3444048640288441,0.1932535233069343,0.062137014998447516,0.05598539500833502,-2.2551405187698492e-17,3.9898639947466563e-17,0,0
2265,0.3634028352714287,0.1994334718513303,0.06258760120838382,0.05603033706654393,-5.984795992119984e-17,-3.469446951953614e-17,0,0
2266,0.3824025203912722,0.205617075329255,0.06311506727844299,0.05619541269593097,-1.3877787807814457e-17,2.42861286636753e-17,0,0
2267,0.401411397340394,0.2118056290155769,0.06371419560400665,0.056464508391776504,-4.423544863740858e-17,-6.938893903907228e-18,0,0
2268,0.420418559326446,0.2179835966516938,0.06437956443187663,0.056821675478400425,4.423544863740858e-17,-5.204170427930421e-18,0,0
2269,0.4394247038431611,0.2241666263367856,0.06510512051274532,0.05725934216831999,-3.209238430557093e-17,-1.214306433183765e-17,0,0
2270,0.4584280340858667,0.2303478718119142,0.06588617454126962,0.05776680109577611,-5.160802341031001e-17,2.0816681711721685e-17,0,0
2271,0.4774317481849043,0.2365295541852564,0.06671827086693659,0.0583365641424474,3.686287386450715e-17,3.469446951953614e-17,0,0
2272,0.4964349858830024,0.2427113840928077,0.06759722615309773,0.058961971982252934,4.336808689942018e-17,1.5612511283791264e-17,0,0
2273,0.2453066510951755,0.142825856823507,0.06380524046241766,0.05365490691509395,-5.377642775528102e-17,-5.724587470723463e-17,0,0
2274,0.2643198176911413,0.1490517512959901,0.06346503762708966,0.052774517992866206,-5.984795992119984e-17,-1.214306433183765e-17,0,0
2275,0.2833580866375768,0.1552559976843249,0.06327303762545053,0.052154998440551915,-1.1882855810441129e-16,6.938893903907228e-18,0,0
2276,0.3024178492216623,0.161332549817217,0.06322920738163201,0.05172465598666135,8.673617379884035e-18,-3.122502256758253e-17,0,0
2277,0.3213000362048326,0.1676293286645062,0.06328387058767353,0.051559852564066685,1.8648277366750676e-17,3.122502256758253e-17,0,0
2278,0.5154302660481885,0.2488917933403398,0.06851886571888238,0.05963725042124368,-5.898059818321144e-17,6.938893903907228e-18,0,0
2279,0.08314696132508038,0.0555570231600433,0.08919066025284773,0.07157637293309184,1.6996820617620756e-14,1.685283856911468e-14,0,0
2280,0.1027398934086151,0.05491561694053849,0.08957913849415702,0.058692701303663414,-1.553791817432426e-14,-1.6998555341096733e-14,0,0
2281,0.127154570714973,0.0862506821095896,0.07535145023293668,0.06393628610055534,-2.2620794126737565e-15,-1.9029916531465574e-15,0,0
2282,0.1464011688273432,0.0927913065177049,0.07333229202476294,0.05931787476542488,-1.3504822260479443e-15,-1.0200174038743626e-15,0,0
2283,0.1652977722254031,0.09895509180632779,0.07153957464173812,0.05580331370324869,-6.990935608186533e-16,-5.030698080332741e-16,0,0
2284,0.1842250635405643,0.1049829575517281,0.06995924401699366,0.05310328717554092,-4.206704429243757e-16,-2.7755575615628914e-16,0,0
2285,0.2031652541107667,0.1109398286109972,0.06861456011187472,0.05103443352496361,-9.367506770274758e-17,-5.551115123125783e-17,0,0
2286,0.2221448066441015,0.1170652149049785,0.06746653130743024,0.04952388649120969,-2.8536201179818477e-16,-1.214306433183765e-16,0,0
2287,0.8237343263091292,0.3671424515968827,0.08721596802797647,0.07862800124587394,-3.469446951953614e-18,-5.811323644522304e-17,0,0
2288,0.9625833060054199,0.4287743883138905,0.09718605026526467,0.09047734907880309,7.112366251504909e-17,-4.2500725161431774e-17,0,0
2289,1.0,0.4399999999988584,0.1,0.09270777826201196,0.02034593317990513,-3.9898639947466563e-17,2,0
2290,0.9840328441730836,0.432344074854214,0.09879675396984926,0.09117199248400895,8.370040771588094e-17,1.734723475976807e-17,0,0
2291,0.5344256123551361,0.2550520923879299,0.06948077225644393,0.060353173560302044,-2.6020852139652106e-18,-3.8163916471489756e-17,0,0
2292,0.553422819283527,0.2612091921384263,0.070479251905775,0.061109231098120165,1.5178830414797062e-17,-6.938893903907228e-18,0,0
2293,0.5724328960672417,0.2673453808799491,0.07151261728603203,0.06189770940183136,-7.155734338404329e-17,2.949029909160572e-17,0,0
2294,0.5914389041063199,0.273517765333167,0.07257570799249852,0.06272831618387546,5.117434254131581e-17,1.0408340855860843e-17,0,0
2295,0.6104480139912603,0.2797012489024866,0.07366739069033137,0.06359266858263217,-3.469446951953614e-17,-9.367506770274758e-17,0,0
2296,0.6294574551392358,0.2858851488267904,0.07478561941484865,0.06448614583015717,-3.7730235602495554e-17,-1.0408340855860843e-17,0,0
2297,0.6484675031436183,0.2920700675327328,0.0759284372806992,0.06540678346794444,1.3053794156725473e-16,-4.163336342344337e-17,0,0
2298,0.6674767648632038,0.2982526920798652,0.07709403677965386,0.06635214070038872,-8.586881206085195e-17,4.5102810375396984e-17,0,0
2299,0.686486114241067,0.3044355696118064,0.07828081230938475,0.06732116805173805,8.673617379884035e-18,3.2959746043559335e-17,0,0
2300,0.7054968168516217,0.3106201362413765,0.07948736270733181,0.0683127511054829,5.637851296924623e-17,5.377642775528102e-17,0,0
2301,0.7244947772608931,0.316796175867649,0.08071153689211472,0.06932375920183757,-9.71445146547012e-17,-5.898059818321144e-17,0,0
2302,0.7434995943302113,0.3229473147598001,0.08195367103831916,0.07034944635505017,2.5153490401663703e-17,2.2551405187698492e-17,0,0
2303,0.3402564300018887,0.1737100991159858,0.06347566030318683,0.051491832131013715,-1.0234868508263162e-16,-5.204170427930421e-17,0,0
2304,0.2411260720608012,0.1232467537971166,0.06654197061537052,0.04843596407525655,-4.5102810375396984e-17,-5.204170427930421e-18,0,0
2305,0.7625147716310324,0.3290669288227556,0.08321291447992427,0.07138758480552677,2.168404344971009e-18,1.3877787807814457e-17,0,0
2306,0.1207022997869541,0.06428364210579296,0.08464757496943415,0.05547061974768348,-5.659535340374333e-15,-4.139050213680662e-15,0,0
2307,0.7815548862886672,0.3352111162580362,0.0844886675725221,0.07244885709887651,-6.548581121812447e-17,-2.6020852139652106e-17,0,0
2308,0.8005691762165773,0.3413965733097519,0.08577640692009704,0.07353655466691436,6.331740687315346e-17,2.0816681711721685e-17,0,0
2309,0.8195839015802886,0.347582031204436,0.08707768695782228,0.07464123722756626,-3.469446951953614e-18,8.673617379884035e-18,0,0
2310,0.842749746196757,0.3733284285930782,0.08855019261865055,0.07974569677589438,1.9081958235744878e-17,4.9873299934333204e-17,0,0
2311,0.8617653022796297,0.3795145800945791,0.08989599518130055,0.08087974331901605,-5.2909066017292616e-17,2.949029909160572e-17,0,0
2312,0.880781038021738,0.3857008103128289,0.091252945462535,0.0820297087237145,3.209238430557093e-17,-3.469446951953614e-18,0,0
2313,0.8997967788430279,0.3918873387075817,0.09262063963802149,0.08319533752112485,-8.716985466783456e-17,8.153200337090993e-17,0,0
2314,0.9188132126924313,0.3980739950062889,0.09399905660868542,0.08437601569864225,-3.382710778154774e-17,6.071532165918825e-17,0,0
2315,0.9377683510826605,0.40424927183152,0.09538327163498153,0.08556940012983892,3.9898639947466563e-17,-3.122502256758253e-17,0,0
2316,0.9564774689493456,0.4103752108938417,0.09675911375294927,0.08676757606419548,2.2551405187698492e-17,-2.6020852139652106e-17,0,0
2317,0.3592565125469214,0.179889832233918,0.06376677759771718,0.05158184899217104,6.418476861114186e-17,-1.5612511283791264e-17,0,0
2318,0.3782540683146274,0.1860716773299141,0.06415462543144103,0.05178891612405812,-5.2475385148298415e-17,-6.938893903907228e-18,0,0
2319,0.3972610280925722,0.1922535714834939,0.06463092663550393,0.05209585630051473,9.974659986866641e-18,-3.469446951953614e-17,0,0
2320,0.4162661429293584,0.198434705576217,0.06518718956727831,0.05249002605168787,1.474514954580286e-17,1.734723475976807e-18,0,0
2321,0.4352761759352439,0.2046184288800402,0.06581611572020687,0.05296096450005926,-9.454242944073599e-17,-2.42861286636753e-17,0,0
2322,0.4542794315248769,0.2108003868169353,0.06651073176593006,0.05349913433903711,6.114900252818245e-17,-2.949029909160572e-17,0,0
2323,0.47328320429288,0.2169813638949863,0.06726536060925892,0.05409671554921973,-9.454242944073599e-17,1.0408340855860843e-17,0,0
2324,0.4922878825541739,0.2231619223796276,0.06807464070260938,0.054747397618530744,1.2576745200831851e-17,1.5612511283791264e-17,0,0
2325,0.5112930150074774,0.2293441278913695,0.06893367679378645,0.055446180434625944,4.2500725161431774e-17,-1.734723475976807e-17,0,0
2326,0.2601320761090057,0.1294603471910188,0.06583753241654682,0.04767614524509832,-3.2959746043559335e-17,-1.214306433183765e-17,0,0
2327,0.279146230750897,0.1356500684060506,0.0653383646029657,0.047165364624373284,-1.1102230246251565e-16,-5.377642775528102e-17,0,0
2328,0.2981622051215379,0.141802285572923,0.06502333659197185,0.0468558411554305,3.9898639947466563e-17,-5.204170427930421e-17,0,0
2329,0.3171469122793227,0.1479611033486666,0.06486897770527258,0.04673318116769889,-1.739060284666749e-16,-2.6020852139652106e-17,0,0
2330,0.3361171579770609,0.1541742338114044,0.06485682915003986,0.04678071989806241,4.597017211338539e-17,2.6020852139652106e-17,0,0
2331,0.5302857072374247,0.2355192606152379,0.06983769222813983,0.056186853074358105,-5.117434254131581e-17,2.7755575615628914e-17,0,0
2332,0.09238795329750174,0.03826834312455452,0.09905807389916928,0.05028729954983198,6.201983371312281e-14,3.713349072675953e-14,0,0
2333,0.1217976452622463,0.048294609478073,0.08971654827431208,0.04414367159434406,-1.691355389077387e-14,-6.83481049534862e-15,0,0
2334,0.1417955917656073,0.07285049006915224,0.08022455503953711,0.0516662572607197,-3.574397722250211e-15,-2.177077962350893e-15,0,0
2335,0.1611265393986409,0.07947546923055837,0.07705105857710494,0.04872407376359149,-1.330532906074211e-15,-7.441963711940502e-16,0,0
2336,0.1800433638078425,0.08557095028453326,0.07452672871758358,0.04647451618849448,-5.84601811404184e-16,-2.949029909160572e-16,0,0
2337,0.1989912684453558,0.09159644452742419,0.0724443390913953,0.04477369493628721,-5.160802341031001e-16,-2.0469737016526324e-16,0,0
2338,0.2180024800839189,0.09754948521936498,0.07075110980444575,0.04348205460629355,-1.8648277366750676e-16,-6.071532165918825e-17,0,0
2339,0.2369783267618007,0.1037208837740464,0.06935263929362223,0.04264834819092433,-1.5005358067199381e-16,-1.0755285551056204e-16,0,0
2340,0.8385991412986603,0.3537676513787457,0.08839181334409375,0.07576236715603588,-3.469446951953614e-18,-1.214306433183765e-17,0,0
2341,0.9758668694932677,0.4166316557995286,0.09819682255334777,0.08800359302815028,-7.719519468096792e-17,2.42861286636753e-17,0,0
2342,1.0,0.4199999999989167,0.1,0.08867077430172458,0.02032173449505141,3.8163916471489756e-17,2,0
2343,0.5492703008499721,0.2416675024480806,0.07078353049125348,0.056960806710668534,-7.19910242530375e-17,-4.5102810375396984e-17,0,0
2344,0.5682733322158243,0.2478162212423195,0.07176840350918623,0.057769918451775024,8.543513119185775e-17,2.0816681711721685e-17,0,0
2345,0.5872891985536461,0.2539638936754856,0.07278891815989502,0.05861112242270886,3.5561831257524545e-17,-7.632783294297951e-17,0,0
2346,0.6062962873308414,0.2601538758601941,0.07383994811452677,0.0594917544265811,-1.431146867680866e-17,4.5102810375396984e-17,0,0
2347,0.6253042162754332,0.2663426812031072,0.07492064505591053,0.06039979121569247,-1.691355389077387e-17,-8.673617379884035e-18,0,0
2348,0.6443177441681814,0.272516305957969,0.07602926415180769,0.06133018432856452,6.938893903907228e-17,2.42861286636753e-17,0,0
2349,0.6633284648939719,0.2786986841662692,0.07716269869765167,0.06228658244994066,-1.209969624493823e-16,8.673617379884035e-18,0,0
2350,0.6823366344757218,0.2848835054647766,0.0783192095751338,0.06326612875183056,3.729655473350135e-17,-1.0408340855860843e-17,0,0
2351,0.701348030825081,0.2910636859656046,0.07949758929623567,0.06426591074518712,-4.5102810375396984e-17,3.2959746043559335e-17,0,0
2352,0.7203593934395462,0.2972484173045995,0.08069593267073877,0.06528679174705464,-9.974659986866641e-18,1.734723475976807e-17,0,0
2353,0.7393714772400813,0.3034341722356311,0.08191295152621725,0.06632706029541159,1.5178830414797062e-17,-8.673617379884035e-18,0,0
2354,0.7583532337479735,0.3095620233891289,0.08314595704592243,0.06737393256831935,-3.5128150388530344e-17,3.469446951953614e-17,0,0
2355,0.3551091219091851,0.1603443405965218,0.06498091215191823,0.046942381783330364,-6.938893903907228e-18,-1.214306433183765e-17,0,0
2356,0.255962176784376,0.1098973361355868,0.06826153791953596,0.04210910141251256,-3.122502256758253e-17,-3.469446951953614e-17,0,0
2357,0.777378465053229,0.3156962666378479,0.08439804188225787,0.0684392548932192,-3.5561831257524545e-17,4.163336342344337e-17,0,0
2358,0.1124814947383463,0.03316886478028849,0.09746123175648991,0.0351799037122044,-1.4969058978464567e-13,-4.1053965782467117e-14,0,0
2359,0.1382288996084491,0.05359557060722273,0.08588926434568571,0.04158507255158695,-7.44369843541648e-15,-3.733124920302089e-15,0,0
2360,0.7964185775379138,0.3218370376649172,0.08566630107396153,0.06952282800651201,1.9949319973733282e-17,-2.2551405187698492e-17,0,0
2361,0.8154257703505322,0.3280417285935823,0.08694600986257262,0.07063647716084659,-2.7755575615628914e-17,3.469446951953614e-18,0,0
2362,0.8344482708514123,0.334206350317955,0.08824070367070302,0.07175761763734588,-2.6020852139652106e-17,1.734723475976807e-17,0,0
2363,0.8576147577544013,0.3599535574132291,0.08971817471552447,0.07689955497990847,5.377642775528102e-17,-2.6020852139652106e-17,0,0
2364,0.8766305699583118,0.3661395498755639,0.09105623722436107,0.07805238636025882,-4.640385298237959e-17,-8.500145032286355e-17,0,0
2365,0.895646335017567,0.3723259127926515,0.09240552288240707,0.07922060791357352,-4.0766001685454967e-17,6.938893903907228e-18,0,0
2366,0.91467504296214,0.378524415419896,0.09376645846562634,0.08040647861092505,1.1535911115245767e-16,-8.847089727481716e-17,0,0
2367,0.933641763732339,0.3847675992227731,0.09513368554513815,0.0816161142873945,6.071532165918825e-18,-1.3877787807814457e-17,0,0
2368,0.9520442324756362,0.3910402271453797,0.09646964019897512,0.08284706661470068,-3.382710778154774e-17,-1.214306433183765e-17,0,0
2369,0.9697976537810034,0.3987342458187346,0.09776555295561001,0.08438153641995998,1.0234868508263162e-16,-5.551115123125783e-17,0,0
2370,0.3741115409195409,0.1665256562846524,0.06522304617945933,0.047215184325008853,-8.283304597789254e-17,-3.469446951953614e-18,0,0
2371,0.393112882853059,0.1727052927123336,0.06557142945615001,0.04758123967560422,7.41594285980085e-17,-3.2959746043559335e-17,0,0
2372,0.4121191567267229,0.1788870489376665,0.06601507105400246,0.048028731439577435,-3.686287386450715e-17,-2.6020852139652106e-17,0,0
2373,0.4311270318575493,0.1850694832870193,0.06654423463401025,0.048547267877942044,-7.979727989493313e-17,-3.469446951953614e-18,0,0
2374,0.4501324636758239,0.1912524522363236,0.06715017953819614,0.049128537972781945,8.326672684688674e-17,3.122502256758253e-17,0,0
2375,0.4691369940738679,0.1974333285441654,0.06782550103876146,0.04976473381019503,-1.0321604682062002e-16,-4.85722573273506e-17,0,0
2376,0.4881399726542701,0.2036130530229262,0.06856344483082956,0.05045015351176926,8.153200337090993e-17,-6.418476861114186e-17,0,0
2377,0.5071450775757513,0.2097929939387352,0.06935825882016562,0.051179917898149185,4.2934406030425976e-17,2.949029909160572e-17,0,0
2378,0.5261521915373253,0.2159767431461191,0.0702046065306019,0.05195049500400069,-1.3617579286417936e-16,-2.6020852139652106e-17,0,0
2379,0.2749536298316023,0.1160770147409976,0.06744168006930638,0.04178646361546652,-1.1102230246251565e-16,-1.5612511283791264e-17,0,0
2380,0.2939515691145177,0.1222530139510492,0.06685103883408,0.04164070690137714,-3.122502256758253e-17,2.6020852139652106e-17,0,0
2381,0.3129574526434957,0.1284163162469724,0.0664640724175237,0.04165486817188976,-5.421010862427522e-17,-8.673617379884035e-18,0,0
2382,0.3319602457634125,0.134600047774591,0.0662562870366762,0.04181408604717626,-3.0357660829594124e-17,-5.377642775528102e-17,0,0
2383,0.3509591411042528,0.1407967762147206,0.06620741771080668,0.0420902512689794,-2.0816681711721685e-17,5.204170427930421e-18,0,0
2384,0.5451456517611905,0.2221458063705695,0.07109748031829509,0.05275448030987302,1.3877787807814457e-16,4.336808689942018e-17,0,0
2385,0.09807852805189025,0.01950903214346056,0.10594385407396091,0.026633570843945926,4.4646404628867487e-13,1.1862906490467395e-13,0,0
2386,0.134835638768867,0.03550935295652233,0.09178065642439334,0.03003302262767775,-2.5728551233950014e-14,-8.723924360687363e-15,0,0
2387,0.1569861662483983,0.06002064742244641,0.08203330386636505,0.039835231845173937,-2.527492104498208e-15,-1.0200174038743626e-15,0,0
2388,0.1759355971318592,0.06619910513594258,0.07878772666683939,0.03850395382981135,-1.1787446019262404e-15,-3.972516759986888e-16,0,0
2389,0.1948090357556311,0.07220397912913937,0.07611974875086086,0.03746387399757245,-6.166941957097549e-16,-1.960237527853792e-16,0,0
2390,0.2138128792646747,0.07814298992371682,0.07391631442421505,0.03667448812040874,-2.8536201179818477e-16,-1.0061396160665481e-16,0,0
2391,0.23283193671575,0.08420045626813029,0.07210947355553222,0.03618267935117726,-1.1449174941446927e-16,-3.9898639947466563e-17,0,0
2392,0.2518141950164263,0.09037004291421548,0.07064057884488083,0.03600392086892642,-1.8041124150158794e-16,-6.765421556309548e-17,0,0
2393,0.853463843016673,0.3403926357131855,0.0895476018983523,0.07289886686279329,2.2551405187698492e-17,-1.734723475976807e-18,0,0
2394,0.9856872581226777,0.4049636127160746,0.09893749174065124,0.08563169606094204,-1.8214596497756474e-17,-5.551115123125783e-17,0,0
2395,0.5641324774255664,0.2283043155860014,0.07203286256675719,0.0535893881175336,-4.2934406030425976e-17,-7.28583859910259e-17,0,0
2396,0.5831165648509726,0.2344806449545094,0.07300652791771241,0.05445860310690524,-4.336808689942018e-18,4.85722573273506e-17,0,0
2397,0.6021251270606043,0.2406650424765548,0.07401711530548576,0.055356869386334766,-8.500145032286355e-17,-2.2551405187698492e-17,0,0
2398,0.6211394005410978,0.2468432772634564,0.07506088968818057,0.05627957949505036,7.37257477290143e-17,2.7755575615628914e-17,0,0
2399,0.6401613472944114,0.2529873990307239,0.07613581508828661,0.05721890961356181,-8.066464163292153e-17,-3.469446951953614e-17,0,0
2400,0.6591795523630771,0.259142541851583,0.07723783420717543,0.05818338935924369,4.8138576458356397e-17,4.336808689942018e-17,0,0
2401,0.67818480842379,0.265335343490585,0.07836378012385144,0.059177407668318596,-1.734723475976807e-18,-2.7755575615628914e-17,0,0
2402,0.6971932096892395,0.2715224424374208,0.07951350957044909,0.06019015891327135,-5.551115123125783e-17,-4.683753385137379e-17,0,0
2403,0.7162099179032916,0.2776910505222223,0.08068577294675013,0.06121786630107757,1.0495077029659683e-16,2.7755575615628914e-17,0,0
2404,0.7352221804334891,0.2838762405572857,0.08187763331068876,0.06226730761203802,-1.6046192152785466e-17,1.0408340855860843e-17,0,0
2405,0.7542291444662889,0.2900556747823363,0.08308791792896182,0.06333301401668345,-6.505213034913027e-17,-3.642919299551295e-17,0,0
2406,0.7732191015901597,0.2961962029349413,0.08431484586313272,0.06440748741928096,9.93129189996722e-17,1.3877787807814457e-17,0,0
2407,0.3699627095340632,0.1469767664894716,0.06630120083573907,0.042456780571338844,-8.413408858487514e-17,-3.122502256758253e-17,0,0
2408,0.2708041331034992,0.09654094266629189,0.06950540537434548,0.03597086722514502,-1.1188966420050406e-16,-2.6020852139652106e-17,0,0
2409,0.7922457581408355,0.3023577320477242,0.08556029472050394,0.06550218067333483,3.0357660829594124e-17,-5.724587470723463e-17,0,0
2410,0.1125980890520034,0.01431945732233675,0.10222927941343592,0.016079463868583905,-3.2831896923379844e-13,-6.370425020829629e-14,0,0
2411,0.1299999999999428,0.01732050807565262,0.09645044352939348,0.01594919182153073,-6.689982769148006e-14,-1.39194211712379e-14,0,0
2412,0.1537442633279108,0.0402445896820425,0.08711430150241992,0.02883915191793567,-7.206041319207657e-15,-1.7976072019809664e-15,0,0
2413,0.811257706564738,0.3085271857172369,0.0868198706217037,0.0666144190986853,-7.806255641895632e-17,2.949029909160572e-17,0,0
2414,0.8302802473711548,0.3146800589142575,0.08809463065239691,0.06773847304532005,5.551115123125783e-17,2.949029909160572e-17,0,0
2415,0.8493118198928006,0.320833758472631,0.08938350086770303,0.06887766383905329,2.688821387764051e-17,0.0,0,0
2416,0.8724799783238023,0.346578122879022,0.09086680083841445,0.0740552015841828,-5.204170427930421e-18,1.0364972768961422e-16,0,0
2417,0.8914961072730605,0.3527642833800811,0.09219772967382411,0.0752266594553759,-1.1275702593849246e-17,3.122502256758253e-17,0,0
2418,0.9105123059798765,0.3589522513443999,0.09353993647304354,0.07641326932862756,4.336808689942018e-18,-4.85722573273506e-17,0,0
2419,0.9296032089674526,0.3652052080918896,0.09489800803739533,0.07762801588674052,-2.949029909160572e-17,9.540979117872439e-17,0,0
2420,0.9482960875502442,0.371664156336075,0.09623827677706029,0.07889936684824096,-4.336808689942018e-17,5.898059818321144e-17,0,0
2421,0.9660219397156778,0.3799710003094731,0.09751533165057485,0.08056320482442428,1.9081958235744878e-17,6.245004513516506e-17,0,0
2422,0.9827717673391168,0.3894521619642178,0.0987325694042103,0.0824791480323049,-9.020562075079397e-17,8.326672684688674e-17,0,0
2423,1.0,0.3999999999989749,0.1,0.08461606593103084,0.02030333785333341,6.938893903907228e-18,2,0
2424,0.3889673617028928,0.1531569382215205,0.06651997498147637,0.04290538485699583,6.418476861114186e-17,3.122502256758253e-17,0,0
2425,0.4079735834605891,0.1593380322595681,0.06684966984597361,0.04342550854596693,-8.760353553682876e-17,1.3877787807814457e-17,0,0
2426,0.4269788086802889,0.1655194882807082,0.06727806015960693,0.044008252796218096,8.673617379884035e-18,5.204170427930421e-18,0,0
2427,0.4459859141651473,0.1717022640520407,0.06779463367417335,0.04464640158442263,-2.688821387764051e-17,-3.469446951953614e-17,0,0
2428,0.4649918203644754,0.1778859932381372,0.06839004252798092,0.045333848029449036,-2.3852447794681098e-17,5.377642775528102e-17,0,0
2429,0.4839950655663917,0.1840648731198764,0.06905638821168639,0.04606421291697295,6.938893903907228e-18,2.42861286636753e-17,0,0
2430,0.5029962890017448,0.1902413984214189,0.06978658705691126,0.04683374220180766,-7.32920668600201e-17,0.0,0,0
2431,0.5220037159652227,0.1964235730717765,0.07057461551187491,0.047640171933087616,4.0766001685454967e-17,1.9081958235744878e-17,0,0
2432,0.5410121986546113,0.2026074472074385,0.07141489957902844,0.04847951418588069,-4.206704429243757e-17,-2.0816681711721685e-17,0,0
2433,0.2898006238261772,0.102713634617127,0.06865074664813474,0.03604525560972165,-3.469446951953614e-17,-1.0408340855860843e-17,0,0
2434,0.3088018246023626,0.1088872085635371,0.06803447057422414,0.03625827531799301,-2.2985086056692694e-17,-1.0408340855860843e-17,0,0
2435,0.3278046294826851,0.1150663736665235,0.06763220512777672,0.03658771211366865,-1.6479873021779667e-17,-2.42861286636753e-17,0,0
2436,0.3468082522184203,0.1212482478496345,0.06741710567437452,0.03700590801326505,-3.686287386450715e-17,-2.42861286636753e-17,0,0
2437,0.3658135209624804,0.1274278909891494,0.06736516324514955,0.03749834385847022,3.469446951953614e-17,1.0408340855860843e-17,0,0
2438,0.5600099118842345,0.2087803095415791,0.07230226018702689,0.04934646056205234,-3.469446951953614e-18,3.9898639947466563e-17,0,0
2439,0.1,0.0,0.10923681088140665,0.0,3.1565722258264373e-13,-0.021452391784431472,0,3
2440,0.1502029946801069,0.01774880432028964,0.09128237482589195,0.01363566560376976,-1.637492225148307e-14,-3.559652572704408e-15,0,0
2441,0.1718358567752797,0.04676994154775758,0.08305976927866633,0.02919297776791207,-1.635844237846129e-15,-2.8796409701215e-16,0,0
2442,0.1907837915514234,0.05290730309769526,0.0796814388429488,0.02912712889036288,-8.81239525796218e-16,-1.8561541192951836e-16,0,0
2443,0.2096557780854281,0.05913633106089627,0.07690500596476935,0.029180198412672793,-3.46077333457373e-16,-7.979727989493313e-17,0,0
2444,0.2296286530487593,0.064889529843581,0.07462749486957951,0.028978673077699003,-2.0990154059319366e-16,-7.632783294297951e-17,0,0
2445,0.2476620539188817,0.07084723640980092,0.07292220878546612,0.029313768125707136,-1.4311468676808659e-16,-2.7755575615628914e-17,0,0
2446,0.2665759211711063,0.07828286971910758,0.07135156868844374,0.0301288725602387,-2.3852447794681098e-17,5.204170427930421e-18,0,0
2447,0.8683290899789606,0.3270163738175306,0.09068397288084955,0.07003773512431,-5.551115123125783e-17,-6.635317295611287e-17,0,0
2448,0.5790128198304261,0.2149602698387547,0.07323277422208357,0.05024224412146881,-5.421010862427522e-17,-2.6020852139652106e-17,0,0
2449,0.5980178212330538,0.2211425780546279,0.07420260568317687,0.05116380920685391,6.635317295611287e-17,5.377642775528102e-17,0,0
2450,0.6170277627432597,0.2273259697783027,0.07520857006230415,0.05210903389413038,-6.331740687315346e-17,-5.377642775528102e-17,0,0
2451,0.6360140989796073,0.2334786176071739,0.07624647450438769,0.05307004013048062,-6.938893903907228e-18,6.938893903907228e-18,0,0
2452,0.6550035075801744,0.2396673134532864,0.07731389216691856,0.05405944932276225,9.107298248878237e-18,-3.469446951953614e-18,0,0
2453,0.6740143996188126,0.2458531490123246,0.07841028743122529,0.05506727538649261,2.0383000842727483e-17,-8.673617379884035e-18,0,0
2454,0.693030585059671,0.2520218941215072,0.07953268172423099,0.05608984723419616,-6.938893903907228e-18,3.469446951953614e-18,0,0
2455,0.7120539676993249,0.2581655541043893,0.08067927163200349,0.05712462947896043,-3.2959746043559335e-17,-2.949029909160572e-17,0,0
2456,0.7310727399660903,0.2643181442847686,0.08184700183157746,0.05817830945087894,-2.688821387764051e-17,-8.673617379884035e-18,0,0
2457,0.7500854943301294,0.2705036468844224,0.08303392246525185,0.059255349878158455,1.0408340855860843e-16,-6.938893903907228e-18,0,0
2458,0.7690868654226417,0.2766752093479959,0.08423881286080054,0.06034526298669356,-4.8138576458356397e-17,-5.551115123125783e-17,0,0
2459,0.7880994869729584,0.2828535368073147,0.08546163839531848,0.06145172200560379,-4.336808689942018e-18,0.0,0,0
2460,0.3848178164316965,0.1336087662754543,0.06745644006475673,0.03805592439608177,-3.469446951953614e-17,-3.469446951953614e-17,0,0
2461,0.2858573820235683,0.08341090419850967,0.07032670302879829,0.03010355517949465,-1.6566609195578508e-16,-5.377642775528102e-17,0,0
2462,0.8071044691449069,0.2890150280911473,0.08670022630758444,0.0625695540532122,-3.642919299551295e-17,-1.9081958235744878e-17,0,0
2463,0.1199999999999637,0.0,0.10180524627166368,0.0,-1.0778617581808092e-13,-0.03483857718995441,0,3
2464,0.1399999999999219,0.0,0.09560866415959621,0.0,-2.6868264557666777e-14,-0.032371000560593284,0,3
2465,0.1703760238863638,0.02782322123801628,0.08585538973752715,0.018130466060940317,-2.687086664288074e-15,-5.269493608822673e-16,0,0
2466,0.8261310710843424,0.2951494101481765,0.08795556108452096,0.06369612868119813,2.168404344971009e-17,-8.326672684688674e-17,0,0
2467,0.8451546174812777,0.3012889174341802,0.08922476087786783,0.06483814016920156,8.673617379884035e-18,-6.938893903907228e-18,0,0
2468,0.8641781924029855,0.3074544977693156,0.09050711522261387,0.0659997364337243,-5.204170427930421e-18,1.5612511283791264e-17,0,0
2469,0.8873452866296702,0.3332025089261583,0.0919965443813908,0.0712130993804,-8.673617379884035e-18,1.8214596497756474e-17,0,0
2470,0.9063603718351663,0.3393901860696103,0.09332072134775068,0.0724031813458283,1.0018028073766061e-16,5.0306980803327406e-17,0,0
2471,0.9255023854114921,0.3455989912111693,0.09466520036168978,0.07361142097644344,-9.280770596475918e-17,-7.632783294297951e-17,0,0
2472,0.9450918343901017,0.3518225688101583,0.09605224702955587,0.0748368513900245,1.5178830414797062e-17,-3.8163916471489756e-17,0,0
2473,0.9637493303616017,0.3600457376956596,0.09738116300273963,0.07648666759253528,7.28583859910259e-17,-4.85722573273506e-17,0,0
2474,0.9813628962129213,0.3697473022613184,0.09864570970566335,0.07845471852603988,9.540979117872439e-18,-4.163336342344337e-17,0,0
2475,1.0,0.3799999999990332,0.1,0.08054231028234722,0.020291862542606114,-1.734723475976807e-17,2,0
2476,0.4038236394486592,0.1397900258039325,0.06767403093026744,0.03867067643515452,-5.0306980803327406e-17,2.6020852139652106e-17,0,0
2477,0.4228312146073653,0.1459695586073176,0.06800348979145551,0.03933541079581621,-8.673617379884035e-19,3.2959746043559335e-17,0,0
2478,0.4418384468126089,0.1521510948071731,0.06843205849394676,0.040045726852322175,-7.502679033599691e-17,-5.204170427930421e-18,0,0
2479,0.4608469136001381,0.1583350724628831,0.06894889415558414,0.040796873038195805,8.673617379884035e-19,-6.938893903907228e-18,0,0
2480,0.4798501561155086,0.1645181270161036,0.0695444956536099,0.041584587142677105,6.765421556309548e-17,-1.3877787807814457e-17,0,0
2481,0.4988535409402212,0.1706966119195393,0.07021113504152099,0.04240461687646344,-2.0383000842727483e-17,-5.551115123125783e-17,0,0
2482,0.5178563113455363,0.1768721995716434,0.0709416033845856,0.043254289511182764,-4.423544863740858e-17,-1.734723475976807e-18,0,0
2483,0.5368632460230963,0.1830530604317834,0.07172962808920724,0.04413278351404154,-4.466912950640278e-17,2.6020852139652106e-17,0,0
2484,0.5558729695242325,0.1892373951761449,0.07256970797485264,0.04503755020038111,5.204170427930421e-17,-5.204170427930421e-18,0,0
2485,0.3046788816453545,0.0893809066823248,0.06952208766724445,0.030521215408017693,-1.3877787807814457e-17,1.734723475976807e-18,0,0
2486,0.3236519317211406,0.09552036767252098,0.0689439782308247,0.031068429267389498,2.2551405187698492e-17,-1.5612511283791264e-17,0,0
2487,0.3426564869372009,0.1017006721129329,0.0685741288439767,0.03167615875363427,-8.760353553682876e-17,1.5612511283791264e-17,0,0
2488,0.3616634639325867,0.1078778238878278,0.0683869673811846,0.03232759568289519,-8.370040771588094e-17,-1.0408340855860843e-17,0,0
2489,0.380670765311388,0.1140587056951505,0.06835787601458718,0.033021949797089466,-4.423544863740858e-17,2.2551405187698492e-17,0,0
2490,0.5748833160401268,0.1954223610518477,0.0734569386323009,0.04596611599098397,4.163336342344337e-17,1.0408340855860843e-17,0,0
2491,0.1599999999998912,0.0,0.09049463060603098,0.0,-6.048113398993138e-15,-0.030388912257734112,0,3
2492,0.1699999999998724,0.01192962377076415,0.08751815309242784,0.007886039154926132,-2.811119392820416e-15,-7.476658181460039e-16,0,0
2493,0.1872845196755813,0.03441305198328348,0.08241553868984965,0.019925942345521527,-7.199102425303749e-16,-1.0755285551056204e-16,0,0
2494,0.205148586049694,0.04149008796455542,0.0793333984590973,0.021437696194106893,-3.950832716537178e-16,-8.500145032286355e-17,0,0
2495,0.2239713822180504,0.04586673207603938,0.07696008519299342,0.021452259463457815,-3.213575239247035e-16,-6.071532165918825e-17,0,0
2496,0.2486337481407062,0.05154524979450791,0.07450862609577154,0.02158058811207624,-2.0296264668928643e-16,5.204170427930421e-18,0,0
2497,0.2611272353195028,0.06339520662216178,0.07280204521754542,0.025164292305969487,-1.249000902703301e-16,-7.806255641895632e-18,0,0
2498,0.2797299142125366,0.06571469110458539,0.07178996559788585,0.02448894753755871,-2.949029909160572e-17,1.214306433183765e-17,0,0
2499,0.8831945697320079,0.3136406577965455,0.09180148927932967,0.06717965293506745,-8.153200337090993e-17,-5.4643789493269423e-17,0,0
2500,0.5938940177885788,0.2016074134622496,0.07438701332970844,0.046916720555081906,-5.0306980803327406e-17,-2.2551405187698492e-17,0,0
2501,0.6129006915148223,0.2077892950279115,0.075355903753789,0.04788731353663536,1.9949319973733282e-17,4.163336342344337e-17,0,0
2502,0.6318996286162579,0.213961848437583,0.07636006103725719,0.04887538732126395,5.421010862427522e-17,-2.42861286636753e-17,0,0
2503,0.6509090952124919,0.2201474904012361,0.07739705780964269,0.04988442280220203,-3.209238430557093e-17,-3.469446951953614e-17,0,0
2504,0.6699081258928803,0.2263257098450854,0.07846327683543791,0.050909373456661335,4.5102810375396984e-17,-2.7755575615628914e-17,0,0
2505,0.688916311975079,0.2325053207789679,0.07955731149541324,0.051951063578289707,-3.729655473350135e-17,1.0408340855860843e-17,0,0
2506,0.707913968242546,0.2386510155096471,0.08067620158861699,0.053001520600951334,2.6020852139652106e-18,-4.5102810375396984e-17,0,0
2507,0.726924417611826,0.2447652300270302,0.08181930695388034,0.0540604299600698,9.974659986866641e-18,0.0,0,0
2508,0.7459359285772077,0.2509449978128349,0.08298291387901992,0.0551482465989077,3.469446951953614e-18,8.673617379884035e-18,0,0
2509,0.7649495130964636,0.2571307602600225,0.08416630392752229,0.056251759208067596,-7.632783294297951e-17,3.9898639947466563e-17,0,0
2510,0.7839634696482041,0.263316991308564,0.08536799815474722,0.05736945289185464,3.382710778154774e-17,3.2959746043559335e-17,0,0
2511,0.8029778005328648,0.2695033104562156,0.08658671486618877,0.058500972565967244,-6.765421556309548e-17,-1.214306433183765e-17,0,0
2512,0.3996750096247194,0.1202397161465662,0.06846904952945501,0.03375477758679992,-9.584347204771859e-17,1.0408340855860843e-17,0,0
2513,0.3004782870222493,0.06977813866222946,0.07087931072795085,0.02440126939554327,-9.020562075079397e-17,-3.8163916471489756e-17,0,0
2514,0.8219752804926252,0.2756417807497413,0.08782051898001823,0.059636176801091866,1.3444106938820255e-16,7.28583859910259e-17,0,0
2515,0.1886559691211861,0.01622480444274578,0.08376473720653564,0.00943016433053121,-1.7069679003611782e-15,-3.937822290467352e-16,0,0
2516,0.8410141054513527,0.2817434899824955,0.08907213122137066,0.06077684207968951,-1.448494102440634e-16,0.0,0,0
2517,0.8600304928494757,0.2878963639122926,0.09033569699420269,0.06194179930446601,8.283304597789254e-17,4.5102810375396984e-17,0,0
2518,0.879043698019753,0.2940788774824255,0.09161195350497436,0.06312625957273177,-8.673617379884035e-19,2.6020852139652106e-17,0,0
2519,0.9022110986641222,0.3198275740310421,0.09310787991921142,0.06837363206696813,7.806255641895632e-17,3.252606517456513e-17,0,0
2520,0.9212176454528685,0.326017050355094,0.09442505527242355,0.06958208760450042,-3.469446951953614e-17,3.469446951953614e-17,0,0
2521,0.9402289458434872,0.3322066825958637,0.09575380725688076,0.07080427308611906,-2.2551405187698492e-17,6.938893903907228e-18,0,0
2522,0.9634492873081564,0.3387225035217837,0.09739281954078835,0.07209989884577443,5.724587470723463e-17,2.5153490401663703e-17,0,0
2523,0.9813216956749403,0.3502297436942868,0.09865897024138846,0.07444866169353828,-8.500145032286355e-17,3.122502256758253e-17,0,0
2524,1.0,0.3599999999990915,0.1,0.07644723983070466,0.02027514403279755,-1.734723475976807e-18,2,0
2525,0.4186840455646266,0.1264196245223807,0.0687041088189468,0.0345217554693297,9.84455572616838e-17,-1.5612511283791264e-17,0,0
2526,0.4376901127492254,0.132598278335258,0.06904862035657233,0.03532047815201297,-3.5128150388530344e-17,-1.9081958235744878e-17,0,0
2527,0.456698922022824,0.1387810574979637,0.06949008735530543,0.036148991264483475,-5.637851296924623e-17,-1.5612511283791264e-17,0,0
2528,0.4757072924291189,0.1449661298750758,0.070017906837538,0.03700525451618231,5.724587470723463e-17,1.0408340855860843e-17,0,0
2529,0.4947029038303518,0.1511475364420261,0.0706228385764668,0.037886719253346066,-4.5536491244391186e-17,9.367506770274758e-17,0,0
2530,0.5137061806748053,0.1573200946175424,0.07129790223204407,0.03878922350873777,1.3010426069826053e-18,-5.204170427930421e-18,0,0
2531,0.5327132752198664,0.1634977324108315,0.07203549971248692,0.03971449180194034,-7.546047120499111e-17,-2.0816681711721685e-17,0,0
2532,0.5517236117649406,0.1696818051170569,0.07282945810332829,0.04066148420767979,8.586881206085195e-17,2.6020852139652106e-17,0,0
2533,0.570734111247218,0.1758661886507891,0.07367441852273537,0.0416276786356358,-3.5128150388530344e-17,-3.469446951953614e-18,0,0
2534,0.3194832406766296,0.07597518638002473,0.07014487304145463,0.02525384896074591,3.729655473350135e-17,2.7755575615628914e-17,0,0
2535,0.3384960865421111,0.08216220778673813,0.06964065654141224,0.026097482566773456,-1.6132928326584306e-16,-1.734723475976807e-18,0,0
2536,0.3575117513025178,0.08832482887985288,0.06933511083837775,0.026939510606125414,6.852157730108388e-17,1.5612511283791264e-17,0,0
2537,0.3765188131979911,0.09450645113711205,0.06919974794791091,0.027797564512079664,-9.454242944073599e-17,-4.163336342344337e-17,0,0
2538,0.3955235389256038,0.1006863652551026,0.06921342417625245,0.028672503590472083,1.3444106938820255e-17,-1.214306433183765e-17,0,0
2539,0.5897451130170708,0.1820508959710899,0.07456562563885274,0.04261195483896821,-1.1275702593849246e-17,5.204170427930421e-18,0,0
2540,0.1799999999998534,0.0,0.08612061921792258,0.0,-2.3227947343329447e-15,-0.028140682743725085,0,3
2541,0.1999353821690695,0.026927027991097,0.0812018882262671,0.014541094615032045,-4.2587461335230614e-16,-7.025630077706069e-17,0,0
2542,0.2178706718764317,0.02963727298443117,0.07878518572247424,0.01448577314313584,-2.220446049250313e-16,-3.8163916471489756e-17,0,0
2543,0.2389648288401485,0.032588310944828,0.07648716381006919,0.01438405719668341,-2.7712207528729493e-16,-5.377642775528102e-17,0,0
2544,0.2711409843188162,0.04974169084282315,0.07322975293099021,0.01923072439874696,-7.632783294297951e-17,-3.469446951953614e-17,0,0
2545,0.2937702304005888,0.04961991264968636,0.07219394126705361,0.01790009388927093,-5.854691731421724e-17,1.0408340855860843e-17,0,0
2546,0.8980603989177793,0.3002652155836488,0.0929008162318232,0.06432473559713918,8.673617379884035e-18,-5.204170427930421e-17,0,0
2547,0.6087556039769675,0.1882356828339105,0.07549878494039676,0.043613314687188286,-2.5153490401663703e-17,-1.9081958235744878e-17,0,0
2548,0.6277652842829886,0.1944190700927662,0.07647012776285803,0.04463061229425767,7.19910242530375e-17,1.214306433183765e-17,0,0
2549,0.6467827861466995,0.2006109033732904,0.0774766151191163,0.045665108933321916,-8.023096076392733e-17,2.0816681711721685e-17,0,0
2550,0.6657961210778568,0.2067972937394031,0.07851478352818918,0.046713330484619696,2.6020852139652106e-17,4.85722573273506e-17,0,0
2551,0.6848093198928683,0.2129836916852948,0.0795820683596689,0.04777587743669077,-3.9898639947466563e-17,6.938893903907228e-18,0,0
2552,0.7038052420650492,0.2191422416928195,0.0806753382678131,0.048846529951130216,1.3010426069826053e-17,1.734723475976807e-17,0,0
2553,0.722787156050438,0.225260963669328,0.08179265850811537,0.04992228764785285,-3.9898639947466563e-17,4.163336342344337e-17,0,0
2554,0.7417949991533714,0.2313986531040968,0.0829338295545992,0.051015021653497666,4.597017211338539e-17,1.734723475976807e-18,0,0
2555,0.7607996966130404,0.2375713392709661,0.08409517285438728,0.05212831674615344,-1.3444106938820255e-17,-1.0408340855860843e-17,0,0
2556,0.7798136765387755,0.243757168367868,0.08527622494395522,0.05325706249905804,-4.9439619065339e-17,-1.0408340855860843e-17,0,0
2557,0.7988280061658097,0.249943157515074,0.08647513193873717,0.05439843045213236,9.584347204771859e-17,-2.42861286636753e-17,0,0
2558,0.8178337283920302,0.2561192852935729,0.08769011388605612,0.05555029324435611,-8.326672684688674e-17,-5.377642775528102e-17,0,0
2559,0.4145270448305958,0.1068761725785798,0.06936118314814567,0.029564940109346953,9.020562075079397e-17,-3.469446951953614e-17,0,0
2560,0.3152905332676513,0.05653575748022173,0.07121737231326745,0.01918112630879201,-9.020562075079397e-17,-5.724587470723463e-17,0,0
2561,0.8368396993852424,0.262237095361198,0.08892091945285015,0.056702301694465926,8.803721640582296e-17,3.122502256758253e-17,0,0
2562,0.1999999999998319,0.0,0.08258173941939378,0.0,-7.615436059538183e-16,-0.02765079706854358,0,3
2563,0.2598047875918192,0.03421744470433703,0.0747762876971188,0.013907895003285426,-3.642919299551295e-17,-2.0816681711721685e-17,0,0
2564,0.8558738795501624,0.2683573139521479,0.09016794468126103,0.057867091371865784,0.0,-7.979727989493313e-17,0,0
2565,0.8748932645760533,0.2745174542462845,0.09142722495103404,0.05905291226836136,-5.2909066017292616e-17,-2.0816681711721685e-17,0,0
2566,0.8939095817820342,0.2807032234282881,0.09269892511256846,0.060256630955068675,-2.688821387764051e-17,2.42861286636753e-17,0,0
2567,0.9170678756959557,0.3064543196103108,0.09420071505947909,0.06553715397222239,-1.0408340855860843e-17,-5.4643789493269423e-17,0,0
2568,0.9360474491980537,0.3126498686449122,0.0955097827131125,0.06676441716665163,2.1250362580715887e-17,4.683753385137379e-17,0,0
2569,0.9550574007477276,0.3188386274842137,0.09683171380800827,0.06800493545258866,-2.688821387764051e-17,-5.724587470723463e-17,0,0
2570,0.9846324620761788,0.332654408737882,0.09890792573550987,0.07082137258650949,-1.474514954580286e-17,-2.42861286636753e-17,0,0
2571,1.0,0.3399999999991498,0.1,0.07233164832332108,0.020264526750754366,-1.734723475976807e-18,2,0
2572,0.4335391745729461,0.1130454231288026,0.06962879768631204,0.030467362781071115,-1.5352302762394743e-16,1.3877787807814457e-17,0,0
2573,0.4525491301970888,0.1192260107420858,0.07000043047587881,0.03138727590847122,3.7730235602495554e-17,2.6020852139652106e-17,0,0
2574,0.4715567071058032,0.125410378226623,0.07046480955438801,0.03232376797234529,3.2959746043559335e-17,-2.7755575615628914e-17,0,0
2575,0.4905548768462661,0.1315946292436685,0.07101238197477173,0.033277152879560665,-9.8879238130678e-17,-5.204170427930421e-17,0,0
2576,0.5095558352644971,0.1377668780920157,0.07163519200014873,0.03424256901526298,9.540979117872439e-17,-2.2551405187698492e-17,0,0
2577,0.5285625685390332,0.1439423507375112,0.07232517457418408,0.03522288634888304,-9.8879238130678e-17,6.938893903907228e-18,0,0
2578,0.547574217061424,0.1501256490228902,0.07307551720815514,0.036218924919526406,7.806255641895632e-17,-6.938893903907228e-18,0,0
2579,0.5665849818877842,0.1563101086130682,0.07388031956556199,0.03722902743868718,1.214306433183765e-17,-3.8163916471489756e-17,0,0
2580,0.585596037316417,0.1624944362541806,0.0747344989165832,0.03825235808647879,-4.5102810375396984e-17,-1.734723475976807e-17,0,0
2581,0.3343144878673205,0.06268301425337819,0.07059025633878471,0.020288063400488655,2.0383000842727483e-17,1.0408340855860843e-17,0,0
2582,0.3533586207478577,0.06876917742171923,0.07018311946149337,0.021334789420741785,3.469446951953614e-18,-3.122502256758253e-17,0,0
2583,0.3723679186232184,0.07495223690065464,0.06995525059029988,0.02238471206836314,-4.8138576458356397e-17,6.938893903907228e-18,0,0
2584,0.3913541381959931,0.0811792694690393,0.06988611378206065,0.02343543179334435,-6.548581121812447e-17,-2.7755575615628914e-17,0,0
2585,0.4103625251314371,0.08734558093161951,0.06995602680134981,0.02446455113937683,3.5561831257524545e-17,2.949029909160572e-17,0,0
2586,0.6046074011407492,0.1686791673367383,0.0756334431703058,0.0392886261078103,-7.806255641895632e-18,2.42861286636753e-17,0,0
2587,0.2098772875520288,0.01493475725809349,0.08065608620133898,0.007687791174416481,-6.114900252818245e-16,-1.4224732503009818e-16,0,0
2588,0.2299712803241356,0.01616205068926153,0.07817446760490673,0.007512285997387173,-2.7072528246963046e-16,-4.683753385137379e-17,0,0
2589,0.2499772975019129,0.01731798110174396,0.07621587353503452,0.0073693466237465125,-1.9426192425509026e-16,-2.949029909160572e-17,0,0
2590,0.2800237121265952,0.03465683072528986,0.07351192171973349,0.01314549107835896,-2.0122792321330962e-16,-3.122502256758253e-17,0,0
2591,0.3120235670059271,0.03712217898949299,0.07206541586899183,0.012783485947690885,-9.540979117872439e-18,-1.214306433183765e-17,0,0
2592,0.9129265319946923,0.2868897872071992,0.09398274366786755,0.061473073881831874,8.500145032286355e-17,3.382710778154774e-17,0,0
2593,0.9720782164784172,0.3216117810107858,0.09802970382857336,0.06855098670690833,8.283304597789254e-17,-2.42861286636753e-17,0,0
2594,0.623619770078373,0.1748648982068008,0.07657309282587645,0.04033763184170857,4.2500725161431774e-17,1.0408340855860843e-17,0,0
2595,0.6426332253648119,0.1810517926771011,0.07754980772210703,0.041399066480778166,-6.5052130349130266e-18,-6.938893903907228e-18,0,0
2596,0.6616469068233165,0.1872383484895134,0.0785603102100812,0.04247233698397214,-6.245004513516506e-17,-2.7755575615628914e-17,0,0
2597,0.6806601346685571,0.1934246018988355,0.0796016311430626,0.04355724814625874,4.5102810375396984e-17,1.214306433183765e-17,0,0
2598,0.6996557698842654,0.1996050649625303,0.08067019256945036,0.044652658027476616,-1.3877787807814457e-17,1.734723475976807e-18,0,0
2599,0.7186426680922529,0.2057350914197155,0.08176461330171038,0.045748620617206935,-8.153200337090993e-17,-1.9081958235744878e-17,0,0
2600,0.7376461663930693,0.2118517809953465,0.08288383811394746,0.046852785616872776,9.8879238130678e-17,3.469446951953614e-18,0,0
2601,0.7566494390854649,0.2180115469895468,0.08402436670847693,0.04797758921222814,-9.280770596475918e-17,6.938893903907228e-18,0,0
2602,0.7756637368129938,0.2241974117222165,0.08518547810289105,0.04911909341055442,6.028164079019405e-17,1.5612511283791264e-17,0,0
2603,0.7946772071318243,0.230383047547852,0.0863651699533582,0.05027172865879143,8.413408858487514e-17,-3.469446951953614e-17,0,0
2604,0.813686399432256,0.2365684992349857,0.08756182657367007,0.05143559102176092,-1.1405806854547507e-16,4.163336342344337e-17,0,0
2605,0.8326987042341978,0.2427110296850267,0.08877498569946018,0.0526016182577174,4.597017211338539e-17,-8.673617379884035e-18,0,0
2606,0.4293779751642424,0.09352032548700719,0.07015478641365751,0.025493056490257432,-1.1102230246251565e-16,1.3877787807814457e-17,0,0
2607,0.3299676938349474,0.04372087977772578,0.0713770108982756,0.014395089335385133,-1.249000902703301e-16,-6.938893903907228e-18,0,0
2608,0.8517294127462827,0.2488052399641594,0.09000449328546417,0.05376872042642598,-2.949029909160572e-17,5.551115123125783e-17,0,0
2609,0.2199999999997871,0.0,0.07973029394437212,0.0,-3.2873009869760494e-16,-0.02675330274454303,0,3
2610,0.2698153368628992,0.01716548324087618,0.07471558307961189,0.006773880071730872,-6.158268339717665e-17,3.0357660829594124e-17,0,0
2611,0.2958496951181008,0.03222536702767073,0.0728506690951653,0.011644185176780501,4.0007060164715114e-17,-1.734723475976807e-18,0,0
2612,0.8707451568096585,0.2549636731033088,0.09124649271205354,0.05496109453364329,-1.0408340855860843e-17,3.9898639947466563e-17,0,0
2613,0.8897585264890786,0.2611408713503697,0.0925012976254116,0.05616909487468399,-2.3418766925686896e-17,-3.122502256758253e-17,0,0
2614,0.9087756145195356,0.2673271811284246,0.09376865307407554,0.057390778270451505,2.42861286636753e-17,1.214306433183765e-17,0,0
2615,0.9319441299482181,0.2930764218399686,0.09527794811463262,0.06270240962556366,-7.632783294297951e-17,-4.466912950640278e-17,0,0
2616,0.950675839081138,0.2993240744645076,0.09656390069044159,0.063958861045161,-1.474514954580286e-17,-3.469446951953614e-18,0,0
2617,0.9687279978768496,0.3046524561706134,0.09781442496282199,0.06503684384450857,4.85722573273506e-17,7.45931094670027e-17,0,0
2618,1.0,0.3199999999992081,0.1,0.06819823888741935,0.020240338744678232,6.938893903907228e-18,2,0
2619,0.9854087740181224,0.3115777746719661,0.0989766256928334,0.06645556232518149,-7.979727989493313e-17,5.551115123125783e-17,0,0
2620,0.4483973343659421,0.09967597718894362,0.07046566158428264,0.026511987256503597,4.683753385137379e-17,-2.6020852139652106e-17,0,0
2621,0.4674100596023565,0.1058532910965081,0.07087318831857306,0.02753870691907633,-3.165870343657673e-17,-1.734723475976807e-18,0,0
2622,0.4864150984637475,0.1120371918889979,0.07136916568429522,0.028574320190950724,3.3393426912553537e-17,-1.734723475976807e-17,0,0
2623,0.5054138143628666,0.1182199690501333,0.07194436854018789,0.029614891960662037,-1.3877787807814457e-17,1.9081958235744878e-17,0,0
2624,0.5244134568170696,0.1243969510912033,0.0725905446254313,0.030659353641416098,-1.3010426069826053e-18,-1.734723475976807e-18,0,0
2625,0.543420396484679,0.1305693816964504,0.07330069318048248,0.03170915747206898,-3.469446951953614e-18,-5.724587470723463e-17,0,0
2626,0.5624347553778137,0.1367542913211255,0.07406848822984227,0.03276939787298042,7.806255641895632e-17,-1.0408340855860843e-17,0,0
2627,0.5814463407018816,0.1429377013378573,0.07488827565157238,0.03383712220247465,-1.205632815803881e-16,4.336808689942018e-17,0,0
2628,0.600458308227658,0.1491216366548336,0.0757552602572794,0.03491296061738035,-3.122502256758253e-17,1.0408340855860843e-17,0,0
2629,0.3490175675916572,0.0497906631752633,0.07087950017429775,0.015702655317558812,-1.8648277366750676e-17,2.0816681711721685e-17,0,0
2630,0.3682188801617366,0.05539537361187027,0.07059832000712006,0.01678312603122972,-5.2909066017292616e-17,-1.734723475976807e-18,0,0
2631,0.3872113347180147,0.06158295012339123,0.07046309933066176,0.01801249744921763,-2.2551405187698492e-17,-1.0408340855860843e-17,0,0
2632,0.4061406985796939,0.06800203246635586,0.07046852595664227,0.019267923517259464,-9.280770596475918e-17,-2.6020852139652106e-17,0,0
2633,0.4251764804177173,0.07411714436149645,0.0706069056446578,0.020425311364574445,6.548581121812447e-17,-3.469446951953614e-18,0,0
2634,0.6194709504490555,0.1553070015289007,0.07666512831017297,0.03599739481375749,5.117434254131581e-17,-1.0408340855860843e-17,0,0
2635,0.2399999999997272,0.0,0.07746341190958249,0.0,-2.0729945537922845e-16,-0.026195703292040993,0,3
2636,0.2599999999996782,0.0,0.07567998104788959,0.0,-9.194034422677078e-17,-0.025740989991069562,0,3
2637,0.2890862239577888,0.01680064291388626,0.07358652241866338,0.00623570124629865,-9.8879238130678e-17,-2.2551405187698492e-17,0,0
2638,0.3251478714970607,0.02403480515547689,0.07203599844904437,0.008061683726534432,-2.0990154059319366e-16,5.204170427930421e-18,0,0
2639,0.3070178929296441,0.01836383234775448,0.07273628351868629,0.006452634954347308,5.692061405548898e-18,-3.469446951953614e-18,0,0
2640,0.9277929426053872,0.2735136147457873,0.09504770489397435,0.0586244088789586,3.642919299551295e-17,2.6020852139652106e-17,0,0
2641,0.6384842898854046,0.1614930545848986,0.07761400861844503,0.037090396440206556,-1.5612511283791264e-17,3.469446951953614e-17,0,0
2642,0.6574979063487744,0.1676792516317039,0.07859840544347395,0.03819196756634208,-9.107298248878237e-17,2.7755575615628914e-17,0,0
2643,0.6765113947080288,0.1738653012904487,0.07961519253278582,0.03930220234337139,8.847089727481716e-17,3.469446951953614e-18,0,0
2644,0.6955242605703063,0.180051487874694,0.08066154992698223,0.04042134051281504,-7.112366251504909e-17,-2.42861286636753e-17,0,0
2645,0.7144814389028553,0.1862277300292071,0.08173174475726959,0.041547927864068614,7.45931094670027e-17,1.214306433183765e-17,0,0
2646,0.7334841171826046,0.1922655560747834,0.0828309085449089,0.0426529541809888,3.469446951953614e-17,-6.938893903907228e-17,0,0
2647,0.7524989818589717,0.1984513506091098,0.08395199316995855,0.043799421034857546,-8.153200337090993e-17,3.122502256758253e-17,0,0
2648,0.7715137328755902,0.204637288624001,0.08509406266114856,0.04495534901776392,4.423544863740858e-17,-3.122502256758253e-17,0,0
2649,0.790528480538506,0.210823189278463,0.08625549399718,0.04612083899766924,2.168404344971009e-17,3.122502256758253e-17,0,0
2650,0.8095350122125271,0.2170038267508355,0.08743431398540707,0.047295037761090494,-4.206704429243757e-17,-3.642919299551295e-17,0,0
2651,0.8285478457570359,0.2231497410471502,0.08863028757680758,0.048471774932789494,2.8189256484623115e-17,-1.5612511283791264e-17,0,0
2652,0.8475740120117674,0.229223954128732,0.0898428513360288,0.04964342121662507,-1.0798653637955624e-16,-1.0408340855860843e-17,0,0
2653,0.4442489914933537,0.08011585505929102,0.07087072159262423,0.0215208646322199,1.734723475976807e-18,-1.3877787807814457e-17,0,0
2654,0.3434273546638564,0.03223694093290948,0.0714444659639017,0.010345764200856903,5.204170427930421e-17,-2.6020852139652106e-17,0,0
2655,0.8665934316682353,0.2353960788346216,0.09106859516702645,0.05084640716925523,9.540979117872439e-17,4.5102810375396984e-17,0,0
2656,0.279999999999601,0.0,0.07429282542996615,0.0,-4.683753385137379e-17,-0.025353239601901334,0,3
2657,0.8856071815197302,0.2415783127094972,0.09230722156576297,0.05206225103314834,1.0408340855860843e-17,-3.469446951953614e-18,0,0
2658,0.904624444063748,0.2477646408344547,0.09355859400047746,0.05328985289289007,-5.117434254131581e-17,-3.2959746043559335e-17,0,0
2659,0.9236419184706006,0.2539509586994865,0.09482180843088887,0.05452858337129548,5.637851296924623e-17,1.0408340855860843e-17,0,0
2660,0.9465652778191123,0.2797522258482052,0.09632049503872124,0.05988211960879322,-7.806255641895632e-17,7.806255641895632e-18,0,0
2661,0.9652441344645708,0.2857227038727766,0.09759728392653619,0.06109649444335773,5.767955557622884e-17,-6.071532165918825e-17,0,0
2662,0.9838879947632553,0.2919414930073901,0.09888148234988318,0.06237178769224563,-3.9898639947466563e-17,-4.163336342344337e-17,0,0
2663,1.0,0.2999999999992664,0.1,0.06404427888666282,0.02022226408053653,6.938893903907228e-18,2,0
2664,0.4632586751656652,0.08629495761996714,0.07122958759671509,0.02265005107229336,2.168404344971009e-18,-1.214306433183765e-17,0,0
2665,0.4822709862155206,0.09247933423195046,0.0716808906963194,0.02377989732092967,2.905661822261152e-17,6.938893903907228e-18,0,0
2666,0.5012808538970102,0.09866509826465047,0.07221578667743217,0.02490325043841709,-1.3357370765021415e-16,0.0,0,0
2667,0.5202640328230369,0.1048500141703217,0.07282328543216719,0.0260215821597012,4.0766001685454967e-17,1.734723475976807e-17,0,0
2668,0.5392677455632053,0.1110199161115054,0.0734977618793954,0.02713373461754115,-3.5128150388530344e-17,5.204170427930421e-18,0,0
2669,0.5582819057876658,0.117197423648054,0.07423238738662052,0.028248502796882315,5.5077470362263625e-17,4.163336342344337e-17,0,0
2670,0.5772935308745368,0.1233790605349891,0.07502117165488649,0.029365874860346843,-1.5005358067199381e-16,-1.734723475976807e-17,0,0
2671,0.5963072031871129,0.1295635267895652,0.0758591557259705,0.03048633777371045,1.2836953722228372e-16,-2.6020852139652106e-17,0,0
2672,0.6153211464426751,0.1357482178435495,0.07674184218977778,0.031610407867715254,-7.28583859910259e-17,-3.469446951953614e-18,0,0
2673,0.3640674209689546,0.03583639873667466,0.07110581589515125,0.011005012047336178,-6.331740687315346e-17,-2.6020852139652106e-18,0,0
2674,0.3836441999749057,0.04343577276435166,0.07088448169123024,0.012841590922529013,2.992397996059992e-17,-2.2551405187698492e-17,0,0
2675,0.4023602749592446,0.04887376393579207,0.07087297187650768,0.013986834198013835,-1.3010426069826053e-17,2.6020852139652106e-17,0,0
2676,0.4206548085250001,0.05569305889176,0.07095866781177913,0.015505109132513784,6.071532165918825e-18,-2.2551405187698492e-17,0,0
2677,0.4397673553570126,0.06169380689848384,0.07116940597705611,0.01673395751685511,-1.0144744202675304e-16,5.204170427930421e-18,0,0
2678,0.6343346240309269,0.1419337892959167,0.07766517901772038,0.032738859003837176,5.074066167232161e-17,-3.469446951953614e-18,0,0
2679,0.2999999999995319,0.0,0.07322468524040132,0.0,0.0,-0.024936019715707605,0,3
2680,0.3362965523141713,0.01368519190173918,0.07185622346857974,0.004471376161098206,9.020562075079397e-17,-1.1275702593849246e-17,0,0
2681,0.3199999999994552,0.0,0.07243259111661425,0.0,-1.0061396160665481e-16,-0.02460284548257668,0,3
2682,0.9426185181344549,0.2601461019774673,0.09609349378662865,0.05578036440756282,-5.204170427930421e-17,1.734723475976807e-18,0,0
2683,0.653348603846196,0.1481196938266277,0.07862551416936661,0.03387209825677278,7.806255641895632e-18,-5.377642775528102e-17,0,0
2684,0.6723628423091579,0.1543059764254344,0.0796195637513603,0.0350107394146141,1.0928757898653885e-16,-1.9081958235744878e-17,0,0
2685,0.6913619159832172,0.1604929381545372,0.08064354672449496,0.036155595147652285,-5.0306980803327406e-17,-3.469446951953614e-17,0,0
2686,0.7103439656771025,0.1666602050168269,0.08169489600732673,0.03730256240462524,-5.637851296924623e-18,1.734723475976807e-18,0,0
2687,0.729332032414159,0.1727681926189348,0.08277289834717635,0.03844319896458397,4.5102810375396984e-17,1.3877787807814457e-17,0,0
2688,0.7483486128042267,0.17889094716389,0.08387601268612255,0.03959389626167288,-1.2836953722228372e-16,-1.3877787807814457e-17,0,0
2689,0.7673576118565388,0.1850995286061078,0.08499957007867287,0.04077087328077522,1.0928757898653885e-16,3.469446951953614e-17,0,0
2690,0.7863784915637264,0.1912625947536796,0.08614425881398492,0.04194568305323442,-3.903127820947816e-17,-2.949029909160572e-17,0,0
2691,0.8053937303626172,0.1974486820397894,0.08730684426951792,0.0431336769572321,5.811323644522304e-17,6.245004513516506e-17,0,0
2692,0.8243963614604324,0.2035982976073293,0.08848586657175724,0.0443224290661942,-1.0234868508263162e-16,2.42861286636753e-17,0,0
2693,0.8434311277158866,0.2096885567385386,0.08968296293430526,0.04550720919328976,5.117434254131581e-17,-1.5612511283791264e-17,0,0
2694,0.862443067752189,0.2158347488502226,0.09089274231941592,0.046713304585698515,1.3010426069826053e-17,-9.020562075079397e-17,0,0
2695,0.4591359435484424,0.06676759315112718,0.07152210478330598,0.017667070843130656,4.336808689942018e-18,2.2551405187698492e-17,0,0
2696,0.3508678444614715,0.01706161090746967,0.07154053420383516,0.005402583232077693,-1.0743088276615742e-16,1.3877787807814457e-17,0,0
2697,0.8814558373743188,0.2220159191697059,0.0921158973867281,0.04793640681090739,0.0,-2.7755575615628914e-17,0,0
2698,0.9004731761916264,0.2282020411315418,0.09335191176399651,0.04917047294530663,4.7704895589362195e-18,-3.469446951953614e-18,0,0
2699,0.9194907423741091,0.2343882176957938,0.09459976979550833,0.050414740268443475,2.3852447794681098e-17,1.0408340855860843e-17,0,0
2700,0.9385085151563701,0.2405746108636694,0.09585872346379012,0.05166940506517736,-5.204170427930421e-18,-6.938893903907228e-18,0,0
2701,0.9616756505534518,0.2663237017313482,0.09738054026410735,0.05704048263160737,1.2663481374630692e-16,3.686287386450715e-18,0,0
2702,0.9820592632862983,0.2711997347711479,0.0987689896259725,0.05803885774089144,-1.3097162243624894e-16,-1.5612511283791264e-17,0,0
2703,1.0,0.2799999999993247,0.1,0.05987364120602754,0.020209140361776595,1.734723475976807e-17,2,0
2704,0.478121552455287,0.07292023892793403,0.07193689991422067,0.018895146661954396,-6.938893903907228e-18,2.6020852139652106e-17,0,0
2705,0.4971349596781229,0.07910574171361556,0.0724380973598586,0.02011137457716078,-2.42861286636753e-17,0.0,0,0
2706,0.5161159668051263,0.08529013167336003,0.07301487347506365,0.021308582625113787,-2.862293735361732e-17,-1.0408340855860843e-17,0,0
2707,0.5351106535580037,0.09146077948436039,0.07365905895227269,0.022490038134614594,9.75781955236954e-17,2.6020852139652106e-17,0,0
2708,0.5541204560134625,0.09763280153411363,0.07436524396214483,0.02366569661492807,-6.158268339717665e-17,-3.469446951953614e-17,0,0
2709,0.5731333980914678,0.1038158501736881,0.07512710262206744,0.024838836825450735,-7.892991815694472e-17,6.765421556309548e-17,0,0
2710,0.592153909823357,0.1100032712388718,0.07593991356212558,0.026008970960710358,2.2551405187698492e-17,2.2551405187698492e-17,0,0
2711,0.6111712053915883,0.1161890000980881,0.07679863496252466,0.027177200298819926,-2.8189256484623115e-17,-1.214306433183765e-17,0,0
2712,0.6301846833874916,0.1223738928321934,0.07769916137036292,0.02834487571186904,4.380176776841438e-17,-1.5612511283791264e-17,0,0
2713,0.3801931869486064,0.02803515236520918,0.07115831884753171,0.00834930545270036,5.637851296924623e-17,4.163336342344337e-17,0,0
2714,0.3983116592101054,0.03136196091747142,0.07114233139601704,0.009062611703918788,-9.75781955236954e-17,-3.122502256758253e-17,0,0
2715,0.4195671464440778,0.03599068580745388,0.07126820306525361,0.010057678790273054,2.42861286636753e-17,2.7755575615628914e-17,0,0
2716,0.4341286224349481,0.04725794719445391,0.071312765299717,0.012936431243033224,-3.122502256758253e-17,1.0408340855860843e-17,0,0
2717,0.4532485812370816,0.0469792419865392,0.07169420803553431,0.012554901498105883,-2.5587171270657905e-17,-1.0408340855860843e-17,0,0
2718,0.3699999999992927,0.01701402779511971,0.07135062583057167,0.005175276884350023,-6.765421556309548e-17,-1.9081958235744878e-17,0,0
2719,0.649198755476107,0.1285599190386689,0.07863791998963862,0.0295131801669601,-2.211772431870429e-17,3.469446951953614e-17,0,0
2720,0.3399999999993845,0.0,0.07188920450048704,0.0,-9.540979117872439e-18,-0.02432583913635694,0,3
2721,0.9575268042018074,0.2467614999763076,0.09712839101391824,0.052934060659705046,-1.214306433183765e-17,-2.862293735361732e-17,0,0
2722,0.6682133721184316,0.1347460245091042,0.07961141364603964,0.030683054031496862,-3.729655473350135e-17,-1.3877787807814457e-17,0,0
2723,0.6872280292911487,0.1409323961177405,0.08061668046167327,0.03185564283057181,-2.7321894746634712e-17,7.28583859910259e-17,0,0
2724,0.7062205311559129,0.1471091467876051,0.0816498375333357,0.033029659326129425,-7.19910242530375e-17,1.5612511283791264e-17,0,0
2725,0.7252031060740122,0.1532570165908911,0.08270922895535604,0.03420141815804229,6.505213034913027e-17,3.122502256758253e-17,0,0
2726,0.7441782252509335,0.1594257641169081,0.08379221065312152,0.03538238567676648,-5.160802341031001e-17,1.0408340855860843e-17,0,0
2727,0.7631908079108504,0.1656050129771092,0.08489966035058702,0.03657058038959485,-2.862293735361732e-17,-8.326672684688674e-17,0,0
2728,0.7822241531301618,0.1717411642542609,0.08602922539284727,0.037755201626401884,6.765421556309548e-17,2.7755575615628914e-17,0,0
2729,0.8012435649668224,0.1778876438794363,0.08717672316385112,0.03894863223502244,2.6020852139652106e-18,-2.0816681711721685e-17,0,0
2730,0.8202500429598718,0.184063603671501,0.08834059457477703,0.040155405311740396,-3.252606517456513e-17,-2.6020852139652106e-17,0,0
2731,0.8392190892189186,0.1901981660902589,0.08951832042786381,0.041360846886485544,7.45931094670027e-17,-3.469446951953614e-18,0,0
2732,0.8582667914074298,0.1963286689832398,0.09071585501587237,0.042572814464464856,-3.5561831257524545e-17,3.9898639947466563e-17,0,0
2733,0.8772998013125426,0.2024705202204398,0.09192604940827172,0.04379568020222248,-7.28583859910259e-17,6.938893903907228e-18,0,0
2734,0.4740046910043272,0.05339730395163479,0.072129635792789,0.013932943556737413,7.806255641895632e-18,-5.204170427930421e-18,0,0
2735,0.3599999999993138,0.0,0.07154076005004947,0.0,-6.938893903907228e-18,-0.024260594991879127,0,3
2736,0.8963177072054005,0.20864919344558,0.09314779233347423,0.0450352687278419,9.540979117872439e-17,5.0306980803327406e-17,0,0
2737,0.9153393970809209,0.2148252664776875,0.09438156838540768,0.04628358993699429,-7.068998164605489e-17,-2.949029909160572e-17,0,0
2738,0.9343572534678053,0.2210115389256963,0.095626242043924,0.04754361369152208,-6.071532165918825e-18,2.949029909160572e-17,0,0
2739,0.9524696099828753,0.2273901441289611,0.09682046098280886,0.04885597060966548,-2.688821387764051e-17,4.163336342344337e-17,0,0
2740,0.9788616232282242,0.2496449251174278,0.09856872852764224,0.05351637783188182,8.673617379884035e-18,4.5102810375396984e-17,0,0
2741,1.0,0.259999999999383,0.1,0.05568503088043329,0.020190497571194163,-1.734723475976807e-17,2,0
2742,0.492986716916083,0.05954542588318648,0.07260446661251013,0.015242315763916325,1.8648277366750676e-17,-2.6020852139652106e-17,0,0
2743,0.5119554610150161,0.06576734003964202,0.07315438030887458,0.0165369873469116,-1.9949319973733282e-17,1.3877787807814457e-17,0,0
2744,0.5309588064975319,0.07189705095346238,0.07377700312469818,0.01778131137585476,4.8138576458356397e-17,-4.683753385137379e-17,0,0
2745,0.5499664332970811,0.07806879085234408,0.07446060562435428,0.01902488229637051,-3.3393426912553537e-17,1.9081958235744878e-17,0,0
2746,0.5689825847695118,0.08425470253474501,0.07520102942580792,0.020258829826828303,-7.806255641895632e-17,-1.3877787807814457e-17,0,0
2747,0.5879989033621058,0.09044091919265154,0.07599210099498785,0.021482173459390574,4.85722573273506e-17,-7.28583859910259e-17,0,0
2748,0.6070173935960386,0.09662728799144289,0.07683054946032755,0.022698435963780662,8.066464163292153e-17,2.42861286636753e-17,0,0
2749,0.6260339395403365,0.1028130206676302,0.07771173395505501,0.023909282831306396,-7.068998164605489e-17,-1.5612511283791264e-17,0,0
2750,0.6450484294433163,0.1089994100493073,0.07863172562780721,0.02511600459211407,6.071532165918825e-18,6.938893903907228e-18,0,0
2751,0.3900008677424577,0.01597198969038357,0.07130193743719432,0.004679307714645891,-1.734723475976807e-18,-3.469446951953614e-18,0,0
2752,0.4099999999991963,0.01665531604418397,0.07138519845005825,0.004728211797204056,-7.679539512986389e-17,-2.949029909160572e-17,0,0
2753,0.4404031088688192,0.03279314897862473,0.07162186968820035,0.008917150576139322,6.418476861114186e-17,6.938893903907228e-18,0,0
2754,0.4708070650155565,0.03492467641791795,0.07226818731607808,0.009157854998575183,5.2909066017292616e-17,-1.734723475976807e-17,0,0
2755,0.3799999999992717,0.0,0.07138369029526795,0.0,4.336808689942018e-18,-0.02403410373463285,0,3
2756,0.6640634240030138,0.1151855612013234,0.07958730505184537,0.02631989147299455,4.8138576458356397e-17,1.3877787807814457e-17,0,0
2757,0.9674629732918274,0.2341773779560724,0.09781506482627794,0.050268305044106745,-1.5612511283791264e-17,-2.6020852139652106e-17,0,0
2758,0.683078456918612,0.1213719424378595,0.08057528017873615,0.027523091092524876,-4.5102810375396984e-17,-3.8163916471489756e-17,0,0
2759,0.702093724891518,0.1275585857392342,0.08159297992658557,0.028726495174575373,4.683753385137379e-17,-1.0408340855860843e-17,0,0
2760,0.7210894758512307,0.1337274825637929,0.08263694429170872,0.029927265715491726,2.2985086056692694e-17,-6.071532165918825e-17,0,0
2761,0.7400962125239743,0.1399093828641589,0.08370621515706878,0.03113254166728755,-3.5128150388530344e-17,-1.9081958235744878e-17,0,0
2762,0.7591038979247322,0.1460922524613492,0.08479826446684975,0.03234094061827966,1.2750217548429532e-16,2.42861286636753e-17,0,0
2763,0.7780876513781118,0.152230158794579,0.08591012045229905,0.03354356574830322,-1.0408340855860843e-16,-8.673617379884035e-18,0,0
2764,0.7970899489813277,0.1583757807925211,0.08704227100112678,0.03475224791634972,1.6479873021779667e-17,4.5102810375396984e-17,0,0
2765,0.816102052834578,0.1645275757702252,0.08819265261443099,0.03596731837967889,-5.421010862427522e-17,3.122502256758253e-17,0,0
2766,0.8351191668353413,0.1706931839191732,0.08935952630506663,0.03719106054067259,1.214306433183765e-17,1.734723475976807e-17,0,0
2767,0.8540838166884299,0.1768153388035872,0.09053821868296182,0.03841207168044548,-1.2576745200831851e-17,-8.673617379884035e-18,0,0
2768,0.8731213183963331,0.1829846272202413,0.09173516233078519,0.0396497903134023,6.505213034913027e-17,-1.0408340855860843e-17,0,0
2769,0.8921501666529024,0.1891193219074715,0.09294445270015138,0.0408877397811297,-2.5153490401663703e-17,-6.245004513516506e-17,0,0
2770,0.488582096354773,0.04076344781675623,0.07270215583488145,0.010503635270093428,8.500145032286355e-17,1.734723475976807e-17,0,0
2771,0.4299999999991477,0.01732050807563687,0.07160650537394188,0.004782845673400574,-2.2551405187698492e-17,-1.3010426069826053e-17,0,0
2772,0.4553304909657073,0.03091638537627411,0.07194533573609822,0.008260973671669955,-1.3178477406561306e-16,-3.9898639947466563e-17,0,0
2773,0.9111878646200926,0.1952620917666336,0.0941661388326158,0.04213557036113071,-2.1250362580715887e-17,2.0816681711721685e-17,0,0
2774,0.9302058042380098,0.2014483020440499,0.09539737182880448,0.04340166456768216,-3.5561831257524545e-17,-2.42861286636753e-17,0,0
2775,0.9486499801088095,0.207893357413733,0.09660099867483254,0.04473260880300839,5.551115123125783e-17,-4.85722573273506e-17,0,0
2776,0.9659411442531299,0.2156591492626143,0.0977360174305305,0.046353621923205905,5.117434254131581e-17,1.3877787807814457e-17,0,0
2777,0.9824169292224711,0.2278522306450008,0.09882416874090695,0.04891883823062054,-2.42861286636753e-17,-1.9081958235744878e-17,0,0
2778,1.0,0.2399999999994413,0.1,0.05147717716108624,0.0201817589882774,0.0,2,0
2779,0.5074327455663057,0.04735879913707391,0.07321883929047195,0.011983374405196204,-1.4983674023749671e-16,-6.938893903907228e-18,0,0
2780,0.5267273226515898,0.05258676046272916,0.07383772691530704,0.013076837893335665,1.214306433183765e-16,2.949029909160572e-17,0,0
2781,0.5458155787801331,0.05850741758178683,0.07451276762583393,0.01432969810196155,-6.418476861114186e-17,-6.938893903907228e-18,0,0
2782,0.5648317414190717,0.06469345700927581,0.07523678310926148,0.01562897341469069,1.5178830414797062e-17,-1.3877787807814457e-17,0,0
2783,0.583847977848079,0.07087928352653858,0.07601160233544733,0.016907983145732507,8.543513119185775e-17,5.204170427930421e-18,0,0
2784,0.6028647543569441,0.07706563413496995,0.0768327326597993,0.018176471638259206,-9.84455572616838e-17,-3.8163916471489756e-17,0,0
2785,0.6218816491019001,0.08325188261644584,0.0776985718281332,0.019433930151896053,2.7755575615628914e-17,5.204170427930421e-18,0,0
2786,0.640897870965988,0.08943811396126594,0.0786033143863409,0.02068174955697382,-4.119968255444917e-17,1.734723475976807e-18,0,0
2787,0.6599132808166925,0.09562465210742324,0.07954352558814269,0.021922494005561927,-3.903127820947816e-17,-3.469446951953614e-18,0,0
2788,0.3999999999992156,0.0,0.0713936936448457,0.0,5.204170427930421e-18,-0.023854278429548112,0,3
2789,0.4199999999991775,0.0,0.07154545933667723,0.0,-3.642919299551295e-17,-0.023757020609554758,0,3
2790,0.4491001900599111,0.01680096049972846,0.07193368950641894,0.0045282313990183285,4.336808689942018e-17,3.469446951953614e-18,0,0
2791,0.4884315339930885,0.02001009575896563,0.07285758255673934,0.005161556157479937,-8.035293350833195e-17,1.214306433183765e-17,0,0
2792,0.467396079817228,0.01659827791507921,0.07232768238851169,0.004379909733945537,-4.655293078109635e-18,-1.0408340855860843e-17,0,0
2793,0.6789284622396219,0.1018108445649022,0.08051705721210083,0.02315863250550597,4.380176776841438e-17,3.122502256758253e-17,0,0
2794,0.6979438741044072,0.1079972716560484,0.08152048217524001,0.02439159800387254,-1.9081958235744878e-17,-5.204170427930421e-18,0,0
2795,0.7169598744053804,0.1141841557738477,0.08255157291534665,0.025622863053748064,3.729655473350135e-17,2.2551405187698492e-17,0,0
2796,0.7359760303447886,0.1203713665766647,0.08360772474018477,0.026852640474226554,-4.9439619065339e-17,2.0816681711721685e-17,0,0
2797,0.7549921073347929,0.1265586611173979,0.0846868671084526,0.028082840750842112,1.9081958235744878e-17,-3.469446951953614e-18,0,0
2798,0.7739853125898812,0.132722316996299,0.08578604657169155,0.029309773053334615,-6.028164079019405e-17,-8.673617379884035e-18,0,0
2799,0.7929575652326358,0.1388610646512543,0.08690359632502008,0.030533815105375988,-4.0766001685454967e-17,-1.734723475976807e-18,0,0
2800,0.8119384974261014,0.1450368799433356,0.08803930507651689,0.031768989940805965,6.765421556309548e-17,2.2551405187698492e-17,0,0
2801,0.8309748898947557,0.1511369950040021,0.0891952465097496,0.03299138663441538,-1.474514954580286e-17,-7.632783294297951e-17,0,0
2802,0.8499791512752025,0.1573099529608124,0.09036386468339436,0.034234480441882195,3.642919299551295e-17,-1.734723475976807e-17,0,0
2803,0.8689769973268688,0.1634686213921011,0.0915459764852585,0.035479950308129046,2.168404344971009e-17,3.2959746043559335e-17,0,0
2804,0.8879685843339127,0.169616924769851,0.0927405127913622,0.0367294092815203,-5.984795992119984e-17,4.5102810375396984e-17,0,0
2805,0.9070152116138566,0.1757346253713075,0.09395045851644662,0.03797906666968383,2.688821387764051e-17,5.204170427930421e-18,0,0
2806,0.5028263571988904,0.03181014553819875,0.07320587485763726,0.008090606811047743,-7.45931094670027e-17,3.469446951953614e-17,0,0
2807,0.4399999999991175,0.0,0.0718210338909383,0.0,2.0816681711721685e-17,-0.023665068505044642,0,3
2808,0.9260542347084488,0.1818850323243294,0.09517074047182404,0.039243366616820874,-1.6046192152785466e-17,-1.214306433183765e-17,0,0
2809,0.9450724458431417,0.1880712732606848,0.0963994784894724,0.04052393973135118,5.811323644522304e-17,2.0816681711721685e-17,0,0
2810,0.9642371559840514,0.1950483227549194,0.09764724515058425,0.04198003422208483,-1.0234868508263162e-16,-1.214306433183765e-17,0,0
2811,0.98261241697604,0.2086486212688597,0.09884808372434588,0.04485247217443461,5.117434254131581e-17,0.0,0,0
2812,1.0,0.2199999999994996,0.1,0.04725142405207955,0.020164250324618608,-1.3877787807814457e-17,2,0
2813,0.5198471399515251,0.03371316033958548,0.07375490515156387,0.008442432962326732,3.7025504190379976e-17,-3.469446951953614e-17,0,0
2814,0.5421971324406223,0.03636489860584022,0.07455304203337962,0.008946947945317906,-7.025630077706069e-17,1.214306433183765e-17,0,0
2815,0.5616840775508632,0.04572315890417389,0.07525989326645648,0.011086988047325113,-4.206704429243757e-17,3.469446951953614e-18,0,0
2816,0.5800212572534136,0.05169901619527635,0.07600134934306503,0.012378320390695441,-3.903127820947816e-17,1.9081958235744878e-17,0,0
2817,0.5987138473994889,0.05750353489556323,0.07680214876470172,0.013611799299852826,6.071532165918825e-17,2.42861286636753e-17,0,0
2818,0.6177304828319612,0.06368999343568829,0.07765451266198974,0.014921499376216871,-3.642919299551295e-17,3.469446951953614e-18,0,0
2819,0.6367470546383414,0.06987639577752212,0.07854890476678032,0.01621271006786959,-5.724587470723463e-17,2.2551405187698492e-17,0,0
2820,0.6557632466124126,0.07606296460632762,0.07947710041702438,0.017491678767703543,9.454242944073599e-17,-2.2551405187698492e-17,0,0
2821,0.674778743926162,0.08224938458986111,0.08043822698836821,0.018764053192513026,-7.32920668600201e-17,-1.3877787807814457e-17,0,0
2822,0.4599999999990794,0.0,0.07220317767179403,0.0,-1.214306433183765e-17,-0.0235500469202182,0,3
2823,0.5098382701287596,0.01720522463861249,0.07351677674731605,0.004344971876635095,2.6020852139652106e-17,1.734723475976807e-18,0,0
2824,0.4799999999990204,0.0,0.07267754246264077,0.0,-3.8163916471489756e-17,-0.023423004828926952,0,3
2825,0.6937936132845699,0.08843555052621145,0.08143066189601801,0.020028326081880037,5.551115123125783e-17,-3.469446951953614e-18,0,0
2826,0.7128097547326977,0.09462223424282888,0.08245049806218795,0.02128835424990828,-3.9898639947466563e-17,3.122502256758253e-17,0,0
2827,0.7318260054737253,0.1008092263448257,0.08349503403614679,0.022542945735732803,-3.2959746043559335e-17,-1.0408340855860843e-17,0,0
2828,0.7508422932038243,0.1069964073462941,0.08456256707533709,0.023795390567605133,5.984795992119984e-17,1.734723475976807e-18,0,0
2829,0.7698544836244741,0.1131791591323658,0.08565141219199435,0.025046630142992698,-3.469446951953614e-17,2.2551405187698492e-17,0,0
2830,0.7888617634838007,0.1193562593015182,0.08675972306985166,0.026296877900332735,-7.19910242530375e-17,-8.673617379884035e-18,0,0
2831,0.8078433201476394,0.125484997878785,0.08788468894867058,0.027537661303869015,1.2576745200831851e-17,-2.2551405187698492e-17,0,0
2832,0.8268823127759851,0.1315761690206581,0.08902973861287096,0.02877209801196081,1.0495077029659683e-16,4.85722573273506e-17,0,0
2833,0.8458516038875548,0.1377561616903757,0.09018513847976427,0.030029115048221894,-5.551115123125783e-17,2.949029909160572e-17,0,0
2834,0.8648580097430372,0.1439479667859131,0.09135660845555882,0.03129231935904413,-6.418476861114186e-17,-1.214306433183765e-17,0,0
2835,0.8838646990637903,0.1501228190545935,0.09254086824245296,0.03255661196549029,-2.3418766925686896e-17,-1.734723475976807e-17,0,0
2836,0.9028313471362022,0.1562436802235751,0.09373443097554353,0.03381497071330921,3.8163916471489756e-17,1.734723475976807e-18,0,0
2837,0.9218811536820577,0.1623640079967893,0.0949440591788945,0.03507934871275163,1.3877787807814457e-17,8.673617379884035e-18,0,0
2838,0.4999999999989813,0.0,0.0732405043754023,0.0,2.2551405187698492e-17,-0.023378600035931334,0,3
2839,0.9409208316546706,0.1685077464109912,0.09616296407824705,0.036355794041823354,-9.974659986866641e-18,3.469446951953614e-18,0,0
2840,0.9622637524647926,0.1750219198021042,0.09754004809261335,0.03771657821429033,-2.862293735361732e-17,1.1275702593849246e-17,0,0
2841,0.9828678827944768,0.1895105712818297,0.09887579940908174,0.04078538511143742,6.591949208711867e-17,2.949029909160572e-17,0,0
2842,1.0,0.1999999999995579,0.1,0.04301049234768465,0.020153348898927396,5.204170427930421e-18,2,0
2843,0.5306985820209149,0.01752343454939637,0.07422765541691057,0.004352417428199792,4.7681178666839075e-17,2.7755575615628914e-17,0,0
2844,0.5600379152505426,0.02955787351673308,0.07529634367476963,0.007177532521652763,9.194034422677078e-17,-1.0408340855860843e-17,0,0
2845,0.5772387554130798,0.03363723753233501,0.0759904851685926,0.008076059013377736,-7.45931094670027e-17,-3.2959746043559335e-17,0,0
2846,0.594814435278619,0.03834830407501281,0.07674462109366022,0.009107497680215064,2.6020852139652106e-17,0.0,0,0
2847,0.613396719660861,0.04469017926191094,0.07757167612031798,0.01050464764418977,-2.862293735361732e-17,1.3877787807814457e-17,0,0
2848,0.632596415192055,0.05031433663436852,0.07846427363193209,0.01171331719896755,-1.485356976305141e-17,-1.0408340855860843e-17,0,0
2849,0.6516131075152382,0.05650064365450412,0.07938558430485172,0.013029791406098779,6.071532165918825e-17,3.469446951953614e-18,0,0
2850,0.6706293097964926,0.0626875253052126,0.08033824804662174,0.014340778596602452,-1.3530843112619095e-16,1.3877787807814457e-17,0,0
2851,0.6907104422742978,0.06823916205794615,0.08138138571153775,0.015489212236867094,1.2706849461530112e-16,2.7755575615628914e-17,0,0
2852,0.5199999999989373,0.0,0.07388633851428128,0.0,-2.42861286636753e-17,-0.02329752989342535,0,3
2853,0.7097779634279218,0.07469671671514264,0.082395647474208,0.016841143593161235,-1.3097162243624894e-16,-3.122502256758253e-17,0,0
2854,0.728099265896376,0.08144975487749749,0.08338953105859574,0.018252454647325687,1.214306433183765e-16,-1.734723475976807e-18,0,0
2855,0.7466924474777956,0.08743392537321616,0.08442489562501117,0.019485445253534635,-7.806255641895632e-18,-2.2551405187698492e-17,0,0
2856,0.7657092124343061,0.09362124261489414,0.08550465303185985,0.020759457621120837,-6.938893903907228e-18,2.0816681711721685e-17,0,0
2857,0.7847262410505912,0.0998088785012739,0.086604295656281,0.022031375512110908,1.1275702593849246e-17,-2.2551405187698492e-17,0,0
2858,0.8037314413371499,0.1059832854033477,0.08772115350825176,0.023299023275152608,6.678685382510707e-17,-3.642919299551295e-17,0,0
2859,0.8226882061438742,0.1121041972487927,0.08885161639806728,0.02455516273452553,-2.168404344971009e-17,-2.6020852139652106e-17,0,0
2860,0.8417101929084027,0.1182255507400228,0.09000098055281933,0.025812254359175474,-4.206704429243757e-17,-1.214306433183765e-17,0,0
2861,0.8607092384093163,0.1243842658718775,0.09116238741389567,0.0270796543289423,5.204170427930421e-18,2.0816681711721685e-17,0,0
2862,0.8797251222512532,0.1305718885348056,0.09233731356789908,0.028356508249617503,2.3418766925686896e-17,3.122502256758253e-17,0,0
2863,0.8987424314952641,0.1367593165532874,0.09352385166177596,0.029637420238225243,1.9949319973733282e-17,-5.204170427930421e-18,0,0
2864,0.9176883813649901,0.1428668916987348,0.09471655907987155,0.03090627697571602,2.2985086056692694e-17,-4.163336342344337e-17,0,0
2865,0.9366561876484469,0.1489525091448971,0.09592026406934695,0.032176189416160135,-7.632783294297951e-17,0.0,0,0
2866,0.5499999999988742,0.01732050807565667,0.07495324174145375,0.004240865131138842,-1.734723475976807e-17,-6.071532165918825e-18,0,0
2867,0.9550138672770021,0.1546176381798894,0.0970938720774137,0.033363928876096245,8.370040771588094e-17,3.8163916471489756e-17,0,0
2868,0.9826794919243618,0.1699999999996454,0.09887329879703463,0.036625569700432466,1.214306433183765e-17,-3.2959746043559335e-17,0,0
2869,1.0,0.1799999999996162,0.1,0.03875451492243185,0.02014121937157034,5.204170427930421e-18,2,0
2870,0.539999999998883,0.0,0.0746001363942865,0.0,-5.204170427930421e-18,-0.023255100252163048,0,3
2871,0.5696083107451853,0.01646197967188543,0.07574426976944382,0.003971788363452169,-3.2959746043559335e-17,4.5102810375396984e-17,0,0
2872,0.5917973253320858,0.01798420817071024,0.07669006864243577,0.004283571315066715,-3.469446951953614e-18,2.168404344971009e-17,0,0
2873,0.6109197758908227,0.02718872220437152,0.07752748483367417,0.006403155551761609,-5.551115123125783e-17,3.469446951953614e-18,0,0
2874,0.6263456745398622,0.03479225236133267,0.07823567507134666,0.008127952939725104,4.683753385137379e-17,6.938893903907228e-18,0,0
2875,0.64526681740008,0.03443289323078419,0.07916326667716718,0.007971695165598753,-7.37257477290143e-17,-2.6020852139652106e-17,0,0
2876,0.6663413588806809,0.04354954838101983,0.08020346597116418,0.009989957125388806,2.7321894746634712e-17,3.469446951953614e-18,0,0
2877,0.6861887224535232,0.049002049091365,0.08122857849029075,0.011151102197232093,2.4069288229178198e-17,-2.2551405187698492e-17,0,0
2878,0.7090943007571173,0.05236374611988419,0.08245674175342388,0.011819105930881599,2.5153490401663703e-17,0.0,0,0
2879,0.7253545976514995,0.06268721164294605,0.08331657170641499,0.014069939949880927,-1.6479873021779667e-17,-2.0816681711721685e-17,0,0
2880,0.9705635516902044,0.1595372007842713,0.09809450793069349,0.034400073808202536,-5.811323644522304e-17,1.5612511283791264e-17,0,0
2881,0.7427454124781728,0.06809695337678962,0.08428163837435569,0.015204171051948339,-3.165870343657673e-17,1.734723475976807e-17,0,0
2882,0.7615592681552165,0.07405836529533626,0.08534438165732278,0.016451530609963672,-6.765421556309548e-17,-5.204170427930421e-18,0,0
2883,0.7805763770695765,0.08024586135133305,0.08643678305261002,0.017744382418877422,8.066464163292153e-17,-6.938893903907228e-18,0,0
2884,0.7995936865185869,0.0864334710824608,0.08754703158286228,0.01903281517914758,3.469446951953614e-17,6.938893903907228e-18,0,0
2885,0.8186090218960231,0.09260190280131948,0.08867316053599088,0.020314936468262667,-6.591949208711867e-17,-2.42861286636753e-17,0,0
2886,0.8375554981592881,0.09872829693730455,0.08980997559108442,0.02158725913794319,7.24247051220317e-17,-3.469446951953614e-18,0,0
2887,0.8565686882029526,0.104859509316012,0.09096415482036278,0.022860501944925265,-1.0148132334464322e-16,-2.7755575615628914e-17,0,0
2888,0.8755745235333279,0.1110086839796214,0.09213009282687797,0.024139535184437087,9.71445146547012e-17,-1.0408340855860843e-17,0,0
2889,0.8945918687905519,0.1171959076980418,0.09330795637655658,0.025429363576669313,3.209238430557093e-17,-3.9898639947466563e-17,0,0
2890,0.9135963354199326,0.1233674163024492,0.09449531270176431,0.026719365401972565,7.806255641895632e-18,3.2959746043559335e-17,0,0
2891,0.9325866035209822,0.1295182322529667,0.09569115178771098,0.028009373260865868,-8.326672684688674e-17,-5.204170427930421e-18,0,0
2892,0.9511064305380041,0.135223653721936,0.09686591601209574,0.02920991996488206,4.9439619065339e-17,-2.949029909160572e-17,0,0
2893,0.5599999999988632,0.0,0.0753730232053181,0.0,-1.9081958235744878e-17,-0.023190008031282128,0,3
2894,0.9682011793789609,0.1414675017772366,0.09795588794843925,0.0305324474692055,-4.163336342344337e-17,-2.0816681711721685e-17,0,0
2895,0.983404853108528,0.1500034929100333,0.09892981877486892,0.03235008590256451,1.1535911115245767e-16,-1.734723475976807e-18,0,0
2896,1.0,0.1599999999996745,0.1,0.034485146734183576,0.02012763840582627,-2.6020852139652106e-17,2,0
2897,0.5799999999989266,0.0,0.07620388199423518,0.0,-1.214306433183765e-17,-0.023128470620466003,0,3
2898,0.6102311985481221,0.01140035578212973,0.07753833751876613,0.00268538524424351,5.1868909558064336e-17,-3.469446951953614e-18,0,0
2899,0.6295486445554923,0.0173351304752282,0.07843648653008016,0.004045416732987597,1.1926223897340549e-18,1.734723475976807e-17,0,0
2900,0.6623292833166191,0.02356120196577395,0.08006076960535559,0.00541456298105345,-5.204170427930421e-18,-1.734723475976807e-18,0,0
2901,0.6799500437934745,0.03014583155798757,0.08095707406305294,0.0068815559772875574,-9.237402509576498e-17,1.0408340855860843e-17,0,0
2902,0.6993723848181266,0.03352176736309173,0.08198471869554165,0.007595016144253128,5.5294310796760726e-17,3.469446951953614e-18,0,0
2903,0.7239839934307056,0.04848809233826329,0.08329499590476332,0.010890861415592314,-3.2959746043559335e-17,2.3418766925686896e-17,0,0
2904,0.7398920559912382,0.05018257866393275,0.08418330571724887,0.011219928622431296,6.570265165262157e-17,1.3877787807814457e-17,0,0
2905,0.7574429770534432,0.0545327540601275,0.0851737441712642,0.012134442496427615,1.0408340855860843e-17,-1.734723475976807e-18,0,0
2906,0.7763220816835514,0.06074830431959127,0.08625187894505365,0.013455363041373002,1.214306433183765e-17,-2.6020852139652106e-17,0,0
2907,0.7954436892268603,0.06687010840816113,0.08736164677006164,0.0147480471357575,-5.095750210681871e-17,5.204170427930421e-18,0,0
2908,0.8144612494673366,0.07305785634254862,0.08848196825285887,0.01605086155864901,-5.204170427930421e-18,6.591949208711867e-17,0,0
2909,0.8336240497499032,0.07930430979346255,0.08962518338992596,0.017363434177601222,-2.6020852139652106e-18,1.214306433183765e-17,0,0
2910,0.8525106601398653,0.08535047166025628,0.09076515947637177,0.018630807703310093,-2.0816681711721685e-17,1.734723475976807e-18,0,0
2911,0.8714396310112528,0.09145819798480745,0.09191954997499947,0.019912067951412784,-2.949029909160572e-17,5.204170427930421e-18,0,0
2912,0.8904411897380922,0.09763242053769963,0.0930891814810608,0.02120866839647804,1.8214596497756474e-17,2.0816681711721685e-17,0,0
2913,0.9094591197079795,0.1038195549231048,0.09426982763236656,0.022509978860282394,-4.423544863740858e-17,1.0408340855860843e-17,0,0
2914,0.928477232820932,0.1100068755371507,0.0954594188252653,0.02381436753748953,1.3010426069826053e-18,1.3877787807814457e-17,0,0
2915,0.9473625441875035,0.1160465044616158,0.09664891681702949,0.025091146145033834,1.2576745200831851e-17,-1.0408340855860843e-17,0,0
2916,0.9655592438994987,0.1224411534926553,0.09780116131907214,0.026449285595216327,-1.1275702593849246e-17,-1.9081958235744878e-17,0,0
2917,0.5999999999989684,0.0,0.0770857977397129,0.0,-9.540979117872439e-18,-0.023111541237733846,0,3
2918,0.6474289490540813,0.01506584513435727,0.07932259106829503,0.0034865518030202606,5.183841637196318e-17,0.0,0,0
2919,0.7188917022263864,0.03383908938643115,0.08305221468386116,0.0076171614665569536,-2.949029909160572e-17,-3.469446951953614e-17,0,0
2920,0.9827917057915048,0.1300410766252385,0.09889797763699328,0.028070582212236787,3.209238430557093e-17,8.673617379884035e-18,0,0
2921,1.0,0.1399999999997328,0.1,0.030202978778785097,0.020117168040681012,3.2959746043559335e-17,2,0
2922,0.6199999999990318,0.0,0.07800992949236424,0.0,-2.949029909160572e-17,-0.023030509781846654,0,3
2923,0.6399999999990779,0.0,0.07897315404835942,0.0,2.5153490401663703e-17,-0.02303664108704922,0,3
2924,0.6745832192200902,0.01408331137347301,0.08070699650587669,0.0032218472948364967,6.938893903907228e-18,-1.734723475976807e-18,0,0
2925,0.6599999999991369,0.0,0.07997329950349125,0.0,-2.949029909160572e-17,-0.02297851020239432,0,3
2926,0.6906367689920426,0.01670952334360351,0.08154844815620868,0.003799602112904798,2.7340529471474306e-17,-2.7755575615628914e-17,0,0
2927,0.7099999999992513,0.01732050807573087,0.08259287905374436,0.003911616696817314,4.4520051707686026e-17,1.734723475976807e-17,0,0
2928,0.7359599526614595,0.0336690757374272,0.08400477781344531,0.007539134885560136,-2.0816681711721685e-17,2.6020852139652106e-18,0,0
2929,0.7544913388476738,0.03572105132523509,0.0850521429889714,0.007958357419533796,-1.0842021724855044e-17,3.469446951953614e-18,0,0
2930,0.7722761234231326,0.04111933880344216,0.08606748482449855,0.009121025861618578,4.2500725161431774e-17,1.214306433183765e-17,0,0
2931,0.7906340551730795,0.04766339799914754,0.0871263730486007,0.010528567196894973,-3.5019730171281793e-17,1.214306433183765e-17,0,0
2932,0.8117995507621387,0.05144794613096713,0.08837372529249729,0.011315362792085108,-1.8214596497756474e-17,-1.474514954580286e-17,0,0
2933,0.8303465365032651,0.0601962801802355,0.08946925709242093,0.013194383886209105,7.24247051220317e-17,-3.469446951953614e-18,0,0
2934,0.8485240281749336,0.06588738491078036,0.09056269174463671,0.014398415161108862,2.168404344971009e-17,-1.3877787807814457e-17,0,0
2935,0.867352065540862,0.0718651310191707,0.09170618160149745,0.015663330069769544,-5.117434254131581e-17,-5.204170427930421e-18,0,0
2936,0.8863062117146547,0.07806808104828487,0.09286735416187568,0.01697623185536942,3.5561831257524545e-17,-1.214306433183765e-17,0,0
2937,0.9053083087555631,0.08425585795971868,0.09404088135899069,0.018286265541601406,1.214306433183765e-17,2.7755575615628914e-17,0,0
2938,0.9243264443358898,0.09044303271640389,0.09522409585267791,0.019597438416853866,-1.1709383462843448e-17,1.734723475976807e-18,0,0
2939,0.9433447186371737,0.09663026329222507,0.0964147639794317,0.020911335721860776,1.691355389077387e-17,0.0,0,0
2940,0.9622750223971037,0.1027196148528845,0.09760694585904024,0.022207319125724722,-9.540979117872439e-18,2.949029909160572e-17,0,0
2941,0.9813356141881361,0.1106160712945235,0.09881236666043683,0.02389628587083971,-4.597017211338539e-17,-3.122502256758253e-17,0,0
2942,0.7295294721816363,0.0166924450652471,0.08367168419168738,0.0037461463041435837,-7.632783294297951e-17,1.9081958235744878e-17,0,0
2943,1.0,0.1199999999997832,0.1,0.025910115582971915,0.020109868068725983,1.734723475976807e-17,2,0
2944,0.6799999999991786,0.0,0.08100452466529474,0.0,-3.469446951953614e-18,-0.02294623361834351,0,3
2945,0.699999999999242,0.0,0.08206513659053569,0.0,-1.734723475976807e-17,-0.022933799313357754,0,3
2946,0.7199999999992837,0.0,0.08315399335584188,0.0,-2.0816681711721685e-17,-0.022912088004248363,0,3
2947,0.7489711532911179,0.01709119764545387,0.08476528690895044,0.003815130665830649,2.949029909160572e-17,1.5612511283791264e-17,0,0
2948,0.77016004352558,0.02029849025960448,0.08597596689163423,0.004505588579561567,2.0816681711721685e-17,-1.214306433183765e-17,0,0
2949,0.784961228638593,0.03190862887238542,0.08682089525029989,0.007058100361551455,-6.245004513516506e-17,1.5612511283791264e-17,0,0
2950,0.8017359210717157,0.03314140922400656,0.08780547070184463,0.007305062757558131,2.041010589703962e-17,-8.673617379884035e-18,0,0
2951,0.8297138067412784,0.04502429587746919,0.08945936365370806,0.0098717747004403,-6.765421556309548e-17,-2.688821387764051e-17,0,0
2952,0.8447444446775884,0.0471403083144805,0.09036433508189329,0.01031152218401056,2.8189256484623115e-17,3.8163916471489756e-17,0,0
2953,0.863311285452095,0.05248385311405855,0.09148909032720468,0.011450254835992595,-5.074066167232161e-17,1.214306433183765e-17,0,0
2954,0.8821387526012179,0.0585048916154753,0.09263852734098617,0.012734128662348085,5.941427905220564e-17,-2.42861286636753e-17,0,0
2955,0.9011573226409413,0.06469198717283753,0.09380860191297793,0.014052616459889455,-2.6020852139652106e-17,-2.42861286636753e-17,0,0
2956,0.9201756281134024,0.07087914942331267,0.0949863422417018,0.015371130913079963,8.673617379884035e-18,-1.3877787807814457e-17,0,0
2957,0.9379450408421751,0.07682181738874165,0.09609338941784247,0.016638811783275018,6.591949208711867e-17,-8.673617379884035e-19,0,0
2958,0.957742806857226,0.08204490100262904,0.09733438195600473,0.017751916326281078,-7.632783294297951e-17,-2.949029909160572e-17,0,0
2959,0.9772308237758938,0.08944071732881334,0.09856048159147511,0.019336426306737323,-1.734723475976807e-18,3.469446951953614e-18,0,0
2960,1.0,0.09999999999981465,0.1,0.021607513963653274,0.020101288130778543,-6.938893903907228e-18,2,0
2961,0.7399999999993466,0.0,0.08426750019950618,0.0,-6.938893903907228e-18,-0.02288819276884913,0,3
2962,0.8207274322779028,0.03233434999599384,0.08893801892135982,0.007102625378125938,6.331740687315346e-17,7.806255641895632e-18,0,0
2963,0.7599999999993889,0.0,0.08540187997474277,0.0,4.85722573273506e-17,-0.022863964546430374,0,3
2964,0.7899999999994566,0.01732050807572635,0.08713332584563796,0.003826302596237804,1.0408340855860843e-17,5.204170427930421e-18,0,0
2965,0.8103789509290995,0.01710172573519939,0.0883365426574337,0.003764443967180784,1.6709418950485583e-17,-8.673617379884035e-18,0,0
2966,0.8397856070706077,0.03079778652207835,0.0900859958652186,0.006743191658134787,-5.898059818321144e-17,-6.071532165918825e-18,0,0
2967,0.8593530671698247,0.03371097009897196,0.09126983121879499,0.007360903066497895,1.5178830414797062e-18,1.3877787807814457e-17,0,0
2968,0.8779876992878738,0.03894074562469477,0.0924051681156724,0.008482825764426768,3.642919299551295e-17,1.5612511283791264e-17,0,0
2969,0.8968516982706817,0.04516069795387369,0.09356208841443842,0.009818034106897355,-5.334274688628682e-17,6.938893903907228e-18,0,0
2970,0.9150974228520281,0.05151187696837995,0.09468835580073079,0.011179783955012746,1.474514954580286e-17,1.734723475976807e-17,0,0
2971,0.9342589587887802,0.05591989182649869,0.09587896867497515,0.012119974759363245,-7.37257477290143e-17,-2.0816681711721685e-17,0,0
2972,0.9478216883205793,0.06501366607138054,0.09672126698332147,0.014079023132291816,3.382710778154774e-17,2.0816681711721685e-17,0,0
2973,0.9698056775528905,0.07559105870975236,0.09809623948444364,0.016351363414922822,9.367506770274758e-17,-8.673617379884035e-18,0,0
2974,1.0,0.07999999999984518,0.1,0.017295769431895675,0.020096900309106387,5.204170427930421e-18,2,0
2975,0.7799999999994371,0.0,0.08655668642309045,0.0,-3.642919299551295e-17,-0.022851684829274757,0,3
2976,0.8301166365818147,0.01648605182730553,0.08951564751412217,0.0036161368473491746,1.3877787807814457e-17,2.6020852139652106e-18,0,0
2977,0.962196300964983,0.06139708866600978,0.09762501401701817,0.01328836262806183,-5.551115123125783e-17,1.214306433183765e-17,0,0
2978,0.9820527786134591,0.06948152784155728,0.0988704071884692,0.01502851202902909,-7.892991815694472e-17,2.6020852139652106e-17,0,0
2979,0.7999999999994944,0.0,0.0877289777147273,0.0,6.938893903907228e-18,-0.02283582796838814,0,3
2980,0.8199999999995363,0.0,0.08891530293184441,0.0,-3.469446951953614e-18,-0.022825155772530466,0,3
2981,0.8503208174176861,0.01678147963557228,0.09073475504866974,0.0036689449293859965,-1.5612511283791264e-17,-4.163336342344337e-17,0,0
2982,0.8729422113962243,0.01806162005261533,0.0921114519474792,0.003937847963989815,3.642919299551295e-17,2.6020852139652106e-18,0,0
2983,0.8932759040797049,0.02654257864420551,0.09335446491471847,0.005774027385831923,1.6696713456276768e-17,-1.734723475976807e-18,0,0
2984,0.9118738155239507,0.03175097950835401,0.0945009178892641,0.0068946396091048405,-6.591949208711867e-17,-6.938893903907228e-18,0,0
2985,0.9256141128731339,0.0390396221015727,0.09535028542592805,0.0084682864021131,9.367506770274758e-17,2.0816681711721685e-17,0,0
2986,0.9523527246390997,0.04979093538306635,0.09701299720271044,0.010783096829453838,2.688821387764051e-17,3.469446951953614e-18,0,0
2987,1.0,0.05999999999987837,0.1,0.012977528223410029,0.020092749548157745,-1.734723475976807e-18,2,0
2988,0.8399999999995998,0.0,0.09011498146539934,0.0,2.949029909160572e-17,-0.022812093913371655,0,3
2989,0.9411606973449947,0.03572680977182109,0.09632028704473831,0.007743225233961183,-3.8163916471489756e-17,-6.938893903907228e-18,0,0
2990,0.9681712852660633,0.04620232806703879,0.09800474676734129,0.010000933655918393,1.0191500421363742e-17,1.214306433183765e-17,0,0
2991,0.9839069173671295,0.052125963229309,0.09898987169441911,0.011277764025683198,-5.637851296924623e-17,-3.642919299551295e-17,0,0
2992,0.8599999999996417,0.0,0.09132677981583714,0.0,-5.204170427930421e-17,-0.022801865477715684,0,3
2993,0.8899999999997255,0.01098540099876702,0.09316030563576459,0.002390160452765602,-6.245004513516506e-17,2.2551405187698492e-17,0,0
2994,0.9080144588161309,0.01468233509427121,0.09426957051876143,0.0031901536705028263,3.3832189979231264e-17,1.214306433183765e-17,0,0
2995,0.9281717344531157,0.01959818909592385,0.09551748898554324,0.004251553075377304,1.8335298692740212e-17,-1.5612511283791264e-17,0,0
2996,0.9596387936023343,0.03332101132092567,0.09747451480986671,0.007215679577190061,-3.2959746043559335e-17,6.938893903907228e-18,0,0
2997,1.0,0.03999999999992186,0.1,0.008654785194617794,0.020087724992372498,-2.6020852139652106e-17,2,0
2998,0.8799999999997054,0.0,0.09254895633603238,0.0,3.5561831257524545e-17,-0.022795394579884116,0,3
2999,0.9495663715771625,0.01762569102676112,0.09684939840793451,0.003818921008612228,2.6020852139652106e-17,-1.6479873021779667e-17,0,0
3000,0.9810244426630432,0.0320470085864359,0.09881199878416223,0.006935765514949158,4.163336342344337e-17,-2.6020852139652106e-17,0,0
3001,0.8999999999997471,0.0,0.09377829579244241,0.0,3.469446951953614e-18,-0.022783160246966364,0,3
3002,0.9199999999997972,0.0,0.09501388673233438,0.0,2.0816681711721685e-17,-0.022780605172891502,0,3
3003,0.9399999999998527,0.0,0.09625543902614987,0.0,-1.3877787807814457e-17,-0.022778972520637573,0,3
3004,0.9692264950103417,0.01687392476176435,0.09807628863377847,0.0036535162478304804,1.3877787807814457e-17,1.3877787807814457e-17,0,0
3005,1.0,0.01999999999996237,0.1,0.004328338144806905,0.020085371397415515,-8.673617379884035e-18,2,0
3006,0.9599999999998945,0.0,0.0975014431687528,0.0,-3.642919299551295e-17,-0.022774905729410166,0,3
3007,0.9853589838485715,0.01464101615140568,0.09908474474525564,0.0031688271532176217,3.742509198324719e-18,1.214306433183765e-17,0,0
3008,0.979999999999958,0.0,0.0987500616004546,0.0,1.9081958235744878e-17,-0.022772470594347564,0,3
3009,1.0,0.0,0.1,0.0,0.010041606589234663,-0.01138531897056277,2,3
