loadstep,alpha,gamma,blend,u_rmse,F_rmse,J_rmse,I1_rmse,I2_rmse,I3_rmse,mean_F_rmse
10,1e-10,0.1,0.25,0.0008529625978130423,0.05392900513738589,0.0823356471985805,0.16534677587558336,0.35520125997242774,0.19049323802998336,0.05975991288264229
20,1e-10,0.1,0.25,0.0014870509462676792,0.05557759045242142,0.08839957466643703,0.1794636751602771,0.4056095744753693,0.2299653109867905,0.05975991288264229
30,1e-10,0.1,0.25,0.002644568096814829,0.060541251686609385,0.10193730634599285,0.22984281268856746,0.4971190378432668,0.3020950378368602,0.05975991288264229
40,1e-10,0.1,0.25,0.003870830466128521,0.06899180425415248,0.1265780582554182,0.3431501893347819,0.6483727576583296,0.45227232259850153,0.05975991288264229
10,1e-10,0.1,0.5,0.001000665648691198,0.03726145663325467,0.0558905201081129,0.11241487538968614,0.24102955858430553,0.1290349134620319,0.06157466028684857
20,1e-10,0.1,0.5,0.0026329696558558425,0.046473958336673865,0.06827263858074012,0.15114142536240183,0.32229695650891005,0.1801408152201644,0.06157466028684857
30,1e-10,0.1,0.5,0.005107131610483812,0.06829057907698581,0.10426547031508772,0.3042993140668076,0.565106747379892,0.33986855848043485,0.06157466028684857
40,1e-10,0.1,0.5,0.007615280673393751,0.09427264710047992,0.1617685680019311,0.5859670403677236,0.9813912633766606,0.6988353172217199,0.06157466028684857
10,1e-10,0.1,0.75,0.001343181202153725,0.023756011173718547,0.03235013126735809,0.06635423234019126,0.14068276762758047,0.07497810332282166,0.07341824535733123
20,1e-10,0.1,0.75,0.003890792097246653,0.04836915466161804,0.06280684059878282,0.16161158689818864,0.31937161658551666,0.17394065894430205,0.07341824535733123
30,1e-10,0.1,0.75,0.00763038358544617,0.08939461194202462,0.12862628804669904,0.4324854669955584,0.7813452111304164,0.4622375355950449,0.07341824535733123
40,1e-10,0.1,0.75,0.011401846260275787,0.1321532036519637,0.2214428303413423,0.8789647357402067,1.5648334075742671,1.1232311925891363,0.07341824535733123
10,1e-10,0.1,1.0,0.0017708634044763653,0.0208838057946812,0.023308876793429467,0.05095145834356799,0.10522817739196574,0.05547126765964523,0.09314060758537496
20,1e-10,0.1,1.0,0.0051796256933116045,0.06023377389885983,0.07536207520639468,0.2073207693363741,0.4059046882100913,0.21928120470425225,0.09314060758537496
30,1e-10,0.1,1.0,0.010169248818935491,0.11682732350168237,0.165799200144436,0.5882704050905685,1.0903859395838884,0.6415313742752295,0.09314060758537496
40,1e-10,0.1,1.0,0.015199082989532969,0.17461752714627646,0.29148889757189395,1.201507189164512,2.340787556953458,1.7054492473616492,0.09314060758537496
10,1e-10,1.0,0.25,0.000761604382498332,0.053781484293269344,0.08225223361155543,0.16503645362853148,0.354627026106507,0.1902439044151945,0.05491063919481085
20,1e-10,1.0,0.25,0.0008353446585422676,0.054168325943223274,0.08729672428091469,0.17639950635200558,0.399507986750916,0.22668732635899416,0.05491063919481085
30,1e-10,1.0,0.25,0.0009825450737804564,0.054652748467316825,0.09606000305125528,0.20723796074300327,0.46064216397249985,0.2808097070505014,0.05491063919481085
40,1e-10,1.0,0.25,0.001199245196352954,0.057039998075433966,0.11547083782294741,0.28425439946806585,0.5715517871558682,0.4091095548548344,0.05491063919481085
10,1e-10,1.0,0.5,0.0005927130205179973,0.03636694826222965,0.055388666134656483,0.11095071636480514,0.23831025236437844,0.12778020339408536,0.043103262935758696
20,1e-10,1.0,0.5,0.0009106505577227761,0.03880224998275093,0.06163454175242476,0.13433149237010686,0.2872646583637487,0.16124125585445076,0.043103262935758696
30,1e-10,1.0,0.5,0.0013821102431711557,0.04406619521200307,0.07952109796309416,0.23185360339449,0.41555483967824347,0.2531634819399239,0.043103262935758696
40,1e-10,1.0,0.5,0.0019300514034314752,0.053177658286051144,0.1222688394836025,0.4315816828578875,0.6868310676012869,0.5320265103640429,0.043103262935758696
10,1e-10,1.0,0.75,0.000544590275311656,0.020357628061151926,0.0303375770890173,0.06097191038797801,0.1303927164898115,0.07007199445567264,0.038545118964716296
20,1e-10,1.0,0.75,0.0011700804620144822,0.02899854476403841,0.04395840155985695,0.12109811092415561,0.2232038676343875,0.12036586392607777,0.038545118964716296
30,1e-10,1.0,0.75,0.0019468170852740582,0.04313973198677586,0.08004720979535374,0.30923064393917704,0.49053143997350607,0.2904751418380182,0.038545118964716296
40,1e-10,1.0,0.75,0.0027991628335155053,0.06168457104689898,0.15337576265006594,0.6265340674754689,0.9957959322946097,0.7711798227161677,0.038545118964716296
10,1e-10,1.0,1.0,0.0006448649201639348,0.012964657183771301,0.01783527335660313,0.03738096610312254,0.07800235464649537,0.04213920905963701,0.043664649758553824
20,1e-10,1.0,1.0,0.001522239221172796,0.030661221756730604,0.04492500461615212,0.14614175465136772,0.2524119663168349,0.13170608519892726,0.043664649758553824
30,1e-10,1.0,1.0,0.002570019248900538,0.052388392429213504,0.09749010803820653,0.41410926365765016,0.6623971153421031,0.38432731767515765,0.043664649758553824
40,1e-10,1.0,1.0,0.003710637611909289,0.07864432766449989,0.1981731151037079,0.8409902957794739,1.4432963100247542,1.1011309285081639,0.043664649758553824
10,1e-10,10.0,0.25,0.0007628124916628746,0.053904630596208473,0.08244608143177394,0.16539928284883032,0.35525612875765294,0.19050249065145713,0.053815665224095775
20,1e-10,10.0,0.25,0.0007596779300052929,0.05393271188758775,0.08707558204408301,0.17398508073514835,0.39692329434156154,0.22547286617828546,0.053815665224095775
30,1e-10,10.0,0.25,0.0007523613539454658,0.05331226416606701,0.09331013704460227,0.1858847332782759,0.4411380261054356,0.2670979068893545,0.053815665224095775
40,1e-10,10.0,0.25,0.0007676276525054557,0.05411305424651986,0.10554323185671996,0.21424567562111294,0.5038225001872889,0.33950766265684307,0.053815665224095775
10,1e-10,10.0,0.5,0.0005469592656320967,0.036405281682208364,0.05560746166925264,0.11134744313851493,0.23903878507180393,0.12800306105000717,0.03697734348167237
20,1e-10,10.0,0.5,0.0005460349769704748,0.03649961447402006,0.05896580379637694,0.11754013756609301,0.2679439217818929,0.15245603942579686,0.03697734348167237
30,1e-10,10.0,0.5,0.0005425509080820785,0.03630219728552451,0.06539423340620679,0.12822294715535304,0.3054491938606264,0.191625751351785,0.03697734348167237
40,1e-10,10.0,0.5,0.0005931399086776162,0.038702280484936576,0.08061888086398063,0.20587783896599474,0.4031042411795685,0.2945064705491043,0.03697734348167237
10,1e-10,10.0,0.75,0.00036690696734043764,0.019570856007246847,0.029920295281315644,0.05988539345829171,0.12838314592873126,0.0686821474105617,0.02204948693685556
20,1e-10,10.0,0.75,0.0003711710988546502,0.019928565661926665,0.03290993241440846,0.06444447355330285,0.1473186844532136,0.08582234652920484,0.02204948693685556
30,1e-10,10.0,0.75,0.0003748822475923768,0.020573589655990036,0.04273473098649984,0.07957269911922313,0.19438014370055356,0.13913566516145853,0.02204948693685556
40,1e-10,10.0,0.75,0.0005121256163513038,0.02812493642225868,0.06899138428724734,0.2449144205640992,0.40696993866793285,0.3204703845347558,0.02204948693685556
10,1e-10,10.0,1.0,0.00029707196216301976,0.008873038442385841,0.014110742711697283,0.028568452144000906,0.06065888485780234,0.03235546353892032,0.01501374352066798
20,1e-10,10.0,1.0,0.00030976107403382885,0.010174233598577932,0.01980752995612687,0.03482243803105923,0.0830434945437853,0.05490635882374489,0.01501374352066798
30,1e-10,10.0,1.0,0.0003233778625823467,0.012588355779857332,0.03674273987140828,0.06426850021907891,0.16742287526254707,0.13935215900021364,0.01501374352066798
40,1e-10,10.0,1.0,0.0005662378474301879,0.028419346261850813,0.07710173508873715,0.31365224520427654,0.5268514899223101,0.4160072074318015,0.01501374352066798
10,1e-10,30.0,0.25,0.0007862691567904883,0.054624087753858505,0.08361862263041826,0.16759078204458672,0.36017931434981343,0.19327783376892557,0.054378361857122894
20,1e-10,30.0,0.25,0.0007780651268117756,0.05444211502239727,0.0880186908170947,0.17579797103082545,0.40107279377983274,0.22785770308712439,0.054378361857122894
30,1e-10,30.0,0.25,0.0007723990906494649,0.053877305179273395,0.09374164551589918,0.18831294080651476,0.44430695653425745,0.26677584593032244,0.054378361857122894
40,1e-10,30.0,0.25,0.0007847252298634179,0.0545699394729624,0.10578025824919658,0.21359180083817286,0.5033411925591634,0.3338639454925233,0.054378361857122894
10,1e-10,30.0,0.5,0.0006021946612583052,0.03834380200768805,0.05900981608446759,0.11729880674161067,0.2527914981469634,0.13594735059182642,0.038290632406977436
20,1e-10,30.0,0.5,0.000586514887657014,0.0377998436219993,0.06131342668795191,0.12214017497028848,0.27854601428419146,0.15835449965052706,0.038290632406977436
30,1e-10,30.0,0.5,0.0005849771308757944,0.037618711353783606,0.0656638755760331,0.13375580114519803,0.31023973183385906,0.1868817914078525,0.038290632406977436
40,1e-10,30.0,0.5,0.0006149804992657365,0.039400172644438784,0.07784605449683218,0.19888757358710515,0.38277817511766093,0.25812944759496154,0.038290632406977436
10,1e-10,30.0,0.75,0.0004647943304250354,0.024155350738610866,0.038482184424032374,0.07414120598077482,0.16226039932483058,0.08870260842065346,0.02461727035683583
20,1e-10,30.0,0.75,0.00043644035567187516,0.022833030086720458,0.03789603388129764,0.07455010154212877,0.17061741431520658,0.0980033459677774,0.02461727035683583
30,1e-10,30.0,0.75,0.00043862138792411795,0.023098199739705977,0.041079208940267065,0.08929963499336976,0.1937707542969518,0.11819465263680803,0.02461727035683583
40,1e-10,30.0,0.75,0.0005116702219954396,0.028382500862306002,0.057135499712792075,0.22942424954207294,0.3297485924362617,0.2150830759992618,0.02461727035683583
10,1e-10,30.0,1.0,0.000422380474882282,0.017985894852434087,0.03131367464568865,0.05668344025112867,0.12871942579467277,0.07299268344336288,0.01918495446578096
20,1e-10,30.0,1.0,0.0003805611033824189,0.015540307055923238,0.02775920715288406,0.05244342323441882,0.12241980685467249,0.07269110912740562,0.01918495446578096
30,1e-10,30.0,1.0,0.0003836297565707465,0.016057464783357237,0.03009236570875833,0.07505846856256285,0.1432296413021261,0.08876628107456382,0.01918495446578096
40,1e-10,30.0,1.0,0.0005163428039426687,0.027156151171409283,0.05287749980885787,0.2911389364399658,0.3749896849251586,0.2245827712953231,0.01918495446578096
10,1e-10,100.0,0.25,0.0008450028633111469,0.05783989642343318,0.08874369872200726,0.17805003281729792,0.3824359153190472,0.2051610645097336,0.05760950412165689
20,1e-10,100.0,0.25,0.0008387685960771925,0.057784850258627105,0.09344016817770463,0.18648808598078762,0.42567010116934884,0.24203792954526834,0.05760950412165689
30,1e-10,100.0,0.25,0.0008304014881153305,0.057057156613560714,0.09968270304857879,0.19939551635623146,0.472640594279352,0.2846900725196196,0.05760950412165689
40,1e-10,100.0,0.25,0.0008427712104533599,0.05775611319100657,0.111811320692931,0.22522440428896565,0.5360249162985694,0.3503300787386448,0.05760950412165689
10,1e-10,100.0,0.5,0.0007230702274833681,0.045627090641287955,0.07041195864713307,0.1408887895392807,0.3025589821878833,0.1621897944024573,0.04560976913862111
20,1e-10,100.0,0.5,0.0007155742155950631,0.045597906826903546,0.07394186545933004,0.14722656081325586,0.33594806974078245,0.19110536601882835,0.04560976913862111
30,1e-10,100.0,0.5,0.0007070423043251113,0.04488225725886222,0.07931232933084723,0.15817104823176276,0.37453534613093853,0.22739797659411515,0.04560976913862111
40,1e-10,100.0,0.5,0.0007293972464439956,0.046331821827430744,0.09136002900843661,0.2102634247967481,0.4484614737594664,0.2907618738695496,0.04560976913862111
10,1e-10,100.0,0.75,0.0006396704189016068,0.03651363782560093,0.05710539070170219,0.11382032062074945,0.24453058877743955,0.1311404189576191,0.03695312713459717
20,1e-10,100.0,0.75,0.0006325963714632444,0.03670061248103552,0.06011007206156455,0.11939417699995868,0.27234496250363105,0.15515626839475824,0.03695312713459717
30,1e-10,100.0,0.75,0.0006217890499465511,0.03567926886972395,0.06466407677773636,0.12847810130899376,0.3036699175195266,0.18705540386419864,0.03695312713459717
40,1e-10,100.0,0.75,0.0006632160444766276,0.03891898936202827,0.07866924316193567,0.2266287298065919,0.41262437334193575,0.2573682760932217,0.03695312713459717
10,1e-10,100.0,1.0,0.0006107969481249552,0.033161674548882775,0.05271785075289428,0.10460765864131555,0.2249645712674888,0.12080407210795252,0.034255245854628066
20,1e-10,100.0,1.0,0.0006065705987411723,0.03379920809540432,0.056252825367633694,0.1116775062419641,0.2546184454550396,0.14521684008904215,0.034255245854628066
30,1e-10,100.0,1.0,0.0005913586382630851,0.032113840506960346,0.06003554485966384,0.11903054540884259,0.28070204915343355,0.1751673242104567,0.034255245854628066
40,1e-10,100.0,1.0,0.000658611303245279,0.03794626026726483,0.07759312508407064,0.268462039936978,0.44129082229296296,0.2605876226604591,0.034255245854628066
10,1e-08,0.1,0.25,0.0008823015391163705,0.05389538819920585,0.08229220353030303,0.16527664662626265,0.3550679526471204,0.19043066483855134,0.06017492319591543
20,1e-08,0.1,0.25,0.0016612393337072575,0.05563890223315259,0.08849637424464428,0.17945400646049092,0.4059603273390957,0.23037289875132386,0.06017492319591543
30,1e-08,0.1,0.25,0.0031005650282011146,0.06091119771970536,0.10221712076959011,0.2299668844791733,0.5007490310720641,0.30554457866646234,0.06017492319591543
40,1e-08,0.1,0.25,0.004641717122091184,0.07025420463159793,0.12834882522051422,0.34558269672030156,0.6725845322018299,0.4704231449253986,0.06017492319591543
10,1e-08,0.1,0.5,0.0010992720351431816,0.037181119820959216,0.05580334731344406,0.11219511981289726,0.24065460616220163,0.12889396758937213,0.06287979397280158
20,1e-08,0.1,0.5,0.003021715626408619,0.046657817732883716,0.06849604467062684,0.15000605379815585,0.32256909268542155,0.18186897531778384,0.06287979397280158
30,1e-08,0.1,0.5,0.006035239896015752,0.0697251366750417,0.1064985191230318,0.3030043103450632,0.5890685461337917,0.36430015671297594,0.06287979397280158
40,1e-08,0.1,0.5,0.009184270765279409,0.09795510166232169,0.16804058911585804,0.5886495745179029,1.0903870792474362,0.7900471431341349,0.06287979397280158
10,1e-08,0.1,0.75,0.001507516203618876,0.023606795778058392,0.032238141012568326,0.0657681897926798,0.13996919127242832,0.0749059542253657,0.07557051773739615
20,1e-08,0.1,0.75,0.004481939834211143,0.04868765691002333,0.06316642493281316,0.15761954143561374,0.32013964929883343,0.1796036592137124,0.07557051773739615
30,1e-08,0.1,0.75,0.009021499120533082,0.09192702850474277,0.1334679363077489,0.4266963044457778,0.8378260645132461,0.5238596403234859,0.07557051773739615
40,1e-08,0.1,0.75,0.013761920628210028,0.13806058975676008,0.23263008448846834,0.8761301630604927,1.8112602887328557,1.3509515941250771,0.07557051773739615
10,1e-08,0.1,1.0,0.0019927554533118266,0.02071830776010396,0.02333244649903093,0.049896622349863445,0.10481908148932292,0.056253746973407605,0.0960607130926791
20,1e-08,0.1,1.0,0.005969151880767976,0.06063246144673448,0.07582976858690534,0.199789991144107,0.4090511845151363,0.2313864635310559,0.0960607130926791
30,1e-08,0.1,1.0,0.012020960062826122,0.12032092778783195,0.17320846206226923,0.5754911865029116,1.190043183710298,0.7557886186550145,0.0960607130926791
40,1e-08,0.1,1.0,0.018348417574904775,0.182571155376046,0.30783235171037804,1.188493247558212,2.792671546078823,2.1487247851379787,0.0960607130926791
10,1e-08,1.0,0.25,0.0007730775338217099,0.05381840801656227,0.08227849646280187,0.1651414798278126,0.3547938524244257,0.19030544183124276,0.05572943123168065
20,1e-08,1.0,0.25,0.0009187173363052247,0.05446016608309094,0.08765414494817261,0.17778696634103897,0.40166441656076657,0.22768380708251912,0.05572943123168065
30,1e-08,1.0,0.25,0.0012073480997704814,0.05567824127300787,0.09759249229801036,0.21425025358173644,0.4687286736329908,0.28704548870436325,0.05572943123168065
40,1e-08,1.0,0.25,0.001562845752920906,0.058960909554061504,0.1190391505989554,0.3014766161581816,0.5882813162788937,0.4275680270815074,0.05572943123168065
10,1e-08,1.0,0.5,0.0006528639466743297,0.03660053223152021,0.05561373095198965,0.11179563401246569,0.23969006004725227,0.12832225838827532,0.046836795645258
20,1e-08,1.0,0.5,0.0011983011197323618,0.04051520995254565,0.06358855817571364,0.14167594489702567,0.29912660002851366,0.16665167344961623,0.046836795645258
30,1e-08,1.0,0.5,0.001981999433946906,0.04910687008279899,0.08619960005401452,0.25683070001089264,0.4511905914622498,0.27716497567374965,0.046836795645258
40,1e-08,1.0,0.5,0.0027902793841958445,0.06112457031416714,0.13507883182774066,0.47744198056942366,0.7509228197794876,0.5917275316537324,0.046836795645258
10,1e-08,1.0,0.75,0.0006844877492791919,0.02129897076139585,0.031354924525125255,0.06467940358308875,0.1365910975576589,0.07256328442784804,0.04648910500113816
20,1e-08,1.0,0.75,0.0016583995769967807,0.03396192039383371,0.04981266892317956,0.13950091552927718,0.25767246557225726,0.13647254937867048,0.04648910500113816
30,1e-08,1.0,0.75,0.002892661754016395,0.05413474811819146,0.09389227366906922,0.35336402305354747,0.5643551695016461,0.3370627879356212,0.04648910500113816
40,1e-08,1.0,0.75,0.0041236029167627565,0.07656078073113164,0.1754473437225106,0.7009252257451305,1.1213942216428985,0.880172203694064,0.04648910500113816
10,1e-08,1.0,1.0,0.000851190525933056,0.015445472768093231,0.020896817133862645,0.047675211096047526,0.09608553384633968,0.04963237378760875,0.05542528409809458
20,1e-08,1.0,1.0,0.0021879516206537966,0.03875176238331078,0.05476112685572311,0.17438258116446073,0.3089043336341982,0.15858006950264147,0.05542528409809458
30,1e-08,1.0,1.0,0.0038438522649770815,0.06824459938140663,0.11706604077986282,0.47701126045695935,0.77278964577664,0.45066512548130727,0.05542528409809458
40,1e-08,1.0,1.0,0.0054861473519420565,0.09925930185956768,0.22797009860164358,0.9456912040322227,1.6425181045661188,1.2679068016569464,0.05542528409809458
10,1e-08,10.0,0.25,0.0007604039771561962,0.053832614934706605,0.0823151255007159,0.16514952108567182,0.3548060728399735,0.19031268417149788,0.0537817183583363
20,1e-08,10.0,0.25,0.0007581572953995219,0.053885640371036075,0.08706933772304273,0.17399014417024442,0.3969393957060606,0.22554728349159325,0.0537817183583363
30,1e-08,10.0,0.25,0.000752320772184475,0.053290711731946876,0.09363334605329252,0.18591613412819108,0.4423719049205979,0.26915273665095585,0.0537817183583363
40,1e-08,10.0,0.25,0.0007704175337047533,0.05411790639565564,0.10566122667782324,0.21598488093425278,0.5046203692421984,0.34352385217564246,0.0537817183583363
10,1e-08,10.0,0.5,0.0005474936798708658,0.03630678380355728,0.05541501929635079,0.11103891317389797,0.23839170451539327,0.12772972967224575,0.03703475648488907
20,1e-08,10.0,0.5,0.0005495023436859943,0.03647857421989225,0.0592176198208113,0.11822077425893517,0.2689971365507591,0.15340690082418812,0.03703475648488907
30,1e-08,10.0,0.5,0.0005513833990556094,0.03638867472938891,0.06722181753707024,0.1300488157415241,0.3133720548491404,0.20166119763394968,0.03703475648488907
40,1e-08,10.0,0.5,0.0006167744860514892,0.03896499318671784,0.08204572857388673,0.2151092787411612,0.40895772937022173,0.30742658766186737,0.03703475648488907
10,1e-08,10.0,0.75,0.0003839029347140527,0.01961654299983113,0.029946234951920357,0.0603932277661302,0.12891190661597607,0.06895669085954352,0.022541461718638172
20,1e-08,10.0,0.75,0.00039507985503889613,0.02019323675126765,0.034277908716007555,0.06808468101553079,0.1532532635193414,0.09053912489875642,0.022541461718638172
30,1e-08,10.0,0.75,0.00041195434479008686,0.021190177313807134,0.048707696333308646,0.08778450389565173,0.2239399661172225,0.16891392445746803,0.022541461718638172
40,1e-08,10.0,0.75,0.0005789535413235951,0.02916588980964678,0.07346124501777354,0.2626733118626061,0.42445016197097923,0.34503851759538134,0.022541461718638172
10,1e-08,10.0,1.0,0.0003480094967461685,0.009890857294811225,0.01572798883962692,0.03382229048326875,0.0694065887933312,0.036562300573633494,0.0166454952652172
20,1e-08,10.0,1.0,0.0003704163643671563,0.011614798247335575,0.024025933358123773,0.046783811804713485,0.10345991528474721,0.06882004770692317,0.0166454952652172
30,1e-08,10.0,1.0,0.00040377559680122063,0.014647998326919032,0.04819346539366223,0.08275977590758941,0.22940139077283245,0.1922959107665991,0.0166454952652172
40,1e-08,10.0,1.0,0.0006766627559877037,0.03042832719180297,0.08485960081370351,0.3378629102968877,0.5579679349419577,0.45104801963526026,0.0166454952652172
10,1e-08,30.0,0.25,0.0007762227032137239,0.05423358472303302,0.08299354697958286,0.16636789712081115,0.35745827551066667,0.19175083668299628,0.05412176821746649
20,1e-08,30.0,0.25,0.0007719667639407281,0.054220682267644864,0.08754705980195812,0.17489174607162075,0.399020292885593,0.22665222668288618,0.05412176821746649
30,1e-08,30.0,0.25,0.0007669803852161822,0.05366754847434473,0.09349530207802366,0.18746790144538023,0.44266563123585884,0.26629882989761533,0.05412176821746649
40,1e-08,30.0,0.25,0.0007788577366560112,0.05436525740484335,0.10570916808507994,0.2131221893340085,0.5020404223446486,0.33465833849476484,0.05412176821746649
10,1e-08,30.0,0.5,0.0005779048669950153,0.037291047228919856,0.05710809186042435,0.11390708262640702,0.24496325253605733,0.1314087485639395,0.03766090313591698
20,1e-08,30.0,0.5,0.0005724639431934842,0.03721545237717134,0.060142721504505406,0.11977248091142677,0.273258399848065,0.15535090358336467,0.03766090313591698
30,1e-08,30.0,0.5,0.0005731079842746768,0.03710512291119338,0.06507344887108862,0.13174886240128642,0.30617917395551153,0.18578241513317756,0.03766090313591698
40,1e-08,30.0,0.5,0.0006053795089111534,0.039031990026383356,0.07890797822905758,0.19991461820351947,0.38553251635570285,0.26735537018877403,0.03766090313591698
10,1e-08,30.0,0.75,0.00042087189398632325,0.021728641822996185,0.03362389331179926,0.06597361392820825,0.14279119913933477,0.07712910768349965,0.023325697224146666
20,1e-08,30.0,0.75,0.0004122910541031005,0.021494578943071028,0.03546869687931054,0.06920038629676782,0.15900598243329667,0.09178274291314202,0.023325697224146666
30,1e-08,30.0,0.75,0.00041973397254555314,0.022046988470651663,0.03992664317157177,0.08559051743690532,0.18565824070816964,0.11644526703860023,0.023325697224146666
40,1e-08,30.0,0.75,0.0005041620368292258,0.02803257965986778,0.061733570574248726,0.23313354204242867,0.3486969364200869,0.24691369732323926,0.023325697224146666
10,1e-08,30.0,1.0,0.00036331671106315327,0.013631460964914343,0.02208626277350545,0.04131964158168263,0.09153420151720112,0.05078917558790812,0.01709515653329314
20,1e-08,30.0,1.0,0.0003503420125242747,0.013075300014764965,0.024089501922482163,0.042898525781268536,0.10305750349681371,0.06346064165412388,0.01709515653329314
30,1e-08,30.0,1.0,0.000362533377104547,0.014423745087770496,0.028475684571572575,0.07047832147483146,0.13192771001126807,0.08764450779860082,0.01709515653329314
40,1e-08,30.0,1.0,0.0005193307257035522,0.027250120065722756,0.06264781394868288,0.2973061779260372,0.4181754740230926,0.28757615650225865,0.01709515653329314
10,1e-08,100.0,0.25,0.0008279677883250605,0.05664148285691671,0.08685434049725047,0.17420362134976036,0.3742455973328,0.2007723317126356,0.05635844775741824
20,1e-08,100.0,0.25,0.0008201251058727648,0.05645455590731017,0.09150280754273968,0.18236459017578066,0.41651962690399447,0.2369782608131099,0.05635844775741824
30,1e-08,100.0,0.25,0.0008131405961825065,0.05583273516561561,0.0972914537756444,0.19496936797259307,0.461500756062386,0.2773600016387521,0.05635844775741824
40,1e-08,100.0,0.25,0.0008250709350488592,0.05650501709983043,0.10911373236328939,0.22117207357706267,0.5216457011334394,0.3412438458474976,0.05635844775741824
10,1e-08,100.0,0.5,0.0006878094283496091,0.04290149780892769,0.0661176358700446,0.13212114240168055,0.2839594576487488,0.15228568792585864,0.04278405390753928
20,1e-08,100.0,0.5,0.0006763001014612426,0.04248959478209105,0.06947583467851641,0.13746889484405564,0.3146574302823192,0.17960423266386186,0.04278405390753928
30,1e-08,100.0,0.5,0.0006719127826404516,0.04216743242780214,0.07391786796465359,0.1486131607672103,0.3500141209945218,0.21102776112842692,0.04278405390753928
40,1e-08,100.0,0.5,0.0006947614523187694,0.043577690611336276,0.08582920584076853,0.20610455443463488,0.4220426918538401,0.2737792024407188,0.04278405390753928
10,1e-08,100.0,0.75,0.0005877325530200708,0.03195238962850483,0.04996843443208121,0.09912100252159561,0.2135305827920129,0.11475919659957917,0.0323038630582783
20,1e-08,100.0,0.75,0.0005735564333802974,0.03132795460763674,0.05259034817295054,0.10231400678329801,0.2359175914299856,0.13606441840651298,0.0323038630582783
30,1e-08,100.0,0.75,0.0005713164899218203,0.03128435174392522,0.055779098761436954,0.11369548634490993,0.2643522021690079,0.16025224671665597,0.0323038630582783
40,1e-08,100.0,0.75,0.0006167971425801997,0.03465075625304642,0.07097295986693654,0.22684032751811475,0.38318302309497937,0.2374937090712003,0.0323038630582783
10,1e-08,100.0,1.0,0.0005500671695007031,0.027377137293688205,0.04374359709423896,0.0858483141845555,0.1857332498120069,0.10025945526479955,0.028518246279125928
20,1e-08,100.0,1.0,0.000536060308537328,0.02674588020886879,0.046738751952238325,0.08894593317151364,0.20755836166830627,0.12143672271416914,0.028518246279125928
30,1e-08,100.0,1.0,0.0005347942237000197,0.026816957984210413,0.04898739690020887,0.10230252386818849,0.2334340937913337,0.14163596173919993,0.028518246279125928
40,1e-08,100.0,1.0,0.0006115372157632275,0.03313300962973631,0.07007874168514486,0.27502866332019604,0.4223187081667136,0.2471119929498263,0.028518246279125928
10,1e-06,0.1,0.25,0.0009086750468137691,0.053873038188773564,0.08225637810394838,0.16522713322618815,0.3549477192384842,0.19036689416485128,0.06052571385498405
20,1e-06,0.1,0.25,0.001818990234217354,0.05569506179310298,0.08875910709218028,0.18080965937903348,0.40805397163794715,0.23145670860248277,0.06052571385498405
30,1e-06,0.1,0.25,0.0035289108793177242,0.06124455033300523,0.10361949504234311,0.23960503363717311,0.5189259301783404,0.31601904473873266,0.06052571385498405
40,1e-06,0.1,0.25,0.005407511065335474,0.07129020510505439,0.133767322728526,0.37516556035685866,0.7520381051665241,0.5187295766052512,0.06052571385498405
10,1e-06,0.1,0.5,0.001175950342613069,0.037090441521230214,0.05576152924957124,0.11220108270694917,0.24063118504685788,0.12890146915228892,0.06391679033981372
20,1e-06,0.1,0.5,0.0033709827132593945,0.04682141080895417,0.06992560915974491,0.15571142180461814,0.33448824475842764,0.18921775084337414,0.06391679033981372
30,1e-06,0.1,0.5,0.006906932592042905,0.07079583883507545,0.11274380322781834,0.3294963556902272,0.6745118641661969,0.4228923861831762,0.06391679033981372
40,1e-06,0.1,0.5,0.010734092447917848,0.10095947019399504,0.18624561043220195,0.6528959412743863,1.3965140566594414,1.0067219333845188,0.06391679033981372
10,1e-06,0.1,0.75,0.0016291969503349456,0.023330285608343906,0.03232630084182099,0.06613705729356623,0.14107973417774497,0.07575687777243567,0.07721812257629565
20,1e-06,0.1,0.75,0.00501388412422521,0.04896537756153789,0.06695847379504777,0.16862557614833626,0.3538952566397241,0.20361433649453584,0.07721812257629565
30,1e-06,0.1,0.75,0.010330203897662545,0.09370050209155273,0.14609058970831976,0.46440700284545516,1.0254807857180506,0.6693556929520222,0.07721812257629565
40,1e-06,0.1,0.75,0.01609078241441236,0.14287632504374806,0.265390058990663,0.9634581653208932,2.470578984293966,1.8734201382657147,0.07721812257629565
10,1e-06,0.1,1.0,0.002154056829512323,0.02020169217343824,0.023915147100968995,0.051092925300080784,0.10953543901723117,0.05994881435643923,0.09823384655694849
20,1e-06,0.1,1.0,0.006680962067424862,0.06097565888899341,0.08207093492602115,0.21399531691010143,0.46984918122048813,0.2791334067148445,0.09823384655694849
30,1e-06,0.1,1.0,0.013765006218775955,0.12269512962230122,0.19280810684792737,0.6193017775848537,1.5182209314243764,1.0329035558556718,0.09823384655694849
40,1e-06,0.1,1.0,0.02145504113266323,0.18906290554306107,0.35701908059043364,1.2899835002340934,3.986958116058314,3.165220798668574,0.09823384655694849
10,1e-06,1.0,0.25,0.0007887390291268526,0.0538243282345108,0.08222812999902579,0.16501257254515947,0.35453031801588986,0.19015967694988845,0.05688045188093391
20,1e-06,1.0,0.25,0.00106391352907437,0.05477768173958933,0.08783456614792512,0.17801764806415307,0.40232738886210795,0.228168134780869,0.05688045188093391
30,1e-06,1.0,0.25,0.0015889453362009456,0.05708282136665035,0.09904201938764273,0.21805956238611052,0.47531988088605026,0.29242699966851504,0.05688045188093391
40,1e-06,1.0,0.25,0.0021894362469778495,0.061836976182985136,0.12194549584504825,0.31473830790795315,0.6025012853623047,0.4383840439901466,0.05688045188093391
10,1e-06,1.0,0.5,0.0007296176094630216,0.036676698933327416,0.05532912968713697,0.11097263163408334,0.23816747263427052,0.1276133673057475,0.05147198150856125
20,1e-06,1.0,0.5,0.0016136812729657052,0.042363765663549914,0.06482850087882269,0.14330067865305082,0.3039350773435875,0.17008651597982138,0.05147198150856125
30,1e-06,1.0,0.5,0.0028736448165705996,0.05524282448735366,0.09224430480747589,0.26843680659038205,0.478502895866101,0.2985051795665393,0.05147198150856125
40,1e-06,1.0,0.5,0.004140272221885556,0.07160463695001401,0.1451358275195109,0.5122476584497299,0.8091022826333878,0.6310546284845013,0.05147198150856125
10,1e-06,1.0,0.75,0.0008446738424522282,0.02164435735159212,0.03018907838606188,0.06123123992784977,0.13031833527559902,0.06976901839142395,0.05536780028985137
20,1e-06,1.0,0.75,0.002321810248174713,0.03884555401884984,0.0534770306710552,0.14370398815379015,0.27196874354686945,0.14677173580593633,0.05536780028985137
30,1e-06,1.0,0.75,0.004260851652875847,0.06615345815669894,0.10564415047181795,0.3731212444709381,0.6189426624131946,0.3782398975265562,0.05536780028985137
40,1e-06,1.0,0.75,0.0061659754627315985,0.09482783163226458,0.19243545699940245,0.7581221804382848,1.2385719499635939,0.9610758242288236,0.05536780028985137
10,1e-06,1.0,1.0,0.0010795857484801297,0.016338671654966132,0.017495478608355312,0.038312399868872304,0.07839023021952414,0.0416452043895482,0.06796271737139141
20,1e-06,1.0,1.0,0.0030809769117561055,0.04629751283027383,0.0607155975027148,0.18107663908138777,0.3324970008531593,0.17546427070059842,0.06796271737139141
30,1e-06,1.0,1.0,0.005675897647902929,0.08504104656826363,0.1333041803713154,0.5055772352737514,0.8542377599746948,0.5100098429321935,0.06796271737139141
40,1e-06,1.0,1.0,0.008211323223857007,0.12417363843206204,0.25081704433310104,1.0280423914469028,1.8302327309669946,1.403123791617841,0.06796271737139141
10,1e-06,10.0,0.25,0.0007569852987620425,0.05378485177820656,0.0822825231978058,0.16502979678250213,0.3546514357777175,0.1902709472846497,0.05383422979312891
20,1e-06,10.0,0.25,0.0007567973799405088,0.05384653287020683,0.08703104317135679,0.17393707430725333,0.3968209896638139,0.22559317513646257,0.05383422979312891
30,1e-06,10.0,0.25,0.0007575411966419522,0.053333817527924064,0.09408820044608085,0.18700621949641055,0.44436169227721994,0.2721556765346455,0.05383422979312891
40,1e-06,10.0,0.25,0.0007953484889490566,0.05437171699617817,0.10892466542464341,0.22328065268613873,0.5222574182105438,0.37034630332400786,0.05383422979312891
10,1e-06,10.0,0.5,0.0005408344727213166,0.03618330996882627,0.05533945446965189,0.11048548401245828,0.23773669413313558,0.12762897736563433,0.03748729937896235
20,1e-06,10.0,0.5,0.0005605221818347177,0.03651956576582518,0.059511782590628955,0.11896005471331524,0.26991131895772175,0.1546479928837228,0.03748729937896235
30,1e-06,10.0,0.5,0.0005894095457300862,0.03679510989764906,0.06976664853182701,0.13816465585825705,0.32621094377993853,0.21588133624525566,0.03748729937896235
40,1e-06,10.0,0.5,0.0007321590724952111,0.040451211883548895,0.09638952754002504,0.24334258407818876,0.4863185217091758,0.4058885157355381,0.03748729937896235
10,1e-06,10.0,0.75,0.0003757680843778201,0.019322973875783286,0.029794855634707663,0.058274201618963704,0.12659133752684967,0.06880432424312893,0.02411101067169144
20,1e-06,10.0,0.75,0.0004460555957979991,0.02072156216313286,0.036033805417225145,0.07239287973975031,0.15979850471631296,0.09694277556346703,0.02411101067169144
30,1e-06,10.0,0.75,0.0005255472392410489,0.022901279449709384,0.056226332543523536,0.11421564641581392,0.26746872040358766,0.20668304182145,0.02411101067169144
40,1e-06,10.0,0.75,0.0008276578384142446,0.03349822719814024,0.10487611795979125,0.3128233003392549,0.6001349187658072,0.5394410141506163,0.02411101067169144
10,1e-06,10.0,1.0,0.0003451462321995628,0.009232901933616143,0.015489908401933183,0.02675935736256173,0.06222667953008809,0.0366066014905762,0.01984169737602991
20,1e-06,10.0,1.0,0.0004765330092729,0.013658787150062501,0.02890303277868259,0.05906386735189111,0.12493700443302543,0.085682439500805,0.01984169737602991
30,1e-06,10.0,1.0,0.000600214568998576,0.018874892218572584,0.06107237405605984,0.12955814718209405,0.31062324812353376,0.25479031595527557,0.01984169737602991
40,1e-06,10.0,1.0,0.001038971120401344,0.037600208201868414,0.13067708830850716,0.4060889828879066,0.8366566214306709,0.7447313953360027,0.01984169737602991
10,1e-06,30.0,0.25,0.0007698714404862031,0.05402127616564308,0.08263623020453423,0.16575272481257847,0.35601038859242734,0.19090763182015277,0.053919627239730476
20,1e-06,30.0,0.25,0.0007648389241125202,0.054009948981744785,0.08716013217572262,0.17412854582086665,0.39728748964603694,0.2256517084881586,0.053919627239730476
30,1e-06,30.0,0.25,0.0007597486084209408,0.05343497386999364,0.09333778636971093,0.18619125815892804,0.44133029292107323,0.2665940018995733,0.053919627239730476
40,1e-06,30.0,0.25,0.0007738616345818547,0.054212309941540394,0.1051447934532188,0.2136636103647551,0.5005942824131244,0.3342274276405892,0.053919627239730476
10,1e-06,30.0,0.5,0.0005615034010608323,0.036671117629590494,0.056047011054356326,0.11213499179250686,0.24078639050294948,0.1289648351919271,0.037154171968383345
20,1e-06,30.0,0.5,0.0005549622348606757,0.03662885607190174,0.05899038278140962,0.11758662072924801,0.2681833086043903,0.15237995163001014,0.037154171968383345
30,1e-06,30.0,0.5,0.0005576918313907181,0.03655558728652308,0.06504493981376319,0.12868083182571002,0.30437659914078624,0.18835234261723238,0.037154171968383345
40,1e-06,30.0,0.5,0.0005977718158897697,0.03876112688551807,0.07724787450172184,0.20374886471909232,0.38142427935120543,0.2649826631410181,0.037154171968383345
10,1e-06,30.0,0.75,0.00038797964352664267,0.020088060379997493,0.03078621538600027,0.06131846299768078,0.13175632950649505,0.0706088976315276,0.02221346955695623
20,1e-06,30.0,0.75,0.00037901263206228686,0.020012244204744754,0.03236931665338967,0.06348852720604055,0.1454437073818035,0.08381298505699175,0.02221346955695623
30,1e-06,30.0,0.75,0.00039623446230349895,0.020960919057290316,0.04090873267031408,0.07969140293200713,0.18732961506250384,0.12750491508727893,0.02221346955695623
40,1e-06,30.0,0.75,0.0004999923749232565,0.027792654585792352,0.05833615134896816,0.24137131153075184,0.3426298637826431,0.24142633860165152,0.02221346955695623
10,1e-06,30.0,1.0,0.000313733068134103,0.009725028711842583,0.015504554407186767,0.030371127353774407,0.06557825365031525,0.035405518553976056,0.014896799823687886
20,1e-06,30.0,1.0,0.0003032837932717098,0.009670835120785268,0.017105166576370828,0.02926052024101349,0.07122234042220155,0.04588368516828155,0.014896799823687886
30,1e-06,30.0,1.0,0.000339356241947288,0.012823569318950089,0.03214094251706627,0.0628897764166455,0.14775722728989585,0.1156395344518136,0.014896799823687886
40,1e-06,30.0,1.0,0.000526161118675104,0.027367766143173607,0.05807692108611522,0.3093491703196988,0.41387887696358433,0.2801553208675459,0.014896799823687886
10,1e-06,100.0,0.25,0.0008099793208075999,0.055569052283220705,0.08515569163857445,0.17072415622600062,0.3668438723136495,0.19681812334872564,0.055350562693289564
20,1e-06,100.0,0.25,0.000803001354228399,0.05543476902589502,0.08975925168585482,0.17903991933058236,0.4086875295954295,0.23242581920400135,0.055350562693289564
30,1e-06,100.0,0.25,0.0007977832527346671,0.05488136789577956,0.09564369367378578,0.1917269186446855,0.4534719730372081,0.27254340826196377,0.055350562693289564
40,1e-06,100.0,0.25,0.0008087223747678067,0.05551706156826297,0.10720536735798261,0.21733327676333716,0.5108514273138284,0.3352418837170689,0.055350562693289564
10,1e-06,100.0,0.5,0.0006497827806321494,0.04039615818930301,0.06211409441461085,0.12402319287195551,0.2666759863681109,0.14304079156958935,0.04049716544298631
20,1e-06,100.0,0.5,0.0006400773219047618,0.04011768885761203,0.06546528502652099,0.12977719783195793,0.2965654754076665,0.16918404913003174,0.04049716544298631
30,1e-06,100.0,0.5,0.0006401502037330154,0.04000542046097009,0.0703564649220055,0.14137974598902778,0.33211489858449383,0.20065667588469838,0.04049716544298631
40,1e-06,100.0,0.5,0.0006633423117648836,0.04146939426406011,0.08082956291939161,0.20407171081988754,0.3987916496119544,0.25697072579543,0.04049716544298631
10,1e-06,100.0,0.75,0.0005303108388687146,0.027493680643273212,0.04279903600353405,0.08477103709325597,0.18280906321804255,0.09829413909578966,0.02844034559149611
20,1e-06,100.0,0.75,0.0005189416901572812,0.027128221849203493,0.04570546253169931,0.08881639963854512,0.20431829406340135,0.11814517516867343,0.02844034559149611
30,1e-06,100.0,0.75,0.0005249738581075798,0.027599346224874123,0.05021591403681749,0.10188004420607281,0.2349497912880336,0.14415981065716385,0.02844034559149611
40,1e-06,100.0,0.75,0.0005766782995575068,0.03154013364863362,0.061404330565070435,0.23217067558349688,0.34832712744814437,0.20318179282150786,0.02844034559149611
10,1e-06,100.0,1.0,0.000482806660665236,0.021449433750862217,0.03413309220222549,0.06681799524495279,0.1448352824795976,0.07825695383786871,0.023778064111712925
20,1e-06,100.0,1.0,0.0004728801901033845,0.021273175626234736,0.0382223009583469,0.07158309260357018,0.1672374983880852,0.09901370432291612,0.023778064111712925
30,1e-06,100.0,1.0,0.0004836051317084165,0.022267359058862655,0.043043851976597367,0.08861646988042748,0.19922101959296684,0.12455405357842289,0.023778064111712925
40,1e-06,100.0,1.0,0.0005758788025782459,0.030122288010892086,0.05650834739013143,0.28936393228231316,0.3825399980366432,0.1944349540971232,0.023778064111712925
10,1e-05,0.1,0.25,0.000982066112346637,0.05390964378080905,0.0823088729396142,0.1653789775676386,0.3552542044525022,0.1905285665124345,0.06192823623705271
20,1e-05,0.1,0.25,0.0021596700829422002,0.05602117748395944,0.08933698986781916,0.18357922312879071,0.41245570272965726,0.23343991917174556,0.06192823623705271
30,1e-05,0.1,0.25,0.004419590206740878,0.06275971868654888,0.10564790985661342,0.25910759272311595,0.547413558723931,0.32661069466703485,0.06192823623705271
40,1e-05,0.1,0.25,0.006959565200600014,0.07502240499689346,0.13757963018996736,0.4319714478806865,0.8437810370380663,0.5497913583208006,0.06192823623705271
10,1e-05,0.1,0.5,0.0013860640715707391,0.03728266305909796,0.056111793219401455,0.11312925486975753,0.24246665009136706,0.12984150394893088,0.06819230095263462
20,1e-05,0.1,0.5,0.004109053441932428,0.04834162800036544,0.07295978598196264,0.1683316597941084,0.3578220426412738,0.20063232895807073,0.06819230095263462
30,1e-05,0.1,0.5,0.008716619054510188,0.07600712520065914,0.12134168901400068,0.3860894176433443,0.7872431386451426,0.4760673218068952,0.06819230095263462
40,1e-05,0.1,0.5,0.013851494798931406,0.11113778755041595,0.19976579432376074,0.7849584062137199,1.6937407262208133,1.1515675933271234,0.06819230095263462
10,1e-05,0.1,0.75,0.001962889549783729,0.023986542425455483,0.033758218738118836,0.06969315834276191,0.14846632348276534,0.07964830410384753,0.0843987032858743
20,1e-05,0.1,0.75,0.006134743110588609,0.05217582205239685,0.07441660570950438,0.19448740081935115,0.4105940142501789,0.2343277513165174,0.0843987032858743
30,1e-05,0.1,0.75,0.013049735840027584,0.10252423574238892,0.16312807926882894,0.5563677730862956,1.2494179547604205,0.7952124577610095,0.0843987032858743
40,1e-05,0.1,0.75,0.02076679237585962,0.15890821292325596,0.29155985595124234,1.1702158450204247,3.066305487701135,2.234886923272495,0.0843987032858743
10,1e-05,0.1,1.0,0.0025999498401839192,0.02150166158285378,0.027391585253978612,0.05908212499776571,0.12707516441856773,0.06947676537733609,0.10806712202589527
20,1e-05,0.1,1.0,0.008180246536622755,0.06553306458607196,0.09368466323700186,0.2508768930876672,0.5612744381932099,0.3331873325025098,0.10806712202589527
30,1e-05,0.1,1.0,0.01739198812254283,0.13468923412616,0.2190819780813892,0.7457718328878875,1.8876948059990142,1.2691875601979183,0.10806712202589527
40,1e-05,0.1,1.0,0.027687954421248155,0.2105445278084954,0.3989161113609176,1.5748510261411286,5.028862789327353,3.8913895691283327,0.10806712202589527
10,1e-05,1.0,0.25,0.0008070092258828698,0.053850603302644955,0.08224319232335854,0.16508032196395903,0.35465608021402584,0.19021550144636767,0.05780163141390196
20,1e-05,1.0,0.25,0.001207672795694863,0.05507442142978538,0.08804614397111132,0.17818572272695404,0.40322723649135217,0.2288491949002126,0.05780163141390196
30,1e-05,1.0,0.25,0.0019362539493607306,0.05815252167423067,0.10016263808715262,0.2192903092464794,0.48068519428280854,0.29660379934927056,0.05780163141390196
40,1e-05,1.0,0.25,0.0027484748168014684,0.06412897924894684,0.1246500281935891,0.31725272700899926,0.6144522118747141,0.448599704934635,0.05780163141390196
10,1e-05,1.0,0.5,0.000811125707417162,0.03684070296564479,0.05548848472083519,0.1113512798093761,0.23894422776561847,0.12801028041473833,0.054890056490469435
20,1e-05,1.0,0.5,0.0019738985760067553,0.04379877003146308,0.06591259379367528,0.1435332618001224,0.3074007132471906,0.17315271871570578,0.054890056490469435
30,1e-05,1.0,0.5,0.0036269280447631183,0.05957060502429734,0.0970513565687709,0.2705904403742741,0.49910098595499797,0.3157595595827359,0.054890056490469435
40,1e-05,1.0,0.5,0.0053121944815256485,0.07935014794047252,0.15418167460458185,0.5184386472253013,0.8568442039635227,0.6698893995783599,0.054890056490469435
10,1e-05,1.0,0.75,0.0010013786336496736,0.022274697702702226,0.030931618789031282,0.06275436911735582,0.13362463408681768,0.07154056802379417,0.06162319762744453
20,1e-05,1.0,0.75,0.0028788961580979364,0.04221510955883261,0.05629140086457749,0.14358160658137986,0.2798892342445982,0.15454573878077307,0.06162319762744453
30,1e-05,1.0,0.75,0.005401127485361957,0.07414270130812664,0.1148845044278935,0.37537393511016715,0.6574874063632763,0.41220057132970267,0.06162319762744453
40,1e-05,1.0,0.75,0.007935393727136485,0.10786028194011664,0.20752326944271013,0.7677313864944822,1.3334177896022472,1.0426975356015666,0.06162319762744453
10,1e-05,1.0,1.0,0.0012983707693688098,0.017794992674641144,0.019792281580078282,0.042530055298084894,0.08817612138853924,0.04706575875296576,0.07673624808565833
20,1e-05,1.0,1.0,0.003825411884191052,0.05123027964213506,0.0649776760835665,0.1803205515508407,0.3439187587616004,0.18741483435927614,0.07673624808565833
30,1e-05,1.0,1.0,0.007197346217193148,0.09605813500161038,0.14615582392398951,0.5077735448237768,0.9096107138493212,0.5608298047696485,0.07673624808565833
40,1e-05,1.0,1.0,0.010573897294941374,0.14186158502424676,0.2710483142834051,1.0416792008445148,1.9820243942724756,1.5415274917793813,0.07673624808565833
10,1e-05,10.0,0.25,0.0007560575879346666,0.053769026783005845,0.08224565637607384,0.16498229203035727,0.3544937213742394,0.19015657776642358,0.05391829837544672
20,1e-05,10.0,0.25,0.0007590292726261122,0.0538484877314352,0.08702786031740961,0.17417448117199394,0.39701985130859907,0.22567764327063933,0.05391829837544672
30,1e-05,10.0,0.25,0.0007691753688981595,0.05343997637907403,0.09471742873476345,0.18868301775825683,0.44695936413227655,0.2757873751513327,0.05391829837544672
40,1e-05,10.0,0.25,0.0008243803786893857,0.05461570260827182,0.11124418085670888,0.22929947175440243,0.5341426022038746,0.3883227140184508,0.05391829837544672
10,1e-05,10.0,0.5,0.000540082325429942,0.036132124232516494,0.055169544072005895,0.110324945965035,0.2371433038327599,0.1271751829607019,0.03802132050818435
20,1e-05,10.0,0.5,0.0005836407239046345,0.036683653965971036,0.05970150767503137,0.12070232793414651,0.27157995527715595,0.1553739732804904,0.03802132050818435
30,1e-05,10.0,0.5,0.0006538631760306731,0.03747614067694419,0.07288380948959279,0.14793182167969945,0.3405601044672831,0.23192424955952265,0.03802132050818435
40,1e-05,10.0,0.5,0.0008513123591538398,0.0417933631573057,0.10583560369478918,0.2643690894893382,0.5371153323576259,0.46852899859500635,0.03802132050818435
10,1e-05,10.0,0.75,0.00037811853447827906,0.019167130249515274,0.029154079674335195,0.057746319850328395,0.12451711127090932,0.06718868569148662,0.02578218881739891
20,1e-05,10.0,0.75,0.0005178515637716187,0.021558917081611808,0.03699008272755806,0.07920907491008994,0.16732962362399398,0.10012566434084545,0.02578218881739891
30,1e-05,10.0,0.75,0.0006806717059329767,0.02534179696717514,0.06427275275694788,0.1400663045216743,0.30922017954650144,0.24422050671147721,0.02578218881739891
40,1e-05,10.0,0.75,0.0010535528482416544,0.0370609109712934,0.12322221767748424,0.3487535438011519,0.7081481472919827,0.6567822565249106,0.02578218881739891
10,1e-05,10.0,1.0,0.0003542276102961899,0.008755208880159997,0.013312616660944533,0.02491944965790439,0.055056951780368985,0.03131300634595932,0.02295163653046388
20,1e-05,10.0,1.0,0.0005989379593961963,0.016029627047210355,0.03126214394504841,0.07384520350583927,0.1439347132368346,0.09311350733300591,0.02295163653046388
30,1e-05,10.0,1.0,0.000836039175509132,0.023855140658948993,0.07360718045332004,0.1698742918159014,0.3810761449184911,0.31266173193309554,0.02295163653046388
40,1e-05,10.0,1.0,0.001354741902481109,0.04316656953553618,0.15626967382049556,0.45498527166535885,1.0071607413530972,0.9215365055101286,0.02295163653046388
10,1e-05,30.0,0.25,0.0007669182406702406,0.053945720291530296,0.0825130720833156,0.16551840205071622,0.355523029435082,0.19065094094711338,0.05384791577180603
20,1e-05,30.0,0.25,0.0007624841428153765,0.05394583343589224,0.08708572850743852,0.17393022194560995,0.3969126584337843,0.22547126704199671,0.05384791577180603
30,1e-05,30.0,0.25,0.0007563084106942233,0.053348635586069094,0.09344319086294597,0.18586633296584776,0.44162674502187216,0.2676949555037708,0.05384791577180603
40,1e-05,30.0,0.25,0.0007711673539037491,0.0541514737737325,0.10528590986945358,0.21416782402820597,0.5022711139366932,0.33792458187069396,0.05384791577180603
10,1e-05,30.0,0.5,0.0005549676516358373,0.03647492960722329,0.05570221548232593,0.11148386574005603,0.2393938557597269,0.12821690393452678,0.037020834401783026
20,1e-05,30.0,0.5,0.0005506517482959886,0.03648800345261321,0.05882255851809461,0.1172106440598007,0.26736935932611905,0.15196870999685064,0.037020834401783026
30,1e-05,30.0,0.5,0.0005518095351374824,0.036391922400284805,0.06586040304925599,0.1282283075893561,0.3072542139987229,0.193812254765468,0.037020834401783026
40,1e-05,30.0,0.5,0.0005970243579260332,0.03872848214701079,0.07875658039334416,0.2061728467836705,0.38991683968865026,0.2806417739307414,0.037020834401783026
10,1e-05,30.0,0.75,0.00037716391619519476,0.01962018494189803,0.029894625383939392,0.05965842955155223,0.12812478898402596,0.06862443622372034,0.022038538471621932
20,1e-05,30.0,0.75,0.000374356658790111,0.019757498483581735,0.03204921922207337,0.06303022508593009,0.14402758082713724,0.08302208963766475,0.022038538471621932
30,1e-05,30.0,0.75,0.0003912404754818691,0.02076539984875402,0.04400312043816772,0.07973558318797397,0.19995823890556208,0.14507007013088988,0.022038538471621932
40,1e-05,30.0,0.75,0.0005097071909324869,0.028011070612253934,0.06351082461425073,0.24613207080249616,0.36754105371925583,0.2796693037865964,0.022038538471621932
10,1e-05,30.0,1.0,0.0003015860802909126,0.008586864368277044,0.01318462479700698,0.026123257967261476,0.056143703717765954,0.03019438054558246,0.014717898723911589
20,1e-05,30.0,1.0,0.00030357659376523013,0.009333059316509986,0.016641279168805884,0.02963835889476595,0.0697235454871538,0.04477234899134911,0.014717898723911589
30,1e-05,30.0,1.0,0.0003431157994711484,0.012906059180324702,0.03901808100473118,0.06479793929458033,0.1787871808079552,0.14973820774029828,0.014717898723911589
40,1e-05,30.0,1.0,0.0005520770755255046,0.02804561203053462,0.06784643035908813,0.3160765730979049,0.45878033964482884,0.342799633901374,0.014717898723911589
10,1e-05,100.0,0.25,0.0008020085797521021,0.05514731042895712,0.0844677412029686,0.16936414806179279,0.363879259530813,0.19520111721015224,0.05493475812052977
20,1e-05,100.0,0.25,0.0007945564466250198,0.055007566288189556,0.0889868342444055,0.1777103619940251,0.40543680899477075,0.23040837330357866,0.05493475812052977
30,1e-05,100.0,0.25,0.0007895395009159139,0.05445147579963333,0.0950336436598246,0.19023097586186177,0.45015181554786565,0.2709129429200755,0.05493475812052977
40,1e-05,100.0,0.25,0.00080108319317231,0.055132679965339035,0.10648092972387434,0.21636131078584753,0.5073681323289178,0.3330764069308705,0.05493475812052977
10,1e-05,100.0,0.5,0.0006331968245064818,0.03942424648424632,0.06057098568329704,0.12097772921788615,0.2600652284581971,0.13945597028381596,0.03954556261889959
20,1e-05,100.0,0.5,0.0006216362608178534,0.03908498985841295,0.06352105658375234,0.12654861113056706,0.2885243610689746,0.16409719617985885,0.03954556261889959
30,1e-05,100.0,0.5,0.000622268429502333,0.03897690036903754,0.06891514168355407,0.13792794014637846,0.324232154794685,0.19707529688524306,0.03954556261889959
40,1e-05,100.0,0.5,0.0006491923911808648,0.040696113763901566,0.07935902257197654,0.205605921335665,0.3948417964500337,0.25400652773009225,0.03954556261889959
10,1e-05,100.0,0.75,0.000505902628890821,0.025753611219073796,0.04015776442348363,0.07955446331232607,0.17153410540204295,0.09221024298919385,0.02677290068290665
20,1e-05,100.0,0.75,0.0004898695235280311,0.02514173111744911,0.041833721362678475,0.0825967646649851,0.18850834603616778,0.1079777597835793,0.02677290068290665
30,1e-05,100.0,0.75,0.0004971229035722056,0.025671446715342088,0.04762595188040955,0.09592174517613798,0.22075398991790174,0.13859065409856686,0.02677290068290665
40,1e-05,100.0,0.75,0.0005601195113098584,0.03052481367976161,0.05936240007851631,0.23890723797063243,0.34919865412716344,0.20212042951309875,0.02677290068290665
10,1e-05,100.0,1.0,0.00045630638397532676,0.019187435666746838,0.03095127644299913,0.06054024120274017,0.1313062419109049,0.07097317240436048,0.021661860161587134
20,1e-05,100.0,1.0,0.0004381112585032611,0.018418549970048236,0.032524762252789,0.06268841320142604,0.14415700860768782,0.08396533428311638,0.021661860161587134
30,1e-05,100.0,1.0,0.0004506796780517538,0.019607051257146263,0.03972942429429814,0.08148411549831469,0.18129224412171843,0.1192623720839197,0.021661860161587134
40,1e-05,100.0,1.0,0.0005644321048024646,0.0294344037524072,0.05478686480295178,0.3016593645411833,0.3920127310012979,0.19868384819695545,0.021661860161587134
10,0.0001,0.1,0.25,0.0010194219565757623,0.053935861107460265,0.08238095132029875,0.16557974614410664,0.3556487495142652,0.19073145061627586,0.06305230859974237
20,0.0001,0.1,0.25,0.0023599206235963206,0.056265977616942825,0.08994335942857179,0.18695904278514938,0.4176115538667828,0.23566852702484153,0.06305230859974237
30,0.0001,0.1,0.25,0.004978012205867558,0.06397604965134629,0.10802211119010324,0.28254644172721993,0.5810793631810126,0.3389780557346521,0.06305230859974237
40,0.0001,0.1,0.25,0.007962430585987852,0.0780313460232201,0.14304330975867305,0.4979741408189506,0.9492517856409513,0.5878782390929415,0.06305230859974237
10,0.0001,0.1,0.5,0.0014854609787280184,0.03740721353400342,0.05651193308142548,0.11425526637722747,0.24465948959718462,0.13094401237343795,0.07153521502841334
20,0.0001,0.1,0.5,0.004532611625265487,0.04947867018147619,0.07614730911236212,0.18336388404144238,0.385270690805363,0.2137200508273945,0.07153521502841334
30,0.0001,0.1,0.5,0.00985080856039396,0.0801161591012389,0.1310622216233158,0.45161919786370913,0.9143218055955493,0.535418118510388,0.07153521502841334
40,0.0001,0.1,0.5,0.015862601659148864,0.11913881729693483,0.21757502327277073,0.9377933439350262,2.0205466634392413,1.311102780414187,0.07153521502841334
10,0.0001,0.1,0.75,0.0021177572291308224,0.024388110501646434,0.03526032837951752,0.07376051130381399,0.15683987615310013,0.08400499622633129,0.08994950926160818
20,0.0001,0.1,0.75,0.006775002985671718,0.05453008427414227,0.08198820175259698,0.22441736679868404,0.47520739243302595,0.2687247861108725,0.08994950926160818
30,0.0001,0.1,0.75,0.014755645237399934,0.10942261466456406,0.1819246770642183,0.6644307900124191,1.5027852020977994,0.9347935443435746,0.08994950926160818
40,0.0001,0.1,0.75,0.023783188939086167,0.17145722760607995,0.3242790743224035,1.4153844724978688,3.723999564222454,2.6228254682940464,0.08994950926160818
10,0.0001,0.1,1.0,0.0028060871711665554,0.022260234540301013,0.030700443810490977,0.06750070261813017,0.1454262711286781,0.07937713716484422,0.11564273411744025
20,0.0001,0.1,1.0,0.009035348210267373,0.06886242880732264,0.10542116934898516,0.2941038595412815,0.6664260710053538,0.394248883829597,0.11564273411744025
30,0.0001,0.1,1.0,0.019668566718426227,0.14407311991372804,0.24783128313967465,0.8984207952086052,2.313263899637109,1.533695919553754,0.11564273411744025
40,0.0001,0.1,1.0,0.03170889677965775,0.22737515320840931,0.4494797535588689,1.9216556224147299,6.189357647719441,4.669766043318255,0.11564273411744025
10,0.0001,1.0,0.25,0.0008183993498594219,0.05385180602195467,0.08224592875556751,0.16512544402354612,0.35474786147316056,0.1902608124924208,0.05830399844628002
20,0.0001,1.0,0.25,0.0013113032724480283,0.05516633878649032,0.08802512284474794,0.1781119973453331,0.4032409139896324,0.22893104076508117,0.05830399844628002
30,0.0001,1.0,0.25,0.0022252335378089867,0.05872640731870014,0.10034063855265034,0.2206491240542407,0.48367817244700595,0.29837209141495236,0.05830399844628002
40,0.0001,1.0,0.25,0.003219692201967313,0.06547144165797499,0.1250277249100827,0.32078293583307044,0.6232624672157959,0.4539357341243993,0.05830399844628002
10,0.0001,1.0,0.5,0.0008685324038877788,0.036876298093821515,0.05550715646252921,0.11145817806335312,0.23914662839381126,0.12810883913361146,0.05665200899322054
20,0.0001,1.0,0.5,0.0022245037142358797,0.044293862627255785,0.06592431527518244,0.14325840764953326,0.30772241163597747,0.17380622269090754,0.05665200899322054
30,0.0001,1.0,0.5,0.0042345180834033585,0.06179901772282862,0.09801109097791064,0.27380380095504453,0.5137813157849249,0.32634974348464074,0.05665200899322054
40,0.0001,1.0,0.5,0.006285472844710668,0.08363885752897622,0.15588567658122154,0.5274077844492085,0.9041670382705169,0.702474236954005,0.05665200899322054
10,0.0001,1.0,0.75,0.0011119753695426875,0.02244204644744148,0.03101796959501905,0.06302119088399669,0.13418788198620848,0.0718500643505735,0.06472745366264956
20,0.0001,1.0,0.75,0.0032651705277611243,0.043388459153825956,0.056455522036789156,0.14283748323694237,0.2818107766416343,0.15737824697542502,0.06472745366264956
30,0.0001,1.0,0.75,0.006316172287022438,0.07814921346010466,0.1168520826588521,0.37961700390168773,0.6902580511683223,0.4385465769425148,0.06472745366264956
40,0.0001,1.0,0.75,0.009401959234667863,0.1149300955892262,0.21063429369943382,0.7814041770410449,1.443837277270964,1.1299359358315024,0.06472745366264956
10,0.0001,1.0,1.0,0.001454716313736071,0.018203551157959328,0.020065668750714506,0.043133570838600636,0.08978853402937596,0.04809048600442764,0.08103456814525259
20,0.0001,1.0,1.0,0.004342612309942578,0.05296377345893018,0.06537570990749096,0.17901292449955702,0.3487484892011682,0.1938738439129751,0.08103456814525259
30,0.0001,1.0,1.0,0.008416669839065243,0.10155458549637936,0.14904988273835437,0.5126623530899552,0.9642677566642017,0.6085960566378135,0.08103456814525259
40,0.0001,1.0,1.0,0.012531377561213785,0.1514163624677415,0.2754859130617989,1.0602650508208893,2.1809696059892936,1.7143924919223927,0.08103456814525259
10,0.0001,10.0,0.25,0.0007563212739014383,0.05376283264542372,0.08223048705245274,0.16497685199982956,0.35446443940409444,0.19013482664260217,0.0540796439692126
20,0.0001,10.0,0.25,0.000769280036770528,0.053885278655357215,0.08707098869527784,0.17443838512690577,0.39730133333231726,0.22588269169776512,0.0540796439692126
30,0.0001,10.0,0.25,0.0007967920315396104,0.05363292712177525,0.09554096227446356,0.19108834349852477,0.45015849507379013,0.28012816763679577,0.0540796439692126
40,0.0001,10.0,0.25,0.0008826867318640345,0.05503753745429422,0.1140169092984442,0.23778206885518458,0.5477360984614066,0.4080245477667834,0.0540796439692126
10,0.0001,10.0,0.5,0.000547795721767917,0.036161219434622575,0.05518783122676049,0.1105100455896618,0.237370808658345,0.1272307081479147,0.038946446198122056
20,0.0001,10.0,0.5,0.0006387811992788384,0.03703767622342475,0.06020212692385691,0.12276722289757938,0.2740865366089915,0.1570075304753889,0.038946446198122056
30,0.0001,10.0,0.5,0.0007791377251417638,0.03862233258339789,0.07670540704497714,0.16065999390893734,0.35766698792876667,0.2502014500359853,0.038946446198122056
40,0.0001,10.0,0.5,0.001057727806344442,0.04396455655104299,0.11642806208632848,0.29208826231127505,0.5927631023270108,0.5338215856394493,0.038946446198122056
10,0.0001,10.0,0.75,0.0004085963172929179,0.019382653371814905,0.02939525585507304,0.058894651003973585,0.12619625582216942,0.06776698938124363,0.028448385808818588
20,0.0001,10.0,0.75,0.0006506811854865991,0.023047624748145465,0.03904103136895888,0.08685199750970315,0.17813994900141555,0.10660114810303545,0.028448385808818588
30,0.0001,10.0,0.75,0.0009338785875862029,0.02901547254824565,0.07320826878692227,0.16974422537549136,0.3546594521288812,0.28347390763176133,0.028448385808818588
40,0.0001,10.0,0.75,0.0014119281741343237,0.042347792567068325,0.14255006607699383,0.39504749087139374,0.8212440450164796,0.7755103044614741,0.028448385808818588
10,0.0001,10.0,1.0,0.0004154927947753119,0.009726384541999478,0.014549642188980019,0.030086106250542616,0.06316397408723644,0.03431040335678621,0.02770218120134038
20,0.0001,10.0,1.0,0.0007986397991310408,0.019540570494889567,0.03566292356767104,0.08884087297359106,0.16855800989212058,0.10657803745492907,0.02770218120134038
30,0.0001,10.0,1.0,0.001195867219370017,0.030448810989854014,0.0867961340141539,0.21394756962281966,0.45438238446447454,0.37106440685258024,0.02770218120134038
40,0.0001,10.0,1.0,0.0018448292702602565,0.05109295877861847,0.18269662279853463,0.5180198825182308,1.1838846839173516,1.09915933885328,0.02770218120134038
10,0.0001,30.0,0.25,0.0007638027273757738,0.05387725437632269,0.08240038094815459,0.16530616366089726,0.3550956262276679,0.19043548729555695,0.053810279348535044
20,0.0001,30.0,0.25,0.0007611004316130078,0.05391261631004853,0.08708255130403161,0.17394872848530446,0.39696692247471144,0.2255343995420435,0.053810279348535044
30,0.0001,30.0,0.25,0.0007543482883607387,0.053307105951236805,0.09379851858005904,0.18581133196331476,0.44288931854167807,0.2700702337318786,0.053810279348535044
40,0.0001,30.0,0.25,0.0007712389376992626,0.05414414075653215,0.10617032883437671,0.2152322361063895,0.5075162039206279,0.3476593755360319,0.053810279348535044
10,0.0001,30.0,0.5,0.0005495563842390508,0.036326580389303566,0.0554581570201679,0.11103181165012306,0.23843398348543796,0.12772066273380606,0.037017786139659156
20,0.0001,30.0,0.5,0.0005506164535791388,0.036450902602462455,0.058959450146117434,0.11752018709413754,0.26792896755583023,0.1524912394720727,0.037017786139659156
30,0.0001,30.0,0.5,0.0005515581287694644,0.036370551943089816,0.06782331785934988,0.12861570790311025,0.3142819433676144,0.20503784280828175,0.037017786139659156
40,0.0001,30.0,0.5,0.000608530060947563,0.03892310962378079,0.0836667546767587,0.21057999982508827,0.41503826307416286,0.3206030881212421,0.037017786139659156
10,0.0001,30.0,0.75,0.0003723290742676488,0.019357120443478166,0.0294679488780303,0.05893358704834098,0.1264234951639007,0.06770877500236587,0.02225085132860888
20,0.0001,30.0,0.75,0.00038255836713185337,0.019823942674280448,0.032821507931052867,0.06461473686838962,0.14693800411500738,0.08556783990504309,0.02225085132860888
30,0.0001,30.0,0.75,0.000401397738516927,0.020972006361933852,0.050240180952469626,0.08193957882837917,0.22493182571497303,0.17688652753322617,0.02225085132860888
40,0.0001,30.0,0.75,0.0005487097957555645,0.028850335834743054,0.07673134849831789,0.25414288039806027,0.43382705806903843,0.368621432665318,0.02225085132860888
10,0.0001,30.0,1.0,0.00030536006059729906,0.00824569865926115,0.012689477804087206,0.025728174908246842,0.054422721973161906,0.029127589036487024,0.015457017789427529
20,0.0001,30.0,1.0,0.00032983502381201616,0.009976542750440865,0.01945363842141611,0.0357515825563205,0.0814241834114227,0.0536945873293804,0.015457017789427529
30,0.0001,30.0,1.0,0.0003738350777779773,0.013880617835542688,0.05065107089132975,0.07034707425004372,0.2298720828594464,0.20436543238627594,0.015457017789427529
40,0.0001,30.0,1.0,0.0006221979698353999,0.02972521191246541,0.0893677482501604,0.3267801992490006,0.5710982608519154,0.4826830180636046,0.015457017789427529
10,0.0001,100.0,0.25,0.0007946382408338864,0.054805890457481944,0.08388847128239396,0.16819620810396219,0.3613834157128861,0.19386890890460243,0.05459575697735399
20,0.0001,100.0,0.25,0.0007868495788862438,0.05467040427572643,0.08841009913889336,0.17657936401958688,0.40287289798907966,0.22890930687710395,0.05459575697735399
30,0.0001,100.0,0.25,0.0007814566280591624,0.05408400547696038,0.09451483776514304,0.1891252591692816,0.447362303080374,0.26959401069594285,0.05459575697735399
40,0.0001,100.0,0.25,0.0007939676884240836,0.05482272769924721,0.1059556904184673,0.21624317272774404,0.5055577224453495,0.33151628595503724,0.05459575697735399
10,0.0001,100.0,0.5,0.0006172822578131527,0.03861311229588102,0.059195705021823315,0.11819164434081865,0.2541281602538214,0.1363056511459158,0.03877143699609211
20,0.0001,100.0,0.5,0.0006045679871145165,0.03825716632059605,0.06204238510415325,0.12375857083674713,0.2820719888830736,0.1602522988335857,0.03877143699609211
30,0.0001,100.0,0.5,0.0006052731977210673,0.03812983353597087,0.06770445967127868,0.135663994124084,0.31777132120216256,0.19417233297539607,0.03877143699609211
40,0.0001,100.0,0.5,0.0006364341476066543,0.04008563583192049,0.07816367324529055,0.20865352685714703,0.39365970363301556,0.25142064339781245,0.03877143699609211
10,0.0001,100.0,0.75,0.00048118443060567563,0.024206875839832998,0.03755888165306989,0.07422934436169797,0.16024306737645658,0.08626416249246581,0.025396536620045203
20,0.0001,100.0,0.75,0.00046232850026969245,0.023472694931882615,0.03872528887597603,0.07699350128920429,0.17522019153127474,0.09989076873505423,0.025396536620045203
30,0.0001,100.0,0.75,0.00047184595339526083,0.024139805524197474,0.04546574829656361,0.09274126720215513,0.20939710007984907,0.13407152133450928,0.025396536620045203
40,0.0001,100.0,0.75,0.0005464207478976414,0.029766770184267724,0.057343934465117964,0.2472318983813144,0.3522854793875721,0.1991927389462295,0.025396536620045203
10,0.0001,100.0,1.0,0.00042773022471505074,0.01699078629992817,0.027357521655225956,0.053032523172362685,0.11552218519861551,0.06274790594015126,0.01988022046286359
20,0.0001,100.0,1.0,0.0004048059203460775,0.015840549268311594,0.027589405540210762,0.05424046427572235,0.12353423095814235,0.07113833082965806,0.01988022046286359
30,0.0001,100.0,1.0,0.00042370194843260395,0.017652695664616223,0.037058263972553365,0.07925059519300791,0.1679664997175568,0.11516628416737032,0.01988022046286359
40,0.0001,100.0,1.0,0.0005576435409301451,0.02903685061859837,0.05238093816448511,0.3153447048118391,0.40098956332192726,0.19629946457221956,0.01988022046286359
10,0.001,0.1,0.25,0.001024955029369974,0.05393438879139936,0.08243995208327184,0.16573336022687588,0.355954659949847,0.1908945292824776,0.06307307220136636
20,0.001,0.1,0.25,0.0023716398368609287,0.05625103610200016,0.09043339826108647,0.1901794193791819,0.4222254585855435,0.2377615620540464,0.06307307220136636
30,0.001,0.1,0.25,0.004998391870106654,0.06395984943413831,0.11044721390001125,0.30796497843906795,0.6161689518739271,0.353472432520063,0.06307307220136636
40,0.001,0.1,0.25,0.007990142120997369,0.0781470144779276,0.14967561689648887,0.5734394636597144,1.068636501812639,0.6401514938310234,0.06307307220136636
10,0.001,0.1,0.5,0.0014974075123411626,0.03739580482457732,0.05683399040774244,0.11517137976783215,0.24647641895748473,0.1318923579511996,0.07163832566828628
20,0.001,0.1,0.5,0.004553581688347988,0.04940999209164568,0.07883703524158915,0.19722147515794702,0.4108988141109371,0.2269613613250553,0.07163832566828628
30,0.001,0.1,0.5,0.009895718068810956,0.08018697141903508,0.14069144635894065,0.5200779910516713,1.0484888411689295,0.6045236216508633,0.07163832566828628
40,0.001,0.1,0.5,0.01591531554570884,0.11956053433788703,0.23840452420757224,1.1122727041267286,2.400216256793116,1.5177090305063163,0.07163832566828628
10,0.001,0.1,0.75,0.0021349157916803543,0.024345352193854874,0.03644420237279389,0.07704836731074675,0.16386998065687974,0.08783416422605123,0.09012987287871829
20,0.001,0.1,0.75,0.006804846001080997,0.05438932948270252,0.08838817908452226,0.2512474603327843,0.5365121516934459,0.3042686120048745,0.09012987287871829
30,0.001,0.1,0.75,0.01482496338907587,0.10960648099796695,0.20061945196456538,0.7780745708323835,1.7832328003917968,1.1013373187830926,0.09012987287871829
40,0.001,0.1,0.75,0.02386083145762178,0.17217832884034887,0.3622488214274841,1.7002068271971236,4.519210206166841,3.118828662178644,0.09012987287871829
10,0.001,0.1,1.0,0.0028279747790392364,0.02217359148168574,0.033202367901264476,0.074055541657428,0.16048065528130234,0.08791364221986264,0.11589688199818575
20,0.001,0.1,1.0,0.0090739817188319,0.06866392496641144,0.11554289732965928,0.333046260132617,0.7702412308516343,0.45938896322224443,0.11589688199818575
30,0.001,0.1,1.0,0.019762257752020465,0.14436673167263736,0.2769480829752167,1.0614649835130028,2.8058239604371127,1.8569602125806597,0.11589688199818575
40,0.001,0.1,1.0,0.03181145073558249,0.22838327987200846,0.5081504198843226,2.3319537057778175,7.63099334321154,5.661588630681329,0.11589688199818575
10,0.001,1.0,0.25,0.0008499971422517554,0.053872542978371,0.08227722126653378,0.16522186860876842,0.3549652653637621,0.19038225990133673,0.05937963425280503
20,0.001,1.0,0.25,0.0014959640686717794,0.05540588075625947,0.08827851801635574,0.1784630445206665,0.40436840778124833,0.22976490822463486,0.05937963425280503
30,0.001,1.0,0.25,0.0027091011898065648,0.059977530066569286,0.10199271124325622,0.22384830357817628,0.49381097444307986,0.30545245146456323,0.05937963425280503
40,0.001,1.0,0.25,0.004001504714163799,0.06826258321002036,0.12915952526328636,0.32745078832039864,0.6554880061507145,0.47721918777847394,0.05937963425280503
10,0.001,1.0,0.5,0.0009921501655362737,0.03703547125406865,0.05568381390513737,0.11184593556268084,0.2400070022837928,0.12859230760682294,0.06028017483054621
20,0.001,1.0,0.5,0.0026529544685673172,0.045544422101437027,0.06741022795631887,0.14518597591854435,0.31443862312883836,0.17878936140780097,0.06028017483054621
30,0.001,1.0,0.5,0.005235605720671642,0.0664227346576637,0.10495400882966863,0.2825332209084505,0.558965855131617,0.3601833314017054,0.06028017483054621
40,0.001,1.0,0.5,0.007883330352802117,0.09211807130901546,0.16935095061757552,0.5421535316396987,1.033485753939611,0.800159739098643,0.06028017483054621
10,0.001,1.0,0.75,0.0013298031913120951,0.023070286800952685,0.031724087607191344,0.06435240783426444,0.13730054518019505,0.07365658735515157,0.07106872073274612
20,0.001,1.0,0.75,0.003921149553512812,0.04626167615062334,0.06044181229951232,0.1468439537883505,0.3003399806077504,0.171879768111653,0.07106872073274612
30,0.001,1.0,0.75,0.0078212920335367,0.08625742425523555,0.12996601803053875,0.39148448229563665,0.7812387642415303,0.5121486773197207,0.07106872073274612
40,0.001,1.0,0.75,0.011805895004344489,0.12868549572417284,0.2333087316379818,0.8002012711628237,1.7110579015086027,1.351726239180452,0.07106872073274612
10,0.001,1.0,1.0,0.001753436303886367,0.0195981349408108,0.021973861048034855,0.04634943717451243,0.09796384013234659,0.05302182779348617,0.08983084882116715
20,0.001,1.0,1.0,0.0052201195121303785,0.057160795214121214,0.07164140202713412,0.18403373322424077,0.3792844716062695,0.21927971625116352,0.08983084882116715
30,0.001,1.0,1.0,0.010422204886261659,0.11261613912811133,0.16755920897121823,0.5255726333572148,1.106746410585166,0.732979651868719,0.08983084882116715
40,0.001,1.0,1.0,0.015738768000833483,0.16994832600162524,0.306863878145887,1.0803705596586235,2.6387436911246294,2.1228432529155414,0.08983084882116715
10,0.001,10.0,0.25,0.000758546821048572,0.05376391302754528,0.08223757095860462,0.16500128650822832,0.3545292497091487,0.1901762597483237,0.05434228795411658
20,0.001,10.0,0.25,0.0007902563400994468,0.05397239654993961,0.08717094314539461,0.17480691040019722,0.3978418001315374,0.2262442037328971,0.05434228795411658
30,0.001,10.0,0.25,0.0008556755057072033,0.05396559010387606,0.09663256126407328,0.19402821758639813,0.4541283516153905,0.28530941759412637,0.05434228795411658
40,0.001,10.0,0.25,0.0009871415165630022,0.05566725213510538,0.11764552055833645,0.2459088166182156,0.5626192319342801,0.4320885749777515,0.05434228795411658
10,0.001,10.0,0.5,0.0005641138335622876,0.03622354609764001,0.055264997389332084,0.11067371204496461,0.23772719478700333,0.1274409055118267,0.040336862319759706
20,0.001,10.0,0.5,0.000731640801702715,0.03759101409695076,0.06088606600064151,0.12478672333974666,0.27704592149674,0.15908515757529973,0.040336862319759706
30,0.001,10.0,0.5,0.000997914673952469,0.04046623782881283,0.0813318835781167,0.17462659204557332,0.37673369333754353,0.2703171381787736,0.040336862319759706
40,0.001,10.0,0.5,0.0013792682467072442,0.04706665125563523,0.12954629967271564,0.31662278113090836,0.6527178952364218,0.6111970418699325,0.040336862319759706
10,0.001,10.0,0.75,0.00045964063429124326,0.01971986928145973,0.029767972546018984,0.059646116321164955,0.12776817745730543,0.06865826251541433,0.03207527202305506
20,0.001,10.0,0.75,0.0008408427958645804,0.02503774447137234,0.04143233362554685,0.09321726046676154,0.18877321523111346,0.11365632556361342,0.03207527202305506
30,0.001,10.0,0.75,0.0013215727119523033,0.034234646279384814,0.08304187010330578,0.1992366140712205,0.4006849929732724,0.3233393757249818,0.03207527202305506
40,0.001,10.0,0.75,0.001938654688116414,0.04930882806000335,0.16537389357852245,0.4347246057357273,0.9414955871365128,0.9142570039859222,0.03207527202305506
10,0.001,10.0,1.0,0.00050450824190378,0.010988275651960967,0.015921571537919368,0.03282578572916559,0.06896954725405131,0.037499413781042205,0.033670307114013476
20,0.001,10.0,1.0,0.0010675486485359302,0.0235463906251827,0.04019297473135954,0.10004521820143862,0.18977081925674316,0.1196122222614021,0.033670307114013476
30,0.001,10.0,1.0,0.0017275250448341372,0.038932874551325276,0.10069688532251725,0.2565760608221215,0.5260474638830505,0.42843676182326484,0.033670307114013476
40,0.001,10.0,1.0,0.00255782166772137,0.06121368762758496,0.2134130600075993,0.5715015005231479,1.3725235183360134,1.305691726648463,0.033670307114013476
10,0.001,30.0,0.25,0.0007610557105758052,0.05382303083275089,0.08232467848755348,0.16516129769994684,0.35482803125938883,0.19031144177369547,0.053801225046289224
20,0.001,30.0,0.25,0.0007584778441478096,0.05386406175343486,0.08704663409472771,0.17390871293355922,0.39690957037896335,0.22556181933311908,0.053801225046289224
30,0.001,30.0,0.25,0.0007551970796276145,0.05331250200582091,0.09442422008273005,0.18578530962041287,0.444951146240487,0.27402029166998965,0.053801225046289224
40,0.001,30.0,0.25,0.0007772797417000169,0.05420530559315023,0.10803335209058165,0.21688465109875055,0.5170421337715677,0.3649803596074973,0.053801225046289224
10,0.001,30.0,0.5,0.0005462675143789281,0.036228799651647145,0.055340453213054086,0.11078525664515117,0.2379780489459579,0.12752175455416834,0.03714714382953491
20,0.001,30.0,0.5,0.0005507182175142342,0.03640667689098795,0.059188467118345627,0.11772572724157163,0.268522686483372,0.15344179909384292,0.03714714382953491
30,0.001,30.0,0.5,0.0005635332119069125,0.036529212729390255,0.0709728399132293,0.12933775692481778,0.32567107070517576,0.22313309652537072,0.03714714382953491
40,0.001,30.0,0.5,0.0006448921511133194,0.03942388604611427,0.0924386949266335,0.21734552566068419,0.4597259764261505,0.3876226997017107,0.03714714382953491
10,0.001,30.0,0.75,0.0003746776056937283,0.019259652889978846,0.02944728743203226,0.05881485418312859,0.12626853465005775,0.067732140526405,0.022869417611778
20,0.001,30.0,0.75,0.0003982999040016784,0.01997551788402337,0.03430509956177581,0.06610635965009895,0.15116870841391125,0.09079069424784139,0.022869417611778
30,0.001,30.0,0.75,0.00044422540701983973,0.0217439204635303,0.05898610038590992,0.08545180695078515,0.2622087975301398,0.22241520409329069,0.022869417611778
40,0.001,30.0,0.75,0.0006401177242734332,0.030498579209579473,0.09664668132618501,0.26619604547335807,0.5412852220656227,0.5040673286141564,0.022869417611778
10,0.001,30.0,1.0,0.00032423930580360155,0.008493736736743144,0.013586516390683393,0.027269829768794107,0.0579193248251264,0.03129683995191257,0.017059253390820484
20,0.001,30.0,1.0,0.00037595932670992656,0.011048200127091705,0.024282450793858754,0.04140598554823464,0.09798033149548789,0.06985398687287192,0.017059253390820484
30,0.001,30.0,1.0,0.0004578451954946574,0.016045776815303,0.06508102973145713,0.07843469866489783,0.2990545846058321,0.27719456089684735,0.017059253390820484
40,0.001,30.0,1.0,0.0007653484434828026,0.032649299884144084,0.1188938302127956,0.34268965565464377,0.7462958318700778,0.6894282950903109,0.017059253390820484
10,0.001,100.0,0.25,0.0007860152652752286,0.05446710135097759,0.08333115422518324,0.16709512014076966,0.3590167704179355,0.19259012904729167,0.05432524178471927
20,0.001,100.0,0.25,0.0007793555019463,0.05439892541287658,0.08795138142353193,0.17558302809516518,0.4007537628428614,0.22773970854943099,0.05432524178471927
30,0.001,100.0,0.25,0.000774504099909662,0.053815691332120136,0.09419166172530567,0.1884519807096147,0.44556649273916743,0.2689597939243144,0.05432524178471927
40,0.001,100.0,0.25,0.0007882420841498776,0.05461924904290279,0.10540991851532726,0.21712639497481953,0.5043357548585249,0.33027882700194633,0.05432524178471927
10,0.001,100.0,0.5,0.0005977194313859966,0.03775593512467766,0.05776770834821993,0.11537085588544067,0.24806815641185853,0.13304356372322257,0.038167701664210095
20,0.001,100.0,0.5,0.0005876215098698575,0.03758260168972925,0.06086853359424459,0.12127190109962663,0.2767022452380154,0.15725382914624922,0.038167701664210095
30,0.001,100.0,0.5,0.0005916509769934669,0.03756150874310676,0.06707585231194683,0.13474530480745528,0.31422151317277136,0.1931890356502719,0.038167701664210095
40,0.001,100.0,0.5,0.0006281822751990934,0.039770761099326694,0.07656422816116121,0.21406084430218048,0.39123528744648284,0.24706528968851899,0.038167701664210095
10,0.001,100.0,0.75,0.0004484659010933302,0.022375185442768467,0.0344873074808206,0.06812197777225444,0.14717081976153432,0.07927072393717774,0.02432467769751988
20,0.001,100.0,0.75,0.0004339921540237712,0.022052686566798967,0.03618491255746911,0.07179822072954335,0.16376742818235074,0.09339439690185655,0.02432467769751988
30,0.001,100.0,0.75,0.00045406815579949534,0.023249332379931403,0.04468098530925536,0.09286012372903027,0.20494690468982515,0.133752652235501,0.02432467769751988
40,0.001,100.0,0.75,0.0005426293345794546,0.02962150640058069,0.0538074573950016,0.25896699597985406,0.3513436338957065,0.18950538704331688,0.02432467769751988
10,0.001,100.0,1.0,0.0003864963578183476,0.013859292512819418,0.02219808226032612,0.04257138651439428,0.09338617772437399,0.05105559412088699,0.01842396021751167
20,0.001,100.0,1.0,0.00036952056923986626,0.013448055294711398,0.023285335205997088,0.04586589357617175,0.10454940868049761,0.060152717228307416,0.01842396021751167
30,0.001,100.0,1.0,0.00041016781367919284,0.016885561427330713,0.036810349874463126,0.08274211261781132,0.1670588248436183,0.11769127356884138,0.01842396021751167
40,0.001,100.0,1.0,0.0005664154436810841,0.029502931635185158,0.046857626856982686,0.33326252742156726,0.40546664381880054,0.18196266409844533,0.01842396021751167
10,0.01,0.1,0.25,0.001043240684802098,0.05394938423422563,0.08252151434072855,0.16596787676439734,0.3564074599174466,0.1911268436628857,0.06442925256090726
20,0.01,0.1,0.25,0.0024135425061041875,0.056640891496530205,0.09166854552383477,0.19730618284546786,0.4328721187383187,0.2421667595650417,0.06442925256090726
30,0.01,0.1,0.25,0.004990251186249688,0.06558642582620532,0.11540889056423907,0.3579815211062563,0.685272360259964,0.3766527904372275,0.06442925256090726
40,0.01,0.1,0.25,0.00787386824355746,0.08154030868666791,0.1594898858129235,0.7141996939775316,1.2686371004646082,0.7032079378068244,0.06442925256090726
10,0.01,0.1,0.5,0.0015497212714330408,0.03755035068938808,0.057486954750344425,0.11711063092045647,0.25023563317760156,0.1337658882434162,0.07556597665499554
20,0.01,0.1,0.5,0.004633085994844235,0.051057642983125116,0.08493772895792505,0.2263351949247995,0.4644079804627856,0.25210122429812887,0.07556597665499554
30,0.01,0.1,0.5,0.009876814610184055,0.08521057765767792,0.1583600070458758,0.6520967304548995,1.2832542292071565,0.7054153689069036,0.07556597665499554
40,0.01,0.1,0.5,0.015679700348406305,0.12844533528979102,0.2691812636822771,1.4474736571550502,2.994088627369769,1.76784021702037,0.07556597665499554
10,0.01,0.1,0.75,0.002218700245262615,0.024951768150702523,0.03898145860859828,0.08425658258511774,0.1786452428702404,0.09544204831569103,0.09661890882640488
20,0.01,0.1,0.75,0.006920659816011855,0.05764348485428131,0.10160419451615524,0.306385504096081,0.6523356709658712,0.36427941611100173,0.09661890882640488
30,0.01,0.1,0.75,0.014795343013358839,0.11778839677954557,0.23329768942772722,1.0034498107846461,2.25138183610775,1.3374075487020396,0.09661890882640488
40,0.01,0.1,0.75,0.023506173447171885,0.18609198552109013,0.41885218234517313,2.2713739627066993,5.728618274589463,3.7334892277754146,0.09661890882640488
10,0.01,0.1,1.0,0.002941315250702548,0.02341413568986196,0.03839991244681564,0.08803123366103806,0.19028767322877282,0.10366359842787934,0.12476135701198277
20,0.01,0.1,1.0,0.009225796810508568,0.07318371339978715,0.13540190835918914,0.414022636099178,0.9565144533070926,0.563077601558854,0.12476135701198277
30,0.01,0.1,1.0,0.019721935275699223,0.15537493641536212,0.32651046667119005,1.395392716621936,3.6071412601231567,2.312893697966179,0.12476135701198277
40,0.01,0.1,1.0,0.031337826383702014,0.24707264254291986,0.5961213690520971,3.186666302871852,9.791524517222632,6.926192057901892,0.12476135701198277
10,0.01,1.0,0.25,0.000873494914456084,0.053853552375774896,0.08224235275093293,0.16516999124626905,0.35484987172817406,0.19032313747604762,0.059524428569397755
20,0.01,1.0,0.25,0.001640499233528465,0.055408567306249455,0.08830889797971518,0.17902068766411344,0.40506240305307945,0.23011651931712881,0.059524428569397755
30,0.01,1.0,0.25,0.003084016484105425,0.06010480434638104,0.10204650418176202,0.22896854789035648,0.5020318931061395,0.30996261502903283,0.059524428569397755
40,0.01,1.0,0.25,0.004647428233872949,0.06873079024918563,0.130242496721576,0.3455512787748966,0.6992089237196354,0.5022224341282161,0.059524428569397755
10,0.01,1.0,0.5,0.0010694854702387345,0.036961778214552,0.05558961775691415,0.11169682957691579,0.23968287718953954,0.12844320018095523,0.06070856560828591
20,0.01,1.0,0.5,0.00297622988265091,0.04549971064210066,0.06761752514628634,0.1475060932644778,0.3188581396363831,0.18175559673292932,0.06070856560828591
30,0.01,1.0,0.5,0.005998927515452129,0.06680568728288733,0.10600707475084804,0.297527984328769,0.6061105962119103,0.3926195755951111,0.06070856560828591
40,0.01,1.0,0.5,0.009198824113860034,0.09356708629360364,0.17423244074334196,0.5833047665073618,1.2235427825206941,0.9299213268237606,0.06070856560828591
10,0.01,1.0,0.75,0.0014578043478549153,0.02284767464729987,0.03151814250171148,0.06398600777586481,0.13676264530698157,0.07357419169150631,0.07172412090969082
20,0.01,1.0,0.75,0.004413021278663996,0.046119815768118806,0.06119166593659866,0.15130937934338362,0.31541710640711623,0.1837772528925364,0.07172412090969082
30,0.01,1.0,0.75,0.008965685475241354,0.08687665729680057,0.13300603262940364,0.4131746963665507,0.893513738721527,0.6000626125212817,0.07172412090969082
40,0.01,1.0,0.75,0.01378527881829012,0.13105233592654403,0.24362456435364255,0.8570369431989651,2.135490043917965,1.6825373473637704,0.07172412090969082
10,0.01,1.0,1.0,0.0019254029194689163,0.019176409140184307,0.021700535550162225,0.04573242961084537,0.0981422360514444,0.05400483365024019,0.09067241382071069
20,0.01,1.0,1.0,0.005877216620976154,0.056925833721098655,0.07319933965761036,0.18955760849830466,0.4097045782594898,0.2455924085795107,0.09067241382071069
30,0.01,1.0,1.0,0.011945723577504607,0.11342948776529473,0.17334938578488449,0.5508136861865011,1.3094822511052882,0.9064935941322282,0.09067241382071069
40,0.01,1.0,1.0,0.018380566646591597,0.17315792465626506,0.3242699351605256,1.147398472737464,3.4161692697525385,2.7808302997790166,0.09067241382071069
10,0.01,10.0,0.25,0.0007607375880103244,0.05376358445258913,0.08221387942064161,0.16495478816358902,0.3544427679556668,0.19013211552138806,0.0546925302855994
20,0.01,10.0,0.25,0.0008232358874037858,0.05407413004020165,0.08729573150196063,0.17496429745297185,0.39828484875140524,0.22668731600068445,0.0546925302855994
30,0.01,10.0,0.25,0.0009572321047351326,0.05439930745737568,0.09792940556528928,0.19556197098421274,0.4575540378132805,0.29113979523650874,0.0546925302855994
40,0.01,10.0,0.25,0.0011616256562343118,0.05653309919223115,0.12148587120649582,0.2502635477896139,0.5736557822660001,0.45410651149367687,0.0546925302855994
10,0.01,10.0,0.5,0.0005807418996948654,0.03624938188758952,0.055184324274044544,0.11039647060003102,0.23727398694499963,0.1272690576430669,0.042073979156748306
20,0.01,10.0,0.5,0.0008675615278720526,0.03824980843152833,0.06165067346883178,0.12533418130536694,0.27894987133802784,0.16140322698865875,0.042073979156748306
30,0.01,10.0,0.5,0.0013159247185992172,0.04279552955436108,0.08656343355884329,0.18078690771753186,0.39112830714352165,0.29181769027706295,0.042073979156748306
40,0.01,10.0,0.5,0.0018415459497793617,0.0510011967535143,0.14268989346808036,0.3280012860074134,0.6980872690992443,0.6807830383731257,0.042073979156748306
10,0.01,10.0,0.75,0.0005083252196769547,0.019864451239325138,0.029497321234532234,0.058474085995954175,0.12594256529597642,0.0680477459213874,0.03618023662154879
20,0.01,10.0,0.75,0.0010952050508527993,0.027272757654223635,0.04388208197403369,0.09457265164193851,0.1949330527706988,0.1208582726502449,0.03618023662154879
30,0.01,10.0,0.75,0.0018443667598295476,0.040160112469806164,0.09340020870861024,0.2111599996499348,0.4330681030482584,0.36358859569275487,0.03618023662154879
40,0.01,10.0,0.75,0.002664645640902175,0.05742362512284022,0.18739141404239934,0.4515185045286321,1.034261499341425,1.0391016440513214,0.03618023662154879
10,0.01,10.0,1.0,0.0005849117903641841,0.011500400889201732,0.015074252074485163,0.02882422916053004,0.06282644694367805,0.03557373958805249,0.039968587765844985
20,0.01,10.0,1.0,0.0014206162826811734,0.027681725644490323,0.044469703036423405,0.10221285474646664,0.20139967877142365,0.1319274154200934,0.039968587765844985
30,0.01,10.0,1.0,0.0024344169613208823,0.04799392152231317,0.11488300020044168,0.27349383674863925,0.5755606995855932,0.4846493020632255,0.039968587765844985
40,0.01,10.0,1.0,0.003532210198234579,0.07269830300737473,0.2426052782652871,0.5927421313366221,1.5198992233267445,1.4914561284698806,0.039968587765844985
10,0.01,30.0,0.25,0.0007582145484035766,0.053778978600341205,0.08227580932169241,0.16506970422226527,0.3546672588536407,0.1902391532767812,0.053847142336455184
20,0.01,30.0,0.25,0.0007570691693932417,0.05382661931816027,0.08702549514672203,0.17380584438437252,0.39679985958160097,0.2256282083663784,0.053847142336455184
30,0.01,30.0,0.25,0.0007623505054584163,0.053388023194869794,0.09555834170413935,0.18600970119905463,0.44875549374281704,0.28066374576926,0.053847142336455184
40,0.01,30.0,0.25,0.0007970722791983436,0.05439494823244948,0.11196899870307435,0.21901133808829776,0.5366098521004343,0.39737011556674356,0.053847142336455184
10,0.01,30.0,0.5,0.000542385363206202,0.036139325471307916,0.0552587425075909,0.11056089166044877,0.23761735493413735,0.1273907403881376,0.03753619872164544
20,0.01,30.0,0.5,0.0005593308135954484,0.03643184547469086,0.05961990053916739,0.11764614387750845,0.2692765402543179,0.15506809340442798,0.03753619872164544
30,0.01,30.0,0.5,0.0006060529743727863,0.037028411234616934,0.07622314261012253,0.13083789127532736,0.3450843369801126,0.25199738080118955,0.03753619872164544
40,0.01,30.0,0.5,0.0007367241159529787,0.040545212705966054,0.10862881505819015,0.22461094034913626,0.5468206345032016,0.5042058636154345,0.03753619872164544
10,0.01,30.0,0.75,0.0003750384548813246,0.019124050815404366,0.0294053439950406,0.05835467598408672,0.1257318895069203,0.06770047622487135,0.024224775924690703
20,0.01,30.0,0.75,0.00044014629816190335,0.020411213735172934,0.03660079137633868,0.06656424228926541,0.15671616569298497,0.098900976758234,0.024224775924690703
30,0.01,30.0,0.75,0.0005603220506369584,0.023638595417473977,0.07168238775811941,0.09065489714776122,0.31788126363339014,0.2869337480704339,0.024224775924690703
40,0.01,30.0,0.75,0.000834804795193946,0.03372524373071154,0.12840846510175485,0.278073644267606,0.7305613650676716,0.7251156005778755,0.024224775924690703
10,0.01,30.0,1.0,0.0003380904947927147,0.008438836501739329,0.014029292543097475,0.02656309120614953,0.058218068434822905,0.032461984160942495,0.019891043013326802
20,0.01,30.0,1.0,0.0004645289458049045,0.012857674423301458,0.030311655774529413,0.04393565439488469,0.11695245469825957,0.09028637648805693,0.019891043013326802
30,0.01,30.0,1.0,0.0006489684670493766,0.02033029475706896,0.08424906839826996,0.08846689381472334,0.3932689244943026,0.3755976013174819,0.019891043013326802
40,0.01,30.0,1.0,0.0010477280598622755,0.03793736637119747,0.1633459000801235,0.3576051412127126,1.0449236523577188,1.0236056220578518,0.019891043013326802
10,0.01,100.0,0.25,0.0007767021048557933,0.05416259349024432,0.08286637355312215,0.1662282853799087,0.3570930960669291,0.19151513283671137,0.05414735066353696
20,0.01,100.0,0.25,0.0007721476514323386,0.0541817508011451,0.08755982793796821,0.17491757427890095,0.3991663022638143,0.22675836245435402,0.05414735066353696
30,0.01,100.0,0.25,0.000769631803068374,0.05366255466901843,0.09397689904743857,0.1883871906733916,0.44494663537564577,0.26902884684816714,0.05414735066353696
40,0.01,100.0,0.25,0.0007863661502631349,0.05458250369373997,0.10503545806506812,0.22032772651843327,0.5051721510720972,0.33134097822855224,0.05414735066353696
10,0.01,100.0,0.5,0.0005769125901328091,0.037008029956401116,0.0566026150915413,0.11323233904693213,0.24328165897919288,0.1303582193721245,0.03794250786821266
20,0.01,100.0,0.5,0.0005728750120174835,0.03710343208306409,0.059972721066926006,0.11980245034159173,0.2730884896031027,0.15498603546377437,0.03794250786821266
30,0.01,100.0,0.5,0.0005869277934995656,0.0374026124129414,0.06700861580909122,0.13644246472399893,0.3155662781079614,0.19532208495593117,0.03794250786821266
40,0.01,100.0,0.5,0.0006403714302812765,0.040255957020444044,0.07616956912759303,0.2276340558392475,0.3959365742314875,0.25085025080321555,0.03794250786821266
10,0.01,100.0,0.75,0.00041407974003843616,0.020787872520004195,0.03196609111169586,0.0635686357202621,0.13687063581461206,0.07345415601106323,0.02431294367663895
20,0.01,100.0,0.75,0.0004129871907887389,0.021206179550535907,0.03449965111232198,0.06925475793775304,0.1571084380455789,0.0890769654108535,0.02431294367663895
30,0.01,100.0,0.75,0.0004604871596187978,0.02354088920837831,0.04574516862803301,0.10046059069664207,0.2156260535922298,0.14277144055458615,0.02431294367663895
40,0.01,100.0,0.75,0.0005913509711842146,0.03171683342763738,0.054448983538945575,0.28484903901233294,0.36842219143430716,0.20017107522219232,0.02431294367663895
10,0.01,100.0,1.0,0.0003452069568491879,0.011009569544339463,0.01769949261473745,0.03453768146169161,0.07503923751376995,0.040639915294770484,0.018932603824714636
20,0.01,100.0,1.0,0.0003511835940033406,0.012440830206961337,0.020989106525752206,0.04316256060568645,0.09610732791888228,0.05419951811365929,0.018932603824714636
30,0.01,100.0,1.0,0.0004416171197642081,0.018582893257796794,0.04040752079268443,0.09935068294462435,0.19663232936162583,0.1380129696066533,0.018932603824714636
40,0.01,100.0,1.0,0.0006612359106096259,0.033697122289760954,0.05022373526879702,0.37026094072065907,0.4414370541002263,0.20302988610682968,0.018932603824714636
10,1.0,0.1,0.25,0.0009394375937506331,0.053960496165594354,0.08262176999125752,0.1662326624414067,0.35692467270382794,0.1914004815517414,0.06787347881629721
20,1.0,0.1,0.25,0.0020625876330656176,0.05731604940131842,0.09389269641825822,0.2097473766792023,0.4515660134102098,0.25025314233246065,0.06787347881629721
30,1.0,0.1,0.25,0.004344257217580628,0.06925544406009919,0.12536102707798286,0.44652875298480055,0.8094859481580057,0.42275923433814117,0.06787347881629721
40,1.0,0.1,0.25,0.0071155233806019895,0.09096192563817693,0.18100031106142137,0.979339163948336,1.6353131545815085,0.825390260629519,0.06787347881629721
10,1.0,0.1,0.5,0.0012714781685755681,0.03774400294142039,0.05842856201372655,0.11987661645496567,0.25572321716329705,0.13658741815244763,0.08495090353763862
20,1.0,0.1,0.5,0.003882569054225265,0.053981207215213066,0.09539264011006113,0.27349269790337255,0.5540214852983629,0.29665846236270893,0.08495090353763862
30,1.0,0.1,0.5,0.008574939434477923,0.09627822153176735,0.1914603400331826,0.8816059722128244,1.6943604373899213,0.89187027218104,0.08495090353763862
40,1.0,0.1,0.5,0.01415322573553346,0.15180018246215368,0.330225644693311,2.0921925335935425,4.0834575389624375,2.216059531689935,0.08495090353763862
10,1.0,0.1,0.75,0.001784689699092877,0.025743663991925347,0.042513083915515074,0.09424162826475888,0.19956699775726378,0.10649110804224884,0.11175917681535222
20,1.0,0.1,0.75,0.005782288579677449,0.06334996475173668,0.12278050516259267,0.39316298632395863,0.83819244856728,0.4639156133295836,0.11175917681535222
30,1.0,0.1,0.75,0.01284237679147047,0.1357050285275929,0.2927421798544794,1.403917168683174,3.08274716452045,1.764782642984042,0.11175917681535222
40,1.0,0.1,0.75,0.021213768209703276,0.22223804999015392,0.5277213671331742,3.405693664451131,7.986751656459953,4.827826310859186,0.11175917681535222
10,1.0,0.1,1.0,0.002363879176100972,0.025022281660526672,0.04514707933538187,0.10634881618414699,0.22989063699656126,0.12492170614851306,0.14529695708641716
20,1.0,0.1,1.0,0.007702975010838147,0.08113489646186713,0.1666008626989931,0.542528721632945,1.2540650639432291,0.730925921856693,0.14529695708641716
30,1.0,0.1,1.0,0.017119104439774463,0.1795421761342602,0.41580260988785833,2.0031581146184543,5.047185309664132,3.1320196552697777,0.14529695708641716
40,1.0,0.1,1.0,0.02828004882920193,0.29548847408901463,0.7634504593111896,4.931237951765555,13.870318605431706,9.193785045326626,0.14529695708641716
10,1.0,1.0,0.25,0.0009470991209007635,0.05387984102989253,0.08235494279440513,0.16549735909517535,0.35549576274794825,0.19066589566786454,0.061070040861222294
20,1.0,1.0,0.25,0.0020095749222205617,0.05573762393613722,0.08968546957197572,0.18616670522540701,0.41609377812221754,0.2353206501357823,0.061070040861222294
30,1.0,1.0,0.25,0.004133873238571275,0.06168093745901374,0.10778951478484913,0.281618770205325,0.5806632218770167,0.34462119269976577,0.061070040861222294
40,1.0,1.0,0.25,0.006548441196721716,0.0729817610198457,0.14485901931635808,0.503181788874326,0.9761711019803384,0.6271787891188845,0.061070040861222294
10,1.0,1.0,0.5,0.0012818892600018185,0.037105169521489956,0.056381436615373266,0.1138553283454785,0.2439890579460604,0.13069959597842057,0.06559092154854232
20,1.0,1.0,0.5,0.003792086828378402,0.04702001498758118,0.07511734588077787,0.18025679651368723,0.38113233392673074,0.21433728771053354,0.06559092154854232
30,1.0,1.0,0.5,0.008143802408361102,0.07256123701631605,0.13047216211599508,0.45002860803353023,0.9341046393563446,0.5673972188033387,0.06559092154854232
40,1.0,1.0,0.5,0.013021640674898869,0.1056772646687821,0.22287667795314958,0.9504117271843527,2.1589234897836103,1.461083677414168,0.06559092154854232
10,1.0,1.0,0.75,0.001794855451144284,0.0233534025005077,0.03482334926761755,0.07248757104957208,0.15495775997175976,0.08348757098801034,0.07998412701600438
20,1.0,1.0,0.75,0.005656786234801567,0.04938918561681688,0.0800809069381712,0.2188483685920835,0.4736417119622211,0.2753756823503361,0.07998412701600438
30,1.0,1.0,0.75,0.012192351052945728,0.09684059972008051,0.18167910976155738,0.6624922059314419,1.5753713792811461,1.0191833156158483,0.07998412701600438
40,1.0,1.0,0.75,0.019519675092315798,0.1503533202266124,0.33393154538101805,1.4355864275679704,4.081661189976378,2.9719859810781575,0.07998412701600438
10,1.0,1.0,1.0,0.0023731402806395625,0.02021881991618513,0.02985406253741637,0.06517938333255517,0.1426472984471498,0.07905759724725892,0.10198907021136056
20,1.0,1.0,1.0,0.0075429646257195405,0.061578504865142276,0.10312061328142502,0.2867034151287792,0.6745615607982268,0.4120269644656142,0.10198907021136056
30,1.0,1.0,1.0,0.01625068083337101,0.12705685324390556,0.24877710246137438,0.8962132981263948,2.4768205289187835,1.7035955584424696,0.10198907021136056
40,1.0,1.0,1.0,0.026023947656670026,0.19910210282020924,0.4647763250800372,1.9495236595226832,6.9061571376570585,5.343035841693602,0.10198907021136056
10,1.0,10.0,0.25,0.0007671539954959252,0.05375222578864198,0.0822026013894489,0.16494847454060593,0.35443656051690225,0.19012284411216734,0.055318635925160946
20,1.0,10.0,0.25,0.0009310296446084132,0.05424271657335623,0.08766017663169191,0.1747763180198096,0.39906352757822994,0.227827988602127,0.055318635925160946
30,1.0,10.0,0.25,0.0012718034928938771,0.05517123743355303,0.10073015910939226,0.19433957122200518,0.46464728751332207,0.3044901363760316,0.055318635925160946
40,1.0,10.0,0.25,0.0016938859934155245,0.058108363905092546,0.13056913239450355,0.2439100704590832,0.5985404097717879,0.506541145257547,0.055318635925160946
10,1.0,10.0,0.5,0.0006373922069245799,0.03629072007635645,0.05523132201652261,0.11039190354696013,0.23738736381260844,0.1273942360072825,0.045037476989241064
20,1.0,10.0,0.5,0.0012413951765173493,0.03936267613392683,0.06381540862981028,0.12394709769952637,0.28317265868876995,0.16820996451040485,0.045037476989241064
30,1.0,10.0,0.5,0.002141690142127651,0.04672065008724815,0.09775947786985097,0.1694997808731556,0.422274861766024,0.34502934601435453,0.045037476989241064
40,1.0,10.0,0.5,0.003078845640366628,0.05777586165943283,0.17045415991619306,0.30266202600478415,0.8160837896500445,0.852109369372238,0.045037476989241064
10,1.0,10.0,0.75,0.0006603081236360736,0.020180588697969248,0.029842170721665593,0.05847279644747788,0.12674870774364025,0.06892474122873403,0.042642460397639956
20,1.0,10.0,0.75,0.0017312927031075723,0.03079185455985005,0.05026833656195034,0.08941661685376735,0.20936528804314575,0.1419376360386548,0.042642460397639956
30,1.0,10.0,0.75,0.003140645264552953,0.049124104607371356,0.1141968635721292,0.18214469160839192,0.5031560241126506,0.46600152583331994,0.042642460397639956
40,1.0,10.0,0.75,0.004561217664982006,0.07047329372536919,0.2310558538649371,0.39966921063166244,1.288580442449452,1.362572869169812,0.042642460397639956
10,1.0,10.0,1.0,0.0008232491912417402,0.012649947305881485,0.01645315929597094,0.02880573061530453,0.0665221186161543,0.03927611557245618,0.049599901835695556
20,1.0,10.0,1.0,0.00228817689827483,0.0337405750645879,0.05487238997305651,0.09216876407806707,0.22860798207116637,0.1680598053750405,0.049599901835695556
30,1.0,10.0,1.0,0.0041770721998971305,0.06111416338830247,0.14257801492101288,0.2263201997607752,0.684353824031397,0.6349941209865455,0.049599901835695556
40,1.0,10.0,1.0,0.006070049265789139,0.09089492158401036,0.2982295414726936,0.5091165809141329,1.9320892568930461,1.9923675577970765,0.049599901835695556
10,1.0,30.0,0.25,0.0007612156713479464,0.05375550676879567,0.08231495749945902,0.1652233045676309,0.3549798662279178,0.19038944004148908,0.054446937916214674
20,1.0,30.0,0.25,0.0007996009402331093,0.05402602435028667,0.08768342266450989,0.17465326498682662,0.3993459942213134,0.22758665001126352,0.054446937916214674
30,1.0,30.0,0.25,0.0008834348532068097,0.0540998697363693,0.10013711546277942,0.18910414353576782,0.4654733169289733,0.302431710080576,0.054446937916214674
40,1.0,30.0,0.25,0.0010331725512362066,0.05590635080940706,0.12641409004504392,0.23211342176611677,0.6085242115639342,0.49474589362970234,0.054446937916214674
10,1.0,30.0,0.5,0.0005829934330320559,0.036282083602386744,0.0557825501946131,0.11158271526870335,0.23991304425030074,0.12867218933875277,0.040853724952240295
20,1.0,30.0,0.5,0.0007744797593354396,0.037843891715222254,0.06383663370362627,0.12201885512210527,0.28394975191190874,0.16736539580617057,0.040853724952240295
30,1.0,30.0,0.5,0.0010865271155379521,0.04114236973893601,0.09529134219025308,0.1451437638355143,0.4226832487348237,0.3376841673154533,0.040853724952240295
40,1.0,30.0,0.5,0.0015047761899810957,0.04814655475241616,0.1586509396213667,0.2659738507296905,0.8344828476918249,0.8201693660183683,0.040853724952240295
10,1.0,30.0,0.75,0.0005138795911200515,0.020107651493804564,0.03191586898838404,0.06275515975779654,0.135885903829001,0.07352485846493295,0.0333686349731656
20,1.0,30.0,0.75,0.0009252074202073453,0.02582132631955954,0.05039956675023396,0.08169566489214214,0.20811379202321412,0.13903430168954392,0.0333686349731656
30,1.0,30.0,0.75,0.0014682803395557216,0.03597238644194646,0.11034948518644405,0.12817023056930288,0.4963561380566512,0.45399961305319214,0.0333686349731656
40,1.0,30.0,0.75,0.0021366567379240654,0.05157317563735182,0.21437571723144414,0.3439157787663268,1.2945596024289434,1.3037337487702225,0.0333686349731656
10,1.0,30.0,1.0,0.0005933143955268001,0.01238703685984646,0.0221265482719344,0.04100445043894256,0.09128977441051835,0.05105456562516004,0.035841422122056765
20,1.0,30.0,1.0,0.0011865628015326555,0.02495102333253889,0.05530194570857764,0.0762713403085718,0.21945535520743706,0.16157615933034242,0.035841422122056765
30,1.0,30.0,1.0,0.0019251948182042427,0.04160228240460348,0.13863367166520751,0.14738360210668305,0.6641451573967557,0.6199941605101603,0.035841422122056765
40,1.0,30.0,1.0,0.0028231715183415253,0.06442534589123822,0.2795938432271207,0.44063758693135413,1.914412313385967,1.902626783668158,0.035841422122056765
10,1.0,100.0,0.25,0.0007807949036626543,0.05396983212960126,0.08272981931970662,0.16614301435206466,0.35682507896044113,0.19131628514522975,0.0557242132773593
20,1.0,100.0,0.25,0.0008390622837589551,0.05469633314483714,0.08851998659756587,0.17793010015636596,0.4049137692747158,0.22949065569994045,0.0557242132773593
30,1.0,100.0,0.25,0.0009654503483144464,0.05560313021440144,0.09889444101686745,0.20214706517949424,0.4733681874752156,0.2908774083242745,0.0557242132773593
40,1.0,100.0,0.25,0.001159658025338682,0.05862755762059734,0.11567608149427455,0.2699867317475598,0.5878292989263246,0.4045389574442235,0.0557242132773593
10,1.0,100.0,0.5,0.0006445915268600525,0.03722325962547436,0.057519042754087396,0.1155268734296558,0.24781398719575926,0.1325788655124714,0.046540394951485
20,1.0,100.0,0.5,0.0009021177365181181,0.04100949952598081,0.06745710559914322,0.13747845965684063,0.3097877682591197,0.17473242093980443,0.046540394951485
30,1.0,100.0,0.5,0.00131836167008418,0.04808565044802826,0.09099690185859402,0.1981151581709932,0.45101753783964216,0.2929910011165898,0.046540394951485
40,1.0,100.0,0.5,0.001842171477525895,0.059843170206456575,0.12409315773944775,0.3800263915114739,0.7308371324247571,0.5372469357810572,0.046540394951485
10,1.0,100.0,0.75,0.0006327311948639162,0.02329371657892002,0.037478352651734465,0.07552445914232735,0.1612713114398752,0.08588270030163628,0.04592567309099052
20,1.0,100.0,0.75,0.0011419324638314845,0.03459718152357663,0.05952731026664507,0.12332709205602599,0.2740704129698963,0.15436702286677892,0.04592567309099052
30,1.0,100.0,0.75,0.0018367211032080503,0.05155464681005974,0.10322070534127038,0.2350757939337926,0.5382629478134072,0.36587547793735176,0.04592567309099052
40,1.0,100.0,0.75,0.0026685110984274777,0.07425714745140569,0.15743103245055623,0.5293144458027907,1.0430024112366836,0.7843560976194711,0.04592567309099052
10,1.0,100.0,1.0,0.0007511273307156451,0.01959135791205124,0.03357642951068906,0.0677739042074153,0.14381251816652255,0.07615271188196827,0.05478940200746795
20,1.0,100.0,1.0,0.0014746543799351122,0.03920773665365913,0.06935860995927341,0.1433123066008706,0.31852694460052455,0.18056337536815603,0.05478940200746795
30,1.0,100.0,1.0,0.0024162978145353758,0.06425467746195451,0.13017560472763434,0.29750649225830705,0.7050757876815337,0.48835583007118266,0.05478940200746795
40,1.0,100.0,1.0,0.0035393324123617533,0.09610383600220693,0.20423827442256423,0.6904381819103316,1.4664637575913506,1.110375733755494,0.05478940200746795
