id,x,y,ux,uy,fintx,finty,bcx,bcy
0,0.0400000000001664,1.0,0.004485108345628382,0.2,2.255140518769849e-17,0.0212837688981942,0,4
1,0.0200000000000832,1.0,0.0023275242550588795,0.2,1.5612511283791264e-17,0.0212839054502733,0,4
2,0.0323230027250902,0.9832996072706064,0.003668665459249279,0.19730482796540982,5.204170427930421e-18,-6.245004513516506e-17,0,0
3,0.0500067030583453,0.987790537300419,0.005918048129736446,0.19819059223583135,-1.3010426069826053e-17,1.0234868508263162e-16,0,0
4,0.0146410161514555,0.9853589838485708,0.001673021215791549,0.1977654055008139,-9.54097911787244e-18,-6.938893903907227e-17,0,0
5,0.0600000000002496,1.0,0.006861434623113864,0.2,-1.734723475976807e-18,0.0212892411256083,0,4
6,0.0495155363549787,0.9722873302562728,0.005644116292922658,0.19565237824355725,-3.642919299551295e-17,-5.898059818321144e-17,0,0
7,0.0,1.0,0.0,0.2,-0.010342422555464,0.0106408964470989,1,4
8,0.0167542648054129,0.9690192378865388,0.0019216976672561288,0.19528454394063124,3.122502256758253e-17,-3.9898639947466563e-17,0,0
9,0.0682083823275165,0.9809976188558552,0.007962596282774117,0.19708296837944833,4.77048955893622e-17,-3.122502256758253e-17,0,0
10,0.0800000000003329,1.0,0.009112717311778332,0.2,-4.0549161250957866e-17,0.0212920931967708,0,4
11,0.1000000000004161,1.0,0.011422699356083123,0.2,1.7347234759768068e-17,0.0212955600301143,0,4
12,0.0903066895074917,0.9826249551222674,0.010476334373364458,0.19742754878105984,6.5052130349130266e-18,-2.0296264668928643e-16,0,0
13,0.0329307603048293,0.9630175393470396,0.003778435166059555,0.1942661228383067,1.1275702593849246e-17,-1.0408340855860844e-17,0,0
14,0.0,0.9800000000000187,0.0,0.1969717653348665,-0.0206870941965706,2.4286128663675302e-17,1,0
15,0.1100818312278703,0.983697750238486,0.012513004058264322,0.19744301586603089,3.0357660829594124e-17,-1.2750217548429532e-16,0,0
16,0.1200000000004994,1.0,0.01384663034310082,0.2,1.7347234759768068e-17,0.0213034971428839,0,4
17,0.0460190843155536,0.9517292130914922,0.0052294566690432144,0.19244383445228364,-2.862293735361732e-17,2.255140518769849e-17,0,0
18,0.0642509559649633,0.9587408182644404,0.007314850367684214,0.19347350672631128,8.239936510889834e-18,-3.4694469519536136e-17,0,0
19,0.0172479085572941,0.9514067164600164,0.0019133520562359388,0.19258696309963827,-5.377642775528102e-17,6.418476861114186e-17,0,0
20,0.0,0.9600000000000526,0.0,0.19386321359590086,-0.0206892427485695,-7.979727989493313e-17,1,0
21,0.0832956492173512,0.9641369649257632,0.0095104513059188,0.19432815543444937,2.0816681711721685e-17,1.231653667943533e-16,0,0
22,0.1029690844391794,0.9678636157400184,0.01184121309930735,0.19492275094417386,-6.938893903907228e-18,1.2836953722228372e-16,0,0
23,0.130000000000541,0.9826794919242392,0.014880664830241117,0.1971545487654286,-4.163336342344337e-17,4.4235448637408575e-17,0,0
24,0.1400000000005825,1.0,0.016143186185492982,0.2,-1.214306433183765e-17,0.0213127578795594,0,4
25,0.0315322616271918,0.9440368083945192,0.0037341296442507015,0.19123770862054157,2.5153490401663706e-17,2.775557561562892e-17,0,0
26,0.1200048973229609,0.971367304288934,0.013770150314768673,0.1954683142847633,-3.5561831257524545e-17,7.979727989493313e-17,0,0
27,0.1495222732334486,0.982667931768986,0.017043008552024175,0.1972392652808332,2.255140518769849e-17,-2.255140518769849e-17,0,0
28,0.1600000000006658,1.0,0.01832522346703914,0.2,-1.908195823574488e-17,0.0213183705055059,0,4
29,0.0599480012535565,0.9380098468577476,0.0068572123863749265,0.19034842825196938,2.4286128663675302e-17,-5.030698080332741e-17,0,0
30,0.0409299614366818,0.9318213742464758,0.0048606044723546035,0.18943804020038085,1.0408340855860844e-17,1.5612511283791264e-17,0,0
31,0.0789659417699818,0.9441979224080344,0.00918302069850082,0.19131296183144872,-4.510281037539698e-17,4.510281037539698e-17,0,0
32,0.0,0.9400000000000998,0.0,0.19097098469700152,-0.020692448651418,3.9898639947466563e-17,1,0
33,0.0205232881715578,0.929730745330685,0.002381492246921949,0.18914310713322707,-1.474514954580286e-17,-5.551115123125783e-17,0,0
34,0.0976253596647733,0.9499196179012076,0.01146704879408246,0.19228022505473719,9.54097911787244e-18,-6.591949208711867e-17,0,0
35,0.1165000796946289,0.9554351019634532,0.013445813151166114,0.1930668131011289,1.6046192152785466e-17,3.816391647148976e-17,0,0
36,0.13640794183503,0.9643982025783115,0.01551594707131962,0.19443179985797399,-9.54097911787244e-18,-6.591949208711867e-17,0,0
37,0.168469738189456,0.9830619683466068,0.01922202952673907,0.1973190218603985,1.5612511283791264e-17,-1.457167719820518e-16,0,0
38,0.180000000000749,1.0,0.02047371840730998,0.2,-1.734723475976807e-18,0.0213294458918744,0,4
39,0.1571658894098232,0.9666267785429368,0.01797801880028862,0.19475829860804209,2.862293735361732e-17,7.936359902593891e-17,0,0
40,0.189767965830992,0.9805332096607944,0.021569926525072287,0.19689095300421233,-3.7296554733501346e-17,-1.231653667943533e-16,0,0
41,0.0748162358972706,0.924633736029046,0.00871334714428768,0.1883546108230189,-2.775557561562892e-17,1.0581813203458523e-16,0,0
42,0.0557983572776371,0.918445506541788,0.006413345445924293,0.1874621278446682,2.6020852139652106e-18,1.7347234759768068e-17,0,0
43,0.036780304968602,0.9122570346733238,0.004493166409074584,0.1865977561208672,-1.3877787807814457e-17,2.775557561562892e-17,0,0
44,0.0938335496315367,0.9308212990147324,0.010996127521335131,0.18917912121173225,3.903127820947816e-18,-2.0816681711721685e-17,0,0
45,0.0,0.9200000000001404,0.0,0.18755894917842725,-0.0206942578063072,5.2041704279304207e-17,1,0
46,0.1128491821635707,0.9370071319403168,0.01303578060767211,0.19021617714730818,-9.54097911787244e-18,5.898059818321144e-17,0,0
47,0.1318356546118255,0.9431692527342443,0.015108530499427127,0.19116112987991013,2.255140518769849e-17,-1.5612511283791264e-17,0,0
48,0.1510423410020633,0.9489796391754212,0.017368163169943683,0.19207541013737978,-4.553649124439119e-17,-3.4694469519536136e-17,0,0
49,0.1758014253994474,0.9690412299273018,0.02014910307002693,0.19506170298534664,-7.806255641895632e-18,1.1449174941446927e-16,0,0
50,0.2000000000008322,1.0,0.022804793826370538,0.2,1.7347234759768068e-17,0.0213398743522613,0,4
51,0.0172241894386011,0.9093685710658588,0.00206684631359299,0.18604717171470253,1.7347234759768068e-17,1.3877787807814457e-17,0,0
52,0.1700409752926172,0.9544763768263718,0.019528401249904057,0.19279818365780646,-1.5612511283791264e-17,6.245004513516506e-17,0,0
53,0.210000000000869,0.9826794919242412,0.024011687035004715,0.19723923891709444,2.949029909160572e-17,-8.933825901280557e-17,0,0
54,0.1886956945753838,0.9617339356693172,0.021503141968298715,0.19390693521184613,8.673617379884035e-18,1.0234868508263162e-16,0,0
55,0.2200000000009155,1.0,0.025147266505825754,0.2,6.938893903907228e-18,0.0213559627279368,0,4
56,0.0706666088761672,0.9050696464761616,0.008094914689625905,0.18526383635149146,-1.474514954580286e-17,-3.642919299551295e-17,0,0
57,0.0896843013820588,0.9112577025014644,0.010369168978629927,0.1862196157936507,2.4286128663675302e-17,-6.071532165918825e-17,0,0
58,0.0516487417364519,0.8988812494125498,0.006002537325377224,0.18443777679860218,1.431146867680866e-17,3.816391647148976e-17,0,0
59,0.03326510128999,0.8934580356323167,0.003894761540618199,0.18357391330374562,-5.377642775528102e-17,-3.9898639947466563e-17,0,0
60,0.1087018020081531,0.917445879785414,0.012596986475367807,0.18717812785590074,-4.510281037539698e-17,-2.949029909160572e-17,0,0
61,0.0,0.9000000000001855,0.0,0.18447599737455028,-0.0207009998584565,-6.245004513516506e-17,1,0
62,0.1277050688637135,0.9236181669867356,0.014511913081652988,0.18822562934489384,8.933825901280557e-17,1.0581813203458523e-16,0,0
63,0.1466547765801098,0.9297615402728652,0.016842956871221074,0.18912627407388138,-2.2117724318704287e-17,-5.724587470723462e-17,0,0
64,0.1655879330213634,0.9359430239181749,0.0191656308314228,0.19000867601410032,-7.806255641895632e-18,-7.806255641895632e-17,0,0
65,0.2038786408389507,0.9675983181804596,0.023200569400014727,0.1947249733377345,2.4286128663675302e-17,5.464378949326943e-17,0,0
66,0.2299999518439538,0.9826794872487709,0.02615184349173405,0.19722560414680607,-6.938893903907228e-18,-3.9898639947466563e-17,0,0
67,0.2400000000009987,1.0,0.027238571593628913,0.2,-1.2359904766334749e-17,0.0213641371670657,0,4
68,0.2600000000010819,1.0,0.029331862338887224,0.2,1.734723475976807e-18,0.0213731940653995,0,4
69,0.250072620498306,0.982969772737339,0.02824439234607149,0.19733857566895713,-1.3877787807814457e-17,-6.591949208711867e-17,0,0
70,0.0160910963113634,0.8880203633795436,0.0016603108229117929,0.1827687528475354,-4.3368086899420185e-18,7.806255641895632e-17,0,0
71,0.1845155913517931,0.9421204893413856,0.021107358518174385,0.19090346524016388,4.6837533851373785e-17,-8.847089727481715e-17,0,0
72,0.220000000000912,0.9653589838484884,0.025151724462127864,0.194467645816716,-3.816391647148976e-17,1.1102230246251563e-16,0,0
73,0.2062627666005528,0.9496238362372308,0.02337950288442148,0.19213478164032247,6.938893903907228e-18,-6.158268339717665e-17,0,0
74,0.2699999882812355,0.9835170956992748,0.03051245868404292,0.19719282209194056,-8.673617379884035e-18,-1.0581813203458523e-16,0,0
75,0.2800000000011651,1.0,0.03164209567186054,0.2,-1.7347234759768068e-17,0.0213888416184806,0,4
76,0.0665171082380615,0.8855055896751026,0.007685158778476003,0.1824360608196549,7.502679033599691e-17,-2.949029909160572e-17,0,0
77,0.0855347393995538,0.8916939426290824,0.009885741374380589,0.18327332928959242,-3.079134169858833e-17,-1.1796119636642288e-16,0,0
78,0.1045521535504289,0.8978821294919053,0.01212218952823212,0.18408233756592787,2.949029909160572e-17,-1.3877787807814457e-17,0,0
79,0.0486517853658411,0.8793838943284922,0.005698891998356276,0.18137800313525554,-1.3010426069826053e-17,-4.6837533851373785e-17,0,0
80,0.0312832772514124,0.8746702541249278,0.0036561354013701676,0.1807469235535873,2.8514517136368767e-17,-1.214306433183765e-17,0,0
81,0.1235694939310048,0.904070272612781,0.014248434802316034,0.18508952785613186,-1.734723475976807e-18,-1.1969591984239971e-16,0,0
82,0.0,0.8800000000002458,0.0,0.18157873393088786,-0.0207057639846706,4.336808689942018e-17,1,0
83,0.142540057100599,0.9102148337844248,0.016415192158399636,0.1860637943356706,2.775557561562892e-17,5.551115123125783e-17,0,0
84,0.1614803299052495,0.916380067419506,0.01865140235177131,0.1870407897420804,3.7730235602495554e-17,3.4694469519536136e-17,0,0
85,0.1803865239242571,0.9225499917376718,0.02071030790304187,0.18788293715002244,-8.283304597789254e-17,-8.847089727481715e-17,0,0
86,0.2404357872557006,0.9653613323564626,0.027490267496590247,0.19453850251538463,1.0408340855860844e-17,1.0755285551056204e-16,0,0
87,0.2610196840336368,0.9667076194299988,0.02944774971928104,0.19465928266543325,-4.3368086899420185e-18,9.020562075079396e-17,0,0
88,0.2897631550125654,0.9827653828389044,0.03268958438151154,0.1970437846938916,6.938893903907228e-18,-9.107298248878236e-17,0,0
89,0.3000000000012484,1.0,0.033818730828874696,0.2,4.412702842016003e-17,0.0214071058333829,0,4
90,0.3200000000013316,1.0,0.03588246338393182,0.2,0.0,0.0214162480988153,0,4
91,0.3089459256693211,0.9823885790029122,0.03474449859274224,0.19714073759285433,-1.2576745200831853e-17,6.071532165918825e-17,0,0
92,0.0157393485545284,0.8684145736526215,0.0016977457995664227,0.17984181692886597,1.3877787807814457e-17,1.908195823574488e-17,0,0
93,0.199237239763368,0.9285553134327034,0.022728937572668605,0.18881661115851361,0.0,1.5135462327897642e-16,0,0
94,0.2293391931637615,0.9495375012645004,0.026287305935911116,0.1919372212460262,9.54097911787244e-18,-7.806255641895632e-17,0,0
95,0.2795741046707085,0.9695391364654514,0.0316393291747539,0.19511318668097388,-1.5612511283791264e-17,7.28583859910259e-17,0,0
96,0.3280131730464912,0.9828604788259226,0.03680733599866653,0.1972626931344386,1.3010426069826053e-17,4.6837533851373785e-17,0,0
97,0.3400000000014148,1.0,0.038169718761930274,0.2,5.204170427930421e-18,0.0214352238221736,0,4
98,0.0813853075570886,0.8721301567563944,0.009559524382806557,0.18024910132773553,4.6837533851373785e-17,1.9255430583342559e-16,0,0
99,0.0623676230251727,0.8659415313361355,0.0072844031094929425,0.1793945656801758,-3.122502256758253e-17,5.724587470723462e-17,0,0
100,0.1004027684627881,0.8783185897033319,0.011694102937693924,0.18116100489723702,-7.45931094670027e-17,-5.377642775528102e-17,0,0
101,0.1194196240378326,0.8845064774348179,0.013897461647670112,0.1820134593126112,-2.2985086056692694e-17,1.1969591984239971e-16,0,0
102,0.0449215157274576,0.8603870878784303,0.005275414135018945,0.17844348170629984,-2.5587171270657905e-17,5.551115123125783e-17,0,0
103,0.0290453278388596,0.8590153457463284,0.0034487349993531998,0.17833076267526488,6.938893903907228e-18,-1.0581813203458523e-16,0,0
104,0.138407195847406,0.890664566857932,0.016058585023787486,0.18294812412601158,-4.7271214720367993e-17,1.1102230246251563e-16,0,0
105,0.0,0.8600000000003248,0.0,0.17852095200236218,-0.0207145988605907,-7.63278329429795e-17,1,0
106,0.1573696675871127,0.8968018609627955,0.01816198718692772,0.18391554326554874,-2.5153490401663706e-17,4.6837533851373785e-17,0,0
107,0.176281371207092,0.903021668164082,0.02028063865607572,0.18478099328984388,4.2934406030425976e-17,1.6132928326584306e-16,0,0
108,0.1952435370824973,0.9091637737936274,0.02225609570861422,0.18572303184077715,-7.806255641895632e-18,-1.734723475976807e-16,0,0
109,0.2194850992021664,0.9334052062369144,0.02493802618674932,0.18949740011744842,1.5612511283791264e-17,6.331740687315346e-17,0,0
110,0.2526149448468153,0.9471505980203326,0.02873070074964585,0.19161236137342114,4.336808689942019e-19,-2.6020852139652106e-17,0,0
111,0.2754419673770652,0.9528365386138784,0.03117682624081229,0.19225531010718078,3.122502256758253e-17,-3.122502256758253e-17,0,0
112,0.2955939234544423,0.9626675547762498,0.033357378219796174,0.19386346547577424,-2.168404344971009e-17,-8.500145032286355e-17,0,0
113,0.31650425106359,0.9652259559951816,0.0355608117748458,0.19430630766464782,4.380176776841438e-17,-1.3877787807814457e-17,0,0
114,0.3494452153656302,0.9794004045056546,0.03904189197109299,0.19668090626464627,-2.6454533008646308e-17,1.1622647289044608e-16,0,0
115,0.360000000001498,1.0,0.04023767631047457,0.2,-3.2959746043559335e-17,0.0214378816080032,0,4
116,0.0165990408236877,0.8497873005265726,0.0019038131872197426,0.1769287456647266,1.474514954580286e-17,1.734723475976807e-18,0,0
117,0.2141552004239931,0.9150720856588042,0.024421150798016766,0.18660944409363578,4.6837533851373785e-17,-1.0278236595162582e-16,0,0
118,0.2392094606053939,0.9357692533503154,0.0273139516839705,0.18964930904284075,-2.125036258071589e-17,1.0408340855860844e-17,0,0
119,0.3340390848726226,0.967467067111006,0.037526047960355906,0.1947334119369885,-5.637851296924623e-17,4.6837533851373785e-17,0,0
120,0.3697629228876311,0.9833565506893912,0.04124812931715881,0.19708831181219583,5.204170427930421e-18,-2.0816681711721685e-17,0,0
121,0.3800000000015813,1.0,0.04204466946989586,0.2,5.551115123125783e-17,0.021469557463645,0,4
122,0.0962620062522189,0.8587631057201879,0.01108082629268552,0.17806841320191533,4.250072516143178e-17,4.510281037539698e-17,0,0
123,0.0772503774098815,0.8525758205611338,0.008997981746289317,0.17722566544215881,-1.214306433183765e-17,-1.249000902703301e-16,0,0
124,0.0582403074617943,0.8463877649188609,0.006840604756004194,0.17627253292963357,1.0408340855860844e-17,-1.2836953722228372e-16,0,0
125,0.1152707777707575,0.8649436381935046,0.013419757656983217,0.17898944028990954,-5.247538514829842e-17,-1.3877787807814457e-17,0,0
126,0.1342855909193939,0.8711294023881502,0.015551047470145074,0.17997584527699398,9.107298248878237e-18,-6.418476861114186e-17,0,0
127,0.0366834568372118,0.8418175125490893,0.004346822288963307,0.17572709633785893,-1.951563910473908e-17,9.020562075079396e-17,0,0
128,0.1532581019781437,0.8772767874756431,0.017782276674443216,0.18084423536608535,6.852157730108388e-17,-9.714451465470121e-17,0,0
129,0.0,0.8400000000004,0.0,0.17536810910548015,-0.0207279354529815,4.8572257327350605e-17,1,0
130,0.1722128685615043,0.8834525467875002,0.02002242032766518,0.1817133278314713,-1.7347234759768068e-17,-1.5785983631388942e-16,0,0
131,0.1911211252955096,0.8896679984941889,0.022035906773006403,0.18264734752196982,5.898059818321144e-17,1.3704315460216776e-16,0,0
132,0.2101158409323891,0.8957995238001368,0.024187827772969024,0.18370339265350177,-3.2959746043559335e-17,1.1275702593849246e-16,0,0
133,0.2334416935254613,0.9205393333885132,0.026761510534628125,0.1874432748247039,1.214306433183765e-17,-6.591949208711867e-17,0,0
134,0.2522338260105055,0.9275099231314816,0.028841823525313948,0.18840445622037788,-3.903127820947816e-17,-5.030698080332741e-17,0,0
135,0.2713347335777835,0.9339897000319868,0.030779506945293973,0.1893723619599318,4.163336342344337e-17,5.030698080332741e-17,0,0
136,0.2903511305383566,0.940178809474723,0.0328879459100512,0.1902681386254914,3.642919299551295e-17,2.0816681711721685e-17,0,0
137,0.3096861610795566,0.9464345930301078,0.03504273656482241,0.19108734634524094,-2.2117724318704287e-17,-2.0816681711721685e-17,0,0
138,0.3287217788528926,0.951515373720462,0.03697838570004289,0.19207254646487357,-3.686287386450715e-17,2.0816681711721685e-17,0,0
139,0.3475110060345089,0.9583331225078096,0.038969156613958805,0.19315194397568514,6.0715321659188256e-18,-6.245004513516506e-17,0,0
140,0.3665070151591969,0.9653740304321196,0.040749086225985914,0.19420783581508197,5.030698080332741e-17,-2.775557561562892e-17,0,0
141,0.3871123645654871,0.9771750949973824,0.04288391723149794,0.19617049080123286,-3.9898639947466563e-17,9.367506770274757e-17,0,0
142,0.4000000000016645,1.0,0.0442892583775432,0.2,-5.377642775528102e-17,0.0214740678641968,0,4
143,0.0181406232910919,0.8301341470788369,0.001935429351789346,0.1740552893579025,-1.7347234759768068e-17,5.377642775528102e-17,0,0
144,0.2291540091418696,0.9020473798151776,0.026280647998216673,0.18458673903028228,-1.7347234759768068e-17,-7.806255641895632e-18,0,0
145,0.4100471658915571,0.9821066940902494,0.04534402212755851,0.19693842063104947,5.551115123125783e-17,-5.724587470723462e-17,0,0
146,0.4200000000017478,1.0,0.04632495611371716,0.2,-5.204170427930421e-18,0.0214934949354627,0,4
147,0.1111309795386618,0.8453877819691732,0.012888651112979184,0.17611516313992345,-8.673617379884035e-18,-4.6837533851373785e-17,0,0
148,0.0921318267741362,0.8392226471375902,0.010799847821362746,0.17516044023683397,-6.938893903907228e-18,-5.724587470723462e-17,0,0
149,0.0730902218835643,0.8329947749710682,0.008636587545935864,0.1743668376423772,5.204170427930421e-18,1.2663481374630692e-16,0,0
150,0.053636772194249,0.8270771792048439,0.006266446605558982,0.17351827090148492,3.0357660829594124e-17,1.734723475976807e-16,0,0
151,0.1301414900388666,0.8515713948058943,0.01512055854561576,0.17702319587340248,-1.734723475976807e-18,-3.4694469519536136e-17,0,0
152,0.1491409399485337,0.8577406211383747,0.01727413069408445,0.17775992703539029,3.079134169858833e-17,1.5612511283791264e-17,0,0
153,0.0350023656504232,0.8206162238507377,0.004296048890339479,0.17266333736525433,-2.5153490401663706e-17,-1.1622647289044608e-16,0,0
154,0.1680923537949981,0.8638678883974173,0.01957798785606571,0.17871832611756644,2.125036258071589e-17,5.898059818321144e-17,0,0
155,0.0,0.8200000000004641,0.0,0.17227657410817943,-0.0207337496952995,-7.28583859910259e-17,1,0
156,0.1870170286112981,0.8700910963052987,0.021645658277210874,0.17950312614946495,-7.546047120499111e-17,-3.4694469519536136e-17,0,0
157,0.2059841626503857,0.876290916945227,0.02370979817318836,0.18041186051783298,2.255140518769849e-17,-2.775557561562892e-17,0,0
158,0.2250016387285732,0.8824737642618367,0.025967240601486787,0.18143861416558044,4.163336342344337e-17,3.122502256758253e-17,0,0
159,0.2481704402260498,0.9082368828298631,0.028324629168618193,0.18539286908221866,4.510281037539698e-17,1.3010426069826053e-18,0,0
160,0.2671867139074335,0.9144261946520976,0.03035489998340615,0.18632151208284103,-8.196568423990414e-17,-1.3530843112619095e-16,0,0
161,0.2862028397788394,0.9206153479518652,0.03246670937030157,0.1871165541237615,2.862293735361732e-17,1.231653667943533e-16,0,0
162,0.3052187475465098,0.9268043445304924,0.03461033466926833,0.18804886364033982,4.6837533851373785e-17,1.5612511283791264e-17,0,0
163,0.3242344514008547,0.9329932171809934,0.0365076226500759,0.18908418800982524,-7.155734338404328e-17,-1.231653667943533e-16,0,0
164,0.3432500274232689,0.9391816233774756,0.03850137648312231,0.1900193732944284,4.6837533851373785e-17,-1.7347234759768068e-17,0,0
165,0.3624917661513574,0.945256561619453,0.04044576063696295,0.1909195449710057,3.7296554733501346e-17,-3.9898639947466563e-17,0,0
166,0.3821421275357682,0.9522672039329988,0.04243027804700314,0.19209627892623538,-1.1709383462843448e-17,-2.949029909160572e-17,0,0
167,0.4010870336415115,0.9585981673619048,0.0444903733372529,0.19314032619204247,2.255140518769849e-17,-1.1275702593849246e-16,0,0
168,0.4300001212559456,0.9828067865897498,0.04731836591227222,0.19713863442579346,0.0,-1.4224732503009818e-16,0,0
169,0.4400000000018309,1.0,0.04848074193483097,0.2,-1.734723475976807e-18,0.0215099958984083,0,4
170,0.0171456090922753,0.810173272637508,0.002054837445864495,0.17104393413843047,-3.7296554733501346e-17,-3.2959746043559335e-17,0,0
171,0.244022439358565,0.8886735838831652,0.027877771524775212,0.18228710959347244,-2.775557561562892e-17,5.1608023410310005e-17,0,0
172,0.421505551642548,0.9645251417209334,0.04649646093903171,0.19404887203273857,4.076600168545497e-17,5.2041704279304207e-17,0,0
173,0.4500006920819306,0.9826791167116692,0.0493620132878561,0.19718652466407688,-6.765421556309548e-17,-4.8572257327350605e-17,0,0
174,0.4600000000019141,1.0,0.050580762466926735,0.2,7.121853020514157e-18,0.021524027407222,0,4
175,0.4800000000019974,1.0,0.052515103585181286,0.2,8.673617379884035e-18,0.0215353858834825,0,4
176,0.4698893621118765,0.9826190909260551,0.05145427933670378,0.19707000174382816,7.613809756279455e-17,-3.9898639947466563e-17,0,0
177,0.1260129065487458,0.8320290245581359,0.014707420140152309,0.17404110443339427,9.54097911787244e-18,-3.4694469519536136e-17,0,0
178,0.106999078768117,0.8258337933237394,0.012664486250926523,0.1732123071650557,1.7780915628762273e-17,5.030698080332741e-17,0,0
179,0.0879506172300833,0.8196136028073373,0.010535349267303463,0.17228309570013378,7.37257477290143e-18,-3.122502256758253e-17,0,0
180,0.0688401410306911,0.8133290201632521,0.008256408307516606,0.17136556001012132,4.9439619065338996e-17,-1.89084858881472e-16,0,0
181,0.0499641403018095,0.8073177787760557,0.005888698576137542,0.1705179110745383,-8.673617379884035e-18,-1.249000902703301e-16,0,0
182,0.1450138776356631,0.8381971901234126,0.016955970027231898,0.17487759485605653,1.8214596497756478e-17,-8.153200337090992e-17,0,0
183,0.1640135240937568,0.8443732804177739,0.019127644214518638,0.17567372846333906,-6.071532165918825e-17,-5.030698080332741e-17,0,0
184,0.0329881225685195,0.8006970117859586,0.003970313146423106,0.1695903392889137,0.0,-5.2041704279304207e-17,0,0
185,0.18295480248176,0.850515159629451,0.02122459985537719,0.17652551084349427,1.0408340855860844e-17,1.1449174941446927e-16,0,0
186,0.0,0.8000000000005446,0.0,0.16943485725726065,-0.0207471906310089,5.898059818321144e-17,1,0
187,0.2019130634774329,0.8567118303866204,0.0233923696605797,0.17735962307457337,1.3877787807814457e-17,-4.336808689942018e-17,0,0
188,0.2208738894723162,0.862920613307268,0.025532866325722915,0.17824095288965702,-2.6454533008646308e-17,-1.0408340855860844e-17,0,0
189,0.2398737294382154,0.8691088100257465,0.027578631344659307,0.1792904308973972,-3.5128150388530344e-17,3.816391647148976e-17,0,0
190,0.263038567744266,0.8948630493096378,0.029795655480372996,0.18312085481418738,-2.4286128663675302e-17,1.3834419720915034e-16,0,0
191,0.2820546898014366,0.9010522939420276,0.031970996964951474,0.18408643506250333,9.54097911787244e-18,-6.245004513516506e-17,0,0
192,0.3010704958516282,0.9072412738075176,0.03406388288003068,0.18497443364476274,5.767955557622884e-17,-9.540979117872439e-17,0,0
193,0.3200862389721952,0.9134300924332328,0.03604371668300369,0.18589198254508232,-2.2985086056692694e-17,9.367506770274757e-17,0,0
194,0.3391019621673921,0.9196186163331392,0.038101445796535724,0.18692953526169603,-3.816391647148976e-17,7.63278329429795e-17,0,0
195,0.3581261426198155,0.9258174273280392,0.03998912082388286,0.18773075657207394,1.3010426069826053e-17,1.7347234759768068e-17,0,0
196,0.3771739912960863,0.9320429436632636,0.041963883016809214,0.18868556804451508,-3.9898639947466563e-17,-2.949029909160572e-17,0,0
197,0.3963716708906149,0.9384355105118752,0.04394988396484119,0.18968453547058306,-2.255140518769849e-17,7.979727989493313e-17,0,0
198,0.4158899559118784,0.945382664685422,0.04618996230586096,0.19091358489883453,3.0357660829594124e-17,9.020562075079396e-17,0,0
199,0.439898283170633,0.9659103568809172,0.048404308958800685,0.19431118961185917,-1.0408340855860844e-17,4.250072516143178e-17,0,0
200,0.4900000842926137,0.9826795038325518,0.053434129684706934,0.19688397454100132,-2.949029909160572e-17,-6.591949208711867e-17,0,0
201,0.500000000002059,1.0,0.054510321573835896,0.2,-1.3877787807814457e-17,0.0215501059729392,0,4
202,0.0167425430436174,0.7895922531085066,0.0020023928517989807,0.1678587334050328,3.816391647148976e-17,4.336808689942018e-17,0,0
203,0.2588902810045144,0.8752998716982424,0.02960555582259976,0.18002363490092324,2.949029909160572e-17,3.7730235602495554e-17,0,0
204,0.4314106600639073,0.9515528420506056,0.04752695315832041,0.19181704762513857,-1.734723475976807e-18,-3.2959746043559335e-17,0,0
205,0.4591163306859123,0.9648547474194324,0.05044268422070695,0.19420037579482316,-2.6020852139652106e-17,-1.0581813203458523e-16,0,0
206,0.4793347838546417,0.9649968673841194,0.05243636156879408,0.1940295497497212,-1.734723475976807e-18,7.979727989493313e-17,0,0
207,0.5099998974596268,0.9826795011067216,0.05528076112744327,0.19690460971201118,1.5612511283791264e-17,-4.77048955893622e-17,0,0
208,0.5200000000019419,1.0,0.056532167219709786,0.2,-6.938893903907228e-18,0.0215631020317186,0,4
209,0.5400000000018033,1.0,0.05843089912494835,0.2,3.2959746043559335e-17,0.0215728937179359,0,4
210,0.5299996152044405,0.9826792697630758,0.057301678741596064,0.19705218986017084,-2.949029909160572e-17,-4.510281037539698e-17,0,0
211,0.1408736483260662,0.8186480063016744,0.016590629630851235,0.1719167157938704,-6.028164079019405e-17,1.249000902703301e-16,0,0
212,0.1218657755166591,0.812464562299585,0.014538873550526396,0.1709058000347865,-9.54097911787244e-18,8.847089727481715e-17,0,0
213,0.1028304069839838,0.8062679242828028,0.012342050806891828,0.17010873177085117,-3.816391647148976e-17,-3.816391647148976e-17,0,0
214,0.0837266378191687,0.7999932292157782,0.010037195062768456,0.16929639753312611,-2.775557561562892e-17,1.457167719820518e-16,0,0
215,0.0640771241942125,0.7931032876490105,0.007602592598005905,0.16824939799664781,-2.6020852139652106e-18,1.700029006457271e-16,0,0
216,0.0465988174773548,0.7887118911475169,0.005577584720610706,0.1675934019244102,-6.591949208711867e-17,3.4694469519536136e-17,0,0
217,0.1598750459471261,0.8248174941528541,0.01878415381370281,0.17275063006627922,-3.903127820947816e-18,1.9428902930940242e-16,0,0
218,0.1788724066200317,0.8309905897483062,0.02098885287872199,0.17350329126766134,-1.8214596497756478e-17,-5.551115123125783e-17,0,0
219,0.0332269662195733,0.7780372852290323,0.003855247119581846,0.16618913329132354,2.255140518769849e-17,1.3357370765021415e-16,0,0
220,0.1978195858656955,0.8371544025730275,0.023058238834688237,0.17436448323210257,-3.2959746043559335e-17,-6.071532165918825e-17,0,0
221,0.0,0.7800000000006034,0.0,0.16637306065666194,-0.0207638302058386,4.163336342344337e-17,1,0
222,0.2167952072862091,0.8433402931775711,0.025057951343869237,0.17518541039984872,1.3444106938820257e-17,1.52655665885959e-16,0,0
223,0.235748619748529,0.849543486754686,0.02726120687637755,0.17610689054663256,1.3877787807814457e-17,-5.377642775528102e-17,0,0
224,0.2547467420502566,0.8557366880770754,0.029369856475355508,0.17700516910579644,1.8214596497756478e-17,-5.377642775528102e-17,0,0
225,0.2779066724812988,0.8814895241876216,0.031576667255817294,0.1808907776019995,4.336808689942018e-17,-3.079134169858833e-17,0,0
226,0.2969223805557124,0.8876785710449975,0.033668533619084715,0.1818148346427082,-3.122502256758253e-17,1.0408340855860844e-17,0,0
227,0.3159379709422736,0.8938674453952731,0.0356955632929612,0.18276757013593464,-8.673617379884034e-17,1.43982048506075e-16,0,0
228,0.3349536736571804,0.9000561783220136,0.03780393053879076,0.18346398548776865,5.334274688628682e-17,5.204170427930421e-18,0,0
229,0.3539692928897979,0.9062443250339622,0.03976387034862985,0.18443339586511995,1.0842021724855044e-17,-5.377642775528102e-17,0,0
230,0.3729967576007752,0.9124474890521754,0.04166334620430344,0.1854207857765811,-3.122502256758253e-17,3.4694469519536136e-17,0,0
231,0.3920292030225192,0.9186563333455025,0.04366158248542548,0.1863030173420938,3.426078865054194e-17,5.030698080332741e-17,0,0
232,0.4112023650488376,0.9250200085106371,0.04570510217664624,0.187460886553927,-2.688821387764051e-17,-1.1275702593849246e-16,0,0
233,0.4325949724565162,0.9332320331316044,0.04772016370376532,0.18871593504942152,1.6479873021779667e-17,8.239936510889834e-17,0,0
234,0.4471645371379604,0.9487140138341514,0.04915414214961329,0.19125723039947728,-1.8214596497756478e-17,3.2959746043559335e-17,0,0
235,0.4991812114214133,0.9659115640647684,0.054370859145450146,0.1941789748989862,5.204170427930421e-18,-3.4694469519536136e-17,0,0
236,0.5499999543808936,0.9838222177218124,0.05935243733736435,0.197277480621272,4.3368086899420185e-18,1.491862189340054e-16,0,0
237,0.5600000000016645,1.0,0.06013413480254682,0.2,1.0408340855860844e-17,0.0215926992172564,0,4
238,0.0169216989252557,0.7694081367829876,0.002099097279631399,0.1649116563290698,1.474514954580286e-17,1.5612511283791264e-17,0,0
239,0.2737592098766171,0.8619272379055596,0.03139889550785181,0.17788467533541918,1.3877787807814457e-17,-3.4694469519536136e-17,0,0
240,0.4677074816481769,0.9443020814837164,0.05130746968115574,0.19050343851085777,-7.068998164605489e-17,4.8572257327350605e-17,0,0
241,0.4898432746083984,0.9485589910907996,0.0534872092967273,0.1911488557667655,4.380176776841438e-17,1.214306433183765e-17,0,0
242,0.5209392367668502,0.9629701991650728,0.05636386117440671,0.19352004325583783,-1.8648277366750682e-17,8.673617379884035e-18,0,0
243,0.5420645672740436,0.9671713062850542,0.05858837512977062,0.1944080037547165,-9.974659986866641e-18,-1.1622647289044608e-16,0,0
244,0.5700000703458463,0.9826795325377052,0.061317945788871966,0.19695470639986196,-1.0408340855860844e-17,9.627715291671279e-17,0,0
245,0.5800000000015259,1.0,0.062188127676781,0.2,-7.182839392716467e-18,0.0216056497609969,0,4
246,0.6000000000013872,1.0,0.06408394642799603,0.2,-2.949029909160572e-17,0.0216124812804494,0,4
247,0.5890510582990295,0.9825211575217156,0.06302757783338375,0.19674113405535348,3.9464959078472355e-17,9.020562075079396e-17,0,0
248,0.1557450329986728,0.8052712394879253,0.01848168253954484,0.16968956468085034,1.1275702593849246e-17,-1.3877787807814454e-16,0,0
249,0.1367270909379457,0.7991023875835775,0.016276870052732404,0.16873534483179517,1.6479873021779667e-17,-9.714451465470121e-17,0,0
250,0.1177057250087933,0.7929089857673084,0.014129767691534442,0.16799922764041125,-2.1684043449710093e-18,-4.336808689942018e-17,0,0
251,0.098611120192117,0.7866369344249151,0.01166681586937775,0.16719940170010342,4.640385298237959e-17,4.510281037539698e-17,0,0
252,0.0790696583200354,0.7798667773791614,0.009400663479783595,0.16622485082144053,-1.691355389077387e-17,-1.734723475976807e-16,0,0
253,0.0552089132993632,0.7727621549686631,0.0066796026031678574,0.16523280690473702,4.9439619065338996e-17,-5.2041704279304207e-17,0,0
254,0.1747413319295607,0.8114481616221647,0.020664738276587165,0.17054919040642802,6.982261990806649e-17,-1.1275702593849246e-16,0,0
255,0.1937406440931298,0.8176182916779029,0.022705176600894272,0.17129849511328987,3.7296554733501346e-17,-1.5612511283791264e-17,0,0
256,0.0350961616381038,0.7594079284049761,0.004123482566867033,0.16338170996756435,1.474514954580286e-17,-5.898059818321144e-17,0,0
257,0.2126956130867421,0.823760074580522,0.024812573205185547,0.17213102514398348,-9.107298248878237e-18,-1.491862189340054e-16,0,0
258,0.0,0.7600000000006839,0.0,0.1634207961637394,-0.0207827939260712,-5.898059818321144e-17,1,0
259,0.2316437316137446,0.8299670250431002,0.026913542544524608,0.17305662570072378,1.5178830414797062e-17,-2.775557561562892e-17,0,0
260,0.2506017011704864,0.8361806535794347,0.028987692434546103,0.17392114971751438,2.862293735361732e-17,-1.214306433183765e-17,0,0
261,0.2696175229084249,0.8423662386702855,0.030983159179351204,0.17467632673564187,1.734723475976807e-18,-1.0408340855860844e-16,0,0
262,0.2927745734408887,0.8681163766998368,0.03346414010661287,0.17863631898652543,3.2959746043559335e-17,2.6454533008646308e-17,0,0
263,0.3117898578673219,0.8743051477493082,0.03536049000699206,0.17959573527877407,-3.903127820947816e-17,-1.4224732503009818e-16,0,0
264,0.3308052282174774,0.8804938347790283,0.03734498571917204,0.18039233763729737,9.020562075079396e-17,-1.301042606982605e-16,0,0
265,0.3498203016261358,0.8866821640819743,0.039262271229284024,0.18130990284599255,1.3010426069826053e-18,2.6020852139652106e-17,0,0
266,0.3688364449879797,0.8928716011634728,0.041353223212101074,0.18228195066312958,1.214306433183765e-17,-4.336808689942018e-17,0,0
267,0.3878552082633392,0.8990645244784968,0.0432845339335615,0.18310218481145765,-7.37257477290143e-17,-1.6132928326584306e-16,0,0
268,0.4068648251620828,0.9052471866319716,0.04533750510178072,0.18412154227255884,1.0495077029659683e-16,1.491862189340054e-16,0,0
269,0.4258802386823284,0.9114351269363872,0.047144957854458575,0.1851366342368329,-6.982261990806649e-17,-9.194034422677078e-17,0,0
270,0.450523315968862,0.9326235869717556,0.049520739984735204,0.1885838509829913,5.030698080332741e-17,-6.765421556309548e-17,0,0
271,0.5075654096211814,0.9512118479600372,0.055178836641217546,0.19153921297110288,1.734723475976807e-18,-1.5612511283791264e-17,0,0
272,0.5600000599317803,0.9704874003808742,0.06028863773983149,0.1950186222662046,3.4694469519536136e-17,-1.6653345369377348e-16,0,0
273,0.6091773197591976,0.9832708073518248,0.06500659061570187,0.1969202121513816,5.464378949326943e-17,-1.0234868508263162e-16,0,0
274,0.6200000000012484,1.0,0.06580844152662665,0.2,3.4694469519536136e-17,0.0216284481531405,0,4
275,0.0173205148147118,0.7500000607246693,0.0021720387163122407,0.16199181117860745,-2.6020852139652106e-18,-6.765421556309548e-17,0,0
276,0.2886283341957554,0.8485546098437289,0.0331206192177351,0.17546665554221447,6.938893903907228e-18,3.382710778154774e-17,0,0
277,0.4448943049038018,0.9176210578301276,0.048996667470062524,0.18607865618681826,4.510281037539698e-17,1.0711917464156784e-16,0,0
278,0.4641677991303749,0.9230122238890252,0.050985750434604585,0.18693990728226453,-7.63278329429795e-17,7.112366251504909e-17,0,0
279,0.4829979923043898,0.9297692736372352,0.052855311756411144,0.18804942565209168,2.9923979960599916e-17,2.4286128663675302e-17,0,0
280,0.5022727688005876,0.9351623120149216,0.054790311253549565,0.18881548248583147,-2.775557561562892e-17,5.030698080332741e-17,0,0
281,0.5209554394605855,0.9423752002003472,0.05656172725588728,0.18996946318608987,3.3393426912553537e-17,7.979727989493313e-17,0,0
282,0.5388731034008772,0.9488469074113416,0.05828439346284086,0.19118948538128835,-5.204170427930421e-18,-5.377642775528102e-17,0,0
283,0.5575304414975415,0.9544239295941528,0.05998883913845912,0.1920569634961527,8.673617379884035e-19,1.5612511283791264e-16,0,0
284,0.5776157598116254,0.9635578685797812,0.06192342720734185,0.193552364063666,1.431146867680866e-17,-1.734723475976807e-16,0,0
285,0.5991195616501441,0.9661263408259742,0.06391531660264789,0.19403622450173424,-1.1275702593849246e-17,-7.112366251504909e-17,0,0
286,0.6303961250911536,0.9804056793865074,0.06686774851451621,0.19646436074173493,-1.0148132334464322e-16,8.673617379884034e-17,0,0
287,0.1706125642079759,0.791907044892644,0.02022608764147725,0.1675631871672159,-4.640385298237959e-17,3.4694469519536136e-17,0,0
288,0.1516026703952819,0.7857267171305097,0.018005635499981756,0.16664092853449358,1.3010426069826053e-17,-3.2959746043559335e-17,0,0
289,0.132591679134009,0.7795507229785994,0.015866993346514938,0.1657355547852757,-6.0715321659188256e-18,-2.775557561562892e-17,0,0
290,0.1135606365439844,0.7733531773829366,0.013616444618311095,0.16505731157824913,5.030698080332741e-17,-8.673617379884035e-18,0,0
291,0.0945658003156294,0.7671905752370214,0.011375854574908053,0.16418578138912135,-4.90059381963448e-17,-9.367506770274757e-17,0,0
292,0.0755488728118404,0.7610030768241174,0.00915501976617375,0.16349049894495804,4.77048955893622e-17,2.012279232133096e-16,0,0
293,0.0532456391120571,0.7503856165130752,0.006600147760499426,0.1619234620766866,-4.8572257327350605e-17,-8.847089727481715e-17,0,0
294,0.1896121652199687,0.7980745007378505,0.02233179439293058,0.16833420193037923,1.3010426069826053e-18,1.457167719820518e-16,0,0
295,0.2086118141293398,0.8042517345233222,0.024527509597095078,0.16905398547371847,-3.3393426912553537e-17,5.2041704279304207e-17,0,0
296,0.0346409311917243,0.7400001471549682,0.004215968767907913,0.1605077159797892,1.3010426069826053e-17,0.0,0,0
297,0.2275568284591009,0.8103804764963927,0.026501069216860892,0.1698937580065263,-3.903127820947816e-17,3.9898639947466563e-17,0,0
298,0.0,0.7400000000007427,0.0,0.16039528325208363,-0.0207985405616226,5.204170427930421e-18,1,0
299,0.2464977589944202,0.8166103899575263,0.028583340935227623,0.17085492928626728,4.8572257327350605e-17,-1.5612511283791264e-17,0,0
300,0.2654847669287553,0.8228053487091271,0.030616610877460832,0.1716224855627615,-3.7296554733501346e-17,1.1449174941446927e-16,0,0
301,0.2844843832286786,0.8289928939067882,0.032726908764842945,0.17244346292792384,-6.938893903907227e-17,5.377642775528102e-17,0,0
302,0.3076423683574192,0.8547433921086063,0.03515869592092159,0.17651396901709665,-2.255140518769849e-17,7.849623728795052e-17,0,0
303,0.3266570993641527,0.8609319644185345,0.03719974009242494,0.17735060705121725,1.908195823574488e-17,9.714451465470121e-17,0,0
304,0.3456721488216936,0.8671204540218347,0.03906539779457116,0.17830090753299982,-9.540979117872439e-17,1.908195823574488e-17,0,0
305,0.3646870199164394,0.8733086821017958,0.04095315190135228,0.17917968031165354,5.377642775528102e-17,8.673617379884034e-17,0,0
306,0.3837028715785791,0.8794980531283216,0.04291266214998135,0.1799412003722495,-2.2117724318704287e-17,1.3530843112619095e-16,0,0
307,0.4027167040710303,0.8856853218801072,0.044842854002026644,0.18094396892691414,-3.7730235602495554e-17,-9.714451465470121e-17,0,0
308,0.4217315928612275,0.8918732679137377,0.046902507063083534,0.18186670692515905,2.3418766925686896e-17,1.734723475976807e-18,0,0
309,0.440746806496952,0.8980608821426193,0.04870787861547707,0.18280770430083942,-1.0321604682062001e-16,-5.377642775528102e-17,0,0
310,0.6169132349695035,0.968557020739917,0.06555803539531249,0.1944559343909148,-3.4694469519536136e-17,5.551115123125783e-17,0,0
311,0.6400000000011098,1.0,0.06778506743310451,0.2,-3.2959746043559335e-17,0.0216382771691921,0,4
312,0.0166650483123072,0.7296368077910795,0.002219841579419811,0.15895276535972028,1.3010426069826053e-17,-7.112366251504909e-17,0,0
313,0.3034956062623645,0.8351819657395729,0.03474437937344585,0.17330070184665763,4.8572257327350605e-17,6.071532165918825e-17,0,0
314,0.4598036237872508,0.9041154841512252,0.050605124097743835,0.18366190594851936,6.071532165918825e-17,9.627715291671279e-17,0,0
315,0.4787744628418278,0.9104369317061928,0.052525743649474814,0.18465532473099616,-3.4694469519536136e-17,-1.0234868508263162e-16,0,0
316,0.4977899411994762,0.91662491193542,0.054312007114497,0.18575830263443366,9.280770596475918e-17,6.071532165918825e-17,0,0
317,0.5168614783071614,0.922641837585564,0.05626732898897016,0.18667841727076173,-7.806255641895632e-18,-1.43982048506075e-16,0,0
318,0.5358217434867958,0.9290004096106464,0.05807447377492832,0.1877011945370623,8.673617379884035e-18,1.3877787807814457e-17,0,0
319,0.5548384083788729,0.9351883092592784,0.05985908321845693,0.18870261079329712,-1.7780915628762273e-17,-6.418476861114186e-17,0,0
320,0.573855336662267,0.9413759882844228,0.06163785378227335,0.1896843287444782,7.242470512203171e-17,8.500145032286355e-17,0,0
321,0.5929535455345256,0.9473126108727234,0.06348251033301164,0.1906947885052018,-1.1319070680748666e-16,1.9428902930940242e-16,0,0
322,0.6122242360824861,0.9526667270246733,0.06523708567028216,0.19172945435645167,-3.2959746043559335e-17,2.0816681711721685e-17,0,0
323,0.6507398784103839,0.983106677747061,0.06896184274016476,0.1970579733323709,4.6837533851373785e-17,3.469446951953614e-18,0,0
324,0.6305890104766197,0.9598830553769048,0.06702237767256167,0.19295826558021006,2.4286128663675302e-17,-4.336808689942018e-17,0,0
325,0.660000000000971,1.0,0.06965063749500752,0.2,6.938893903907228e-18,0.0216495351302955,0,4
326,0.1854730646364886,0.7785250806806803,0.022041125788899683,0.16538683459472814,-1.8214596497756478e-17,-1.769417945496343e-16,0,0
327,0.1664743507801187,0.7723481414842115,0.019906575849095814,0.16468405011347192,2.949029909160572e-17,2.255140518769849e-17,0,0
328,0.1474653043129695,0.7661807663561011,0.017703013199262707,0.16366919937911034,-4.2934406030425976e-17,8.847089727481715e-17,0,0
329,0.1284454144006158,0.7599985242455293,0.0154489405950889,0.1628267515976256,1.951563910473908e-17,9.020562075079396e-17,0,0
330,0.1094324282438562,0.7538151233210022,0.013193871193493547,0.16210408752314254,-5.811323644522304e-17,-1.3357370765021415e-16,0,0
331,0.0904157795496086,0.7476278334601761,0.010955252146074429,0.16140608512353255,1.222980050563649e-16,1.0755285551056204e-16,0,0
332,0.071295531274851,0.741128788907888,0.008842659032456228,0.16046299291669397,-7.242470512203171e-17,-1.474514954580286e-16,0,0
333,0.0511003679872574,0.7308682009876969,0.006445224086782211,0.15917341836678478,1.8214596497756478e-17,1.1449174941446927e-16,0,0
334,0.2044703623315943,0.7846994210426421,0.024117370729255225,0.16614288853942244,4.553649124439119e-17,1.908195823574488e-17,0,0
335,0.2234699142584383,0.7908704194894725,0.026353107246787168,0.16680619668454516,-4.336808689942019e-19,-5.898059818321144e-17,0,0
336,0.0319084399742076,0.7202575281260865,0.004071653211329634,0.15757408142857277,-4.597017211338539e-17,-1.214306433183765e-17,0,0
337,0.2424197987159729,0.7970371610848608,0.028290491982046986,0.16767093248854725,-3.2526065174565127e-17,-3.9898639947466563e-17,0,0
338,0.0,0.7200000000008053,0.0,0.15765730312535264,-0.0208194613352537,-2.4286128663675302e-17,1,0
339,0.2613961822788531,0.8032279641295761,0.030476134630472093,0.16853874270183858,-4.076600168545497e-17,1.1622647289044608e-16,0,0
340,0.2803527630928152,0.8094295575184054,0.03236702880920701,0.16940270474849084,4.2067044292437566e-17,-2.0816681711721685e-17,0,0
341,0.299348158729572,0.8156209481442758,0.034396900635771666,0.17031557455957858,3.903127820947816e-18,-9.540979117872439e-17,0,0
342,0.3225093742570958,0.8413704520315554,0.0368280281618865,0.17406476253113767,-5.898059818321144e-17,-1.3791051634015616e-16,0,0
343,0.3415239781008065,0.8475589361699659,0.038850179860565416,0.17499713003509434,3.5561831257524545e-17,4.163336342344337e-17,0,0
344,0.3605389171356997,0.8537474506537698,0.04076710980974803,0.17599439569585082,2.5153490401663706e-17,-6.071532165918825e-17,0,0
345,0.3795541504692712,0.8599360069763291,0.04259831768134176,0.17677414149650705,3.382710778154774e-17,-9.367506770274757e-17,0,0
346,0.398569203786075,0.866123952508582,0.044508790978706206,0.17759628561592686,3.2959746043559335e-17,-4.510281037539698e-17,0,0
347,0.4175838690725242,0.8723120295931008,0.04650896549675574,0.17844561645255477,7.806255641895632e-18,3.816391647148976e-17,0,0
348,0.4365976505120054,0.8784995286874513,0.04843229338449108,0.17946671340322468,3.0357660829594124e-18,-8.847089727481715e-17,0,0
349,0.4556120692963087,0.8846869776686452,0.05036502337683027,0.18045319751243682,9.107298248878237e-18,-1.1796119636642288e-16,0,0
350,0.6436269905227948,0.9676984358934254,0.06819446243127501,0.19417910027811214,5.898059818321144e-17,-1.006139616066548e-16,0,0
351,0.6690760261163456,0.9833553586905032,0.07052659644234452,0.19711095433119313,-2.255140518769849e-17,9.714451465470121e-17,0,0
352,0.6800000000008324,1.0,0.07160962067423109,0.2,-1.3877787807814457e-17,0.0216593420088506,0,4
353,0.0165694973385407,0.7078206189146546,0.0021388691995547025,0.15599569356882154,-6.055269133331542e-17,7.63278329429795e-17,0,0
354,0.3183617598859174,0.8218093947767399,0.03649439795376106,0.17101230032060272,4.8572257327350605e-17,8.847089727481715e-17,0,0
355,0.4746263000542394,0.8908748316707424,0.0521729285903915,0.18137403048063067,5.2041704279304207e-17,-2.6020852139652106e-17,0,0
356,0.4936408923919625,0.8970627807497629,0.05392466344726175,0.1823713785433132,-5.4210108624275216e-17,-3.9898639947466563e-17,0,0
357,0.512656541724588,0.9032503122716352,0.05576973575296214,0.18331996459224684,1.214306433183765e-17,1.1969591984239971e-16,0,0
358,0.5316724351709358,0.9094378794804142,0.05788568776905236,0.18420322005705034,-3.382710778154774e-17,1.0581813203458523e-16,0,0
359,0.5506886843769639,0.9156256121609224,0.05967484417299056,0.1853535654164024,-1.214306433183765e-17,-1.5612511283791264e-17,0,0
360,0.5697054515843155,0.9218131382955248,0.06128797393469054,0.18623427122815583,1.734723475976807e-18,9.020562075079396e-17,0,0
361,0.5887178673805236,0.9280016149439124,0.06304234955158805,0.18721663450757903,-6.765421556309548e-17,-1.6479873021779667e-16,0,0
362,0.6077350519747066,0.9341464348506132,0.0649047259056786,0.1883801905218382,7.28583859910259e-17,-2.6020852139652106e-17,0,0
363,0.6270297233250244,0.9405572650384966,0.06679367057005725,0.18945343449417984,-2.47198095326695e-17,1.1275702593849246e-16,0,0
364,0.65923319619839,0.9661691137879326,0.06971012419834728,0.19394282494360876,-1.2663481374630692e-16,-3.5561831257524545e-17,0,0
365,0.647176742437427,0.9489276531687216,0.06871235298795789,0.19101756090109795,3.2959746043559335e-17,8.109832250191573e-17,0,0
366,0.6886050815070114,0.9797222124234688,0.07233630458377194,0.19644558972958331,7.068998164605489e-17,4.510281037539698e-17,0,0
367,0.7000000000006936,1.0,0.07335799457262035,0.2,-2.3852447794681098e-18,0.0216655805744563,0,4
368,0.7200000000005549,1.0,0.07527339763640853,0.2,1.214306433183765e-17,0.0216758625782696,0,4
369,0.7100000000006242,0.9826794919244314,0.07429526574731285,0.1969305477061818,-4.77048955893622e-17,-6.245004513516506e-17,0,0
370,0.2003402164471771,0.7651473959224845,0.023946169376240875,0.16325123332152597,-5.724587470723462e-17,1.0408340855860844e-17,0,0
371,0.1813285683387378,0.7589705692251117,0.02180320736946837,0.16246326193739058,2.2985086056692694e-17,1.6826817716975031e-16,0,0
372,0.1623266730560484,0.7528042665273056,0.01946409732149869,0.1615690262982138,6.938893903907228e-18,-1.214306433183765e-17,0,0
373,0.1433139384684004,0.7466244070475541,0.01728809126265682,0.16091946997128598,-3.165870343657673e-17,-7.63278329429795e-17,0,0
374,0.1242978211975253,0.7404388664105587,0.015123332775516262,0.16013827956064164,-1.2576745200831853e-17,4.6837533851373785e-17,0,0
375,0.1052824355838999,0.7342528958029627,0.01293393917615487,0.15926568996554302,3.903127820947816e-18,1.2663481374630692e-16,0,0
376,0.0862661152583568,0.7280652660005188,0.010712540029468141,0.15852075665792534,-3.122502256758253e-17,-5.030698080332741e-17,0,0
377,0.0674315616030737,0.7208871743809803,0.008508087271479607,0.15756411564184084,1.5612511283791264e-17,-2.6020852139652106e-17,0,0
378,0.0485291982129719,0.7128074590186333,0.006069126406222019,0.15661726721517924,1.9949319973733282e-17,-2.255140518769849e-17,0,0
379,0.2193373559021387,0.7713278170232729,0.025946617393970736,0.16392538297266468,3.382710778154774e-17,1.908195823574488e-17,0,0
380,0.2383371194591664,0.7774996816775415,0.028042917743703023,0.16471006234551971,2.688821387764051e-17,-1.0408340855860844e-17,0,0
381,0.0327058273662329,0.7051146381668603,0.004151111507075531,0.15547289097806066,-1.1275702593849246e-17,1.2836953722228372e-16,0,0
382,0.2572964841840221,0.783646121927268,0.030062749584386796,0.16547770605784012,-1.6046192152785466e-17,-1.3530843112619095e-16,0,0
383,0.0,0.700000000000853,0.0,0.15482311361686385,-0.0208209120256421,5.551115123125783e-17,1,0
384,0.2762527054608623,0.7898535911527592,0.03219739713110863,0.16624392416900594,3.5561831257524545e-17,-1.2663481374630692e-16,0,0
385,0.2952043650459516,0.7960643438964056,0.034246407239061694,0.16711913224979255,3.4694469519536136e-17,-1.908195823574488e-17,0,0
386,0.314214130579973,0.8022488627142159,0.03623100329791505,0.1678545139379455,-9.540979117872439e-17,-4.336808689942018e-17,0,0
387,0.3373756848363535,0.827997751596881,0.03843946209203647,0.17187062789091065,-6.765421556309548e-17,-8.239936510889834e-17,0,0
388,0.3563920494399158,0.8341861832185775,0.04052560984324226,0.17258174492868028,7.936359902593891e-17,1.249000902703301e-16,0,0
389,0.3754058550560383,0.8403749280188673,0.04236836446056262,0.17349278591484893,-7.63278329429795e-17,-3.4694469519536136e-17,0,0
390,0.3944229087122018,0.8465650870390538,0.04420724544447763,0.17438194942489083,-5.984795992119983e-17,1.786765180256111e-16,0,0
391,0.4134401385667064,0.8527519850073355,0.04620114251438259,0.17516820535188643,-5.2909066017292616e-17,1.457167719820518e-16,0,0
392,0.4324497367249247,0.8589385757584111,0.04798353394503703,0.17606136704127734,3.209238430557093e-17,1.2663481374630692e-16,0,0
393,0.4514639860266747,0.8651261431338116,0.04995594425764466,0.1770117961357643,-1.1275702593849246e-17,3.642919299551295e-17,0,0
394,0.4704777094106271,0.8713136234078287,0.051878739015408515,0.17811150553899002,-5.811323644522304e-17,-8.673617379884035e-18,0,0
395,0.6737162782841541,0.9689869106912554,0.07102243760442148,0.19450148191245514,4.9439619065338996e-17,2.6020852139652106e-17,0,0
396,0.7300000000004856,0.9835423218247088,0.07611526396504639,0.19705219627407283,1.214306433183765e-17,-8.586881206085195e-17,0,0
397,0.7400000000004161,1.0,0.07698666218460345,0.2,-1.0408340855860844e-17,0.0216861946662732,0,4
398,0.0273370339462167,0.6908407090458013,0.0034153354561807263,0.15343865897012732,1.0408340855860844e-17,-7.63278329429795e-17,0,0
399,0.0115527393771922,0.6900957422779483,0.0014490879325166114,0.1533390207262785,3.469446951953614e-18,1.0755285551056204e-16,0,0
400,0.3332275754932582,0.8084371087349106,0.038207676288922715,0.1687404568050221,7.979727989493313e-17,1.6740081543176186e-16,0,0
401,0.4894920748596222,0.8775012145920957,0.05374722558910908,0.1789559647746179,4.510281037539698e-17,-2.2117724318704287e-17,0,0
402,0.5085074723386659,0.8836885419444054,0.05553595012429281,0.1799318888843594,2.1684043449710093e-18,-7.806255641895632e-17,0,0
403,0.5275232027467467,0.8898758620265823,0.05747635487608241,0.18097743162335772,-1.3877787807814457e-17,-1.3183898417423734e-16,0,0
404,0.5465389775781643,0.8960633496603401,0.05930798828349266,0.18190840965516675,4.90059381963448e-17,1.734723475976807e-18,0,0
405,0.5655526026813561,0.9022511246120972,0.061101547614109124,0.18284800368546084,-3.469446951953614e-18,-7.806255641895632e-17,0,0
406,0.584555221086491,0.9084380285855403,0.06271966586134953,0.1838616811350957,1.7347234759768068e-17,1.908195823574488e-17,0,0
407,0.603562553757338,0.9146243887247764,0.06453855521491131,0.18486923018658286,-2.168404344971009e-17,7.979727989493313e-17,0,0
408,0.622572751595304,0.920794099290303,0.06630908438883715,0.18603711758967834,-2.775557561562892e-17,-4.510281037539698e-17,0,0
409,0.6416038695265776,0.9269155397443388,0.06820805269686105,0.18710511476345273,4.510281037539698e-17,-1.0755285551056204e-16,0,0
410,0.6671151466164391,0.951462806107098,0.07046034550694599,0.19140732750729833,-2.949029909160572e-17,-4.597017211338539e-17,0,0
411,0.6850575150562721,0.9583139401781368,0.07208418877037684,0.1925273997808295,1.214306433183765e-17,-4.336808689942018e-17,0,0
412,0.7032428474586269,0.9643070211316828,0.07373034585400629,0.193617105748706,8.847089727481715e-17,6.938893903907228e-18,0,0
413,0.7227801283547352,0.9683668131250348,0.0754265559770292,0.19436399037869012,-6.982261990806649e-17,-4.6837533851373785e-17,0,0
414,0.7500000000003472,0.9826794919244316,0.07796315467092557,0.19679783767040215,3.122502256758253e-17,-1.0408340855860844e-16,0,0
415,0.7600000000002772,1.0,0.07879965442954032,0.2,-1.0408340855860844e-17,0.0216940673530539,0,4
416,0.2152044820906579,0.7517827713780524,0.025797880918978024,0.16085821679223392,-1.0842021724855044e-17,-2.4286128663675302e-17,0,0
417,0.1961980050186789,0.7456017412140485,0.02373470850805972,0.1601952510031489,6.158268339717665e-17,4.510281037539698e-17,0,0
418,0.1771922823205858,0.739426090607372,0.021429280446588914,0.15948879224929047,-3.686287386450715e-17,-1.3704315460216776e-16,0,0
419,0.1581787571392483,0.7332477426238222,0.019184991043844142,0.15857481326410094,2.6020852139652106e-18,-1.3877787807814457e-17,0,0
420,0.1391641032368202,0.727064277419002,0.016939018484957304,0.15790645039102083,1.474514954580286e-17,9.540979117872439e-17,0,0
421,0.1201486072515593,0.7208779706273024,0.014842921785685182,0.15714996634031148,-9.54097911787244e-18,-6.245004513516506e-17,0,0
422,0.1011329046503152,0.7146907548446149,0.012525031661319675,0.15636906822091154,1.734723475976807e-18,5.551115123125783e-17,0,0
423,0.0821168700236931,0.7085038394456752,0.010268943304860568,0.15564024470869472,-4.7271214720367993e-17,3.2959746043559335e-17,0,0
424,0.0631005180666386,0.7023170329615575,0.007975665998407707,0.15489962476350094,1.431146867680866e-17,1.1969591984239971e-16,0,0
425,0.0444811287581257,0.6953458767974556,0.005553772059121814,0.15412105505219,2.3852447794681098e-17,-5.377642775528102e-17,0,0
426,0.2342060836934816,0.7579558318322548,0.027749495801881283,0.1617641458292557,2.905661822261152e-17,-2.4286128663675302e-17,0,0
427,0.253207197936303,0.7641342616514775,0.029774351223134883,0.16249643572872918,-4.7271214720367993e-17,3.122502256758253e-17,0,0
428,0.2721646714141287,0.7702718526184253,0.03181926120961154,0.16319982193299448,5.681219383824043e-17,1.0408340855860844e-16,0,0
429,0.0,0.6800000000008863,0.0,0.15191510548895232,-0.0208740800154725,-6.245004513516506e-17,1,0
430,0.2910954543304231,0.7765055100705605,0.03403282098371844,0.16397556563417273,-7.762887554996212e-17,-5.724587470723462e-17,0,0
431,0.310096188430845,0.7826791495954348,0.03598487257270201,0.1646981850698318,2.255140518769849e-17,1.214306433183765e-16,0,0
432,0.3290799957772987,0.7888770784333573,0.03786062104379245,0.1655826218866338,-7.806255641895632e-18,-1.7520707107365752e-16,0,0
433,0.3522492446360464,0.8146242012869687,0.04021704489382728,0.16943516806468784,-6.245004513516506e-17,-1.227316859253591e-16,0,0
434,0.3712668304480367,0.8208129756918834,0.042060046384676864,0.1702467591064098,3.2959746043559335e-17,6.071532165918825e-17,0,0
435,0.3903001634744864,0.8270044006840953,0.04395220582225873,0.1710948378807809,-4.076600168545497e-17,-8.500145032286355e-17,0,0
436,0.4093250074735593,0.8331785584026199,0.045873509088500644,0.17195479951847276,8.543513119185775e-17,-1.457167719820518e-16,0,0
437,0.4283225718846801,0.8393724140350409,0.04790128921795252,0.1728481480373968,5.2909066017292616e-17,-1.7520707107365752e-16,0,0
438,0.4473195200390787,0.8455659960366968,0.04971643347862157,0.17379481684333456,3.2526065174565127e-17,-5.898059818321144e-17,0,0
439,0.4663289741858669,0.8517528619806206,0.05156084731563461,0.17470510394852518,-7.37257477290143e-18,-8.673617379884035e-18,0,0
440,0.4853433186962761,0.8579401845588109,0.05345306254955966,0.17555242151696313,2.47198095326695e-17,1.3877787807814457e-17,0,0
441,0.6607669650595033,0.932639580099642,0.06997195970381824,0.18811081449013828,4.510281037539698e-17,-1.1275702593849246e-17,0,0
442,0.739747803600565,0.9718366202047636,0.07701653730914679,0.19493267968581665,-2.5153490401663706e-17,1.5612511283791264e-16,0,0
443,0.7695446840947222,0.9825691381403115,0.07975791734897475,0.19682037733554486,-3.816391647148976e-17,-6.158268339717665e-17,0,0
444,0.7800000000001385,1.0,0.08057714590838419,0.2,1.214306433183765e-17,0.0216998909691175,0,4
445,0.0187268281728813,0.6722769463575227,0.0024437760313875487,0.1505852385599487,3.9898639947466563e-17,-7.112366251504909e-17,0,0
446,0.0399147984539513,0.6766977740388739,0.005215399651270806,0.1513405790503824,-2.168404344971009e-17,-5.724587470723462e-17,0,0
447,0.3480928482111985,0.795064907467411,0.03995168165437508,0.16636489461490866,-1.214306433183765e-17,8.673617379884035e-18,0,0
448,0.5043579417948375,0.8641274117647194,0.0554119525983966,0.1766905653370192,-4.8572257327350605e-17,6.331740687315346e-17,0,0
449,0.5233743626385498,0.8703138081481105,0.057173961968289014,0.17763659134412021,-2.949029909160572e-17,1.0928757898653883e-16,0,0
450,0.542389609210616,0.8765014543103378,0.05895613741612839,0.17859636370194104,-1.3444106938820257e-17,8.326672684688674e-17,0,0
451,0.5614051652271941,0.8826887020119828,0.06069446239875502,0.17944385823961162,1.1709383462843448e-17,7.28583859910259e-17,0,0
452,0.5803957652480245,0.888881231139934,0.062487193910685794,0.18055896734592833,-3.3393426912553537e-17,8.673617379884034e-17,0,0
453,0.5994032020736744,0.8950690163537962,0.06436247042150117,0.1814228444822683,3.9898639947466563e-17,-7.979727989493313e-17,0,0
454,0.6184101958626786,0.9012535729721104,0.06605926787058747,0.18249941203229192,2.9923979960599916e-17,-1.5785983631388942e-16,0,0
455,0.6374273021874686,0.9074296105302484,0.06777403346607377,0.1835296377303592,4.77048955893622e-17,-6.245004513516506e-17,0,0
456,0.6564343093227232,0.9136407432348264,0.06957476788553607,0.18469609382589175,-1.8648277366750682e-17,6.071532165918825e-17,0,0
457,0.6798144747455526,0.9387337808756469,0.07165844835443247,0.189115942070899,-2.775557561562892e-17,-1.3010426069826053e-17,0,0
458,0.6985943946350083,0.9453817585565792,0.07328730901923183,0.19019820352251585,1.5612511283791264e-17,5.204170427930421e-18,0,0
459,0.7172000935522883,0.950993654837319,0.07495623059175349,0.19109155838896041,-3.209238430557093e-17,1.1796119636642288e-16,0,0
460,0.7362378291159707,0.9565646105772448,0.07668848993790194,0.19204959895822232,-2.905661822261152e-17,-5.551115123125783e-17,0,0
461,0.756137854082201,0.9640919991555394,0.07845134719998414,0.1935137880093536,1.0625181290357943e-16,-4.8572257327350605e-17,0,0
462,0.7902145145269515,0.9828033062575062,0.08159512164517677,0.19690744963000945,1.0234868508263162e-16,-8.326672684688674e-17,0,0
463,0.7999999999999997,1.0,0.08234034048163469,0.2,-2.818925648462312e-18,0.021706998901703,0,4
464,0.819999999999861,1.0,0.08413442771224386,0.2,2.949029909160572e-17,0.021712528095807,0,4
465,0.809785834282809,0.9826474805106242,0.08315949813342964,0.1967160106048303,-1.2652639352905834e-16,3.9898639947466563e-17,0,0
466,0.2300630607406653,0.7384055923353441,0.027648049619679534,0.1587374243556784,-5.074066167232161e-17,-2.0816681711721685e-17,0,0
467,0.2110648385452364,0.7322279865108261,0.02547931383446817,0.15794614613537328,5.1608023410310005e-17,-1.0408340855860844e-17,0,0
468,0.1920576423696788,0.7260556336404448,0.02342746586277389,0.15713792840945434,-6.418476861114186e-17,-5.030698080332741e-17,0,0
469,0.1730431331781118,0.7198735178950072,0.020942579650085127,0.15640669982561672,5.1608023410310005e-17,3.816391647148976e-17,0,0
470,0.1540287373482317,0.7136887127382471,0.01884738403574583,0.15582483136378628,-1.0842021724855044e-17,-1.1449174941446927e-16,0,0
471,0.1350142105903112,0.707503121776454,0.01685247163551782,0.1550658212300805,6.505213034913027e-17,2.0816681711721685e-17,0,0
472,0.1159991201926727,0.7013162161503943,0.014452292630622393,0.15435411158420426,-1.5178830414797062e-17,-1.231653667943533e-16,0,0
473,0.0969835062223587,0.6951291585589072,0.012141333389104968,0.15369560357711104,2.2985086056692694e-17,-8.326672684688674e-17,0,0
474,0.0779675772103486,0.688942006135537,0.00989912665331235,0.15283769617528226,2.4286128663675302e-17,-6.245004513516506e-17,0,0
475,0.0589509878624164,0.6827545912195692,0.007411836678702096,0.1521056335169079,3.122502256758253e-17,-3.642919299551295e-17,0,0
476,0.2490649439486229,0.7445824125333343,0.029526453387839536,0.15943773953450527,-1.214306433183765e-17,1.8041124150158796e-16,0,0
477,0.2680671125039448,0.7507580838725583,0.03163169064514902,0.1602170637966337,-1.3010426069826053e-17,-2.775557561562892e-17,0,0
478,0.2870389201896488,0.7569312965855636,0.03386789689324811,0.16084556934520086,4.163336342344337e-17,1.4051260155412135e-16,0,0
479,0.0,0.6600000000009563,0.0,0.14896770664363068,-0.0208917917279943,4.336808689942018e-17,1,0
480,0.3060039431593216,0.7631164489281859,0.035774766687036365,0.16153928191207906,-7.849623728795052e-17,-7.28583859910259e-17,0,0
481,0.3249702627090388,0.7692966421061956,0.037744863210909835,0.16234198931490568,7.45931094670027e-17,3.642919299551295e-17,0,0
482,0.3439451854684188,0.7755055257196981,0.039583490485274216,0.16314380494884556,-1.431146867680866e-17,-1.3877787807814457e-17,0,0
483,0.3671404793875158,0.8012462810121491,0.04191408790699581,0.167084961365824,3.9898639947466563e-17,1.0842021724855043e-16,0,0
484,0.3861604710857193,0.8074360498659363,0.043786871726475135,0.1679443926898658,5.117434254131581e-17,-7.28583859910259e-17,0,0
485,0.4052078729522773,0.8136186315073966,0.04569102579496302,0.1687649328540196,-5.854691731421724e-17,-7.979727989493313e-17,0,0
486,0.4242212182882382,0.8198071021150177,0.04762374574571504,0.16968672840182403,1.214306433183765e-17,1.6132928326584306e-16,0,0
487,0.4431949013432671,0.8260032527952549,0.04958316641174014,0.1704518741645047,-2.8189256484623115e-17,3.122502256758253e-17,0,0
488,0.4621983752927126,0.8321837692479614,0.05137150784646215,0.17141333641558634,1.0408340855860844e-17,7.979727989493313e-17,0,0
489,0.4811945937248717,0.8383797519313048,0.053080984523645985,0.17237393212621738,1.1275702593849246e-17,3.469446951953614e-18,0,0
490,0.500208607742474,0.8445668563016981,0.05491292405863233,0.17325149469444096,-1.6479873021779667e-17,-4.8572257327350605e-17,0,0
491,0.6754505397298585,0.919828873783096,0.0712649563187488,0.18563398583370816,5.204170427930421e-18,-6.245004513516506e-17,0,0
492,0.77959379285619,0.9661580304763634,0.08074382095525842,0.1938642636887557,-1.0408340855860844e-17,-2.168404344971009e-17,0,0
493,0.8300000427289717,0.9826794882876132,0.0850032626717924,0.196766272310173,6.765421556309548e-17,1.1709383462843448e-16,0,0
494,0.8399999999997222,1.0,0.08590163913184382,0.2,-1.5612511283791264e-17,0.0217177228404807,0,4
495,0.0352726877439205,0.6585747443203396,0.004528628901857316,0.14874416100444107,1.951563910473908e-17,5.030698080332741e-17,0,0
496,0.0546602269156156,0.6640414895908068,0.007036921301662384,0.1493822948250541,-3.9898639947466563e-17,-3.816391647148976e-17,0,0
497,0.0180250507246549,0.6498253970949318,0.0024141446164827815,0.14757997782081705,2.775557561562892e-17,-4.6837533851373785e-17,0,0
498,0.3629862976476309,0.7816872389177594,0.041605762520067494,0.16395523929086214,1.0408340855860844e-17,-1.734723475976807e-16,0,0
499,0.5192225728894079,0.8507539703050323,0.056832766496489925,0.17422350252739438,5.551115123125783e-17,-2.6020852139652106e-17,0,0
500,0.5382398723393258,0.8569401885267561,0.058676437159879524,0.17518908037752073,-3.5128150388530344e-17,-1.6306400674181987e-16,0,0
501,0.5572556395500381,0.8631270862453162,0.0603819334863837,0.17607513720464324,2.6020852139652106e-18,-3.642919299551295e-17,0,0
502,0.5762465600320732,0.86931953868104,0.062075917425227944,0.17700865552106498,3.2959746043559335e-17,8.673617379884035e-18,0,0
503,0.5952411583624412,0.8755122912636736,0.06398415943413396,0.1780587660969014,2.8189256484623115e-17,-1.3877787807814457e-17,0,0
504,0.6142554643918103,0.8816979427908893,0.06585592275043323,0.17896252140831526,-1.8214596497756478e-17,1.3183898417423734e-16,0,0
505,0.6332696353949445,0.8878902357454242,0.06748277203011743,0.18003116925899537,-1.4484941024406342e-16,1.3877787807814454e-16,0,0
506,0.6522854163555294,0.8940781684822195,0.06918922937474586,0.18119828791250725,-5.117434254131581e-17,1.734723475976807e-16,0,0
507,0.6713009958038443,0.9002661342141308,0.07088357703770834,0.1821524964126819,6.505213034913027e-17,7.45931094670027e-17,0,0
508,0.6945021459955802,0.9259071749057598,0.07300833744128507,0.18664867560367415,-4.336808689942018e-17,2.688821387764051e-17,0,0
509,0.7134854981581206,0.9321505747700152,0.07466122179126415,0.1877358995897092,-3.903127820947816e-17,-3.642919299551295e-17,0,0
510,0.7324970883139154,0.9383941307699576,0.07641077154014156,0.1888785807800724,3.382710778154774e-17,7.806255641895632e-17,0,0
511,0.7515313218899561,0.9445297248596082,0.07805137827767195,0.18986894109868616,1.3010426069826053e-17,6.591949208711867e-17,0,0
512,0.7717478987344745,0.9492960654618872,0.0798871103884278,0.1906878773695445,-2.688821387764051e-17,1.6653345369377348e-16,0,0
513,0.7997909585835214,0.9654677957315072,0.08240241411529775,0.19371547376545273,-1.231653667943533e-16,1.1796119636642288e-16,0,0
514,0.8185004484403801,0.9650431471286696,0.08401131965250005,0.19366530068343707,6.201636426617084e-17,-1.0234868508263162e-16,0,0
515,0.8499249053950468,0.9827867185305564,0.08676190840149561,0.19676844091267154,4.8572257327350605e-17,6.245004513516506e-17,0,0
516,0.2449189598754703,0.7250253994427767,0.02946210734684338,0.1564845088707282,-4.380176776841438e-17,-1.717376241217039e-16,0,0
517,0.225918957164205,0.7188555591216429,0.027352598722188523,0.15566359467148205,1.6479873021779667e-17,1.1102230246251563e-16,0,0
518,0.2069184310748816,0.7126841810666288,0.025251911544738895,0.1549569482278313,-3.642919299551295e-17,2.255140518769849e-17,0,0
519,0.1879075336988957,0.7065007936527987,0.023070944044745408,0.15420170589911103,8.239936510889834e-18,1.1969591984239971e-16,0,0
520,0.1688939588189037,0.7003143316429825,0.020716148185683726,0.15363381244356888,-7.589415207398531e-17,-4.8572257327350605e-17,0,0
521,0.1498795383371022,0.6941289538049832,0.01860813965328148,0.15296264698630144,1.1102230246251563e-16,1.52655665885959e-16,0,0
522,0.1308649045719025,0.6879421255284602,0.016358492004315817,0.15225827497026462,-1.3877787807814454e-16,-7.806255641895632e-17,0,0
523,0.1118498210569729,0.681754824870977,0.01410223447096055,0.15166486498198617,7.502679033599691e-17,2.1857515797307772e-16,0,0
524,0.092834281826346,0.6755674505059583,0.01175500554217994,0.1508656659650658,-6.635317295611287e-17,-2.4286128663675302e-17,0,0
525,0.0738182732450241,0.6693798603558658,0.009511237348681987,0.1498903676580418,4.033232081646077e-17,9.714451465470121e-17,0,0
526,0.2639285629816903,0.7312110107083393,0.031490650194290815,0.15720808426334443,7.199102425303751e-17,-5.2041704279304207e-17,0,0
527,0.2829401545365345,0.737397295585803,0.033616931976499384,0.1578703867211036,-3.122502256758253e-17,-5.551115123125783e-17,0,0
528,0.3019290368827864,0.7435620171726103,0.035674720581690904,0.15855955157872886,3.816391647148976e-17,-2.775557561562892e-17,0,0
529,0.0,0.6400000000009717,0.0,0.14629230942127192,-0.0209263137139639,-1.0408340855860844e-17,1,0
530,0.3208937964131882,0.7497240780387515,0.037503477235983844,0.15917642950966332,-2.5587171270657905e-17,2.0816681711721685e-17,0,0
531,0.3398460074315059,0.7559271616113571,0.039440293398813164,0.15993484712853523,2.0383000842727486e-17,8.153200337090992e-17,0,0
532,0.3588153939752163,0.7621356966607242,0.04136527809922792,0.16076696845989702,8.673617379884035e-19,3.4694469519536136e-17,0,0
533,0.3820789136495662,0.787864667241276,0.04356905202836448,0.1647750283588611,-1.214306433183765e-17,5.117434254131581e-17,0,0
534,0.4011201146208023,0.7940581079462032,0.04547232324923399,0.1657182465886377,-4.336808689942019e-19,1.3530843112619095e-16,0,0
535,0.4201493948452771,0.800245953747151,0.04736282792129673,0.16646786535455893,-3.209238430557093e-17,-9.194034422677078e-17,0,0
536,0.4391275612303687,0.8064238022026432,0.049167035751584064,0.16732754605982558,6.418476861114186e-17,3.816391647148976e-17,0,0
537,0.4581004959824952,0.8126096545896315,0.051123437102984864,0.16806137559301895,-2.255140518769849e-17,-7.63278329429795e-17,0,0
538,0.4770860761988756,0.8187934874541096,0.05286241067678412,0.16900629109721244,-3.9898639947466563e-17,-3.2959746043559335e-17,0,0
539,0.4960598584144131,0.8250069009601726,0.054602468101174015,0.169892319748805,-4.6837533851373785e-17,1.3357370765021415e-16,0,0
540,0.5150735241411495,0.8311938924732957,0.056536867863488036,0.17090015033416406,2.8189256484623115e-17,1.43982048506075e-16,0,0
541,0.6903225858745061,0.906435736729321,0.07260992095133253,0.1831548862111257,-7.63278329429795e-17,4.597017211338539e-17,0,0
542,0.7896898921798011,0.95268831472439,0.08148879815063115,0.1913403703013541,-7.806255641895632e-17,1.5092094240998222e-16,0,0
543,0.8380359461438216,0.9657431024165032,0.08573554174105583,0.19375708167774017,4.336808689942018e-17,-9.367506770274757e-17,0,0
544,0.8599999999995834,1.0,0.08777338977721566,0.2,0.0,0.02172174460591,0,4
545,0.0524432770530289,0.6450969015150974,0.006806919663976408,0.1467882587921679,-3.1008182133085427e-17,1.734723475976807e-18,0,0
546,0.0345527960072573,0.639207243250418,0.004527560767829869,0.1460847115572731,-1.6479873021779667e-17,6.765421556309548e-17,0,0
547,0.0698490169214382,0.6499698157765915,0.009073779588891943,0.1473772240754413,4.9873299934333204e-17,2.255140518769849e-17,0,0
548,0.0172616329613035,0.6299709429382733,0.0022520370430486082,0.14498169443359368,4.3368086899420185e-18,5.551115123125783e-17,0,0
549,0.3779121846338594,0.7683128389836402,0.04331957329462892,0.1616209930786242,-2.775557561562892e-17,4.77048955893622e-17,0,0
550,0.5340867301717244,0.8373805123293135,0.058296336333809984,0.17177104902896906,-6.591949208711867e-17,8.283304597789254e-17,0,0
551,0.5531030905251182,0.8435672474216616,0.05997710841915667,0.1725765934251048,5.5077470362263625e-17,1.0755285551056204e-16,0,0
552,0.5720980464721666,0.8497578965169518,0.06168386328259634,0.173591334785646,-2.5153490401663706e-17,-1.0408340855860844e-16,0,0
553,0.5910946395376975,0.8559512148549305,0.06369403512532673,0.17458950185361166,3.2959746043559335e-17,1.214306433183765e-17,0,0
554,0.6101055707297427,0.8621397773259085,0.06549969964818522,0.175574909201824,3.2526065174565127e-17,-1.3530843112619095e-16,0,0
555,0.6291207987292102,0.8683282951717928,0.06719049480923006,0.17657584550391162,-3.4694469519536136e-17,-8.673617379884035e-18,0,0
556,0.6481364874575974,0.8745161089575813,0.06887247009110806,0.17752699907646363,2.3418766925686896e-17,-2.012279232133096e-16,0,0
557,0.6671519325450134,0.8807038869771284,0.07058925543656402,0.17868987936786757,1.205632815803881e-16,-1.873501354054952e-16,0,0
558,0.6861673381310898,0.886891881022092,0.0722150631226696,0.17972573045787332,2.125036258071589e-17,-5.030698080332741e-17,0,0
559,0.7093393774330123,0.9126209930597248,0.07451961287118303,0.18418831591450865,7.63278329429795e-17,-5.2909066017292616e-17,0,0
560,0.728348068045227,0.9188304642534076,0.07599387340456558,0.18538639350586644,1.3010426069826053e-17,-1.1102230246251563e-16,0,0
561,0.7473644552738129,0.925018898196249,0.0777754786588968,0.18646512439996651,8.153200337090992e-17,-1.5612511283791264e-16,0,0
562,0.7663826082155759,0.931198588087446,0.07947149703150305,0.18753965347747414,6.0715321659188256e-18,-2.0990154059319366e-16,0,0
563,0.7858414604877464,0.9367243412123016,0.08116446848626661,0.18846564062555649,1.0538445116559103e-16,-2.8102520310824275e-16,0,0
564,0.8052670945139342,0.945346888136842,0.0828921474401893,0.18989134598816199,5.030698080332741e-17,-6.245004513516506e-17,0,0
565,0.8264207371766513,0.9483499712282396,0.08491351449268608,0.19056486435764075,2.862293735361732e-17,4.510281037539698e-17,0,0
566,0.8695493896426905,0.9833228551980656,0.08860928999565548,0.19685312884218822,-4.336808689942018e-17,8.196568423990414e-17,0,0
567,0.8594553867664206,0.9629948036338656,0.08765148989338255,0.19323275251136868,-6.331740687315346e-17,-2.0816681711721685e-17,0,0
568,0.879999999999508,1.0,0.08952850869194492,0.2,-6.938893903907228e-18,0.021724475446396,0,4
569,0.2597825097898128,0.7116554984042485,0.03127619906559493,0.15407414547551435,-4.4235448637408575e-17,-2.255140518769849e-17,0,0
570,0.2407837453601635,0.705482185788865,0.029164181449628387,0.15339407679928047,4.510281037539698e-17,6.418476861114186e-17,0,0
571,0.2217834451966091,0.6993122503346747,0.02716853543830699,0.1527807033171727,-1.3010426069826053e-18,-6.765421556309548e-17,0,0
572,0.202771886543113,0.6931278401942396,0.02509860226275932,0.1521197203916005,2.3418766925686896e-17,-4.510281037539698e-17,0,0
573,0.1837584444451263,0.6869413631609507,0.02280879467727134,0.15146679672394503,-1.1275702593849246e-17,-1.214306433183765e-17,0,0
574,0.1647445450777633,0.6807549250855562,0.02061776671064534,0.15074624227299166,1.7780915628762273e-17,1.6306400674181987e-16,0,0
575,0.1457303106944724,0.6745683082143149,0.018457164363863007,0.1501742217516588,-4.7271214720367993e-17,-4.510281037539698e-17,0,0
576,0.1267157763095658,0.6683811617038493,0.01607555263150795,0.14947152624102197,9.974659986866641e-18,2.255140518769849e-17,0,0
577,0.1077007208242567,0.6621934775192613,0.013596413848446594,0.1487705364452842,-3.903127820947816e-17,-1.700029006457271e-16,0,0
578,0.0886851664073883,0.6560054759780638,0.011380612411703848,0.14807756446885753,2.688821387764051e-17,-5.204170427930421e-18,0,0
579,0.278791982869667,0.7178400342296178,0.03336729435187117,0.15480753346107246,4.380176776841438e-17,-2.255140518769849e-17,0,0
580,0.2978029163794308,0.7240260673905646,0.0353683745999504,0.1554392306738313,-6.938893903907227e-17,-3.469446951953614e-18,0,0
581,0.3168083216348012,0.7302059465058353,0.03740181245544322,0.15617353748379376,2.949029909160572e-17,4.6837533851373785e-17,0,0
582,0.0,0.6200000000010513,0.0,0.14364497560031841,-0.0209482006436254,-7.63278329429795e-17,1,0
583,0.3357677468912524,0.7363539100319914,0.039172036572528005,0.15688598194536663,-3.165870343657673e-17,-4.510281037539698e-17,0,0
584,0.3547381300396422,0.7425638356829851,0.041299497798816094,0.15766746037551865,1.3010426069826053e-17,6.245004513516506e-17,0,0
585,0.3737103255157628,0.7487630409603618,0.043160433819153146,0.1584299083627136,-1.0408340855860844e-17,2.949029909160572e-17,0,0
586,0.3969659855381776,0.7745021422538098,0.045237320687710525,0.16243974884122164,3.642919299551295e-17,-1.7477339020466331e-16,0,0
587,0.4160100758003548,0.7806941041711686,0.0470800908200201,0.16324405476194137,2.688821387764051e-17,5.377642775528102e-17,0,0
588,0.4350210023741492,0.7868831459696934,0.04886351000891833,0.16401436848836315,3.2959746043559335e-17,-9.540979117872439e-17,0,0
589,0.4540068483339149,0.7930455575197319,0.05077265994180298,0.16472978836336447,-7.979727989493313e-17,-6.938893903907228e-18,0,0
590,0.4729892134958328,0.799208058318088,0.05271302478266406,0.16567971522081557,7.112366251504909e-17,1.5612511283791264e-16,0,0
591,0.4919426311331868,0.8054262510185701,0.05437204245819144,0.16668908299967722,-9.367506770274757e-17,-1.5439038936193583e-16,0,0
592,0.5109249648183201,0.8116340881539248,0.05631147643878287,0.16750657725487889,6.028164079019405e-17,-1.1102230246251563e-16,0,0
593,0.5299377822727174,0.8178208961301869,0.05800541982417072,0.16844881083497715,9.714451465470121e-17,-5.030698080332741e-17,0,0
594,0.705182739613957,0.8930795448765878,0.07404855161383528,0.18077314437819283,5.724587470723462e-17,-1.0842021724855043e-16,0,0
595,0.844050932538159,0.9507040883730392,0.08635858169954444,0.19097502913191988,-6.114900252818245e-17,9.194034422677078e-17,0,0
596,0.8860015240249641,0.9850843949187776,0.09014389598556763,0.19722475717362836,-7.28583859910259e-17,-1.0408340855860844e-17,0,0
597,0.8999999999995835,1.0,0.09118680502365537,0.2,4.336808689942018e-17,0.0217302495500419,0,4
598,0.0689804574659127,0.6295214567815688,0.00907090125435139,0.14460524687397291,-8.413408858487513e-17,-5.2041704279304207e-17,0,0
599,0.0513444772640289,0.6292666593708602,0.006826480711919936,0.14470329464199194,6.288372600415926e-17,-8.673617379884035e-18,0,0
600,0.0345289260775286,0.6195758424336338,0.004613323635273206,0.1434458486636354,9.107298248878237e-18,-1.2836953722228372e-16,0,0
601,0.0851442746794274,0.636347927512857,0.011114382275135538,0.14540805615532407,7.806255641895632e-18,1.873501354054952e-16,0,0
602,0.0162628436693594,0.6100000372195793,0.002258174713290246,0.14220901745221504,-1.9949319973733282e-17,-8.153200337090992e-17,0,0
603,0.3928123391244243,0.7549465117677383,0.045185953633625764,0.1591239045726055,-1.734723475976807e-18,1.5092094240998222e-16,0,0
604,0.5489467612348604,0.8240054497380624,0.059910625053266,0.16925801065761645,-6.938893903907227e-17,-1.3314002678121994e-16,0,0
605,0.5679471335582691,0.8301946364850848,0.06158057251439118,0.1703231226051356,3.5561831257524545e-17,6.938893903907227e-17,0,0
606,0.5869458228334559,0.8363899232966079,0.06328288408059438,0.17111561682438042,1.3877787807814457e-17,4.8572257327350605e-17,0,0
607,0.6059568550944723,0.8425790102813623,0.06517908713941889,0.17227617141233403,3.9898639947466563e-17,4.510281037539698e-17,0,0
608,0.6249718042687384,0.8487666712665545,0.06694324325270107,0.17306847607841555,-1.4181364416110398e-16,4.6837533851373785e-17,0,0
609,0.6439877522856071,0.8549543871025148,0.06864423314568885,0.17411020094107071,8.109832250191573e-17,3.469446951953614e-18,0,0
610,0.6630027312009658,0.8611419750669996,0.07032360975748478,0.17516441733835314,-1.1275702593849246e-17,1.457167719820518e-16,0,0
611,0.6820183723602156,0.8673298551966699,0.07209628892966863,0.176365229334021,-7.719519468096792e-17,1.1102230246251563e-16,0,0
612,0.7010337623450045,0.8735176678284483,0.07366819789688185,0.17720026847947618,-4.553649124439119e-17,9.367506770274757e-17,0,0
613,0.7241983606010299,0.899267733717322,0.07570913207119584,0.18172285017957163,-1.006139616066548e-16,5.117434254131581e-17,0,0
614,0.7432147693782081,0.9054558805480472,0.07736046909192772,0.18289906944890358,1.691355389077387e-17,9.367506770274757e-17,0,0
615,0.762230585914043,0.9116429905868008,0.07922997232929244,0.18402313455710323,-2.6020852139652106e-18,2.203098814490545e-16,0,0
616,0.7812480109958824,0.917820043089862,0.08082297003553204,0.18503263621806715,-9.194034422677078e-17,1.249000902703301e-16,0,0
617,0.8002763033513426,0.9239645843863435,0.082415584784082,0.1860595933746162,-6.852157730108388e-17,1.4051260155412135e-16,0,0
618,0.8193860316123323,0.929864411961023,0.08412466685150174,0.1871220212991384,4.076600168545497e-17,-1.43982048506075e-16,0,0
619,0.8387136683402986,0.9350977774301886,0.08589496270116007,0.18807239621826727,-1.7347234759768068e-17,-7.28583859910259e-17,0,0
620,0.880966737771326,0.9675690708470064,0.08957747720998205,0.19412804248320403,9.714451465470121e-17,8.326672684688674e-17,0,0
621,0.8573500987032654,0.9415800020753974,0.08754713286935235,0.1893497898551921,4.076600168545497e-17,6.938893903907227e-17,0,0
622,0.8994914927117138,0.974530048548816,0.09120132028452252,0.195316466200465,-4.250072516143178e-17,-1.491862189340054e-16,0,0
623,0.93999999999975,1.0,0.09469978456033115,0.2,-2.775557561562892e-17,0.0217345818129048,0,4
624,0.9199999999996668,1.0,0.09308304658546387,0.2,-7.806255641895632e-18,0.0217342381937048,0,4
625,0.9299999999997092,0.9826794919242392,0.09375701710304199,0.1967032594050398,-7.32920668600201e-17,1.0408340855860844e-16,0,0
626,0.9131686323850144,0.9845089026849032,0.092465651690217,0.1971572985363061,1.1796119636642288e-16,8.933825901280557e-17,0,0
627,0.2746454464957416,0.6982841878627856,0.03327952737689625,0.1517602752098596,-5.724587470723462e-17,1.7347234759768068e-17,0,0
628,0.2556463194002785,0.6921111324628898,0.031159833429063036,0.15110095925129202,5.2041704279304207e-17,1.214306433183765e-17,0,0
629,0.2366471526571139,0.6859395374401908,0.029043405282456053,0.15042263687596463,-3.4694469519536136e-17,-2.949029909160572e-17,0,0
630,0.2176358472526447,0.6797550855645601,0.026995205086968635,0.1497793010074257,3.4694469519536136e-17,2.775557561562892e-17,0,0
631,0.1986230553730498,0.6735687294933235,0.02480607644608764,0.14927419137988182,-1.474514954580286e-17,5.724587470723462e-17,0,0
632,0.179609446922566,0.6673815828694424,0.022608326623973656,0.1486288980521469,3.642919299551295e-17,-1.1796119636642288e-16,0,0
633,0.1605954146428343,0.661194929093395,0.020516552054326263,0.14796782245612922,2.775557561562892e-17,-1.1969591984239971e-16,0,0
634,0.1415813823264215,0.6550079679406078,0.018133978008430123,0.14730273498016472,-1.9949319973733282e-17,-1.457167719820518e-16,0,0
635,0.1225671765713768,0.6488208532216453,0.015758517872251097,0.14669205770153207,3.903127820947816e-18,-3.816391647148976e-17,0,0
636,0.1035526159888144,0.6426329101052751,0.013367803964173296,0.14605005162116774,3.2526065174565127e-17,9.714451465470121e-17,0,0
637,0.2936549965533506,0.7044695220277537,0.035232678051230544,0.15236994620788136,1.214306433183765e-17,9.714451465470121e-17,0,0
638,0.31266510603052,0.7106553975880645,0.03703759606077382,0.15292820161857837,-2.6020852139652106e-17,-7.979727989493313e-17,0,0
639,0.3316594301348571,0.7168275594968875,0.03902981006805013,0.15372630210397253,-1.3877787807814457e-17,3.122502256758253e-17,0,0
640,0.0,0.6000000000010677,0.0,0.14081264965330748,-0.0209888798161095,1.1622647289044608e-16,1,0
641,0.3506511367442025,0.7230137719631383,0.04104345599312832,0.15451453048940472,1.6479873021779667e-17,-6.938893903907228e-18,0,0
642,0.3696370311132441,0.7292087207120731,0.043051303935394386,0.15519282547967747,3.5561831257524545e-17,-4.510281037539698e-17,0,0
643,0.3886773591754125,0.7353918472738388,0.04499302196696933,0.15587616435447704,8.673617379884035e-19,-9.540979117872439e-17,0,0
644,0.4118622854000591,0.7611366234128326,0.04695722301802406,0.16001530310042994,-6.765421556309548e-17,-2.6020852139652106e-18,0,0
645,0.4308721328019408,0.7673257928748726,0.04879050815236134,0.1607238133996075,2.3852447794681098e-17,5.2041704279304207e-17,0,0
646,0.4498825448577984,0.7735107235974646,0.050757348775561276,0.16146711730518523,-5.767955557622884e-17,1.0928757898653883e-16,0,0
647,0.468888982913104,0.7796914217819413,0.052481914619298964,0.16242641905555982,-9.974659986866641e-18,-1.0581813203458523e-16,0,0
648,0.487849701640437,0.7858445893908448,0.05427005363816509,0.1632816477409625,3.5561831257524545e-17,5.030698080332741e-17,0,0
649,0.5068124566838013,0.7920578205914881,0.05607657850586509,0.16420729351248542,-2.47198095326695e-17,-1.7347234759768068e-17,0,0
650,0.5257895442583612,0.7982615391736086,0.05797414380595618,0.16509561983058144,-2.5587171270657905e-17,3.9898639947466563e-17,0,0
651,0.544800576487354,0.8044468927258281,0.0596496120150652,0.16595184382849013,6.158268339717665e-17,9.020562075079396e-17,0,0
652,0.7200491227094133,0.8797056249537101,0.07545102542163204,0.17824049383768842,2.255140518769849e-17,1.1362438767648086e-16,0,0
653,0.8763235070589102,0.9487772703982196,0.08924582502173624,0.1905628670774325,-6.288372600415926e-17,-1.2663481374630692e-16,0,0
654,0.9478317020445453,0.9827872125318368,0.09530581579889996,0.1968039790665269,3.642919299551295e-17,-6.938893903907228e-18,0,0
655,0.9599999999998334,1.0,0.096519402816464,0.2,-2.255140518769849e-17,0.0217368003034883,0,4
656,0.0810225125934082,0.6169007128101909,0.010777059649865584,0.14266096354990324,-1.3444106938820257e-17,-6.245004513516506e-17,0,0
657,0.0610065947257421,0.6116347275828801,0.008075613839832643,0.1423186414300079,-8.760353553682876e-17,1.474514954580286e-16,0,0
658,0.0476777538215446,0.6160205055518495,0.006436200320191996,0.14289873585969837,5.204170427930421e-18,-1.8214596497756474e-16,0,0
659,0.0287646382665201,0.6005506260817922,0.004006414068577574,0.14079441112975433,-1.0408340855860844e-17,1.249000902703301e-16,0,0
660,0.0995058713172389,0.6230574120662585,0.013063596250269155,0.1432877105341916,3.686287386450715e-17,-1.1102230246251563e-16,0,0
661,0.0173205080756477,0.5900000000011215,0.0023850147189414953,0.1394219664355349,1.8214596497756478e-17,3.2959746043559335e-17,0,0
662,0.4077095734089965,0.7415811241534366,0.04685536275363136,0.15662587778069018,-3.469446951953614e-18,-8.760353553682876e-17,0,0
663,0.5638050568072647,0.8106304943748224,0.06142556522790048,0.16679518191390924,-7.28583859910259e-17,-7.242470512203171e-17,0,0
664,0.5828053827793178,0.8168225171733747,0.06312382282928186,0.16782119995441225,-2.168404344971009e-17,5.551115123125783e-17,0,0
665,0.6018083198943749,0.8230181627585027,0.06486095644467631,0.1688161852759435,4.380176776841438e-17,1.908195823574488e-17,0,0
666,0.6208235942074268,0.829205599271195,0.06662078118374229,0.16974004346640587,-8.933825901280557e-17,8.500145032286355e-17,0,0
667,0.6398387363607538,0.8353927934743713,0.06835954215172066,0.17069313890197635,9.627715291671279e-17,-1.1449174941446927e-16,0,0
668,0.6588534382978739,0.841579955587781,0.07002546021938,0.17165363980859188,-6.071532165918825e-17,6.938893903907227e-17,0,0
669,0.6778691610443153,0.8477682140006726,0.07172025474823371,0.17268851289013984,1.0451708942760264e-16,-1.6826817716975031e-16,0,0
670,0.6968846894804,0.8539560348877844,0.07345427738003259,0.17369890722964038,-7.199102425303751e-17,1.7347234759768068e-17,0,0
671,0.7159000263308198,0.8601436740493602,0.0752664897220561,0.17477370692157082,-3.469446951953614e-18,-6.938893903907227e-17,0,0
672,0.7390652198903824,0.8858933359796841,0.07707001475000774,0.1793702774405318,3.4694469519536136e-17,-1.0842021724855043e-16,0,0
673,0.7580817130019695,0.8920808420772232,0.07882289767122881,0.18041238030133722,-1.1796119636642288e-16,-4.336808689942018e-17,0,0
674,0.777094216862144,0.8982687195214638,0.08066900876257417,0.18154205916492044,1.235990476633475e-16,8.326672684688674e-17,0,0
675,0.7961113264867621,0.9044492049042098,0.08229019681879259,0.18254952596000973,-5.898059818321144e-17,-1.3357370765021415e-16,0,0
676,0.8151235433921357,0.9106478531037056,0.08382473795026346,0.1835837348305646,4.033232081646077e-17,1.1275702593849246e-16,0,0
677,0.8341407301120706,0.9168358654672024,0.08552497758862743,0.1846558083469772,-7.63278329429795e-17,6.591949208711867e-17,0,0
678,0.853230696321044,0.9228087373319273,0.08722352900715469,0.18579048909896495,-3.209238430557093e-17,-2.6020852139652106e-17,0,0
679,0.8956933127721411,0.9552968582306304,0.09080529639268478,0.19191694555107572,-1.0408340855860844e-17,1.786765180256111e-16,0,0
680,0.8721869884145921,0.929219942744643,0.08882308875821106,0.18695152185526545,6.635317295611287e-17,7.45931094670027e-17,0,0
681,0.9159979671153412,0.964387478214386,0.09255982906928395,0.1934413734879298,-4.8572257327350605e-17,3.4694469519536136e-17,0,0
682,0.936711956366116,0.9659686173895196,0.0944163634684326,0.1937467692127447,-1.8648277366750682e-17,3.4694469519536136e-17,0,0
683,0.968700611149104,0.9809011164293434,0.09712448990966424,0.1966127001210423,3.2959746043559335e-17,-1.1449174941446927e-16,0,0
684,0.9799999999999168,1.0,0.0982244374204451,0.2,-5.204170427930421e-18,0.0217382457318142,0,4
685,0.2895125705426409,0.6849155089335541,0.03508344109287745,0.14941376269675954,-1.908195823574488e-17,-6.765421556309548e-17,0,0
686,0.2705097640836058,0.6787387050540531,0.03320254480386092,0.1487236341981808,4.553649124439119e-17,9.714451465470121e-17,0,0
687,0.2515092980152338,0.6725666802271963,0.030906956405549364,0.14805609365317574,-6.071532165918825e-17,-1.3877787807814457e-17,0,0
688,0.2324995288242523,0.6663828404342925,0.02896642380834348,0.14752874150151685,1.7347234759768068e-17,8.153200337090992e-17,0,0
689,0.2134873166740427,0.6601966849632666,0.026772574790234024,0.14696318254998147,8.673617379884035e-18,-9.887923813067799e-17,0,0
690,0.1944746734039604,0.654010084359409,0.02453788448133625,0.14624812690368383,-3.7296554733501346e-17,-4.510281037539698e-17,0,0
691,0.1754604415894257,0.6478223479349078,0.022317322155447572,0.1456922679867223,0.0,1.8214596497756474e-16,0,0
692,0.1564465002513077,0.6416351391802927,0.02028519531342317,0.14525402288291644,-6.418476861114186e-17,-3.469446951953614e-18,0,0
693,0.1374329080792247,0.6354481511537192,0.017808241243694633,0.14452129189514767,2.255140518769849e-17,1.9775847626135598e-16,0,0
694,0.1184191735124351,0.6292609557887809,0.015552157161645742,0.14396075277521564,-1.691355389077387e-17,1.249000902703301e-16,0,0
695,0.308517460600183,0.6910996184997066,0.03705798217691756,0.14989593240300333,2.7321894746634715e-17,8.673617379884035e-18,0,0
696,0.3275268842657599,0.6972851303213758,0.03903088121209628,0.15055562832015518,-5.637851296924623e-17,-8.153200337090992e-17,0,0
697,0.0438310172188788,0.603604792820024,0.006022704728161882,0.1410632417960071,-1.9949319973733282e-17,2.1337098754514727e-16,0,0
698,0.3465362466759375,0.7034704884126546,0.04084709665308671,0.1512384270031017,7.37257477290143e-18,3.122502256758253e-17,0,0
699,0.0,0.5800000000011323,0.0,0.13813089915447857,-0.0210423731222597,-7.45931094670027e-17,1,0
700,0.3655470020652628,0.7096523728320356,0.04291927826642149,0.15198834720822926,7.806255641895632e-18,5.377642775528102e-17,0,0
701,0.384556943418872,0.7158370911519343,0.044801568615844736,0.1526518280602383,4.77048955893622e-17,8.673617379884034e-17,0,0
702,0.4035657544761524,0.7220258392894592,0.04661569341834335,0.15348422877720436,-2.0816681711721685e-17,-2.949029909160572e-17,0,0
703,0.4267238012150699,0.7477685895386764,0.04858975726982998,0.15757742693630422,-1.5612511283791264e-17,7.45931094670027e-17,0,0
704,0.445734696639096,0.753954269123857,0.05041796558056545,0.15819216474548214,4.3368086899420185e-18,5.2041704279304207e-17,0,0
705,0.4647459129644738,0.7601398556851591,0.052392388958457825,0.1590756545751022,7.28583859910259e-17,-8.500145032286355e-17,0,0
706,0.4837284612395993,0.7663035349871459,0.054055743479018495,0.15998372551714146,1.8648277366750682e-17,-3.9898639947466563e-17,0,0
707,0.502700477537387,0.7724974060893197,0.05598499509635658,0.1607489405958289,-2.168404344971009e-17,-2.0816681711721685e-17,0,0
708,0.5216578092509733,0.7786989757498131,0.05773947267968178,0.16158803475719147,-2.775557561562892e-17,-6.765421556309548e-17,0,0
709,0.5406540657982706,0.7848901426674462,0.059495695108488234,0.16243128192449122,4.380176776841438e-17,-6.938893903907228e-18,0,0
710,0.5596664278107965,0.7910767368070788,0.06123371699426869,0.1633783021543681,-4.7271214720367993e-17,9.714451465470121e-17,0,0
711,0.7349157089955285,0.8663312696760298,0.0769278626046217,0.1757180336414354,7.806255641895632e-17,3.5561831257524545e-17,0,0
712,0.8912654032250021,0.9354450923241338,0.09045417886152243,0.18816218773945925,-1.8648277366750682e-17,-7.979727989493313e-17,0,0
713,0.9539933144097296,0.968365468481768,0.0959181869958402,0.19410369330425425,-3.469446951953614e-18,1.6653345369377348e-16,0,0
714,0.9854608147088564,0.9854608147088646,0.09870983589858531,0.19703349336226136,1.734723475976807e-18,8.673617379884035e-18,0,0
715,1.0,1.0,0.1,0.2,0.010125622321372,0.0108694778588072,2,4
716,0.095256551734293,0.6035155710693808,0.012835590011223003,0.140702275588868,3.0357660829594124e-18,-9.020562075079396e-17,0,0
717,0.0762413256378352,0.597327181848201,0.010231556712176553,0.14007481849354897,4.336808689942018e-17,-1.301042606982605e-16,0,0
718,0.0359737586140041,0.5843739173582221,0.004986806821949427,0.13855512015942767,1.7347234759768068e-17,-7.979727989493313e-17,0,0
719,0.114271019060148,0.609702092189306,0.015246419738596716,0.14128396289190454,-3.0357660829594124e-18,-1.734723475976807e-18,0,0
720,0.0174165402114004,0.5704430276834367,0.0024414405459196814,0.1369130042213827,-2.255140518769849e-17,-4.336808689942018e-17,0,0
721,0.422575648147439,0.7282119484739652,0.04846140388138022,0.15420005790895125,-2.0816681711721685e-17,-7.719519468096792e-17,0,0
722,0.5786682515730902,0.7972551444229528,0.06292506035072871,0.16440507861789821,6.071532165918825e-17,-9.063930161978816e-17,0,0
723,0.5976727416476342,0.8034515300598475,0.06463703210275165,0.16541290774280493,-8.673617379884035e-19,-3.2959746043559335e-17,0,0
724,0.6166791343920344,0.8096445307280951,0.06626324691819097,0.16623720964539157,-5.637851296924623e-17,-5.551115123125783e-17,0,0
725,0.6356927498599143,0.8158317467029483,0.06801629682381849,0.16724974168859535,1.5439038936193583e-16,-1.3877787807814457e-17,0,0
726,0.6547059780965616,0.8220194321833657,0.06971198901546137,0.16816653705605572,-1.4354836763708079e-16,-3.642919299551295e-17,0,0
727,0.6737204063762348,0.8282068321706741,0.07134096555663215,0.1691706315035199,7.546047120499111e-17,6.938893903907227e-17,0,0
728,0.692735540198687,0.8343946807552809,0.07301858585801434,0.17006681436107807,-1.1622647289044608e-16,1.6132928326584306e-16,0,0
729,0.7117507909686704,0.8405821249739042,0.07479831528442295,0.17115311673779776,9.280770596475918e-17,-4.6837533851373785e-17,0,0
730,0.7307662768362265,0.8467696156574624,0.07644211397788281,0.17224394573290708,-5.767955557622884e-17,-4.336808689942018e-17,0,0
731,0.7539307567425622,0.872518572154622,0.07851098275485757,0.17684225155513789,-1.1102230246251563e-16,-2.9923979960599916e-17,0,0
732,0.7729443533864299,0.8787068057308765,0.08032535062942225,0.17788778635220248,1.0581813203458523e-16,-1.006139616066548e-16,0,0
733,0.7919570096221515,0.8848964688161024,0.0819446684262145,0.17902024013198115,-3.642919299551295e-17,1.734723475976807e-18,0,0
734,0.81097401170072,0.8910845727454946,0.0834841889153924,0.18009702024908347,-7.37257477290143e-18,1.3877787807814457e-17,0,0
735,0.8299912057217735,0.8972724837240702,0.08528228140700903,0.18112345768681584,9.280770596475918e-17,-3.469446951953614e-18,0,0
736,0.8490083181530714,0.9034604443845188,0.08690280240287368,0.18231212940094135,-7.502679033599691e-17,-1.1102230246251563e-16,0,0
737,0.8680274677071682,0.9096498362004272,0.08843845132142673,0.18335734556351013,6.765421556309548e-17,-6.938893903907227e-17,0,0
738,0.910298459246522,0.941521400337643,0.09210714910307433,0.189338921539178,1.0408340855860844e-16,-6.245004513516506e-17,0,0
739,0.8870428227296141,0.9158368690085066,0.09009910140452818,0.18450602492035278,1.3010426069826053e-18,-6.245004513516506e-17,0,0
740,0.9295875512612458,0.9473774499229572,0.09388005999347693,0.1903912567556682,-1.5612511283791264e-17,-1.0928757898653883e-16,0,0
741,0.948936379861476,0.9525808442237572,0.09556677155384066,0.19127850990823952,2.0816681711721685e-17,-1.6653345369377348e-16,0,0
742,0.9673893950293736,0.960294072862109,0.09715258934777525,0.19268995127420785,8.326672684688674e-17,5.2041704279304207e-17,0,0
743,0.984123971017098,0.96947861262878,0.098647612111387,0.19453927784320754,-3.7296554733501346e-17,4.6837533851373785e-17,0,0
744,1.0,0.9799999999999476,0.1,0.19621248427748794,0.0202501466800913,-5.030698080332741e-17,2,0
745,0.3043746284151062,0.6715447158170825,0.03695849860943899,0.14692147737598227,-2.3418766925686896e-17,-3.122502256758253e-17,0,0
746,0.2853722415839787,0.6653632319202212,0.035062890644464925,0.1463478268566034,2.949029909160572e-17,4.163336342344337e-17,0,0
747,0.2663703775184438,0.6591919606629681,0.03301169357053882,0.1457822073759884,-2.1684043449710093e-18,-1.4224732503009818e-16,0,0
748,0.2473621969047016,0.6530111691098035,0.030901774384618136,0.1452010586523827,3.7296554733501346e-17,3.642919299551295e-17,0,0
749,0.2283508513815568,0.6468250289532926,0.02879763548430638,0.1447011606043214,-3.4694469519536136e-17,1.908195823574488e-17,0,0
750,0.2093391340827871,0.6406386953849273,0.02669057840974823,0.14411751666876016,-2.168404344971009e-17,3.469446951953614e-18,0,0
751,0.1903256760419323,0.6344514329751573,0.02445635619555528,0.14343642790971625,9.063930161978816e-17,-6.245004513516506e-17,0,0
752,0.1713114342508232,0.6282629665175301,0.022254232750165373,0.14300475309400185,-3.2526065174565127e-17,-1.491862189340054e-16,0,0
753,0.1522978068814371,0.6220755851204254,0.019982353890658132,0.1423729453747296,7.979727989493313e-17,-1.908195823574488e-17,0,0
754,0.1332845230103515,0.615888837359049,0.01765454234455374,0.14179346870337442,1.5178830414797062e-17,-1.6479873021779667e-16,0,0
755,0.323379363979773,0.677730052330676,0.0388699682960901,0.14754717710519386,4.3368086899420185e-18,7.28583859910259e-17,0,0
756,0.3423887680072212,0.6839151494483793,0.04084790286417134,0.14808650965889364,-5.2041704279304207e-17,-8.673617379884034e-17,0,0
757,0.0573004345071352,0.5909083413061698,0.007899406503543106,0.139475205819323,6.678685382510706e-17,-9.194034422677078e-17,0,0
758,0.3613983072637802,0.6901002378468656,0.04278591884153511,0.14883723842632296,1.0148132334464322e-16,-5.204170427930421e-18,0,0
759,0.0,0.5600000000011761,0.0,0.13547060419675705,-0.0210875114387699,1.908195823574488e-17,1,0
760,0.3804077938011542,0.6962849368693715,0.0446361201636476,0.14955980500856658,-8.673617379884034e-17,-1.4224732503009818e-16,0,0
761,0.3994173648501204,0.7024700516980857,0.04646845006932236,0.15023699401765858,6.418476861114186e-17,1.52655665885959e-16,0,0
762,0.4184272056587393,0.7086558972209864,0.048321161435711475,0.1509875569408455,5.637851296924623e-18,1.0581813203458523e-16,0,0
763,0.4415858671831459,0.7343975411685127,0.05037651171775118,0.15502927547313533,2.255140518769849e-17,-6.418476861114186e-17,0,0
764,0.4605969068710228,0.7405829016324162,0.052157721624100664,0.15586660669399421,-1.1275702593849246e-17,-4.510281037539698e-17,0,0
765,0.4796000701993693,0.7467591806968759,0.05399423080640962,0.1566657272505596,-5.204170427930421e-18,1.8041124150158796e-16,0,0
766,0.4985667688831193,0.7529205783921625,0.0557494105205041,0.15738670005280012,-1.908195823574488e-17,7.28583859910259e-17,0,0
767,0.5175154558032278,0.7591367197567436,0.05765633938872544,0.15829689291992727,2.3418766925686896e-17,-4.336808689942018e-17,0,0
768,0.5365060248729098,0.7653315923131271,0.05928939379738839,0.15913954258177995,4.9873299934333204e-17,2.6020852139652106e-17,0,0
769,0.5555176651704787,0.7715180944045131,0.061008125558433116,0.15996993895343853,-8.847089727481715e-17,-7.112366251504909e-17,0,0
770,0.5745281962452397,0.7777028984542707,0.06267834897973387,0.16090298619936444,1.1882855810441126e-16,-1.7347234759768068e-17,0,0
771,0.7497813180642248,0.852956684136435,0.07815382753860181,0.1732935478368131,-5.551115123125783e-17,1.0842021724855043e-16,0,0
772,0.906115866921774,0.9220198136866544,0.09184922367966447,0.18571040423309776,-8.673617379884035e-18,6.245004513516506e-17,0,0
773,0.1101224783408044,0.590141880199307,0.015064321304787003,0.13863836973601665,-4.510281037539698e-17,-1.214306433183765e-17,0,0
774,0.0911077689367194,0.5839542882611622,0.01257888253083642,0.13797308439836606,4.3368086899420185e-18,4.510281037539698e-17,0,0
775,0.0720924325622302,0.5777657609246519,0.009965086321488605,0.137448494937502,7.37257477290143e-18,1.43982048506075e-16,0,0
776,0.0352848106344238,0.5637879330285421,0.005051208700743699,0.13595252733739477,2.949029909160572e-17,-6.938893903907228e-18,0,0
777,0.0533204840694052,0.5714893918943358,0.007422412730804594,0.136914052340129,-2.862293735361732e-17,-3.122502256758253e-17,0,0
778,0.1291362367820688,0.5963292408711461,0.017349093269279244,0.1392365426896685,1.908195823574488e-17,5.551115123125783e-17,0,0
779,0.0173938202014911,0.5507420431130448,0.002482514524290258,0.13440851868162876,-3.5561831257524545e-17,2.6020852139652106e-17,0,0
780,0.4374372463815135,0.7148413355211238,0.050065000879937926,0.15171055610696327,-5.2041704279304207e-17,-7.546047120499111e-17,0,0
781,0.5935318416226611,0.7838899238636136,0.06441578023283501,0.1618681163414855,-9.887923813067799e-17,5.811323644522304e-17,0,0
782,0.6125382433861091,0.7900805264928785,0.06607707888638631,0.1627531908185692,1.7347234759768068e-17,-1.734723475976807e-18,0,0
783,0.6315459766039532,0.7962716404364163,0.06773640310863924,0.16379893884567132,-6.938893903907227e-17,9.020562075079396e-17,0,0
784,0.6505584541958468,0.8024589707813758,0.06950377099712207,0.16464497878785345,2.168404344971009e-17,1.214306433183765e-16,0,0
785,0.6695720834887467,0.8086462943830438,0.0712042399676516,0.16566911872219517,8.456776945386935e-17,-1.0408340855860844e-17,0,0
786,0.6885862216227926,0.8148337232758969,0.0728916678390315,0.16672598800054145,-1.2836953722228372e-16,-1.2836953722228372e-16,0,0
787,0.7076011928048733,0.8210208961997594,0.07449676453268236,0.16762477520867688,1.3791051634015616e-16,-3.9898639947466563e-17,0,0
788,0.7266169540121272,0.8272082701995523,0.0761837747635587,0.1686449448127849,-3.9898639947466563e-17,-1.5612511283791264e-17,0,0
789,0.7456322283183604,0.8333956549243968,0.07791427186975988,0.16978359220719702,3.9464959078472355e-17,2.775557561562892e-17,0,0
790,0.768795760789172,0.8591446713565878,0.07993621372954077,0.1743269569651295,1.4224732503009818e-16,3.4694469519536136e-17,0,0
791,0.7878094526125115,0.8653330181759245,0.08154539531181873,0.17547521593407406,-9.714451465470121e-17,-4.510281037539698e-17,0,0
792,0.8068247521663758,0.8715215589768511,0.08323190115926743,0.1765262395810578,9.54097911787244e-18,-1.3877787807814457e-17,0,0
793,0.825841848805742,0.8777093468949443,0.08485120599840068,0.1776102351042415,-5.854691731421724e-17,2.949029909160572e-17,0,0
794,0.8448587894494255,0.8838972554247815,0.08662734633155084,0.1789194469768109,2.47198095326695e-17,1.8388068845354155e-16,0,0
795,0.8638758937169856,0.8900851709749646,0.08819391864058171,0.1798712432802102,6.158268339717665e-17,-2.255140518769849e-17,0,0
796,0.8828931595599047,0.8962731375861673,0.08984316695254599,0.18097277822285707,-6.418476861114186e-17,7.806255641895632e-17,0,0
797,0.92524940221938,0.928204994289494,0.09354975163371304,0.18679112807484557,-5.030698080332741e-17,1.6479873021779667e-17,0,0
798,0.9019106788160324,0.9024612136689614,0.09152823745899588,0.18203864192928315,3.4694469519536136e-17,-9.367506770274757e-17,0,0
799,0.9453617659391584,0.9342208538103074,0.0952508367236353,0.18786862189349324,4.9873299934333204e-17,3.2959746043559335e-17,0,0
800,0.9654029943425227,0.9410281492023194,0.09702368083883628,0.18921631343785325,-3.209238430557093e-17,-5.898059818321144e-17,0,0
801,0.9831930052152538,0.95021567177252,0.09857002740722112,0.19062221270158267,9.54097911787244e-18,-8.500145032286355e-17,0,0
802,1.0,0.9599999999998948,0.1,0.1925892574444416,0.0202486051115903,5.030698080332741e-17,2,0
803,0.3192320444199291,0.6581755695040443,0.03879431923837537,0.144560226012958,4.9439619065338996e-17,-1.3877787807814457e-17,0,0
804,0.3002298371278587,0.651991007397212,0.03691541970767294,0.14395036034696998,-1.6479873021779667e-17,5.724587470723462e-17,0,0
805,0.2812257644081542,0.6458136273277629,0.034895085925112646,0.1433039078392375,-5.334274688628682e-17,6.245004513516506e-17,0,0
806,0.2622226136093582,0.6396381178780121,0.03286994244192028,0.14273577156481343,4.119968255444917e-17,1.8214596497756474e-16,0,0
807,0.243213670618665,0.6334543074665091,0.03083850046639898,0.1421728295733675,-6.722053469410126e-17,-8.153200337090992e-17,0,0
808,0.224202497840422,0.6272677881159041,0.02872733104141773,0.14170484237706493,1.734723475976807e-18,-1.1102230246251563e-16,0,0
809,0.2051901999639252,0.621080574096952,0.026525830246288837,0.14117880889423517,7.806255641895632e-18,3.816391647148976e-17,0,0
810,0.1861765520092442,0.6148926812515496,0.02428170401795935,0.14069380400336087,1.5612511283791264e-17,6.418476861114186e-17,0,0
811,0.167162702167784,0.6087042226376279,0.022029190849700314,0.14028226280071232,-1.908195823574488e-17,8.847089727481715e-17,0,0
812,0.1481495113592527,0.6025165039125382,0.019656899826929503,0.1396214585548216,-2.4286128663675302e-17,-1.734723475976807e-18,0,0
813,0.3382413230576511,0.6643604183989438,0.04075853182965722,0.14511179585910308,-1.734723475976807e-18,0.0,0,0
814,0.3572500956243425,0.6705451776332922,0.04272517417068872,0.14575001977615973,-2.862293735361732e-17,-2.0816681711721685e-17,0,0
815,0.3762589356623888,0.6767303142045533,0.04448172691427424,0.146416337487682,4.81385764583564e-17,1.1622647289044608e-16,0,0
816,0.0,0.5400000000011733,0.0,0.1329809357383236,-0.0211379029969338,5.2041704279304207e-17,1,0
817,0.3952690359667857,0.6829152350239133,0.046394305454588294,0.14700721059888958,-1.214306433183765e-17,-1.8041124150158796e-16,0,0
818,0.4142775661355937,0.6891007773701495,0.04825434691106839,0.14774114850631723,-1.3444106938820257e-17,-3.9898639947466563e-17,0,0
819,0.4332887955449561,0.6952857924972992,0.05008694551095102,0.14853797742300046,6.808789643208968e-17,6.938893903907228e-18,0,0
820,0.4564470943843524,0.7210261286957191,0.0519919378615635,0.15250127055476564,4.336808689942018e-17,4.163336342344337e-17,0,0
821,0.4754498823924931,0.7272113343562105,0.05361641989319861,0.1533948354482248,-9.020562075079396e-17,-8.500145032286355e-17,0,0
822,0.4944287481883452,0.7333805917858878,0.05553192173203181,0.15426214652097495,1.0495077029659683e-16,-1.214306433183765e-17,0,0
823,0.5134026514216405,0.7395694088860103,0.05737539238869731,0.1549349924424243,2.168404344971009e-17,-5.030698080332741e-17,0,0
824,0.5323707627231185,0.7457711965611039,0.05912023262874802,0.15581383535071328,-2.5153490401663706e-17,-3.122502256758253e-17,0,0
825,0.5513698742416706,0.7519603479521274,0.06094072954618735,0.1566818737184083,-6.245004513516506e-17,6.591949208711867e-17,0,0
826,0.5703816186782662,0.758146822274739,0.06243232198939137,0.157538473207196,5.551115123125783e-17,1.908195823574488e-17,0,0
827,0.5893924497271417,0.7643322408671864,0.06416768239044549,0.1582731524917666,-2.168404344971009e-17,8.673617379884035e-18,0,0
828,0.7646470097152905,0.8395826697859438,0.07961411706885742,0.17094024048772222,-6.418476861114186e-17,-8.500145032286355e-17,0,0
829,0.9209284352940946,0.9086493124911876,0.09303696142119994,0.18320399700390372,6.938893903907228e-18,-5.898059818321144e-17,0,0
830,0.1059740653710451,0.5705812794977302,0.01470680619270695,0.13607467502413945,-5.204170427930421e-18,1.1102230246251563e-16,0,0
831,0.1249880058506846,0.5767689770350719,0.01720324046787719,0.13665597337133378,-2.6020852139652106e-17,-2.4286128663675302e-17,0,0
832,0.0870205531129312,0.5644509957646617,0.012290114563727784,0.1355552709481207,2.5587171270657905e-17,6.071532165918825e-17,0,0
833,0.0683108233531137,0.558551465084065,0.009604881473521499,0.13503851300308228,-8.109832250191573e-17,-1.1969591984239971e-16,0,0
834,0.0515112009474568,0.5508839211166602,0.007423217605313657,0.13430663235160828,4.6837533851373785e-17,1.006139616066548e-16,0,0
835,0.0343689060856489,0.54113158342316,0.005094298179912141,0.13323710293007862,-1.1275702593849246e-17,-2.0816681711721685e-17,0,0
836,0.1440013602251939,0.5829571396510157,0.019496165417793827,0.1371056324422068,-2.168404344971009e-17,8.673617379884035e-18,0,0
837,0.0172714410335669,0.5300164821327571,0.00272039473207029,0.13187467757455223,3.816391647148976e-17,-8.673617379884034e-17,0,0
838,0.4522985081367934,0.7014708790476989,0.05178830118951033,0.14925958224376928,-4.336808689942018e-17,1.1275702593849246e-17,0,0
839,0.6083982016340377,0.7705163054760744,0.06578792723257616,0.15919133212486403,3.469446951953614e-18,7.32920668600201e-17,0,0
840,0.6274015644163347,0.7767092283932248,0.06755864692139998,0.16024664884932194,8.847089727481715e-17,-1.4051260155412135e-16,0,0
841,0.6464099823333825,0.782899422926089,0.06923427717144862,0.16115486202369972,-4.510281037539698e-17,-1.3530843112619095e-16,0,0
842,0.6654234629351937,0.7890863368296624,0.07089584639607519,0.16231670187051356,-5.204170427930421e-18,-2.4286128663675302e-17,0,0
843,0.6844372550316811,0.7952733480206693,0.07266027725851237,0.16333333743085582,-2.0816681711721685e-17,1.1622647289044608e-16,0,0
844,0.7034519406738025,0.801460499822857,0.07427227197612268,0.16421020614927268,6.722053469410126e-17,-1.7347234759768068e-17,0,0
845,0.7224672729899186,0.8076473886446197,0.07597040794401619,0.16513186994669288,6.245004513516506e-17,6.938893903907228e-18,0,0
846,0.7414830290608078,0.8138346103411205,0.07765404847429921,0.16620438682430227,-7.068998164605489e-17,-1.1796119636642288e-16,0,0
847,0.760497991588109,0.8200218273600581,0.079380034994524,0.16719858570666987,4.163336342344337e-17,-3.4694469519536136e-17,0,0
848,0.7836618062545467,0.8457704003017281,0.08123121962732541,0.1719651328108585,1.5612511283791264e-17,1.3964523981613295e-16,0,0
849,0.8026772889815412,0.8519585068920723,0.08274672445855086,0.172962370020739,3.9464959078472355e-17,1.908195823574488e-17,0,0
850,0.8216928923797584,0.8581465214842638,0.08444835747082749,0.17395491373649602,3.0357660829594124e-17,-1.1449174941446927e-16,0,0
851,0.8407094129137368,0.8643341964942728,0.08620602197417376,0.17515884617926092,-2.688821387764051e-17,-1.6132928326584306e-16,0,0
852,0.8597262468430454,0.8705220083369143,0.08779896938564945,0.17628877298510925,7.37257477290143e-17,-1.0928757898653883e-16,0,0
853,0.8787433767676824,0.8767097223980418,0.08957222485885932,0.17734715599755999,-3.686287386450715e-17,6.245004513516506e-17,0,0
854,0.8977608047027399,0.8828974838463669,0.09119383753982996,0.17841596239831897,-7.806255641895632e-18,-3.469446951953614e-18,0,0
855,0.9409730696883548,0.9147865837149411,0.09478716200321124,0.18410943721320938,4.336808689942018e-17,1.3877787807814457e-17,0,0
856,0.9167785020226912,0.8890853469419102,0.09277132149521544,0.1796461598478778,-1.3877787807814457e-17,1.43982048506075e-16,0,0
857,0.9638729376885836,0.9190560405766118,0.09695062804558324,0.18492904065195306,-3.5561831257524545e-17,-7.45931094670027e-17,0,0
858,0.9823784671773256,0.929971808571034,0.09864684087088212,0.18702782622256559,5.204170427930421e-18,4.8572257327350605e-17,0,0
859,1.0,0.939999999999842,0.1,0.18875576018597184,0.0202460725064852,1.3877787807814457e-17,2,0
860,0.3340929496132318,0.6448064926275814,0.04074085049606582,0.14198305872696634,-3.903127820947816e-17,9.540979117872439e-17,0,0
861,0.3150863668952298,0.6386213517186611,0.038694600306005855,0.14138060378772893,1.9949319973733282e-17,-1.457167719820518e-16,0,0
862,0.2960864106526222,0.6324365635931841,0.036853573634309265,0.1409029744728291,5.2909066017292616e-17,-5.898059818321144e-17,0,0
863,0.2770829010611512,0.6262654536761425,0.034828456417619995,0.14033943214505804,5.594483210025203e-17,-1.006139616066548e-16,0,0
864,0.2580750565550748,0.6200825940383585,0.03277644168998761,0.1398721625100401,-2.3418766925686896e-17,-1.301042606982605e-16,0,0
865,0.2390623330778004,0.6138929714062704,0.030852034664648177,0.13941216631490155,-2.949029909160572e-17,7.806255641895632e-17,0,0
866,0.2200526636344587,0.6077082517066843,0.028642887015061107,0.1388714970085269,5.204170427930421e-18,9.887923813067799e-17,0,0
867,0.2010397781643966,0.6015208544529411,0.02642483576712784,0.1384535898560683,-1.0842021724855044e-17,8.153200337090992e-17,0,0
868,0.1820264470928583,0.5953325433496638,0.024139634210643753,0.13801484507052295,-8.673617379884035e-19,-6.591949208711867e-17,0,0
869,0.1630139666213278,0.589145011578105,0.021912972799597537,0.13756579534362767,6.0715321659188256e-18,1.1275702593849246e-16,0,0
870,0.3530997676659678,0.6509905540910015,0.04261142548151714,0.14259366951949498,3.469446951953614e-18,-5.377642775528102e-17,0,0
871,0.3721048073141323,0.6571755947017534,0.04456863282374264,0.1432322984247776,-2.5153490401663706e-17,1.5612511283791264e-17,0,0
872,0.3911141741313539,0.6633613396340372,0.046149679595715226,0.14393532772387002,1.1275702593849246e-17,1.0928757898653883e-16,0,0
873,0.0,0.5200000000011236,0.0,0.13082421472191255,-0.021199462759783,-5.2041704279304207e-17,1,0
874,0.4101231768941428,0.6695472021055147,0.048019085439535744,0.14450054002072338,-6.5052130349130266e-18,1.3877787807814454e-16,0,0
875,0.4291332187505613,0.675732171827955,0.049990636364185756,0.14515024122251857,-1.8214596497756478e-17,-7.63278329429795e-17,0,0
876,0.4481439284615421,0.6819171445338583,0.0518012647938815,0.14602259836130144,-2.255140518769849e-17,2.255140518769849e-17,0,0
877,0.4712885144799653,0.7076541826443413,0.053717698067026615,0.1500787274828872,2.949029909160572e-17,-4.597017211338539e-17,0,0
878,0.49027503862167,0.7138349806747696,0.055400104417265415,0.150784393887265,3.122502256758253e-17,-6.418476861114186e-17,0,0
879,0.5092573403743792,0.7200182207674737,0.05708335067320208,0.15157461705374808,-5.2041704279304207e-17,6.938893903907228e-18,0,0
880,0.5282339716712793,0.7262074012792028,0.05881066839025965,0.15232543750846916,-1.908195823574488e-17,1.2836953722228372e-16,0,0
881,0.5472276510781999,0.7324004897859415,0.060646271170438484,0.15319656328509895,7.025630077706069e-17,1.734723475976807e-18,0,0
882,0.5662338675415831,0.7385894101557879,0.06240654220288657,0.15402857791752328,-1.951563910473908e-17,-1.6479873021779667e-16,0,0
883,0.5852452651389541,0.7447757995036135,0.06405626445540831,0.1549409113330687,-1.8648277366750682e-17,2.0816681711721685e-17,0,0
884,0.604256644263734,0.7509620086405419,0.0656157507699025,0.15577314988239044,-3.209238430557093e-17,-4.8572257327350605e-17,0,0
885,0.779512937063283,0.8262092238031521,0.08095486524757325,0.16841779107219015,-1.5612511283791264e-17,-1.3270634591222574e-16,0,0
886,0.9355619497765189,0.8959938436514815,0.09438157542939177,0.18079778580264289,-9.107298248878236e-17,9.714451465470121e-17,0,0
887,0.1208399048465388,0.5572084158959436,0.017000546471752476,0.13408413633615596,2.0816681711721685e-17,8.500145032286355e-17,0,0
888,0.1018260691167079,0.5510205989630738,0.014389030382270795,0.1336268138679711,-2.255140518769849e-17,-2.775557561562892e-17,0,0
889,0.1398531840964935,0.5633970890447721,0.019526309614559458,0.13451187574251294,2.905661822261152e-17,1.0408340855860844e-17,0,0
890,0.0831781891290346,0.5451783953058913,0.012066293149759304,0.13309998867870482,-6.852157730108388e-17,-9.194034422677078e-17,0,0
891,0.0661336196123453,0.5392246358947305,0.009612923581511574,0.13268147779035408,5.2041704279304207e-17,6.505213034913027e-17,0,0
892,0.0501655182349738,0.5301578552882076,0.00744539080908179,0.13168379522127788,6.938893903907228e-18,-1.1362438767648086e-16,0,0
893,0.0344218754240282,0.5198954828339091,0.005192690515325319,0.13057114502491696,-2.3418766925686896e-17,-6.938893903907227e-17,0,0
894,0.1588657492496197,0.5695857928965677,0.021914969547421663,0.1349171129393179,-2.862293735361732e-17,-9.020562075079396e-17,0,0
895,0.0173124847940456,0.5100025123923271,0.0027752855534638543,0.12948656609155124,1.9949319973733282e-17,1.4224732503009818e-16,0,0
896,0.4671341048900773,0.6880967380236914,0.05361798336419475,0.14669043197434312,1.214306433183765e-17,4.250072516143178e-17,0,0
897,0.623261306042928,0.7571449718446182,0.06736467625915371,0.15680834214279527,1.5612511283791264e-17,3.079134169858833e-17,0,0
898,0.6422630965923204,0.7633389792098492,0.06906808564032454,0.15766828304812597,-4.8572257327350605e-17,2.1857515797307772e-16,0,0
899,0.6612769747245224,0.7695251788144528,0.07076070328386196,0.1586216252955621,2.255140518769849e-17,-1.301042606982605e-16,0,0
900,0.6802883654484232,0.7757136684185209,0.07229430117158069,0.15977090131300978,-3.0357660829594124e-18,-4.510281037539698e-17,0,0
901,0.6993019237946673,0.7819004625111652,0.07409855928914746,0.16068349870765236,-6.5052130349130266e-18,-8.153200337090992e-17,0,0
902,0.7183177777988823,0.7880871802850327,0.07578616723381917,0.16170464457823142,8.370040771588093e-17,7.806255641895632e-17,0,0
903,0.737333661025608,0.7942740385066271,0.07751773087111113,0.16267012300923356,-1.4354836763708079e-16,6.591949208711867e-17,0,0
904,0.756348872262756,0.8004610056025065,0.07910993181998366,0.16358373421121428,2.949029909160572e-17,1.214306433183765e-16,0,0
905,0.7753636453256156,0.8066481239496378,0.08068625735300583,0.16467767842089887,3.469446951953614e-18,6.591949208711867e-17,0,0
906,0.7985282213772738,0.832396660533121,0.08264895561378688,0.16946919323770165,-3.2959746043559335e-17,5.334274688628682e-17,0,0
907,0.8175439884999225,0.8385839870794337,0.08421161144927411,0.17058321529993464,-1.9949319973733282e-17,1.0581813203458523e-16,0,0
908,0.8365600629112324,0.8447715325680091,0.08580985675905341,0.1715169832202122,-1.3877787807814457e-17,1.52655665885959e-16,0,0
909,0.8555765033738958,0.8509592055467198,0.08737302790243165,0.17256295004620165,7.112366251504909e-17,7.28583859910259e-17,0,0
910,0.8745931780526515,0.8571467779759832,0.08914522019241214,0.17377084015828956,-1.4224732503009818e-16,2.4286128663675302e-17,0,0
911,0.893610542418645,0.8633343636247761,0.09087615812570929,0.1747898214868665,4.163336342344337e-17,5.724587470723462e-17,0,0
912,0.912665759313745,0.8698750016545863,0.09250518883706335,0.17602411906713988,3.642919299551295e-17,-2.0816681711721685e-17,0,0
913,0.9547006900602892,0.9007465987096972,0.09607228818530439,0.18173645988803983,2.4286128663675302e-17,1.1275702593849246e-17,0,0
914,0.9318708533502968,0.8778277779952767,0.09403133869647776,0.17755150688974303,5.204170427930421e-18,-7.806255641895632e-17,0,0
915,0.9836295556878488,0.9099952954738036,0.09866886421378558,0.18328175003407937,-7.806255641895632e-17,-2.6020852139652106e-17,0,0
916,1.0,0.9199999999997894,0.1,0.18531711788458416,0.0202444582935605,-4.336808689942018e-17,2,0
917,0.3299442509503614,0.6252531827818509,0.04071780313564291,0.13897391578889873,-1.3791051634015616e-16,-6.938893903907228e-18,0,0
918,0.348948454885148,0.6314378397555716,0.04263690845363778,0.13938819089485882,1.2663481374630692e-16,4.163336342344337e-17,0,0
919,0.3109387574739068,0.6190681501609181,0.038825429325777705,0.13833866748787757,6.722053469410126e-17,1.786765180256111e-16,0,0
920,0.2919318468908397,0.6128842791886964,0.03691678370393115,0.1378396558132764,-8.066464163292153e-17,-1.0408340855860844e-17,0,0
921,0.2729250374384056,0.6067008972268592,0.03469400891565797,0.13739843858676137,6.938893903907228e-18,7.63278329429795e-17,0,0
922,0.2539175607906717,0.6005166109968358,0.032722874146972905,0.13704905148648033,1.0842021724855044e-17,3.122502256758253e-17,0,0
923,0.2349111237622235,0.5943339897203657,0.03063083707392344,0.1366381684724981,5.637851296924623e-18,6.765421556309548e-17,0,0
924,0.2159016307025782,0.5881478708620668,0.028623467109930592,0.13613911985830918,2.168404344971009e-17,-1.0408340855860844e-17,0,0
925,0.196889918638974,0.5819618685596071,0.026487085005091518,0.1357307207995047,-9.887923813067799e-17,-8.847089727481715e-17,0,0
926,0.1778778867423459,0.5757741409391324,0.024126442646849544,0.1353995281810468,1.006139616066548e-16,-2.0816681711721685e-17,0,0
927,0.3679414229791518,0.6376203344965177,0.04456959354253862,0.13999487927266346,-7.155734338404328e-17,-1.3877787807814454e-16,0,0
928,0.386945921706597,0.643803231089568,0.04634995149227021,0.14064683738116962,6.245004513516506e-17,-3.642919299551295e-17,0,0
929,0.4059484370996789,0.6499865538453183,0.04809321332443832,0.1413268768050508,-3.642919299551295e-17,-1.0408340855860844e-16,0,0
930,0.0,0.5000000000010534,0.0,0.1284414937234979,-0.0212686848735895,-1.7347234759768068e-17,1,0
931,0.4249591444327691,0.6561724330236581,0.049798764599858464,0.14179768409518237,2.255140518769849e-17,6.071532165918825e-17,0,0
932,0.4439651838920736,0.6623564109367145,0.05163004967140533,0.1425480051203823,2.3418766925686896e-17,9.367506770274757e-17,0,0
933,0.4629662047378709,0.6685393312856862,0.05342144494048011,0.14332327880971152,-1.5612511283791264e-17,-3.816391647148976e-17,0,0
934,0.486121368284401,0.6942767717594058,0.05521585063298636,0.14731634543809163,-7.806255641895632e-17,1.3747683547116196e-16,0,0
935,0.505097832755789,0.7004653685481481,0.05702405185269323,0.1479806595368343,0.0,1.5439038936193583e-16,0,0
936,0.5240894490217789,0.7066500833875846,0.058644087866096456,0.14887758716659188,2.8189256484623115e-17,-1.1449174941446927e-16,0,0
937,0.5430919396305853,0.712839693979976,0.06034899808196467,0.14974422549753716,9.54097911787244e-18,-5.377642775528102e-17,0,0
938,0.5620954068266831,0.719026246265961,0.06218643902543987,0.1504821139633116,8.673617379884035e-18,1.0928757898653883e-16,0,0
939,0.5811003525428258,0.7252162574976722,0.06395468729560652,0.15139355678075644,-4.163336342344337e-17,5.030698080332741e-17,0,0
940,0.6001083238808314,0.7314047599034901,0.0655371375367872,0.15232739711839016,1.908195823574488e-17,3.9898639947466563e-17,0,0
941,0.6191185019128338,0.7375900579606404,0.06713893362389678,0.15332110488382303,-4.77048955893622e-18,-7.63278329429795e-17,0,0
942,0.7943788071480268,0.8128351573435776,0.08225144900565849,0.1657724452643689,-1.7347234759768068e-17,-1.7347234759768068e-17,0,0
943,0.9481872705787792,0.8857202004511898,0.0954160816795371,0.1790003385905684,7.979727989493313e-17,-1.1275702593849246e-16,0,0
944,0.9705030161543792,0.8999999953748709,0.09742942427011896,0.1814982014141574,1.7347234759768068e-17,1.5785983631388942e-16,0,0
945,0.1357052509206083,0.5438358755108443,0.01933770694092054,0.13195250970236116,2.6020852139652106e-17,-1.214306433183765e-16,0,0
946,0.1166918770643026,0.5376481000272502,0.0167695975393025,0.13163343616859213,2.9923979960599916e-17,-1.4051260155412135e-16,0,0
947,0.0976779965631484,0.5314600690561424,0.014198520539994305,0.13118069193941187,-1.734723475976807e-18,-8.153200337090992e-17,0,0
948,0.1547180043550324,0.5500250592833825,0.021827456353820357,0.1323208449799395,-2.6454533008646308e-17,2.6020852139652106e-17,0,0
949,0.0805896444058808,0.5267655132674427,0.012016755467527635,0.1307575175649311,1.2576745200831853e-17,4.163336342344337e-17,0,0
950,0.0659703878167392,0.5195372239397191,0.009795616027250941,0.1300942497657967,-5.2909066017292616e-17,1.0495077029659683e-16,0,0
951,0.0510739462254136,0.5099985683893742,0.007683422687461451,0.12924283752850527,-4.6837533851373785e-17,1.457167719820518e-16,0,0
952,0.0346394427214023,0.4999999955857367,0.00532117321093171,0.12815757437075126,-2.0816681711721685e-17,2.6020852139652106e-17,0,0
953,0.1737300934573245,0.5562163168829994,0.024151630206212985,0.13266333913908873,2.6020852139652106e-18,4.6837533851373785e-17,0,0
954,0.017320523542916,0.4900001717032116,0.0026274241331540006,0.12728257797252923,9.54097911787244e-18,1.3877787807814457e-17,0,0
955,0.48196211297717,0.6747237368482286,0.05521570936300854,0.1439984881355475,-3.122502256758253e-17,-1.0495077029659683e-16,0,0
956,0.6381255780680558,0.7437760804433818,0.06885613973987266,0.15423929447642107,1.0408340855860844e-17,-1.1796119636642288e-16,0,0
957,0.6571337540493954,0.7499649224907238,0.07064171278892387,0.15518676651377317,1.3791051634015616e-16,6.591949208711867e-17,0,0
958,0.6761453399498438,0.7561514888813794,0.07219657882914304,0.1561116490571668,-1.1969591984239971e-16,-1.734723475976807e-18,0,0
959,0.6951541478456016,0.7623405894530231,0.07387969341826989,0.15709856642183456,1.6046192152785466e-17,1.2836953722228372e-16,0,0
960,0.7141682964261473,0.7685271531436437,0.0754988511746727,0.15815144469720616,2.0383000842727486e-17,5.204170427930421e-18,0,0
961,0.7331843458690905,0.7747136785403691,0.07705197767459235,0.15919719146263192,-9.627715291671279e-17,-1.0408340855860844e-17,0,0
962,0.7522002155914062,0.7809003491699235,0.07873608983677964,0.16014073606528512,3.7296554733501346e-17,6.938893903907227e-17,0,0
963,0.7712143828474425,0.7870874175910263,0.08037297902395173,0.1611446209788146,5.984795992119983e-17,-5.204170427930421e-18,0,0
964,0.7902295470239148,0.7932728282441481,0.08201576731635131,0.16206390408638618,3.2959746043559335e-17,-8.153200337090992e-17,0,0
965,0.8133944573139101,0.8190221330677218,0.08393078945065743,0.16687553836358096,2.949029909160572e-17,-2.0209528495129803e-16,0,0
966,0.8324105104081279,0.825209238293737,0.08548264549666229,0.16799292851265668,2.775557561562892e-17,-1.3704315460216776e-16,0,0
967,0.8514267180663091,0.8313967002855172,0.08715517324599269,0.1690448323935239,-5.637851296924623e-17,2.775557561562892e-17,0,0
968,0.8704431615833069,0.8375841980485086,0.08888167471682692,0.1700523185397465,8.239936510889834e-17,6.938893903907227e-17,0,0
969,0.889460264560468,0.8437717991981054,0.09052655096793889,0.17115200312738887,-5.724587470723462e-17,-6.938893903907227e-17,0,0
970,0.9086080223569876,0.8500289146079409,0.09210258697533227,0.17224652481178132,-2.47198095326695e-17,-1.3877787807814457e-17,0,0
971,0.928241337801702,0.8562114288937527,0.0937816306148115,0.17344817759707332,3.816391647148976e-17,2.6020852139652106e-17,0,0
972,0.9650770123318504,0.8824238855734421,0.09697814660659423,0.17830154081595745,-3.4694469519536136e-17,-6.765421556309548e-17,0,0
973,0.9485879653683792,0.8692077030321319,0.09559493567611853,0.17596030090988307,-1.8214596497756478e-17,1.3704315460216776e-16,0,0
974,1.0,0.8999999999997367,0.1,0.18144458240613748,0.0202411330466429,2.4286128663675302e-17,2,0
975,0.9835368399745886,0.8900000000424553,0.09866455033555746,0.17959801496372266,-1.3877787807814457e-17,-6.765421556309548e-17,0,0
976,0.3257959534184115,0.6057003891521445,0.04082033840254981,0.13603490268657295,1.1275702593849246e-17,0.0,0,0
977,0.3447940095149578,0.6118817324014488,0.042617465043344904,0.13638558618509944,-1.908195823574488e-17,-8.326672684688674e-17,0,0
978,0.3637873670765506,0.6180593589197373,0.04459755022981494,0.13691823807818393,2.6020852139652106e-17,2.203098814490545e-16,0,0
979,0.3067896846622276,0.5995159328828545,0.038916193089276165,0.13535148087776655,-1.8214596497756478e-17,-1.457167719820518e-16,0,0
980,0.2877832578220867,0.5933310533188494,0.03688196371180223,0.13486284158143513,4.77048955893622e-17,3.122502256758253e-17,0,0
981,0.2687767927871035,0.5871467800613279,0.03477459895759277,0.1345314611838735,-8.239936510889834e-18,-4.6837533851373785e-17,0,0
982,0.2497701186974399,0.5809615223696014,0.03281577544013498,0.13417224324691082,1.8648277366750682e-17,-1.1969591984239971e-16,0,0
983,0.2307624356703917,0.5747767109807351,0.03075022184435563,0.13381528870182574,2.0816681711721685e-17,-1.0408340855860844e-17,0,0
984,0.2117524390797383,0.5685912633591023,0.028475308521074754,0.13334479504448254,6.0715321659188256e-18,-1.3877787807814457e-17,0,0
985,0.1927411381161354,0.5624037267314221,0.026305424177926865,0.1330397494860558,-2.8189256484623115e-17,1.43982048506075e-16,0,0
986,0.382782943766766,0.6242475276099412,0.046432707121415596,0.13749024049404007,-5.2909066017292616e-17,-4.8572257327350605e-17,0,0
987,0.4017837449484994,0.6304280362498408,0.04816607765322587,0.138053961322534,-5.204170427930421e-18,1.3183898417423734e-16,0,0
988,0.4207885090540243,0.636617069058607,0.04984742065438965,0.13866924079115123,3.9898639947466563e-17,-5.377642775528102e-17,0,0
989,0.0,0.4800000000009889,0.0,0.12611020210707152,-0.0213494058594245,-2.775557561562892e-17,1,0
990,0.4397963409061336,0.6427951903678397,0.05156419210789266,0.13926581755647077,-6.808789643208968e-17,-8.326672684688674e-17,0,0
991,0.4588004224049851,0.6489871715965883,0.05334581082855325,0.13993323585234224,5.2041704279304207e-17,1.0408340855860844e-16,0,0
992,0.4777977266729186,0.6551681478070286,0.055031672664791406,0.1408016156016289,6.0715321659188256e-18,2.0816681711721685e-17,0,0
993,0.5009511929606045,0.6809094893160849,0.05700907991872582,0.14467990653763807,6.591949208711867e-17,-9.97465998686664e-17,0,0
994,0.5199432317727466,0.6871006594776282,0.05860485427806579,0.14548750223395668,4.597017211338539e-17,-4.6837533851373785e-17,0,0
995,0.538950584262555,0.6932845489396647,0.06026957372754431,0.14641053787228103,-9.063930161978816e-17,8.153200337090992e-17,0,0
996,0.5579545749230157,0.6994693942215024,0.061975548226502475,0.1471480998057768,-1.6479873021779667e-17,1.3877787807814454e-16,0,0
997,0.5769590512378139,0.7056579080459084,0.06381148787352854,0.1479512416415965,-2.949029909160572e-17,3.2959746043559335e-17,0,0
998,0.595964400014502,0.7118457699458358,0.06553852692686107,0.1488641860017457,-4.3368086899420185e-18,-8.673617379884035e-18,0,0
999,0.6149714119136823,0.7180342758851344,0.06701543952310732,0.14984250168650476,7.37257477290143e-17,4.336808689942018e-17,0,0
1000,0.6339819603963828,0.7242203293876287,0.06862762232112646,0.15069114393992444,-5.204170427930421e-18,-3.816391647148976e-17,0,0
1001,0.8092447801807429,0.7994590467251947,0.0835042811726158,0.16324962002285495,2.255140518769849e-17,9.80118763926896e-17,0,0
1002,0.1315611900719755,0.5242805809046562,0.019089040611701594,0.12938733618930834,-3.122502256758253e-17,3.4694469519536136e-17,0,0
1003,0.1505703105217139,0.5304639803703232,0.021594052368941435,0.12974860226885687,-2.4286128663675302e-17,7.28583859910259e-17,0,0
1004,0.1125437040773635,0.5180877071676598,0.01654031490417164,0.1291297490688751,6.938893903907228e-18,4.336808689942018e-17,0,0
1005,0.0942853639106566,0.5127394763510194,0.014099281788031206,0.12884112713667895,-3.209238430557093e-17,6.765421556309548e-17,0,0
1006,0.1695824596073195,0.536655219395051,0.024032923284612387,0.13008909213387096,-1.0408340855860844e-17,-6.418476861114186e-17,0,0
1007,0.0794176659019473,0.5106413105525279,0.012035352651322379,0.12886318770592142,7.892991815694471e-17,-5.377642775528102e-17,0,0
1008,0.068810948723206,0.5003265486823371,0.01062311595762366,0.12784983234592764,3.5561831257524545e-17,-8.847089727481715e-17,0,0
1009,0.0519603346410382,0.4900000000097016,0.008274330718258859,0.12690703248408242,3.469446951953614e-18,-9.367506770274757e-17,0,0
1010,0.034152236918549,0.4800004911421802,0.005451660575699311,0.12589617044315976,8.673617379884035e-18,1.3877787807814457e-17,0,0
1011,0.1885940713243507,0.542846355241736,0.026314763190510966,0.1302045271166707,2.2117724318704287e-17,-2.0816681711721685e-17,0,0
1012,0.0172391281059764,0.4700005967846742,0.002647971217504194,0.12517348724157093,-1.7347234759768068e-17,2.0816681711721685e-17,0,0
1013,0.496798710000979,0.6613560862132437,0.05688090520205162,0.14130159239396534,-2.4286128663675302e-17,-4.640385298237959e-17,0,0
1014,0.6529907869645695,0.7304053786579925,0.07033187667913746,0.15166508346203117,-1.3183898417423734e-16,3.686287386450715e-17,0,0
1015,0.672000747997061,0.7365924289372872,0.07210768146338223,0.1525473322370946,4.076600168545497e-17,1.006139616066548e-16,0,0
1016,0.6910116234179308,0.7427800061314465,0.07359051632739749,0.1536172485251139,-6.071532165918825e-17,-1.5092094240998222e-16,0,0
1017,0.7100260095125318,0.748966267973151,0.07521397355864509,0.15465277781940964,5.4210108624275216e-17,9.020562075079396e-17,0,0
1018,0.7290386086355379,0.7551527174763036,0.07679677633749393,0.15564489754964522,-2.47198095326695e-17,7.28583859910259e-17,0,0
1019,0.7480514858829258,0.7613403571000303,0.07846042466733594,0.15663386643195124,-1.691355389077387e-17,-1.786765180256111e-16,0,0
1020,0.7670652271134033,0.7675272335182537,0.08027065658575952,0.1575721154152091,1.0885389811754463e-16,-1.0408340855860844e-16,0,0
1021,0.7860795575434345,0.7737139337066175,0.0817679167938859,0.1585858873582683,-6.331740687315346e-17,1.5612511283791264e-17,0,0
1022,0.8050959433892653,0.7798943071382342,0.08333060180834329,0.1596440781853003,-7.67615138119737e-17,9.887923813067799e-17,0,0
1023,0.8282609195835238,0.8056466645638318,0.08524454997307476,0.16432036751332174,-8.326672684688674e-17,9.714451465470121e-17,0,0
1024,0.847277068359622,0.8118342443426025,0.08682614240481565,0.16543171852289554,4.163336342344337e-17,-7.28583859910259e-17,0,0
1025,0.8662934376426134,0.818021678730483,0.08862553042121604,0.16638125208701443,-3.0357660829594124e-17,-1.5092094240998222e-16,0,0
1026,0.8853100393555643,0.8242091056725568,0.09024184436621988,0.16749823703485436,-4.8572257327350605e-17,1.6132928326584306e-16,0,0
1027,0.9043269359374904,0.8303967195658246,0.0917762801830673,0.16871201467235,4.77048955893622e-17,-7.28583859910259e-17,0,0
1028,0.92224022155893,0.8362571752039504,0.09316462102113218,0.16977375653757154,1.9949319973733282e-17,-4.163336342344337e-17,0,0
1029,0.9493303811477768,0.8502569970911693,0.09573237032123269,0.17235712897288671,-6.505213034913027e-17,-7.63278329429795e-17,0,0
1030,0.9655560240227652,0.8604040895492127,0.09698380832703235,0.1742099697897307,7.806255641895632e-17,4.6837533851373785e-17,0,0
1031,0.9826794939758152,0.8700000360258888,0.09851549118216166,0.17599212757294327,-6.158268339717665e-17,1.3877787807814457e-17,0,0
1032,1.0,0.8799999999996841,0.1,0.17786564680456574,0.0202360393535535,2.0816681711721685e-17,2,0
1033,0.3216486858328139,0.5861484146939041,0.040900870000137604,0.1328515103670345,2.0816681711721685e-17,5.898059818321144e-17,0,0
1034,0.3406491606659937,0.5923284365941558,0.042831066213913346,0.13344679005380597,9.54097911787244e-18,-6.765421556309548e-17,0,0
1035,0.3596411266755991,0.5985010804044689,0.04464451534499675,0.133831337198097,-3.9898639947466563e-17,-1.2663481374630692e-16,0,0
1036,0.3786306494671473,0.6046886487491743,0.046420775586070905,0.13421341710258694,8.023096076392733e-17,-1.214306433183765e-17,0,0
1037,0.3026430266367966,0.5799638298627808,0.03894530641000152,0.13244122178777823,8.239936510889834e-18,6.245004513516506e-17,0,0
1038,0.2836404392677269,0.5737826288693739,0.036918983678077937,0.13211379668037532,-2.7321894746634715e-17,-1.0928757898653883e-16,0,0
1039,0.2646339403128249,0.5675974411554692,0.03497436456936301,0.13168742258250338,7.806255641895632e-18,5.551115123125783e-17,0,0
1040,0.2456225725587292,0.5614069625973026,0.032802717258303055,0.13128893882476134,1.1275702593849246e-17,1.1796119636642288e-16,0,0
1041,0.226613534568918,0.5552200255790676,0.030721703909433913,0.13089746289909493,-6.938893903907228e-18,1.5612511283791264e-17,0,0
1042,0.2076039501759575,0.5490339746187991,0.02853211984305025,0.1305286015350169,1.0408340855860844e-17,-1.3183898417423734e-16,0,0
1043,0.3976158829836558,0.6108799321713098,0.04823658234213681,0.13492828129584836,-3.209238430557093e-17,-7.979727989493313e-17,0,0
1044,0.4166199934454443,0.6170624073050123,0.0500076022925758,0.13547838948384916,3.599551212651875e-17,-9.540979117872439e-17,0,0
1045,0.4356258235620527,0.6232471927978211,0.05163788276210931,0.13608086922186818,-2.0383000842727486e-17,8.500145032286355e-17,0,0
1046,0.0,0.4600000000009417,0.0,0.12415712787079229,-0.0213904510503932,2.255140518769849e-17,1,0
1047,0.4546319491715681,0.6294317236910107,0.05343334295171827,0.13665171393501763,-2.862293735361732e-17,-1.0234868508263162e-16,0,0
1048,0.4736377808576258,0.6356178288349352,0.05513579350825443,0.13735597268189592,4.163336342344337e-17,-3.122502256758253e-17,0,0
1049,0.4926424083846506,0.6418084762726683,0.05695617184400745,0.13797326530962145,7.979727989493313e-17,2.949029909160572e-17,0,0
1050,0.5157960847111551,0.6675466227973508,0.05856997647959107,0.14204377321597805,3.469446951953614e-18,6.158268339717665e-17,0,0
1051,0.5348040604959418,0.6737315091428331,0.06017238507522539,0.14291720915144296,-1.0408340855860844e-17,-6.765421556309548e-17,0,0
1052,0.5538125011951928,0.679916264765761,0.0618642424863769,0.1438378282733525,6.505213034913027e-17,-1.9081958235744878e-16,0,0
1053,0.5728169134555147,0.6861005902121716,0.06349965314762376,0.14458056251414558,3.642919299551295e-17,-1.5439038936193583e-16,0,0
1054,0.5918226596643426,0.692289190132308,0.06537994055765059,0.14542400015378334,2.0816681711721685e-17,-8.847089727481715e-17,0,0
1055,0.6108260416022554,0.6984772475893211,0.0669776211959407,0.14628061666369743,3.4694469519536136e-17,9.367506770274757e-17,0,0
1056,0.6298338129705376,0.704664046057971,0.06851622291459898,0.1472793058072348,-6.678685382510706e-17,2.949029909160572e-17,0,0
1057,0.6488441878974478,0.7108496975445036,0.0701372262743295,0.14811044221757697,-7.67615138119737e-17,1.474514954580286e-16,0,0
1058,0.8241107727247242,0.78608318084521,0.08490586931065952,0.16081727385193215,5.898059818321144e-17,7.806255641895632e-17,0,0
1059,0.9372625632608884,0.8398568400836623,0.09455296800310267,0.1704687535168118,-3.5561831257524545e-17,1.231653667943533e-16,0,0
1060,0.1274334221577162,0.5047425501060429,0.01899574838692403,0.12705657535511966,1.5178830414797062e-17,1.0928757898653883e-16,0,0
1061,0.1464328721720336,0.510914892449374,0.02157936506303757,0.12721774973188832,-3.2959746043559335e-17,-8.673617379884035e-18,0,0
1062,0.1654367978125669,0.5170992809617424,0.02394823145332663,0.12749482441887056,3.5561831257524545e-17,-6.591949208711867e-17,0,0
1063,0.1085212146245899,0.4986681938923948,0.016549772839612478,0.1268857564053317,-1.0408340855860844e-17,-1.1969591984239971e-16,0,0
1064,0.0874319846532542,0.4938377905221218,0.013477526948700122,0.12685185249111128,2.0816681711721685e-17,8.326672684688674e-17,0,0
1065,0.1844484247106447,0.5232902519950113,0.02633623943752108,0.12761774493513878,-4.77048955893622e-18,8.673617379884035e-18,0,0
1066,0.068382456234365,0.4819179990069119,0.010938386076542166,0.1258526471170951,-3.9898639947466563e-17,-4.336808689942018e-17,0,0
1067,0.0505450399728448,0.4710952180076893,0.008429735525778328,0.12481345301937785,3.469446951953614e-18,-6.938893903907228e-18,0,0
1068,0.0340322237601898,0.4579500016126375,0.0056631769891522495,0.12358075773534745,4.6837533851373785e-17,2.255140518769849e-17,0,0
1069,0.2034570656381529,0.5294779097081694,0.028643157673590755,0.1278511409325892,4.336808689942019e-19,8.673617379884035e-18,0,0
1070,0.0161495600227606,0.4496584989611059,0.002770013779313415,0.12301794129961766,-1.474514954580286e-17,-8.673617379884034e-17,0,0
1071,0.5116489851709163,0.6479934062700932,0.058500657262265554,0.1386321363661458,-9.194034422677078e-17,-1.1709383462843448e-16,0,0
1072,0.6678548089036342,0.7170355511284675,0.07177125331957016,0.14899930289559823,5.551115123125783e-17,-8.066464163292153e-17,0,0
1073,0.6868659517571258,0.7232215617467075,0.07344391619467523,0.15016953750349415,1.5525775109992423e-16,1.1622647289044608e-16,0,0
1074,0.7058775434454216,0.7294076997971323,0.07500217009162388,0.1510113832942012,-1.6219664500383146e-16,-1.9255430583342559e-16,0,0
1075,0.7248898263338089,0.7355941212004952,0.07654872126008704,0.15188909739651393,1.1102230246251563e-16,-4.6837533851373785e-17,0,0
1076,0.743902643955853,0.7417809950473622,0.0782107219563307,0.1529960914228089,3.903127820947816e-17,-6.938893903907228e-18,0,0
1077,0.7629160927458514,0.7479675663156982,0.07980181221185971,0.15404609141130793,-2.255140518769849e-17,3.816391647148976e-17,0,0
1078,0.7819300903265474,0.7541540243280321,0.08158537689687378,0.15502391861347942,-5.1608023410310005e-17,3.4694469519536136e-17,0,0
1079,0.8009466327178605,0.7603332409452955,0.08318154187494575,0.15608275064086802,4.3368086899420185e-18,-1.3877787807814454e-16,0,0
1080,0.8199615448734022,0.766520951625382,0.08469350109887719,0.15704836451626558,3.903127820947816e-18,-9.194034422677078e-17,0,0
1081,0.8431270365717026,0.7922714055755664,0.08659143430095081,0.16188125840527579,-4.6837533851373785e-17,-5.637851296924623e-17,0,0
1082,0.8621436574615364,0.7984590441531751,0.08818197531145142,0.16293533375653285,3.382710778154774e-17,1.6132928326584306e-16,0,0
1083,0.8811602895402803,0.8046465797242425,0.08982133521680727,0.16395314585885148,-7.37257477290143e-17,-1.249000902703301e-16,0,0
1084,0.900177174100362,0.8108342880653443,0.09146890173723993,0.1650705870206136,1.0451708942760264e-16,-4.163336342344337e-17,0,0
1085,0.9191942350423896,0.8170219174084089,0.09286714941228316,0.16627166306223107,3.7296554733501346e-17,1.1102230246251563e-16,0,0
1086,0.9357485913682624,0.8235944321051887,0.09437716312497992,0.167395796688039,-5.030698080332741e-17,-1.0928757898653883e-16,0,0
1087,0.9506329972560504,0.8320985700064011,0.09585707123688772,0.1689513735309368,-8.153200337090992e-17,-7.112366251504909e-17,0,0
1088,0.965778742893158,0.8407393096324844,0.09702606510921435,0.17055121147226554,1.1362438767648086e-16,1.0581813203458523e-16,0,0
1089,0.9827123339264616,0.8500674291397476,0.09850775008394809,0.17228309242987655,-5.204170427930421e-18,5.898059818321144e-17,0,0
1090,1.0,0.8599999999996314,0.1,0.1740683887665397,0.0202330007173196,-2.4286128663675302e-17,2,0
1091,0.3175029992312272,0.5665979232241509,0.0409703281742962,0.12982053744651972,-1.8214596497756478e-17,2.255140518769849e-17,0,0
1092,0.3365078535235924,0.5727820666353205,0.04277348198118987,0.13027345797726986,7.979727989493313e-17,1.474514954580286e-16,0,0
1093,0.3555110428624504,0.5789652046449586,0.04464817859339153,0.13068954202761562,-7.37257477290143e-17,-5.2041704279304207e-17,0,0
1094,0.3744958875780239,0.5851307269130442,0.04634554279576568,0.13118274895016963,-4.640385298237959e-17,9.714451465470121e-17,0,0
1095,0.3934778015159318,0.5913245117526988,0.048140470877885255,0.13169860225435462,1.214306433183765e-17,1.1449174941446927e-16,0,0
1096,0.2985155178974904,0.5604148744481133,0.039079312460965396,0.12945049936573952,-4.4235448637408575e-17,2.4286128663675302e-17,0,0
1097,0.2795170769974178,0.5542403057784844,0.037107968868876975,0.1290059833668212,2.6020852139652106e-17,1.0408340855860844e-16,0,0
1098,0.2605046327785069,0.5480484852011787,0.03512649909115201,0.12868968214600052,0.0,-7.63278329429795e-17,0,0
1099,0.2414755253511439,0.5418492181483393,0.032920298494033176,0.12838130996649033,1.734723475976807e-18,3.2959746043559335e-17,0,0
1100,0.2224659583705796,0.5356641232350368,0.030822622471023797,0.12812293052327295,-3.642919299551295e-17,2.775557561562892e-17,0,0
1101,0.4124717747042902,0.5975156474516605,0.050003384970976734,0.1322279294500742,4.033232081646077e-17,3.642919299551295e-17,0,0
1102,0.4314775573022257,0.6037003040586321,0.05181713663998637,0.13286362306441946,-4.9439619065338996e-17,-4.510281037539698e-17,0,0
1103,0.4504835162602462,0.6098850090853725,0.053426114104974616,0.13341560691374743,3.816391647148976e-17,2.0816681711721685e-17,0,0
1104,0.0,0.4400000000008816,0.0,0.12196431386475201,-0.0215030046927375,2.4286128663675302e-17,1,0
1105,0.4694895357831493,0.616070139006795,0.05526157717184585,0.13408316601614617,-2.3852447794681098e-17,-2.4286128663675302e-17,0,0
1106,0.4884953690483109,0.6222559155296565,0.05690695400685642,0.13476689789160895,-4.076600168545497e-17,1.249000902703301e-16,0,0
1107,0.5075018458477573,0.6284408402644139,0.05854433664261345,0.1353794584334284,8.673617379884035e-19,1.4224732503009818e-16,0,0
1108,0.5306560188695938,0.6541780877420731,0.060156679240339,0.1394070779276801,5.204170427930421e-18,1.2663481374630692e-16,0,0
1109,0.5496635800991954,0.6603621337229171,0.06170851848406008,0.1404008968926756,-4.3368086899420185e-18,9.367506770274757e-17,0,0
1110,0.5686690216939868,0.6665466481276852,0.06338392332706473,0.14119776591268188,-4.8572257327350605e-17,1.5612511283791264e-16,0,0
1111,0.5876741963788074,0.6727339476201795,0.06521059405843452,0.1420363225392942,-5.334274688628682e-17,1.0408340855860844e-17,0,0
1112,0.6066778482067238,0.6789220181048121,0.06687358791972332,0.14279390539622638,-2.0816681711721685e-17,2.949029909160572e-17,0,0
1113,0.6256861168437444,0.6851081854098654,0.06833712363942596,0.1436634111987526,8.847089727481715e-17,-5.551115123125783e-17,0,0
1114,0.6446959005959956,0.6912936831477505,0.06992691131243622,0.1446022874549646,-4.77048955893622e-17,-1.491862189340054e-16,0,0
1115,0.6637062664857509,0.6974789998454218,0.07159541760448637,0.1455297850977621,1.3877787807814457e-17,-1.3877787807814457e-17,0,0
1116,0.838977273901337,0.7727091628841023,0.08631303809435562,0.1582687452817103,8.847089727481715e-17,8.890457814381135e-17,0,0
1117,0.1232965906203719,0.4851925328197998,0.019119325533065484,0.1246952306991055,-2.6020852139652106e-17,-5.204170427930421e-18,0,0
1118,0.1422947728811932,0.4913609110288597,0.02161940448241615,0.12477395388429753,1.3010426069826053e-17,-7.112366251504909e-17,0,0
1119,0.1612999002510533,0.4975473514936871,0.0240843056783262,0.12502970514109835,3.903127820947816e-18,-8.673617379884035e-18,0,0
1120,0.180302300662576,0.5037358593254521,0.026456742094133803,0.12519399891648764,-5.551115123125783e-17,9.194034422677078e-17,0,0
1121,0.104247653107413,0.4789673082894951,0.016468708468845863,0.12458703973174601,2.6020852139652106e-17,3.642919299551295e-17,0,0
1122,0.1993103868732188,0.5099226703326881,0.028752983900162763,0.12516794009352375,3.122502256758253e-17,1.0755285551056204e-16,0,0
1123,0.0852343550394216,0.4727796787473049,0.013679567601697088,0.12441826291794011,1.0408340855860844e-17,-6.765421556309548e-17,0,0
1124,0.0663120743764252,0.4634687580723172,0.01093858960047444,0.12383211364397097,-1.1709383462843448e-17,-1.5612511283791264e-17,0,0
1125,0.0496570672858958,0.4551747502388809,0.008293694640057504,0.12319681545998173,2.0816681711721685e-17,-2.4286128663675302e-17,0,0
1126,0.0287554489035115,0.4400961875692074,0.00499533585248773,0.1219003752226782,-3.903127820947816e-17,-6.245004513516506e-17,0,0
1127,0.2183184992960032,0.5161088916188684,0.03095706877676656,0.12545150136698516,-1.734723475976807e-18,-1.734723475976807e-18,0,0
1128,0.0173205080757259,0.4300000000008601,0.0030395152196814046,0.12108595241530228,2.5153490401663706e-17,6.245004513516506e-17,0,0
1129,0.5265082656430332,0.6346254979484978,0.06021194010235179,0.13605073224877468,-1.3877787807814457e-17,-4.9439619065338996e-17,0,0
1130,0.6827172979909774,0.7036643708661068,0.07318711054626774,0.14644054238331614,-6.938893903907228e-18,-3.3393426912553537e-17,0,0
1131,0.70172755547971,0.7098503508275322,0.07487481499815962,0.14740050518670955,2.5587171270657905e-17,1.43982048506075e-16,0,0
1132,0.7207390589720337,0.7160374693040814,0.07660740327211873,0.14843930854692472,-1.3444106938820257e-17,-2.775557561562892e-17,0,0
1133,0.7397530551707173,0.7222233225489723,0.0779585373769269,0.14938600697506071,-9.6710833785707e-17,8.500145032286355e-17,0,0
1134,0.7587668426224738,0.7284083719450184,0.07959263901834807,0.15025986229939614,6.591949208711867e-17,9.020562075079396e-17,0,0
1135,0.7777803717450819,0.7345940805880222,0.08129586704834652,0.15127172340331038,-5.637851296924623e-17,2.949029909160572e-17,0,0
1136,0.7967965212587101,0.7407740799321885,0.08282882170188383,0.15239709440344673,1.0148132334464322e-16,6.938893903907227e-17,0,0
1137,0.8158118839228179,0.7469605548037537,0.0844451119220784,0.1535364145706677,-1.1275702593849246e-16,7.28583859910259e-17,0,0
1138,0.8348279368266607,0.7531462216383283,0.08607302873187508,0.1545652645565145,4.033232081646077e-17,-8.500145032286355e-17,0,0
1139,0.857993712499591,0.7788959499601835,0.08780693013896682,0.15935201178223835,-5.724587470723462e-17,-1.1145598333150986e-16,0,0
1140,0.8770104335423952,0.7850837610707307,0.08952044580217616,0.1603897973458201,4.2934406030425976e-17,2.6020852139652106e-17,0,0
1141,0.8960272951943975,0.7912713329923406,0.09127093155776766,0.1614896595171279,-4.076600168545497e-17,-3.816391647148976e-17,0,0
1142,0.9150444297793912,0.7974588479606113,0.09280980533910485,0.16267241902129445,-2.8189256484623115e-17,1.734723475976807e-18,0,0
1143,0.9336566617248327,0.8036788091305764,0.0942567365121694,0.1636825196247087,1.6479873021779667e-17,5.724587470723462e-17,0,0
1144,0.9500431220994036,0.8123342241154095,0.09581235965694743,0.16529596021865411,3.122502256758253e-17,-5.030698080332741e-17,0,0
1145,0.966309714969494,0.820900973769029,0.09710330356483397,0.1669214852316348,5.117434254131581e-17,-1.4051260155412135e-16,0,0
1146,0.9827621579464588,0.8301471100916651,0.09844177761317649,0.16857093198778472,-4.8572257327350605e-17,-5.377642775528102e-17,0,0
1147,1.0,0.8399999999995788,0.1,0.17046922168164624,0.0202280749515235,3.469446951953614e-18,2,0
1148,0.3323657822622717,0.55323473382102,0.042985617923732164,0.12722640645994215,3.9464959078472355e-17,-1.1796119636642288e-16,0,0
1149,0.31338140275205,0.5470476962718525,0.04112675638638655,0.1268010242944969,2.0816681711721685e-17,6.938893903907228e-18,0,0
1150,0.3513663931566611,0.559415319390661,0.0447690501602171,0.1275910606392323,2.8189256484623115e-17,8.673617379884034e-17,0,0
1151,0.3703668539099725,0.5655979512966067,0.04658280368969331,0.12805999093372505,-2.47198095326695e-17,-9.194034422677078e-17,0,0
1152,0.3893516319341527,0.5717702081003556,0.04839631623726501,0.12851158257097028,-4.81385764583564e-17,-1.3530843112619095e-16,0,0
1153,0.4083379430239275,0.5779580857211308,0.050082925890966065,0.12900746795634568,6.071532165918825e-17,9.020562075079396e-17,0,0
1154,0.2944035715642443,0.5408658777808418,0.039136306092871984,0.12644746037983845,-4.81385764583564e-17,-6.765421556309548e-17,0,0
1155,0.2754164569026066,0.5346961485942923,0.03730761020222384,0.12604894832813812,2.255140518769849e-17,-5.204170427930421e-18,0,0
1156,0.2563492058061937,0.5284855536139887,0.03525375457943709,0.1257506163766888,4.250072516143178e-17,-2.949029909160572e-17,0,0
1157,0.2373320374714019,0.5222947786073903,0.03310642270970294,0.12566572841240994,-8.673617379884035e-18,-1.1449174941446927e-16,0,0
1158,0.4273328818106854,0.5841486748163871,0.0517635041044591,0.1294466235504954,1.691355389077387e-17,9.714451465470121e-17,0,0
1159,0.4463360012887717,0.5903344605453236,0.05338513929022493,0.1300774268349461,-5.117434254131581e-17,-3.9898639947466563e-17,0,0
1160,0.044114171038956,0.4413988416672508,0.007660780870784985,0.12182701796922948,1.474514954580286e-17,3.642919299551295e-17,0,0
1161,0.4653415223114996,0.5965187299070503,0.05524481340916045,0.13080844570059866,6.114900252818245e-17,3.2959746043559335e-17,0,0
1162,0.0,0.4200000000008387,0.0,0.1202132245914919,-0.0216443174695896,-5.2041704279304207e-17,1,0
1163,0.4843460351772072,0.6027030438095247,0.05688242183606654,0.1313408580354094,-7.762887554996212e-17,-8.847089727481715e-17,0,0
1164,0.5033530004261795,0.6088885657336739,0.05851502926457345,0.13207106744308553,6.158268339717665e-17,-7.45931094670027e-17,0,0
1165,0.5223613737175565,0.6150738445408712,0.06019877320265379,0.13271977183612907,-2.0383000842727486e-17,3.469446951953614e-18,0,0
1166,0.5455143143222706,0.640809916560145,0.0617649921605911,0.13686192280873427,-3.816391647148976e-17,-8.716985466783456e-17,0,0
1167,0.5645201372853582,0.6469933835815894,0.06339054665793376,0.13779312427859952,5.030698080332741e-17,4.336808689942018e-17,0,0
1168,0.5835264978605184,0.6531795437139425,0.06507259927675903,0.13858692512143314,-3.859759734048396e-17,1.7347234759768068e-17,0,0
1169,0.6025322373917583,0.659365695430158,0.06674835388498088,0.1393441449163266,3.9464959078472355e-17,-2.775557561562892e-17,0,0
1170,0.6215387405147108,0.6655527973813422,0.06823681200097198,0.140087603167562,2.47198095326695e-17,-2.775557561562892e-17,0,0
1171,0.640547722029794,0.6717382015017543,0.06980914290267762,0.14101927377886458,4.3368086899420185e-18,7.28583859910259e-17,0,0
1172,0.6595575627794577,0.6779232687804472,0.07156861575250584,0.14199975742238066,2.862293735361732e-17,2.6020852139652106e-17,0,0
1173,0.6785684547732315,0.6841077090148118,0.07296271916158151,0.14279311386481056,2.5153490401663706e-17,-1.3357370765021415e-16,0,0
1174,0.8538440456527604,0.7593338275156309,0.08763747283921221,0.15568074932118398,3.469446951953614e-18,6.505213034913027e-17,0,0
1175,0.1191395384156873,0.4656133071457115,0.019006401783906904,0.12242823381412393,-2.0816681711721685e-17,3.816391647148976e-17,0,0
1176,0.1381418912537605,0.4718060328988718,0.021664017850763127,0.12251478851445939,5.637851296924623e-18,6.071532165918825e-17,0,0
1177,0.157152960218723,0.4779946122205077,0.024084750284423813,0.12254811588851769,8.673617379884035e-18,4.6837533851373785e-17,0,0
1178,0.1761598218266357,0.4841817011511405,0.026539793510399895,0.12252772644991193,-2.775557561562892e-17,-6.591949208711867e-17,0,0
1179,0.1951662058859963,0.4903681788304218,0.02896461466409704,0.12266718936345711,2.5153490401663706e-17,-6.765421556309548e-17,0,0
1180,0.1001058045547941,0.4594141724872203,0.016374883504415023,0.12237250298702207,-6.938893903907228e-18,6.938893903907227e-17,0,0
1181,0.2141835123228435,0.4965536832902262,0.031209115486882724,0.12283110593982705,8.673617379884035e-19,-8.673617379884034e-17,0,0
1182,0.0810873934512805,0.4532211310011378,0.013454826009150612,0.12217418474878197,-1.474514954580286e-17,-1.5612511283791264e-17,0,0
1183,0.062073344460481,0.4470323766454465,0.01030119960897108,0.1221076990067826,-1.3444106938820257e-17,7.45931094670027e-17,0,0
1184,0.0360843343610106,0.4223089036105673,0.006588340532999988,0.1201820992229968,1.3010426069826053e-17,2.255140518769849e-17,0,0
1185,0.2332116984299824,0.5027428855444968,0.03332216859356901,0.1230155021606876,8.153200337090992e-17,3.9898639947466563e-17,0,0
1186,0.0175648182895805,0.4104256009755041,0.00328689482034301,0.11926513934944845,-4.076600168545497e-17,0.0,0,0
1187,0.5413669569715189,0.6212580489089887,0.06164932693272822,0.13338904813030752,2.0816681711721685e-17,7.589415207398531e-17,0,0
1188,0.6975792430868969,0.6902927735659448,0.07459768731337546,0.14386888656788133,1.908195823574488e-17,-9.714451465470121e-17,0,0
1189,0.7165870184675184,0.6964805301119954,0.07631397093695222,0.14479389910167073,-5.811323644522304e-17,5.377642775528102e-17,0,0
1190,0.7355994980679346,0.7026675868413418,0.07785001097667368,0.14573787412333022,1.6479873021779667e-17,3.816391647148976e-17,0,0
1191,0.754615480566144,0.7088522118972713,0.07928035071112285,0.14665452388570538,-9.107298248878237e-18,-5.898059818321144e-17,0,0
1192,0.773630347142612,0.7150351712768876,0.08102761574086045,0.14768970762508643,9.84455572616838e-17,4.8572257327350605e-17,0,0
1193,0.7926430621053258,0.7212185694864821,0.08253039843732905,0.14880423114470892,-5.377642775528102e-17,-1.2663481374630692e-16,0,0
1194,0.8116604839143701,0.7274037485638392,0.084154062607871,0.14986407947744634,-8.326672684688674e-17,3.2959746043559335e-17,0,0
1195,0.8306767590746548,0.7335873256619297,0.08574652452387076,0.15098364159140584,6.938893903907227e-17,1.214306433183765e-16,0,0
1196,0.8496938396475804,0.7397728434089008,0.08739108738209414,0.15196261696281746,-8.673617379884035e-18,4.8572257327350605e-17,0,0
1197,0.872860545594726,0.7655210071152887,0.08915625173109808,0.15676620721384066,6.418476861114186e-17,-1.431146867680866e-17,0,0
1198,0.8918773266745113,0.7717085061223168,0.09082210462752446,0.15786615375403967,-4.9873299934333204e-17,-2.775557561562892e-17,0,0
1199,0.9108830767172672,0.7778968093973516,0.09249997130935386,0.15901307980776627,-3.642919299551295e-17,-4.336808689942018e-17,0,0
1200,0.9298441315145488,0.7840887554822729,0.093932007975118,0.16009255424336055,-5.464378949326943e-17,9.887923813067799e-17,0,0
1201,0.94834746609236,0.7914411192216215,0.09569540149963063,0.16137656597613068,6.331740687315346e-17,1.908195823574488e-17,0,0
1202,0.96586945776398,0.800426505175249,0.09707467224171837,0.16295553958595327,-1.734723475976807e-18,1.0408340855860844e-16,0,0
1203,0.9827228803284096,0.8100754326825386,0.09858859628318119,0.1648507750668368,-7.112366251504909e-17,-1.3877787807814457e-17,0,0
1204,1.0,0.8199999999995261,0.1,0.16695282729851268,0.0202221878212583,-5.204170427930421e-18,2,0
1205,0.3472315991432654,0.5398670613064445,0.04505593472457326,0.12446260415176198,-5.464378949326943e-17,3.2959746043559335e-17,0,0
1206,0.3282525731573496,0.5336808737388197,0.04308834617816691,0.12411575743558464,2.6020852139652106e-18,-4.510281037539698e-17,0,0
1207,0.3092717831949501,0.5275034948931748,0.041220769284523326,0.12379098154350354,4.77048955893622e-18,-6.071532165918825e-17,0,0
1208,0.3662218923877427,0.5460492529816379,0.04679700130609473,0.12486860427403783,1.7347234759768068e-17,2.6020852139652106e-17,0,0
1209,0.385221565323316,0.552230953860034,0.04853269716288852,0.12527826962733357,-3.903127820947816e-18,9.887923813067799e-17,0,0
1210,0.4042085689162567,0.5584048396337746,0.050193786733687185,0.1257684518100579,-3.469446951953614e-18,-1.1969591984239971e-16,0,0
1211,0.4231963044537855,0.5645927368279109,0.05183115172832731,0.12619915161082734,-2.5153490401663706e-17,-1.474514954580286e-16,0,0
1212,0.2902997594423332,0.5213372705264039,0.03950323418966256,0.12357604199716007,2.0816681711721685e-17,4.336808689942018e-17,0,0
1213,0.271254077141797,0.5151391156803253,0.0375294267586251,0.12329392207233347,4.3368086899420185e-18,1.5612511283791264e-17,0,0
1214,0.2521979919494032,0.5089293900554219,0.035377363993400926,0.12315292788719472,-8.239936510889834e-17,-1.0408340855860844e-17,0,0
1215,0.4421893940100687,0.5707838414242068,0.053559812371099,0.12677040977947585,1.3877787807814457e-17,1.006139616066548e-16,0,0
1216,0.4611937548380324,0.5769680377010564,0.05519495315277834,0.12726088228751758,2.0816681711721685e-17,-1.908195823574488e-17,0,0
1217,0.0574949826885898,0.4276529942629444,0.010002850776482445,0.12005451560098662,-1.0842021724855044e-17,-4.510281037539698e-17,0,0
1218,0.4801971639625702,0.5831521719538539,0.056816139231226054,0.12800896091663513,-4.380176776841438e-17,4.163336342344337e-17,0,0
1219,0.0,0.4000000000007742,0.0,0.11842391685376287,-0.0217418027089076,2.4286128663675302e-17,1,0
1220,0.4992046967442916,0.5893380618958891,0.058533427117959336,0.12862881764360568,4.77048955893622e-18,1.0408340855860844e-17,0,0
1221,0.5182163577096701,0.5955238092898816,0.060180210635795664,0.12930427709569325,1.3010426069826053e-17,6.938893903907227e-17,0,0
1222,0.5372202151057295,0.6017067286522931,0.06173663237342292,0.12998551915888773,-3.4694469519536136e-17,-6.765421556309548e-17,0,0
1223,0.5603724010356121,0.6274420366606016,0.06332880529568513,0.1341567481267691,0.0,-1.4094628242311558e-16,0,0
1224,0.5793780517578895,0.6336267943104534,0.0649926169714135,0.13497570263340192,4.336808689942018e-17,-1.214306433183765e-17,0,0
1225,0.5983848472990851,0.6398118044737149,0.06662547198332407,0.13579616424849905,4.163336342344337e-17,-7.28583859910259e-17,0,0
1226,0.6173913943100389,0.6459981392940749,0.06814332178330755,0.1366867627498056,-1.3010426069826053e-18,0.0,0,0
1227,0.6363996450719812,0.6521834078875269,0.0696717174138528,0.13750281260636227,8.239936510889834e-18,-2.6020852139652106e-17,0,0
1228,0.6554086162357853,0.6583681084020602,0.07129067878072451,0.13834766114275013,1.1275702593849246e-17,-1.2663481374630692e-16,0,0
1229,0.674418416556189,0.6645529107708847,0.0728222849858263,0.13929290303002692,5.204170427930421e-18,1.3183898417423734e-16,0,0
1230,0.6934300505204141,0.6707363387298786,0.07441252314276287,0.1401405817920472,-5.811323644522304e-17,6.418476861114186e-17,0,0
1231,0.8687106334263774,0.7459585606245203,0.08895176928276687,0.15303698658705145,-3.2959746043559335e-17,-3.209238430557093e-17,0,0
1232,0.1149852195799423,0.4460633444415708,0.01915143496083681,0.12028670357023194,-5.637851296924623e-18,-3.2959746043559335e-17,0,0
1233,0.1339978973242074,0.4522573120980663,0.021756257925050607,0.12033402100225737,4.9873299934333204e-17,-6.765421556309548e-17,0,0
1234,0.1530051110825724,0.4584459194844551,0.024306565653190074,0.12036338881117584,-4.81385764583564e-17,-6.418476861114186e-17,0,0
1235,0.1720121286163279,0.4646290766035568,0.026840822554170862,0.12022183210007807,5.4210108624275216e-17,5.898059818321144e-17,0,0
1236,0.1910221671566101,0.4708151356784219,0.029158573615493028,0.12014230794776998,-3.2959746043559335e-17,-3.816391647148976e-17,0,0
1237,0.2100461407425991,0.4770022009129993,0.031568162237321576,0.12024333067264467,1.214306433183765e-17,1.0408340855860844e-16,0,0
1238,0.0959699131576203,0.4398669544260051,0.016296859205740116,0.1202651643420931,-3.903127820947816e-18,-5.377642775528102e-17,0,0
1239,0.2290997351128558,0.4831867401197233,0.03361626745778247,0.12027845688519188,-4.8572257327350605e-17,2.0816681711721685e-17,0,0
1240,0.0769512508937457,0.4336684058661495,0.01315687088915839,0.1201228066425028,1.1275702593849246e-17,6.418476861114186e-17,0,0
1241,0.0538878564938205,0.4079458110063766,0.009941347702553331,0.118511260062554,1.214306433183765e-17,7.45931094670027e-17,0,0
1242,0.0350515232976355,0.399886153547147,0.0067908344296607245,0.1181547957711519,-1.3877787807814457e-17,-6.418476861114186e-17,0,0
1243,0.2481157884509995,0.4893928408667221,0.03573034155895072,0.12047388925138167,-2.905661822261152e-17,9.540979117872439e-17,0,0
1244,0.0169325440031115,0.3903585486928374,0.003214487929271435,0.11749164277677154,3.4694469519536136e-17,7.45931094670027e-17,0,0
1245,0.5562252547095237,0.6078906812689551,0.06321889257850656,0.1305798459587778,1.2836953722228372e-16,6.375108774214766e-17,0,0
1246,0.7124368012668798,0.6769236791774282,0.07610339290337384,0.14128465082967384,3.469446951953614e-18,1.0842021724855044e-17,0,0
1247,0.7314480645538992,0.6831125168325306,0.07771820921992101,0.14211540337086315,5.854691731421724e-17,-1.214306433183765e-16,0,0
1248,0.7504632664311354,0.6892961400312309,0.0792049610287975,0.14307344645896358,3.4694469519536136e-17,-6.938893903907227e-17,0,0
1249,0.7694796881273867,0.6954779856300062,0.08066311868316364,0.14409704949239752,-1.0972125985553304e-16,-8.153200337090992e-17,0,0
1250,0.7884956858764876,0.7016620692735279,0.08246354002264569,0.1452394310711312,8.196568423990414e-17,1.491862189340054e-16,0,0
1251,0.8075089173021484,0.707846591141313,0.0839868088173436,0.14616305301458926,-3.4694469519536136e-17,-2.0816681711721685e-17,0,0
1252,0.82652507360558,0.714031566496452,0.0856224352161386,0.14733565314112895,-7.112366251504909e-17,-5.724587470723462e-17,0,0
1253,0.8455416559371662,0.7202175979761236,0.08722145360191597,0.14846101337823997,1.1362438767648086e-16,5.724587470723462e-17,0,0
1254,0.8645582707070242,0.7263996704388772,0.08872094619278256,0.1494691699123502,-4.076600168545497e-17,1.7347234759768068e-17,0,0
1255,0.8877273476423613,0.7521457463372874,0.09061484006866484,0.15416428572595997,1.3877787807814457e-17,1.305379415672547e-16,0,0
1256,0.9067442131718002,0.7583330895132833,0.0921530078075295,0.15526814951975065,1.6046192152785466e-17,2.949029909160572e-17,0,0
1257,0.9257290466539017,0.7646333834845138,0.09370667990872436,0.15648415637804772,-9.367506770274757e-17,-4.6837533851373785e-17,0,0
1258,0.9453812037290754,0.7715009023467765,0.09532031761170351,0.1577717577200643,1.6956921977673292e-16,-2.4286128663675302e-17,0,0
1259,0.964508883461116,0.7801129579306842,0.09705843480582939,0.15931789846584904,-1.5959455978986623e-16,-1.0581813203458523e-16,0,0
1260,0.9826794919242662,0.7899999999994541,0.09861588303079985,0.16103438461675249,3.642919299551295e-17,1.6306400674181987e-16,0,0
1261,1.0,0.7999999999994734,0.1,0.16301605458683535,0.020215458576324,3.4694469519536136e-17,2,0
1262,0.3620835169475397,0.5264994555259896,0.0470163971690231,0.12167384228328262,8.153200337090992e-17,-5.204170427930421e-18,0,0
1263,0.3431127848967933,0.5203126877845595,0.04518867298626545,0.12135543097967136,-6.591949208711867e-17,-3.2959746043559335e-17,0,0
1264,0.3241307230742146,0.5141374702707386,0.04333203772116223,0.12103622309099886,2.0816681711721685e-17,5.724587470723462e-17,0,0
1265,0.3051545724300852,0.5079703323650888,0.04157515573242519,0.12080576332360371,1.9949319973733282e-17,7.806255641895632e-17,0,0
1266,0.381076046727779,0.5326845848867667,0.04872037284415061,0.12206439642947023,-3.816391647148976e-17,-7.63278329429795e-17,0,0
1267,0.4000756703846277,0.538865175081111,0.05037963230737019,0.12254095898588092,6.071532165918825e-17,-1.214306433183765e-17,0,0
1268,0.41906383256847,0.5450393406969847,0.05202648884327232,0.12302944965907431,-3.382710778154774e-17,1.1275702593849246e-16,0,0
1269,0.4380531922691464,0.5512299240976506,0.05377700847018817,0.12339119411594912,-1.6479873021779667e-17,0.0,0,0
1270,0.286148937349574,0.5017900023696344,0.039705851477809,0.12058757900867567,-3.5128150388530344e-17,-6.938893903907228e-18,0,0
1271,0.2671073997685077,0.4955943679688046,0.03776846675138934,0.12049092714750936,1.6046192152785466e-17,-1.908195823574488e-17,0,0
1272,0.4570468014096947,0.557418280849444,0.0554277982494856,0.12393220418240958,1.5612511283791264e-17,-1.0408340855860844e-16,0,0
1273,0.4760504067417126,0.5636019354304915,0.05698163013230008,0.12456092456382617,4.336808689942019e-19,4.8572257327350605e-17,0,0
1274,0.0728354614639834,0.414134222126641,0.013134522495049426,0.11848754202941425,-3.165870343657673e-17,-3.2959746043559335e-17,0,0
1275,0.4950542436503942,0.5697873439073052,0.05863500380910314,0.1251895394928373,2.4286128663675302e-17,-4.510281037539698e-17,0,0
1276,0.0,0.3800000000007314,0.0,0.11697654972484577,-0.0218770360712388,1.7347234759768068e-17,1,0
1277,0.5140613795397282,0.5759734366810957,0.060359825186733315,0.1258933406823987,-4.250072516143178e-17,-1.231653667943533e-16,0,0
1278,0.5330711060001495,0.5821571683191666,0.06184401491031002,0.1265238746261314,3.0357660829594124e-17,5.551115123125783e-17,0,0
1279,0.552078190746913,0.5883384731468089,0.06331598386958966,0.1273003665438218,2.3418766925686896e-17,-1.908195823574488e-17,0,0
1280,0.5752309045859183,0.6140748761095226,0.06485021880937565,0.1314903982736913,-4.510281037539698e-17,-7.892991815694471e-17,0,0
1281,0.5942370739388064,0.6202595467924117,0.0664943195088412,0.13232331973537365,7.806255641895632e-18,3.2959746043559335e-17,0,0
1282,0.6132439593876879,0.62644432504495,0.06800781823860537,0.1330605769580806,-4.2934406030425976e-17,-3.9898639947466563e-17,0,0
1283,0.6322516335269948,0.6326292057068523,0.06949563349023806,0.13386671965514008,6.938893903907228e-18,5.204170427930421e-18,0,0
1284,0.6512599844238054,0.6388140220296702,0.07118222286545875,0.1347844823124436,-4.119968255444917e-17,2.0816681711721683e-16,0,0
1285,0.670269361146377,0.6449989316359775,0.07281747865967422,0.13556564755067346,-9.237402509576498e-17,4.163336342344337e-17,0,0
1286,0.6892789580001728,0.6511835862313037,0.07428063969576995,0.13657707078531273,1.5612511283791264e-17,-4.163336342344337e-17,0,0
1287,0.7082897554303216,0.6573694619554743,0.07583366622280815,0.13772041413614516,3.816391647148976e-17,1.0928757898653883e-16,0,0
1288,0.8835767549293259,0.7325840550213859,0.09035116043879822,0.15052574993528156,3.9898639947466563e-17,-7.45931094670027e-17,0,0
1289,0.1108456913189854,0.4265108271313616,0.01921045821862828,0.11824220542144467,-7.806255641895632e-18,3.122502256758253e-17,0,0
1290,0.1298521234983022,0.4327056113850246,0.021810350470707462,0.11820356909490581,-1.0842021724855044e-17,-1.214306433183765e-17,0,0
1291,0.1488586660655851,0.4388917990659014,0.02454170910783379,0.11802230514776696,-3.0357660829594124e-18,1.1449174941446927e-16,0,0
1292,0.1678658623219557,0.4450772264561076,0.027112520243014256,0.11798108910498764,-2.4286128663675302e-17,-4.510281037539698e-17,0,0
1293,0.1868723114486849,0.4512625938256739,0.029424826966602702,0.11794897956208793,2.5153490401663706e-17,6.418476861114186e-17,0,0
1294,0.2058774777492271,0.4574474628679755,0.031769013042105276,0.11772267896934119,-3.3393426912553537e-17,-1.0581813203458523e-16,0,0
1295,0.2249271375086928,0.4636467294614852,0.03403678453137586,0.11770850656004844,5.464378949326943e-17,-3.816391647148976e-17,0,0
1296,0.0918360928230327,0.4203185471990349,0.01628189139105074,0.1183877102742058,3.9898639947466563e-17,-4.336808689942018e-17,0,0
1297,0.2439898671714661,0.4698577012814709,0.03588158196335449,0.11764358062385093,0.0,-9.020562075079396e-17,0,0
1298,0.0500843969569574,0.3883245255768,0.009780802097231952,0.11681262616527194,-5.811323644522304e-17,-7.806255641895632e-17,0,0
1299,0.0686872077158763,0.3945942748766582,0.012964200407645867,0.11685222481585505,4.163336342344337e-17,3.9898639947466563e-17,0,0
1300,0.0327520758397738,0.3798994023152116,0.006566646395724703,0.11649248265638795,4.510281037539698e-17,4.510281037539698e-17,0,0
1301,0.2630064581795132,0.4760485565001975,0.038171517681227174,0.11763428881310561,2.6454533008646308e-17,-4.336808689942018e-17,0,0
1302,0.0164797993079569,0.3705651211486116,0.003346809949673204,0.1162111889991641,-5.204170427930421e-18,-1.0668549377257364e-16,0,0
1303,0.5710839870985196,0.5945219542239879,0.06495695983009883,0.12800202824081777,-6.245004513516506e-17,1.3704315460216776e-16,0,0
1304,0.7272995045246449,0.6635586261636504,0.07745245493076516,0.1386475554352714,-3.9898639947466563e-17,1.908195823574488e-17,0,0
1305,0.7463102506969032,0.6697433936889821,0.07901048516883227,0.13952538991420727,-6.808789643208968e-17,9.020562075079396e-17,0,0
1306,0.765326616574546,0.6759231452972532,0.08055639413870189,0.14041883636626173,4.640385298237959e-17,9.540979117872439e-17,0,0
1307,0.7843463949278342,0.6821023812156791,0.08203653173824757,0.14152036209556038,1.908195823574488e-17,-1.249000902703301e-16,0,0
1308,0.8033604593238104,0.6882887900366115,0.08375333957625358,0.14251133327099047,-3.209238430557093e-17,2.6020852139652106e-17,0,0
1309,0.8223740052602262,0.6944740265107123,0.08528190719404055,0.14358632272317687,-3.3393426912553537e-17,-6.245004513516506e-17,0,0
1310,0.8413886201449159,0.7006601091247956,0.08698982773424555,0.1447429950232312,9.107298248878236e-17,-8.847089727481715e-17,0,0
1311,0.8604037064385528,0.7068440077322939,0.08841467428158928,0.14584739316084544,1.8214596497756478e-17,-7.979727989493313e-17,0,0
1312,0.879423383511291,0.7130253727996066,0.0899535269682498,0.1468623350694513,6.418476861114186e-17,-6.071532165918825e-17,0,0
1313,0.9025942057447232,0.7387702017446341,0.0919202139797818,0.15159057567881368,2.775557561562892e-17,-1.222980050563649e-16,0,0
1314,0.9216113207529668,0.7449575431521019,0.09336164798359228,0.15265947624421108,-3.469446951953614e-18,-6.245004513516506e-17,0,0
1315,0.9405126219150076,0.7518161142969549,0.09502312286013853,0.1540388793880873,-3.816391647148976e-17,-6.591949208711867e-17,0,0
1316,0.962316536707122,0.7573353648602287,0.09685431737246639,0.15510840739530873,6.331740687315346e-17,4.076600168545497e-17,0,0
1317,0.9827092441506624,0.7699484236874978,0.09860186905838447,0.15730251962265512,7.979727989493313e-17,-1.301042606982605e-16,0,0
1318,1.0,0.7799999999994207,0.1,0.15915117949879976,0.0202080563223515,-1.006139616066548e-16,2,0
1319,0.3769301010709566,0.5131374016518095,0.048950106789562506,0.11882975747865124,7.28583859910259e-17,1.231653667943533e-16,0,0
1320,0.3579576881236304,0.5069452524449439,0.047276164831429976,0.11859857844656092,-1.0148132334464322e-16,-3.642919299551295e-17,0,0
1321,0.3389853233483228,0.5007618985857613,0.04540327661525853,0.11826793295891101,6.245004513516506e-17,7.806255641895632e-17,0,0
1322,0.3200085706044673,0.4946028898658097,0.04348504216542552,0.11804981081066637,1.3010426069826053e-18,4.510281037539698e-17,0,0
1323,0.3010132626384716,0.4884273422484598,0.04176360587870499,0.11787505928479981,-5.724587470723462e-17,-5.2041704279304207e-17,0,0
1324,0.395930678651332,0.5193200449689233,0.05052966640517574,0.11925615539637263,-3.859759734048396e-17,-3.9898639947466563e-17,0,0
1325,0.4149246284668288,0.5254974717284775,0.05217090349722367,0.11968109284644816,-9.107298248878237e-18,6.938893903907228e-18,0,0
1326,0.43391645522872,0.5316808945840176,0.05396179731503371,0.12014249328309318,3.0357660829594124e-18,-2.775557561562892e-17,0,0
1327,0.4529038811364308,0.5378687798251072,0.05558369023306839,0.12053035706749735,2.6454533008646308e-17,8.673617379884034e-17,0,0
1328,0.2820051029539979,0.4822400534994045,0.04003034603618378,0.11770571207011074,2.0816681711721685e-17,-1.3877787807814457e-17,0,0
1329,0.4719036437162956,0.5440535708496812,0.057049914201771836,0.12115805578059763,-4.9873299934333204e-17,3.122502256758253e-17,0,0
1330,0.4909086270756289,0.5502377735270172,0.05874447229094844,0.1217164732666132,-1.3010426069826053e-17,-1.5612511283791264e-17,0,0
1331,0.0876986823443719,0.4007765747819717,0.016304080703653513,0.11664016644887985,-9.107298248878237e-18,1.734723475976807e-18,0,0
1332,0.5099152435206833,0.5564224605474146,0.06039228507297978,0.12231872046102393,5.898059818321144e-17,1.006139616066548e-16,0,0
1333,0.0,0.3600000000006675,0.0,0.11570606219783004,-0.0220274052742667,-1.1275702593849246e-17,1,0
1334,0.5289246559379417,0.5626071997934772,0.06197946545229917,0.12309545282601957,-7.199102425303751e-17,-7.63278329429795e-17,0,0
1335,0.5479304280543138,0.5687881017799217,0.06348554552449903,0.12379039612443339,3.0357660829594124e-17,-1.0408340855860844e-17,0,0
1336,0.5669355983357296,0.5749690725544607,0.06489946037106953,0.12458137649804771,4.336808689942018e-17,-4.163336342344337e-17,0,0
1337,0.5900895441036573,0.6007072098732502,0.06649080166187653,0.12876494841106956,-6.938893903907228e-18,-4.77048955893622e-18,0,0
1338,0.6090960200778203,0.6068914849746265,0.06805872071319077,0.12965430354738594,-2.255140518769849e-17,1.1275702593849246e-16,0,0
1339,0.6281036932342106,0.6130753994074802,0.06951019793094645,0.13032821871417527,-1.8214596497756478e-17,5.724587470723462e-17,0,0
1340,0.6471118524299286,0.6192600421508899,0.07116173376047291,0.1312660235876838,-9.97465998686664e-17,-9.714451465470121e-17,0,0
1341,0.6661204698191063,0.625444873275273,0.07267871101488749,0.13216514919601152,1.8474805019152998e-16,0.0,0,0
1342,0.6851299565217849,0.6316303001714867,0.07416707993714208,0.13301698481783855,-1.8214596497756478e-17,-1.301042606982605e-16,0,0
1343,0.7041398474516831,0.6378176332748695,0.07568129644437527,0.13402658796878422,-5.2041704279304207e-17,-6.245004513516506e-17,0,0
1344,0.7231512281048215,0.6440030599599962,0.07724110961657601,0.13498707779092597,1.0928757898653883e-16,-6.245004513516506e-17,0,0
1345,0.8984432906712857,0.719209141619463,0.0915759252255769,0.14786150623858751,-5.204170427930421e-18,1.5178830414797062e-16,0,0
1346,0.106704721581478,0.4069651144370202,0.01934564546097759,0.11654111271313394,-2.2985086056692694e-17,5.898059818321144e-17,0,0
1347,0.125710600357211,0.4131534480117897,0.022082510773296697,0.1161728174743637,1.214306433183765e-17,4.510281037539698e-17,0,0
1348,0.1447145496342766,0.4193390453070737,0.024813655024839627,0.11582044590301614,-5.811323644522304e-17,-3.122502256758253e-17,0,0
1349,0.1637197272463654,0.4255247509246686,0.027502697475208185,0.11570468074588039,4.90059381963448e-17,1.5612511283791264e-17,0,0
1350,0.1827255274342292,0.4317108600978558,0.029830683250850858,0.11546231367307176,2.1684043449710093e-18,-3.4694469519536136e-17,0,0
1351,0.201730650467807,0.4378961544935772,0.03201509081771076,0.11523434793128182,6.201636426617084e-17,4.336808689942018e-17,0,0
1352,0.2207632967598136,0.4440945896940026,0.034276010412017006,0.11508548919565684,-8.456776945386935e-17,-6.938893903907228e-18,0,0
1353,0.2398289411347355,0.4503116636119168,0.03641528774698166,0.11493644667843822,2.255140518769849e-17,4.8572257327350605e-17,0,0
1354,0.258866055046715,0.4565124111119127,0.0384675551452773,0.11480305739004476,1.691355389077387e-17,6.071532165918825e-17,0,0
1355,0.0645386704882175,0.3750419651302482,0.012891564387222327,0.11535701485812891,-3.2959746043559335e-17,-5.724587470723462e-17,0,0
1356,0.0468547276961047,0.3685713554959656,0.009586094912988077,0.11548549498787339,1.7347234759768068e-17,5.030698080332741e-17,0,0
1357,0.0835495096835624,0.3812298299238241,0.016305618234478785,0.11508786397841503,2.5153490401663706e-17,4.6837533851373785e-17,0,0
1358,0.0306440951863325,0.3605457274509066,0.006410355813970116,0.11540601132035241,-2.168404344971009e-17,3.122502256758253e-17,0,0
1359,0.2778669723542269,0.4626957828423746,0.04028712649298119,0.11464911153360152,-6.938893903907228e-18,-3.9898639947466563e-17,0,0
1360,0.015670862355394,0.3506512611291772,0.003472737676200371,0.11494256614031151,-9.54097911787244e-18,7.63278329429795e-17,0,0
1361,0.5859425451524329,0.5811509161760193,0.06654101097255305,0.12522075095771107,2.949029909160572e-17,-1.0668549377257364e-16,0,0
1362,0.7421615903084575,0.650188932652386,0.07886544125638695,0.13583866249338233,-1.214306433183765e-17,1.0408340855860844e-17,0,0
1363,0.7611777586888714,0.6563654505220438,0.08035699319875825,0.13687456137343712,9.974659986866641e-18,-5.030698080332741e-17,0,0
1364,0.7801935927486691,0.6625454393065063,0.08194663305175565,0.13781156905193434,-2.9923979960599916e-17,1.52655665885959e-16,0,0
1365,0.799210983837476,0.6687284487175229,0.08349508824447524,0.13880980593755046,-4.163336342344337e-17,-7.979727989493313e-17,0,0
1366,0.8182254823099198,0.6749152235070615,0.08500145972557072,0.13991627520113667,1.5612511283791264e-16,8.673617379884035e-18,0,0
1367,0.8372402820909837,0.6811022354935845,0.08663999343567694,0.1410749320307041,-1.1882855810441126e-16,-9.540979117872439e-17,0,0
1368,0.8562554983477515,0.687289493237078,0.0882396977690767,0.14214838126708962,2.949029909160572e-17,8.326672684688674e-17,0,0
1369,0.8752683511544337,0.6934701780288998,0.08974101946653931,0.14314418985063312,-7.37257477290143e-18,1.0755285551056204e-16,0,0
1370,0.8942867881555397,0.6996470228656635,0.09120419841374963,0.14408682405404943,-1.5222198501696482e-16,-4.6837533851373785e-17,0,0
1371,0.9174612200160968,0.7253943643098595,0.09309612072036445,0.14908852727957989,-9.367506770274757e-17,3.5128150388530344e-17,0,0
1372,0.9355630051678354,0.731776101075849,0.09460008135241788,0.15031329527642712,4.90059381963448e-17,1.0408340855860844e-17,0,0
1373,0.9530773593856804,0.7374771044518722,0.09621350801244018,0.15123860866702632,-8.153200337090992e-17,3.816391647148976e-17,0,0
1374,0.9827931470687574,0.7500482571126017,0.09852234755416045,0.1534990348250146,-7.37257477290143e-17,1.0408340855860844e-17,0,0
1375,1.0,0.7599999999993681,0.1,0.15547519633500678,0.0202028091375764,9.194034422677078e-17,2,0
1376,0.3917850208714187,0.4997740671723652,0.05080641965409098,0.11603904855710057,4.4235448637408575e-17,5.204170427930421e-18,0,0
1377,0.3728086505377597,0.4935825476782935,0.04927955163931905,0.11568052543754202,-6.5052130349130266e-18,-8.326672684688674e-17,0,0
1378,0.3538367054631925,0.4873955940569276,0.04755033721085464,0.11536743118689421,4.90059381963448e-17,3.122502256758253e-17,0,0
1379,0.3348647969230616,0.4812416919603918,0.045794864384498896,0.11519467966375996,-2.6020852139652106e-18,-9.887923813067799e-17,0,0
1380,0.3158679810570246,0.4750627685101587,0.044003081746678704,0.11502678307252423,-6.5052130349130266e-18,-8.500145032286355e-17,0,0
1381,0.2968674307086849,0.4688803868461528,0.04225533536701846,0.11489982450891677,-7.37257477290143e-18,-5.204170427930421e-18,0,0
1382,0.4107831048678973,0.5059548096240547,0.05243552537807514,0.1163866177062046,-4.076600168545497e-17,1.214306433183765e-17,0,0
1383,0.4297748518601963,0.5121307168010398,0.054090178477278775,0.1167572706406206,1.0842021724855044e-17,-3.2959746043559335e-17,0,0
1384,0.4487630559556527,0.5183198704838757,0.05564313110016124,0.11713598276693893,1.734723475976807e-18,-4.336808689942018e-17,0,0
1385,0.4677573336375251,0.5245042777244183,0.05730390069154337,0.11778459706967867,-1.3877787807814457e-17,-5.030698080332741e-17,0,0
1386,0.4867613372637296,0.5306910184461061,0.058775912580311035,0.11835359762000358,3.7296554733501346e-17,-1.5612511283791264e-17,0,0
1387,0.5057715852869467,0.5368735451852431,0.06041069924961916,0.11892245839398347,-2.3418766925686896e-17,-5.377642775528102e-17,0,0
1388,0.1025584152135486,0.387416807368239,0.019471193649475534,0.11471816960021897,-1.214306433183765e-17,-3.642919299551295e-17,0,0
1389,0.5247795588975078,0.5430570425667434,0.06195534494315785,0.1195478668430304,6.852157730108388e-17,7.28583859910259e-17,0,0
1390,0.0,0.340000000000624,0.0,0.11454002909951069,-0.0222644251209626,-2.255140518769849e-17,1,0
1391,0.5437831565732507,0.5492402095148989,0.06357115918880685,0.12041599028646671,-5.377642775528102e-17,-2.6020852139652106e-17,0,0
1392,0.5627877247697279,0.5554185877041322,0.06505714603327425,0.12088784839626311,2.1684043449710093e-18,1.214306433183765e-17,0,0
1393,0.581794248925628,0.5615942443890864,0.06656115108828134,0.12182875331345502,-1.691355389077387e-17,7.806255641895632e-17,0,0
1394,0.6049485052266325,0.587337295745594,0.0679827192793531,0.12603370113411022,-1.1796119636642288e-16,-4.380176776841438e-17,0,0
1395,0.6239557614086743,0.5935215994957286,0.06948490093181099,0.1267591719505773,1.3704315460216776e-16,4.163336342344337e-17,0,0
1396,0.6429636738677948,0.5997058138451616,0.07096294650948493,0.12770616738134144,3.4694469519536136e-17,-1.1275702593849246e-16,0,0
1397,0.6619721803329025,0.6058905789571066,0.0726297299431744,0.12855663592196945,-8.326672684688674e-17,-8.326672684688674e-17,0,0
1398,0.680981556398949,0.6120758415573614,0.07409395876304448,0.1294415800515204,8.066464163292153e-17,1.5439038936193583e-16,0,0
1399,0.6999914601317405,0.6182614310576074,0.07550856943704698,0.13045994329069827,-1.1188966420050406e-16,3.469446951953614e-18,0,0
1400,0.7190021729480316,0.6244470808441247,0.0771270847138851,0.1313646056824694,4.163336342344337e-17,-6.938893903907228e-18,0,0
1401,0.7380136800462069,0.630632672621768,0.07864998921625027,0.1321909605271679,-6.591949208711867e-17,7.28583859910259e-17,0,0
1402,0.9132880888607636,0.7058148042792265,0.0927721800004654,0.14532263091719444,1.214306433183765e-16,7.502679033599691e-17,0,0
1403,0.9698820442875578,0.7402012303413275,0.0974714505288293,0.15181285007722087,-1.3877787807814457e-17,1.1969591984239971e-16,0,0
1404,0.1215653661009966,0.3936025216627851,0.022367848329660767,0.11436224651812293,2.3418766925686896e-17,-7.979727989493313e-17,0,0
1405,0.1405701847961363,0.399787545443459,0.025180938498699783,0.11382468195078721,2.125036258071589e-17,-3.642919299551295e-17,0,0
1406,0.1595747154854,0.4059725380990972,0.027801490622004266,0.11341356553524004,-1.2576745200831853e-17,-6.765421556309548e-17,0,0
1407,0.1785791153432496,0.4121576315125512,0.030406072449557616,0.11306870599852792,-1.0408340855860844e-17,-5.204170427930421e-18,0,0
1408,0.1975844752705897,0.4183445598898932,0.0324877582093077,0.11279189619805,-7.806255641895632e-18,5.030698080332741e-17,0,0
1409,0.2165918491518413,0.4245311065301719,0.0347320318579039,0.1125436239802518,2.3418766925686896e-17,2.775557561562892e-17,0,0
1410,0.2356386370839425,0.4307403856062993,0.03685187330443718,0.11227450200680611,8.673617379884035e-19,-8.326672684688674e-17,0,0
1411,0.2546855747389777,0.4369489869319916,0.03889386042976166,0.11222157630812807,-6.852157730108388e-17,1.3877787807814457e-17,0,0
1412,0.2737205850893303,0.4431517397997031,0.04082579711584275,0.111970589295051,3.165870343657673e-17,1.1796119636642288e-16,0,0
1413,0.0794037896910398,0.3616724151803388,0.016404514625891407,0.11365514364862325,-2.6020852139652106e-18,1.908195823574488e-17,0,0
1414,0.0603929142337562,0.3554830138658796,0.012805274752370449,0.11409983008118524,-7.806255641895632e-18,6.938893903907228e-18,0,0
1415,0.0418746048014141,0.3491879015140046,0.009038714247716604,0.11430309186596962,2.2117724318704287e-17,-6.938893903907228e-18,0,0
1416,0.0984133125275604,0.3678619928911265,0.01976402062965424,0.11305697422379332,-1.1275702593849246e-17,3.469446951953614e-18,0,0
1417,0.0291156165000455,0.3416513663528643,0.006467730686343402,0.11442038351486168,5.637851296924623e-18,-5.204170427930421e-18,0,0
1418,0.2927202429870047,0.4493342617896046,0.04272039346728278,0.1119091299624332,-1.5178830414797062e-17,2.0816681711721685e-17,0,0
1419,0.0181875323974936,0.3291579476770624,0.004260025328533489,0.11380785983906272,-1.4094628242311558e-17,-6.245004513516506e-17,0,0
1420,0.6008008560031605,0.5677806331730215,0.06798414070302268,0.12248760597411112,-4.336808689942018e-17,7.892991815694471e-17,0,0
1421,0.757026883902501,0.6368106784228054,0.08010878126278383,0.13328909535361835,-1.0408340855860844e-17,1.3444106938820257e-17,0,0
1422,0.7760476179021518,0.6429811137643302,0.08173324652765002,0.13437719075092122,-1.2576745200831853e-17,-9.540979117872439e-17,0,0
1423,0.7950615148856579,0.6491680760451316,0.0832373735935622,0.13536511327859602,1.1882855810441126e-16,-5.204170427930421e-18,0,0
1424,0.8140759519912082,0.655354911564165,0.08472777729177662,0.1362617883899059,-8.716985466783456e-17,-1.5612511283791264e-17,0,0
1425,0.8330907390154791,0.6615413492378504,0.08638409826746075,0.13743308079577893,1.7347234759768068e-17,1.491862189340054e-16,0,0
1426,0.8521059676868383,0.6677279972524914,0.08796455497712966,0.1384177049328049,-5.811323644522304e-17,2.949029909160572e-17,0,0
1427,0.8711205876836613,0.6739139642480583,0.08947460085586129,0.13951057203409178,3.599551212651875e-17,1.3877787807814457e-17,0,0
1428,0.8901364781807195,0.6800942613009361,0.09097972440126442,0.14058639192087385,-2.255140518769849e-17,5.551115123125783e-17,0,0
1429,0.9091611365547452,0.6862683791658496,0.09251430639951357,0.14169791254419628,-2.6020852139652106e-17,-6.591949208711867e-17,0,0
1430,0.9321758297778844,0.7120507740785396,0.09429055151587143,0.14657608576163844,2.255140518769849e-17,-7.15573433840433e-18,0,0
1431,0.9498457950187312,0.7179859951077232,0.09595314536515734,0.1477794993152488,-7.589415207398531e-17,-5.204170427930421e-18,0,0
1432,0.9677241417005704,0.7222492010343649,0.09728282429750457,0.14838783585234777,6.678685382510706e-17,-1.1796119636642288e-16,0,0
1433,1.0,0.7399999999993154,0.1,0.15166476953230892,0.020193094344538,-1.5612511283791264e-17,2,0
1434,0.983331592849412,0.7303412535977768,0.09852027311245605,0.14981558562002154,9.280770596475918e-17,-1.4224732503009818e-16,0,0
1435,0.4066394870277208,0.4864119325779568,0.05275859418034272,0.11312367363934075,-8.413408858487513e-17,5.2041704279304207e-17,0,0
1436,0.3876548723923679,0.4802252259690595,0.05122145666397027,0.11273895753499727,6.938893903907228e-18,8.673617379884035e-18,0,0
1437,0.3686864970532342,0.4740319314736011,0.04959141664369847,0.11247370902286671,1.6479873021779667e-17,2.0816681711721685e-17,0,0
1438,0.3497165283620836,0.4678780870230297,0.047945051689954554,0.11227966502179258,-2.4286128663675302e-17,6.938893903907228e-18,0,0
1439,0.3307183079561068,0.4616963095460765,0.04621211836000821,0.11205503111399702,-7.806255641895632e-18,9.020562075079396e-17,0,0
1440,0.3117195559782426,0.4555162632577705,0.044463351917103835,0.111975450931727,-1.691355389077387e-17,6.765421556309548e-17,0,0
1441,0.4256362949473078,0.492592202787888,0.0544288647028256,0.11358737955027731,5.811323644522304e-17,4.336808689942018e-17,0,0
1442,0.4446328773238876,0.4987739351421787,0.05591673352435115,0.11390325077386171,-8.239936510889834e-18,-3.469446951953614e-18,0,0
1443,0.4636331743973318,0.5049570484038838,0.057431522125477606,0.11441548991018123,-9.54097911787244e-18,2.4286128663675302e-17,0,0
1444,0.4826318647163448,0.5111420369661435,0.05897345970082231,0.11496264775739651,1.3010426069826053e-18,0.0,0,0
1445,0.5016287067453251,0.517325893137248,0.06040113457922365,0.11539311498010531,3.903127820947816e-18,7.806255641895632e-17,0,0
1446,0.5206331630800564,0.5235084212908863,0.06199580511156984,0.11597441116521687,-3.5561831257524545e-17,-2.0816681711721685e-17,0,0
1447,0.1174207047354085,0.3740502497268475,0.022834263864730128,0.11246772437200493,-4.3368086899420185e-18,8.326672684688674e-17,0,0
1448,0.539636948949088,0.5296920426108654,0.06360238700780682,0.11680184843755198,-1.3877787807814457e-17,3.122502256758253e-17,0,0
1449,0.0,0.3200000000005747,0.0,0.11355275606717813,-0.0223471456711047,3.469446951953614e-18,1,0
1450,0.5586392113250569,0.535870855533871,0.06510811448467294,0.11743436727794239,2.125036258071589e-17,5.204170427930421e-18,0,0
1451,0.5776437054043897,0.5420490424525559,0.06671751984724389,0.11819995389426369,-7.806255641895632e-18,-4.336808689942018e-17,0,0
1452,0.5966535212160664,0.5482260287600023,0.06822233605841982,0.11896571031455887,3.4694469519536136e-17,-4.8572257327350605e-17,0,0
1453,0.6198076891783769,0.5739663635138893,0.06949057927868868,0.12324476299721523,7.45931094670027e-17,-7.892991815694471e-17,0,0
1454,0.638815563769014,0.5801509197930256,0.07095175469932372,0.12398788924208194,-3.079134169858833e-17,7.112366251504909e-17,0,0
1455,0.6578239243411232,0.5863360520977081,0.07252695347053245,0.12499513132601298,-1.3010426069826053e-18,1.0408340855860844e-17,0,0
1456,0.6768331249180625,0.5925207320305053,0.0739765703936618,0.12596719722979932,2.688821387764051e-17,-5.377642775528102e-17,0,0
1457,0.6958429575450708,0.5987055130286456,0.07551328995744343,0.12665083467248797,-2.168404344971009e-17,-6.765421556309548e-17,0,0
1458,0.714853386016485,0.6048905133706598,0.07701896176543972,0.12764676225887464,9.84455572616838e-17,-2.0816681711721685e-17,0,0
1459,0.7338644754165178,0.6110754822499285,0.07848289498478278,0.1286041712702753,-9.194034422677078e-17,-6.765421556309548e-17,0,0
1460,0.7528757318477766,0.6172552208296773,0.08000081484401111,0.12956271809649567,3.469446951953614e-18,-1.214306433183765e-17,0,0
1461,0.928197730390652,0.6923110734417905,0.09411707374125147,0.1428780347706268,1.908195823574488e-17,1.1839487723541708e-16,0,0
1462,0.1364259453946721,0.3802362831423847,0.02562975644521159,0.11196341968761093,-1.1275702593849246e-17,8.500145032286355e-17,0,0
1463,0.1554299318042615,0.3864214364376238,0.028249883898905648,0.1113715924564914,-1.3444106938820257e-17,4.336808689942018e-17,0,0
1464,0.1744331146085003,0.3926060449453764,0.030788843118210688,0.1110042376989547,4.3368086899420185e-18,2.255140518769849e-17,0,0
1465,0.193438229497987,0.3987920969401786,0.03318664860312069,0.11037128780018994,9.107298248878237e-18,-3.642919299551295e-17,0,0
1466,0.2124481328067492,0.4049783755820673,0.035331628645735955,0.1099886039436822,3.0357660829594124e-17,-5.377642775528102e-17,0,0
1467,0.231476109592432,0.4111708534087856,0.03745084168169953,0.10962807824088708,-1.7347234759768068e-17,5.724587470723462e-17,0,0
1468,0.2505413227967319,0.4173892173139222,0.03938930073385531,0.10949284908707017,4.3368086899420185e-18,-4.163336342344337e-17,0,0
1469,0.269565390592512,0.4235974717655364,0.04132926035211103,0.10926339498649351,1.0842021724855044e-17,-1.3704315460216776e-16,0,0
1470,0.2885740730529839,0.4297888749309391,0.04328969442364576,0.10906628081401606,3.0357660829594124e-17,-5.204170427930421e-18,0,0
1471,0.094268743670884,0.3483054039155044,0.020054866538367404,0.11160173823515315,6.0715321659188256e-18,-3.816391647148976e-17,0,0
1472,0.0752583522921609,0.342115096369966,0.016497777825781122,0.11245786599061286,1.474514954580286e-17,1.3877787807814457e-17,0,0
1473,0.056254036796918,0.3359226776018648,0.012706816026890663,0.11304752100213772,-1.3877787807814457e-17,-2.255140518769849e-17,0,0
1474,0.0376933143782111,0.3298794507609022,0.008751728415686348,0.1134718352742348,1.908195823574488e-17,-3.2959746043559335e-17,0,0
1475,0.1132778665081193,0.3544980721228086,0.023242796566680355,0.11083374585374131,-1.5178830414797062e-17,-1.0928757898653883e-16,0,0
1476,0.3075728429836851,0.4359712482844798,0.045061681376644146,0.10896700186445465,2.0816681711721685e-17,-2.255140518769849e-17,0,0
1477,0.0157283424040549,0.3067192865594947,0.00404536069063406,0.11312759917422023,2.5478751053409357e-17,1.0408340855860844e-16,0,0
1478,0.6156597776311867,0.5544102829122939,0.06959485485747699,0.11970149203094435,3.2959746043559335e-17,-2.775557561562892e-17,0,0
1479,0.7718937228559274,0.6234302284220665,0.08156208737893736,0.13067881766409742,8.326672684688674e-17,1.2793585635328952e-16,0,0
1480,0.7909121843146557,0.6296082142196964,0.08314124822858576,0.13170259956619518,-2.7321894746634715e-17,-1.0928757898653883e-16,0,0
1481,0.8099262649705091,0.6357947432024343,0.08442930341086388,0.1326568159838044,-3.5561831257524545e-17,1.0928757898653883e-16,0,0
1482,0.8289406954432219,0.6419812461293933,0.08602868261037827,0.1337103235691437,6.114900252818245e-17,-1.3877787807814457e-17,0,0
1483,0.847955997710256,0.6481670045226169,0.08762887463801043,0.1348533563953755,1.1709383462843448e-17,-1.1969591984239971e-16,0,0
1484,0.866971629344172,0.6543530977510065,0.08911445365765197,0.13588668497214068,-8.673617379884035e-19,-1.1449174941446927e-16,0,0
1485,0.8859863539614881,0.6605388076482946,0.0907066099523037,0.13688972023303958,-1.431146867680866e-17,-4.510281037539698e-17,0,0
1486,0.9049105133114952,0.6668206488094321,0.0922254490843823,0.13802738907879794,6.461844948013605e-17,-5.724587470723462e-17,0,0
1487,0.9237178907002328,0.6736040258280016,0.09363876454742395,0.13929521160136432,6.852157730108388e-17,-1.6306400674181987e-16,0,0
1488,0.947469639843682,0.697733373409235,0.09574078535369368,0.1438914081478854,-5.204170427930421e-18,3.469446951953614e-18,0,0
1489,0.9662137149194128,0.7048299632438431,0.0972385949379506,0.14505478486449813,-2.775557561562892e-17,6.765421556309548e-17,0,0
1490,0.9836608840059816,0.7108739382570535,0.09845647432405824,0.1461344031638535,7.806255641895632e-17,1.717376241217039e-16,0,0
1491,1.0,0.7199999999992628,0.1,0.14783264331876392,0.0201826006146064,-1.214306433183765e-17,2,0
1492,0.4214930212509945,0.4730507541078904,0.05478555995566704,0.1100557204247263,7.979727989493313e-17,-7.28583859910259e-17,0,0
1493,0.4025041758328225,0.466866581275278,0.053259568218779085,0.109761572167939,-2.862293735361732e-17,-1.7347234759768068e-17,0,0
1494,0.3835314311182683,0.4606801792990149,0.05163912379005932,0.10950195154253864,-2.4286128663675302e-17,3.4694469519536136e-17,0,0
1495,0.3645623067060364,0.4545106425956816,0.0499920216234855,0.10929809135412549,1.3010426069826053e-17,1.0408340855860844e-17,0,0
1496,0.3455703381390701,0.4483340036838057,0.048330818543716195,0.10905592483622684,2.6454533008646308e-17,3.122502256758253e-17,0,0
1497,0.3265705301769499,0.4421526045701508,0.04674111941778028,0.10894790190053624,-4.597017211338539e-17,-1.1102230246251563e-16,0,0
1498,0.4404905004193765,0.4792321238071406,0.05624264889062655,0.11051868249912868,8.673617379884035e-19,3.9898639947466563e-17,0,0
1499,0.4594888824704928,0.4854138797017175,0.057780068382201705,0.11098090197288087,-2.255140518769849e-17,-6.938893903907227e-17,0,0
1500,0.4784881112806315,0.4915959499118013,0.05925788439315373,0.1114926212791016,4.510281037539698e-17,-3.9898639947466563e-17,0,0
1501,0.4974879066964575,0.4977785213541406,0.060676267287208874,0.11200216497505058,-1.1709383462843448e-17,-9.020562075079396e-17,0,0
1502,0.5164883622194547,0.5039612869300396,0.06203150640663257,0.11260215167933962,1.5612511283791264e-17,-6.938893903907228e-18,0,0
1503,0.53548991068552,0.5101442862357949,0.06366018369455867,0.1132226139908321,2.5153490401663706e-17,-5.724587470723462e-17,0,0
1504,0.1322816838328959,0.3606851277747125,0.02622321502103478,0.11024539992516515,5.204170427930421e-18,-2.775557561562892e-17,0,0
1505,0.0353493188743534,0.3096971084871992,0.008838472545179239,0.11276876054049176,-8.673617379884035e-19,-1.7347234759768068e-17,0,0
1506,0.5544921079363762,0.5163265312539779,0.06507913293194956,0.11396461796128597,-3.5561831257524545e-17,2.949029909160572e-17,0,0
1507,0.0,0.3000000000005164,0.0,0.11313421433883425,-0.0225421086105021,-6.0715321659188256e-18,1,0
1508,0.5734943505485002,0.5225036351325655,0.06671744633607123,0.11453445426507136,3.5561831257524545e-17,4.6837533851373785e-17,0,0
1509,0.5925019153998976,0.5286786508558114,0.06814125724711173,0.11545491737867684,-5.117434254131581e-17,1.5612511283791264e-17,0,0
1510,0.6115118977403177,0.5348577010565909,0.06950118871430093,0.11610525568099372,-5.898059818321144e-17,2.949029909160572e-17,0,0
1511,0.6346674983880742,0.5605961783114851,0.07091865440365161,0.12031651246508815,-4.510281037539698e-17,3.469446951953614e-18,0,0
1512,0.653675566386241,0.5667810812211695,0.07233877876748085,0.1212789862447641,5.247538514829842e-17,3.816391647148976e-17,0,0
1513,0.6726844931632883,0.5729659596667029,0.07389583485434709,0.12222402984633352,-2.2117724318704287e-17,5.377642775528102e-17,0,0
1514,0.6916939445899956,0.5791505955318145,0.07546222523147388,0.12308420436512128,1.1275702593849246e-17,8.153200337090992e-17,0,0
1515,0.7107043121255092,0.5853348118518688,0.07689110764364215,0.12407388163613374,-4.9439619065338996e-17,-4.336808689942018e-17,0,0
1516,0.7297153887114824,0.5915192454920418,0.07845808251382536,0.12494787342664732,-3.599551212651875e-17,8.500145032286355e-17,0,0
1517,0.7487259608389873,0.5977017288938165,0.07988739077503888,0.12592847734636256,5.464378949326943e-17,-6.418476861114186e-17,0,0
1518,0.7677424038120984,0.6038765700291444,0.08130825727633523,0.1270089083251168,-6.982261990806649e-17,-1.3530843112619095e-16,0,0
1519,0.9430454119253716,0.6790787901303724,0.09532369528307624,0.14038414091967769,2.949029909160572e-17,-8.153200337090992e-17,0,0
1520,0.1512850528240077,0.3668715366829551,0.028999123864155235,0.10946567469475563,2.0816681711721685e-17,1.3877787807814457e-17,0,0
1521,0.1702881144254667,0.3730570177596078,0.03147626790612747,0.10888692182249525,-2.0816681711721685e-17,-1.0408340855860844e-17,0,0
1522,0.1892895731229522,0.3792411250119359,0.033885106866281614,0.10818951619736572,1.3010426069826053e-17,-2.775557561562892e-17,0,0
1523,0.2082949658358813,0.3854248446992479,0.03607804231790154,0.1075971412654808,3.686287386450715e-17,6.591949208711867e-17,0,0
1524,0.2273052638815142,0.3916124820090008,0.03825732009687354,0.10706579892386762,-5.637851296924623e-17,-6.938893903907227e-17,0,0
1525,0.246377980049161,0.3978367328948196,0.040113956799456715,0.10668698495632896,1.691355389077387e-17,5.898059818321144e-17,0,0
1526,0.2654147818370541,0.4040408131513334,0.04201234264255786,0.10645248417488412,-4.77048955893622e-17,7.28583859910259e-17,0,0
1527,0.2844273112993231,0.4102418081450677,0.043909115926033075,0.10617923684055278,-1.3010426069826053e-18,4.336808689942018e-17,0,0
1528,0.3034243348569309,0.4164274845047769,0.04568821789810011,0.106062044449042,-3.9898639947466563e-17,-1.0408340855860844e-17,0,0
1529,0.1091339086154619,0.3349456718111078,0.023876090425410924,0.10951989151757392,3.903127820947816e-17,1.0408340855860844e-16,0,0
1530,0.090124100411138,0.3287522177746061,0.020430884869732466,0.11048070424130697,-9.54097911787244e-18,3.122502256758253e-17,0,0
1531,0.0711138291787345,0.3225554857125753,0.016689537411918712,0.11140639803969168,-2.0383000842727486e-17,0.0,0,0
1532,0.052486574030397,0.316283917731436,0.012717754074133539,0.11221794249971867,-1.214306433183765e-17,4.8572257327350605e-17,0,0
1533,0.1281383922688484,0.3411347484058772,0.026884118290468734,0.10869087273550535,-2.0383000842727486e-17,-5.204170427930421e-18,0,0
1534,0.3224171788547501,0.422608129484544,0.04735124125087457,0.10602414967624349,5.030698080332741e-17,1.1275702593849246e-16,0,0
1535,0.0128631546868917,0.2898901150385138,0.0035632130714008106,0.11300172270554301,-1.908195823574488e-17,-8.153200337090992e-17,0,0
1536,0.0289474063079728,0.2906182410257959,0.007993451113503691,0.11244791988749663,3.469446951953614e-18,-1.5612511283791264e-17,0,0
1537,0.6305191706218876,0.5410418898948087,0.07095110773937707,0.1167980856909951,5.2041704279304207e-17,5.898059818321144e-17,0,0
1538,0.7867595556229603,0.6100516591016354,0.08297342067280689,0.12799823682284328,7.63278329429795e-17,1.301042606982605e-16,0,0
1539,0.8057766373430586,0.6162348809834244,0.08440440032489727,0.12891084638452,-1.4484941024406342e-16,-2.0816681711721685e-17,0,0
1540,0.8247899231507315,0.6224215559828945,0.08593193952615363,0.1300510133522409,7.892991815694471e-17,1.1622647289044608e-16,0,0
1541,0.8438046044715899,0.6286083239028486,0.0874571428140359,0.13105822893392627,-3.642919299551295e-17,9.887923813067799e-17,0,0
1542,0.8628209186792191,0.6347935137019438,0.08887315233299413,0.13212191095516568,5.377642775528102e-17,4.336808689942018e-17,0,0
1543,0.8818376096320117,0.6409780501588569,0.09047518500375587,0.1332488221775377,-6.331740687315346e-17,-2.0816681711721685e-17,0,0
1544,0.9008526859218344,0.6471638267612205,0.0920020581002643,0.13442384186642817,-1.734723475976807e-18,1.5612511283791264e-17,0,0
1545,0.9193029878073709,0.6539544301423664,0.09342863376648916,0.13566998658514146,-3.4694469519536136e-17,9.540979117872439e-17,0,0
1546,0.9373545083132052,0.662057776658777,0.09494665780463776,0.13703803196464553,-9.540979117872439e-17,1.3530843112619095e-16,0,0
1547,0.9634715544258844,0.6810784293376251,0.09698110396162593,0.14049390454285063,-6.158268339717665e-17,-1.6479873021779667e-16,0,0
1548,0.9823869651878974,0.6913184777351151,0.09847129778175301,0.14245264797983814,-3.816391647148976e-17,-8.673617379884034e-17,0,0
1549,1.0,0.6999999999992101,0.1,0.1440398136528435,0.0201711416953972,8.326672684688674e-17,2,0
1550,0.4363450035825179,0.4596893470527171,0.05656814666362406,0.10716145534809013,-8.673617379884035e-18,3.2959746043559335e-17,0,0
1551,0.4173481235353877,0.4535079075141877,0.05509271386387246,0.10671297359696463,-2.7321894746634715e-17,-3.469446951953614e-18,0,0
1552,0.3983626117417516,0.4473235291377893,0.053674009880699036,0.10642891593517619,3.2526065174565127e-17,3.4694469519536136e-17,0,0
1553,0.3793851424362611,0.4411417599323625,0.05215238450772143,0.10622733877414167,-2.1684043449710093e-18,-4.8572257327350605e-17,0,0
1554,0.3604014200640727,0.4349606755996438,0.050401194047461545,0.1060821125476417,1.3877787807814457e-17,-5.2041704279304207e-17,0,0
1555,0.3414246506891966,0.4287902013861401,0.048844560156617575,0.10602753755339095,-2.688821387764051e-17,-9.367506770274757e-17,0,0
1556,0.4553429368972745,0.4658703378081985,0.05797910576366771,0.10761816796851822,5.2041704279304207e-17,2.0816681711721685e-17,0,0
1557,0.4743417308048763,0.4720515592476878,0.05944024801515096,0.10797007055256178,-2.905661822261152e-17,4.6837533851373785e-17,0,0
1558,0.4933415700154618,0.4782330273502734,0.06102323917031356,0.10834639893524817,-3.165870343657673e-17,5.551115123125783e-17,0,0
1559,0.5123403168092825,0.4844153385344858,0.06232931302017171,0.10900517063835141,-1.7347234759768068e-17,-6.938893903907228e-18,0,0
1560,0.5313414228789943,0.490597384099088,0.06383767184529028,0.10979274804513853,3.209238430557093e-17,3.2959746043559335e-17,0,0
1561,0.5503453407686415,0.4967792907107789,0.06525171316653211,0.11043921168069853,-7.37257477290143e-17,-5.030698080332741e-17,0,0
1562,0.1471402870308362,0.3473214572875329,0.029781751202238083,0.10775903631403834,-1.8214596497756478e-17,-6.938893903907228e-18,0,0
1563,0.0484082325094363,0.2967118674791097,0.01276987078976015,0.11165424724937316,8.673617379884035e-18,5.377642775528102e-17,0,0
1564,0.5693455963920366,0.5029585207679098,0.0667449893299008,0.11094211469095791,6.245004513516506e-17,-6.418476861114186e-17,0,0
1565,0.0,0.2800000000004734,0.0,0.11294166798585668,-0.0230864232264741,3.469446951953614e-18,1,0
1566,0.5883534610949609,0.5091329671584442,0.06815822301776317,0.11171647251514044,-2.6020852139652106e-18,2.0816681711721685e-17,0,0
1567,0.6073614997524449,0.5153091205094334,0.06954813149008895,0.11245544590489123,4.336808689942018e-17,-3.9898639947466563e-17,0,0
1568,0.6263708728444702,0.5214888416684534,0.07093100011047257,0.11310382771246988,6.245004513516506e-17,-9.540979117872439e-17,0,0
1569,0.6495272227417396,0.5472265325337242,0.0723453096537735,0.11759393409416855,-7.45931094670027e-17,-3.2526065174565127e-17,0,0
1570,0.6685358775271246,0.5534113249253042,0.07380687718506804,0.1185785585960678,4.2067044292437566e-17,6.938893903907228e-18,0,0
1571,0.6875450595270918,0.5595959969122946,0.07531482496861577,0.11944297478414014,5.464378949326943e-17,-6.938893903907227e-17,0,0
1572,0.7065551056750881,0.5657795147025162,0.07684009088834301,0.12043770418901523,-3.859759734048396e-17,4.163336342344337e-17,0,0
1573,0.7255669618455972,0.5719599179960573,0.0782916895196426,0.12133978334672035,-1.6479873021779667e-17,-1.214306433183765e-17,0,0
1574,0.7445804330540812,0.5781400723353722,0.07979720812896934,0.12226701113738431,1.6479873021779667e-17,3.4694469519536136e-17,0,0
1575,0.7635914860520139,0.5843228166995007,0.08115494106670956,0.12334487060894302,3.903127820947816e-18,2.0816681711721685e-17,0,0
1576,0.7826079656549254,0.5904977662281704,0.08280179076325003,0.1242843786723741,3.2959746043559335e-17,-7.45931094670027e-17,0,0
1577,0.9521363857197244,0.6669492055000679,0.09596659198007679,0.1379679383546035,1.0581813203458523e-16,1.5439038936193583e-16,0,0
1578,0.1661510243931358,0.3535101445939354,0.032317312775066914,0.10685112448853627,-8.673617379884035e-18,-2.255140518769849e-17,0,0
1579,0.1851447199382094,0.3596949566731567,0.0347354537460825,0.10618861143339334,4.510281037539698e-17,4.336808689942018e-17,0,0
1580,0.2041766741192862,0.3658840069285731,0.036921685645681906,0.10527184464007372,-4.8572257327350605e-17,5.030698080332741e-17,0,0
1581,0.2232150852580362,0.3720899749672026,0.03910666390383734,0.10459324957548016,3.903127820947816e-17,8.153200337090992e-17,0,0
1582,0.2422378999372757,0.3782948122351685,0.04100430873069927,0.10403908157223578,-1.951563910473908e-17,-1.3877787807814457e-17,0,0
1583,0.261292502249958,0.3845122192507076,0.042921878481590216,0.10356447729216545,-4.3368086899420185e-18,-6.591949208711867e-17,0,0
1584,0.2802859681343931,0.3907017432423507,0.044596645566147605,0.10322153511141818,3.122502256758253e-17,-5.377642775528102e-17,0,0
1585,0.2992807679966619,0.3968840018958565,0.04628524879219462,0.10318908029284585,-1.1275702593849246e-17,1.908195823574488e-17,0,0
1586,0.318263425310073,0.4030617364363301,0.04783261459885628,0.10302392416603101,-2.0816681711721685e-17,-6.938893903907227e-17,0,0
1587,0.1049903453626611,0.3153930127688447,0.024440905082048388,0.10846257586193239,1.6479873021779667e-17,-1.1102230246251563e-16,0,0
1588,0.1239953958528828,0.3215855178087906,0.027596233505927485,0.10721532173533095,8.673617379884035e-18,8.673617379884035e-18,0,0
1589,0.0859858525485397,0.3091913229485265,0.020846342609615008,0.10963384833295,1.474514954580286e-17,-8.500145032286355e-17,0,0
1590,0.0670301340764388,0.3029830871928144,0.01698237777417537,0.1107856301067161,-6.938893903907228e-18,-9.540979117872439e-17,0,0
1591,0.1429964816790362,0.3277715398735028,0.030570339779006722,0.1060487008514382,-8.673617379884035e-18,-3.816391647148976e-17,0,0
1592,0.3372509589152267,0.4092395239740522,0.049482564835167844,0.10295419908465356,9.194034422677078e-17,6.071532165918825e-17,0,0
1593,0.0196400247224308,0.2721130476062886,0.005732172763541961,0.11263894818770404,-1.8214596497756478e-17,-6.591949208711867e-17,0,0
1594,0.0434445520921436,0.2772577549511406,0.012603246606835662,0.11155217237548763,-8.673617379884035e-18,-7.45931094670027e-17,0,0
1595,0.6453787294234693,0.5276729255044046,0.07250155607936733,0.11390817382397975,-1.214306433183765e-17,-4.033232081646077e-17,0,0
1596,0.801627058497588,0.5966753203287769,0.08430298495969146,0.12511046178971175,-4.6837533851373785e-17,-7.892991815694471e-17,0,0
1597,0.8206406331535353,0.6028615562405055,0.08578409700349345,0.12622142562271432,1.0148132334464322e-16,-1.0928757898653883e-16,0,0
1598,0.8396531261753786,0.6090496772036105,0.08724426930351403,0.12723665864902067,-1.0842021724855044e-17,-1.1449174941446927e-16,0,0
1599,0.8586684510791125,0.6152373736796982,0.08861981697884473,0.12825350096327096,3.4694469519536136e-17,4.336808689942018e-17,0,0
1600,0.8776858190201098,0.6214199536108379,0.09016649397490856,0.1293884783869148,-5.074066167232161e-17,1.2836953722228372e-16,0,0
1601,0.8967034144588031,0.6276045323740495,0.09173995816870822,0.1306692517973988,-3.0357660829594124e-17,9.887923813067799e-17,0,0
1602,0.915405892651233,0.6337875328558382,0.09320786123918261,0.1316544927048164,3.382710778154774e-17,-6.418476861114186e-17,0,0
1603,0.9335933359423776,0.6420425609706145,0.09454946983462498,0.13309913664028616,4.4235448637408575e-17,-9.714451465470121e-17,0,0
1604,0.9503718234646804,0.6499828178610856,0.09592193247556577,0.1347133492584337,-7.806255641895632e-18,-6.591949208711867e-17,0,0
1605,0.9660224448489378,0.6595869339548901,0.09713947760683837,0.1364050484965701,2.255140518769849e-17,9.714451465470121e-17,0,0
1606,0.9824994726041374,0.6703117103910224,0.09860853227668594,0.13856915489277477,-7.199102425303751e-17,-7.45931094670027e-17,0,0
1607,1.0,0.6799999999991574,0.1,0.14033070451549762,0.0201627252394354,-3.642919299551295e-17,2,0
1608,0.4321990791181758,0.44014714511132,0.05702161227704129,0.10370308058896235,4.336808689942019e-19,-1.5612511283791264e-17,0,0
1609,0.4511926661665734,0.4463266308504092,0.05828022612836468,0.10412192821335717,-1.734723475976807e-18,6.071532165918825e-17,0,0
1610,0.413203097015521,0.433965911119572,0.05554807961557123,0.10334738717008975,1.0408340855860844e-17,3.469446951953614e-18,0,0
1611,0.3942160334380768,0.4277799168694093,0.05415352811653161,0.10314908589386873,-3.469446951953614e-18,-4.8572257327350605e-17,0,0
1612,0.3752314065585837,0.4215981249670905,0.05259256581874191,0.10292927904158819,-1.951563910473908e-17,4.163336342344337e-17,0,0
1613,0.3562365338775379,0.4154115223018844,0.05105973293337325,0.10284192973836624,-6.071532165918825e-17,8.673617379884035e-18,0,0
1614,0.4701909361789303,0.4525036978656042,0.05972104638047196,0.10456522226352752,-1.214306433183765e-17,-1.908195823574488e-17,0,0
1615,0.4891949784319121,0.4586878417130927,0.061021459381664186,0.1048668884576341,-6.0715321659188256e-18,-3.122502256758253e-17,0,0
1616,0.5081907290088373,0.464866505189747,0.06268238496418366,0.10547523838507755,6.938893903907227e-17,-5.204170427930421e-18,0,0
1617,0.5271880832710882,0.4710483201610318,0.0641124198349553,0.10607267926295064,-8.413408858487513e-17,6.418476861114186e-17,0,0
1618,0.5461914783829751,0.4772319181115806,0.06543800350669071,0.10677957072415928,6.678685382510706e-17,5.204170427930421e-18,0,0
1619,0.565200417079508,0.4834139705864786,0.06677372090489174,0.10737519514595692,-1.474514954580286e-17,4.336808689942018e-17,0,0
1620,0.1620120526779144,0.3339634204635747,0.03327014020266036,0.10493763890535124,3.122502256758253e-17,-3.642919299551295e-17,0,0
1621,0.0628908968713252,0.2834278480445718,0.0172586745672769,0.11032153659736625,1.7347234759768068e-17,7.63278329429795e-17,0,0
1622,0.584203000211331,0.4895893925593328,0.06823123501531464,0.10820914543279486,-6.938893903907227e-17,-2.6020852139652106e-17,0,0
1623,0.0,0.2600000000004088,0.0,0.11311330937447486,-0.0233450072311282,4.076600168545497e-17,1,0
1624,0.6032144042655558,0.495758483125613,0.06960633699065821,0.10887749567555176,2.5153490401663706e-17,6.071532165918825e-17,0,0
1625,0.6222230751565272,0.5019364859806745,0.07100534272445666,0.10967856530442621,4.77048955893622e-17,3.4694469519536136e-17,0,0
1626,0.6412301988718082,0.5081199027041697,0.07243554802832308,0.11030697927076884,-6.418476861114186e-17,6.938893903907228e-18,0,0
1627,0.6643873313655885,0.5338570487602243,0.07387189477155659,0.11475664708733047,-3.122502256758253e-17,-2.6020852139652106e-18,0,0
1628,0.683396408789408,0.5400413449453407,0.07532667439611064,0.11583014246398785,1.734723475976807e-18,5.551115123125783e-17,0,0
1629,0.7024058894588797,0.5462262569256854,0.07660972015663237,0.11666616544000306,-5.377642775528102e-17,1.734723475976807e-18,0,0
1630,0.7214172478706073,0.5524033296294728,0.07822397369682273,0.11754109703039951,4.8572257327350605e-17,-3.122502256758253e-17,0,0
1631,0.7404360490333349,0.5585677059455362,0.07962173802072264,0.11842273980873125,5.681219383824043e-17,1.0408340855860844e-17,0,0
1632,0.7594474611753569,0.564755506331487,0.08100783532180679,0.11955952474975476,-7.112366251504909e-17,-1.7347234759768068e-17,0,0
1633,0.7784614103939764,0.5709367071176417,0.08263590228607282,0.12058854439642941,1.3877787807814457e-17,7.63278329429795e-17,0,0
1634,0.7974763736991127,0.577117595612426,0.08407666091353386,0.1215109842741953,-1.7347234759768068e-17,5.551115123125783e-17,0,0
1635,0.1810359194623804,0.3401524786967852,0.03560343799730793,0.10385581670621259,-1.908195823574488e-17,-3.816391647148976e-17,0,0
1636,0.2000253985367947,0.3463394756195562,0.03776605545554386,0.10296281001950588,-4.380176776841438e-17,-8.673617379884034e-17,0,0
1637,0.2190925704861038,0.3525587834068478,0.03988136127789815,0.10215114649704425,4.9439619065338996e-17,-1.5612511283791264e-17,0,0
1638,0.2381246957992448,0.3587702204971494,0.04193991527655802,0.10138218823140432,1.734723475976807e-18,3.9898639947466563e-17,0,0
1639,0.2571464432657914,0.3649799352823793,0.04376098248462083,0.1008971052384533,-7.025630077706069e-17,7.112366251504909e-17,0,0
1640,0.2761403831080255,0.3711616084663265,0.04542971145225743,0.10038392410700127,7.892991815694471e-17,1.0581813203458523e-16,0,0
1641,0.2951298987269471,0.377338013649665,0.047098826921753205,0.09994517981484596,-7.546047120499111e-17,-4.510281037539698e-17,0,0
1642,0.3141166174856876,0.3835200865241971,0.04870744231929182,0.09982812654550599,1.7347234759768068e-17,5.724587470723462e-17,0,0
1643,0.3330976819271922,0.389700017440166,0.0501706194247196,0.09968113208003986,2.47198095326695e-17,1.0408340855860844e-17,0,0
1644,0.1198529376655748,0.3020374355114194,0.028778309896810197,0.10596561773481811,-3.9898639947466563e-17,5.377642775528102e-17,0,0
1645,0.1008870728808965,0.2958297957473032,0.025374346541599042,0.10751755293293128,-2.168404344971009e-17,3.4694469519536136e-17,0,0
1646,0.1388526937002815,0.3082236807236768,0.03169793692168846,0.10443978556104705,2.775557561562892e-17,7.63278329429795e-17,0,0
1647,0.0819470228632389,0.2896080428391513,0.021485849449436635,0.10900605217985962,1.7347234759768068e-17,5.551115123125783e-17,0,0
1648,0.1578514077987206,0.3144091561805288,0.03435764212326779,0.10304700086503804,-8.673617379884035e-18,2.949029909160572e-17,0,0
1649,0.3520837541540978,0.3958779937438242,0.05172577173479505,0.09953801148643332,-6.505213034913027e-17,-1.214306433183765e-17,0,0
1650,0.0176281463067275,0.2497350614261246,0.005840564690172216,0.11320197979844379,3.122502256758253e-17,9.887923813067799e-17,0,0
1651,0.0360194040482177,0.2570968799126674,0.011603938897469412,0.11213619624565437,-3.7296554733501346e-17,2.949029909160572e-17,0,0
1652,0.0581902284241495,0.2637685898032816,0.0176217581990439,0.11035484544036617,-2.949029909160572e-17,3.642919299551295e-17,0,0
1653,0.6602331766470753,0.5143055523909219,0.07383214547789378,0.1111437377226574,-8.153200337090992e-17,4.77048955893622e-18,0,0
1654,0.8164903004978581,0.5833029637397145,0.08548839390048588,0.12253080229942587,-4.510281037539698e-17,-1.8648277366750682e-17,0,0
1655,0.8355032898921504,0.5894902507952798,0.08696256922987963,0.12352682633389231,5.204170427930421e-18,9.020562075079396e-17,0,0
1656,0.8545175947932997,0.5956803720579671,0.08860079739091467,0.1245026643927547,-4.510281037539698e-17,-1.3877787807814457e-17,0,0
1657,0.8735324513412012,0.6018652223621883,0.0899152942004322,0.12562479778234267,-3.0357660829594124e-17,-7.979727989493313e-17,0,0
1658,0.8925408285228361,0.6080489820601106,0.09142785302848205,0.12689187279811986,1.1709383462843448e-16,-2.949029909160572e-17,0,0
1659,0.91151524733971,0.6142331658893634,0.09289636327361446,0.12798350826088242,-2.2985086056692694e-17,-1.2836953722228372e-16,0,0
1660,0.9303890365892477,0.6214741387670356,0.0944226628613201,0.12917837920855646,6.0715321659188256e-18,1.2836953722228372e-16,0,0
1661,0.9484007109299728,0.6298656129191629,0.09578665167313047,0.13085680697498303,-4.77048955893622e-17,-1.3877787807814457e-17,0,0
1662,0.9654130822296834,0.6400006047188841,0.09710931244829296,0.13275108349835252,-4.597017211338539e-17,4.163336342344337e-17,0,0
1663,0.9826584864558492,0.6500520313037592,0.09859688986618809,0.13474854155107646,3.0357660829594124e-17,1.52655665885959e-16,0,0
1664,1.0,0.6599999999991049,0.1,0.136613091513496,0.0201527465433913,-1.908195823574488e-17,2,0
1665,0.4280516119926849,0.420606092673837,0.057538079323880664,0.10021552713957171,1.908195823574488e-17,-1.5612511283791264e-17,0,0
1666,0.4470433867179975,0.426779673136362,0.05891892567569363,0.1006029070771694,-4.77048955893622e-17,-1.301042606982605e-16,0,0
1667,0.4660381924835465,0.4329562426120645,0.060134718067341705,0.10105085459971018,4.4235448637408575e-17,-2.0816681711721685e-17,0,0
1668,0.4090589716309027,0.4144245137902391,0.05600294362927502,0.10018286448981956,-8.673617379884035e-18,-5.204170427930421e-18,0,0
1669,0.3900683462988318,0.4082391520460499,0.054638147770686714,0.09983867829639911,4.076600168545497e-17,-3.9898639947466563e-17,0,0
1670,0.3710746122085275,0.4020602183703655,0.05314407510285014,0.09966802829187424,5.2041704279304207e-17,4.336808689942018e-17,0,0
1671,0.4850353944802672,0.4391148965646711,0.0614861606172229,0.10148182845945375,-2.949029909160572e-17,3.9898639947466563e-17,0,0
1672,0.5040342696030956,0.4453056175396535,0.06297788424398135,0.10177332050267668,-9.54097911787244e-18,3.816391647148976e-17,0,0
1673,0.5230310594717734,0.4514894175064246,0.06422979112848534,0.10246167174150235,-8.109832250191573e-17,-2.0816681711721685e-17,0,0
1674,0.5420402513882743,0.4576782310843056,0.06563321072870026,0.10323167117762659,1.1145598333150986e-16,1.214306433183765e-17,0,0
1675,0.5610480050139868,0.4638652142562941,0.06698785559560072,0.10378058676906875,-5.724587470723462e-17,-1.7347234759768068e-17,0,0
1676,0.5800553569062736,0.4700463374849706,0.06832089121917251,0.10447922105662122,-9.54097911787244e-18,-3.9898639947466563e-17,0,0
1677,0.1769057111560496,0.3206167965948015,0.0367639001077474,0.1018030817667484,-4.163336342344337e-17,3.816391647148976e-17,0,0
1678,0.0778136498176411,0.2700609835657132,0.022340532426355822,0.10860120241348656,8.673617379884035e-18,2.775557561562892e-17,0,0
1679,0.599055646141529,0.4762208068104976,0.06970665336574092,0.10523542450664025,-6.765421556309548e-17,-2.255140518769849e-17,0,0
1680,0.0,0.2400000000003658,0.0,0.11407731036258721,-0.0238411188491299,-2.775557561562892e-17,1,0
1681,0.6180682705362681,0.4823947646992895,0.07102466352454934,0.10590622052862264,1.1449174941446927e-16,3.642919299551295e-17,0,0
1682,0.6370807082633716,0.4885702769482201,0.07251373084355602,0.10666235430236365,-7.849623728795052e-17,7.63278329429795e-17,0,0
1683,0.6560867442802609,0.4947517718294381,0.07376406074893678,0.10752378233831027,-1.908195823574488e-17,-1.214306433183765e-17,0,0
1684,0.6792419690699713,0.5204929280103636,0.07527622332742727,0.11197929676992878,2.949029909160572e-17,8.239936510889834e-18,0,0
1685,0.6982555445754299,0.5266750545927461,0.07664409428440318,0.11293301127593922,9.410874857174177e-17,1.734723475976807e-18,0,0
1686,0.7172672147523965,0.5328555091417229,0.07812369844573479,0.11388511096919465,-6.591949208711867e-17,-2.4286128663675302e-17,0,0
1687,0.7362722664583481,0.5390310730653193,0.07945608036639899,0.11469676231914425,-5.854691731421724e-17,3.122502256758253e-17,0,0
1688,0.7553017622739409,0.5451876619757698,0.08093249078663556,0.11566737478989854,3.2959746043559335e-17,3.816391647148976e-17,0,0
1689,0.7743144628970922,0.5513724564120892,0.08231271455155535,0.1167726791223732,3.3393426912553537e-17,-4.163336342344337e-17,0,0
1690,0.79332746754378,0.5575584539276349,0.08386701694738925,0.11775060565335463,-4.597017211338539e-17,-2.6020852139652106e-17,0,0
1691,0.8123411630696731,0.5637435463006617,0.08534404294739309,0.11895062981957191,-1.7780915628762273e-17,8.673617379884035e-18,0,0
1692,0.1959833620757088,0.3268311701127813,0.03897335367047626,0.10070157654595596,8.673617379884035e-18,7.979727989493313e-17,0,0
1693,0.2150048177150018,0.3330337463911968,0.04108660845766225,0.09973787604852972,2.2117724318704287e-17,3.469446951953614e-18,0,0
1694,0.2340087514882593,0.3392352760374089,0.04298270498324086,0.0988793663212279,-1.6479873021779667e-17,-7.63278329429795e-17,0,0
1695,0.252995852587903,0.3454359071615558,0.044781573408347417,0.09812857827617605,4.77048955893622e-18,-9.887923813067799e-17,0,0
1696,0.2719947303183549,0.3516212337852838,0.046330246813769585,0.09746271242593263,1.0408340855860844e-17,-1.0581813203458523e-16,0,0
1697,0.2909875092985424,0.357800014656304,0.04799170121104247,0.0969694484382084,4.640385298237959e-17,2.6020852139652106e-17,0,0
1698,0.3099725726175103,0.3639786588798,0.04956582258636669,0.0967646360681009,-8.066464163292153e-17,-7.979727989493313e-17,0,0
1699,0.328955358335742,0.3701580908433658,0.050995047484031567,0.09660615287379931,8.673617379884034e-17,1.3877787807814457e-17,0,0
1700,0.3479366349152747,0.3763420017567192,0.05248316702402134,0.09630030198239531,-3.686287386450715e-17,6.938893903907228e-18,0,0
1701,0.1347084091644681,0.2886771836255622,0.03301024983079725,0.10311177363401994,1.7347234759768068e-17,-1.1622647289044608e-16,0,0
1702,0.1157116850523616,0.2824917102081597,0.02983778535513551,0.10494569191909857,3.469446951953614e-18,-3.469446951953614e-18,0,0
1703,0.0968345937930026,0.276257250207718,0.026427054630663034,0.10682111895666796,3.469446951953614e-18,4.163336342344337e-17,0,0
1704,0.153719000437193,0.2948651132137821,0.03570728047005679,0.10135814869753247,-1.0408340855860844e-17,-2.949029909160572e-17,0,0
1705,0.172767446757021,0.3010897227229377,0.03815795380041648,0.09979903409313533,1.6479873021779667e-17,-1.5612511283791264e-17,0,0
1706,0.3669293722681803,0.3825227510342247,0.054005143159915114,0.09632920908618195,2.2985086056692694e-17,-4.8572257327350605e-17,0,0
1707,0.0174280283532698,0.2296490487733875,0.006479271007821759,0.11420900899919281,-1.9949319973733282e-17,8.673617379884035e-19,0,0
1708,0.0364749691698104,0.237878756827295,0.012922740304333203,0.11264373541997647,3.2959746043559335e-17,5.2041704279304207e-17,0,0
1709,0.0545860836613482,0.2442820478381246,0.018203390853670797,0.1108299056759959,-1.6479873021779667e-17,-9.540979117872439e-17,0,0
1710,0.0741154490109587,0.2506079047091488,0.02345367548048138,0.10858147211853839,-1.734723475976807e-18,-5.377642775528102e-17,0,0
1711,0.6750860636391222,0.5009464873822158,0.07522081413979262,0.10842025134935468,2.0816681711721685e-17,1.734723475976807e-18,0,0
1712,0.8313546646588943,0.5699306543244331,0.08676299075139421,0.11997154274082475,2.0816681711721685e-17,-2.6020852139652106e-18,0,0
1713,0.8503691546879735,0.5761201117634084,0.08826514917274897,0.12094005751621006,-2.5587171270657905e-17,-1.3877787807814457e-17,0,0
1714,0.8693837739217619,0.5823092239419514,0.089799925534375,0.12185964812552345,7.45931094670027e-17,6.071532165918825e-17,0,0
1715,0.8883983663554433,0.5884936135246222,0.09113908759356111,0.12305147613648221,-5.117434254131581e-17,-5.898059818321144e-17,0,0
1716,0.9073906491267004,0.5946571221362598,0.09270527091257186,0.1242049730407051,8.716985466783456e-17,6.765421556309548e-17,0,0
1717,0.9264339215592772,0.6008635857915142,0.09407517162129378,0.12534771629629618,-1.1622647289044608e-16,2.949029909160572e-17,0,0
1718,0.9475371557385464,0.6069967716716946,0.09586205577671508,0.1264671641376081,0.0,8.673617379884035e-18,0,0
1719,0.9656316659935856,0.6200041447246631,0.09708485209574005,0.12885357960587773,1.3877787807814457e-17,-1.908195823574488e-17,0,0
1720,0.98267944179446,0.6299998727107616,0.09847537110489746,0.1308440569079849,7.199102425303751e-17,-1.8041124150158796e-16,0,0
1721,1.0,0.6399999999990521,0.1,0.13264993892470361,0.0201397978387842,1.734723475976807e-18,2,0
1722,0.4239067485615166,0.4010652794863536,0.05792681485736553,0.09679469614511574,2.5153490401663706e-17,6.071532165918825e-17,0,0
1723,0.4428959826788832,0.4072383212997433,0.059272329940561405,0.09711662700063503,2.1684043449710093e-18,9.540979117872439e-17,0,0
1724,0.461887839361551,0.4134102846735329,0.060634656964315595,0.09751114644617301,-3.426078865054194e-17,2.4286128663675302e-17,0,0
1725,0.4808874231455645,0.4195702529429538,0.061919931996544025,0.09792553032843251,-4.77048955893622e-18,2.255140518769849e-17,0,0
1726,0.4049148209332746,0.394883866972301,0.05658554036484863,0.09666383473003307,-4.076600168545497e-17,8.847089727481715e-17,0,0
1727,0.3859222642904961,0.388703188463311,0.05535021037863448,0.0965194776503294,-3.079134169858833e-17,2.4286128663675302e-17,0,0
1728,0.4998866394575637,0.4257468385684536,0.06329724398048321,0.09832688205149777,1.5178830414797062e-17,-8.153200337090992e-17,0,0
1729,0.5188869998442125,0.431933316378617,0.0646901490879496,0.09891112954996667,2.168404344971009e-17,-5.2041704279304207e-17,0,0
1730,0.5378872643715626,0.4381196130248604,0.06601443226885068,0.09958953936580535,6.114900252818245e-17,-5.898059818321144e-17,0,0
1731,0.556898433782263,0.4443102674287428,0.06737061701045127,0.1001676977722541,-6.375108774214766e-17,6.938893903907227e-17,0,0
1732,0.5759070987090504,0.450495125082041,0.06856958114036296,0.1007477615846116,9.54097911787244e-18,7.63278329429795e-17,0,0
1733,0.5949139093368802,0.4566803904762231,0.06977995519427822,0.10146378184793929,3.165870343657673e-17,-1.3877787807814457e-17,0,0
1734,0.1918627856586652,0.3073323211040243,0.04048389099966258,0.09849592284271715,-9.54097911787244e-18,-4.163336342344337e-17,0,0
1735,0.0929037079431715,0.256696265790408,0.027796374994349685,0.10637787060987192,5.204170427930421e-18,-2.4286128663675302e-17,0,0
1736,0.6139133474083864,0.4628537507715981,0.0711725034495328,0.10227916424097834,-1.6479873021779667e-17,5.204170427930421e-18,0,0
1737,0.0,0.2200000000003011,0.0,0.1153976104965277,-0.0242758249334471,-1.908195823574488e-17,1,0
1738,0.6329234885502526,0.4690314326589879,0.0725434543507924,0.10292466530155424,-5.377642775528102e-17,-5.2041704279304207e-17,0,0
1739,0.6519328524250048,0.4752115688127715,0.07386942529508,0.10386888426856074,4.90059381963448e-17,-2.949029909160572e-17,0,0
1740,0.670937587815764,0.4813989386373085,0.07535972730944951,0.10461179707600857,6.765421556309548e-17,1.214306433183765e-17,0,0
1741,0.6940992273551071,0.507141391687278,0.07666398886189278,0.10926300120318369,3.642919299551295e-17,-1.9949319973733282e-17,0,0
1742,0.713107981106312,0.5133308254413288,0.07811493932913105,0.11010131317057632,3.9464959078472355e-17,1.3877787807814457e-17,0,0
1743,0.732113840040773,0.5194987060252931,0.07942599070647798,0.11089370908260553,-1.231653667943533e-16,3.2959746043559335e-17,0,0
1744,0.7511298563617764,0.5256603164346387,0.08101347270358823,0.11186990952070079,1.0148132334464322e-16,2.6020852139652106e-17,0,0
1745,0.7701623799418622,0.5318225469722888,0.0823025841731361,0.11292876131085067,4.3368086899420185e-18,-3.4694469519536136e-17,0,0
1746,0.7891786023889541,0.5379984838744398,0.08378230137678919,0.11402502999774797,-4.336808689942019e-19,-2.255140518769849e-17,0,0
1747,0.8081920650121771,0.5441843268603367,0.08517978456733721,0.11506104621592507,-4.9439619065338996e-17,1.5612511283791264e-17,0,0
1748,0.8272059621849165,0.550370626430612,0.08659356177943317,0.1161630304832619,4.250072516143178e-17,5.204170427930421e-18,0,0
1749,0.2108867613169462,0.3135298885684278,0.04235427237728964,0.09726207155302574,2.6020852139652106e-17,-3.469446951953614e-18,0,0
1750,0.2298730850336082,0.3197211104485638,0.044270092945908585,0.09623909541245687,2.6020852139652106e-18,1.5612511283791264e-17,0,0
1751,0.2488623163474144,0.3259023551124123,0.045891342094001725,0.09546024348376758,-1.9949319973733282e-17,6.938893903907227e-17,0,0
1752,0.2678511540445139,0.3320843387806305,0.04750551315623611,0.09467450443506154,-2.6454533008646308e-17,8.673617379884034e-17,0,0
1753,0.2868404065130155,0.3382632695671893,0.049040647851512534,0.09409835442748227,9.54097911787244e-18,1.214306433183765e-17,0,0
1754,0.3058322433116977,0.3444412404259865,0.05053719532121516,0.09369865095267599,4.163336342344337e-17,3.4694469519536136e-17,0,0
1755,0.3248163792778564,0.3506212298855875,0.051770904215650906,0.09331563563351913,-4.380176776841438e-17,-7.806255641895632e-17,0,0
1756,0.343797903717447,0.3568037171852581,0.05331449891885236,0.0931268459643316,3.9898639947466563e-17,1.734723475976807e-18,0,0
1757,0.3627858491357198,0.3629847501445512,0.05474754575085747,0.0928889973924383,9.974659986866641e-18,-2.775557561562892e-17,0,0
1758,0.1496340089576573,0.2753245980145171,0.03722202992354118,0.09982150207155424,-3.2959746043559335e-17,-3.469446951953614e-18,0,0
1759,0.1305828050829032,0.2691299917170032,0.034503532600821396,0.10190355844264865,4.163336342344337e-17,7.979727989493313e-17,0,0
1760,0.1116282017132132,0.2629379871729154,0.03134628540365646,0.10415757949989729,7.806255641895632e-18,0.0,0,0
1761,0.1687026644654125,0.281564096750375,0.03982844465075745,0.09791448502624184,-1.3877787807814457e-17,3.4694469519536136e-17,0,0
1762,0.1877226163105283,0.2877861678545318,0.04198120132606305,0.0963427046591802,1.0408340855860844e-17,-2.255140518769849e-17,0,0
1763,0.3817776043888655,0.3691648429875013,0.05597154853206478,0.09303660739448089,1.474514954580286e-17,1.908195823574488e-17,0,0
1764,0.0160462277300009,0.2099810944133627,0.0067681143062312205,0.11563208951765691,-2.775557561562892e-17,5.724587470723462e-17,0,0
1765,0.0333364013167001,0.2180584954194007,0.013385423418315681,0.11384120799689876,1.734723475976807e-18,-1.3877787807814457e-17,0,0
1766,0.0515237295041955,0.2251170745918856,0.019161705008981893,0.11154665251131676,5.204170427930421e-18,6.071532165918825e-17,0,0
1767,0.0700409782549699,0.2311095151219858,0.024481826787451068,0.10896998588519463,1.7347234759768068e-17,3.642919299551295e-17,0,0
1768,0.0887692873468656,0.237160694079611,0.029225703960270286,0.10609452275166324,-2.4286128663675302e-17,-4.163336342344337e-17,0,0
1769,0.6899471248365914,0.4876027355264765,0.0767148496109869,0.10554304857924546,-5.551115123125783e-17,-8.023096076392733e-17,0,0
1770,0.8462199925107841,0.5565586033208059,0.08807701790105078,0.11735555798596983,3.469446951953614e-18,4.163336342344337e-17,0,0
1771,0.865235014148897,0.5627474907957815,0.08956727546203345,0.11806579605380621,2.168404344971009e-17,-9.540979117872439e-17,0,0
1772,0.8842507816084725,0.5689358818573084,0.0911265460214295,0.11927205829946862,9.107298248878237e-18,3.122502256758253e-17,0,0
1773,0.9032521048987314,0.5751028246951346,0.09232815714052858,0.12038811873756347,1.3444106938820257e-17,-7.806255641895632e-17,0,0
1774,0.922203426084204,0.5812005608568145,0.09381377658870543,0.12152307125660668,-3.599551212651875e-17,1.908195823574488e-17,0,0
1775,0.9402371848936704,0.5866212445872652,0.09532122971459205,0.12249281611967502,4.9873299934333204e-17,-1.908195823574488e-17,0,0
1776,0.9666999966387236,0.6000143614248648,0.09737421843422334,0.12506673659824036,6.938893903907227e-17,-6.938893903907228e-18,0,0
1777,0.9829222743114772,0.6100111142625739,0.09848739275299206,0.12684633690130354,1.3010426069826053e-17,1.1449174941446927e-16,0,0
1778,1.0,0.6199999999989995,0.1,0.1289754553135069,0.0201299452166623,6.938893903907228e-18,2,0
1779,0.4197640557887959,0.3815249553124279,0.05844846334646707,0.09329107991151786,5.247538514829842e-17,-1.2836953722228372e-16,0,0
1780,0.4387527610861458,0.3877027019174406,0.05976740424166613,0.09341071388258917,1.734723475976807e-18,-5.551115123125783e-17,0,0
1781,0.4577391013532571,0.3938688196207941,0.06107350874495398,0.09379250458121408,-6.0715321659188256e-18,1.734723475976807e-18,0,0
1782,0.4767376699503159,0.4000281106746333,0.06243171512730708,0.09424546797424337,-5.204170427930421e-18,-1.0408340855860844e-17,0,0
1783,0.4957416054753732,0.4061967116482473,0.06361170129946239,0.09476712950333632,6.5052130349130266e-18,4.8572257327350605e-17,0,0
1784,0.4007703873996794,0.3753448445927063,0.057137621325887095,0.0931494118483206,-1.2576745200831853e-17,-1.006139616066548e-16,0,0
1785,0.5147425080006591,0.412379054457463,0.06495217412153587,0.0952812202761289,-3.0357660829594124e-17,5.898059818321144e-17,0,0
1786,0.53374397648826,0.4185624146166876,0.06621567564704961,0.09570917255702488,-7.242470512203171e-17,6.938893903907227e-17,0,0
1787,0.5527484830742526,0.4247500098778139,0.06750017990669671,0.0963816631822793,2.688821387764051e-17,1.5612511283791264e-17,0,0
1788,0.5717547510544613,0.4309377079233006,0.06884257941028499,0.09699095896344298,-1.1709383462843448e-17,-9.367506770274757e-17,0,0
1789,0.5907627595648279,0.4371247383265393,0.07017744495791894,0.09778951355646542,6.331740687315346e-17,5.377642775528102e-17,0,0
1790,0.6097700078956954,0.4433111257900988,0.07135355203858776,0.09835144518024849,-6.418476861114186e-17,-6.418476861114186e-17,0,0
1791,0.2067484351927085,0.294006579670696,0.04385374191562572,0.0948450241166157,-1.3010426069826053e-17,-3.469446951953614e-18,0,0
1792,0.1074638646159452,0.2434054637344819,0.03311188496321432,0.10341039504718258,4.3368086899420185e-18,-5.2041704279304207e-17,0,0
1793,0.6287740349148596,0.4494903995969654,0.07262283312010145,0.09923315601952586,5.551115123125783e-17,-3.4694469519536136e-17,0,0
1794,0.0,0.2000000000002582,0.0,0.11740720003192295,-0.0249675333602851,1.9949319973733282e-17,1,0
1795,0.6477847585343226,0.4556710414208204,0.07401994926764804,0.10001897577153288,-3.5561831257524545e-17,3.122502256758253e-17,0,0
1796,0.6667972675070648,0.4618549736075943,0.07540468513100809,0.10081912736073678,1.474514954580286e-17,-2.0816681711721685e-17,0,0
1797,0.6858015154132048,0.4680517777370687,0.07680784923172815,0.10158030429317738,4.4669129506402777e-17,4.336808689942018e-17,0,0
1798,0.7089583703289601,0.4937902251540783,0.07797635503784164,0.10640682825444417,8.153200337090992e-17,7.37257477290143e-18,0,0
1799,0.72796327904545,0.4999803051577514,0.07939004509308394,0.10728604725358343,-8.716985466783456e-17,-9.020562075079396e-17,0,0
1800,0.746976833778812,0.5061407069142426,0.08087419382877328,0.10818548290463505,8.500145032286355e-17,-9.020562075079396e-17,0,0
1801,0.7659881224322511,0.512302739130865,0.0822555377946909,0.10911114073775749,-3.903127820947816e-17,5.551115123125783e-17,0,0
1802,0.7850133526172024,0.5184637076316729,0.08371215169700956,0.11022030963277282,6.591949208711867e-17,3.469446951953614e-18,0,0
1803,0.8040426332961522,0.5246248923433667,0.08506699333810279,0.11118244558406169,-6.245004513516506e-17,-2.6020852139652106e-17,0,0
1804,0.8230565332926016,0.5308109214080527,0.08653458420854743,0.11209826587967818,9.540979117872439e-17,-6.938893903907227e-17,0,0
1805,0.842070684111009,0.5369973256237964,0.08787053053320681,0.11328859165945948,-7.979727989493313e-17,-6.591949208711867e-17,0,0
1806,0.955278069141002,0.5899998793763089,0.09656838602788109,0.12318363424029384,-3.122502256758253e-17,-3.816391647148976e-17,0,0
1807,0.225732776715581,0.3001890416394248,0.04570872687232793,0.09353361429911387,3.209238430557093e-17,6.418476861114186e-17,0,0
1808,0.2447200450931365,0.3063696901071432,0.04736988972033458,0.09253413204684482,-1.1709383462843448e-17,-2.6020852139652106e-17,0,0
1809,0.263707401334652,0.3125499382379237,0.04883741383462124,0.0917886003049787,-2.3852447794681098e-17,-8.326672684688674e-17,0,0
1810,0.2826927394989189,0.3187270818882036,0.05017230667483537,0.09107498835298626,1.7347234759768068e-17,3.2959746043559335e-17,0,0
1811,0.3016818318413732,0.3249067669168005,0.05154994938103375,0.0904341480636587,3.165870343657673e-17,4.510281037539698e-17,0,0
1812,0.3206689718949281,0.3310852245412686,0.052929683295770545,0.09007362804097228,-9.974659986866641e-18,3.816391647148976e-17,0,0
1813,0.3396551280799284,0.3372666276521358,0.05428523358010726,0.08968962427275061,-6.245004513516506e-17,-1.3877787807814457e-17,0,0
1814,0.3586424595162347,0.3434479476032569,0.055442905749318136,0.08950871456100203,2.688821387764051e-17,7.806255641895632e-17,0,0
1815,0.3776333618387424,0.3496278505539807,0.05680550478408414,0.08949688073385385,-6.591949208711867e-17,4.336808689942018e-17,0,0
1816,0.1455245348008775,0.2557535479320256,0.039127273912356625,0.09836661511609203,-2.6020852139652106e-18,4.336808689942018e-17,0,0
1817,0.1646175052908779,0.2620241131064394,0.04174034493036645,0.09609172092329912,-1.1275702593849246e-17,1.734723475976807e-18,0,0
1818,0.1264512895203164,0.2495889781957308,0.03627934469938665,0.10091497737786123,-5.204170427930421e-18,-9.194034422677078e-17,0,0
1819,0.1836187327124911,0.268255414899543,0.043775129819704536,0.09422282888535564,1.908195823574488e-17,-4.163336342344337e-17,0,0
1820,0.2026129201196612,0.2744641377357789,0.04549439800935279,0.09253968315658821,-8.673617379884035e-19,1.908195823574488e-17,0,0
1821,0.3966257271720662,0.355806852527224,0.05787078336550215,0.08953477355282918,6.0715321659188256e-18,8.500145032286355e-17,0,0
1822,0.0147771658445296,0.1903696875309603,0.007275577766923613,0.11797704748549864,1.3877787807814457e-17,-1.0408340855860844e-16,0,0
1823,0.0309714050954289,0.1988511899941753,0.014049448922339895,0.11548228196457622,1.5612511283791264e-17,-6.071532165918825e-17,0,0
1824,0.0476088918663338,0.2057156862596279,0.020193480776391885,0.11286368165923866,1.3010426069826053e-17,-2.0816681711721685e-17,0,0
1825,0.0658747680230579,0.211545409888081,0.025864082238503377,0.10975818994601177,-1.734723475976807e-18,-3.816391647148976e-17,0,0
1826,0.0847590409448886,0.2177014649927133,0.03100879292928,0.10632503382275924,-3.209238430557093e-17,2.0816681711721685e-17,0,0
1827,0.1035665655585125,0.2238248491404043,0.03520360772929501,0.10304227790899756,4.336808689942018e-17,1.2663481374630692e-16,0,0
1828,0.7048115242305975,0.474248008954011,0.07800250983769744,0.10265459448429201,-2.6020852139652106e-17,4.336808689942018e-17,0,0
1829,0.8610855656535346,0.5431854024365073,0.0893001746653882,0.11451324898492274,1.231653667943533e-16,-2.949029909160572e-17,0,0
1830,0.8801007754381739,0.5493734367618301,0.09086671293205757,0.11545659820514376,-1.1666015375944028e-16,2.4286128663675302e-17,0,0
1831,0.899116905847747,0.5555610770270902,0.09233216888637279,0.11657786048751265,9.540979117872439e-17,3.2959746043559335e-17,0,0
1832,0.9181334768747732,0.5617484103053707,0.0936554144931854,0.11764909168956408,-1.3183898417423734e-16,-2.949029909160572e-17,0,0
1833,0.9366760060264072,0.5672919644134327,0.09512139339928266,0.11884316398141967,4.4235448637408575e-17,-5.204170427930421e-18,0,0
1834,0.952911690584658,0.5712959890613705,0.09636573650794665,0.11945934301494385,3.122502256758253e-17,1.7347234759768068e-17,0,0
1835,0.9827952783576084,0.5900524514485594,0.09865796059941298,0.12299598559195374,-9.020562075079396e-17,-3.122502256758253e-17,0,0
1836,0.9660494447646778,0.5800345770157201,0.09734673007769365,0.1210486710544886,3.2959746043559335e-17,4.510281037539698e-17,0,0
1837,1.0,0.5999999999989468,0.1,0.12513291102338936,0.0201153823430655,-1.214306433183765e-17,2,0
1838,0.4156190854873515,0.3619859225104926,0.05902597056654494,0.08971714485388788,6.0715321659188256e-18,1.0928757898653883e-16,0,0
1839,0.4346133578772289,0.3681655419626624,0.06028465247383301,0.08995711635565148,-7.45931094670027e-17,7.112366251504909e-17,0,0
1840,0.4536085024384496,0.3743463475842047,0.06162835534988374,0.09022764745834952,1.1275702593849246e-17,3.4694469519536136e-17,0,0
1841,0.4725910848533211,0.3805050754241629,0.0627662460723952,0.0906026309487459,-2.1684043449710093e-18,4.510281037539698e-17,0,0
1842,0.4915902830881264,0.3866625797913489,0.0640656587095157,0.09111294561343361,2.9923979960599916e-17,-1.214306433183765e-17,0,0
1843,0.5105956264549205,0.3928319983903403,0.06531809329299158,0.0914840078251498,-1.1709383462843448e-17,-2.775557561562892e-17,0,0
1844,0.5295979143579728,0.3990146995091328,0.0665396676219561,0.09207602008564314,1.9949319973733282e-17,-8.153200337090992e-17,0,0
1845,0.5486005077130179,0.4051976122112781,0.06774492096267692,0.09243945679739578,1.3834419720915034e-16,-5.030698080332741e-17,0,0
1846,0.567604092885907,0.4113815508741184,0.0689920001726198,0.093196629205032,-1.0668549377257364e-16,2.949029909160572e-17,0,0
1847,0.5866113457644736,0.4175689887070113,0.07034533904160417,0.09399432390733797,1.908195823574488e-17,-5.898059818321144e-17,0,0
1848,0.6056218966061446,0.4237590426856109,0.07159058778449459,0.09474278827881227,4.7271214720367993e-17,1.908195823574488e-17,0,0
1849,0.6246307251565739,0.4299465315181413,0.07285477097341309,0.09556702572529635,-9.54097911787244e-18,5.030698080332741e-17,0,0
1850,0.2216053138707897,0.2806560414925601,0.047339049098408206,0.09100820518725986,-9.367506770274757e-17,-8.153200337090992e-17,0,0
1851,0.1223407617084326,0.2300439457413644,0.03846245075189671,0.09990851636422513,1.0408340855860844e-17,3.122502256758253e-17,0,0
1852,0.6436346598496075,0.436126474776345,0.07411443483837946,0.09623885600147304,-3.209238430557093e-17,1.5612511283791264e-17,0,0
1853,0.0,0.180000000000207,0.0,0.120254404755498,-0.0255635886712717,-3.122502256758253e-17,1,0
1854,0.6626442798854107,0.4423119306191826,0.07529666786523297,0.0970546906909448,5.941427905220563e-17,-5.377642775528102e-17,0,0
1855,0.6816549162815826,0.4485011192585315,0.07663906922206098,0.09792590222749525,-5.5077470362263625e-17,2.4286128663675302e-17,0,0
1856,0.7006634028778049,0.4546921212198758,0.07802721799981846,0.09875201248074053,-4.2067044292437566e-17,2.0816681711721685e-17,0,0
1857,0.7238217893270968,0.4804338783174334,0.07936184167106944,0.10357636839093473,-7.45931094670027e-17,9.194034422677078e-17,0,0
1858,0.7428262603023621,0.4866127905453027,0.080723407756739,0.10448415638380526,3.0357660829594124e-17,5.2041704279304207e-17,0,0
1859,0.7618304849096318,0.4927813437151772,0.08194944086670626,0.10546977402497776,-5.984795992119983e-17,1.214306433183765e-17,0,0
1860,0.7808606625152047,0.4989240178201493,0.08344656052424038,0.10648968273590326,1.0668549377257364e-16,5.204170427930421e-18,0,0
1861,0.799883391079146,0.5050777298754789,0.08495314280928562,0.1073992323361218,-5.5077470362263625e-17,-1.908195823574488e-17,0,0
1862,0.8189068671078458,0.5112512927207303,0.08639733491598123,0.10831232964485465,1.431146867680866e-17,7.806255641895632e-17,0,0
1863,0.8379211200638547,0.5174375469517629,0.08772216823118704,0.1094525693025869,-9.540979117872439e-17,7.112366251504909e-17,0,0
1864,0.8569359663526294,0.52362400883154,0.0891218354397357,0.11063592562234853,5.030698080332741e-17,2.6020852139652106e-17,0,0
1865,0.2405796647168835,0.2868357668257201,0.04893079304509862,0.08976529511438221,3.2959746043559335e-17,6.245004513516506e-17,0,0
1866,0.2595667225384889,0.2930176432534229,0.05042136163077489,0.08868353756172555,2.5153490401663706e-17,8.153200337090992e-17,0,0
1867,0.2785513826791857,0.2991967923773123,0.051564293303564476,0.08799998417393798,-5.074066167232161e-17,-4.6837533851373785e-17,0,0
1868,0.2975363995910078,0.3053748224067626,0.0528989497919527,0.08723593161373555,3.9898639947466563e-17,-2.775557561562892e-17,0,0
1869,0.3165224399421173,0.3115534015142215,0.05410612649649271,0.08670550243338193,0.0,-2.0816681711721685e-17,0,0
1870,0.335510059203176,0.3177324332565142,0.05521670289802329,0.08627218030898609,2.688821387764051e-17,5.724587470723462e-17,0,0
1871,0.3544984182207521,0.3239127871284467,0.05646209596892371,0.08599853302858021,-8.673617379884035e-19,-7.28583859910259e-17,0,0
1872,0.3734883018912608,0.3300934853171427,0.05747822828226101,0.08594994103945258,-9.54097911787244e-18,-7.63278329429795e-17,0,0
1873,0.3924805493531485,0.3362698958626013,0.05865699310399833,0.08598758482560845,2.949029909160572e-17,-7.45931094670027e-17,0,0
1874,0.1412612360344487,0.2362402410294277,0.04135378340061448,0.09714386726579236,-5.2041704279304207e-17,8.673617379884035e-18,0,0
1875,0.1604564034573726,0.24251246839236,0.043846985101496455,0.09431829263829059,3.816391647148976e-17,-3.816391647148976e-17,0,0
1876,0.1795317889568817,0.248754967102627,0.045932090717182045,0.09194428478608688,-2.168404344971009e-17,2.255140518769849e-17,0,0
1877,0.1985055065492293,0.2549513452144017,0.04758746928091616,0.08999013719306377,-2.4286128663675302e-17,5.724587470723462e-17,0,0
1878,0.2174769160822201,0.2611292772829417,0.04914292064256641,0.08828301715953293,4.8572257327350605e-17,4.8572257327350605e-17,0,0
1879,0.4114729028430451,0.3424502893470325,0.05973721956002012,0.08613928342693977,-2.3418766925686896e-17,-3.642919299551295e-17,0,0
1880,0.0121718191840395,0.170356221165906,0.006983501476131261,0.12092553974784723,-1.3877787807814457e-17,6.114900252818245e-17,0,0
1881,0.0289299177256661,0.1812324038368848,0.014922132311108366,0.11774021494822581,-3.469446951953614e-18,2.862293735361732e-17,0,0
1882,0.0449065514963359,0.1867837908463986,0.021693991687923325,0.11479839809226097,-2.688821387764051e-17,-1.5612511283791264e-17,0,0
1883,0.0617961548176156,0.1920791509409722,0.027966018661874995,0.111057472033229,1.8214596497756478e-17,5.030698080332741e-17,0,0
1884,0.0807205235493618,0.1982193830434972,0.033334641410148316,0.10692140740940456,1.6479873021779667e-17,4.510281037539698e-17,0,0
1885,0.0995821229365639,0.2043489386827004,0.037904860783849664,0.10295605187997407,-6.591949208711867e-17,-1.43982048506075e-16,0,0
1886,0.1184164967744305,0.2105299735787032,0.041146508543562076,0.09910291308678307,8.153200337090992e-17,2.6020852139652106e-17,0,0
1887,0.7196735022564253,0.460877659186803,0.07926496531079344,0.09969059562288737,5.204170427930421e-18,-4.77048955893622e-17,0,0
1888,0.8759509613597151,0.5298115492852905,0.09046099215259769,0.11167963337539799,-1.457167719820518e-16,1.1709383462843448e-17,0,0
1889,0.8949668963592214,0.5359991078516861,0.09202146879745288,0.11273683255864198,9.714451465470121e-17,2.6020852139652106e-17,0,0
1890,0.9139832220116916,0.5421861838309704,0.09353140772980506,0.11401580271023057,-1.3010426069826053e-18,8.153200337090992e-17,0,0
1891,0.933528395440731,0.5482612784051308,0.09495108865329743,0.11507624544125981,-3.4694469519536136e-17,-6.418476861114186e-17,0,0
1892,0.9521579087214388,0.5532861884508056,0.09630673492904876,0.11600827776775546,-3.5561831257524545e-17,2.255140518769849e-17,0,0
1893,0.9683166474380638,0.5602124250419792,0.09759993748368333,0.11727077109670145,-6.938893903907227e-17,-3.816391647148976e-17,0,0
1894,0.983374140616027,0.570315400551611,0.0987846941600433,0.1191013493955802,6.591949208711867e-17,3.9898639947466563e-17,0,0
1895,1.0,0.5799999999988942,0.1,0.12113829555991887,0.0201019892058295,1.734723475976807e-18,2,0
1896,0.4304678918220482,0.3486254861162248,0.06089923557103316,0.08628265402673671,3.209238430557093e-17,-5.724587470723462e-17,0,0
1897,0.4494633552152012,0.3548052918098437,0.06211907567515036,0.08654384985602327,4.510281037539698e-17,-3.816391647148976e-17,0,0
1898,0.4684570260588402,0.3609836592124722,0.06322984795237009,0.08682962829238358,-5.941427905220563e-17,-1.908195823574488e-17,0,0
1899,0.4874416949330538,0.3671431655670807,0.06444165872685015,0.08724705800878318,2.168404344971009e-17,-3.2959746043559335e-17,0,0
1900,0.5064411679115203,0.3733044715635739,0.06583969857271246,0.08786227303373431,-3.2959746043559335e-17,0.0,0,0
1901,0.5254503771039046,0.3794680521888607,0.06689530037365082,0.08831685198984013,3.382710778154774e-17,6.591949208711867e-17,0,0
1902,0.5444535400592285,0.3856504969481014,0.06800403193753396,0.08886504112134025,-6.418476861114186e-17,3.469446951953614e-18,0,0
1903,0.5634575411712459,0.3918325787860475,0.0692430944156763,0.08953006085852815,-4.163336342344337e-17,6.591949208711867e-17,0,0
1904,0.5824640686158389,0.3980179578439074,0.07049261081562397,0.09010555451510088,1.8214596497756478e-17,-6.938893903907228e-18,0,0
1905,0.6014726534692288,0.4042061000000254,0.07175723819022631,0.09092779990064201,-1.734723475976807e-18,7.806255641895632e-17,0,0
1906,0.620482356998529,0.4103936900369925,0.07306337135514979,0.09172073586338444,-1.6046192152785466e-17,-2.6020852139652106e-17,0,0
1907,0.6394898173298802,0.4165790226114238,0.07419248024149858,0.09252342051576684,1.908195823574488e-17,-5.898059818321144e-17,0,0
1908,0.2364501633774534,0.2673089289034585,0.05061196650190297,0.08696396435495599,-3.0357660829594124e-17,-5.2041704279304207e-17,0,0
1909,0.1372303100896293,0.2166829048341092,0.044131705752372546,0.0957474740751306,-2.5153490401663706e-17,-8.673617379884034e-17,0,0
1910,0.6584973840572957,0.4227631291872742,0.07540245427083087,0.09338211795183235,-3.903127820947816e-17,3.2959746043559335e-17,0,0
1911,0.0,0.1600000000001506,0.0,0.12388339202638865,-0.027116650698412,5.030698080332741e-17,1,0
1912,0.677506170240581,0.4289503088426085,0.07667866371483104,0.09416520868235975,-2.6020852139652106e-18,8.326672684688674e-17,0,0
1913,0.6965152452221723,0.4351362797938418,0.07810051723182034,0.09493394640981206,2.8189256484623115e-17,1.734723475976807e-18,0,0
1914,0.7155251926130441,0.441321689848531,0.07938399645105537,0.0958835411193669,1.0408340855860844e-17,-1.214306433183765e-17,0,0
1915,0.7386841652451015,0.467063072574799,0.0807138034511319,0.10069104342959093,8.673617379884034e-17,-7.806255641895632e-17,0,0
1916,0.7576937670835286,0.4732480066737019,0.0820293996587495,0.10176272065277708,-4.380176776841438e-17,-3.9898639947466563e-17,0,0
1917,0.7767059213950007,0.4793995134458104,0.08328326388289345,0.10262077051878904,3.469446951953614e-18,5.204170427930421e-18,0,0
1918,0.7957427026579968,0.4855190731218914,0.08477579602052548,0.10360929652888927,3.903127820947816e-18,7.979727989493313e-17,0,0
1919,0.8147564077555717,0.4916946939348622,0.08623569370655787,0.10455664247981593,2.4286128663675302e-17,-6.591949208711867e-17,0,0
1920,0.8337712088260042,0.4978781470319392,0.08763568770172359,0.10565888156169417,-3.816391647148976e-17,-2.255140518769849e-17,0,0
1921,0.8527858414745598,0.5040640749997348,0.08904946038356565,0.10688144077434984,-4.3368086899420185e-18,3.2959746043559335e-17,0,0
1922,0.8718011425976355,0.5102506576134029,0.09033849845641048,0.10788444636786612,2.5153490401663706e-17,1.5612511283791264e-17,0,0
1923,0.255430279174623,0.2734874944108995,0.051942936021321384,0.08557856127481556,1.474514954580286e-17,-3.816391647148976e-17,0,0
1924,0.2744108638034137,0.2796669299245585,0.05315387815182146,0.08469712467945636,5.984795992119983e-17,2.0816681711721685e-17,0,0
1925,0.2933941076751723,0.285845004544392,0.05420403837626267,0.08400976027060714,2.6020852139652106e-18,-5.898059818321144e-17,0,0
1926,0.3123792470588206,0.2920227916789739,0.055406284635958786,0.0834237620077108,1.3444106938820257e-17,8.673617379884035e-18,0,0
1927,0.3313659456081883,0.2982007137752579,0.05640584835498551,0.08283119205320438,-3.642919299551295e-17,-1.006139616066548e-16,0,0
1928,0.3503549397575416,0.3043796910412287,0.05740848141521517,0.08249549457960387,4.510281037539698e-17,2.255140518769849e-17,0,0
1929,0.3693449129284951,0.3105607147390099,0.058485789811126815,0.08245032080002626,4.3368086899420185e-18,5.030698080332741e-17,0,0
1930,0.388335098184316,0.3167418119262941,0.05946049578904079,0.08237201677567801,-4.81385764583564e-17,1.214306433183765e-17,0,0
1931,0.4073251102680543,0.3229210114897996,0.06053840029647777,0.08240590151551253,-2.688821387764051e-17,9.020562075079396e-17,0,0
1932,0.1562018137774967,0.2229370631881267,0.0464794229258325,0.09266471548352209,6.938893903907228e-18,-1.734723475976807e-18,0,0
1933,0.1752857722514367,0.2291869468328109,0.04838462133921373,0.08974568754712284,-8.673617379884035e-18,3.122502256758253e-17,0,0
1934,0.194368744072739,0.2354275535885765,0.049989479898148545,0.08753049611143099,7.806255641895632e-18,-8.500145032286355e-17,0,0
1935,0.2133438119176101,0.241605789763691,0.05122359510763777,0.08556641505487722,2.688821387764051e-17,-6.938893903907227e-17,0,0
1936,0.2323170560252929,0.2477838997364889,0.052624556075228944,0.08393519336511406,-3.9898639947466563e-17,1.0408340855860844e-17,0,0
1937,0.4263208773688397,0.3290906801974278,0.0617440184637109,0.08269747992965665,5.2041704279304207e-17,2.775557561562892e-17,0,0
1938,0.0173205080757259,0.1500000000001291,0.012010602015065867,0.12423114514410541,2.4286128663675302e-17,1.7780915628762273e-17,0,0
1939,0.0273474445647005,0.1656426823558722,0.016112826498215875,0.12019334842586184,1.0408340855860844e-17,2.949029909160572e-17,0,0
1940,0.0421190585132398,0.169826796775517,0.023378153670255288,0.11711322328009416,-6.938893903907228e-18,-2.5153490401663706e-17,0,0
1941,0.0587097738885355,0.1740658830035197,0.030284803247461765,0.11255770900534251,3.7296554733501346e-17,4.597017211338539e-17,0,0
1942,0.076645286217942,0.1787830457075928,0.036313817089903194,0.10787674016871024,-5.2041704279304207e-17,-7.112366251504909e-17,0,0
1943,0.0955945518528077,0.184958830453453,0.040917114479025095,0.10320616938948383,-2.6020852139652106e-18,4.8572257327350605e-17,0,0
1944,0.1144946438024873,0.1911121710273112,0.044516958699387765,0.09852610887551991,1.214306433183765e-17,5.551115123125783e-17,0,0
1945,0.1332845765509575,0.1971670320463302,0.047239130715007294,0.09442696798641545,3.122502256758253e-17,9.540979117872439e-17,0,0
1946,0.734535136371739,0.4475071392726364,0.0807096256597816,0.09690341488812006,-2.255140518769849e-17,8.023096076392733e-17,0,0
1947,0.8908167376735553,0.5164375498655501,0.09176435970088843,0.1089083313175839,2.0816681711721685e-17,-1.5612511283791264e-17,0,0
1948,0.9098330441664444,0.522624401684838,0.09323511051764724,0.11010123630013205,-7.45931094670027e-17,1.734723475976807e-18,0,0
1949,0.929466177484986,0.5286807294178953,0.09469928516062293,0.1112397254994805,6.591949208711867e-17,4.163336342344337e-17,0,0
1950,0.9510364894270504,0.5343259651509595,0.09622252972471487,0.11225950054856829,2.927345865710862e-17,-7.63278329429795e-17,0,0
1951,0.9688454991766426,0.5401813833691864,0.09758316698755827,0.1133994606227787,-1.734723475976807e-18,-1.7347234759768068e-17,0,0
1952,0.9841079303344316,0.5497226454024854,0.09883680696872874,0.11526103054550131,6.331740687315346e-17,-8.673617379884035e-18,0,0
1953,1.0,0.5599999999988415,0.1,0.11727620737205181,0.0200879494922711,-2.255140518769849e-17,2,0
1954,0.4453173817437671,0.3352638370206399,0.0628504464774328,0.08280190009531013,1.3877787807814457e-17,-4.6837533851373785e-17,0,0
1955,0.464314578015645,0.3414442151608168,0.06384113628974705,0.08321533347626932,-2.5587171270657905e-17,1.908195823574488e-17,0,0
1956,0.4833104785219851,0.3476238652380699,0.06491367992622638,0.08354909926736268,2.6020852139652106e-17,-1.5612511283791264e-17,0,0
1957,0.5022938533437655,0.3537804598909593,0.06616859614776371,0.08403602398803361,1.734723475976807e-18,2.4286128663675302e-17,0,0
1958,0.5212943703607149,0.3599422092245179,0.06724654149845442,0.08442394355253013,-7.806255641895632e-18,-5.2041704279304207e-17,0,0
1959,0.540304117066046,0.3661097025449727,0.06838136333196615,0.08511533482045619,2.3852447794681098e-17,1.734723475976807e-18,0,0
1960,0.5593108527829427,0.3722842130570233,0.06952139225112537,0.0858043049279253,2.6020852139652106e-17,-7.112366251504909e-17,0,0
1961,0.5783154346904912,0.3784661685777793,0.0708194684343158,0.08643549080895167,1.3010426069826053e-18,1.908195823574488e-17,0,0
1962,0.5973233437136873,0.3846523601184629,0.07200491912933059,0.0869906706713322,-4.380176776841438e-17,-1.006139616066548e-16,0,0
1963,0.6163327523780916,0.3908393289364576,0.07317854623840961,0.08782006170859316,4.7271214720367993e-17,2.949029909160572e-17,0,0
1964,0.6353413667859266,0.3970251619505092,0.07429340942026624,0.08864163894651023,-3.9464959078472355e-17,6.245004513516506e-17,0,0
1965,0.6543496000158995,0.4032106188571103,0.075577874479614,0.0893718785618491,1.8214596497756478e-17,5.377642775528102e-17,0,0
1966,0.2512917503949116,0.2539610936721406,0.05379189166106334,0.0825327039083219,2.168404344971009e-17,1.214306433183765e-17,0,0
1967,0.1521076096786917,0.2033777931710026,0.049417719774850745,0.09084761218530499,-6.938893903907227e-17,-1.0408340855860844e-17,0,0
1968,0.6733580126407215,0.4093958666594342,0.07677747781416236,0.09023853935827292,-5.1608023410310005e-17,-1.0408340855860844e-16,0,0
1969,0.0,0.1400000000001077,0.0,0.1288642524255006,-0.0290032202935279,-1.2706849461530112e-16,1,0
1970,0.6923671265076929,0.4155807649233844,0.07804358998652741,0.09117986729109218,8.890457814381135e-17,-7.112366251504909e-17,0,0
1971,0.7113769316944861,0.4217658231344487,0.07937781788920814,0.09220761783726697,-3.2959746043559335e-17,-3.122502256758253e-17,0,0
1972,0.7303856832191309,0.4279516153780739,0.08065404911678872,0.09303624739105006,-3.9898639947466563e-17,1.0408340855860844e-17,0,0
1973,0.7535468947575278,0.4536726603148975,0.08195520918694779,0.09782458828127472,-6.765421556309548e-17,6.548581121812447e-17,0,0
1974,0.7725645864870955,0.4598288301451719,0.08333322082251093,0.09883437158857238,4.163336342344337e-17,2.0816681711721685e-17,0,0
1975,0.7915847732148471,0.4659836523511839,0.08461624924081967,0.09973630794657139,-4.2067044292437566e-17,-5.724587470723462e-17,0,0
1976,0.810607929671288,0.4721334157416897,0.08606847858584175,0.10083302709923368,-3.903127820947816e-18,7.63278329429795e-17,0,0
1977,0.8296212478372422,0.4783183652608148,0.08747265816397128,0.1018335990064316,3.469446951953614e-18,5.2041704279304207e-17,0,0
1978,0.8486359083111472,0.48450379942989,0.08884586225926533,0.10288118704666523,4.076600168545497e-17,-3.9898639947466563e-17,0,0
1979,0.8676509093717254,0.4906898394888699,0.09012246582143921,0.1040375730501578,4.163336342344337e-17,-3.816391647148976e-17,0,0
1980,0.8866666311059831,0.4968760882389717,0.09146517041470857,0.10505983170503386,-1.3877787807814457e-17,-2.4286128663675302e-17,0,0
1981,0.2702705320307997,0.2601392869868352,0.05481425024123135,0.08143820420072106,-3.4694469519536136e-17,-6.071532165918825e-17,0,0
1982,0.2892517837561251,0.2663165493282195,0.055827782886840115,0.08056760226987941,1.8214596497756478e-17,8.847089727481715e-17,0,0
1983,0.3082358901783449,0.27249247444507,0.05675180838211065,0.07993252156450084,-4.3368086899420185e-18,-6.938893903907228e-18,0,0
1984,0.3272221680711026,0.2786686356381168,0.0576509938212592,0.07935193033974453,-1.6479873021779667e-17,7.112366251504909e-17,0,0
1985,0.3462096709354421,0.2848460052060243,0.058565055752723055,0.07897658831374779,1.9949319973733282e-17,5.898059818321144e-17,0,0
1986,0.3652029689818749,0.2910268598036856,0.05953233676053017,0.07876012296947973,-5.2909066017292616e-17,-3.816391647148976e-17,0,0
1987,0.3841929094362552,0.2972084208992324,0.0605645540946457,0.0788014744387465,2.6454533008646308e-17,3.642919299551295e-17,0,0
1988,0.4031882110043911,0.3033924983082844,0.06137625866826908,0.07873332299920102,-5.551115123125783e-17,-1.1275702593849246e-16,0,0
1989,0.4221760039083915,0.3095557138268672,0.06252349847439631,0.07886586322587719,6.071532165918825e-17,2.0816681711721685e-17,0,0
1990,0.1711800881560916,0.2096381714148838,0.051355527591076075,0.08750900118711434,2.0816681711721685e-17,-8.673617379884035e-18,0,0
1991,0.1901933271711839,0.2158719943721362,0.05267746064438174,0.08487955519620066,1.9949319973733282e-17,5.551115123125783e-17,0,0
1992,0.2092059536319803,0.2220841375733358,0.053864448036891846,0.0826139687663606,-2.255140518769849e-17,-8.673617379884035e-18,0,0
1993,0.2281786564287263,0.2282621150326988,0.054875708907550724,0.08084993091618461,-3.903127820947816e-17,6.938893903907227e-17,0,0
1994,0.247152743887816,0.2344384111104987,0.05578049931709238,0.0792627242112478,1.0408340855860844e-17,-3.122502256758253e-17,0,0
1995,0.4411705291242483,0.3157229551661276,0.06356623242569842,0.07917741701208925,5.811323644522304e-17,5.377642775528102e-17,0,0
1996,0.0183746889603079,0.1293913683825914,0.015516462134341474,0.1289437122224838,-4.033232081646077e-17,-1.0148132334464322e-16,0,0
1997,0.0389843939973503,0.1525154470633039,0.024925078787108014,0.12019939637069069,2.6020852139652106e-17,-5.681219383824043e-17,0,0
1998,0.0566822507912062,0.1569346538451153,0.0333361410288623,0.1143279759171931,-8.673617379884034e-17,-1.2576745200831851e-16,0,0
1999,0.0730314519746914,0.1608720515844664,0.03957451246248155,0.10884678140551174,4.336808689942018e-17,8.673617379884034e-17,0,0
2000,0.0915383174348797,0.165544827066502,0.04479550257006518,0.10337313024273687,7.28583859910259e-17,1.0495077029659683e-16,0,0
2001,0.1104398787076858,0.1716868095040018,0.04848610410816691,0.09786046978005217,-7.63278329429795e-17,-1.3530843112619095e-16,0,0
2002,0.129294237029946,0.177782811281592,0.05111836921310019,0.09296679511774392,-4.3368086899420185e-18,-3.9898639947466563e-17,0,0
2003,0.1481816292631355,0.1839084757499407,0.05317051316362319,0.08879640969884128,3.0357660829594124e-17,5.724587470723462e-17,0,0
2004,0.7494039360680709,0.4341044910268806,0.08201959117527322,0.09398030316381072,9.887923813067799e-17,-7.979727989493313e-17,0,0
2005,0.9056827691536468,0.5030625708289166,0.09287655811903527,0.10617610913696189,3.122502256758253e-17,-2.6020852139652106e-17,0,0
2006,0.9246993405827104,0.5092496378148069,0.09440025034036434,0.10749169219698704,1.734723475976807e-18,-3.122502256758253e-17,0,0
2007,0.9437165732812872,0.5154369096206673,0.09581719654909501,0.10851465203271532,6.808789643208968e-17,1.908195823574488e-17,0,0
2008,0.9644910436738778,0.518255017877456,0.09739996596387304,0.10906207800267959,-1.1275702593849246e-16,5.2041704279304207e-17,0,0
2009,0.9838118303454974,0.5282629753005086,0.09883234612206025,0.11106797281949632,5.898059818321144e-17,-1.7347234759768068e-17,0,0
2010,1.0,0.5399999999987888,0.1,0.11340556314353223,0.0200710587143373,-6.938893903907228e-18,2,0
2011,0.4601682942555485,0.3219016231149213,0.06466529962727645,0.07934236814174402,-9.714451465470121e-17,3.469446951953614e-18,0,0
2012,0.4791667983662407,0.3280823275122789,0.06561951223599144,0.07974397609734246,3.7296554733501346e-17,-8.673617379884035e-18,0,0
2013,0.4981608622007727,0.3342580378786292,0.06667001120785598,0.08019088232632157,-3.7296554733501346e-17,4.6837533851373785e-17,0,0
2014,0.5171480804929471,0.3404199163426316,0.06778187643099134,0.08072388397334196,9.93129189996722e-17,-4.8572257327350605e-17,0,0
2015,0.5361482420313294,0.3465907039694139,0.06874544700980516,0.08115231477298061,-8.239936510889834e-17,-3.122502256758253e-17,0,0
2016,0.5551637287263804,0.3527436555523275,0.06995204156726703,0.08183227065173052,6.765421556309548e-17,2.4286128663675302e-17,0,0
2017,0.574168846704509,0.3589157593772551,0.07112951591041185,0.0825965086438317,-7.63278329429795e-17,3.122502256758253e-17,0,0
2018,0.5931741415908728,0.365099287758919,0.07223165972082807,0.08320686800981508,6.765421556309548e-17,3.2959746043559335e-17,0,0
2019,0.6121841888716589,0.3712873323413105,0.07331270572083143,0.08392739727277881,-7.936359902593891e-17,-6.071532165918825e-17,0,0
2020,0.6311926044295199,0.3774713291714456,0.0745506110040495,0.08476852398785446,3.903127820947816e-17,2.255140518769849e-17,0,0
2021,0.6502011326005392,0.3836562126937997,0.0757327443135501,0.08562016944228973,1.7347234759768068e-17,-7.45931094670027e-17,0,0
2022,0.6692098305731393,0.3898408631800766,0.07687227517159856,0.08633945925020617,2.168404344971009e-17,1.734723475976807e-18,0,0
2023,0.2661295009423914,0.2406148783900653,0.05669370550313951,0.07797170218057992,2.6020852139652106e-17,8.500145032286355e-17,0,0
2024,0.1670897169700006,0.1901300118503625,0.05461224571521333,0.08514310957054061,1.214306433183765e-17,2.0816681711721685e-17,0,0
2025,0.6882187369510296,0.3960254147900993,0.0781686525209209,0.0872441950594158,-5.030698080332741e-17,4.336808689942018e-17,0,0
2026,0.0,0.1200000000000429,0.0,0.13464303880346357,-0.0302212598070311,3.2526065174565127e-17,1,0
2027,0.0387749765360117,0.1324986600189494,0.02992405296495878,0.12343174221957422,2.4286128663675302e-17,1.3487475025719675e-16,0,0
2028,0.7072285144744531,0.4022099554266713,0.07941082254421253,0.08822448176377592,-1.1275702593849246e-17,7.45931094670027e-17,0,0
2029,0.7262388900813337,0.4083951899584043,0.08066168586616114,0.08910018347189272,9.974659986866641e-18,-2.775557561562892e-17,0,0
2030,0.7452498061331039,0.4145811025732571,0.0818464814865042,0.08997991130216898,8.716985466783456e-17,-6.071532165918825e-17,0,0
2031,0.768417711907576,0.4402631838442773,0.0832574533202372,0.09497612958491501,-2.0816681711721685e-17,-2.4286128663675302e-17,0,0
2032,0.7874384505640927,0.4464059642411605,0.0846486488457355,0.09589011630929606,6.765421556309548e-17,-2.6020852139652106e-17,0,0
2033,0.806457280631682,0.4525723610862811,0.08598948437284287,0.09698972017499705,-5.898059818321144e-17,-3.9898639947466563e-17,0,0
2034,0.8254714275251775,0.4587583503192843,0.08716866078817057,0.09807328320209754,4.163336342344337e-17,-6.591949208711867e-17,0,0
2035,0.8444856660743152,0.464944120106831,0.088693051959087,0.09899519598068296,-6.331740687315346e-17,3.9898639947466563e-17,0,0
2036,0.8635006509553314,0.471129534248952,0.09000159792564469,0.10018338809515734,3.4694469519536136e-17,6.765421556309548e-17,0,0
2037,0.8825159388814517,0.477315768392515,0.09120481511466472,0.10131574618822109,8.673617379884035e-19,1.3877787807814457e-17,0,0
2038,0.9015321368500188,0.4835011205362074,0.09270036772103038,0.10229137477972766,-6.505213034913027e-17,8.673617379884035e-18,0,0
2039,0.2851089254643543,0.2467915208433973,0.05748516604303683,0.07693691424475815,-3.9464959078472355e-17,-6.591949208711867e-17,0,0
2040,0.3040920636182762,0.2529655791515436,0.05829057002754354,0.07623742607739742,4.510281037539698e-17,2.6020852139652106e-17,0,0
2041,0.3230778376861151,0.2591369439525191,0.059169213934662276,0.07570619132337084,-5.898059818321144e-17,5.2041704279304207e-17,0,0
2042,0.3420665087332022,0.2653133081155338,0.059984841158758975,0.07520870270910654,4.4235448637408575e-17,-3.122502256758253e-17,0,0
2043,0.3610570812583119,0.2714929189762448,0.060711037034908724,0.07505817928384528,1.1275702593849246e-17,-1.0408340855860844e-17,0,0
2044,0.3800502833153294,0.2776731904072265,0.061537215391411285,0.07500245526708599,-2.2985086056692694e-17,-1.5612511283791264e-17,0,0
2045,0.3990390795126311,0.2838533841680645,0.06239839289037122,0.07490055106533502,5.724587470723462e-17,8.500145032286355e-17,0,0
2046,0.4180281440340993,0.2900204332977543,0.06329435722585372,0.07499892319928336,-6.982261990806649e-17,-4.510281037539698e-17,0,0
2047,0.4370231516507169,0.2961867045018099,0.06426530628885821,0.07522722382599395,1.951563910473908e-17,-3.122502256758253e-17,0,0
2048,0.1860566011807676,0.1963358430540529,0.05574449902430794,0.08218584217073516,-3.9898639947466563e-17,-2.0816681711721685e-17,0,0
2049,0.2050628037340886,0.2025593137691578,0.05681199077220521,0.07965459641528097,3.122502256758253e-17,1.7347234759768068e-17,0,0
2050,0.2240391253987026,0.2087433755099908,0.05759005086160977,0.07750790622088,-3.4694469519536136e-17,-4.6837533851373785e-17,0,0
2051,0.2430122017091549,0.2149198195910931,0.05818772946139293,0.07586683402111241,7.28583859910259e-17,-3.642919299551295e-17,0,0
2052,0.2619882262440031,0.2210928141865971,0.05882575522423509,0.07449226337501663,-9.367506770274757e-17,-9.194034422677078e-17,0,0
2053,0.4560223859547308,0.3023592002516138,0.06514925159251105,0.0754943703561368,4.336808689942019e-19,-1.908195823574488e-17,0,0
2054,0.0147414215175752,0.1130332403287886,0.015304556096445134,0.13426919742805582,5.204170427930421e-18,2.723515857283587e-16,0,0
2055,0.0347466411096096,0.1128652910115621,0.033427598237803294,0.12815836450801785,1.7347234759768068e-17,-2.7538735181131813e-17,0,0
2056,0.0560788875694656,0.1399538646122055,0.03778011759965117,0.11586668805881639,8.153200337090992e-17,2.246466901389965e-16,0,0
2057,0.0708222260809221,0.1450469870484604,0.043530773029732184,0.1098164113887928,-7.63278329429795e-17,-2.0383000842727483e-16,0,0
2058,0.0873084192409245,0.1468001266882807,0.04944473187877077,0.10371011431986901,-5.2909066017292616e-17,-1.0581813203458523e-16,0,0
2059,0.1065274746302186,0.1523944097396519,0.053353857860765554,0.09726127099485946,-8.673617379884035e-18,2.4286128663675302e-17,0,0
2060,0.1252694960501943,0.1583688308815835,0.055867706953656955,0.0912262044704172,5.551115123125783e-17,1.1622647289044608e-16,0,0
2061,0.1441308724034758,0.1645006759313307,0.05754716577095696,0.08659496271539177,-1.3877787807814457e-17,-7.28583859910259e-17,0,0
2062,0.163032082277721,0.1706634931708864,0.05867133824130891,0.08251343080017612,-3.816391647148976e-17,-1.0408340855860844e-17,0,0
2063,0.7642621777069414,0.4207049319280405,0.08314573990760342,0.09121206551661366,-6.245004513516506e-17,1.9949319973733282e-17,0,0
2064,0.9205486985311342,0.4896880956266212,0.09405534930752815,0.10361530421416906,0.0,1.3877787807814457e-17,0,0
2065,0.9383962498036138,0.496122259009705,0.0953013878002762,0.10478456884124168,-6.5052130349130266e-18,-1.5612511283791264e-17,0,0
2066,0.952987809703399,0.5024803032953766,0.09639379082295298,0.10596642100302611,2.0816681711721685e-17,1.908195823574488e-17,0,0
2067,0.9828930211513012,0.5096301877258602,0.09862729556769555,0.10729191650914291,1.0234868508263162e-16,1.7347234759768068e-17,0,0
2068,1.0,0.5199999999987361,0.1,0.1093371159388547,0.0200550412558398,1.734723475976807e-18,2,0
2069,0.4750202207076889,0.308536920758714,0.06612140111618445,0.07586234928072341,4.77048955893622e-18,4.336808689942018e-17,0,0
2070,0.4940208407082626,0.3147188178445147,0.06699415284825685,0.07638397577437275,-3.0357660829594124e-17,-3.642919299551295e-17,0,0
2071,0.5130169590416523,0.3208959829232472,0.06819019150437047,0.07700755402060569,9.54097911787244e-18,4.6837533851373785e-17,0,0
2072,0.5320092044564181,0.3270552245964091,0.06920170559101002,0.0773756400476971,-8.370040771588093e-17,6.245004513516506e-17,0,0
2073,0.5510258269822786,0.3332033793411602,0.07020598131299546,0.07797633101117166,8.847089727481715e-17,7.63278329429795e-17,0,0
2074,0.5700231651807828,0.3393670782308385,0.07137424245329657,0.07865571338171957,-8.803721640582296e-17,-6.418476861114186e-17,0,0
2075,0.5890270343362873,0.3455475319237331,0.07256364124091365,0.07927317284901751,5.334274688628682e-17,-1.3877787807814457e-17,0,0
2076,0.6080350193307729,0.3517323139521643,0.0735300565972106,0.08005763508069799,8.673617379884035e-18,6.938893903907227e-17,0,0
2077,0.6270437070419838,0.3579173649956755,0.07481715948559453,0.08085068060164113,-4.380176776841438e-17,1.214306433183765e-17,0,0
2078,0.6460524065130274,0.3641020620626202,0.07595699210600146,0.08172354317362225,-1.3444106938820257e-17,6.938893903907228e-18,0,0
2079,0.6650611343938776,0.3702866288792168,0.07704963190769845,0.08245548836924012,2.255140518769849e-17,3.469446951953614e-18,0,0
2080,0.6840700516175781,0.3764707224464494,0.07826780984411073,0.08321944406143944,0.0,1.734723475976807e-18,0,0
2081,0.2809677901085359,0.2272683711100787,0.05935772172631741,0.07336503735483038,1.0495077029659683e-16,6.938893903907227e-17,0,0
2082,0.1819802912635959,0.1768562945414089,0.05930198632787227,0.0789350011404436,2.168404344971009e-17,3.642919299551295e-17,0,0
2083,0.7030796489980874,0.3826536094766704,0.07965607934193461,0.08428090170367449,4.77048955893622e-18,-3.122502256758253e-17,0,0
2084,0.0,0.1,0.0,0.14228032704261095,-0.018860367843137,2.862293735361732e-17,1,0
2085,0.057883006061565,0.1224348466859376,0.04546809384998149,0.11624954319303767,-6.591949208711867e-17,-1.500535806719938e-16,0,0
2086,0.7220901474735243,0.3888386529105849,0.0807138428688972,0.08517822642747404,4.250072516143178e-17,0.0,0,0
2087,0.7410942967802049,0.3950163781556812,0.0818401831970677,0.08618650414578342,-8.586881206085195e-17,9.887923813067799e-17,0,0
2088,0.7601162546454382,0.401155424151683,0.08298356992426958,0.08723764638747919,-3.816391647148976e-17,9.194034422677078e-17,0,0
2089,0.7832940258563301,0.4268317219145734,0.08450483930166372,0.09204969634906182,3.122502256758253e-17,6.114900252818245e-17,0,0
2090,0.8023071506336723,0.4330124824928419,0.08581205116146282,0.09301735877971763,-1.0495077029659683e-16,-2.255140518769849e-17,0,0
2091,0.8213212028195856,0.4391983067361025,0.08720359262766195,0.09416871408217647,1.0408340855860844e-16,-1.3877787807814457e-17,0,0
2092,0.8403355697222423,0.445384323036107,0.08850806137368526,0.09523966496149694,-1.0191500421363742e-16,1.5612511283791264e-17,0,0
2093,0.8593502179236872,0.4515705430980834,0.08983955375056576,0.09626297273066113,1.1102230246251563e-16,-5.2041704279304207e-17,0,0
2094,0.878365609143952,0.4577568967826962,0.09112241506920704,0.09735948956709845,-1.214306433183765e-17,-3.4694469519536136e-17,0,0
2095,0.8973804731590319,0.4639433645681207,0.09248402166245148,0.0984708290823943,-4.640385298237959e-17,-1.3877787807814457e-17,0,0
2096,0.9162965842988524,0.4701498454129043,0.09391542722130211,0.09967702291076244,5.5077470362263625e-17,-1.3877787807814457e-17,0,0
2097,0.9678198258758808,0.4976523234016121,0.09766854051921074,0.10510312083215213,-8.066464163292153e-17,-2.4286128663675302e-17,0,0
2098,0.2999486145498892,0.233440792757363,0.06002731543585036,0.0725036018251107,-3.2959746043559335e-17,-5.551115123125783e-17,0,0
2099,0.3189323592250928,0.2396101305326229,0.06068431070078997,0.07196073059189506,-5.2909066017292616e-17,-6.765421556309548e-17,0,0
2100,0.3379211454438655,0.2457792187523743,0.06131837226911187,0.07149698346172007,5.811323644522304e-17,-6.938893903907227e-17,0,0
2101,0.3569124855987543,0.2519562609654775,0.06189112969455511,0.07117450407051946,2.862293735361732e-17,5.2041704279304207e-17,0,0
2102,0.3759008349905818,0.2581355082145532,0.06266465274235747,0.07093347391666716,-3.599551212651875e-17,1.7347234759768068e-17,0,0
2103,0.3948852721203147,0.2643064120380147,0.06342978256799048,0.07100554314856844,1.908195823574488e-17,-7.979727989493313e-17,0,0
2104,0.4138780947941727,0.2704734680157099,0.06425892898373613,0.07105472080429776,1.0842021724855044e-17,-3.642919299551295e-17,0,0
2105,0.432873819346411,0.2766451850914716,0.0651466605143752,0.07134337113016397,4.119968255444917e-17,1.0408340855860844e-17,0,0
2106,0.4518719179301115,0.2828113094345747,0.06599570137369182,0.07151905738291972,-3.5128150388530344e-17,4.510281037539698e-17,0,0
2107,0.2009277178835769,0.183047604311416,0.060066302992954804,0.07629434992852072,6.245004513516506e-17,1.0408340855860844e-17,0,0
2108,0.2198987279663436,0.1892277489775517,0.06047757763590184,0.07399765060552112,-7.199102425303751e-17,3.469446951953614e-18,0,0
2109,0.2388708285103873,0.1953963108547357,0.06076334056167021,0.0722313863913949,2.255140518769849e-17,3.2959746043559335e-17,0,0
2110,0.2578472045000362,0.2015711771465414,0.061161222563979226,0.07073364945296391,-4.076600168545497e-17,6.245004513516506e-17,0,0
2111,0.2768268061660641,0.2077448722482075,0.06148176713656332,0.06961171600680588,-1.474514954580286e-17,-1.734723475976807e-18,0,0
2112,0.4708725715946121,0.2889907198135707,0.06674105461163454,0.07192464975467666,5.637851296924623e-17,2.4286128663675302e-17,0,0
2113,0.0195090322501575,0.0980785280306669,0.02448461385560513,0.1379733806532096,-1.3877787807814457e-17,-2.2681509448396753e-16,0,0
2114,0.0555515391423263,0.1016784250325749,0.054153408925631565,0.11809956619691217,-3.122502256758253e-17,-1.3010426069826053e-18,0,0
2115,0.0760698184594733,0.1302377430066605,0.0512498159238689,0.10756889850143292,9.020562075079396e-17,2.237793284010081e-16,0,0
2116,0.1006767266282129,0.1309158289318551,0.059506055348441916,0.09642058580501602,6.245004513516506e-17,1.4311468676808659e-16,0,0
2117,0.1214618434709066,0.1390230899723007,0.06142955007750702,0.08935611822852246,-5.2041704279304207e-17,-6.591949208711867e-17,0,0
2118,0.1400813133553554,0.1450643718176328,0.06269012547740141,0.08397366106357516,7.979727989493313e-17,2.949029909160572e-17,0,0
2119,0.158926476444503,0.1512160726863489,0.06331390463490744,0.07950819369347559,-8.066464163292153e-17,-3.122502256758253e-17,0,0
2120,0.1778159182302883,0.1573822291301112,0.06337727359643067,0.07567586318527042,4.163336342344337e-17,-1.734723475976807e-18,0,0
2121,0.7791366597955174,0.4072854207624038,0.08432866169501688,0.08826710462948881,-2.775557561562892e-17,5.2909066017292616e-17,0,0
2122,0.934810368295846,0.4764414478084469,0.09515502502634601,0.10099461380727873,2.949029909160572e-17,-3.469446951953614e-18,0,0
2123,0.9533617237176806,0.4827955644082983,0.09649154790725778,0.10211186491423488,-3.599551212651875e-17,4.510281037539698e-17,0,0
2124,0.9835245894360184,0.4899383824054073,0.09873930501357164,0.10337971996297486,-5.2041704279304207e-17,-4.6837533851373785e-17,0,0
2125,1.0,0.4999999999986943,0.1,0.10552430857858733,0.0200467546362225,5.724587470723462e-17,2,0
2126,0.4898740332632057,0.295172662173307,0.06763420666712287,0.07235435906549267,-3.4694469519536136e-17,-1.908195823574488e-17,0,0
2127,0.50887567671442,0.3013547142966809,0.06863960581912612,0.07281413362822259,-7.63278329429795e-17,5.377642775528102e-17,0,0
2128,0.5278733635140009,0.307531210095808,0.06960713223395346,0.07345143505511248,1.1275702593849246e-16,-5.204170427930421e-18,0,0
2129,0.5468699559846592,0.3136790818047515,0.07063891452479877,0.07405524661014982,-4.90059381963448e-17,-6.765421556309548e-17,0,0
2130,0.5658764781620121,0.3198294227265462,0.0715590610660509,0.07459394383535396,7.199102425303751e-17,3.9898639947466563e-17,0,0
2131,0.5848786575151549,0.3259951912167632,0.07269458797976891,0.0753964900747724,-6.678685382510706e-17,-3.2959746043559335e-17,0,0
2132,0.6038862288420815,0.3321790408270931,0.07377219664810974,0.07613659582376313,4.510281037539698e-17,1.734723475976807e-18,0,0
2133,0.6228948153017538,0.3383633258662552,0.07496634943180448,0.07684061953214955,-3.122502256758253e-17,-4.336808689942018e-17,0,0
2134,0.6419036849574418,0.3445478028996972,0.0761650831160753,0.07774601291019026,4.250072516143178e-17,0.0,0,0
2135,0.6609125827416197,0.3507322277567543,0.07713511303121566,0.07867111735057297,3.642919299551295e-17,3.469446951953614e-18,0,0
2136,0.6799214268984819,0.3569159401753879,0.07824980280295674,0.07939457510118353,-5.637851296924623e-17,3.469446951953614e-18,0,0
2137,0.6989302639012003,0.3630998389586886,0.07965513544277364,0.0803227691616052,-2.862293735361732e-17,1.3877787807814457e-17,0,0
2138,0.2958076964347777,0.2139202851847725,0.06197192250016124,0.06872099067585566,-1.214306433183765e-17,5.2041704279304207e-17,0,0
2139,0.1967438781583239,0.1635051594192511,0.0635243186431055,0.07251589440850864,-4.9439619065338996e-17,-2.0816681711721685e-17,0,0
2140,0.7179401106653334,0.3692827052729282,0.0808025317011801,0.08141861827833803,-1.3444106938820257e-17,-1.734723475976807e-18,0,0
2141,0.0382683433374196,0.09238795320933,0.045326281930878745,0.12970164010841434,3.816391647148976e-17,3.3393426912553537e-17,0,0
2142,0.0746773929778915,0.1099661303430575,0.06000831852075143,0.10697172669003281,1.908195823574488e-17,-8.456776945386935e-17,0,0
2143,0.7369485075834594,0.3754663435892733,0.08194338006319818,0.08232735120113308,4.033232081646077e-17,-4.163336342344337e-17,0,0
2144,0.7559607284709715,0.381615944907109,0.08302500622316801,0.08321849473558443,3.5561831257524545e-17,-8.847089727481715e-17,0,0
2145,0.7749938589858902,0.3877287665836066,0.08434893667671053,0.08428008041649798,-3.2526065174565127e-17,-5.898059818321144e-17,0,0
2146,0.7981571170167415,0.4134529773505379,0.08570665322733846,0.08913385928053197,2.4286128663675302e-17,2.0816681711721685e-17,0,0
2147,0.8171712001815752,0.4196386168879694,0.08714404281655189,0.09016507593028043,3.9464959078472355e-17,2.775557561562892e-17,0,0
2148,0.8361856999723575,0.4258244303261644,0.08837413559731438,0.09128733101038121,-1.1796119636642288e-16,-4.510281037539698e-17,0,0
2149,0.8552005039608828,0.4320106428645872,0.0895954257250112,0.09251183428916583,1.0581813203458523e-16,-1.908195823574488e-17,0,0
2150,0.8742158524031415,0.4381976010158842,0.09106180468586812,0.09353733330589263,-1.0625181290357943e-16,2.0816681711721685e-17,0,0
2151,0.8932315436030951,0.4443842459765588,0.09233133922701364,0.09473833805337797,5.2909066017292616e-17,1.908195823574488e-17,0,0
2152,0.9122468806499674,0.4505699955868179,0.09373115425735638,0.09576207411894315,-3.903127820947816e-17,-1.5612511283791264e-17,0,0
2153,0.9312609483071164,0.4567550483512121,0.095054493714991,0.09699588452324685,6.331740687315346e-17,-3.469446951953614e-18,0,0
2154,0.9706829908263812,0.4805751286824073,0.09782628397555669,0.10160606208984144,4.6837533851373785e-17,1.5612511283791264e-17,0,0
2155,0.3147800161537975,0.2200915452011897,0.062333917835388955,0.06804092956878674,-6.0715321659188256e-18,2.775557561562892e-17,0,0
2156,0.3337609052208746,0.2262434820810137,0.06277690561856816,0.06743952739068884,-1.734723475976807e-18,8.153200337090992e-17,0,0
2157,0.352747120794775,0.2324012575775364,0.06333219940034883,0.06714821551168407,-7.242470512203171e-17,0.0,0,0
2158,0.371749928973425,0.238586962952747,0.06383089825436314,0.06696183680353796,1.908195823574488e-17,1.734723475976807e-18,0,0
2159,0.390731409037408,0.2447503542432403,0.06443958658020743,0.06697617737602754,5.377642775528102e-17,6.071532165918825e-17,0,0
2160,0.4097228427388205,0.2509272489585115,0.06518980552100771,0.06707530586175339,-3.5561831257524545e-17,3.469446951953614e-18,0,0
2161,0.42871941101276,0.2570881445404427,0.06602941124687942,0.06727159835070468,-5.1608023410310005e-17,5.377642775528102e-17,0,0
2162,0.4477193777338291,0.2632615499316437,0.06674292315826827,0.06751536382063268,-1.1275702593849246e-17,1.3877787807814457e-17,0,0
2163,0.4667241806233842,0.2694439672133798,0.06752809161369164,0.06789380407373725,-6.0715321659188256e-18,-1.908195823574488e-17,0,0
2164,0.2157575192705471,0.1697258538494423,0.06374480622672218,0.07014448139342655,-5.2909066017292616e-17,0.0,0,0
2165,0.2347238574528927,0.1758697558087909,0.06372566986859854,0.0681016441250033,9.4542429440736e-17,3.642919299551295e-17,0,0
2166,0.2537038540351939,0.1820459880944463,0.06366514379618268,0.06661547416003931,-4.9439619065338996e-17,-2.949029909160572e-17,0,0
2167,0.2726838322133118,0.1882192144292372,0.06373694596236687,0.06550333215374232,5.984795992119983e-17,-5.724587470723462e-17,0,0
2168,0.2916677557193958,0.1943941206065719,0.06385233500792786,0.0646063671297156,-6.765421556309548e-17,-2.6020852139652106e-17,0,0
2169,0.4857266244181412,0.2756261787842604,0.06833192621318607,0.06840681165732664,2.775557561562892e-17,1.7347234759768068e-17,0,0
2170,0.073101156319375,0.089074875709575,0.07191474665277499,0.10421449289709298,-1.3877787807814457e-17,-3.0357660829594124e-18,0,0
2171,0.0555570234468331,0.0831469611334535,0.06593821683440998,0.1169161751218786,-2.4286128663675302e-17,1.1275702593849246e-17,0,0
2172,0.0904029142907545,0.1167235466155223,0.06280410549665048,0.09921180000535607,-1.1796119636642288e-16,-1.717376241217039e-16,0,0
2173,0.118216325712894,0.1193540867041253,0.06831515351785335,0.08634395786953822,-1.4484941024406342e-16,-1.0581813203458523e-16,0,0
2174,0.13605592357774,0.1255677743837516,0.06851773745993187,0.08068205870623371,8.413408858487513e-17,5.724587470723462e-17,0,0
2175,0.1548001511816144,0.1317420389077882,0.06841767618710573,0.07570512105400136,9.367506770274757e-17,5.2041704279304207e-17,0,0
2176,0.1736466353429563,0.1378449796073459,0.0681927965121108,0.0715669265466221,-1.6740081543176186e-16,-1.0581813203458523e-16,0,0
2177,0.1925353730758728,0.1440299572472412,0.06760782289186912,0.06839572857410309,9.80118763926896e-17,7.28583859910259e-17,0,0
2178,0.79400750894729,0.3938978417460252,0.08565422902226899,0.08524979187874948,1.1796119636642288e-16,-7.37257477290143e-17,0,0
2179,0.9466699309760308,0.4646878933811169,0.09605297933866885,0.09856508434325786,-6.418476861114186e-17,-2.775557561562892e-17,0,0
2180,0.9650025864637574,0.4623673097648769,0.09742871041933562,0.09797478084761219,4.7271214720367993e-17,-4.8572257327350605e-17,0,0
2181,1.0,0.4799999999987418,0.1,0.10145902110964738,0.0200253974849457,-5.2041704279304207e-17,2,0
2182,0.9837062286385684,0.4701220634318416,0.09876459536512747,0.0995173348201481,-8.673617379884035e-19,3.816391647148976e-17,0,0
2183,0.5047273976723021,0.2818064754052785,0.06918035862101066,0.06880766940070725,9.107298248878237e-18,-7.112366251504909e-17,0,0
2184,0.5237306483094076,0.2879873438043286,0.06999175086591429,0.06931596871416892,7.155734338404328e-17,-6.418476861114186e-17,0,0
2185,0.5427285500416323,0.2941449335664149,0.07095850609371784,0.0699022638460628,-4.8572257327350605e-17,6.071532165918825e-17,0,0
2186,0.561740929038252,0.3002810276086299,0.07199607465775568,0.07061557111933114,-1.5612511283791264e-17,-3.642919299551295e-17,0,0
2187,0.5807345193042259,0.3064506379908188,0.07289225398111998,0.07147728608542545,-2.0383000842727486e-17,6.245004513516506e-17,0,0
2188,0.5997375295111859,0.3126255666281451,0.07416352034632795,0.07229575738664933,5.204170427930421e-18,3.469446951953614e-18,0,0
2189,0.6187459219435552,0.3188094380353561,0.07518818615754666,0.07280822665898537,-1.5612511283791264e-17,4.8572257327350605e-17,0,0
2190,0.637754840638844,0.324993667977114,0.07635700648663794,0.07378409307177762,-4.076600168545497e-17,-6.071532165918825e-17,0,0
2191,0.6567640477123418,0.3311777877586505,0.07737324109873825,0.07470050465526001,4.8572257327350605e-17,4.336808689942018e-17,0,0
2192,0.6757730585416294,0.3373616049748545,0.07843470147196971,0.07547492812603841,-1.3010426069826053e-18,-1.734723475976807e-18,0,0
2193,0.6947815308080005,0.3435449291792405,0.07955643570312743,0.07638939886017403,-6.938893903907228e-18,-8.500145032286355e-17,0,0
2194,0.7137896655837355,0.3497300826570107,0.0808366222763588,0.07750505104256997,5.4210108624275216e-17,3.816391647148976e-17,0,0
2195,0.310653473831923,0.2005713531862455,0.06408693620647632,0.06385771968230436,5.681219383824043e-17,1.214306433183765e-17,0,0
2196,0.2114507909050473,0.1499191399899009,0.06718832960694793,0.06580352651091002,6.591949208711867e-17,0.0,0,0
2197,0.7327986003469076,0.3558908508566677,0.08204133446807538,0.07837889862861808,-4.2067044292437566e-17,1.5612511283791264e-17,0,0
2198,0.0934673108685633,0.0978619643071181,0.07318660987574607,0.0930516857637051,8.847089727481715e-17,1.3097162243624894e-16,0,0
2199,0.1041599131015017,0.1122779157968114,0.06880905348545041,0.09118671729058533,7.806255641895632e-17,-1.7347234759768068e-17,0,0
2200,0.7518135475384385,0.3620420925887966,0.0831343465629665,0.07934803704832412,-6.158268339717665e-17,7.45931094670027e-17,0,0
2201,0.7708370386038175,0.368177493439071,0.0842581165302453,0.0803800337676917,-5.637851296924623e-18,2.4286128663675302e-17,0,0
2202,0.7898575689514501,0.3743334736155046,0.0854569527951678,0.08144199388184079,3.9464959078472355e-17,3.4694469519536136e-17,0,0
2203,0.8130211923624026,0.4000789422767699,0.08692016334975719,0.08625999254640639,-1.006139616066548e-16,-2.6020852139652106e-18,0,0
2204,0.8320355944787932,0.4062641334528964,0.08824654319606799,0.08737780158047245,6.852157730108388e-17,1.006139616066548e-16,0,0
2205,0.8510506434229683,0.4124503191396003,0.08945419120357026,0.0884468031290601,3.0357660829594124e-18,-8.673617379884035e-18,0,0
2206,0.8700660661498367,0.4186368353238298,0.09081120062549608,0.08966722300292368,2.6020852139652106e-18,3.816391647148976e-17,0,0
2207,0.8890819098934936,0.4248235400392721,0.0921571036509453,0.09080432956388623,6.461844948013605e-17,0.0,0,0
2208,0.9080982855396892,0.4310102969200127,0.09346290255983761,0.09192344772908562,-8.803721640582296e-17,1.3877787807814457e-17,0,0
2209,0.9271144384499196,0.4371963969363344,0.09487725162537869,0.09303954011010056,5.551115123125783e-17,2.255140518769849e-17,0,0
2210,0.948914028095754,0.4450800965727502,0.09638956914327305,0.09452427465921996,-5.2909066017292616e-17,-4.250072516143178e-17,0,0
2211,0.3296010197307461,0.2067065774114904,0.06443771943063495,0.06324314822334937,8.673617379884035e-19,-8.673617379884035e-18,0,0
2212,0.3485767475558794,0.2128484220129378,0.06476213842195275,0.06292097859161573,9.107298248878237e-18,-4.510281037539698e-17,0,0
2213,0.3675615119758512,0.2189931987006682,0.06516501903138944,0.0628437400674696,3.209238430557093e-17,-3.642919299551295e-17,0,0
2214,0.3865669453296858,0.2251884123717763,0.06556650360442198,0.06289338306095205,-5.724587470723462e-17,-3.2959746043559335e-17,0,0
2215,0.4055626300716204,0.2313575809238391,0.06613059406482585,0.06297201808924108,6.678685382510706e-17,-1.214306433183765e-17,0,0
2216,0.4245701479235447,0.2375323775357022,0.06674726735682306,0.06305654189493981,-7.979727989493313e-17,0.0,0,0
2217,0.4435726220276963,0.2437142075439549,0.06743857544150791,0.06346283038770581,6.418476861114186e-17,-5.724587470723462e-17,0,0
2218,0.462575906536526,0.2498962048166694,0.06819788028507423,0.06375303760726991,3.4694469519536136e-17,1.0408340855860844e-17,0,0
2219,0.4815791830523011,0.2560784169233113,0.06906812122956911,0.06428170499990452,1.0408340855860844e-17,-3.4694469519536136e-17,0,0
2220,0.2304744970393137,0.156180060085269,0.06690537577037184,0.06374174700244305,-7.45931094670027e-17,-8.673617379884035e-18,0,0
2221,0.2495067979274084,0.1624374993367041,0.06658944471882394,0.06215209281992857,-9.54097911787244e-18,-1.3877787807814457e-17,0,0
2222,0.2685396778806551,0.1686925486549797,0.06613480957957475,0.0610188832489756,4.4235448637408575e-17,5.898059818321144e-17,0,0
2223,0.2875295857273796,0.1748221177586894,0.06608326214596374,0.06011391379181179,-7.806255641895632e-17,6.938893903907228e-18,0,0
2224,0.3065103126916763,0.1810382753598062,0.06605677332030904,0.059621020762646956,8.066464163292153e-17,-2.6020852139652106e-17,0,0
2225,0.5005804509499937,0.2622585241020463,0.06977968374018914,0.06475174234054712,1.3444106938820257e-17,3.469446951953614e-18,0,0
2226,0.0707106782866362,0.0707106779506733,0.08407808343670084,0.09962068717528191,2.012279232133096e-16,1.3530843112619095e-16,0,0
2227,0.0888836520247063,0.0743199103796685,0.08659783804820745,0.08676669443494642,-3.920475055707584e-16,-3.1398494915180213e-16,0,0
2228,0.1316643610120335,0.1060831279344921,0.07520859820385328,0.07618511970813188,-3.7296554733501346e-17,-3.642919299551295e-17,0,0
2229,0.1128881962871568,0.1000231639486372,0.07586057008571245,0.08262412695544666,-1.9949319973733282e-17,2.255140518769849e-17,0,0
2230,0.1506098089405966,0.1122573552621605,0.07436553154101619,0.07080297214576187,-3.5561831257524545e-17,-4.8572257327350605e-17,0,0
2231,0.1694793057034999,0.1183768983425439,0.0733391494541919,0.06669598794597012,5.030698080332741e-17,8.326672684688674e-17,0,0
2232,0.1883734169505181,0.1244585317385425,0.07219946084286313,0.0634803681596774,-8.673617379884035e-18,-4.6837533851373785e-17,0,0
2233,0.2073188270922092,0.1304710272565226,0.07125301435657419,0.06095325743083018,4.6837533851373785e-17,0.0,0,0
2234,0.8088708846951989,0.3805187622637956,0.08675852841133652,0.08248287284571307,-5.724587470723462e-17,4.163336342344337e-17,0,0
2235,0.9831378399071256,0.4507938914779741,0.09877486634937022,0.09557840248543562,-3.903127820947816e-18,-5.724587470723462e-17,0,0
2236,1.0,0.4599999999988,0.1,0.09740531942165946,0.0200094963050083,2.0816681711721685e-17,2,0
2237,0.5195771589123572,0.2684369591423486,0.07073749536675711,0.0652933698101878,-2.0816681711721685e-17,6.071532165918825e-17,0,0
2238,0.5385760583437615,0.2745933179889935,0.07153363113994839,0.06593007845500076,-8.933825901280557e-17,-2.775557561562892e-17,0,0
2239,0.5575810646808331,0.2807457831214453,0.07238753181833514,0.06657496866641052,5.247538514829842e-17,4.6837533851373785e-17,0,0
2240,0.5765851353105844,0.2869008465462582,0.0733382034079351,0.06739641466472529,-4.336808689942019e-19,-3.469446951953614e-18,0,0
2241,0.5955883862881668,0.2930717732185708,0.07435595496411665,0.06813538982190517,5.984795992119983e-17,-4.6837533851373785e-17,0,0
2242,0.6145970915187187,0.2992555030028548,0.0754163876317136,0.06883502098711955,-5.1608023410310005e-17,-1.908195823574488e-17,0,0
2243,0.6336063065920612,0.3054396519601302,0.07647345292599292,0.06964847574412991,4.380176776841438e-17,5.377642775528102e-17,0,0
2244,0.6526153456577158,0.3116238015018342,0.07748510384957429,0.07050080617897887,2.0816681711721685e-17,-2.949029909160572e-17,0,0
2245,0.6716248439457448,0.3178070839464163,0.07863001109402436,0.07149714973583618,-3.4694469519536136e-17,-3.816391647148976e-17,0,0
2246,0.6906346640393639,0.3239909207301911,0.07951400416529372,0.07239408249525701,6.505213034913027e-17,7.63278329429795e-17,0,0
2247,0.7096411393112271,0.3301764924408997,0.08079006259542737,0.07332208534037674,-1.2533377113932431e-16,2.255140518769849e-17,0,0
2248,0.7286396005839388,0.3363361946752813,0.08198386715160952,0.07434613952839544,5.074066167232161e-17,-4.510281037539698e-17,0,0
2249,0.3254518573799015,0.1871652094355403,0.06613701647928422,0.05878785340861002,-7.936359902593891e-17,1.7347234759768068e-17,0,0
2250,0.2262806457433826,0.1365787292349435,0.07026952596407166,0.058870269638123376,-1.3964523981613295e-16,-1.7347234759768068e-17,0,0
2251,0.7476498194091428,0.3424937234688446,0.08319250108314236,0.07530054787578137,3.469446951953614e-18,-7.28583859910259e-17,0,0
2252,0.1087763499782067,0.0806598339572788,0.08531269678594752,0.07673060135210642,4.336808689942018e-17,2.775557561562892e-17,0,0
2253,0.7666865908163321,0.3486081992718143,0.08427943083230924,0.07626164207308139,9.367506770274757e-17,-4.163336342344337e-17,0,0
2254,0.7857052364848551,0.3547704972521433,0.08560844654939868,0.07731555057901612,-2.5153490401663706e-17,-6.591949208711867e-17,0,0
2255,0.8047195586493269,0.3609564505842358,0.08661840637830326,0.07846668050814448,-2.7321894746634715e-17,3.642919299551295e-17,0,0
2256,0.8278851529515947,0.3867034137633552,0.08824663448359532,0.08355199139998284,3.816391647148976e-17,-1.1102230246251563e-16,0,0
2257,0.8469002629017226,0.3928893810836382,0.08929474754251321,0.08451930369833116,7.806255641895632e-18,-3.816391647148976e-17,0,0
2258,0.8659157229047475,0.3990756082189211,0.09070069806852868,0.08571151990471987,-3.0357660829594124e-17,1.734723475976807e-18,0,0
2259,0.8849314692107559,0.4052619646442681,0.09193462083655238,0.0867893490904729,2.9923979960599916e-17,-3.642919299551295e-17,0,0
2260,0.9039477955150688,0.4114483123862005,0.09330479467191563,0.08795631157531217,-2.862293735361732e-17,2.0816681711721685e-17,0,0
2261,0.922964553872937,0.4176347107188536,0.09466309029402409,0.08919076321253361,3.209238430557093e-17,-4.163336342344337e-17,0,0
2262,0.9419817755696592,0.4238213791426015,0.09584512396858198,0.09030471889684168,9.54097911787244e-18,3.2959746043559335e-17,0,0
2263,0.9684831205401748,0.4440012305366736,0.0977691092698986,0.09427447423713899,-4.9873299934333204e-18,4.163336342344337e-17,0,0
2264,0.3444048640288441,0.1932535233069343,0.06629575486705207,0.05849322000997026,5.464378949326943e-17,-1.7347234759768068e-17,0,0
2265,0.3634028352714287,0.1994334718513303,0.06669108590437019,0.058475144227883684,2.0816681711721685e-17,2.4286128663675302e-17,0,0
2266,0.3824025203912722,0.205617075329255,0.06694636656094063,0.058597495040137754,-3.165870343657673e-17,2.949029909160572e-17,0,0
2267,0.401411397340394,0.2118056290155769,0.06719731976216603,0.058670074654248214,3.0357660829594124e-17,1.7347234759768068e-17,0,0
2268,0.420418559326446,0.2179835966516938,0.06781834737134557,0.058869229543469334,-2.4286128663675302e-17,-3.2959746043559335e-17,0,0
2269,0.4394247038431611,0.2241666263367856,0.0682166097521196,0.05915258367291333,6.071532165918825e-17,-2.4286128663675302e-17,0,0
2270,0.4584280340858667,0.2303478718119142,0.06905377495890266,0.05961021822329496,-5.551115123125783e-17,-2.0816681711721685e-17,0,0
2271,0.4774317481849043,0.2365295541852564,0.06968462267847395,0.060086872571517416,-1.1275702593849246e-17,-1.5612511283791264e-17,0,0
2272,0.4964349858830024,0.2427113840928077,0.07048738966714155,0.0606217988999215,-4.640385298237959e-17,5.2041704279304207e-17,0,0
2273,0.2453066510951755,0.142825856823507,0.06947061645068002,0.057259779071794026,1.465841337200402e-16,6.591949208711867e-17,0,0
2274,0.2643198176911413,0.1490517512959901,0.06886334217005932,0.0561561885319294,-1.457167719820518e-16,-5.551115123125783e-17,0,0
2275,0.2833580866375768,0.1552559976843249,0.06843914556705905,0.05555284735488024,8.977193988179977e-17,-3.469446951953614e-18,0,0
2276,0.3024178492216623,0.161332549817217,0.06806081487139798,0.05475845598917882,2.775557561562892e-17,2.0816681711721685e-17,0,0
2277,0.3213000362048326,0.1676293286645062,0.06793218616592755,0.054240179956935364,-1.43982048506075e-16,-3.122502256758253e-17,0,0
2278,0.5154302660481885,0.2488917933403398,0.07124473303514983,0.06123922073120705,-1.3444106938820257e-17,3.4694469519536136e-17,0,0
2279,0.0831469613250803,0.0555570231600433,0.09888268530794825,0.0785836399462558,2.6367796834847473e-16,1.960237527853792e-16,0,0
2280,0.1027398934086151,0.0549156169405384,0.09944266950217714,0.06454511008980285,-5.447031714567174e-16,-3.8857805861880484e-16,0,0
2281,0.127154570714973,0.0862506821095896,0.08368137312853377,0.06998574253039454,1.1622647289044608e-16,8.673617379884035e-18,0,0
2282,0.1464011688273432,0.0927913065177049,0.08119870911756998,0.06474151886993385,-9.80118763926896e-17,1.0408340855860844e-17,0,0
2283,0.1652977722254031,0.0989550918063277,0.07912382990395193,0.06063497827203183,6.938893903907228e-18,-1.0408340855860844e-17,0,0
2284,0.1842250635405643,0.1049829575517281,0.0772744681064857,0.057544097644614434,-8.673617379884035e-19,-1.734723475976807e-18,0,0
2285,0.2031652541107667,0.1109398286109972,0.07555710017157541,0.05509042878786036,1.214306433183765e-17,5.204170427930421e-18,0,0
2286,0.2221448066441015,0.1170652149049785,0.07391544736038846,0.05328892043386385,-3.382710778154774e-17,-1.0408340855860844e-17,0,0
2287,0.8237343263091292,0.3671424515968827,0.08794419006737439,0.07953258097237681,3.816391647148976e-17,5.637851296924623e-17,0,0
2288,0.96258330600542,0.4287743883138905,0.09731619749574065,0.09117402125389037,-7.45931094670027e-17,3.0357660829594124e-17,0,0
2289,1.0,0.4399999999988584,0.1,0.09339343099189479,0.0199968337121965,-1.3877787807814457e-17,2,0
2290,0.9840328441730836,0.432344074854214,0.09888370885121248,0.09180499083072693,4.8355416892853504e-17,3.816391647148976e-17,0,0
2291,0.5344256123551361,0.2550520923879299,0.07208508598583419,0.06179983893356222,3.9898639947466563e-17,-1.7347234759768068e-17,0,0
2292,0.553422819283527,0.2612091921384263,0.07286606845481831,0.062460917459297514,4.076600168545497e-17,-3.9898639947466563e-17,0,0
2293,0.5724328960672417,0.2673453808799491,0.07358795873227095,0.06314211071478526,-3.686287386450715e-17,-8.500145032286355e-17,0,0
2294,0.5914389041063199,0.273517765333167,0.07453690702600771,0.0640019101914981,3.122502256758253e-17,7.45931094670027e-17,0,0
2295,0.6104480139912603,0.2797012489024866,0.07568632135769962,0.06491781573591962,-6.028164079019405e-17,0.0,0,0
2296,0.6294574551392358,0.2858851488267904,0.0767368881455879,0.06562217620341318,-2.3418766925686896e-17,-2.775557561562892e-17,0,0
2297,0.6484675031436183,0.2920700675327328,0.07766467346685499,0.06639367115049648,-1.5612511283791264e-17,3.469446951953614e-18,0,0
2298,0.6674767648632038,0.2982526920798652,0.07860711663618725,0.06741517481710269,8.153200337090992e-17,5.724587470723462e-17,0,0
2299,0.686486114241067,0.3044355696118064,0.07966282246018147,0.06833747806726426,-8.500145032286355e-17,3.816391647148976e-17,0,0
2300,0.7054968168516217,0.3106201362413765,0.08071957262710613,0.06924812403305321,-2.6020852139652106e-18,-4.6837533851373785e-17,0,0
2301,0.7244947772608931,0.316796175867649,0.0819451607364432,0.0702851850134841,1.1102230246251563e-16,2.775557561562892e-17,0,0
2302,0.7434995943302113,0.3229473147598001,0.0832269783818944,0.07124927197974512,-1.0928757898653883e-16,8.153200337090992e-17,0,0
2303,0.3402564300018887,0.1737100991159858,0.06787448080932748,0.05397848845098929,1.7564075194265172e-16,1.3877787807814457e-17,0,0
2304,0.2411260720608012,0.1232467537971166,0.07264665000603973,0.051818215724400776,-3.469446951953614e-18,-3.816391647148976e-17,0,0
2305,0.7625147716310324,0.3290669288227556,0.08438140979648368,0.07222320513023675,7.936359902593891e-17,-6.938893903907228e-18,0,0
2306,0.1207022997869541,0.0642836421057929,0.0937838965704314,0.061071692860280705,1.5352302762394743e-16,4.336808689942018e-17,0,0
2307,0.7815548862886672,0.3352111162580362,0.08557070752928136,0.07328164805249389,-3.903127820947816e-17,0.0,0,0
2308,0.8005691762165773,0.3413965733097519,0.08659023191315565,0.07429761075554835,-6.418476861114186e-17,3.469446951953614e-18,0,0
2309,0.8195839015802886,0.347582031204436,0.08778404892837428,0.07548338761996803,7.719519468096792e-17,-5.724587470723462e-17,0,0
2310,0.842749746196757,0.3733284285930782,0.08930157871512961,0.0804746249899575,1.214306433183765e-17,5.724587470723462e-17,0,0
2311,0.8617653022796297,0.3795145800945791,0.09046549953874726,0.08169316422598957,-5.117434254131581e-17,2.0816681711721685e-17,0,0
2312,0.880781038021738,0.3857008103128289,0.09169408499108034,0.08273835154180942,9.714451465470121e-17,-4.6837533851373785e-17,0,0
2313,0.8997967788430279,0.3918873387075817,0.09305980821498469,0.08393351433993626,-6.418476861114186e-17,-3.9898639947466563e-17,0,0
2314,0.9188132126924312,0.3980739950062889,0.09427678737623772,0.08520275596871724,4.336808689942018e-17,-2.255140518769849e-17,0,0
2315,0.9377683510826604,0.40424927183152,0.09558730889187068,0.08631353099360134,-5.811323644522304e-17,-1.734723475976807e-18,0,0
2316,0.9564774689493456,0.4103752108938417,0.09691143702151256,0.08757533728025277,2.255140518769849e-17,4.163336342344337e-17,0,0
2317,0.3592565125469214,0.179889832233918,0.06802865987487039,0.05396596614497981,-1.001802807376606e-16,6.938893903907228e-18,0,0
2318,0.3782540683146274,0.1860716773299141,0.06825431550396269,0.05394392307997349,-4.81385764583564e-17,-1.908195823574488e-17,0,0
2319,0.3972610280925722,0.1922535714834939,0.06845328380294546,0.05422365956967966,6.028164079019405e-17,1.214306433183765e-17,0,0
2320,0.4162661429293584,0.198434705576217,0.06881895042871078,0.054454368755172636,5.594483210025203e-17,1.3877787807814457e-17,0,0
2321,0.4352761759352439,0.2046184288800402,0.06918325330774736,0.054745692198194626,-6.722053469410126e-17,2.6020852139652106e-17,0,0
2322,0.4542794315248769,0.2108003868169353,0.06966381571331218,0.05516106681990254,-1.5178830414797062e-17,8.673617379884035e-18,0,0
2323,0.47328320429288,0.2169813638949863,0.07033637927125988,0.05572180159545252,5.681219383824043e-17,5.377642775528102e-17,0,0
2324,0.4922878825541739,0.2231619223796276,0.07105959135355921,0.05623146814069615,-1.1275702593849246e-16,-4.8572257327350605e-17,0,0
2325,0.5112930150074774,0.2293441278913695,0.0716322517699598,0.05702357194766503,3.122502256758253e-17,-2.255140518769849e-17,0,0
2326,0.2601320761090057,0.1294603471910188,0.07161308331418176,0.05083061269668892,5.030698080332741e-17,1.0408340855860844e-17,0,0
2327,0.279146230750897,0.1356500684060506,0.07080343648399912,0.0501755097334782,6.938893903907227e-17,1.0408340855860844e-17,0,0
2328,0.2981622051215379,0.141802285572923,0.07025139651805082,0.0496565235960026,-1.240327285323417e-16,-1.734723475976807e-18,0,0
2329,0.3171469122793227,0.1479611033486666,0.06982276796596479,0.04926274387564163,8.239936510889834e-17,1.3877787807814457e-17,0,0
2330,0.3361171579770609,0.1541742338114044,0.06964589957552525,0.04916908304109777,7.45931094670027e-17,-2.255140518769849e-17,0,0
2331,0.5302857072374247,0.2355192606152379,0.07231093274927392,0.05774244691333269,7.63278329429795e-17,1.5612511283791264e-17,0,0
2332,0.0923879532975017,0.0382683431245545,0.1098351838671408,0.05540758770692278,6.990935608186534e-16,4.753142324176451e-16,0,0
2333,0.1217976452622463,0.048294609478073,0.09980994854397848,0.04870510092920027,-1.734723475976807e-18,1.734723475976807e-18,0,0
2334,0.1417955917656073,0.0728504900691522,0.0889133088677205,0.05670836029332027,-1.899522206194604e-16,-8.847089727481715e-17,0,0
2335,0.1611265393986409,0.0794754692305583,0.08519941400201055,0.05311603705627557,1.0148132334464322e-16,2.0816681711721685e-17,0,0
2336,0.1800433638078425,0.0855709502845332,0.08228254421395069,0.050525975967558756,-3.209238430557093e-17,8.673617379884035e-18,0,0
2337,0.1989912684453558,0.0915964445274241,0.07980927454039398,0.04844402551572861,2.6020852139652106e-18,1.3877787807814457e-17,0,0
2338,0.2180024800839189,0.0975494852193649,0.0777911267041375,0.0469744519612718,-1.734723475976807e-18,1.908195823574488e-17,0,0
2339,0.2369783267618007,0.1037208837740464,0.07592372182792859,0.04593176537873839,-7.502679033599691e-17,-5.204170427930421e-18,0,0
2340,0.8385991412986603,0.3537676513787457,0.08913825016536281,0.07659611013930086,1.7347234759768068e-17,-1.8214596497756478e-17,0,0
2341,0.9758668694932676,0.4166316557995286,0.0983320956628497,0.08880968943885001,5.811323644522304e-17,-7.112366251504909e-17,0,0
2342,1.0,0.4199999999989167,0.1,0.08950925394054426,0.0199710343554283,-1.0408340855860844e-17,2,0
2343,0.5492703008499721,0.2416675024480806,0.0732714215517267,0.05838485279035095,-6.158268339717665e-17,1.7347234759768068e-17,0,0
2344,0.5682733322158243,0.2478162212423195,0.07408829305486761,0.05893709734387664,1.908195823574488e-17,4.8572257327350605e-17,0,0
2345,0.5872891985536461,0.2539638936754856,0.07489517744588198,0.05979151168630391,-6.245004513516506e-17,-2.6020852139652106e-17,0,0
2346,0.6062962873308414,0.2601538758601941,0.07587443397096863,0.06067739959569032,4.6837533851373785e-17,6.938893903907228e-18,0,0
2347,0.6253042162754332,0.2663426812031072,0.07683597806079417,0.061557958546061206,2.3852447794681098e-17,-3.469446951953614e-18,0,0
2348,0.6443177441681814,0.272516305957969,0.07772176519746264,0.06243222986013114,-2.862293735361732e-17,1.908195823574488e-17,0,0
2349,0.6633284648939719,0.2786986841662692,0.0787702714725386,0.06335592261499866,6.245004513516506e-17,-1.908195823574488e-17,0,0
2350,0.6823366344757218,0.2848835054647766,0.07999451636467743,0.06430128036980401,-1.1492543028346347e-16,-2.0816681711721685e-17,0,0
2351,0.701348030825081,0.2910636859656046,0.0810102010322292,0.06515270597054879,1.0755285551056204e-16,-4.336808689942018e-17,0,0
2352,0.7203593934395462,0.2972484173045995,0.08199693933266781,0.06617543414584373,5.984795992119983e-17,-5.377642775528102e-17,0,0
2353,0.7393714772400813,0.3034341722356311,0.08309626545212676,0.06714606855252564,-1.2836953722228372e-16,-4.510281037539698e-17,0,0
2354,0.7583532337479735,0.3095620233891289,0.08429840860154664,0.06823883095790823,9.540979117872439e-17,-3.469446951953614e-18,0,0
2355,0.3551091219091851,0.1603443405965218,0.06933098710315677,0.049140495259310274,-1.1535911115245767e-16,-1.5612511283791264e-17,0,0
2356,0.255962176784376,0.1098973361355868,0.074412080521982,0.04505049050084604,7.806255641895632e-17,2.775557561562892e-17,0,0
2357,0.777378465053229,0.3156962666378479,0.08555388205611528,0.06932948964375905,-1.951563910473908e-17,6.938893903907227e-17,0,0
2358,0.1124814947383463,0.0331688647802884,0.10808264379180527,0.038820857999440087,-2.698362366881924e-15,-9.107298248878237e-16,0,0
2359,0.1382288996084491,0.0535955706072227,0.09546049944706682,0.04586398410173792,-2.949029909160572e-17,-3.469446951953614e-18,0,0
2360,0.7964185775379138,0.3218370376649172,0.08670698418177507,0.07029919750495675,-5.724587470723462e-17,-4.510281037539698e-17,0,0
2361,0.8154257703505322,0.3280417285935823,0.08774689865985755,0.07138628950303133,9.063930161978816e-17,3.469446951953614e-18,0,0
2362,0.8344482708514123,0.334206350317955,0.08899165029174012,0.07256947914982802,-1.1145598333150986e-16,-2.0816681711721685e-17,0,0
2363,0.8576147577544013,0.3599535574132291,0.09037420431681804,0.07773261294092673,-9.887923813067799e-17,-2.775557561562892e-17,0,0
2364,0.8766305699583118,0.3661395498755639,0.09148069849818088,0.07864795815104006,8.153200337090992e-17,1.5612511283791264e-17,0,0
2365,0.895646335017567,0.3723259127926515,0.09287977182436,0.07992630375917034,-3.7296554733501346e-17,4.163336342344337e-17,0,0
2366,0.91467504296214,0.378524415419896,0.0941932134879152,0.08124216386263677,1.6479873021779667e-17,7.806255641895632e-17,0,0
2367,0.933641763732339,0.3847675992227731,0.09548027453514024,0.08234687537492388,-3.3393426912553537e-17,3.469446951953614e-18,0,0
2368,0.9520442324756362,0.3910402271453797,0.09658847068095763,0.08365405152774427,0.0,-4.510281037539698e-17,0,0
2369,0.9697976537810034,0.3987342458187346,0.09785947695789729,0.0852248507287082,8.673617379884035e-18,-4.163336342344337e-17,0,0
2370,0.3741115409195409,0.1665256562846524,0.06942432544745838,0.04933602620281135,5.898059818321144e-17,2.4286128663675302e-17,0,0
2371,0.393112882853059,0.1727052927123336,0.06951294250563506,0.0494694589905902,-1.5178830414797062e-17,-3.122502256758253e-17,0,0
2372,0.4121191567267229,0.1788870489376665,0.06988431582859175,0.049881023777770775,6.895525817007808e-17,2.0816681711721685e-17,0,0
2373,0.4311270318575493,0.1850694832870193,0.07017942383596282,0.05031317453335292,-1.301042606982605e-16,3.2959746043559335e-17,0,0
2374,0.4501324636758239,0.1912524522363236,0.07064845640654661,0.050871204708849864,1.2750217548429532e-16,1.0408340855860844e-17,0,0
2375,0.4691369940738679,0.1974333285441654,0.07108032138191439,0.05136582628468379,-7.199102425303751e-17,-3.9898639947466563e-17,0,0
2376,0.4881399726542701,0.2036130530229262,0.07160263482805451,0.05193555452423047,2.47198095326695e-17,3.816391647148976e-17,0,0
2377,0.5071450775757513,0.2097929939387352,0.07217838408313729,0.05252663793568721,-8.673617379884035e-18,-8.673617379884035e-18,0,0
2378,0.5261521915373253,0.2159767431461191,0.07277614056162036,0.05335943260851486,3.469446951953614e-18,-1.214306433183765e-17,0,0
2379,0.2749536298316023,0.1160770147409976,0.07321549418790915,0.04461064185099658,-9.107298248878236e-17,-2.0816681711721685e-17,0,0
2380,0.2939515691145177,0.1222530139510492,0.0723211827253292,0.044314977663720875,4.163336342344337e-17,1.5612511283791264e-17,0,0
2381,0.3129574526434957,0.1284163162469724,0.07171274176760069,0.04402254616820203,4.250072516143178e-17,-2.775557561562892e-17,0,0
2382,0.3319602457634125,0.134600047774591,0.07131322119425687,0.04393443370243358,-1.474514954580286e-17,5.204170427930421e-18,0,0
2383,0.3509591411042528,0.1407967762147206,0.0708980606486036,0.04428971246634631,-7.068998164605489e-17,2.0816681711721685e-17,0,0
2384,0.5451456517611905,0.2221458063705695,0.07359052786951903,0.054175738995079624,1.3444106938820257e-17,-5.030698080332741e-17,0,0
2385,0.0980785280518902,0.0195090321434605,0.11760644901938286,0.029584521888486523,6.151329445813758e-15,1.817990202823694e-15,0,0
2386,0.134835638768867,0.0355093529565223,0.10191622046033795,0.0331362792532562,9.280770596475918e-17,3.9898639947466563e-17,0,0
2387,0.1569861662483983,0.0600206474224464,0.09094857643551463,0.04374082193187881,-1.0928757898653883e-16,-2.0816681711721685e-17,0,0
2388,0.1759355971318592,0.0661991051359425,0.0871854694327361,0.04215417953619565,1.1275702593849246e-17,2.4286128663675302e-17,0,0
2389,0.1948090357556311,0.0722039791291393,0.08393829457725283,0.04063392915752495,-5.204170427930421e-18,5.204170427930421e-18,0,0
2390,0.2138128792646747,0.0781429899237168,0.08121485234207508,0.0396226115754351,-1.908195823574488e-17,-5.377642775528102e-17,0,0
2391,0.23283193671575,0.0842004562681302,0.07930052699029286,0.039083136561831336,2.6020852139652106e-18,3.122502256758253e-17,0,0
2392,0.2518141950164263,0.0903700429142154,0.0774196750936409,0.03870190736533487,7.28583859910259e-17,-5.724587470723462e-17,0,0
2393,0.853463843016673,0.3403926357131855,0.0902065157069723,0.07366724380242717,3.469446951953614e-18,6.852157730108388e-17,0,0
2394,0.9856872581226775,0.4049636127160746,0.09895561237762532,0.08626937106644324,-9.54097911787244e-18,2.949029909160572e-17,0,0
2395,0.5641324774255664,0.2283043155860014,0.0744785725024446,0.05484012112674103,9.54097911787244e-18,-2.6020852139652106e-17,0,0
2396,0.5831165648509726,0.2344806449545094,0.07511534164530259,0.055649084067512886,5.204170427930421e-18,-3.4694469519536136e-17,0,0
2397,0.6021251270606043,0.2406650424765548,0.0760953951409489,0.056595947918419987,-1.3010426069826053e-18,2.255140518769849e-17,0,0
2398,0.6211394005410978,0.2468432772634564,0.07702451110878444,0.05744642162121319,6.678685382510706e-17,8.673617379884035e-18,0,0
2399,0.6401613472944114,0.2529873990307239,0.07801161927737772,0.05827869686319251,-7.892991815694471e-17,-5.2041704279304207e-17,0,0
2400,0.6591795523630771,0.259142541851583,0.07895224126156512,0.059091314361947436,7.936359902593891e-17,-1.0408340855860844e-17,0,0
2401,0.67818480842379,0.265335343490585,0.0799964354919474,0.06026466553030331,-9.714451465470121e-17,1.0408340855860844e-17,0,0
2402,0.6971932096892395,0.2715224424374208,0.08116239422583525,0.06113274378836272,1.1796119636642288e-16,1.7347234759768068e-17,0,0
2403,0.7162099179032916,0.2776910505222223,0.08207579342488505,0.06213294311779038,-5.984795992119983e-17,1.5612511283791264e-17,0,0
2404,0.7352221804334891,0.2838762405572857,0.08314484511159449,0.06314460027440229,-5.464378949326943e-17,3.9898639947466563e-17,0,0
2405,0.7542291444662889,0.2900556747823363,0.08424167158118603,0.06424463908133421,2.5153490401663706e-17,-5.377642775528102e-17,0,0
2406,0.7732191015901597,0.2961962029349413,0.08553371789600295,0.065244723839885,1.951563910473908e-17,-2.775557561562892e-17,0,0
2407,0.3699627095340632,0.1469767664894716,0.07061530300089715,0.0445978108910053,-3.642919299551295e-17,-1.908195823574488e-17,0,0
2408,0.2708041331034992,0.0965409426662918,0.07579983205379606,0.038446236834696695,3.7296554733501346e-17,-1.7347234759768068e-17,0,0
2409,0.7922457581408355,0.3023577320477242,0.08664509161108896,0.06619832132494431,2.6454533008646308e-17,8.673617379884035e-18,0,0
2410,0.1125980890520034,0.0143194573223367,0.11352653230071565,0.017735405193656868,-6.0038779503557286e-15,-1.3825746103535153e-15,0,0
2411,0.1299999999999428,0.0173205080756526,0.10719292319002022,0.01760991967132674,-4.935288289154016e-16,-1.1449174941446927e-16,0,0
2412,0.1537442633279108,0.0402445896820425,0.09660151669629444,0.03172084062678956,-3.209238430557093e-17,-4.076600168545497e-17,0,0
2413,0.811257706564738,0.3085271857172369,0.08781882586694645,0.06730474940952848,-3.382710778154774e-17,6.071532165918825e-17,0,0
2414,0.8302802473711548,0.3146800589142575,0.08898273012043578,0.06851285436630489,2.8189256484623115e-17,3.642919299551295e-17,0,0
2415,0.8493118198928006,0.320833758472631,0.09012222825403451,0.0695981481357209,-4.033232081646077e-17,-6.071532165918825e-17,0,0
2416,0.8724799783238023,0.346578122879022,0.09136504760023784,0.07477354103207613,4.6837533851373785e-17,3.2959746043559335e-17,0,0
2417,0.8914961072730605,0.3527642833800811,0.09260787667196313,0.07584779823172517,-2.5153490401663706e-17,3.816391647148976e-17,0,0
2418,0.9105123059798764,0.3589522513443999,0.09397698067047892,0.07710819593288762,-3.3393426912553537e-17,-4.510281037539698e-17,0,0
2419,0.9296032089674526,0.3652052080918896,0.09528218248038556,0.07840955878575853,3.2959746043559335e-17,1.0408340855860844e-17,0,0
2420,0.9482960875502442,0.371664156336075,0.09662258348760004,0.07957239329848736,-4.77048955893622e-17,2.255140518769849e-17,0,0
2421,0.9660219397156778,0.3799710003094731,0.09770600923564941,0.08122395932715516,3.2959746043559335e-17,6.245004513516506e-17,0,0
2422,0.9827717673391168,0.3894521619642178,0.09873985492856431,0.08316575423691597,2.775557561562892e-17,5.030698080332741e-17,0,0
2423,1.0,0.3999999999989749,0.1,0.08556616864075253,0.0199519268130952,-1.214306433183765e-17,2,0
2424,0.3889673617028928,0.1531569382215205,0.07060827391201768,0.04487007686495074,4.7271214720367993e-17,3.2959746043559335e-17,0,0
2425,0.4079735834605891,0.1593380322595681,0.0706644817392994,0.04510104079884027,-6.591949208711867e-17,-1.908195823574488e-17,0,0
2426,0.4269788086802889,0.1655194882807082,0.07099023870381549,0.045703573976865336,-4.4235448637408575e-17,6.938893903907228e-18,0,0
2427,0.4459859141651473,0.1717022640520407,0.07134515032340336,0.046405692090397035,1.478851763270228e-16,-3.642919299551295e-17,0,0
2428,0.4649918203644754,0.1778859932381372,0.07176961564365225,0.0469456619461668,-9.150666335777655e-17,6.938893903907228e-18,0,0
2429,0.4839950655663917,0.1840648731198764,0.07225909574624692,0.047487265435969206,-1.8214596497756478e-17,4.8572257327350605e-17,0,0
2430,0.5029962890017448,0.1902413984214189,0.07271616487639557,0.04825255642080938,1.8648277366750682e-17,-1.5612511283791264e-17,0,0
2431,0.5220037159652227,0.1964235730717765,0.07339129935476318,0.04898310610441457,4.7271214720367993e-17,-2.4286128663675302e-17,0,0
2432,0.5410121986546113,0.2026074472074385,0.07395274323088832,0.04984155565553482,4.9873299934333204e-17,-1.908195823574488e-17,0,0
2433,0.2898006238261772,0.102713634617127,0.07449682495478702,0.03829764450817319,-1.951563910473908e-17,-3.642919299551295e-17,0,0
2434,0.3088018246023626,0.1088872085635371,0.07355697089387155,0.038485627835272804,-2.5153490401663706e-17,1.3877787807814457e-17,0,0
2435,0.3278046294826851,0.1150663736665235,0.07278352522431586,0.03857834445020272,1.5612511283791264e-17,5.204170427930421e-18,0,0
2436,0.3468082522184203,0.1212482478496345,0.07234887376533256,0.03888864165704441,-2.255140518769849e-17,1.7347234759768068e-17,0,0
2437,0.3658135209624804,0.1274278909891494,0.0721932467601291,0.03959253459203087,1.1188966420050406e-16,6.938893903907228e-18,0,0
2438,0.5600099118842345,0.2087803095415791,0.07485144007438195,0.05059341022978059,-6.852157730108388e-17,3.9898639947466563e-17,0,0
2439,0.1,0.0,0.12151869175071418,0.0,4.2895374752216505e-15,-0.0204000560457796,0,3
2440,0.1502029946801069,0.0177488043202896,0.10145180390964507,0.0151311681516788,1.4224732503009818e-16,3.4694469519536136e-17,0,0
2441,0.1718358567752797,0.0467699415477575,0.09201540399497801,0.03201296636525436,4.336808689942019e-19,-2.255140518769849e-17,0,0
2442,0.1907837915514234,0.0529073030976952,0.08806127253093587,0.03189839872186677,-1.1275702593849246e-17,-2.0816681711721685e-17,0,0
2443,0.2096557780854281,0.0591363310608962,0.08482725426595578,0.03153774440105167,1.5525775109992423e-16,2.6020852139652106e-17,0,0
2444,0.2296286530487593,0.064889529843581,0.0821121705766624,0.031171292674787306,-1.8257964584655892e-16,-9.020562075079396e-17,0,0
2445,0.2476620539188817,0.0708472364098009,0.07998259718341277,0.03154943866571852,1.231653667943533e-16,8.326672684688674e-17,0,0
2446,0.2665759211711063,0.0782828697191075,0.07793430655190937,0.0322548956437669,-1.0711917464156784e-16,1.3877787807814457e-17,0,0
2447,0.8683290899789606,0.3270163738175306,0.09126438319663277,0.07082276459273962,2.775557561562892e-17,-5.464378949326943e-17,0,0
2448,0.5790128198304261,0.2149602698387547,0.07563065435674529,0.051288424098277274,-3.0357660829594124e-18,1.7347234759768068e-17,0,0
2449,0.5980178212330538,0.2211425780546279,0.07640970558390886,0.05228872378565951,-5.984795992119983e-17,2.255140518769849e-17,0,0
2450,0.6170277627432597,0.2273259697783027,0.07716511865066418,0.05327097559304167,1.0668549377257364e-16,-2.0816681711721685e-17,0,0
2451,0.6360140989796073,0.2334786176071739,0.078266813505844,0.05411692901843339,-8.673617379884034e-17,1.908195823574488e-17,0,0
2452,0.6550035075801744,0.2396673134532864,0.07912751150444318,0.0550681243783081,7.155734338404328e-17,1.5612511283791264e-17,0,0
2453,0.6740143996188126,0.2458531490123246,0.08015272447035465,0.056092255924400265,-1.1752751549742868e-16,-2.0816681711721685e-17,0,0
2454,0.693030585059671,0.2520218941215072,0.08117863340239559,0.05708037432784418,1.1535911115245767e-16,-5.204170427930421e-18,0,0
2455,0.7120539676993249,0.2581655541043893,0.08227526926531928,0.05798975674013182,-5.030698080332741e-17,5.204170427930421e-18,0,0
2456,0.7310727399660903,0.2643181442847686,0.08325464387612036,0.05901931924638532,1.908195823574488e-17,1.214306433183765e-17,0,0
2457,0.7500854943301294,0.2705036468844224,0.08420278072883242,0.06011628683730378,-7.806255641895632e-18,8.673617379884035e-18,0,0
2458,0.7690868654226417,0.2766752093479959,0.08538798941814421,0.061152107824527235,3.079134169858833e-17,6.245004513516506e-17,0,0
2459,0.7880994869729584,0.2828535368073147,0.08648818453081467,0.06223646387508092,-7.28583859910259e-17,2.4286128663675302e-17,0,0
2460,0.3848178164316965,0.1336087662754543,0.07188269096607153,0.039961994521981896,-4.119968255444917e-17,-6.418476861114186e-17,0,0
2461,0.2858573820235683,0.0834109041985096,0.07649059594235741,0.032040424244103034,5.204170427930421e-18,3.9898639947466563e-17,0,0
2462,0.8071044691449069,0.2890150280911473,0.08769759462059544,0.06331371021891308,-2.862293735361732e-17,-9.367506770274757e-17,0,0
2463,0.1199999999999637,0.0,0.1132645034493495,0.0,-1.206608597759118e-15,-0.0333397625987134,0,3
2464,0.1399999999999219,0.0,0.10657046897917441,0.0,-2.194425197110661e-16,-0.0313240966480926,0,3
2465,0.1703760238863638,0.0278232212380162,0.09528908298084027,0.019832931496047083,-1.2750217548429532e-16,-1.1844908734404136e-17,0,0
2466,0.8261310710843424,0.2951494101481765,0.08874983662317767,0.06445144426817816,1.0408340855860844e-16,5.377642775528102e-17,0,0
2467,0.8451546174812777,0.3012889174341802,0.08993351926761595,0.06557569864604418,-7.28583859910259e-17,1.214306433183765e-17,0,0
2468,0.8641781924029855,0.3074544977693156,0.09111350504277291,0.06667940691690519,4.163336342344337e-17,2.0816681711721685e-17,0,0
2469,0.8873452866296702,0.3332025089261583,0.09247003462284226,0.07193847983623866,-5.377642775528102e-17,-3.642919299551295e-17,0,0
2470,0.9063603718351664,0.3393901860696103,0.09362930262502199,0.07313205175060497,1.301042606982605e-16,3.469446951953614e-18,0,0
2471,0.925502385411492,0.3455989912111693,0.09504160396003622,0.07443448569034616,-5.724587470723462e-17,-5.2041704279304207e-17,0,0
2472,0.9450918343901016,0.3518225688101583,0.09641700202995902,0.07551996732382982,-2.168404344971009e-17,-5.030698080332741e-17,0,0
2473,0.9637493303616016,0.3600457376956596,0.0975720123546468,0.07713328584821574,-2.6020852139652106e-18,3.2959746043559335e-17,0,0
2474,0.9813628962129212,0.3697473022613184,0.098788304192093,0.0792904551574807,1.3010426069826053e-17,-6.245004513516506e-17,0,0
2475,1.0,0.3799999999990332,0.1,0.08126065537345484,0.0199408943233926,3.2959746043559335e-17,2,0
2476,0.4038236394486592,0.1397900258039325,0.07189672446965609,0.040336479318719906,3.122502256758253e-17,1.908195823574488e-17,0,0
2477,0.4228312146073653,0.1459695586073176,0.07196790379159146,0.040957665964201126,3.686287386450715e-17,-2.255140518769849e-17,0,0
2478,0.4418384468126089,0.1521510948071731,0.0722165566927532,0.04169833146075915,-4.597017211338539e-17,5.204170427930421e-18,0,0
2479,0.4608469136001381,0.1583350724628831,0.07248531560185509,0.042214608713724455,-4.77048955893622e-18,2.949029909160572e-17,0,0
2480,0.4798501561155086,0.1645181270161036,0.07284398609809048,0.04295716337212835,-5.2041704279304207e-17,-4.336808689942018e-17,0,0
2481,0.4988535409402212,0.1706966119195393,0.07341225036859506,0.04373507852939951,3.3393426912553537e-17,-3.642919299551295e-17,0,0
2482,0.5178563113455363,0.1768721995716434,0.07381982123045858,0.04450875877541506,1.951563910473908e-17,3.4694469519536136e-17,0,0
2483,0.5368632460230963,0.1830530604317834,0.07456201984898908,0.04525485393142184,4.77048955893622e-18,8.673617379884035e-18,0,0
2484,0.5558729695242325,0.1892373951761449,0.07518363558685226,0.04619829507152291,-9.75781955236954e-17,1.734723475976807e-18,0,0
2485,0.3046788816453545,0.0893809066823248,0.07540967905400972,0.032362495497946564,-3.686287386450715e-17,1.3877787807814457e-17,0,0
2486,0.3236519317211406,0.0955203676725209,0.07444304934955799,0.032920870474322364,4.250072516143178e-17,1.734723475976807e-18,0,0
2487,0.3426564869372009,0.1017006721129329,0.07370935162252434,0.03340158167258372,-7.719519468096792e-17,1.214306433183765e-17,0,0
2488,0.3616634639325867,0.1078778238878278,0.07332627866251909,0.03407249270830871,9.974659986866641e-18,1.7347234759768068e-17,0,0
2489,0.380670765311388,0.1140587056951505,0.07303744949456548,0.0348211466789146,-1.0408340855860844e-17,4.8572257327350605e-17,0,0
2490,0.5748833160401268,0.1954223610518477,0.07592588912744971,0.046898634969287464,6.071532165918825e-17,1.734723475976807e-18,0,0
2491,0.1599999999998912,0.0,0.10068190678301708,0.0,-1.1709383462843448e-17,-0.029517276734905,0,3
2492,0.1699999999998724,0.0119296237707641,0.09712524104271439,0.008744546032696709,-7.719519468096792e-17,-1.7347234759768068e-17,0,0
2493,0.1872845196755813,0.0344130519832834,0.09116156879878709,0.021869531280627973,1.3444106938820255e-16,3.642919299551295e-17,0,0
2494,0.205148586049694,0.0414900879645554,0.08755987211511299,0.023297579710348917,-4.2283884726934667e-17,6.938893903907228e-18,0,0
2495,0.2239713822180504,0.0458667320760393,0.08480307411734758,0.023157581131840486,-3.165870343657673e-17,4.336808689942018e-17,0,0
2496,0.2486337481407062,0.0515452497945079,0.08168220511098376,0.023277188132931725,-9.714451465470121e-17,-5.984795992119983e-17,0,0
2497,0.2611272353195028,0.0633952066221617,0.0796020897025217,0.026957540879986565,9.540979117872439e-17,3.7296554733501346e-17,0,0
2498,0.2797299142125366,0.0657146911045853,0.07827922574373058,0.026088964549039015,-3.0357660829594124e-17,-4.336808689942018e-17,0,0
2499,0.8831945697320079,0.3136406577965455,0.09241864724168834,0.06795939445808238,-2.0816681711721685e-17,-3.5128150388530344e-17,0,0
2500,0.5938940177885788,0.2016074134622496,0.07668260547695965,0.04787732097930579,-3.382710778154774e-17,-2.6020852139652106e-17,0,0
2501,0.6129006915148223,0.2077892950279115,0.07752614208122852,0.048902509229248575,6.548581121812447e-17,-1.908195823574488e-17,0,0
2502,0.6318996286162579,0.213961848437583,0.07845286949641078,0.04986007130084928,-1.1058862159352144e-16,2.949029909160572e-17,0,0
2503,0.6509090952124919,0.2201474904012361,0.07935722595014937,0.05084908598551972,2.905661822261152e-17,1.7347234759768068e-17,0,0
2504,0.6699081258928803,0.2263257098450854,0.08026538221761446,0.05190563138140765,9.54097911787244e-18,3.816391647148976e-17,0,0
2505,0.688916311975079,0.2325053207789679,0.08121724737765276,0.05298629744463834,-4.81385764583564e-17,-1.0408340855860844e-17,0,0
2506,0.707913968242546,0.2386510155096471,0.08221609530944264,0.05398274206992825,1.8214596497756478e-17,4.8572257327350605e-17,0,0
2507,0.726924417611826,0.2447652300270302,0.08323894121343982,0.054913187586774714,1.1275702593849246e-17,-2.6020852139652106e-17,0,0
2508,0.7459359285772077,0.2509449978128349,0.08430965500989454,0.055877341841082076,2.688821387764051e-17,3.2959746043559335e-17,0,0
2509,0.7649495130964636,0.2571307602600225,0.08530691431742674,0.05716471359508513,-7.025630077706069e-17,-6.591949208711867e-17,0,0
2510,0.7839634696482041,0.263316991308564,0.08646404994614432,0.05821213523091433,5.811323644522304e-17,-1.7347234759768068e-17,0,0
2511,0.8029778005328648,0.2695033104562156,0.087511706124655,0.059195580534492157,5.898059818321144e-17,2.775557561562892e-17,0,0
2512,0.3996750096247194,0.1202397161465662,0.07286083617194272,0.0354061699468667,-4.8572257327350605e-17,1.0408340855860844e-17,0,0
2513,0.3004782870222493,0.0697781386622294,0.07693596334395977,0.02579578892567226,-3.382710778154774e-17,-8.673617379884035e-18,0,0
2514,0.8219752804926252,0.2756417807497413,0.08869365709427296,0.0602116850992126,-7.45931094670027e-17,-6.765421556309548e-17,0,0
2515,0.1886559691211861,0.0162248044427457,0.09272640022783253,0.010263107109210287,-5.2041704279304207e-17,-1.908195823574488e-17,0,0
2516,0.8410141054513527,0.2817434899824955,0.08985033685329796,0.06145762464605926,2.125036258071589e-17,1.214306433183765e-17,0,0
2517,0.8600304928494757,0.2878963639122926,0.09106224651668399,0.06243611162629908,6.288372600415926e-17,-1.5612511283791264e-17,0,0
2518,0.879043698019753,0.2940788774824255,0.0921698701703108,0.06374232314035724,-7.806255641895632e-18,2.255140518769849e-17,0,0
2519,0.9022110986641222,0.3198275740310421,0.09360429974979417,0.06916036302853892,5.898059818321144e-17,-1.1275702593849246e-17,0,0
2520,0.9212176454528684,0.326017050355094,0.09480384767241484,0.07032501657266169,-8.413408858487513e-17,1.0234868508263162e-16,0,0
2521,0.9402289458434872,0.3322066825958637,0.0961010068603185,0.07153374418902302,2.3852447794681098e-17,-1.3877787807814457e-17,0,0
2522,0.9634492873081564,0.3387225035217837,0.09759569891033328,0.0727930272509578,-1.0408340855860844e-17,-1.2836953722228372e-16,0,0
2523,0.9813216956749404,0.3502297436942868,0.09874742774544884,0.07513236635831273,9.84455572616838e-17,5.898059818321144e-17,0,0
2524,1.0,0.3599999999990915,0.1,0.0771262154966394,0.0199237862319536,-3.642919299551295e-17,2,0
2525,0.4186840455646266,0.1264196245223807,0.0728712639540331,0.03607625061966968,5.941427905220563e-17,1.7347234759768068e-17,0,0
2526,0.4376901127492254,0.132598278335258,0.0730760677324176,0.03674101902240445,-8.933825901280557e-17,1.5612511283791264e-17,0,0
2527,0.456698922022824,0.1387810574979637,0.0731470311399794,0.037429190492009864,5.854691731421724e-17,0.0,0,0
2528,0.4757072924291189,0.1449661298750758,0.07332456972721141,0.0382024112616768,-4.8572257327350605e-17,0.0,0,0
2529,0.4947029038303518,0.1511475364420261,0.07381185761047143,0.03902174440302157,4.597017211338539e-17,1.7347234759768068e-17,0,0
2530,0.5137061806748053,0.1573200946175424,0.07451901538136836,0.04000032217663578,7.37257477290143e-18,-1.7347234759768068e-17,0,0
2531,0.5327132752198664,0.1634977324108315,0.0749139413153755,0.04086045199856858,7.28583859910259e-17,5.204170427930421e-18,0,0
2532,0.5517236117649406,0.1696818051170569,0.07547791176989607,0.04173314787275377,-1.0495077029659683e-16,1.7347234759768068e-17,0,0
2533,0.570734111247218,0.1758661886507891,0.0762715129220955,0.04264369723291905,1.1666015375944028e-16,-3.122502256758253e-17,0,0
2534,0.3194832406766296,0.0759751863800247,0.07590324691406257,0.026764428962617735,1.6479873021779667e-17,1.5612511283791264e-17,0,0
2535,0.3384960865421111,0.0821622077867381,0.07502245497726504,0.027626081450353557,-2.4286128663675302e-17,0.0,0,0
2536,0.3575117513025178,0.0883248288798528,0.07439122230570791,0.02836706744373827,7.28583859910259e-17,-2.4286128663675302e-17,0,0
2537,0.3765188131979911,0.094506451137112,0.07400684604718016,0.02925321301693934,-1.7347234759768068e-17,-5.724587470723462e-17,0,0
2538,0.3955235389256038,0.1006863652551026,0.0737463543630069,0.03003472364820501,3.5561831257524545e-17,-1.0408340855860844e-17,0,0
2539,0.5897451130170708,0.1820508959710899,0.07705293026451732,0.043525373407304564,-1.474514954580286e-17,-2.6020852139652106e-17,0,0
2540,0.1799999999998534,0.0,0.0955907766537798,0.0,-3.5561831257524545e-17,-0.027346293004767,0,3
2541,0.1999353821690695,0.026927027991097,0.08959188907270177,0.015824684474513604,-6.505213034913027e-17,2.688821387764051e-17,0,0
2542,0.2178706718764317,0.0296372729844311,0.08683761548168767,0.015673498737895093,6.375108774214766e-17,1.734723475976807e-18,0,0
2543,0.2389648288401485,0.032588310944828,0.08403994521793383,0.015609347204048874,3.7079714299004245e-17,1.5612511283791264e-17,0,0
2544,0.2711409843188162,0.0497416908428231,0.07990265353577775,0.020629552346078314,9.280770596475918e-17,1.0408340855860844e-17,0,0
2545,0.2937702304005888,0.0496199126496863,0.07849484751785729,0.0190836311535967,-4.9439619065338996e-17,-2.255140518769849e-17,0,0
2546,0.8980603989177793,0.3002652155836488,0.09334381450245938,0.06505727485354064,1.5612511283791264e-17,4.119968255444917e-17,0,0
2547,0.6087556039769675,0.1882356828339105,0.07782860526165497,0.04447504602748441,2.6020852139652106e-18,1.0408340855860844e-17,0,0
2548,0.6277652842829886,0.1944190700927662,0.07864028125987468,0.045476225614264724,-7.45931094670027e-17,6.938893903907228e-18,0,0
2549,0.6467827861466995,0.2006109033732904,0.07957824404947758,0.046412143273157624,7.502679033599691e-17,-5.551115123125783e-17,0,0
2550,0.6657961210778568,0.2067972937394031,0.08050334337319243,0.04761725680786374,7.546047120499111e-17,-1.908195823574488e-17,0,0
2551,0.6848093198928683,0.2129836916852948,0.08122122417634972,0.0486954916744402,-5.811323644522304e-17,-5.377642775528102e-17,0,0
2552,0.7038052420650492,0.2191422416928195,0.08218959936038028,0.0497273761984125,5.551115123125783e-17,-4.163336342344337e-17,0,0
2553,0.722787156050438,0.225260963669328,0.08326274281431917,0.050696368362575475,3.903127820947816e-18,1.734723475976807e-18,0,0
2554,0.7417949991533714,0.2313986531040968,0.08439408421481902,0.05183851013545951,-7.849623728795052e-17,-5.204170427930421e-18,0,0
2555,0.7607996966130404,0.2375713392709661,0.08530080849408185,0.052896386407477666,6.591949208711867e-17,2.255140518769849e-17,0,0
2556,0.7798136765387755,0.243757168367868,0.08633723532549026,0.05410392064461553,0.0,5.030698080332741e-17,0,0
2557,0.7988280061658097,0.249943157515074,0.08746372863552318,0.05516251207843449,-5.5077470362263625e-17,-1.0408340855860844e-17,0,0
2558,0.8178337283920302,0.2561192852935729,0.0886823050343872,0.05622332386149174,8.847089727481715e-17,5.204170427930421e-18,0,0
2559,0.4145270448305958,0.1068761725785798,0.07365914475025284,0.030803620736175503,2.2985086056692694e-17,-4.6837533851373785e-17,0,0
2560,0.3152905332676513,0.0565357574802217,0.07708649682237609,0.020440122878782385,-4.163336342344337e-17,1.734723475976807e-18,0,0
2561,0.8368396993852424,0.262237095361198,0.08968499037542471,0.057314518531649025,-3.7296554733501346e-17,1.734723475976807e-18,0,0
2562,0.1999999999998319,0.0,0.09127658127857169,0.0,1.3010426069826053e-17,-0.0269620259039062,0,3
2563,0.2598047875918192,0.034217444704337,0.08190207579080111,0.014954807457295199,-2.862293735361732e-17,-2.688821387764051e-17,0,0
2564,0.8558738795501624,0.2683573139521479,0.09090830524979965,0.05849412326204294,-3.2526065174565127e-17,-1.734723475976807e-18,0,0
2565,0.8748932645760533,0.2745174542462845,0.09199674834352306,0.059581702777458216,-2.5153490401663706e-17,-3.2959746043559335e-17,0,0
2566,0.8939095817820342,0.2807032234282881,0.09327545330280904,0.060906290956381184,7.806255641895632e-17,-3.642919299551295e-17,0,0
2567,0.9170678756959556,0.3064543196103108,0.0946109356444483,0.06625164561206434,-6.071532165918825e-17,-6.461844948013605e-17,0,0
2568,0.9360474491980536,0.3126498686449122,0.09584275229538611,0.06752636745260371,1.1319070680748666e-16,-5.204170427930421e-18,0,0
2569,0.9550574007477276,0.3188386274842137,0.09703476683889128,0.06878897804059649,-8.586881206085195e-17,6.765421556309548e-17,0,0
2570,0.9846324620761788,0.332654408737882,0.099048014111042,0.07159752819673382,-6.938893903907227e-17,-6.765421556309548e-17,0,0
2571,1.0,0.3399999999991498,0.1,0.07299939655961932,0.0199137810443155,3.9898639947466563e-17,2,0
2572,0.4335391745729461,0.1130454231288026,0.07375992470673946,0.03170250596013095,-8.413408858487513e-17,5.204170427930421e-18,0,0
2573,0.4525491301970888,0.1192260107420858,0.07385085102575994,0.03269950453017326,4.553649124439119e-17,-2.0816681711721685e-17,0,0
2574,0.4715567071058032,0.125410378226623,0.07404064012790637,0.03342494189366989,5.941427905220563e-17,-3.469446951953614e-18,0,0
2575,0.4905548768462661,0.1315946292436685,0.07430638094696929,0.03434180445855283,-4.163336342344337e-17,-2.255140518769849e-17,0,0
2576,0.5095558352644971,0.1377668780920157,0.07488825120313022,0.03537023024838366,1.734723475976807e-18,-2.6020852139652106e-17,0,0
2577,0.5285625685390332,0.1439423507375112,0.07531256426431898,0.03625909057329782,1.951563910473908e-17,8.673617379884035e-18,0,0
2578,0.547574217061424,0.1501256490228902,0.07587046600255215,0.03719402566560458,-7.37257477290143e-17,0.0,0,0
2579,0.5665849818877842,0.1563101086130682,0.07651195052136775,0.03818011940669065,8.716985466783456e-17,-2.775557561562892e-17,0,0
2580,0.585596037316417,0.1624944362541806,0.07728084756199213,0.03921446489202869,-7.502679033599691e-17,6.765421556309548e-17,0,0
2581,0.3343144878673205,0.0626830142533781,0.07618448366070162,0.02154091869518964,4.163336342344337e-17,-1.908195823574488e-17,0,0
2582,0.3533586207478577,0.0687691774217192,0.07538747241903786,0.02246231519674355,1.0842021724855044e-17,6.938893903907228e-18,0,0
2583,0.3723679186232184,0.0749522369006546,0.07483075431230736,0.023515848955320533,1.431146867680866e-17,3.642919299551295e-17,0,0
2584,0.3913541381959931,0.0811792694690393,0.07459719758532983,0.024559124981627663,-8.109832250191573e-17,-3.469446951953614e-18,0,0
2585,0.4103625251314371,0.0873455809316195,0.07439936051227461,0.02538795293291831,7.892991815694471e-17,4.510281037539698e-17,0,0
2586,0.6046074011407492,0.1686791673367383,0.0779932275178215,0.04011571429435983,-2.2985086056692694e-17,-5.204170427930421e-18,0,0
2587,0.2098772875520288,0.0149347572580934,0.08905153507479947,0.0083456116815969,5.2909066017292616e-17,-4.076600168545497e-17,0,0
2588,0.2299712803241356,0.0161620506892615,0.08629806113507585,0.008271629341582536,-8.321251673826247e-17,1.3877787807814457e-17,0,0
2589,0.2499772975019129,0.0173179811017439,0.08363420938339641,0.008004444023320768,8.505566043148781e-17,2.949029909160572e-17,0,0
2590,0.2800237121265952,0.0346568307252898,0.08031356585757501,0.014099012869291435,4.163336342344337e-17,2.0816681711721685e-17,0,0
2591,0.3120235670059271,0.0371221789894929,0.07809414282999393,0.01364725699224554,-1.474514954580286e-17,3.469446951953614e-18,0,0
2592,0.9129265319946924,0.2868897872071992,0.09450011870405559,0.06204815362370668,-1.7347234759768068e-17,2.9923979960599916e-17,0,0
2593,0.9720782164784172,0.3216117810107858,0.09799377964354045,0.06927168454238777,4.250072516143178e-17,4.8572257327350605e-17,0,0
2594,0.623619770078373,0.1748648982068008,0.0788417646632745,0.041168555338525634,6.375108774214766e-17,-2.4286128663675302e-17,0,0
2595,0.6426332253648119,0.1810517926771011,0.0796343222626012,0.04211529857625389,-1.951563910473908e-17,-2.0816681711721685e-17,0,0
2596,0.6616469068233165,0.1872383484895134,0.08042029287752014,0.04313282053141693,-7.979727989493313e-17,4.336808689942018e-17,0,0
2597,0.6806601346685571,0.1934246018988355,0.08134723658830773,0.04428953698886533,5.984795992119983e-17,2.255140518769849e-17,0,0
2598,0.6996557698842654,0.1996050649625303,0.08226442597313047,0.045432710583257374,-3.5561831257524545e-17,3.4694469519536136e-17,0,0
2599,0.7186426680922529,0.2057350914197155,0.08324471597041191,0.04651088770987061,9.54097911787244e-18,6.938893903907228e-18,0,0
2600,0.7376461663930693,0.2118517809953465,0.08429887276554374,0.04745933142421415,-9.54097911787244e-18,1.214306433183765e-17,0,0
2601,0.7566494390854649,0.2180115469895468,0.0853167825658151,0.048682635637486496,4.2934406030425976e-17,-3.122502256758253e-17,0,0
2602,0.7756637368129938,0.2241974117222165,0.08632576306839763,0.04985074009129645,-8.933825901280557e-17,-2.255140518769849e-17,0,0
2603,0.7946772071318243,0.230383047547852,0.08733618209313004,0.050995317571897944,8.847089727481715e-17,1.908195823574488e-17,0,0
2604,0.813686399432256,0.2365684992349857,0.08848184057378272,0.05216203354829571,-3.2526065174565127e-17,-1.734723475976807e-18,0,0
2605,0.8326987042341978,0.2427110296850267,0.08964907870323868,0.05330225359955586,-3.2959746043559335e-17,2.949029909160572e-17,0,0
2606,0.4293779751642424,0.0935203254870071,0.07435192084455475,0.026450945087522826,-1.474514954580286e-16,-1.734723475976807e-18,0,0
2607,0.3299676938349474,0.0437208797777257,0.07685386499135208,0.015417432386824335,1.1969591984239971e-16,0.0,0,0
2608,0.8517294127462827,0.2488052399641594,0.09072662617415098,0.054397171426211366,4.076600168545497e-17,-4.336808689942018e-17,0,0
2609,0.2199999999997871,0.0,0.08797409702204259,0.0,-3.0357660829594124e-17,-0.0260978746348109,0,3
2610,0.2698153368628992,0.0171654832408761,0.08167253048617927,0.007189869699344175,9.54097911787244e-18,-3.469446951953614e-18,0,0
2611,0.2958496951181008,0.0322253670276707,0.07933995957901228,0.012392935105365706,-8.543513119185775e-17,2.255140518769849e-17,0,0
2612,0.8707451568096585,0.2549636731033088,0.09183247222284416,0.05564043675920755,6.158268339717665e-17,2.255140518769849e-17,0,0
2613,0.8897585264890786,0.2611408713503697,0.09313498320550642,0.056744916037706775,-8.847089727481715e-17,2.6020852139652106e-17,0,0
2614,0.9087756145195356,0.2673271811284246,0.09423892016966326,0.058023612810185594,-3.903127820947816e-17,5.2041704279304207e-17,0,0
2615,0.931944129948218,0.2930764218399686,0.09575653359689676,0.06333484615947946,3.642919299551295e-17,-3.2959746043559335e-17,0,0
2616,0.950675839081138,0.2993240744645076,0.09674440537728343,0.0646543348278985,-1.1622647289044608e-16,-1.734723475976807e-18,0,0
2617,0.9687279978768496,0.3046524561706134,0.09795068885621609,0.06560068539951583,1.0148132334464322e-16,3.122502256758253e-17,0,0
2618,1.0,0.3199999999992081,0.1,0.06883200900843353,0.0198880065113029,6.938893903907228e-18,2,0
2619,0.9854087740181224,0.3115777746719661,0.09906713185403197,0.0669660718350339,-8.239936510889834e-17,0.0,0,0
2620,0.4483973343659421,0.0996759771889436,0.07443812407846101,0.02755837678582896,9.93129189996722e-17,1.5612511283791264e-17,0,0
2621,0.4674100596023565,0.1058532910965081,0.07463074425912317,0.02853925346753906,-1.7780915628762273e-17,-2.0816681711721685e-17,0,0
2622,0.4864150984637475,0.1120371918889979,0.07487265906542329,0.02949342462011388,-2.168404344971009e-17,3.469446951953614e-18,0,0
2623,0.5054138143628666,0.1182199690501333,0.07525001026941677,0.030577161705997738,5.2041704279304207e-17,3.469446951953614e-18,0,0
2624,0.5244134568170696,0.1243969510912033,0.0757884320104224,0.03164609230076341,-3.0357660829594124e-17,8.673617379884035e-18,0,0
2625,0.543420396484679,0.1305693816964504,0.07624419549833406,0.03262263956850889,6.938893903907228e-18,1.214306433183765e-17,0,0
2626,0.5624347553778137,0.1367542913211255,0.07683897345202548,0.03368802877038096,-1.5612511283791264e-17,-1.5612511283791264e-17,0,0
2627,0.5814463407018816,0.1429377013378573,0.07759370440500314,0.034696820104028504,-4.8572257327350605e-17,2.775557561562892e-17,0,0
2628,0.600458308227658,0.1491216366548336,0.07828716405249479,0.03563189805198838,1.0278236595162582e-16,-1.3877787807814457e-17,0,0
2629,0.3490175675916572,0.0497906631752633,0.07634350186924715,0.016550102469558216,-1.0278236595162582e-16,-1.908195823574488e-17,0,0
2630,0.3682188801617366,0.0553953736118702,0.07574223683819448,0.017671720423757212,3.642919299551295e-17,1.3877787807814457e-17,0,0
2631,0.3872113347180147,0.0615829501233912,0.07528045709446254,0.019025772661375423,3.2526065174565127e-17,-8.673617379884035e-18,0,0
2632,0.4061406985796939,0.0680020324663558,0.07511311247071684,0.02020987289935844,-3.7296554733501346e-17,-5.030698080332741e-17,0,0
2633,0.4251764804177173,0.0741171443614964,0.07498987779117341,0.021164767259230846,2.2985086056692694e-17,-6.938893903907228e-18,0,0
2634,0.6194709504490555,0.1553070015289007,0.0789456386583006,0.036769967574042814,-6.0715321659188256e-18,-1.5612511283791264e-17,0,0
2635,0.2399999999997272,0.0,0.08527981957947223,0.0,-2.3418766925686896e-17,-0.0255790478751714,0,3
2636,0.2599999999996782,0.0,0.08292072940299541,0.0,4.163336342344337e-17,-0.0251506088297841,0,3
2637,0.2890862239577888,0.0168006429138862,0.0802243844381347,0.006479852947139413,-2.775557561562892e-17,-8.673617379884035e-18,0,0
2638,0.3251478714970607,0.0240348051554768,0.07790987197039224,0.008631619300690823,9.887923813067799e-17,-1.5612511283791264e-17,0,0
2639,0.3070178929296441,0.0183638323477544,0.0789559687250336,0.006762093481044954,-9.459663954936026e-18,-1.7347234759768068e-17,0,0
2640,0.9277929426053872,0.2735136147457873,0.09543542269966832,0.05921978975018065,5.724587470723462e-17,1.9949319973733282e-17,0,0
2641,0.6384842898854046,0.1614930545848986,0.07975858259213722,0.037794026205276124,-4.4235448637408575e-17,-6.938893903907228e-18,0,0
2642,0.6574979063487744,0.1676792516317039,0.080683473541873,0.03895077119202141,-4.3368086899420185e-18,5.204170427930421e-18,0,0
2643,0.6765113947080288,0.1738653012904487,0.08155215671401708,0.03992393261869022,1.0928757898653883e-16,-6.938893903907228e-18,0,0
2644,0.6955242605703063,0.180051487874694,0.08236067172321063,0.041000285959824884,-1.1188966420050406e-16,1.734723475976807e-18,0,0
2645,0.7144814389028553,0.1862277300292071,0.08336656848706087,0.04225697649008709,4.8572257327350605e-17,-4.6837533851373785e-17,0,0
2646,0.7334841171826046,0.1922655560747834,0.08431957537082177,0.0433135093266897,-6.548581121812447e-17,-2.949029909160572e-17,0,0
2647,0.7524989818589717,0.1984513506091098,0.08532742642833653,0.044413483036655835,9.194034422677078e-17,8.673617379884035e-18,0,0
2648,0.7715137328755902,0.204637288624001,0.0863218701809885,0.04557520526813808,-7.849623728795052e-17,2.6020852139652106e-17,0,0
2649,0.790528480538506,0.210823189278463,0.08747461053564465,0.04677862953441966,9.974659986866641e-18,6.938893903907228e-18,0,0
2650,0.8095350122125271,0.2170038267508355,0.08849592818207119,0.047964705188239726,6.0715321659188256e-18,2.0816681711721685e-17,0,0
2651,0.8285478457570359,0.2231497410471502,0.08955088487041371,0.04911411766138034,-2.6020852139652106e-17,-1.5612511283791264e-17,0,0
2652,0.8475740120117674,0.229223954128732,0.0906962707394727,0.05023757838479667,5.681219383824043e-17,3.4694469519536136e-17,0,0
2653,0.4442489914933537,0.080115855059291,0.0749487754025982,0.02233430303400761,6.418476861114186e-17,-4.6837533851373785e-17,0,0
2654,0.3434273546638564,0.0322369409329094,0.07692601866752653,0.010983484788105603,-6.852157730108388e-17,1.734723475976807e-18,0,0
2655,0.8665934316682353,0.2353960788346216,0.09183609769103832,0.05157926589079322,-3.903127820947816e-17,0.0,0,0
2656,0.279999999999601,0.0,0.08111456690120951,0.0,-1.3877787807814457e-17,-0.0247801388738383,0,3
2657,0.8856071815197302,0.2415783127094972,0.09310779001601756,0.05282750184749655,9.107298248878237e-18,-2.0816681711721685e-17,0,0
2658,0.904624444063748,0.2477646408344547,0.09420622081535515,0.053946344347835185,-7.32920668600201e-17,-5.551115123125783e-17,0,0
2659,0.9236419184706006,0.2539509586994865,0.09523590308750211,0.05518051684631943,1.0711917464156784e-16,8.673617379884035e-18,0,0
2660,0.9465652778191124,0.2797522258482052,0.09647659039362565,0.060513148158257646,-6.071532165918825e-17,6.938893903907228e-18,0,0
2661,0.9652441344645708,0.2857227038727766,0.09769093506308882,0.061625370643638655,-3.599551212651875e-17,-1.0581813203458523e-16,0,0
2662,0.9838879947632552,0.2919414930073901,0.09910314754734746,0.06286952186432641,4.8572257327350605e-17,3.9898639947466563e-17,0,0
2663,1.0,0.2999999999992664,0.1,0.06445095658328756,0.0198690769931934,-1.7347234759768068e-17,2,0
2664,0.4632586751656652,0.0862949576199671,0.07510891944936968,0.02349033130362383,1.9949319973733282e-17,3.122502256758253e-17,0,0
2665,0.4822709862155206,0.0924793342319504,0.07526508118177241,0.02466092284207884,6.0715321659188256e-18,-8.673617379884035e-18,0,0
2666,0.5012808538970102,0.0986650982646504,0.07558861138217099,0.025736352712862502,-4.119968255444917e-17,7.806255641895632e-17,0,0
2667,0.5202640328230369,0.1048500141703217,0.07599698912276207,0.026701917968246544,1.6479873021779667e-17,8.673617379884035e-18,0,0
2668,0.5392677455632053,0.1110199161115054,0.07638080638053232,0.027864137685031688,-3.079134169858833e-17,-2.775557561562892e-17,0,0
2669,0.5582819057876658,0.117197423648054,0.07703009096234309,0.02909548210533021,1.5178830414797062e-17,1.214306433183765e-17,0,0
2670,0.5772935308745368,0.1233790605349891,0.07774808716532955,0.03009908417808417,-3.903127820947816e-18,-1.0408340855860844e-17,0,0
2671,0.5963072031871129,0.1295635267895652,0.0785273000098482,0.031087244703661185,3.2959746043559335e-17,-2.6020852139652106e-17,0,0
2672,0.6153211464426751,0.1357482178435495,0.07906526339496059,0.032185754227193886,-4.4235448637408575e-17,4.6837533851373785e-17,0,0
2673,0.3640674209689546,0.0358363987366746,0.07634295503058085,0.01172374904408026,3.209238430557093e-17,-9.54097911787244e-18,0,0
2674,0.3836441999749057,0.0434357727643516,0.07581385764174903,0.01349061318793848,-3.859759734048396e-17,-3.469446951953614e-18,0,0
2675,0.4023602749592446,0.048873763935792,0.07553404294068922,0.014670914471134396,7.63278329429795e-17,2.775557561562892e-17,0,0
2676,0.4206548085250001,0.05569305889176,0.07540040371504556,0.016238432385334702,-5.551115123125783e-17,0.0,0,0
2677,0.4397673553570126,0.0616938068984838,0.07532589573672537,0.017471930042730822,-5.700870548200343e-17,1.214306433183765e-17,0,0
2678,0.6343346240309269,0.1419337892959167,0.07978774070667537,0.033479803640818075,9.367506770274757e-17,3.2959746043559335e-17,0,0
2679,0.2999999999995319,0.0,0.07964146390903248,0.0,-1.0408340855860844e-17,-0.0243630409766052,0,3
2680,0.3362965523141713,0.0136851919017391,0.07770353445673323,0.004711478615590969,-1.214306433183765e-17,3.816391647148976e-17,0,0
2681,0.3199999999994552,0.0,0.07839984626582638,0.0,-1.5612511283791264e-17,-0.0240314041098248,0,3
2682,0.9426185181344549,0.2601461019774673,0.09641400180677845,0.056527666452530156,-2.4286128663675302e-17,-2.2117724318704287e-17,0,0
2683,0.653348603846196,0.1481196938266277,0.08066704154181724,0.03448711202160536,-1.006139616066548e-16,-5.2041704279304207e-17,0,0
2684,0.6723628423091579,0.1543059764254344,0.08164538824355758,0.03556515968803611,9.54097911787244e-18,2.6020852139652106e-17,0,0
2685,0.6913619159832172,0.1604929381545372,0.08249933350878456,0.036670904631158546,-8.586881206085195e-17,4.8572257327350605e-17,0,0
2686,0.7103439656771025,0.1666602050168269,0.08340562316160047,0.03787610470133848,1.1535911115245767e-16,2.949029909160572e-17,0,0
2687,0.729332032414159,0.1727681926189348,0.0844026944870168,0.03898578660516282,-2.688821387764051e-17,2.6020852139652106e-17,0,0
2688,0.7483486128042267,0.17889094716389,0.08519342644478026,0.040215176263696646,8.673617379884035e-19,8.673617379884035e-18,0,0
2689,0.7673576118565388,0.1850995286061078,0.08625028550624934,0.041266896916865276,-5.464378949326943e-17,-2.775557561562892e-17,0,0
2690,0.7863784915637264,0.1912625947536796,0.08732167638119459,0.042547256737139987,6.5052130349130266e-18,-2.255140518769849e-17,0,0
2691,0.8053937303626172,0.1974486820397894,0.0884286167913454,0.04371244232623338,5.594483210025203e-17,1.5612511283791264e-17,0,0
2692,0.8243963614604324,0.2035982976073293,0.08937338841235662,0.04495085162098651,-5.247538514829842e-17,-1.734723475976807e-18,0,0
2693,0.8434311277158866,0.2096885567385386,0.09048274129146017,0.046098084909744375,4.250072516143178e-17,-3.122502256758253e-17,0,0
2694,0.862443067752189,0.2158347488502226,0.09164701358962996,0.04728420060229127,1.3010426069826053e-18,1.7347234759768068e-17,0,0
2695,0.4591359435484424,0.0667675931511271,0.07536395997918761,0.018460831232676167,-5.637851296924623e-18,1.3877787807814457e-17,0,0
2696,0.3508678444614715,0.0170616109074696,0.07706439383447045,0.005735301273060385,-1.146543797403421e-17,-2.4286128663675302e-17,0,0
2697,0.8814558373743188,0.2220159191697059,0.09281054071223041,0.04865178059204994,3.7730235602495554e-17,3.469446951953614e-18,0,0
2698,0.9004731761916264,0.2282020411315418,0.09392365867056873,0.049761313152153396,-4.8572257327350605e-17,1.3877787807814457e-17,0,0
2699,0.9194907423741092,0.2343882176957938,0.09513147764216728,0.05096902544387011,4.3368086899420185e-18,-1.7347234759768068e-17,0,0
2700,0.93850851515637,0.2405746108636694,0.09621365183236573,0.05211802936243187,5.898059818321144e-17,2.775557561562892e-17,0,0
2701,0.9616756505534518,0.2663237017313482,0.09753935412956165,0.05765463052501685,8.673617379884035e-18,4.9439619065338996e-17,0,0
2702,0.9820592632862984,0.2711997347711479,0.09891851009022802,0.05871028200889332,-5.2041704279304207e-17,1.5612511283791264e-17,0,0
2703,1.0,0.2799999999993247,0.1,0.06032343268807848,0.0198560007952998,1.734723475976807e-18,2,0
2704,0.478121552455287,0.072920238927934,0.07574980022892447,0.01953675618546592,5.2909066017292616e-17,3.4694469519536136e-17,0,0
2705,0.4971349596781229,0.0791057417136155,0.07595093509449943,0.020764984416958603,-1.0755285551056204e-16,-8.500145032286355e-17,0,0
2706,0.5161159668051263,0.08529013167336,0.07625883718373958,0.021890436629748038,8.760353553682876e-17,-2.255140518769849e-17,0,0
2707,0.5351106535580037,0.0914607794843603,0.07663372562638956,0.02304899280750814,2.905661822261152e-17,5.204170427930421e-18,0,0
2708,0.5541204560134625,0.0976328015341136,0.07720787189710139,0.024331345365284557,-7.28583859910259e-17,1.734723475976807e-18,0,0
2709,0.5731333980914678,0.1038158501736881,0.07780753554903452,0.02543106591295144,0.0,6.938893903907228e-18,0,0
2710,0.592153909823357,0.1100032712388718,0.07858552191735722,0.026559067206308067,4.90059381963448e-17,0.0,0,0
2711,0.6111712053915883,0.1161890000980881,0.07918442389669855,0.02764466847647938,-6.071532165918825e-17,6.938893903907228e-18,0,0
2712,0.6301846833874916,0.1223738928321934,0.07983171332122271,0.02887014636759153,6.245004513516506e-17,-2.0816681711721685e-17,0,0
2713,0.3801931869486064,0.0280351523652091,0.07614516243211186,0.008683276653997929,1.1275702593849246e-17,4.250072516143178e-17,0,0
2714,0.3983116592101054,0.0313619609174714,0.0758018520071963,0.009422679458613505,5.5077470362263625e-17,-1.0408340855860844e-17,0,0
2715,0.4195671464440778,0.0359906858074538,0.0759396075944779,0.010490711827172563,-6.765421556309548e-17,1.3877787807814457e-17,0,0
2716,0.4341286224349481,0.0472579471944539,0.0756205186366111,0.013577421613444319,5.724587470723462e-17,3.469446951953614e-18,0,0
2717,0.4532485812370816,0.0469792419865392,0.07566726868116672,0.013092177315199167,3.5561831257524545e-17,-3.122502256758253e-17,0,0
2718,0.3699999999992927,0.0170140277951197,0.07667313743073952,0.005442067254469218,-9.887923813067799e-17,2.6020852139652106e-18,0,0
2719,0.649198755476107,0.1285599190386689,0.08074828207651555,0.030092531822324,-4.3368086899420185e-18,1.908195823574488e-17,0,0
2720,0.3399999999993845,0.0,0.0776263143145361,0.0,5.811323644522304e-17,-0.0237540992343135,0,3
2721,0.9575268042018074,0.2467614999763076,0.09734370223576128,0.05358717521050331,-7.112366251504909e-17,-9.54097911787244e-18,0,0
2722,0.6682133721184316,0.1347460245091042,0.08159001015048574,0.03131989546569068,-2.5153490401663706e-17,-3.642919299551295e-17,0,0
2723,0.6872280292911487,0.1409323961177405,0.0825198548740554,0.032318272233233705,-1.951563910473908e-17,-5.377642775528102e-17,0,0
2724,0.7062205311559129,0.1471091467876051,0.08352680114711974,0.03357007114025558,9.627715291671279e-17,-6.938893903907228e-18,0,0
2725,0.7252031060740122,0.1532570165908911,0.0843788402897013,0.03484880998697522,-3.0357660829594124e-17,3.642919299551295e-17,0,0
2726,0.7441782252509335,0.1594257641169081,0.08525820373230071,0.03593051849872666,-7.936359902593891e-17,-2.775557561562892e-17,0,0
2727,0.7631908079108504,0.1656050129771092,0.08623196305921668,0.03716220375901174,6.331740687315346e-17,7.112366251504909e-17,0,0
2728,0.7822241531301618,0.1717411642542609,0.08735978402738054,0.038323095955963414,-5.204170427930421e-18,-4.8572257327350605e-17,0,0
2729,0.8012435649668224,0.1778876438794363,0.08825321394070346,0.039519232225334655,5.030698080332741e-17,-2.6020852139652106e-17,0,0
2730,0.8202500429598718,0.184063603671501,0.08930833162837801,0.040737106214555854,1.3010426069826053e-17,-1.214306433183765e-17,0,0
2731,0.8392190892189186,0.1901981660902589,0.09042311147641871,0.04184411603391766,-4.6837533851373785e-17,1.908195823574488e-17,0,0
2732,0.8582667914074298,0.1963286689832398,0.0914772202580506,0.04300262113292835,6.0715321659188256e-18,2.0816681711721685e-17,0,0
2733,0.8772998013125426,0.2024705202204398,0.09266840660871044,0.044220641794931265,-1.9949319973733282e-17,1.3877787807814457e-17,0,0
2734,0.4740046910043272,0.0533973039516347,0.07589279931124826,0.014489893958526266,-1.0711917464156784e-16,-3.469446951953614e-18,0,0
2735,0.3599999999993138,0.0,0.07694450256771872,0.0,-4.77048955893622e-17,-0.0237088128901818,0,3
2736,0.8963177072054005,0.20864919344558,0.0937048448611543,0.04555476424541387,-4.4235448637408575e-17,4.510281037539698e-17,0,0
2737,0.9153393970809208,0.2148252664776875,0.0948662189185093,0.0468565908790746,1.3010426069826053e-18,1.214306433183765e-17,0,0
2738,0.9343572534678052,0.2210115389256963,0.0960548978764399,0.04799695796533257,4.2934406030425976e-17,5.030698080332741e-17,0,0
2739,0.9524696099828752,0.2273901441289611,0.09716611189366514,0.0494343550606642,-4.597017211338539e-17,2.6020852139652106e-17,0,0
2740,0.9788616232282242,0.2496449251174278,0.0985670279755063,0.054218652147093475,7.63278329429795e-17,-3.816391647148976e-17,0,0
2741,1.0,0.259999999999383,0.1,0.05635145571057035,0.0198364490233146,-1.908195823574488e-17,2,0
2742,0.492986716916083,0.0595454258831864,0.07626328516109668,0.015737469394771445,1.4224732503009818e-16,3.642919299551295e-17,0,0
2743,0.5119554610150161,0.065767340039642,0.07646246186923866,0.016965531562276905,-3.426078865054194e-17,-3.2959746043559335e-17,0,0
2744,0.5309588064975319,0.0718970509534623,0.0770215347782853,0.01821756047060436,-5.030698080332741e-17,2.949029909160572e-17,0,0
2745,0.5499664332970811,0.078068790852344,0.07743800710066441,0.019658848809254816,-7.589415207398531e-17,1.5612511283791264e-17,0,0
2746,0.5689825847695118,0.084254702534745,0.07805540288025795,0.020837974061305733,8.239936510889834e-17,5.204170427930421e-18,0,0
2747,0.5879989033621058,0.0904409191926515,0.07858203717059808,0.022073514737824974,2.905661822261152e-17,-8.673617379884035e-18,0,0
2748,0.6070173935960386,0.0966272879914428,0.07928684294690641,0.02308623074749159,-4.90059381963448e-17,-1.5612511283791264e-17,0,0
2749,0.6260339395403365,0.1028130206676302,0.07995826495019276,0.024351858584241427,3.2959746043559335e-17,3.469446951953614e-18,0,0
2750,0.6450484294433163,0.1089994100493073,0.08073525375046285,0.0256127858502814,-6.765421556309548e-17,5.724587470723462e-17,0,0
2751,0.3900008677424577,0.0159719896903835,0.0761803021746588,0.004937797747226491,1.006139616066548e-16,0.0,0,0
2752,0.4099999999991963,0.0166553160441839,0.07599122550535664,0.005035247010540693,-8.284659850504861e-17,-3.469446951953614e-18,0,0
2753,0.4404031088688192,0.0327931489786247,0.07586813497404,0.009281592927744449,-3.816391647148976e-17,4.336808689942019e-19,0,0
2754,0.4708070650155565,0.0349246764179179,0.07610813909363182,0.009458737433188136,-1.5612511283791264e-16,-3.816391647148976e-17,0,0
2755,0.3799999999992717,0.0,0.07640432779660783,0.0,1.6479873021779667e-17,-0.0234797898479348,0,3
2756,0.6640634240030138,0.1151855612013234,0.08162340682337915,0.026875363488917614,-2.255140518769849e-17,3.2959746043559335e-17,0,0
2757,0.9674629732918274,0.2341773779560724,0.09797732364305448,0.050811357913369874,-6.418476861114186e-17,0.0,0,0
2758,0.683078456918612,0.1213719424378595,0.08238674946057176,0.028052278088178378,7.068998164605489e-17,1.3877787807814457e-17,0,0
2759,0.702093724891518,0.1275585857392342,0.08332847738591898,0.029283621993928755,-6.158268339717665e-17,-2.255140518769849e-17,0,0
2760,0.7210894758512307,0.1337274825637929,0.08429868960327569,0.030470831927379573,-4.7271214720367993e-17,1.734723475976807e-18,0,0
2761,0.7400962125239743,0.1399093828641589,0.08510725199628771,0.03162738407082233,4.77048955893622e-17,6.938893903907228e-18,0,0
2762,0.7591038979247322,0.1460922524613492,0.08619326287399329,0.032809280293237736,-1.3010426069826053e-17,-5.551115123125783e-17,0,0
2763,0.7780876513781118,0.152230158794579,0.0872325470298973,0.03401007071750181,9.97465998686664e-17,8.673617379884035e-18,0,0
2764,0.7970899489813277,0.1583757807925211,0.08819061259863253,0.035276249696471286,-5.898059818321144e-17,1.3877787807814457e-17,0,0
2765,0.816102052834578,0.1645275757702252,0.08923924040153766,0.03630823136823176,-6.461844948013605e-17,3.469446951953614e-18,0,0
2766,0.8351191668353413,0.1706931839191732,0.09028133782123521,0.03773765220011677,-2.6020852139652106e-18,3.2959746043559335e-17,0,0
2767,0.8540838166884299,0.1768153388035872,0.09128328313411269,0.038909895766108704,6.461844948013605e-17,-4.163336342344337e-17,0,0
2768,0.8731213183963331,0.1829846272202413,0.09238263453513303,0.040189009810141035,-3.5561831257524545e-17,-6.938893903907228e-18,0,0
2769,0.8921501666529024,0.1891193219074715,0.09364552444637422,0.04138338697307835,1.3444106938820257e-17,-2.0816681711721685e-17,0,0
2770,0.488582096354773,0.0407634478167562,0.07627302300862285,0.010814818224229307,1.1015494072452724e-16,2.6020852139652106e-17,0,0
2771,0.4299999999991477,0.0173205080756368,0.07594843905778295,0.005118002858575535,3.9898639947466563e-17,1.3010426069826053e-17,0,0
2772,0.4553304909657073,0.0309163853762741,0.0758684960698293,0.00857772298967175,1.267093526456653e-16,-3.469446951953614e-18,0,0
2773,0.9111878646200926,0.1952620917666336,0.09459657474218319,0.04266835297928506,-1.1275702593849246e-17,-4.510281037539698e-17,0,0
2774,0.9302058042380098,0.2014483020440499,0.09559422065496669,0.04394905298580794,-3.0357660829594124e-18,-1.7347234759768068e-17,0,0
2775,0.9486499801088096,0.207893357413733,0.09692624529000939,0.045258591376519955,4.81385764583564e-17,-1.7347234759768068e-17,0,0
2776,0.96594114425313,0.2156591492626143,0.09796063976236594,0.04697561601083433,5.2041704279304207e-17,-3.122502256758253e-17,0,0
2777,0.9824169292224711,0.2278522306450008,0.09876923914472255,0.04950518593179733,5.724587470723462e-17,1.734723475976807e-18,0,0
2778,1.0,0.2399999999994413,0.1,0.0520031313189451,0.0198283841014563,3.469446951953614e-18,2,0
2779,0.5074327455663057,0.0473587991370739,0.07670813010257582,0.012397336453245781,-5.009014036883032e-17,4.510281037539698e-17,0,0
2780,0.5267273226515898,0.0525867604627291,0.07718649684068227,0.013514569566811956,-6.375108774214766e-17,-6.938893903907228e-18,0,0
2781,0.5458155787801331,0.0585074175817868,0.07771696012259535,0.014822423734131491,5.377642775528102e-17,-6.938893903907228e-18,0,0
2782,0.5648317414190717,0.0646934570092758,0.07820122727979287,0.01617253531339763,3.903127820947816e-18,-4.8572257327350605e-17,0,0
2783,0.583847977848079,0.0708792835265385,0.07883472034361302,0.017412053296341837,1.734723475976807e-18,-3.469446951953614e-18,0,0
2784,0.6028647543569441,0.0770656341349699,0.07930584586975647,0.01841965422245429,-1.474514954580286e-17,3.2959746043559335e-17,0,0
2785,0.6218816491019001,0.0832518826164458,0.08011631199173702,0.01989122974798784,6.852157730108388e-17,-8.673617379884035e-18,0,0
2786,0.640897870965988,0.0894381139612659,0.08072636220400853,0.021188704113283167,-2.905661822261152e-17,-6.071532165918825e-17,0,0
2787,0.6599132808166925,0.0956246521074232,0.08159904971371251,0.022449050372423923,4.9873299934333204e-17,-5.030698080332741e-17,0,0
2788,0.3999999999992156,0.0,0.07624805957312124,0.0,2.775557561562892e-17,-0.0232973938679112,0,3
2789,0.4199999999991775,0.0,0.07617082550851481,0.0,-1.908195823574488e-17,-0.0232063609346342,0,3
2790,0.4491001900599111,0.0168009604997284,0.07599853181528951,0.004786885751536345,3.9898639947466563e-17,3.122502256758253e-17,0,0
2791,0.4884315339930885,0.0200100957589656,0.07656749253317169,0.0052221259399596095,-5.514523299804397e-17,-2.6020852139652106e-17,0,0
2792,0.467396079817228,0.0165982779150792,0.07629459615437997,0.004489382620464048,-3.314609329195528e-17,2.949029909160572e-17,0,0
2793,0.6789284622396219,0.1018108445649022,0.08251295190550771,0.023655936625056426,6.158268339717665e-17,-2.255140518769849e-17,0,0
2794,0.6979438741044072,0.1079972716560484,0.08335432324461056,0.02497519286840133,-4.4235448637408575e-17,1.7347234759768068e-17,0,0
2795,0.7169598744053804,0.1141841557738477,0.08408538381775066,0.026112964027202902,4.6837533851373785e-17,-3.122502256758253e-17,0,0
2796,0.7359760303447886,0.1203713665766647,0.08516410743242109,0.02724923213719256,1.3877787807814457e-17,-2.255140518769849e-17,0,0
2797,0.7549921073347929,0.1265586611173979,0.08601358606402364,0.028575907477041692,-2.6020852139652106e-18,-1.0408340855860844e-17,0,0
2798,0.7739853125898812,0.132722316996299,0.08717336364081302,0.029704784757967995,-4.336808689942019e-19,8.673617379884035e-18,0,0
2799,0.7929575652326358,0.1388610646512543,0.08808273152452563,0.030882949884159128,-3.382710778154774e-17,3.2959746043559335e-17,0,0
2800,0.8119384974261014,0.1450368799433356,0.089178961991219,0.03217958568336532,-9.54097911787244e-18,1.0408340855860844e-17,0,0
2801,0.8309748898947557,0.1511369950040021,0.09014719026891904,0.03341155062231282,-1.214306433183765e-17,-2.0816681711721685e-17,0,0
2802,0.8499791512752025,0.1573099529608124,0.09122977321328427,0.034844954759696185,4.336808689942018e-17,1.5612511283791264e-17,0,0
2803,0.8689769973268688,0.1634686213921011,0.09229393290114452,0.03596164103418883,-4.8572257327350605e-17,1.0408340855860844e-17,0,0
2804,0.8879685843339127,0.169616924769851,0.09337783648230841,0.03713849013634955,2.3418766925686896e-17,1.5612511283791264e-17,0,0
2805,0.9070152116138566,0.1757346253713075,0.09456504926553161,0.03848238386905165,6.071532165918825e-17,0.0,0,0
2806,0.5028263571988904,0.0318101455381987,0.07670095211417924,0.008443916163482789,2.4286128663675302e-17,2.775557561562892e-17,0,0
2807,0.4399999999991175,0.0,0.07601612926111947,0.0,-4.336808689942018e-17,-0.0231186053624523,0,3
2808,0.9260542347084488,0.1818850323243294,0.09551500944844246,0.039744503486445454,-5.2909066017292616e-17,-1.0408340855860844e-17,0,0
2809,0.9450724458431417,0.1880712732606848,0.09667759985195691,0.041051905725987645,-2.862293735361732e-17,2.4286128663675302e-17,0,0
2810,0.9642371559840514,0.1950483227549194,0.097859055010337,0.042448967332676384,4.3368086899420185e-18,1.908195823574488e-17,0,0
2811,0.98261241697604,0.2086486212688597,0.09884808127661497,0.04540690399101159,-5.637851296924623e-17,4.336808689942018e-17,0,0
2812,1.0,0.2199999999994996,0.1,0.04783636783266915,0.0198099240316331,1.214306433183765e-17,2,0
2813,0.5198471399515251,0.0337131603395854,0.07699865471519057,0.008784736152659484,4.2636250432992456e-17,3.2959746043559335e-17,0,0
2814,0.5421971324406223,0.0363648986058402,0.07765510665910091,0.00917020791996386,-1.8214596497756478e-17,-3.469446951953614e-18,0,0
2815,0.5616840775508632,0.0457231589041738,0.07802245754546047,0.011492180545827064,2.5153490401663706e-17,0.0,0,0
2816,0.5800212572534136,0.0516990161952763,0.07872489494796492,0.01278003440839236,-4.2934406030425976e-17,1.7347234759768068e-17,0,0
2817,0.5987138473994889,0.0575035348955632,0.07953330379709062,0.013974998332847644,-1.9949319973733282e-17,-2.0816681711721685e-17,0,0
2818,0.6177304828319612,0.0636899934356882,0.08006312223027565,0.015155396225982254,8.673617379884035e-19,3.816391647148976e-17,0,0
2819,0.6367470546383414,0.0698763957775221,0.08077424328925839,0.016594344123776326,-2.6020852139652106e-18,2.255140518769849e-17,0,0
2820,0.6557632466124126,0.0760629646063276,0.08171630081081271,0.017902641290751288,-5.2041704279304207e-17,2.4286128663675302e-17,0,0
2821,0.674778743926162,0.0822493845898611,0.08246213157563062,0.019156384621686985,-2.3418766925686896e-17,2.949029909160572e-17,0,0
2822,0.4599999999990794,0.0,0.07628153572920744,0.0,3.816391647148976e-17,-0.0230017561889017,0,3
2823,0.5098382701287596,0.0172052246386124,0.07698121578802522,0.004506713549708676,-3.2959746043559335e-17,5.204170427930421e-18,0,0
2824,0.4799999999990204,0.0,0.0765123802496091,0.0,5.204170427930421e-18,-0.0228699843888503,0,3
2825,0.6937936132845699,0.0884355505262114,0.08335394843703578,0.020412091492984043,1.8214596497756478e-17,5.204170427930421e-18,0,0
2826,0.7128097547326977,0.0946222342428288,0.0841821071278762,0.021552689707533518,3.469446951953614e-18,1.5612511283791264e-17,0,0
2827,0.7318260054737253,0.1008092263448257,0.0850709296518685,0.022869862539019008,-1.474514954580286e-17,2.775557561562892e-17,0,0
2828,0.7508422932038243,0.1069964073462941,0.08612232593879637,0.024121279758900337,-4.3368086899420185e-18,3.469446951953614e-18,0,0
2829,0.7698544836244741,0.1131791591323658,0.08705628446317237,0.02537317062446631,9.54097911787244e-18,-5.204170427930421e-18,0,0
2830,0.7888617634838007,0.1193562593015182,0.0879963107972978,0.026572334230130702,-3.9464959078472355e-17,-3.469446951953614e-18,0,0
2831,0.8078433201476394,0.125484997878785,0.08895815363086486,0.0279933554209547,5.898059818321144e-17,-1.5612511283791264e-17,0,0
2832,0.8268823127759851,0.1315761690206581,0.0900085430430714,0.02915005563362149,-1.3010426069826053e-17,6.938893903907228e-18,0,0
2833,0.8458516038875548,0.1377561616903757,0.09109343002281649,0.030497383412056215,-1.951563910473908e-17,-1.214306433183765e-17,0,0
2834,0.8648580097430372,0.1439479667859131,0.09215695186443236,0.0317198092163216,2.0383000842727486e-17,-6.938893903907228e-18,0,0
2835,0.8838646990637903,0.1501228190545935,0.09326730775806044,0.03297913713641268,2.688821387764051e-17,-3.2959746043559335e-17,0,0
2836,0.9028313471362022,0.1562436802235751,0.09431721532295315,0.034285930383673724,3.165870343657673e-17,-1.5612511283791264e-17,0,0
2837,0.9218811536820576,0.1623640079967893,0.09538308479218097,0.03554604137453027,-7.41594285980085e-17,1.0408340855860844e-17,0,0
2838,0.4999999999989813,0.0,0.07671310014555921,0.0,-3.816391647148976e-17,-0.0228312887459566,0,3
2839,0.9409208316546706,0.1685077464109912,0.09646804558705382,0.036838099859279105,6.071532165918825e-17,-2.255140518769849e-17,0,0
2840,0.9622637524647926,0.1750219198021042,0.0978605793369983,0.03811545986717288,2.4286128663675302e-17,-3.9898639947466563e-17,0,0
2841,0.9828678827944768,0.1895105712818297,0.09894449264008093,0.04111331823301403,-3.4694469519536136e-17,-3.4694469519536136e-17,0,0
2842,1.0,0.1999999999995579,0.1,0.043567263735408424,0.0197990206810646,6.938893903907228e-18,2,0
2843,0.5306985820209149,0.0175234345493963,0.07756538774317509,0.0045191247968747236,7.384772047341892e-17,0.0,0,0
2844,0.5600379152505426,0.029557873516733,0.07807647798237513,0.007416069379574447,8.153200337090992e-17,-5.204170427930421e-18,0,0
2845,0.5772387554130798,0.033637237532335,0.07883292609537315,0.00825443698097653,-5.898059818321144e-17,-2.775557561562892e-17,0,0
2846,0.594814435278619,0.0383483040750128,0.07949254333030668,0.009345728477002357,3.382710778154774e-17,-3.469446951953614e-18,0,0
2847,0.613396719660861,0.0446901792619109,0.0800714607128862,0.010660934527612917,-4.597017211338539e-17,-1.7347234759768068e-17,0,0
2848,0.632596415192055,0.0503143366343685,0.08079847517928662,0.011902179787725356,1.292911090688964e-16,-1.734723475976807e-18,0,0
2849,0.6516131075152382,0.0565006436545041,0.08156897685454162,0.013357922649510535,-1.1275702593849246e-16,8.673617379884035e-18,0,0
2850,0.6706293097964926,0.0626875253052126,0.08238904937348802,0.014697216610874904,2.9923979960599916e-17,1.0408340855860844e-17,0,0
2851,0.6907104422742978,0.0682391620579461,0.08325323358316017,0.01573593619487016,4.90059381963448e-17,-1.7347234759768068e-17,0,0
2852,0.5199999999989373,0.0,0.07736956581809834,0.0,5.030698080332741e-17,-0.0227483807883505,0,3
2853,0.7097779634279218,0.0746967167151426,0.08403022466082886,0.017125739872419325,-3.642919299551295e-17,-3.2959746043559335e-17,0,0
2854,0.728099265896376,0.0814497548774974,0.08502957856513405,0.0184412990410878,2.4286128663675302e-17,-3.642919299551295e-17,0,0
2855,0.7466924474777956,0.0874339253732161,0.08590564605101807,0.019755838352868697,1.0408340855860844e-17,-1.3877787807814457e-17,0,0
2856,0.7657092124343061,0.0936212426148941,0.08691267459079696,0.02109559133952508,-6.375108774214766e-17,5.204170427930421e-18,0,0
2857,0.7847262410505912,0.0998088785012739,0.08783200281066522,0.022269567576426688,-8.673617379884035e-19,1.0408340855860844e-17,0,0
2858,0.8037314413371499,0.1059832854033477,0.08884652056022047,0.02370192193851676,7.28583859910259e-17,-1.3877787807814457e-17,0,0
2859,0.8226882061438742,0.1121041972487927,0.08996509634750134,0.02497594602753858,-8.586881206085195e-17,-1.5612511283791264e-17,0,0
2860,0.8417101929084027,0.1182255507400228,0.09094100074797254,0.026254097766992314,3.0357660829594124e-17,-1.7347234759768068e-17,0,0
2861,0.8607092384093163,0.1243842658718775,0.09201065126330757,0.027395715091988,-6.0715321659188256e-18,2.6020852139652106e-17,0,0
2862,0.8797251222512532,0.1305718885348056,0.09302936628621065,0.028702884153081875,1.3877787807814457e-17,-6.938893903907228e-18,0,0
2863,0.8987424314952641,0.1367593165532874,0.09411708692844915,0.030013492838530477,-2.6020852139652106e-17,2.4286128663675302e-17,0,0
2864,0.91768838136499,0.1428668916987348,0.09513312495119274,0.03132604128677677,3.122502256758253e-17,-3.469446951953614e-18,0,0
2865,0.9366561876484468,0.1489525091448971,0.09614984105982272,0.03258718155141564,6.5052130349130266e-18,8.673617379884035e-18,0,0
2866,0.5499999999988742,0.0173205080756566,0.07812463467158834,0.004439176243822339,-2.0816681711721685e-17,-4.3368086899420185e-18,0,0
2867,0.955013867277002,0.1546176381798894,0.09739642245118466,0.03388941366820501,-3.209238430557093e-17,4.336808689942018e-17,0,0
2868,0.9826794919243618,0.1699999999996454,0.09887428685992683,0.03700908074531092,2.4286128663675302e-17,1.0408340855860844e-17,0,0
2869,1.0,0.1799999999996162,0.1,0.03921666528651517,0.0197866230909833,-1.0408340855860844e-17,2,0
2870,0.539999999998883,0.0,0.0779474028849469,0.0,-2.949029909160572e-17,-0.0227090989774,0,3
2871,0.5696083107451853,0.0164619796718854,0.07863942353781175,0.0041067051970646255,-2.949029909160572e-17,1.7347234759768068e-17,0,0
2872,0.5917973253320858,0.0179842081707102,0.07953306104911864,0.004400869125816042,-6.505213034913027e-17,4.8572257327350605e-17,0,0
2873,0.6109197758908227,0.0271887222043715,0.08022233055288873,0.006455623298135695,-3.382710778154774e-17,3.469446951953614e-18,0,0
2874,0.6263456745398622,0.0347922523613326,0.08071453069820145,0.008263391687132828,2.949029909160572e-17,1.734723475976807e-18,0,0
2875,0.64526681740008,0.0344328932307841,0.08145721161360017,0.008208922784073138,-1.7347234759768068e-17,1.214306433183765e-17,0,0
2876,0.6663413588806809,0.0435495483810198,0.08224371795232858,0.01019997205485982,-8.239936510889834e-18,-4.6837533851373785e-17,0,0
2877,0.6861887224535232,0.049002049091365,0.08319208383597648,0.011306367803212505,6.028164079019405e-17,2.255140518769849e-17,0,0
2878,0.7090943007571173,0.0523637461198841,0.08418410408743093,0.012050294109064654,1.5612511283791264e-17,5.2909066017292616e-17,0,0
2879,0.7253545976514995,0.062687211642946,0.08497755332391413,0.014318327940177157,-4.96564594998361e-17,3.2959746043559335e-17,0,0
2880,0.9705635516902044,0.1595372007842713,0.09817308119712356,0.03469838353234051,-5.811323644522304e-17,1.3877787807814457e-17,0,0
2881,0.7427454124781728,0.0680969533767896,0.08582630755850257,0.01548430218893693,-3.2526065174565127e-17,3.4694469519536136e-17,0,0
2882,0.7615592681552165,0.0740583652953362,0.08675112195106774,0.016746792664630042,-2.255140518769849e-17,8.673617379884035e-18,0,0
2883,0.7805763770695765,0.080245861351333,0.08774777547439136,0.017981346340434974,5.941427905220563e-17,-2.6020852139652106e-17,0,0
2884,0.7995936865185869,0.0864334710824608,0.08870870273542722,0.019405273537692606,2.6020852139652106e-17,3.122502256758253e-17,0,0
2885,0.8186090218960231,0.0926019028013194,0.08983662995380563,0.020591287560745873,-4.6837533851373785e-17,1.7347234759768068e-17,0,0
2886,0.8375554981592881,0.0987282969373045,0.09078015081574967,0.02174503430556382,2.6020852139652106e-18,8.673617379884035e-18,0,0
2887,0.8565686882029526,0.104859509316012,0.09180836860019746,0.02319734406626387,-8.673617379884035e-18,1.0408340855860844e-17,0,0
2888,0.8755745235333279,0.1110086839796214,0.09286398140505252,0.024471093288579375,8.413408858487513e-17,-2.4286128663675302e-17,0,0
2889,0.8945918687905519,0.1171959076980418,0.09399008180786554,0.025750123460978498,-8.586881206085195e-17,-1.7347234759768068e-17,0,0
2890,0.9135963354199326,0.1233674163024492,0.09494375431157107,0.027024653616445495,3.7296554733501346e-17,-6.938893903907228e-18,0,0
2891,0.9325866035209822,0.1295182322529667,0.09599439516131067,0.028364335163485556,-3.2959746043559335e-17,6.938893903907228e-18,0,0
2892,0.951106430538004,0.135223653721936,0.09714945237834037,0.029711793131320052,-4.8572257327350605e-17,-6.938893903907228e-18,0,0
2893,0.5599999999988632,0.0,0.07832718406713216,0.0,4.336808689942018e-17,-0.0226427670167691,0,3
2894,0.9682011793789608,0.1414675017772366,0.09812485343241574,0.03090325029866619,3.4694469519536136e-17,1.908195823574488e-17,0,0
2895,0.983404853108528,0.1500034929100333,0.09899844556957826,0.0326548766829978,4.8572257327350605e-17,8.673617379884035e-18,0,0
2896,1.0,0.1599999999996745,0.1,0.03502516567098597,0.0197723869315758,3.469446951953614e-18,2,0
2897,0.5799999999989266,0.0,0.07897002935540759,0.0,-5.898059818321144e-17,-0.0225792166427269,0,3
2898,0.6102311985481221,0.0114003557821297,0.08019192065802477,0.0028269634264702823,5.5175726184145124e-17,-1.0408340855860844e-17,0,0
2899,0.6295486445554923,0.0173351304752282,0.08076930461168225,0.004195662695699864,4.45539330255762e-18,-2.6020852139652106e-17,0,0
2900,0.6623292833166191,0.0235612019657739,0.08219689511548947,0.005569661689092797,3.0357660829594124e-17,2.6020852139652106e-17,0,0
2901,0.6799500437934745,0.0301458315579875,0.08298889574367051,0.007053633569131839,-1.0842021724855044e-17,-1.7347234759768068e-17,0,0
2902,0.6993723848181266,0.0335217673630917,0.0840306601916938,0.007749066959826048,-1.3931997916438732e-17,3.469446951953614e-18,0,0
2903,0.7239839934307056,0.0484880923382632,0.0849121109649823,0.01099960760231385,-6.938893903907228e-18,-7.806255641895632e-18,0,0
2904,0.7398920559912382,0.0501825786639327,0.08586005246391792,0.011419079473041844,3.187554387107383e-17,-1.214306433183765e-17,0,0
2905,0.7574429770534432,0.0545327540601275,0.08667855481458062,0.01220315625224088,-2.6020852139652106e-17,-2.255140518769849e-17,0,0
2906,0.7763220816835514,0.0607483043195912,0.08756412694825091,0.013614629370733697,9.75781955236954e-17,-1.5612511283791264e-17,0,0
2907,0.7954436892268603,0.0668701084081611,0.08846149036470038,0.015104778541053314,-1.1384122811097797e-16,-5.204170427930421e-18,0,0
2908,0.8144612494673366,0.0730578563425486,0.08968968312974135,0.01630849494070123,1.1188966420050406e-16,1.5612511283791264e-17,0,0
2909,0.8336240497499032,0.0793043097934625,0.09059636870579704,0.017579243372335046,-9.80118763926896e-17,1.0408340855860844e-17,0,0
2910,0.8525106601398653,0.0853504716602562,0.0916839883339526,0.018808404522387176,-1.8648277366750682e-17,1.3877787807814457e-17,0,0
2911,0.8714396310112528,0.0914581979848074,0.09272469175346956,0.020161647377963055,1.0711917464156784e-16,8.673617379884035e-18,0,0
2912,0.8904411897380922,0.0976324205376996,0.09382284238306748,0.021434765399705034,-8.933825901280557e-17,3.122502256758253e-17,0,0
2913,0.9094591197079795,0.1038195549231048,0.09474565935080198,0.02266769984533787,8.933825901280557e-17,3.642919299551295e-17,0,0
2914,0.928477232820932,0.1100068755371507,0.09586287245047327,0.024260051927720568,-5.811323644522304e-17,3.469446951953614e-18,0,0
2915,0.9473625441875037,0.1160465044616158,0.09698941843627829,0.025485507913661033,-1.474514954580286e-17,-1.734723475976807e-18,0,0
2916,0.9655592438994988,0.1224411534926553,0.09793829433823839,0.026750984526567184,6.938893903907228e-18,-3.469446951953614e-18,0,0
2917,0.5999999999989684,0.0,0.07974720278054025,0.0,4.4235448637408575e-17,-0.0225665910797525,0,3
2918,0.6474289490540813,0.0150658451343572,0.08164006979549251,0.0035883301726945373,-6.963627265967054e-17,1.3877787807814457e-17,0,0
2919,0.7188917022263864,0.0338390893864311,0.084778601273342,0.0077707025143458125,1.0408340855860844e-17,-2.0383000842727486e-17,0,0
2920,0.9827917057915048,0.1300410766252385,0.0988824228659956,0.028441962586698382,-9.54097911787244e-18,-3.469446951953614e-18,0,0
2921,1.0,0.1399999999997328,0.1,0.03051215003532836,0.0197615364632913,1.3877787807814457e-17,2,0
2922,0.6199999999990318,0.0,0.08027439922792551,0.0,6.938893903907228e-18,-0.0224792567441445,0,3
2923,0.6399999999990779,0.0,0.08129199836507105,0.0,-2.5153490401663706e-17,-0.022491523361441,0,3
2924,0.6745832192200902,0.014083311373473,0.0827718248204771,0.003337550130684772,1.5612511283791264e-17,-8.673617379884035e-19,0,0
2925,0.6599999999991369,0.0,0.08217731415295912,0.0,4.6837533851373785e-17,-0.022429457568578,0,3
2926,0.6906367689920426,0.0167095233436035,0.08353713987102332,0.003830306899922379,-5.973445750626777e-17,0.0,0,0
2927,0.7099999999992513,0.0173205080757308,0.08442371105558837,0.003957984933399241,3.737786989643777e-17,-3.469446951953614e-18,0,0
2928,0.7359599526614595,0.0336690757374272,0.08567482938341851,0.00767018770517346,6.938893903907228e-18,6.0715321659188256e-18,0,0
2929,0.7544913388476738,0.035721051325235,0.08662095226447697,0.008027084434803135,5.637851296924623e-18,2.775557561562892e-17,0,0
2930,0.7722761234231326,0.0411193388034421,0.08741760137184472,0.009266357171125485,4.9439619065338996e-17,0.0,0,0
2931,0.7906340551730795,0.0476633979991475,0.0883343557133003,0.010749208299375921,-9.77950359581925e-17,1.3877787807814457e-17,0,0
2932,0.8117995507621387,0.0514479461309671,0.08956294635257311,0.011517257205160891,7.199102425303751e-17,-5.204170427930421e-18,0,0
2933,0.8303465365032651,0.0601962801802355,0.09039614517382716,0.013490837071264753,-8.868773770931425e-17,5.204170427930421e-18,0,0
2934,0.8485240281749336,0.0658873849107803,0.09138105950346441,0.014709340748656357,1.0321604682062001e-16,-3.122502256758253e-17,0,0
2935,0.867352065540862,0.0718651310191707,0.09250033230625032,0.015837027179820974,-7.806255641895632e-18,-3.469446951953614e-18,0,0
2936,0.8863062117146547,0.0780680810482848,0.09360998132541337,0.017216469543513357,-4.2067044292437566e-17,-6.938893903907228e-18,0,0
2937,0.9053083087555632,0.0842558579597186,0.09453773895775666,0.01850968026155389,-2.688821387764051e-17,-5.204170427930421e-18,0,0
2938,0.9243264443358898,0.0904430327164038,0.0956111829892021,0.01979891544895259,4.2934406030425976e-17,2.4286128663675302e-17,0,0
2939,0.9433447186371736,0.096630263292225,0.09677504196980843,0.021164891639894948,-1.6046192152785466e-17,-5.204170427930421e-18,0,0
2940,0.9622750223971036,0.1027196148528845,0.09781879899740181,0.02245068479628138,-6.331740687315346e-17,0.0,0,0
2941,0.981335614188136,0.1106160712945235,0.09885090336083144,0.024134030869389887,8.933825901280557e-17,-1.734723475976807e-18,0,0
2942,0.7295294721816363,0.0166924450652471,0.08553159784049749,0.0038385782204872288,-2.949029909160572e-17,-1.214306433183765e-17,0,0
2943,1.0,0.1199999999997832,0.1,0.026205619690280294,0.0197542836358636,-2.775557561562892e-17,2,0
2944,0.6799999999991786,0.0,0.0829307773609703,0.0,3.469446951953614e-18,-0.0223965428386449,0,3
2945,0.699999999999242,0.0,0.0839279322309755,0.0,8.673617379884035e-18,-0.0223860621645663,0,3
2946,0.7199999999992837,0.0,0.08504798927552981,0.0,8.673617379884035e-18,-0.0223645571416886,0,3
2947,0.7489711532911179,0.0170911976454538,0.0863711001864696,0.0038821936276715067,-1.908195823574488e-17,1.0408340855860844e-17,0,0
2948,0.77016004352558,0.0202984902596044,0.08739627033403703,0.004636889440140453,8.153200337090992e-17,-8.673617379884035e-18,0,0
2949,0.784961228638593,0.0319086288723854,0.08811675148377031,0.0072464840821151785,0.0,-5.204170427930421e-18,0,0
2950,0.8017359210717157,0.0331414092240065,0.08903003057820123,0.00738884636443936,-4.721700461174372e-17,1.0408340855860844e-17,0,0
2951,0.8297138067412784,0.0450242958774691,0.0905269937016056,0.010047253893108926,-3.642919299551295e-17,-1.691355389077387e-17,0,0
2952,0.8447444446775884,0.0471403083144805,0.09129503543426111,0.010575742571591084,4.81385764583564e-17,-1.3877787807814457e-17,0,0
2953,0.863311285452095,0.0524838531140585,0.09222315314989396,0.01160211430496323,-6.852157730108388e-17,-1.734723475976807e-18,0,0
2954,0.8821387526012179,0.0585048916154753,0.09334556124125719,0.012933244843609618,8.023096076392733e-17,8.673617379884035e-18,0,0
2955,0.9011573226409412,0.0646919871728375,0.09434462908027355,0.01428435523658402,-6.331740687315346e-17,-2.775557561562892e-17,0,0
2956,0.9201756281134024,0.0708791494233126,0.09533738283454785,0.01558534296285512,4.2067044292437566e-17,-1.5612511283791264e-17,0,0
2957,0.9379450408421752,0.0768218173887416,0.09651312334812816,0.01675064937769838,1.734723475976807e-18,-1.1275702593849246e-17,0,0
2958,0.957742806857226,0.082044901002629,0.09761036142899987,0.01797551782896023,-1.0408340855860844e-17,-3.2959746043559335e-17,0,0
2959,0.9772308237758938,0.0894407173288133,0.0986113262159771,0.019575440723247753,7.979727989493313e-17,-1.5612511283791264e-17,0,0
2960,1.0,0.0999999999998146,0.1,0.02201958033561479,0.0197453566756364,1.0408340855860844e-17,2,0
2961,0.7399999999993466,0.0,0.08588509778092007,0.0,-4.163336342344337e-17,-0.0223401604584941,0,3
2962,0.8207274322779028,0.0323343499959938,0.09010374881341922,0.007200644830291668,7.112366251504909e-17,-1.0408340855860844e-17,0,0
2963,0.7599999999993889,0.0,0.08677086039037907,0.0,3.2959746043559335e-17,-0.0223149614238444,0,3
2964,0.7899999999994566,0.0173205080757263,0.08825611931003008,0.003948457944549708,-1.1622647289044608e-16,1.7347234759768068e-17,0,0
2965,0.8103789509290995,0.0171017257351993,0.08941518315496719,0.0038740173363107666,1.1187695870629524e-16,0.0,0,0
2966,0.8397856070706077,0.0307977865220783,0.09109708489541055,0.006837952951820312,-6.591949208711867e-17,2.168404344971009e-17,0,0
2967,0.8593530671698247,0.0337109700989719,0.09222253016620302,0.007518363155727772,6.10405823109339e-17,3.122502256758253e-17,0,0
2968,0.8779876992878738,0.0389407456246947,0.09319618141737125,0.00847572818829613,9.54097911787244e-18,-2.255140518769849e-17,0,0
2969,0.8968516982706817,0.0451606979538736,0.09418964339170932,0.009873011581776052,8.239936510889834e-18,2.6020852139652106e-17,0,0
2970,0.915097422852028,0.0515118769683799,0.09497995510133975,0.011282874523364683,-1.1275702593849246e-17,-1.1275702593849246e-17,0,0
2971,0.9342589587887802,0.0559198918264986,0.09612083951737105,0.012238962250490657,-5.2041704279304207e-17,1.7347234759768068e-17,0,0
2972,0.9478216883205792,0.0650136660713805,0.09699873563264619,0.01434166899198225,-8.673617379884035e-19,2.5153490401663706e-17,0,0
2973,0.9698056775528904,0.0755910587097523,0.09829791075652179,0.016552725310931764,-2.6020852139652106e-18,-2.4286128663675302e-17,0,0
2974,1.0,0.0799999999998451,0.1,0.01753866126270879,0.0197411520461124,1.5612511283791264e-17,2,0
2975,0.7799999999994371,0.0,0.08786042854477766,0.0,-5.204170427930421e-18,-0.0223033930521249,0,3
2976,0.8301166365818147,0.0164860518273055,0.0904718436474907,0.003644774090782707,-2.0816681711721685e-17,1.214306433183765e-17,0,0
2977,0.962196300964983,0.0613970886660097,0.09773832167358831,0.013481399755532954,5.551115123125783e-17,1.214306433183765e-17,0,0
2978,0.9820527786134592,0.0694815278415572,0.09901771689210981,0.015085559314137043,-6.938893903907227e-17,-6.938893903907228e-18,0,0
2979,0.7999999999994944,0.0,0.0889046755992237,0.0,-2.949029909160572e-17,-0.0222872344462692,0,3
2980,0.8199999999995363,0.0,0.08991648481019575,0.0,1.0408340855860844e-17,-0.0222768375973484,0,3
2981,0.8503208174176861,0.0167814796355722,0.09168429319478782,0.003825249415265315,-3.4694469519536136e-17,-6.071532165918825e-17,0,0
2982,0.8729422113962243,0.0180616200526153,0.09299656008534835,0.0039855310375882655,7.28583859910259e-17,1.8214596497756478e-17,0,0
2983,0.8932759040797049,0.0265425786442055,0.09413173943264952,0.0057619300573917235,-3.165870343657673e-17,-5.204170427930421e-18,0,0
2984,0.9118738155239507,0.031750979508354,0.09508699079302405,0.006987041444534757,-3.903127820947816e-17,0.0,0,0
2985,0.925614112873134,0.0390396221015727,0.0956688211973259,0.008629390191822406,-3.2959746043559335e-17,3.0357660829594124e-17,0,0
2986,0.9523527246390996,0.0497909353830663,0.09726066674468932,0.011020517392062527,5.2041704279304207e-17,1.0408340855860844e-17,0,0
2987,1.0,0.0599999999998783,0.1,0.01312913184804897,0.0197370232196349,-6.938893903907228e-18,2,0
2988,0.8399999999995998,0.0,0.0909775597051274,0.0,2.4286128663675302e-17,-0.0222634934481394,0,3
2989,0.9411606973449947,0.035726809771821,0.09657489999840968,0.007908773612015935,4.8572257327350605e-17,-3.4694469519536136e-17,0,0
2990,0.9681712852660632,0.0462023280670387,0.09827720721790398,0.010150268880704385,-4.380176776841438e-17,-1.734723475976807e-18,0,0
2991,0.9839069173671297,0.052125963229309,0.09918973904225006,0.01138468328702867,-1.474514954580286e-17,2.0816681711721685e-17,0,0
2992,0.8599999999996417,0.0,0.0920373627576701,0.0,-5.2041704279304207e-17,-0.0222530579782859,0,3
2993,0.8899999999997255,0.010985400998767,0.09382442726516996,0.0024333025357561144,-5.637851296924623e-17,3.122502256758253e-17,0,0
2994,0.9080144588161309,0.0146823350942712,0.0948011537161764,0.003157866201817647,1.3912516158651886e-17,0.0,0,0
2995,0.9281717344531156,0.0195981890959238,0.09606784031188015,0.004296517196786977,-1.856378583026206e-17,-2.4286128663675302e-17,0,0
2996,0.9596387936023344,0.0333210113209256,0.09779274822338546,0.007248329847200483,-6.938893903907228e-18,-1.6479873021779667e-17,0,0
2997,1.0,0.0399999999999218,0.1,0.008722904247363106,0.0197316511425959,1.0408340855860844e-17,2,0
2998,0.8799999999997054,0.0,0.09307489868056484,0.0,3.642919299551295e-17,-0.0222469427399111,0,3
2999,0.9495663715771624,0.0176256910267611,0.09728467695611975,0.003925437637399585,1.7347234759768068e-17,3.209238430557093e-17,0,0
3000,0.9810244426630432,0.0320470085864359,0.09907325721144389,0.00701548747641248,-3.2526065174565127e-17,-1.5612511283791264e-17,0,0
3001,0.8999999999997471,0.0,0.09440678981515414,0.0,1.3877787807814457e-17,-0.0222337751219656,0,3
3002,0.9199999999997972,0.0,0.09570726071949726,0.0,2.0816681711721685e-17,-0.02223165138786,0,3
3003,0.9399999999998528,0.0,0.09674312010253522,0.0,-4.336808689942018e-17,-0.0222304209603435,0,3
3004,0.9692264950103416,0.0168739247617643,0.09817801302895932,0.0037574077398623423,6.418476861114186e-17,-5.204170427930421e-18,0,0
3005,1.0,0.0199999999999623,0.1,0.004301807386302445,0.0197292279976915,5.204170427930421e-18,2,0
3006,0.9599999999998944,0.0,0.09786205784860849,0.0,3.2959746043559335e-17,-0.0222261814386208,0,3
3007,0.9853589838485716,0.0146410161514056,0.09922788917718439,0.003261567412878313,-1.1970568719107272e-16,-2.949029909160572e-17,0,0
3008,0.979999999999958,0.0,0.09893601332571364,0.0,6.938893903907228e-18,-0.0222236423614766,0,3
3009,1.0,0.0,0.1,0.0,0.009863395456223,-0.0111108048027416,2,3
