{
  "config": {
    "material_model": "NH2",
    "output_root": "generated/fem/forward_benchmark",
    "output_dir": "dataset/fem_data/plate_hole_fenics",
    "load_steps": null,
    "input_msh_path": "dataset/fem_data/plate_hole_fenics/mesh/mesh.msh",
    "outer_size": 1.0,
    "hole_radius": 0.1,
    "mesh_gdim": 2,
    "mesh_size_hole": 0.003,
    "mesh_size_outer": 0.02,
    "refine_dist_min": 0.08,
    "refine_dist_max": 0.35,
    "quadrature_degree": 4,
    "solver_atol": 1e-12,
    "solver_rtol": 1e-12,
    "solver_max_it": 50,
    "solver_linesearch_type": "bt",
    "initial_load_subdivisions": 1,
    "max_load_subdivisions": 32,
    "save_debug_fields": true,
    "use_comm_self": true,
    "left_tag": 7,
    "bottom_tag": 10,
    "right_tag": 9,
    "top_tag": 8,
    "hole_tag": 6,
    "domain_tag": 11
  },
  "mesh_info": {
    "num_nodes": 3010,
    "num_cells": 5820,
    "cell_type": "triangle",
    "gdim": 2,
    "cell_tag": 11,
    "boundary_tags": {
      "LEFT": 7,
      "BOTTOM": 10,
      "RIGHT": 9,
      "TOP": 8,
      "HOLE": 6
    },
    "mesh_msh_path": "dataset/fem_data/plate_hole_fenics/quarter_plate_hole.msh",
    "mesh_source": "provided"
  },
  "load_steps": [
    0.1,
    0.2,
    0.30000000000000004,
    0.4
  ],
  "reactions": {
    "Rx_right": [
      -0.47831398701150923,
      -1.0007545410472403,
      -1.4509128780287603,
      -1.7680557953643687
    ],
    "Ry_top": [
      -0.5442376512010124,
      -1.0764957292388253,
      -1.506431002250373,
      -1.8029281968278288
    ],
    "Rx_left": [
      0.47831398701150935,
      1.00075454104724,
      1.4509128780287603,
      1.768055795364369
    ],
    "Ry_bottom": [
      0.5442376512010123,
      1.0764957292388246,
      1.5064310022503726,
      1.8029281968278306
    ]
  },
  "bc_forces": {
    "left_x_id1": [
      -0.47831398701150935,
      -1.00075454104724,
      -1.4509128780287603,
      -1.768055795364369
    ],
    "right_x_id2": [
      0.47831398701150923,
      1.0007545410472403,
      1.4509128780287603,
      1.7680557953643687
    ],
    "bottom_y_id3": [
      -0.5442376512010123,
      -1.0764957292388246,
      -1.5064310022503726,
      -1.8029281968278306
    ],
    "top_y_id4": [
      0.5442376512010124,
      1.0764957292388253,
      1.506431002250373,
      1.8029281968278288
    ]
  },
  "newton_iterations": [
    5,
    5,
    6,
    12
  ],
  "load_substeps": [
    1,
    1,
    1,
    1
  ],
  "converged": [
    true,
    true,
    true,
    true
  ],
  "max_displacement": [
    0.1118033988749895,
    0.223606797749979,
    0.3354101966249685,
    0.4635859398146967
  ],
  "jacobian_min": [
    1.0894339533090398,
    1.1708999895277965,
    1.209788211353528,
    1.1743213152862597
  ],
  "checks": {
    "mesh_has_all_boundary_tags": true,
    "solver_converged_all_steps": true,
    "displacement_monotonic_increasing": true,
    "reaction_magnitude_monotonic_increasing": true,
    "jacobian_positive_everywhere": true
  },
  "files": {
    "output_dir": "dataset/fem_data/plate_hole_fenics",
    "step_directories": [
      "dataset/fem_data/plate_hole_fenics/10",
      "dataset/fem_data/plate_hole_fenics/20",
      "dataset/fem_data/plate_hole_fenics/30",
      "dataset/fem_data/plate_hole_fenics/40"
    ],
    "step_files": [
      {
        "nodes_csv": "dataset/fem_data/plate_hole_fenics/10/output_nodes.csv",
        "elements_csv": "dataset/fem_data/plate_hole_fenics/10/output_elements.csv",
        "integrator_csv": "dataset/fem_data/plate_hole_fenics/10/output_integrator.csv",
        "reactions_csv": "dataset/fem_data/plate_hole_fenics/10/output_reactions.csv"
      },
      {
        "nodes_csv": "dataset/fem_data/plate_hole_fenics/20/output_nodes.csv",
        "elements_csv": "dataset/fem_data/plate_hole_fenics/20/output_elements.csv",
        "integrator_csv": "dataset/fem_data/plate_hole_fenics/20/output_integrator.csv",
        "reactions_csv": "dataset/fem_data/plate_hole_fenics/20/output_reactions.csv"
      },
      {
        "nodes_csv": "dataset/fem_data/plate_hole_fenics/30/output_nodes.csv",
        "elements_csv": "dataset/fem_data/plate_hole_fenics/30/output_elements.csv",
        "integrator_csv": "dataset/fem_data/plate_hole_fenics/30/output_integrator.csv",
        "reactions_csv": "dataset/fem_data/plate_hole_fenics/30/output_reactions.csv"
      },
      {
        "nodes_csv": "dataset/fem_data/plate_hole_fenics/40/output_nodes.csv",
        "elements_csv": "dataset/fem_data/plate_hole_fenics/40/output_elements.csv",
        "integrator_csv": "dataset/fem_data/plate_hole_fenics/40/output_integrator.csv",
        "reactions_csv": "dataset/fem_data/plate_hole_fenics/40/output_reactions.csv"
      }
    ],
    "displacement_xdmf": "dataset/fem_data/plate_hole_fenics/displacement.xdmf",
    "debug_xdmf": "dataset/fem_data/plate_hole_fenics/debug_fields.xdmf",
    "reactions_csv": "dataset/fem_data/plate_hole_fenics/reactions.csv",
    "summary_json": "dataset/fem_data/plate_hole_fenics/summary.json",
    "mesh_msh": "dataset/fem_data/plate_hole_fenics/quarter_plate_hole.msh"
  },
  "rows": [
    {
      "load_step": 1,
      "delta": 0.1,
      "load_substeps": 1,
      "Rx_right": -0.47831398701150923,
      "Ry_top": -0.5442376512010124,
      "Rx_left": 0.47831398701150935,
      "Ry_bottom": 0.5442376512010123,
      "converged": true,
      "newton_iterations": 5,
      "max_displacement": 0.1118033988749895,
      "J_min": 1.0894339533090398
    },
    {
      "load_step": 2,
      "delta": 0.2,
      "load_substeps": 1,
      "Rx_right": -1.0007545410472403,
      "Ry_top": -1.0764957292388253,
      "Rx_left": 1.00075454104724,
      "Ry_bottom": 1.0764957292388246,
      "converged": true,
      "newton_iterations": 5,
      "max_displacement": 0.223606797749979,
      "J_min": 1.1708999895277965
    },
    {
      "load_step": 3,
      "delta": 0.30000000000000004,
      "load_substeps": 1,
      "Rx_right": -1.4509128780287603,
      "Ry_top": -1.506431002250373,
      "Rx_left": 1.4509128780287603,
      "Ry_bottom": 1.5064310022503726,
      "converged": true,
      "newton_iterations": 6,
      "max_displacement": 0.3354101966249685,
      "J_min": 1.209788211353528
    },
    {
      "load_step": 4,
      "delta": 0.4,
      "load_substeps": 1,
      "Rx_right": -1.7680557953643687,
      "Ry_top": -1.8029281968278288,
      "Rx_left": 1.768055795364369,
      "Ry_bottom": 1.8029281968278306,
      "converged": true,
      "newton_iterations": 12,
      "max_displacement": 0.4635859398146967,
      "J_min": 1.1743213152862597
    }
  ]
}