id,x,y,ux,uy,fintx,finty,bcx,bcy
0,0.04000000000016646,1.0,0.013940457361081703,0.5,1.0234868508263162e-16,0.04742579783913674,0,4
1,0.02000000000008328,1.0,0.006978275394434557,0.5,-8.673617379884035e-17,0.04744955658533288,0,4
2,0.03232300272509022,0.9832996072706063,0.011280697258023038,0.4970192955440307,-9.8879238130678e-17,-2.0816681711721685e-16,0,0
3,0.05000670305834538,0.987790537300419,0.017427119617531857,0.4978133234104143,5.204170427930421e-17,3.2612801348363973e-16,0,0
4,0.01464101615145555,0.9853589838485708,0.005110838680119611,0.49739763158932543,-5.204170427930421e-18,4.163336342344337e-17,0,0
5,0.06000000000024963,1.0,0.020883816505603666,0.5,-5.898059818321144e-17,0.04744207328572994,0,4
6,0.04951553635497874,0.9722873302562729,0.017283273939988946,0.49503714156665696,-6.765421556309548e-17,-4.3021142204224816e-16,0,0
7,0.0,1.0,0.0,0.5,-0.023245773873865082,0.023719455307022786,1,4
8,0.01675426480541296,0.9690192378865387,0.0058598806224826995,0.49449405518990414,3.2959746043559335e-17,1.2836953722228372e-16,0,0
9,0.06820838232751653,0.9809976188558553,0.0237481018895937,0.4965721994526972,3.2959746043559335e-17,7.28583859910259e-17,0,0
10,0.08000000000033292,1.0,0.027799016470099486,0.5,2.5587171270657905e-17,0.047415043228005355,0,4
11,0.1000000000004161,1.0,0.03466298988105567,0.5,-1.0408340855860843e-17,0.04738067133993351,0,4
12,0.09030668950749172,0.9826249551222674,0.03136270176087206,0.49682710787177936,4.336808689942018e-17,1.2836953722228372e-16,0,0
13,0.03293076030482936,0.9630175393470397,0.011517093981700088,0.4934089700375651,1.1796119636642288e-16,-1.249000902703301e-16,0,0
14,0.0,0.9800000000000189,0.0,0.49644812703902336,-0.046501452998342324,1.0408340855860843e-17,1,0
15,0.1100818312278703,0.983697750238486,0.038124895766834394,0.4969894699147643,4.85722573273506e-17,-1.0408340855860843e-17,0,0
16,0.1200000000004994,1.0,0.041477433491348456,0.5,3.122502256758253e-17,0.04737434480267919,0,4
17,0.04601908431555364,0.9517292130914922,0.016116433195897832,0.49138258710387717,-9.71445146547012e-17,4.0939474033052647e-16,0,0
18,0.0642509559649633,0.9587408182644405,0.022442226764099064,0.4925798091012537,-3.469446951953614e-18,6.938893903907228e-17,0,0
19,0.01724790855729413,0.9514067164600164,0.0060457115178037596,0.4913759151124439,5.724587470723463e-17,-9.71445146547012e-17,0,0
20,0.0,0.9600000000000526,0.0,0.4929072065869214,-0.046501915198740015,-4.85722573273506e-17,1,0
21,0.08329564921735125,0.9641369649257632,0.02901541043355959,0.49348549615406845,3.2959746043559335e-17,-1.8735013540549517e-16,0,0
22,0.1029690844391794,0.9678636157400184,0.03576211388562141,0.4940917561073991,2.7755575615628914e-17,-1.1796119636642288e-16,0,0
23,0.130000000000541,0.9826794919242392,0.04488292939143688,0.4967480065814733,-1.1796119636642288e-16,9.8879238130678e-17,0,0
24,0.1400000000005825,1.0,0.04822259263718756,0.5,-1.249000902703301e-16,0.04736345832454951,0,4
25,0.03153226162719184,0.9440368083945191,0.011068739778361328,0.4900520286999394,-1.4137996329210978e-16,2.393918396847994e-16,0,0
26,0.1200048973229609,0.9713673042889339,0.04155050271998469,0.49467317791259696,-3.642919299551295e-17,1.457167719820518e-16,0,0
27,0.1495222732334486,0.9826679317689861,0.05144190639116206,0.496692429625194,6.938893903907228e-17,-3.0357660829594124e-16,0,0
28,0.1600000000006658,1.0,0.054895818453862856,0.5,7.632783294297951e-17,0.04731465360800287,0,4
29,0.05994800125355652,0.9380098468577476,0.02103245636253957,0.4888958278803269,5.204170427930421e-17,-1.491862189340054e-16,0,0
30,0.04092996143668184,0.9318213742464758,0.01440257118684937,0.48787864842693623,-3.469446951953614e-18,-2.5673907444456745e-16,0,0
31,0.0789659417699818,0.9441979224080344,0.027616050987349202,0.48990707492154995,6.071532165918825e-17,1.8041124150158794e-16,0,0
32,0.0,0.9400000000000998,0.0,0.4893813664685468,-0.04649930415562205,1.3183898417423734e-16,1,0
33,0.02052328817155788,0.929730745330685,0.007230587262356407,0.48756223287251615,5.204170427930421e-17,3.8163916471489756e-17,0,0
34,0.09762535966477333,0.9499196179012076,0.03402696639776969,0.49083703294104714,-1.0408340855860843e-17,2.1510571102112408e-16,0,0
35,0.1165000796946289,0.9554351019634533,0.0404542808667489,0.4917321500291397,-7.979727989493313e-17,1.0408340855860843e-16,0,0
36,0.13640794183503,0.9643982025783117,0.04713926816476433,0.4932849119829309,1.0408340855860843e-17,3.122502256758253e-17,0,0
37,0.168469738189456,0.9830619683466068,0.0577334022367712,0.4967173822352385,-6.418476861114186e-17,3.122502256758253e-17,0,0
38,0.180000000000749,1.0,0.061497096305029295,0.5,5.204170427930421e-17,0.04730153380151108,0,4
39,0.1571658894098232,0.9666267785429369,0.05407470234795938,0.4935920723436088,-1.0408340855860843e-17,2.393918396847994e-16,0,0
40,0.189767965830992,0.9805332096607943,0.0647227672588035,0.49614405375148396,-4.7704895589362195e-17,2.3592239273284576e-16,0,0
41,0.07481623589727063,0.924633736029046,0.026300659163433972,0.4864320380649151,-1.4051260155412137e-16,-2.8449465006019636e-16,0,0
42,0.0557983572776371,0.9184455065417879,0.01968629131519716,0.48545657905561124,8.326672684688674e-17,-6.591949208711867e-17,0,0
43,0.036780304968602,0.9122570346733238,0.013021574480351485,0.48446475646134013,-1.734723475976807e-18,-7.979727989493313e-17,0,0
44,0.09383354963153673,0.9308212990147324,0.03285706466083139,0.48739955888357256,7.19910242530375e-17,1.1449174941446927e-16,0,0
45,0.0,0.9200000000001403,0.0,0.48588510663351825,-0.04647236548751033,-4.163336342344337e-17,1,0
46,0.1128491821635707,0.9370071319403168,0.03934932498103724,0.48836639181975483,-2.2551405187698492e-17,-1.0408340855860843e-16,0,0
47,0.1318356546118255,0.9431692527342443,0.0457619120365188,0.4893435985325089,9.020562075079397e-17,2.7755575615628914e-17,0,0
48,0.1510423410020633,0.9489796391754212,0.05218245718644944,0.4902657798651457,-7.632783294297951e-17,-3.0878077872387166e-16,0,0
49,0.1758014253994474,0.9690412299273018,0.060220277072712984,0.49394964360185745,-1.5612511283791264e-17,-2.1510571102112408e-16,0,0
50,0.2000000000008322,1.0,0.0680062552764019,0.5,1.734723475976807e-17,0.04726125917962909,0,4
51,0.01722418943860115,0.9093685710658588,0.006112307839867681,0.484026579596943,8.500145032286355e-17,-8.326672684688674e-17,0,0
52,0.1700409752926172,0.9544763768263718,0.058449269731726566,0.4911518465729754,7.28583859910259e-17,1.682681771697503e-16,0,0
53,0.210000000000869,0.9826794919242412,0.0712502425784802,0.4964787652723771,4.5102810375396984e-17,3.382710778154774e-16,0,0
54,0.1886956945753838,0.9617339356693173,0.06449390226071446,0.4924268648472633,1.9081958235744878e-17,1.0408340855860843e-17,0,0
55,0.2200000000009155,1.0,0.07440475487608998,0.5,-1.734723475976807e-17,0.047266208477615604,0,4
56,0.07066660887616721,0.9050696464761617,0.025008805848432947,0.48300169699246004,-3.122502256758253e-17,2.706168622523819e-16,0,0
57,0.0896843013820588,0.9112577025014645,0.031601671440706976,0.4839251127841313,-2.6020852139652106e-17,-2.3245294578089215e-16,0,0
58,0.05164874173645193,0.8988812494125498,0.01835313799350194,0.4820607642152868,-6.418476861114186e-17,-1.5959455978986625e-16,0,0
59,0.03326510128999004,0.8934580356323167,0.011863711523478402,0.4812225916898493,1.196959198423997e-16,4.163336342344337e-16,0,0
60,0.1087018020081531,0.9174458797854141,0.03812569905488149,0.4848404313962494,1.1622647289044608e-16,-4.5102810375396984e-17,0,0
61,0.0,0.9000000000001855,0.0,0.48243098835004783,-0.046468618664452344,-1.2836953722228372e-16,1,0
62,0.1277050688637135,0.9236181669867355,0.044571562807084096,0.485756715615575,-2.688821387764051e-17,-2.0816681711721685e-16,0,0
63,0.1466547765801098,0.9297615402728652,0.05092001542229986,0.48667850329117607,1.1449174941446927e-16,6.245004513516506e-17,0,0
64,0.1655879330213634,0.9359430239181747,0.0571816969358025,0.4876219612226749,-1.3877787807814457e-17,-1.5612511283791264e-16,0,0
65,0.2038786408389507,0.9675983181804595,0.06937022071245556,0.493476618421676,-6.938893903907228e-18,-3.2959746043559335e-16,0,0
66,0.2299999518439538,0.9826794872487707,0.07761319487999079,0.4964078544326536,-8.673617379884035e-17,1.9255430583342559e-16,0,0
67,0.2400000000009987,1.0,0.08071026740791372,0.5,-4.7704895589362195e-17,0.04719796803810052,0,4
68,0.2600000000010819,1.0,0.08690859097233196,0.5,4.85722573273506e-17,0.04713399226833194,0,4
69,0.250072620498306,0.982969772737339,0.08388949259740332,0.49638676934217946,-1.9949319973733282e-17,-5.898059818321144e-17,0,0
70,0.01609109631136342,0.8880203633795436,0.005758255013429327,0.4803647919475657,-1.7694179454963432e-16,-1.6306400674181987e-16,0,0
71,0.1845155913517931,0.9421204893413857,0.06335284153887501,0.4885966869128192,4.85722573273506e-17,-2.5673907444456745e-16,0,0
72,0.220000000000912,0.9653589838484884,0.07457018438596409,0.49290056984780767,2.42861286636753e-17,-3.122502256758253e-17,0,0
73,0.2062627666005528,0.9496238362372309,0.07033133699913961,0.4898463572429137,-1.457167719820518e-16,1.2836953722228372e-16,0,0
74,0.2699999882812355,0.9835170956992749,0.09001143329084153,0.4964295792389463,1.214306433183765e-17,-2.6020852139652106e-17,0,0
75,0.2800000000011651,1.0,0.09300574938360374,0.5,-4.163336342344337e-17,0.047113857048433336,0,4
76,0.06651710823806159,0.8855055896751026,0.023736160478415234,0.47962361561535605,-2.7755575615628914e-17,2.0816681711721685e-17,0,0
77,0.08553473939955383,0.8916939426290824,0.030375421835432997,0.4805030637324543,-2.2551405187698492e-17,-6.938893903907228e-17,0,0
78,0.1045521535504289,0.8978821294919053,0.03694026998563689,0.48136569627879505,-1.2836953722228372e-16,3.677613769070831e-16,0,0
79,0.04865178536584112,0.8793838943284922,0.017437685030471297,0.47871930914645194,9.71445146547012e-17,2.393918396847994e-16,0,0
80,0.03128327725141246,0.8746702541249278,0.01125004124111849,0.4780255131995127,-1.7694179454963432e-16,-2.914335439641036e-16,0,0
81,0.1235694939310048,0.904070272612781,0.04342572116918026,0.4822229441600481,7.632783294297951e-17,2.42861286636753e-16,0,0
82,0.0,0.8800000000002458,0.0,0.47902679893031375,-0.04644551729979762,1.214306433183765e-16,1,0
83,0.142540057100599,0.9102148337844247,0.04981157953229333,0.4830757031838398,-2.949029909160572e-17,8.326672684688674e-17,0,0
84,0.1614803299052495,0.9163800674195061,0.056099329331109955,0.4839432607502805,-5.2909066017292616e-17,1.734723475976807e-17,0,0
85,0.1803865239242571,0.9225499917376718,0.062287556452141304,0.4848338754722796,-1.3097162243624894e-16,3.7470027081099033e-16,0,0
86,0.2404357872557006,0.9653613323564626,0.08102557453394184,0.4927331498728138,-2.0816681711721685e-17,-1.97758476261356e-16,0,0
87,0.2610196840336368,0.9667076194299988,0.08740032862062333,0.49285464453881755,6.158268339717665e-17,1.3877787807814457e-16,0,0
88,0.2897631550125654,0.9827653828389045,0.09597769201330644,0.4961623135159492,-7.28583859910259e-17,-6.245004513516506e-17,0,0
89,0.3000000000012484,1.0,0.09897455956006337,0.5,1.5178830414797062e-18,0.04710614005268317,0,4
90,0.3200000000013316,1.0,0.10483398824392447,0.5,3.8163916471489756e-17,0.047027070500062364,0,4
91,0.3089459256693211,0.9823885790029122,0.1016673348026232,0.4959922153131925,6.331740687315346e-17,-6.245004513516506e-17,0,0
92,0.01573934855452849,0.8684145736526215,0.005677008533972413,0.47705346718517966,7.112366251504909e-17,1.9081958235744878e-16,0,0
93,0.199237239763368,0.9285553134327034,0.06836634003565789,0.4857300130547493,-6.938893903907228e-17,3.5735303605122226e-16,0,0
94,0.2293391931637615,0.9495375012645004,0.0777035340446171,0.4895607489547836,1.7867651802561113e-16,2.393918396847994e-16,0,0
95,0.2795741046707085,0.9695391364654514,0.09301878898493074,0.4933143523289572,-3.8163916471489756e-17,3.469446951953614e-18,0,0
96,0.3280131730464912,0.9828604788259226,0.10720810583968683,0.49601638723079716,4.85722573273506e-17,1.3183898417423734e-16,0,0
97,0.3400000000014148,1.0,0.1105822100299194,0.5,0.0,0.04702070258562082,0,4
98,0.08138530755708862,0.8721301567563944,0.02917367663195544,0.4771409619669548,1.2836953722228372e-16,1.734723475976807e-16,0,0
99,0.06236762302517274,0.8659415313361355,0.022476931112573435,0.47630646714559544,-1.6479873021779667e-17,-3.0531133177191805e-16,0,0
100,0.1004027684627881,0.8783185897033319,0.03578965056361753,0.4779502459097413,-1.5872719805187785e-16,-3.9898639947466563e-16,0,0
101,0.1194196240378326,0.8845064774348179,0.04231980470073686,0.4787451778787357,1.3530843112619095e-16,-2.3245294578089215e-16,0,0
102,0.04492151572745764,0.8603870878784303,0.01626575156144678,0.4755280384456192,1.8214596497756474e-17,-1.8735013540549517e-16,0,0
103,0.02904532783885965,0.8590153457463284,0.01052649715318808,0.47541448831894867,7.979727989493313e-17,1.8735013540549517e-16,0,0
104,0.138407195847406,0.890664566857932,0.04875009950806762,0.47953034534821326,3.642919299551295e-17,1.2836953722228372e-16,0,0
105,0.0,0.8600000000003248,0.0,0.47567261661971244,-0.04644213346503105,-6.938893903907228e-18,1,0
106,0.1573696675871127,0.8968018609627955,0.05507863465880364,0.4803164160390111,-7.19910242530375e-17,-2.7755575615628914e-17,0,0
107,0.176281371207092,0.9030216681640821,0.061292763226758085,0.4811340362776859,-7.28583859910259e-17,7.632783294297951e-17,0,0
108,0.1952435370824973,0.9091637737936274,0.0674274126657555,0.48196197890743153,1.4224732503009818e-16,-2.983724378680108e-16,0,0
109,0.2194850992021664,0.9334052062369143,0.07482038210814428,0.48638475129517394,-8.326672684688674e-17,-1.6566609195578508e-16,0,0
110,0.2526149448468153,0.9471505980203326,0.08503159308405367,0.48876940758973025,-7.025630077706069e-17,-3.191891195797325e-16,0,0
111,0.2754419673770652,0.9528365386138784,0.09196364253273764,0.4896892462577052,-1.3877787807814457e-17,-7.979727989493313e-17,0,0
112,0.2955939234544423,0.9626675547762498,0.09789334349168183,0.49163459188298014,1.1796119636642288e-16,-1.0061396160665481e-16,0,0
113,0.31650425106359,0.9652259559951815,0.10402108527256718,0.49201675245407817,-1.1015494072452725e-16,-1.6653345369377348e-16,0,0
114,0.3494452153656302,0.9794004045056546,0.11332494932302273,0.49507826119193976,6.938893903907228e-18,1.457167719820518e-16,0,0
115,0.360000000001498,1.0,0.11619921971531817,0.5,6.938893903907228e-18,0.04687730037118581,0,4
116,0.01659904082368774,0.8497873005265726,0.006052675118549068,0.4739560729833629,-2.42861286636753e-17,-3.5388358909926865e-16,0,0
117,0.2141552004239931,0.9150720856588042,0.07344765240610356,0.4827671029874496,9.020562075079397e-17,-1.734723475976807e-16,0,0
118,0.2392094606053939,0.9357692533503154,0.08103248651638852,0.4865630140015752,1.5959455978986625e-16,1.942890293094024e-16,0,0
119,0.3340390848726226,0.9674670671110059,0.10905908100087867,0.49236682428838996,9.020562075079397e-17,-2.7755575615628914e-17,0,0
120,0.3697629228876311,0.9833565506893913,0.1189541529463937,0.4959370531106387,-8.153200337090993e-17,2.8102520310824275e-16,0,0
121,0.3800000000015813,1.0,0.12170563977702267,0.5,-3.469446951953614e-17,0.04698452106470181,0,4
122,0.09626200625221895,0.8587631057201879,0.03467096050027835,0.4746032682085446,4.163336342344337e-17,5.447031714567174e-16,0,0
123,0.07725037740988157,0.8525758205611338,0.02799304689570348,0.4738484621413908,-1.8127860323957634e-16,-4.85722573273506e-17,0,0
124,0.05824030746179439,0.8463877649188609,0.021226883657425286,0.4730589407775343,-2.168404344971009e-17,3.122502256758253e-16,0,0
125,0.1152707777707575,0.8649436381935046,0.04125456306322105,0.4753337576552296,2.42861286636753e-17,-9.367506770274758e-17,0,0
126,0.1342855909193939,0.8711294023881502,0.04774251772985355,0.47605219414533123,-7.546047120499111e-17,-1.0061396160665481e-16,0,0
127,0.03668345683721189,0.8418175125490893,0.013433999992759042,0.4725215714151665,-1.9949319973733282e-17,-2.7755575615628914e-17,0,0
128,0.1532581019781437,0.8772767874756431,0.054115917179798634,0.4767618172462528,4.5102810375396984e-17,7.28583859910259e-17,0,0
129,0.0,0.8400000000004,0.0,0.47238564322070004,-0.04645477566672301,3.122502256758253e-17,1,0
130,0.1722128685615043,0.8834525467875002,0.06037935644113578,0.47748525945191544,4.2500725161431774e-17,-2.220446049250313e-16,0,0
131,0.1911211252955096,0.8896679984941889,0.066521212386892,0.47823581477460314,9.367506770274758e-17,-2.498001805406602e-16,0,0
132,0.2101158409323891,0.8957995238001368,0.07258613182936897,0.4789888555591272,-1.214306433183765e-17,-2.42861286636753e-17,0,0
133,0.2334416935254613,0.9205393333885131,0.07949674225859242,0.4834977049702674,3.122502256758253e-17,-3.694961003830599e-16,0,0
134,0.2522338260105055,0.9275099231314817,0.08523947386555586,0.48459674842123607,-4.683753385137379e-17,2.3592239273284576e-16,0,0
135,0.2713347335777835,0.9339897000319867,0.0910028156076538,0.48566027837528936,-7.37257477290143e-17,1.3877787807814457e-16,0,0
136,0.2903511305383566,0.940178809474723,0.09664700465477555,0.4866968725401553,8.760353553682876e-17,-3.469446951953614e-18,0,0
137,0.3096861610795566,0.9464345930301078,0.10228725987050513,0.4878020253218816,1.734723475976807e-17,2.498001805406602e-16,0,0
138,0.3287217788528926,0.9515153737204619,0.10773823849789377,0.48869585986138486,-7.719519468096792e-17,-2.6020852139652106e-16,0,0
139,0.3475110060345089,0.9583331225078096,0.11298926601347878,0.49006770499851654,1.1622647289044608e-16,1.3877787807814457e-17,0,0
140,0.3665070151591969,0.9653740304321197,0.11822592819351814,0.4915657575209795,-1.4224732503009818e-16,-2.671474153004283e-16,0,0
141,0.3871123645654871,0.9771750949973823,0.1237332182075629,0.494304406036291,5.0306980803327406e-17,1.249000902703301e-16,0,0
142,0.4000000000016645,1.0,0.1271085793945994,0.5,0.0,0.04685469126087919,0,4
143,0.01814062329109194,0.8301341470788369,0.006695638875654476,0.4707486642133685,-8.673617379884035e-18,3.677613769070831e-16,0,0
144,0.2291540091418696,0.9020473798151776,0.07855439116381087,0.47979107438911217,-1.3877787807814457e-17,2.0122792321330962e-16,0,0
145,0.4100471658915571,0.9821066940902494,0.12982686750280187,0.49542266510179017,0.0,7.112366251504909e-17,0,0
146,0.4200000000017478,1.0,0.13238883433613155,0.5,3.122502256758253e-17,0.046849251829334956,0,4
147,0.1111309795386618,0.8453877819691732,0.04022925005363232,0.4719982734527756,1.700029006457271e-16,-1.734723475976807e-16,0,0
148,0.09213182677413621,0.8392226471375902,0.03358068325464692,0.47133536470278614,-3.903127820947816e-17,-3.7470027081099033e-16,0,0
149,0.07309022188356437,0.8329947749710682,0.026815886311068817,0.47063036862169844,6.852157730108388e-17,-6.938893903907228e-18,0,0
150,0.05363677219424907,0.8270771792048439,0.019801437426479974,0.4699322903697792,-7.546047120499111e-17,4.163336342344337e-17,0,0
151,0.1301414900388666,0.8515713948058943,0.04677552928013246,0.47264303386969947,-4.683753385137379e-17,1.734723475976807e-16,0,0
152,0.1491409399485337,0.8577406211383747,0.053209251087397616,0.4732754282959012,7.806255641895632e-18,0.0,0,0
153,0.03500236565042322,0.8206162238507377,0.012996808734375241,0.4691106941358694,4.0766001685454967e-17,-1.5959455978986625e-16,0,0
154,0.1680923537949981,0.8638678883974173,0.05951659274875741,0.4739022104888777,-1.0408340855860843e-17,-1.5959455978986625e-16,0,0
155,0.0,0.8200000000004641,0.0,0.46917330872381346,-0.04640511658533119,-2.7755575615628914e-17,1,0
156,0.1870170286112981,0.8700910963052987,0.06569929221664408,0.4745592795251004,-8.153200337090993e-17,3.642919299551295e-16,0,0
157,0.2059841626503857,0.876290916945227,0.07178275366977391,0.4752287347511073,0.0,3.2959746043559335e-16,0,0
158,0.2250016387285732,0.8824737642618367,0.07776942660348517,0.4759186032043495,-6.938893903907228e-17,6.938893903907228e-18,0,0
159,0.2481704402260498,0.9082368828298631,0.08440971444275834,0.4806205187111716,-5.551115123125783e-17,1.1449174941446927e-16,0,0
160,0.2671867139074335,0.9144261946520977,0.09015544321904428,0.481514630499592,2.949029909160572e-17,-3.157196726277789e-16,0,0
161,0.2862028397788394,0.9206153479518651,0.0957947421105727,0.48244842369391544,2.6020852139652106e-17,-1.1796119636642288e-16,0,0
162,0.3052187475465098,0.9268043445304925,0.10133329135253698,0.48343380945266484,-8.586881206085195e-17,-2.0816681711721685e-17,0,0
163,0.3242344514008547,0.9329932171809934,0.10676967790160803,0.4844682583060096,1.3183898417423734e-16,8.326672684688674e-17,0,0
164,0.3432500274232689,0.9391816233774757,0.11209510020640899,0.48557733612237386,-1.7520707107365752e-16,1.5265566588595902e-16,0,0
165,0.3624917661513574,0.945256561619453,0.1173839494831714,0.4867285735830071,4.336808689942018e-18,1.8735013540549517e-16,0,0
166,0.3821421275357682,0.9522672039329987,0.12267351452596006,0.488165152769808,-2.42861286636753e-17,-2.1163626406917047e-16,0,0
167,0.4010870336415115,0.9585981673619047,0.1276897003038958,0.48951936013524094,9.8879238130678e-17,4.163336342344337e-17,0,0
168,0.4300001212559456,0.9828067865897498,0.13503357717307185,0.49550731254542435,-1.1796119636642288e-16,1.4224732503009818e-16,0,0
169,0.4400000000018309,1.0,0.1375565999133669,0.5,-3.122502256758253e-17,0.046820376394591426,0,4
170,0.01714560909227536,0.810173272637508,0.006414288648187493,0.46758635258415526,1.9081958235744878e-17,-3.191891195797325e-16,0,0
171,0.244022439358565,0.8886735838831652,0.08364463005931295,0.4766464398389098,-1.0408340855860843e-16,-1.2836953722228372e-16,0,0
172,0.421505551642548,0.9645251417209334,0.13299802060920132,0.4908107085856136,6.245004513516506e-17,-1.960237527853792e-16,0,0
173,0.4500006920819306,0.9826791167116691,0.14014441998892793,0.4953736416555769,1.4224732503009818e-16,1.3183898417423734e-16,0,0
174,0.4600000000019141,1.0,0.14260799862534138,0.5,3.1170812458958252e-18,0.04677634666521713,0,4
175,0.4800000000019974,1.0,0.14755665466062276,0.5,-3.8163916471489756e-17,0.04671404656014837,0,4
176,0.4698893621118765,0.9826190909260553,0.14511866798798545,0.49527091147457103,-6.830473686658678e-17,-1.0408340855860843e-16,0,0
177,0.1260129065487458,0.8320290245581359,0.04585867272461083,0.46931767109353373,-3.903127820947816e-17,-2.7755575615628914e-17,0,0
178,0.106999078768117,0.8258337933237394,0.039240332202598996,0.4687469744427772,-3.469446951953614e-17,-1.1796119636642288e-16,0,0
179,0.08795061723008335,0.8196136028073373,0.032494914191590736,0.46814351767768847,7.806255641895632e-17,-1.6653345369377348e-16,0,0
180,0.0688401410306911,0.8133290201632521,0.025618276376256036,0.46748593633478747,1.3530843112619095e-16,-4.5102810375396984e-17,0,0
181,0.04996414030180951,0.8073177787760557,0.01871258471124223,0.4668145296176034,-1.231653667943533e-16,3.8163916471489756e-17,0,0
182,0.1450138776356631,0.8381971901234126,0.05235521047171891,0.46986615198618503,-4.5102810375396984e-17,-3.469446951953614e-18,0,0
183,0.1640135240937568,0.8443732804177739,0.058730990041828954,0.4704100482867579,1.1188966420050406e-16,2.949029909160572e-16,0,0
184,0.03298812256851958,0.8006970117859586,0.012427343482500873,0.46600382653707884,-5.377642775528102e-17,2.8449465006019636e-16,0,0
185,0.18295480248176,0.850515159629451,0.06496670142960304,0.4709544514739359,-8.066464163292153e-17,-2.671474153004283e-16,0,0
186,0.0,0.8000000000005446,0.0,0.466045264646033,-0.04639433891933913,6.245004513516506e-17,1,0
187,0.2019130634774329,0.8567118303866204,0.07108469912318297,0.4715223591372748,-9.540979117872439e-18,-3.191891195797325e-16,0,0
188,0.2208738894723162,0.862920613307268,0.07708217768268494,0.47211503289014306,1.9081958235744878e-17,8.326672684688674e-17,0,0
189,0.2398737294382154,0.8691088100257465,0.08297373100633354,0.47273419957486795,4.5102810375396984e-17,1.5612511283791264e-16,0,0
190,0.263038567744266,0.8948630493096378,0.08940638308725865,0.47742423720644317,4.85722573273506e-17,3.452099717193846e-16,0,0
191,0.2820546898014366,0.9010522939420277,0.09505157722668751,0.4782495871978681,-1.0408340855860843e-17,1.97758476261356e-16,0,0
192,0.3010704958516282,0.9072412738075176,0.10058837424051673,0.4791248667547716,-2.7755575615628914e-17,5.898059818321144e-17,0,0
193,0.3200862389721952,0.9134300924332327,0.1060198848132078,0.4800511160887957,-9.020562075079397e-17,2.7755575615628914e-17,0,0
194,0.3391019621673921,0.9196186163331391,0.11134945031960512,0.48104131059927246,-2.7755575615628914e-17,1.249000902703301e-16,0,0
195,0.3581261426198155,0.9258174273280392,0.11657378140244992,0.48210856172102917,8.760353553682876e-17,-1.942890293094024e-16,0,0
196,0.3771739912960863,0.9320429436632636,0.12170021468229962,0.4832503038966635,-8.673617379884035e-17,1.0408340855860843e-16,0,0
197,0.3963716708906149,0.9384355105118752,0.12677111665985477,0.4844927939380423,-6.938893903907228e-18,7.28583859910259e-17,0,0
198,0.4158899559118784,0.9453826646854219,0.131816070364047,0.48595129876394416,1.0408340855860843e-16,-1.3877787807814457e-17,0,0
199,0.439898283170633,0.9659103568809173,0.13772349092063943,0.4909917584221877,-4.163336342344337e-17,-3.191891195797325e-16,0,0
200,0.4900000842926137,0.9826795038325518,0.15003963977706697,0.49519755690979395,-3.469446951953614e-18,-9.367506770274758e-17,0,0
201,0.500000000002059,1.0,0.15240049928127433,0.5,-2.0816681711721685e-17,0.04667612874485662,0,4
202,0.01674254304361746,0.7895922531085066,0.006369698193329689,0.46441655771684415,-4.683753385137379e-17,3.642919299551295e-16,0,0
203,0.2588902810045144,0.8752998716982424,0.088752455304829,0.4733974485102597,-6.938893903907228e-18,-1.97758476261356e-16,0,0
204,0.4314106600639073,0.9515528420506056,0.1357471593071317,0.4873098180994721,1.249000902703301e-16,9.367506770274758e-17,0,0
205,0.4591163306859123,0.9648547474194324,0.14259939810498998,0.49053257311945603,6.938893903907228e-17,1.97758476261356e-16,0,0
206,0.4793347838546417,0.9649968673841194,0.14759788774656998,0.4903857638046181,-9.8879238130678e-17,1.1102230246251565e-16,0,0
207,0.5099998974596268,0.9826795011067215,0.15482580059772819,0.49509495143376164,-1.457167719820518e-16,-1.3530843112619095e-16,0,0
208,0.5200000000019419,1.0,0.15712903292656594,0.5,8.673617379884035e-18,0.046627968574253345,0,4
209,0.5400000000018033,1.0,0.16176015646718958,0.5,8.326672684688674e-17,0.04656316248903844,0,4
210,0.5299996152044405,0.9826792697630758,0.15950331467600748,0.49501044997425564,2.1337098754514727e-16,-2.6020852139652106e-16,0,0
211,0.1408736483260662,0.8186480063016744,0.05155055249784933,0.4665433429342787,-1.5612511283791264e-17,5.898059818321144e-17,0,0
212,0.1218657755166591,0.812464562299585,0.04497854599701772,0.46607962050464946,-3.2959746043559335e-17,2.5673907444456745e-16,0,0
213,0.1028304069839838,0.8062679242828028,0.03826935435630088,0.465588380539177,-8.673617379884035e-17,4.2327252813834093e-16,0,0
214,0.08372663781916873,0.7999932292157782,0.03141331383258819,0.4650464049250324,-1.474514954580286e-17,3.2612801348363973e-16,0,0
215,0.0640771241942125,0.7931032876490105,0.02424440270646118,0.4643650114484129,8.673617379884035e-18,-2.42861286636753e-16,0,0
216,0.04659881747735481,0.7887118911475169,0.017712322020145617,0.4639748434285096,1.240327285323417e-16,2.220446049250313e-16,0,0
217,0.1598750459471261,0.8248174941528541,0.057991099718283985,0.4669916889817582,-2.949029909160572e-17,-3.365363543395006e-16,0,0
218,0.1788724066200317,0.8309905897483062,0.06429951349913908,0.46743951030726383,5.551115123125783e-17,1.1449174941446927e-16,0,0
219,0.03322696621957338,0.7780372852290323,0.012761208592490568,0.46255980624052456,-1.0408340855860843e-17,-2.498001805406602e-16,0,0
220,0.1978195858656955,0.8371544025730275,0.07046065603990646,0.46789655926631646,-1.0581813203458523e-16,2.185751579730777e-16,0,0
221,0.0,0.7800000000006034,0.0,0.46302021299379936,-0.04638309205753156,3.122502256758253e-17,1,0
222,0.2167952072862091,0.8433402931775711,0.07650106541765549,0.4683756760120107,-5.551115123125783e-17,-5.204170427930421e-17,0,0
223,0.235748619748529,0.849543486754686,0.08240622205983765,0.46888784899388647,2.0816681711721685e-17,1.0408340855860843e-17,0,0
224,0.2547467420502566,0.8557366880770754,0.08820068648928128,0.46943573092228297,1.734723475976807e-17,1.1102230246251565e-16,0,0
225,0.2779066724812988,0.8814895241876216,0.09441184120249023,0.47410714597549547,7.632783294297951e-17,-1.6653345369377348e-16,0,0
226,0.2969223805557124,0.8876785710449975,0.09995412805192802,0.4748686570493949,4.597017211338539e-17,-1.5265566588595902e-16,0,0
227,0.3159379709422736,0.8938674453952731,0.10538494559712368,0.4756829814763184,-1.5612511283791264e-17,2.42861286636753e-17,0,0
228,0.3349536736571804,0.9000561783220136,0.11070895992764761,0.4765584395543634,2.5153490401663703e-17,-2.2898349882893854e-16,0,0
229,0.3539692928897979,0.9062443250339622,0.11592757041488176,0.47750227113415683,1.734723475976807e-16,5.898059818321144e-17,0,0
230,0.3729967576007752,0.9124474890521754,0.1210422814294389,0.47852054508001013,-1.465841337200402e-16,-5.551115123125783e-17,0,0
231,0.3920292030225192,0.9186563333455023,0.12605625540773976,0.4796084227419269,5.724587470723463e-17,-1.5959455978986625e-16,0,0
232,0.4112023650488376,0.9250200085106371,0.1310106690718818,0.4807988724140685,6.071532165918825e-17,1.5612511283791264e-16,0,0
233,0.4325949724565162,0.9332320331316044,0.13640588119017996,0.48249263255298314,-1.0408340855860843e-16,-2.6020852139652106e-18,0,0
234,0.4471645371379604,0.9487140138341514,0.13982857676781862,0.48635444497034125,-2.411265631607762e-16,1.8041124150158794e-16,0,0
235,0.4991812114214133,0.9659115640647684,0.15238271275735307,0.4904534016328231,1.0581813203458523e-16,-1.7694179454963432e-16,0,0
236,0.5499999543808936,0.9838222177218123,0.1640744612981145,0.4952602574028351,-2.185751579730777e-16,2.5500435096859064e-16,0,0
237,0.5600000000016645,1.0,0.16629641109418136,0.5,-8.326672684688674e-17,0.04657720022836652,0,4
238,0.01692169892525578,0.7694081367829876,0.006565009400535538,0.4614163011851539,4.85722573273506e-17,-2.949029909160572e-16,0,0
239,0.2737592098766171,0.8619272379055596,0.09387515593365922,0.47002731512562756,7.979727989493313e-17,-2.42861286636753e-17,0,0
240,0.4677074816481769,0.9443020814837164,0.14503952059197464,0.4848601645697336,1.6132928326584306e-16,-4.0939474033052647e-16,0,0
241,0.4898432746083984,0.9485589910907996,0.1503791613548818,0.48570881325992327,-1.214306433183765e-17,-7.632783294297951e-17,0,0
242,0.5209392367668502,0.9629701991650728,0.15755930380059774,0.4894119478129767,4.9439619065339e-17,-1.0408340855860843e-17,0,0
243,0.5420645672740436,0.9671713062850542,0.1623977080949273,0.49043460626574,-2.0209528495129803e-16,-4.163336342344337e-17,0,0
244,0.5700000703458463,0.9826795325377053,0.16856589534264482,0.49483119698775346,1.1449174941446927e-16,-1.6306400674181987e-16,0,0
245,0.5800000000015259,1.0,0.17073116873690777,0.5,1.0543866127421531e-16,0.04654534134629645,0,4
246,0.6000000000013872,1.0,0.17508867808273867,0.5,-8.326672684688674e-17,0.04647699658511826,0,4
247,0.5890510582990295,0.9825211575217156,0.17275904420926477,0.49471692606873097,-1.0581813203458523e-16,8.673617379884035e-17,0,0
248,0.1557450329986728,0.8052712394879253,0.05731646087565388,0.4636667951884238,-4.336808689942018e-18,1.5265566588595902e-16,0,0
249,0.1367270909379457,0.7991023875835775,0.050794767667906776,0.4633177161622214,6.938893903907228e-18,8.673617379884035e-17,0,0
250,0.1177057250087933,0.7929089857673084,0.04413205017642811,0.46294378672419867,2.42861286636753e-17,-2.636779683484747e-16,0,0
251,0.09861112019211707,0.7866369344249151,0.0373056412329371,0.46252376788842814,3.903127820947816e-17,-8.326672684688674e-17,0,0
252,0.07906965832003546,0.7798667773791614,0.030187035267876125,0.4619883210755913,-1.3183898417423734e-16,-2.740863092043355e-16,0,0
253,0.0552089132993632,0.7727621549686631,0.02128556342093977,0.4614367432429221,1.474514954580286e-16,8.673617379884035e-17,0,0
254,0.1747413319295607,0.8114481616221647,0.06368907930734709,0.46401045649891387,-8.847089727481716e-17,2.740863092043355e-16,0,0
255,0.1937406440931298,0.8176182916779029,0.06992239695387636,0.4643569739524377,9.8879238130678e-17,-6.938893903907228e-18,0,0
256,0.03509616163810385,0.7594079284049761,0.013727333576226347,0.459796326239802,-8.326672684688674e-17,-4.5102810375396984e-17,0,0
257,0.2126956130867421,0.823760074580522,0.07600318044052667,0.4647148431747035,2.7755575615628914e-17,-2.463307335887066e-16,0,0
258,0.0,0.7600000000006839,0.0,0.46011550377488236,-0.046376207656245214,-1.3183898417423734e-16,1,0
259,0.2316437316137446,0.8299670250431002,0.08194217559590045,0.46511127862645996,1.3877787807814457e-17,7.632783294297951e-17,0,0
260,0.2506017011704864,0.8361806535794347,0.087750462160466,0.46554468240275476,3.0357660829594124e-17,-2.498001805406602e-16,0,0
261,0.2696175229084249,0.8423662386702855,0.09344680096721832,0.4660129993270219,-2.5153490401663703e-17,-1.5959455978986625e-16,0,0
262,0.2927745734408887,0.8681163766998368,0.0994284345443471,0.47066960432892285,-3.469446951953614e-17,-6.938893903907228e-17,0,0
263,0.3117898578673219,0.8743051477493082,0.1048630062953016,0.4713668286515647,-1.0148132334464322e-16,1.8388068845354155e-16,0,0
264,0.3308052282174774,0.8804938347790283,0.1101842653322189,0.47212453274825,2.949029909160572e-17,3.122502256758253e-17,0,0
265,0.3498203016261358,0.8866821640819743,0.11539555147253405,0.47294842378985225,-1.3097162243624894e-16,1.3530843112619095e-16,0,0
266,0.3688364449879797,0.8928716011634728,0.12049920504170264,0.4738420685741616,1.222980050563649e-16,1.9081958235744878e-16,0,0
267,0.3878552082633392,0.8990645244784968,0.12549743369089686,0.47480738515460114,-1.0755285551056204e-16,-3.469446951953614e-17,0,0
268,0.4068648251620828,0.9052471866319717,0.1303921750051412,0.475840721798874,-8.500145032286355e-17,-1.2836953722228372e-16,0,0
269,0.4258802386823284,0.9114351269363873,0.1351931052417029,0.47694544542621387,1.5959455978986625e-16,1.5959455978986625e-16,0,0
270,0.450523315968862,0.9326235869717555,0.14097299425569465,0.4819934300438295,8.500145032286355e-17,3.469446951953614e-18,0,0
271,0.5075654096211814,0.9512118479600373,0.15457682639503517,0.4862144838870604,-1.734723475976807e-17,4.544975507059235e-16,0,0
272,0.5600000599317803,0.9704874003808742,0.16642139833731123,0.4912756201525178,2.740863092043355e-16,-2.949029909160572e-16,0,0
273,0.6091773197591976,0.9832708073518248,0.17709599731744416,0.494872985644391,6.071532165918825e-17,-1.942890293094024e-16,0,0
274,0.6200000000012484,1.0,0.17936481098168192,0.5,2.0816681711721685e-17,0.04647768236548256,0,4
275,0.0173205148147118,0.7500000607246693,0.006847657148593774,0.45864248271746344,-3.642919299551295e-17,1.491862189340054e-16,0,0
276,0.2886283341957554,0.8485546098437289,0.09901287689731057,0.4665321742827606,7.28583859910259e-17,4.36282954208167e-16,0,0
277,0.4448943049038018,0.9176210578301275,0.13990967954473693,0.4780901116043457,-2.185751579730777e-16,-1.6479873021779667e-17,0,0
278,0.4641677991303749,0.9230122238890253,0.14458976343775462,0.4791305572935964,1.7694179454963432e-16,3.608224830031759e-16,0,0
279,0.4829979923043898,0.9297692736372352,0.149071839501589,0.4806100654498967,-1.6132928326584306e-16,2.1510571102112408e-16,0,0
280,0.5022727688005876,0.9351623120149215,0.1535976261554974,0.4817561684296406,-1.6306400674181987e-16,-2.220446049250313e-16,0,0
281,0.5209554394605855,0.9423752002003472,0.15785680968673582,0.4835034091806827,1.6046192152785466e-16,-8.673617379884035e-17,0,0
282,0.5388731034008772,0.9488469074113417,0.1618991994938432,0.4851401238862713,1.0581813203458523e-16,1.0755285551056204e-16,0,0
283,0.5575304414975415,0.9544239295941528,0.1660595195631242,0.4865436118516825,-3.0357660829594124e-17,-4.5102810375396984e-17,0,0
284,0.5776157598116254,0.9635578685797813,0.17040770722931287,0.489068394600253,-8.760353553682876e-17,9.020562075079397e-17,0,0
285,0.5991195616501441,0.9661263408259742,0.17506346825558813,0.4896789323210732,4.2500725161431774e-17,-7.979727989493313e-17,0,0
286,0.6303961250911536,0.9804056793865074,0.18159301729231161,0.4938964368900619,-4.85722573273506e-17,-1.3704315460216776e-16,0,0
287,0.1706125642079759,0.791907044892644,0.06315202405845005,0.4606775540546382,-7.112366251504909e-17,-2.42861286636753e-16,0,0
288,0.1516026703952819,0.7857267171305097,0.056699842628031086,0.4604439656841075,6.678685382510707e-17,-3.469446951953614e-18,0,0
289,0.132591679134009,0.7795507229785994,0.0500948436580242,0.4601970968523958,-6.938893903907228e-17,6.245004513516506e-17,0,0
290,0.1135606365439844,0.7733531773829366,0.04333183557138981,0.45991883812821244,4.423544863740858e-17,7.979727989493313e-17,0,0
291,0.09456580031562942,0.7671905752370214,0.03643074670716416,0.4596006530219542,-9.454242944073599e-17,0.0,0,0
292,0.0755488728118404,0.7610030768241174,0.029375716323853825,0.45921561497287705,1.1275702593849246e-17,3.157196726277789e-16,0,0
293,0.05324563911205712,0.7503856165130752,0.02097723418642476,0.4582105836762942,1.9081958235744878e-17,-3.191891195797325e-16,0,0
294,0.1896121652199687,0.7980745007378505,0.06944978184104482,0.46090829344382267,7.19910242530375e-17,-1.214306433183765e-16,0,0
295,0.2086118141293398,0.8042517345233222,0.07559738976414727,0.46115186479952924,7.45931094670027e-17,2.3592239273284576e-16,0,0
296,0.03464093119172439,0.7400001471549682,0.01382575395849551,0.45706902610233785,4.5102810375396984e-17,-9.71445146547012e-17,0,0
297,0.2275568284591009,0.8103804764963927,0.08158255645473887,0.46141093003781086,-7.892991815694472e-17,-1.1449174941446927e-16,0,0
298,0.0,0.7400000000007427,0.0,0.45733169096599713,-0.04633380546641881,1.734723475976807e-17,1,0
299,0.2464977589944202,0.8166103899575263,0.08741805705415798,0.46172311448565706,7.892991815694472e-17,1.0408340855860843e-16,0,0
300,0.2654847669287553,0.8228053487091271,0.09313044562667079,0.4620677851779922,3.8163916471489756e-17,3.469446951953614e-18,0,0
301,0.2844843832286786,0.8289928939067882,0.09871112457274717,0.4624595457886655,-2.740863092043355e-16,-3.0531133177191805e-16,0,0
302,0.3076423683574192,0.8547433921086063,0.10445507066351603,0.4671067403860505,-1.700029006457271e-16,-2.5413698923060224e-16,0,0
303,0.3266570993641527,0.8609319644185345,0.10977713475929525,0.4677423013904314,4.9439619065339e-17,9.71445146547012e-17,0,0
304,0.3456721488216936,0.8671204540218347,0.11498360483062661,0.4684436841260699,-1.474514954580286e-17,8.326672684688674e-17,0,0
305,0.3646870199164394,0.8733086821017958,0.12007806495983935,0.4692143428096746,6.158268339717665e-17,-1.6653345369377348e-16,0,0
306,0.3837028715785791,0.8794980531283216,0.12506417832710057,0.47005677863594125,-9.627715291671279e-17,2.1163626406917047e-16,0,0
307,0.4027167040710303,0.8856853218801072,0.12994481059118163,0.47097141480629406,1.0061396160665481e-16,4.85722573273506e-17,0,0
308,0.4217315928612275,0.8918732679137377,0.13472517929905167,0.47195873914999575,-1.7867651802561113e-16,-1.4224732503009818e-16,0,0
309,0.440746806496952,0.8980608821426193,0.13941125365844922,0.4730058590974016,-2.6020852139652106e-18,2.949029909160572e-16,0,0
310,0.6169132349695035,0.968557020739917,0.17884019994385109,0.49029626638446466,-1.0581813203458523e-16,-1.1102230246251565e-16,0,0
311,0.6400000000011098,1.0,0.18355122299547202,0.5,-5.551115123125783e-17,0.046427716427210546,0,4
312,0.01666504831230727,0.7296368077910795,0.006737104379811043,0.4558719647005036,3.642919299551295e-17,-2.5326962749261384e-16,0,0
313,0.3034956062623645,0.8351819657395729,0.10416352488040272,0.4629066500792532,2.0122792321330962e-16,3.2526065174565133e-16,0,0
314,0.4598036237872508,0.9041154841512253,0.14403075049022063,0.47409649162419626,8.673617379884035e-17,-1.0842021724855044e-16,0,0
315,0.4787744628418278,0.9104369317061927,0.14851322318720536,0.4753569587699224,1.1622647289044608e-16,-2.3245294578089215e-16,0,0
316,0.4977899411994762,0.91662491193542,0.1529393678136115,0.47662812319501735,-1.0408340855860843e-16,-5.204170427930421e-17,0,0
317,0.5168614783071614,0.9226418375855641,0.15730095587934897,0.47792482699629,7.45931094670027e-17,4.163336342344337e-17,0,0
318,0.5358217434867958,0.9290004096106464,0.16155199688090147,0.4794087155516275,1.9949319973733282e-17,-4.5102810375396984e-17,0,0
319,0.5548384083788729,0.9351883092592784,0.1657483810405485,0.4809007590312296,-1.214306433183765e-17,1.3183898417423734e-16,0,0
320,0.573855336662267,0.9413759882844227,0.16987796934186059,0.48246207573325994,-1.8388068845354155e-16,1.249000902703301e-16,0,0
321,0.5929535455345256,0.9473126108727234,0.17396791241760404,0.4840095589814658,3.8163916471489756e-17,3.191891195797325e-16,0,0
322,0.6122242360824861,0.9526667270246733,0.17802544799263395,0.48542880325502896,3.5561831257524545e-17,2.3592239273284576e-16,0,0
323,0.6507398784103839,0.983106677747061,0.18580089533067357,0.49465779149526845,2.42861286636753e-16,-2.255140518769849e-16,0,0
324,0.6305890104766197,0.9598830553769047,0.18179740504797803,0.4875043042383068,7.112366251504909e-17,-1.8041124150158794e-16,0,0
325,0.660000000000971,1.0,0.18765230712269093,0.5,9.020562075079397e-17,0.04641008690649751,0,4
326,0.1854730646364886,0.7785250806806803,0.06905617766359806,0.4575578289617511,-4.7704895589362195e-17,-2.3592239273284576e-16,0,0
327,0.1664743507801187,0.7723481414842115,0.06268476749064159,0.45744678512697207,1.214306433183765e-16,3.122502256758253e-17,0,0
328,0.1474653043129695,0.7661807663561011,0.05614558688160379,0.45733128660167516,1.734723475976807e-18,-1.9081958235744878e-16,0,0
329,0.1284454144006158,0.7599985242455293,0.04943862268372725,0.457192549771726,6.938893903907228e-18,-2.7755575615628914e-17,0,0
330,0.1094324282438562,0.7538151233210022,0.04256969963001772,0.4570164178813586,6.071532165918825e-17,-3.8163916471489756e-17,0,0
331,0.09041577954960867,0.7476278334601761,0.03553723707043852,0.45678490663287247,-3.469446951953614e-18,-1.457167719820518e-16,0,0
332,0.07129553127485101,0.741128788907888,0.028304927339672555,0.4564517519156008,-9.020562075079397e-17,1.491862189340054e-16,0,0
333,0.05110036798725748,0.7308682009876969,0.02057414989635406,0.45553608823665115,-6.938893903907228e-17,1.9081958235744878e-16,0,0
334,0.2044703623315943,0.7846994210426421,0.07526585476845675,0.45767532088592133,1.8214596497756474e-17,-9.020562075079397e-17,0,0
335,0.2234699142584383,0.7908704194894725,0.08131839266819181,0.4578111210694635,1.1275702593849246e-17,-6.591949208711867e-17,0,0
336,0.03190843997420766,0.7202575281260865,0.013039100678104182,0.45446480816575074,-1.5092094240998222e-16,4.3021142204224816e-16,0,0
337,0.2424197987159729,0.7970371610848608,0.08720066166180707,0.45797930810191634,-1.3357370765021415e-16,1.249000902703301e-16,0,0
338,0.0,0.7200000000008053,0.0,0.45469200899014434,-0.046296334510152616,4.163336342344337e-17,1,0
339,0.2613961822788531,0.8032279641295761,0.09294088243158925,0.4581910097973935,9.280770596475918e-17,3.642919299551295e-16,0,0
340,0.2803527630928152,0.8094295575184054,0.09852964106579719,0.4584546831985744,-7.37257477290143e-17,1.5265566588595902e-16,0,0
341,0.299348158729572,0.8156209481442758,0.10399158190074044,0.45877004219196915,5.204170427930421e-18,-2.8449465006019636e-16,0,0
342,0.3225093742570958,0.8413704520315554,0.1094896528454037,0.46341497334387977,1.734723475976807e-17,-1.0581813203458523e-16,0,0
343,0.3415239781008065,0.8475589361699659,0.11469388466607186,0.4639898383987108,1.1275702593849246e-16,-3.8163916471489756e-16,0,0
344,0.3605389171356997,0.8537474506537698,0.11978094351143403,0.4646348305339517,-2.862293735361732e-17,-3.5041414214731503e-16,0,0
345,0.3795541504692712,0.8599360069763291,0.12475540024643786,0.4653525715805885,5.2909066017292616e-17,-2.1510571102112408e-16,0,0
346,0.398569203786075,0.866123952508582,0.12962158821281705,0.4661445794206564,-3.642919299551295e-17,-2.636779683484747e-16,0,0
347,0.4175838690725242,0.8723120295931008,0.13438394322168487,0.4670117394586496,1.1449174941446927e-16,1.1102230246251565e-16,0,0
348,0.4365976505120054,0.8784995286874513,0.13904795853962737,0.4679487804742038,-9.280770596475918e-17,-2.636779683484747e-16,0,0
349,0.4556120692963087,0.8846869776686452,0.14362244200188554,0.46896499098936073,1.6653345369377348e-16,-2.498001805406602e-16,0,0
350,0.6436269905227948,0.9676984358934254,0.1844414391394657,0.489845674138527,-4.163336342344337e-17,1.0928757898653885e-16,0,0
351,0.6690760261163456,0.9833553586905032,0.18953821308692204,0.4946982763804106,-2.411265631607762e-16,1.4224732503009818e-16,0,0
352,0.6800000000008324,1.0,0.19170215437802138,0.5,0.0,0.046388301421027886,0,4
353,0.01656949733854077,0.7078206189146546,0.00688834226915061,0.4530652261348127,4.163336342344337e-17,3.5735303605122226e-16,0,0
354,0.3183617598859174,0.8218093947767399,0.10932485708078528,0.45914584458782515,1.3183898417423734e-16,-6.852157730108388e-17,0,0
355,0.4746263000542394,0.8908748316707424,0.14810931936218774,0.47006218935776356,6.591949208711867e-17,1.734723475976807e-16,0,0
356,0.4936408923919625,0.8970627807497629,0.152502138047909,0.47123724965964414,-2.6020852139652106e-18,6.938893903907228e-17,0,0
357,0.512656541724588,0.9032503122716353,0.1568223209669056,0.47247965452092205,-1.2663481374630692e-16,-2.7755575615628914e-17,0,0
358,0.5316724351709358,0.9094378794804142,0.1610651389835839,0.4738056768049156,-8.326672684688674e-17,2.463307335887066e-16,0,0
359,0.5506886843769639,0.9156256121609223,0.1652328632753229,0.4752026717328581,-1.2663481374630692e-16,2.5326962749261384e-16,0,0
360,0.5697054515843155,0.9218131382955248,0.16933368660970388,0.47666900685098895,1.3530843112619095e-16,1.3530843112619095e-16,0,0
361,0.5887178673805236,0.9280016149439123,0.17336864966930082,0.478203332151634,-2.688821387764051e-17,-3.400058012914542e-16,0,0
362,0.6077350519747066,0.9341464348506131,0.17734480382521786,0.4797805083645997,5.2909066017292616e-17,-2.2898349882893854e-16,0,0
363,0.6270297233250244,0.9405572650384966,0.18131229715697347,0.4815057233502017,7.632783294297951e-17,1.9081958235744878e-16,0,0
364,0.65923319619839,0.9661691137879326,0.18766532241645242,0.48926671730723575,2.7755575615628914e-17,5.811323644522304e-17,0,0
365,0.647176742437427,0.9489276531687217,0.18536655895358087,0.4839096189556968,-1.700029006457271e-16,1.2836953722228372e-16,0,0
366,0.6886050815070114,0.9797222124234689,0.19346542021946117,0.4934571876865641,1.214306433183765e-16,-6.938893903907228e-18,0,0
367,0.7000000000006936,1.0,0.1956772332318617,0.5,-1.2663481374630692e-16,0.046330879450340964,0,4
368,0.7200000000005549,1.0,0.19958091675735506,0.5,6.591949208711867e-17,0.046317817031602225,0,4
369,0.7100000000006242,0.9826794919244314,0.1976662330657422,0.49434077612463195,-1.205632815803881e-16,-4.40619762898109e-16,0,0
370,0.2003402164471771,0.7651473959224845,0.07503126612886317,0.4542986775190511,1.8214596497756474e-17,1.8388068845354155e-16,0,0
371,0.1813285683387378,0.7589705692251117,0.0687441855205588,0.4543144270180889,-1.0408340855860843e-16,1.8735013540549517e-16,0,0
372,0.1623266730560484,0.7528042665273056,0.062285504113916534,0.4543337009740086,3.729655473350135e-17,-4.163336342344337e-17,0,0
373,0.1433139384684004,0.7466244070475541,0.055646583187845794,0.45433863671603925,1.214306433183765e-17,-1.6653345369377348e-16,0,0
374,0.1242978211975253,0.7404388664105587,0.048828142129351514,0.45431420765435465,6.765421556309548e-17,2.393918396847994e-16,0,0
375,0.1052824355838999,0.7342528958029627,0.041831869160068494,0.4542435588004309,-8.673617379884035e-17,-2.5673907444456745e-16,0,0
376,0.08626611525835683,0.7280652660005188,0.03465516221759992,0.454112547445564,9.020562075079397e-17,-4.5102810375396984e-17,0,0
377,0.06743156160307373,0.7208871743809803,0.02741146588902515,0.4537659149201251,5.377642775528102e-17,-2.42861286636753e-17,0,0
378,0.04852919821297198,0.7128074590186333,0.019984037831764143,0.45320797161599286,5.377642775528102e-17,-2.983724378680108e-16,0,0
379,0.2193373559021387,0.7713278170232729,0.08114238508609267,0.4543003966043045,-6.158268339717665e-17,2.7755575615628914e-17,0,0
380,0.2383371194591664,0.7774996816775415,0.08708897317789185,0.4543286526192536,-5.204170427930421e-17,2.42861286636753e-17,0,0
381,0.03270582736623292,0.7051146381668603,0.01362357099642901,0.45253806028718396,5.724587470723463e-17,-5.030698080332741e-16,0,0
382,0.2572964841840221,0.783646121927268,0.09286360714116616,0.4543930879317016,0.0,-2.2898349882893854e-16,0,0
383,0.0,0.700000000000853,0.0,0.4522338064325739,-0.046121448073943444,6.938893903907228e-18,1,0
384,0.2762527054608623,0.7898535911527592,0.09847876705285312,0.4545183355022817,1.4137996329210978e-16,-3.8163916471489756e-17,0,0
385,0.2952043650459516,0.7960643438964056,0.10394418345256247,0.4547011427645751,3.903127820947816e-17,-1.942890293094024e-16,0,0
386,0.314214130579973,0.8022488627142159,0.10928665482679555,0.45493797491121674,-6.505213034913027e-17,1.1102230246251565e-16,0,0
387,0.3373756848363535,0.827997751596881,0.11452934129189052,0.45958930448675983,-5.204170427930421e-17,1.7520707107365752e-16,0,0
388,0.3563920494399158,0.8341861832185775,0.11961120096222745,0.4601043393337162,-1.0842021724855044e-16,3.885780586188048e-16,0,0
389,0.3754058550560383,0.8403749280188673,0.12457450892637384,0.4606941794399556,6.158268339717665e-17,2.1163626406917047e-16,0,0
390,0.3944229087122018,0.8465650870390538,0.12942624059012348,0.4613608116319572,-1.734723475976807e-16,1.8041124150158794e-16,0,0
391,0.4134401385667064,0.8527519850073355,0.13417099202430238,0.46210447867353094,9.974659986866641e-17,-1.457167719820518e-16,0,0
392,0.4324497367249247,0.8589385757584111,0.1388123478208155,0.4629247384164509,-6.591949208711867e-17,-6.938893903907228e-18,0,0
393,0.4514639860266747,0.8651261431338116,0.1433603881827204,0.4638258430080546,1.0755285551056204e-16,1.0061396160665481e-16,0,0
394,0.4704777094106271,0.8713136234078287,0.14781823659190604,0.46480835602622655,-2.0729945537922845e-16,1.249000902703301e-16,0,0
395,0.6737162782841541,0.9689869106912554,0.19056673996689322,0.49007335228514787,-4.336808689942018e-17,-1.1796119636642288e-16,0,0
396,0.7300000000004856,0.9835423218247087,0.2015374379539024,0.49457726271812413,1.3704315460216776e-16,-1.0061396160665481e-16,0,0
397,0.7400000000004161,1.0,0.20343285709264008,0.5,1.3877787807814457e-17,0.046313497611887286,0,4
398,0.02733703394621676,0.6908407090458013,0.011596195874574966,0.4508850145106861,3.8163916471489756e-17,1.9081958235744878e-16,0,0
399,0.01155273937719225,0.6900957422779483,0.004901160208094503,0.4509945580757811,-2.0816681711721685e-17,-4.371503159461554e-16,0,0
400,0.3332275754932582,0.8084371087349106,0.11449379250655542,0.4552445657495639,-1.3530843112619095e-16,8.673617379884035e-17,0,0
401,0.4894920748596222,0.8775012145920957,0.15218963075426928,0.46586953432871125,9.71445146547012e-17,1.1275702593849246e-16,0,0
402,0.5085074723386659,0.8836885419444054,0.1564765648636284,0.4670110299469605,-1.205632815803881e-16,-5.204170427930421e-17,0,0
403,0.5275232027467467,0.8898758620265823,0.16068974839442163,0.4682303133773892,8.500145032286355e-17,-2.2898349882893854e-16,0,0
404,0.5465389775781643,0.8960633496603401,0.16482802586566206,0.4695265753086469,-3.122502256758253e-17,-4.0592529337857286e-16,0,0
405,0.5655526026813561,0.9022511246120973,0.1688958236140876,0.47089731788564365,2.0643209364124004e-16,-5.204170427930421e-17,0,0
406,0.584555221086491,0.9084380285855405,0.17289625918750695,0.4723383139087591,1.1796119636642288e-16,-1.8388068845354155e-16,0,0
407,0.603562553757338,0.9146243887247765,0.17683616807678032,0.473843404488148,-1.3183898417423734e-16,6.245004513516506e-17,0,0
408,0.622572751595304,0.920794099290303,0.1807205884269696,0.47541011713777726,-6.852157730108388e-17,1.3877787807814457e-16,0,0
409,0.6416038695265776,0.9269155397443387,0.1845528582073965,0.47703135537059443,-5.811323644522304e-17,1.5265566588595902e-16,0,0
410,0.6671151466164391,0.9514628061070979,0.189390018523226,0.4845096179816195,-1.0061396160665481e-16,9.020562075079397e-17,0,0
411,0.6850575150562721,0.9583139401781369,0.19291096476575081,0.486559028904043,-1.4051260155412137e-16,-2.7755575615628914e-17,0,0
412,0.7032428474586269,0.9643070211316827,0.19645452642995326,0.48838330147511627,3.616898447411643e-16,3.191891195797325e-16,0,0
413,0.7227801283547352,0.9683668131250349,0.20023108459922664,0.4896030825866448,-2.5760643618255585e-16,-6.245004513516506e-17,0,0
414,0.7500000000003472,0.9826794919244315,0.2053604533985151,0.4942344644057465,-7.632783294297951e-17,1.249000902703301e-16,0,0
415,0.7600000000002772,1.0,0.2072249434957701,0.5,1.734723475976807e-17,0.04629299666301376,0,4
416,0.2152044820906579,0.7517827713780524,0.08107080106442321,0.450890133021736,-1.474514954580286e-17,1.457167719820518e-16,0,0
417,0.1961980050186789,0.7456017412140485,0.07488733931764381,0.45103306694816947,4.423544863740858e-17,-4.0245584642661925e-16,0,0
418,0.1771922823205858,0.739426090607372,0.0685191329845416,0.45118950963370974,-1.5612511283791264e-17,1.4224732503009818e-16,0,0
419,0.1581787571392483,0.7332477426238222,0.06195912833363838,0.4513435408049165,-4.683753385137379e-17,2.671474153004283e-16,0,0
420,0.1391641032368202,0.727064277419002,0.055206475762132584,0.4514778057558496,8.500145032286355e-17,3.0878077872387166e-16,0,0
421,0.1201486072515593,0.7208779706273024,0.048259366085328714,0.45157475168663097,-2.1423834928313568e-16,-2.5673907444456745e-16,0,0
422,0.1011329046503152,0.7146907548446149,0.04111623628520925,0.4516177155010132,8.239936510889834e-17,2.706168622523819e-16,0,0
423,0.08211687002369317,0.7085038394456752,0.03377923979325855,0.45158919061571723,-2.7755575615628914e-17,3.469446951953614e-17,0,0
424,0.06310051806663869,0.7023170329615575,0.026256254448888433,0.45146340121126605,-4.5102810375396984e-17,2.42861286636753e-17,0,0
425,0.04448112875812571,0.6953458767974556,0.018728444296399617,0.45111635607895856,-9.8879238130678e-17,5.030698080332741e-16,0,0
426,0.2342060836934816,0.7579558318322548,0.08707406418200364,0.45077227631543376,1.214306433183765e-16,-1.5612511283791264e-16,0,0
427,0.253207197936303,0.7641342616514775,0.09290386420667078,0.4506935425026163,-1.214306433183765e-17,-2.8449465006019636e-16,0,0
428,0.2721646714141287,0.7702718526184253,0.09855658589107559,0.4506575428956506,-9.8879238130678e-17,-3.122502256758253e-16,0,0
429,0.0,0.6800000000008863,0.0,0.4499206735170193,-0.046300633249684954,7.632783294297951e-17,1,0
430,0.2910954543304231,0.7765055100705605,0.10403567288489275,0.4507003154975969,8.933825901280557e-17,4.2674197509029455e-16,0,0
431,0.310096188430845,0.7826791495954348,0.10938945059197633,0.4507904550613726,-2.1510571102112408e-16,3.469446951953614e-17,0,0
432,0.3290799957772987,0.7888770784333573,0.11459201360353546,0.45095815710750736,1.8908485888147197e-16,2.5673907444456745e-16,0,0
433,0.3522492446360464,0.8146242012869687,0.11957334761326169,0.4556241553434051,5.551115123125783e-17,1.1449174941446927e-16,0,0
434,0.3712668304480367,0.8208129756918834,0.1245278803765171,0.4560812838900059,-4.7704895589362195e-17,-2.3245294578089215e-16,0,0
435,0.3903001634744864,0.8270044006840953,0.1293690597857355,0.4566177505652713,1.734723475976807e-17,1.3530843112619095e-16,0,0
436,0.4093250074735593,0.8331785584026199,0.13409753190399945,0.45723127609396946,9.540979117872439e-18,-3.122502256758253e-17,0,0
437,0.4283225718846801,0.8393724140350409,0.13871269249137666,0.45793229357246884,-7.37257477290143e-17,7.28583859910259e-17,0,0
438,0.4473195200390787,0.8455659960366968,0.14322941119545754,0.4587169765635126,-2.688821387764051e-17,5.551115123125783e-17,0,0
439,0.4663289741858669,0.8517528619806206,0.14765660372579092,0.4595832513682126,-1.0928757898653885e-16,-1.8735013540549517e-16,0,0
440,0.4853433186962761,0.8579401845588109,0.1519969195795606,0.46053206772849975,2.940356291780688e-16,-4.5102810375396984e-17,0,0
441,0.6607669650595033,0.9326395800996419,0.18836935164385407,0.4785711094918709,1.3877787807814457e-16,4.163336342344337e-17,0,0
442,0.739747803600565,0.9718366202047635,0.20346243780243495,0.4906730663002561,7.979727989493313e-17,-2.255140518769849e-16,0,0
443,0.7695446840947222,0.9825691381403117,0.20904485441146037,0.4941570750570274,2.0469737016526324e-16,-1.3877787807814457e-16,0,0
444,0.7800000000001385,1.0,0.21097293235827694,0.5,-5.898059818321144e-17,0.046265263039483785,0,4
445,0.01872682817288138,0.6722769463575227,0.00815302080727414,0.44892574902104937,-7.806255641895632e-17,1.8041124150158794e-16,0,0
446,0.03991479845395134,0.6766977740388739,0.017235692637505653,0.4490340464872655,5.637851296924623e-17,-2.498001805406602e-16,0,0
447,0.3480928482111985,0.795064907467411,0.11966669414076199,0.45119780000341175,-1.942890293094024e-16,-3.391384395534658e-16,0,0
448,0.5043579417948375,0.8641274117647194,0.15625426284536137,0.4615635218694554,0.0,-1.8735013540549517e-16,0,0
449,0.5233743626385498,0.8703138081481105,0.16043247220654783,0.4626782763552262,-9.280770596475918e-17,-5.551115123125783e-17,0,0
450,0.542389609210616,0.8765014543103378,0.16453729044423998,0.4638720566050808,6.505213034913027e-17,2.5673907444456745e-16,0,0
451,0.5614051652271941,0.8826887020119828,0.16857192233544913,0.46514419535472573,-2.3678975447083417e-16,-1.0061396160665481e-16,0,0
452,0.5803957652480245,0.888881231139934,0.172534995681095,0.46649367436149924,2.0383000842727483e-16,2.740863092043355e-16,0,0
453,0.5994032020736744,0.8950690163537962,0.1764408331082311,0.4679114675186923,-7.025630077706069e-17,1.0408340855860843e-16,0,0
454,0.6184101958626786,0.9012535729721103,0.18029018329427812,0.46939817300263886,-2.3418766925686896e-17,-2.2898349882893854e-16,0,0
455,0.6374273021874686,0.9074296105302484,0.18408842585819843,0.4709513471443895,-6.938893903907228e-18,-2.6020852139652106e-16,0,0
456,0.6564343093227232,0.9136407432348264,0.18783129511737653,0.47257659426878407,1.0234868508263162e-16,-3.2612801348363973e-16,0,0
457,0.6798144747455526,0.9387337808756469,0.1921000721693206,0.4802938756496693,1.3877787807814457e-16,-2.2985086056692694e-16,0,0
458,0.6985943946350083,0.9453817585565791,0.1957286771213289,0.4822574134300653,5.117434254131581e-17,-3.434752482434078e-16,0,0
459,0.7172000935522883,0.950993654837319,0.19929528868623153,0.4839307848520764,1.3010426069826053e-17,1.1796119636642288e-16,0,0
460,0.7362378291159707,0.9565646105772447,0.20290462017247424,0.4856241616438233,3.469446951953614e-18,6.245004513516506e-17,0,0
461,0.756137854082201,0.9640919991555394,0.20661569580960493,0.48801444696210194,-7.45931094670027e-17,-2.7755575615628914e-17,0,0
462,0.7902145145269515,0.9828033062575062,0.21288783630854952,0.4941835995750386,-3.3306690738754696e-16,-2.393918396847994e-16,0,0
463,0.7999999999999997,1.0,0.21466774265059288,0.5,2.3418766925686896e-17,0.046249547150724026,0,4
464,0.819999999999861,1.0,0.21832115805081903,0.5,3.122502256758253e-17,0.04623268848505401,0,4
465,0.809785834282809,0.9826474805106242,0.2164810043347367,0.4940916116945575,2.927345865710862e-16,-1.2836953722228372e-16,0,0
466,0.2300630607406653,0.7384055923353441,0.08717178893475361,0.44731568008242356,2.5153490401663703e-17,8.673617379884035e-17,0,0
467,0.2110648385452364,0.7322279865108261,0.08110550199265461,0.44758779866624326,-1.8908485888147197e-16,-9.020562075079397e-17,0,0
468,0.1920576423696788,0.7260556336404448,0.07484199303810038,0.44788569524795274,1.5005358067199381e-16,2.706168622523819e-16,0,0
469,0.1730431331781118,0.7198735178950072,0.06837633686308764,0.4481916377524542,8.326672684688674e-17,-7.632783294297951e-17,0,0
470,0.1540287373482317,0.7136887127382471,0.06170505727335012,0.4484897525130972,-2.0816681711721685e-17,-3.642919299551295e-16,0,0
471,0.1350142105903112,0.707503121776454,0.05482378885566554,0.44876187724256716,-7.112366251504909e-17,-3.712308238590367e-16,0,0
472,0.1159991201926727,0.7013162161503943,0.04772917826796579,0.44898887527925624,1.734723475976807e-16,2.740863092043355e-16,0,0
473,0.09698350622235877,0.6951291585589072,0.04042058307234708,0.4491512258795286,-6.938893903907228e-17,-4.85722573273506e-17,0,0
474,0.0779675772103486,0.688942006135537,0.032901849514318994,0.4492254510580747,-8.673617379884035e-19,-4.163336342344337e-17,0,0
475,0.05895098786241644,0.6827545912195692,0.0251738377809881,0.44919051555305467,8.760353553682876e-17,-4.718447854656915e-16,0,0
476,0.2490649439486229,0.7445824125333343,0.09305286206006741,0.44708057734540363,5.811323644522304e-17,4.544975507059235e-16,0,0
477,0.2680671125039448,0.7507580838725583,0.09875546189319619,0.4468937625508987,-5.898059818321144e-17,3.5388358909926865e-16,0,0
478,0.2870389201896488,0.7569312965855636,0.1042780695655021,0.44676714150414293,-1.986258379993444e-16,-1.1102230246251565e-16,0,0
479,0.0,0.6600000000009563,0.0,0.4477656934441307,-0.04619621641550858,2.42861286636753e-17,1,0
480,0.3060039431593216,0.7631164489281859,0.10963644122734297,0.44670998965928377,1.0234868508263162e-16,-5.898059818321144e-17,0,0
481,0.3249702627090388,0.7692966421061956,0.11484201575296143,0.44672507087093505,-1.5265566588595902e-16,-1.6306400674181987e-16,0,0
482,0.3439451854684188,0.7755055257196981,0.1199029979948878,0.4468251434043232,2.0990154059319366e-16,4.128641872824801e-16,0,0
483,0.3671404793875158,0.8012462810121491,0.12462130987877602,0.45151370068236873,7.632783294297951e-17,1.6653345369377348e-16,0,0
484,0.3861604710857193,0.8074360498659363,0.12944419268457485,0.4519159216532409,9.974659986866641e-17,1.8388068845354155e-16,0,0
485,0.4052078729522773,0.8136186315073966,0.13415862197786052,0.4523995480353185,-1.249000902703301e-16,1.734723475976807e-17,0,0
486,0.4242212182882382,0.8198071021150177,0.13875420745662756,0.4529721438542599,1.4311468676808659e-16,4.5102810375396984e-17,0,0
487,0.4431949013432671,0.8260032527952549,0.143236881305824,0.4536360672294497,-1.0581813203458523e-16,6.938893903907228e-17,0,0
488,0.4621983752927126,0.8321837692479614,0.14763188972688665,0.454381752583778,6.071532165918825e-17,1.214306433183765e-16,0,0
489,0.4811945937248717,0.8383797519313048,0.15193384550818065,0.455218762878387,-3.469446951953614e-18,2.0469737016526324e-16,0,0
490,0.500208607742474,0.8445668563016981,0.15615588520019708,0.456139052125435,-1.5178830414797062e-16,4.163336342344337e-16,0,0
491,0.6754505397298585,0.919828873783096,0.19153118881251574,0.4742542530193556,1.214306433183765e-16,2.0816681711721685e-16,0,0
492,0.77959379285619,0.9661580304763634,0.21098463270700585,0.4886013477352353,-6.591949208711867e-17,4.3194614551822497e-16,0,0
493,0.8300000427289717,0.9826794882876131,0.2201540532792822,0.4940689260191307,-5.204170427930421e-17,-1.5612511283791264e-16,0,0
494,0.8399999999997222,1.0,0.22193877985868693,0.5,-2.0816681711721685e-17,0.046217084429119225,0,4
495,0.03527268774392057,0.6585747443203396,0.015663907777574464,0.4471657446054074,2.2551405187698492e-17,1.249000902703301e-16,0,0
496,0.05466022691561565,0.6640414895908068,0.023983735775632026,0.44719903225343943,-2.7755575615628914e-17,3.434752482434078e-16,0,0
497,0.01802505072465493,0.6498253970949318,0.008124076799798348,0.44663956996050747,-2.6020852139652106e-17,1.9081958235744878e-16,0,0
498,0.3629862976476309,0.7816872389177594,0.12484767979158211,0.44699773800186526,1.734723475976807e-17,-1.7780915628762273e-16,0,0
499,0.5192225728894079,0.8507539703050323,0.16029813699320156,0.4571454719281744,-1.1449174941446927e-16,7.112366251504909e-17,0,0
500,0.5382398723393258,0.8569401885267561,0.1643655105711827,0.458235798020983,1.0061396160665481e-16,1.0061396160665481e-16,0,0
501,0.5572556395500381,0.8631270862453162,0.16836263450354996,0.4594078296587846,-6.938893903907228e-18,3.469446951953614e-18,0,0
502,0.5762465600320732,0.86931953868104,0.17228805547232767,0.4606618185595772,4.5102810375396984e-17,-1.3183898417423734e-16,0,0
503,0.5952411583624412,0.8755122912636736,0.17615290736130004,0.46199161243819614,-8.153200337090993e-17,9.71445146547012e-17,0,0
504,0.6142554643918103,0.8816979427908893,0.17996561193812158,0.46339238245607306,6.158268339717665e-17,1.4224732503009818e-16,0,0
505,0.6332696353949445,0.8878902357454242,0.18372515884562202,0.4648672645257793,-1.0234868508263162e-16,1.3877787807814457e-16,0,0
506,0.6522854163555294,0.8940781684822195,0.1874352764381157,0.46640724178808657,-4.336808689942018e-17,2.7755575615628914e-16,0,0
507,0.6713009958038443,0.9002661342141308,0.19109948614554473,0.46801250255332716,-1.8214596497756474e-16,1.5612511283791264e-16,0,0
508,0.6945021459955802,0.9259071749057598,0.19519273607788928,0.47596082652114524,-1.457167719820518e-16,9.454242944073599e-17,0,0
509,0.7134854981581206,0.9321505747700152,0.19879836695211758,0.4777736645651899,-2.0816681711721685e-17,2.8449465006019636e-16,0,0
510,0.7324970883139154,0.9383941307699577,0.2023707778595901,0.4796340631317662,-2.3071822230491534e-16,1.7694179454963432e-16,0,0
511,0.7515313218899561,0.9445297248596082,0.20591274650465222,0.48150883019371904,2.2898349882893854e-16,2.2898349882893854e-16,0,0
512,0.7717478987344745,0.9492960654618872,0.2096563501611355,0.48296303514248334,-1.2576745200831851e-16,-3.226585665316861e-16,0,0
513,0.7997909585835214,0.9654677957315072,0.2147156994739222,0.48827663478375755,1.0061396160665481e-16,-6.245004513516506e-17,0,0
514,0.8185004484403801,0.9650431471286696,0.2181317319151996,0.4880642810134485,-5.811323644522304e-17,3.365363543395006e-16,0,0
515,0.8499249053950468,0.9827867185305563,0.22373849734790294,0.494068960790359,-6.938893903907228e-18,-2.0816681711721685e-17,0,0
516,0.2449189598754703,0.7250253994427767,0.09332952894717533,0.4435649248249066,-1.717376241217039e-16,-4.3368086899420177e-16,0,0
517,0.225918957164205,0.7188555591216429,0.08739009614347573,0.4439671983587511,7.28583859910259e-17,6.245004513516506e-17,0,0
518,0.2069184310748816,0.7126841810666288,0.08124913486749219,0.444406054322576,2.2551405187698492e-17,7.28583859910259e-17,0,0
519,0.1879075336988957,0.7065007936527987,0.07489545963176054,0.44486601387948393,-3.209238430557093e-17,-1.3183898417423734e-16,0,0
520,0.1688939588189037,0.7003143316429825,0.06832320292492935,0.44533166132938423,-6.938893903907228e-17,-6.938893903907228e-17,0,0
521,0.1498795383371022,0.6941289538049832,0.06152619602025166,0.44578494182423944,-5.898059818321144e-17,1.1102230246251565e-16,0,0
522,0.1308649045719025,0.6879421255284602,0.054499586940706335,0.4462051483967168,1.3617579286417936e-16,2.0122792321330962e-16,0,0
523,0.1118498210569729,0.681754824870977,0.0472401742339624,0.44657070977925717,-3.9898639947466563e-17,-1.249000902703301e-16,0,0
524,0.09283428182634604,0.6755674505059583,0.03974807862980343,0.44685869801936073,-1.1275702593849246e-17,-7.632783294297951e-17,0,0
525,0.07381827324502416,0.6693798603558658,0.03202365490110717,0.44704431978757647,-8.326672684688674e-17,4.163336342344337e-16,0,0
526,0.2639285629816903,0.7312110107083393,0.09907812020112475,0.44321440537762125,1.6653345369377348e-16,1.5612511283791264e-16,0,0
527,0.2829401545365345,0.737397295585803,0.10464392677706089,0.44292415171016086,7.719519468096792e-17,-2.0816681711721685e-16,0,0
528,0.3019290368827864,0.7435620171726103,0.11003076460293669,0.4427004925777823,-6.938893903907228e-17,-1.8041124150158794e-16,0,0
529,0.0,0.6400000000009717,0.0,0.44583809174363404,-0.04616505456819427,-3.469446951953614e-18,1,0
530,0.3208937964131882,0.7497240780387515,0.11524703990227785,0.44255398497214476,5.898059818321144e-17,-6.245004513516506e-17,0,0
531,0.3398460074315059,0.7559271616113571,0.12030174059658506,0.44250055521706727,2.2551405187698492e-17,-3.2959746043559335e-16,0,0
532,0.3588153939752163,0.7621356966607242,0.12521625886847298,0.4425342491361438,7.719519468096792e-17,-1.457167719820518e-16,0,0
533,0.3820789136495662,0.787864667241276,0.129676870454509,0.4472522492084372,-7.28583859910259e-17,-3.686287386450715e-16,0,0
534,0.4011201146208023,0.7940581079462032,0.1343684381699527,0.4476032928351736,2.0816681711721685e-17,-9.367506770274758e-17,0,0
535,0.4201493948452771,0.800245953747151,0.13894279539002638,0.44804380307058767,1.5525775109992423e-16,-8.673617379884035e-17,0,0
536,0.4391275612303687,0.8064238022026432,0.14339802140816615,0.4485759589099724,-1.8908485888147197e-16,-7.979727989493313e-17,0,0
537,0.4581004959824952,0.8126096545896315,0.14775198225550581,0.44920205498806576,1.3877787807814457e-16,-1.214306433183765e-16,0,0
538,0.4770860761988756,0.8187934874541096,0.15201594511075722,0.4499179691350223,4.336808689942018e-18,-1.0755285551056204e-16,0,0
539,0.4960598584144131,0.8250069009601726,0.15618867341236758,0.45073362295577013,-5.811323644522304e-17,-2.185751579730777e-16,0,0
540,0.5150735241411495,0.8311938924732957,0.16029107075404564,0.45162978576298896,1.2663481374630692e-16,-2.220446049250313e-16,0,0
541,0.6903225858745061,0.906435736729321,0.1947234378221192,0.46967568726636855,1.1449174941446927e-16,1.474514954580286e-16,0,0
542,0.7896898921798011,0.9526883147243899,0.21294551387777444,0.4839961822013732,1.474514954580286e-16,-3.226585665316861e-16,0,0
543,0.8380359461438216,0.9657431024165031,0.22165366046446536,0.48823554741426073,0.0,-1.0755285551056204e-16,0,0
544,0.8599999999995834,1.0,0.22551821192781207,0.5,3.469446951953614e-18,0.04619828504939876,0,4
545,0.05244327705302891,0.6450969015150974,0.023718220462524083,0.44528062829404175,1.917682592583736e-17,-3.469446951953614e-17,0,0
546,0.03455279600725733,0.639207243250418,0.015810430200234926,0.4452813193162038,6.591949208711867e-17,-2.2898349882893854e-16,0,0
547,0.06984901692143827,0.6499698157765915,0.03122336629829145,0.44506103006872916,5.4643789493269423e-17,-1.942890293094024e-16,0,0
548,0.01726163296130354,0.6299709429382733,0.008057356677479336,0.4448288618931151,3.122502256758253e-17,-2.8449465006019636e-16,0,0
549,0.3779121846338594,0.7683128389836402,0.13003243447201485,0.44264222033617373,-6.245004513516506e-17,2.957703526540456e-16,0,0
550,0.5340867301717244,0.8373805123293135,0.16431716917642136,0.45261419992750485,1.2836953722228372e-16,-3.903127820947816e-17,0,0
551,0.5531030905251182,0.8435672474216616,0.16827258641380605,0.45368491824195645,-6.418476861114186e-17,-1.1449174941446927e-16,0,0
552,0.5720980464721666,0.8497578965169518,0.1721571004275923,0.4548410962744709,-1.1275702593849246e-17,-3.122502256758253e-17,0,0
553,0.5910946395376975,0.8559512148549305,0.17598042706708422,0.4560788855511358,1.1362438767648086e-16,-8.326672684688674e-17,0,0
554,0.6101055707297427,0.8621397773259085,0.17975018596611636,0.4573930824676154,-1.6306400674181987e-16,-3.0184188481996443e-16,0,0
555,0.6291207987292102,0.8683282951717928,0.18346827264845594,0.45878287070671364,8.500145032286355e-17,2.5673907444456745e-16,0,0
556,0.6481364874575974,0.8745161089575813,0.18713766672728407,0.46024413474243653,2.203098814490545e-16,-1.6306400674181987e-16,0,0
557,0.6671519325450134,0.8807038869771284,0.19076226458211717,0.4617748055914101,-1.8561541192951836e-16,-3.469446951953614e-16,0,0
558,0.6861673381310898,0.886891881022092,0.19434547788728035,0.4633729923720967,1.951563910473908e-16,-7.632783294297951e-17,0,0
559,0.7093393774330123,0.9126209930597247,0.1983040381480145,0.4714042982589807,-1.249000902703301e-16,-2.185751579730777e-16,0,0
560,0.728348068045227,0.9188304642534076,0.20184708909941418,0.47319362420736116,-6.938893903907228e-17,-1.214306433183765e-16,0,0
561,0.7473644552738129,0.925018898196249,0.20535948861941203,0.47502866211260164,4.5102810375396984e-17,-1.0755285551056204e-16,0,0
562,0.7663826082155759,0.931198588087446,0.20884150289178516,0.47691227305927464,3.9898639947466563e-17,3.2959746043559335e-16,0,0
563,0.7858414604877464,0.9367243412123015,0.21238181486586508,0.4786072552176746,7.979727989493313e-17,2.914335439641036e-16,0,0
564,0.8052670945139342,0.9453468881368421,0.21585412500044873,0.4814008119727038,-1.5439038936193583e-16,-1.5612511283791264e-16,0,0
565,0.8264207371766513,0.9483499712282395,0.21966144753366706,0.4823081098915,1.8041124150158794e-16,-1.700029006457271e-16,0,0
566,0.8695493896426905,0.9833228551980655,0.22723508832769018,0.49422796818325676,8.326672684688674e-17,2.7755575615628914e-17,0,0
567,0.8594553867664206,0.9629948036338655,0.22549313056813933,0.4872164992008807,-2.185751579730777e-16,2.220446049250313e-16,0,0
568,0.879999999999508,1.0,0.22906811303442445,0.5,-3.122502256758253e-17,0.046177902647622254,0,4
569,0.2597825097898128,0.7116554984042485,0.09954010112762401,0.4396283072383513,-8.500145032286355e-17,-2.8449465006019636e-16,0,0
570,0.2407837453601635,0.705482185788865,0.09374330452602825,0.44015602429179856,1.93421667571414e-16,3.7470027081099033e-16,0,0
571,0.2217834451966091,0.6993122503346747,0.08773771277408304,0.4407351417243584,-4.423544863740858e-17,-1.0408340855860843e-17,0,0
572,0.202771886543113,0.6931278401942396,0.08151110697942547,0.44134951875279793,-7.632783294297951e-17,1.6306400674181987e-16,0,0
573,0.1837584444451263,0.6869413631609507,0.07505561941145672,0.4419846821457593,-8.673617379884035e-18,4.163336342344337e-17,0,0
574,0.1647445450777633,0.6807549250855562,0.06836269718698372,0.4426224761175538,-3.2959746043559335e-17,-9.367506770274758e-17,0,0
575,0.1457303106944724,0.6745683082143149,0.06142475119829946,0.44324226447997933,7.979727989493313e-17,1.5612511283791264e-16,0,0
576,0.1267157763095658,0.6683811617038493,0.054236135238083655,0.44382105806275335,-4.423544863740858e-17,-1.491862189340054e-16,0,0
577,0.1077007208242567,0.6621934775192613,0.04679385521478241,0.44433385910660067,5.204170427930421e-17,2.636779683484747e-16,0,0
578,0.08868516640738838,0.6560054759780638,0.03909657403414154,0.4447566603370292,-3.469446951953614e-17,-1.97758476261356e-16,0,0
579,0.278791982869667,0.7178400342296178,0.1051420454215437,0.43916432629911073,-3.122502256758253e-17,6.938893903907228e-18,0,0
580,0.2978029163794308,0.7240260673905646,0.11055774955614156,0.4387729230843661,9.020562075079397e-17,1.700029006457271e-16,0,0
581,0.3168083216348012,0.7302059465058353,0.11579655111431846,0.4384610801173711,-2.0383000842727483e-16,-7.28583859910259e-17,0,0
582,0.0,0.6200000000010513,0.0,0.44414611210489174,-0.04605701907104766,-9.367506770274758e-17,1,0
583,0.3357677468912524,0.7363539100319914,0.12086001901008349,0.43823247842292423,1.1102230246251565e-16,2.914335439641036e-16,0,0
584,0.3547381300396422,0.7425638356829851,0.12576713870106745,0.43810905362091224,-3.729655473350135e-17,1.214306433183765e-16,0,0
585,0.3737103255157628,0.7487630409603618,0.1305318048047384,0.438079061601985,-9.974659986866641e-17,-2.0469737016526324e-16,0,0
586,0.3969659855381776,0.7745021422538098,0.13470689572085154,0.4428494867339211,3.122502256758253e-17,2.203098814490545e-16,0,0
587,0.4160100758003548,0.7806941041711686,0.13925852434458724,0.4431535073821847,-1.734723475976807e-18,-6.245004513516506e-17,0,0
588,0.4350210023741492,0.7868831459696934,0.14369012895508362,0.44355519008171357,-1.3877787807814457e-17,1.1449174941446927e-16,0,0
589,0.4540068483339149,0.7930455575197319,0.14801357603508122,0.4440476069496324,1.734723475976807e-16,-1.2836953722228372e-16,0,0
590,0.4729892134958328,0.799208058318088,0.15223986357801764,0.4446358159522219,-1.196959198423997e-16,-1.8735013540549517e-16,0,0
591,0.4919426311331868,0.8054262510185701,0.15636594523368386,0.44533678186291104,1.0408340855860843e-16,-9.71445146547012e-17,0,0
592,0.5109249648183201,0.8116340881539248,0.16041661479340485,0.4461277070043288,-5.0306980803327406e-17,-6.591949208711867e-17,0,0
593,0.5299377822727174,0.8178208961301869,0.16439811205777732,0.44700393046587555,1.0408340855860843e-17,9.367506770274758e-17,0,0
594,0.705182739613957,0.8930795448765878,0.19789033842861453,0.46503432010352885,1.8041124150158794e-16,-1.214306433183765e-16,0,0
595,0.844050932538159,0.9507040883730393,0.22280925819819813,0.4830303237646492,-3.0704605524789486e-16,4.163336342344337e-17,0,0
596,0.8860015240249641,0.9850843949187775,0.23014231200527457,0.4948193620608945,-1.717376241217039e-16,-2.636779683484747e-16,0,0
597,0.8999999999995835,1.0,0.23259313758920677,0.5,-1.734723475976807e-17,0.046188083124102546,0,4
598,0.06898045746591279,0.6295214567815688,0.03190088651165355,0.44302005080823403,5.898059818321144e-17,-2.393918396847994e-16,0,0
599,0.05134447726402894,0.6292666593708602,0.023823441488693545,0.4438343608795613,-6.071532165918825e-18,7.28583859910259e-17,0,0
600,0.03452892607752868,0.6195758424336338,0.016350947885413875,0.44352718225820126,1.3444106938820255e-17,0.0,0,0
601,0.08514427467942748,0.636347927512857,0.038759521390665505,0.44280892070866656,1.249000902703301e-16,-5.551115123125783e-17,0,0
602,0.01626284366935944,0.6100000372195793,0.007819969889514881,0.44325116907962436,-4.5102810375396984e-17,-5.0306980803327406e-17,0,0
603,0.3928123391244243,0.7549465117677383,0.13519839158390165,0.4381330038811314,1.491862189340054e-16,-5.724587470723463e-17,0,0
604,0.5489467612348604,0.8240054497380624,0.1683067666874808,0.44797047150225405,3.8163916471489756e-17,-1.214306433183765e-17,0,0
605,0.5679471335582691,0.8301946364850848,0.17214634916859048,0.4490271808520134,1.1362438767648086e-16,-1.734723475976807e-17,0,0
606,0.5869458228334559,0.8363899232966079,0.17592370788722275,0.4501714439907084,-9.367506770274758e-17,-1.97758476261356e-16,0,0
607,0.6059568550944723,0.8425790102813623,0.17964713166904459,0.4513964211588854,3.122502256758253e-17,3.122502256758253e-16,0,0
608,0.6249718042687384,0.8487666712665545,0.18331902667727545,0.4527010097170034,-4.423544863740858e-17,-3.400058012914542e-16,0,0
609,0.6439877522856071,0.8549543871025148,0.18694296299021593,0.4540822263907592,3.9898639947466563e-17,0.0,0,0
610,0.6630027312009658,0.8611419750669996,0.19052272206728152,0.4555372774105937,5.898059818321144e-17,3.122502256758253e-16,0,0
611,0.6820183723602156,0.8673298551966699,0.19406234672229528,0.45706359263904095,-1.196959198423997e-16,-1.7694179454963432e-16,0,0
612,0.7010337623450045,0.8735176678284483,0.19756488394044674,0.45865752397549214,1.4051260155412137e-16,2.0816681711721685e-16,0,0
613,0.7241983606010299,0.899267733717322,0.20139911504685926,0.46675555334493,-1.5612511283791264e-16,-9.8879238130678e-17,0,0
614,0.7432147693782081,0.9054558805480472,0.2048767544933206,0.46853260646938893,1.0755285551056204e-16,-6.245004513516506e-17,0,0
615,0.762230585914043,0.9116429905868009,0.20832527883296698,0.47036280372752326,1.734723475976807e-18,-2.463307335887066e-16,0,0
616,0.7812480109958824,0.9178200430898619,0.21174712959644323,0.4722348462352719,2.3765711620882257e-16,-1.1796119636642288e-16,0,0
617,0.8002763033513426,0.9239645843863437,0.2151468645304276,0.4741402484613036,-1.9949319973733282e-16,0.0,0,0
618,0.8193860316123323,0.929864411961023,0.218545086414442,0.4760056160843419,4.7704895589362195e-17,2.740863092043355e-16,0,0
619,0.8387136683402986,0.9350977774301886,0.22196300579592287,0.47767268278848535,3.642919299551295e-17,1.6653345369377348e-16,0,0
620,0.880966737771326,0.9675690708470063,0.2292897289539489,0.48873991179859144,2.463307335887066e-16,2.931682674400804e-16,0,0
621,0.8573500987032654,0.9415800020753974,0.2252272007409694,0.479810212529885,5.551115123125783e-17,-2.5673907444456745e-16,0,0
622,0.8994914927117138,0.974530048548816,0.2325303030345913,0.49113117816494767,-2.7755575615628914e-17,-1.6653345369377348e-16,0,0
623,0.9399999999997501,1.0,0.23959134847326535,0.5,-9.020562075079397e-17,0.04617242364500486,0,4
624,0.9199999999996669,1.0,0.23609921911015969,0.5,7.632783294297951e-17,0.04619186385772614,0,4
625,0.9299999999997091,0.9826794919242391,0.23785952479509806,0.49394491745679203,-1.1752751549742868e-16,3.0531133177191805e-16,0,0
626,0.9131686323850143,0.9845089026849032,0.23491686419023017,0.4945932950885601,1.6653345369377348e-16,-1.6306400674181987e-16,0,0
627,0.2746454464957416,0.6982841878627856,0.10579404881466738,0.43549369667303317,-7.112366251504909e-17,3.365363543395006e-16,0,0
628,0.2556463194002785,0.6921111324628898,0.10015269865380354,0.4361436655706572,5.984795992119984e-17,2.8796409701215e-16,0,0
629,0.2366471526571139,0.6859395374401908,0.09429835038799053,0.43685920043636095,-1.691355389077387e-16,-4.440892098500626e-16,0,0
630,0.2176358472526447,0.6797550855645601,0.08821590861071374,0.43762603035506414,1.1102230246251565e-16,-3.122502256758253e-16,0,0
631,0.1986230553730498,0.6735687294933235,0.08189585576719006,0.4384300255637756,3.0357660829594124e-17,2.7755575615628914e-17,0,0
632,0.179609446922566,0.6673815828694424,0.07532704279735172,0.4392535594741915,-4.5102810375396984e-17,8.326672684688674e-17,0,0
633,0.1605954146428343,0.661194929093395,0.06849934258157704,0.4400763310468115,6.938893903907228e-18,3.8163916471489756e-17,0,0
634,0.1415813823264215,0.6550079679406078,0.06140472854193055,0.4408749435934326,-8.153200337090993e-17,-3.0531133177191805e-16,0,0
635,0.1225671765713768,0.6488208532216453,0.054037754691432585,0.44162317079809,1.717376241217039e-16,3.469446951953614e-17,0,0
636,0.1035526159888144,0.6426329101052751,0.04639696695420726,0.4422929401576703,-1.5612511283791264e-16,-4.926614671774132e-16,0,0
637,0.2936549965533506,0.7044695220277537,0.11123697473072876,0.4349212652150724,7.546047120499111e-17,2.42861286636753e-17,0,0
638,0.31266510603052,0.7106553975880645,0.1164916350960036,0.4344338504616803,-3.9898639947466563e-17,7.632783294297951e-17,0,0
639,0.3316594301348571,0.7168275594968875,0.12156668146697633,0.4340365265498731,1.5612511283791264e-17,-3.0531133177191805e-16,0,0
640,0.0,0.6000000000010677,0.0,0.4426647664384893,-0.0460454167066406,1.6306400674181987e-16,1,0
641,0.3506511367442025,0.7230137719631383,0.126475083959156,0.433740142812544,-4.163336342344337e-17,2.7755575615628914e-17,0,0
642,0.3696370311132441,0.7292087207120731,0.13122819202183497,0.43354769356894557,-2.5153490401663703e-17,2.220446049250313e-16,0,0
643,0.3886773591754125,0.7353918472738388,0.13585513504784255,0.43345223355790086,5.204170427930421e-17,1.3183898417423734e-16,0,0
644,0.4118622854000591,0.7611366234128326,0.13972405012496492,0.4382937018302572,1.734723475976807e-17,-1.1362438767648086e-16,0,0
645,0.4308721328019408,0.7673257928748726,0.1441224130191867,0.438558555727756,6.071532165918825e-17,-2.706168622523819e-16,0,0
646,0.4498825448577984,0.7735107235974646,0.1484130323950957,0.43892395263455986,-2.6020852139652106e-17,1.0408340855860843e-16,0,0
647,0.468888982913104,0.7796914217819413,0.15260259612623792,0.439389909173475,-1.491862189340054e-16,2.3592239273284576e-16,0,0
648,0.487849701640437,0.7858445893908448,0.15669035541381052,0.43995138517746357,1.0234868508263162e-16,2.393918396847994e-16,0,0
649,0.5068124566838013,0.7920578205914881,0.16068926939861403,0.4406292174668771,-4.683753385137379e-17,6.245004513516506e-17,0,0
650,0.5257895442583612,0.7982615391736086,0.16461320121802298,0.44140140688970037,1.734723475976807e-18,1.1796119636642288e-16,0,0
651,0.544800576487354,0.8044468927258281,0.16847270173182172,0.4422619980462363,-2.0816681711721685e-17,-1.700029006457271e-16,0,0
652,0.7200491227094133,0.8797056249537101,0.2010337086722627,0.4603153721689319,-1.491862189340054e-16,1.3097162243624894e-16,0,0
653,0.8763235070589102,0.9487772703982195,0.22854403578860855,0.48222865968957124,1.1102230246251565e-16,-2.2898349882893854e-16,0,0
654,0.9478317020445453,0.9827872125318369,0.2409614313499347,0.49396969729450557,7.28583859910259e-17,-2.671474153004283e-16,0,0
655,0.9599999999998334,1.0,0.24306932505833775,0.5,9.020562075079397e-17,0.04617203352555563,0,4
656,0.08102251259340826,0.6169007128101909,0.038131352643204434,0.4411396126654899,-3.9898639947466563e-17,3.95516952522712e-16,0,0
657,0.0610065947257421,0.6116347275828801,0.029140512032839204,0.4418237448985711,-3.642919299551295e-17,1.7694179454963432e-16,0,0
658,0.04767775382154465,0.6160205055518495,0.022710912887855136,0.44283581319580995,-6.938893903907228e-18,-2.5673907444456745e-16,0,0
659,0.02876463826652014,0.6005506260817922,0.014086473646509664,0.44225693603664434,-1.0755285551056204e-16,3.469446951953614e-17,0,0
660,0.09950587131723898,0.6230574120662585,0.046069105992763974,0.44044954205778986,6.938893903907228e-18,4.2327252813834093e-16,0,0
661,0.01732050807564774,0.5900000000011215,0.008665361022389281,0.4418852243252949,4.5102810375396984e-17,1.8041124150158794e-16,0,0
662,0.4077095734089965,0.7415811241534366,0.14034677506061974,0.433465188894172,-1.1449174941446927e-16,1.6479873021779667e-16,0,0
663,0.5638050568072647,0.8106304943748224,0.17226323077744518,0.44321569493817914,-3.8163916471489756e-17,2.3678975447083417e-16,0,0
664,0.5828053827793178,0.8168225171733747,0.17599018387993615,0.44426295208116595,-6.591949208711867e-17,3.400058012914542e-16,0,0
665,0.6018083198943749,0.8230181627585027,0.17966062180686357,0.4453991499077838,-1.5092094240998222e-16,-2.7755575615628914e-17,0,0
666,0.6208235942074268,0.829205599271195,0.18328181163439794,0.44661725143341785,1.0061396160665481e-16,1.0408340855860843e-16,0,0
667,0.6398387363607538,0.8353927934743713,0.1868552677339253,0.4479169000294717,-1.97758476261356e-16,1.249000902703301e-16,0,0
668,0.6588534382978739,0.841579955587781,0.19038530764113853,0.44929505055718044,1.457167719820518e-16,-1.1796119636642288e-16,0,0
669,0.6778691610443153,0.8477682140006726,0.19387617943047164,0.4507489908325506,5.0306980803327406e-17,-5.204170427930421e-17,0,0
670,0.6968846894804,0.8539560348877844,0.1973313217682113,0.4522747979357779,-1.2750217548429532e-16,-6.591949208711867e-17,0,0
671,0.7159000263308198,0.8601436740493602,0.20075416776464683,0.4538689719879189,-7.28583859910259e-17,1.0755285551056204e-16,0,0
672,0.7390652198903824,0.8858933359796841,0.20447187377982853,0.4620339856479005,-5.898059818321144e-17,-2.42861286636753e-17,0,0
673,0.7580817130019695,0.8920808420772232,0.2078828460563013,0.4638093257100004,1.491862189340054e-16,1.3183898417423734e-16,0,0
674,0.777094216862144,0.8982687195214638,0.21126838431757844,0.46563614452537316,-2.2985086056692694e-16,-8.326672684688674e-17,0,0
675,0.7961113264867621,0.9044492049042098,0.21463368610769243,0.4675089430187476,2.42861286636753e-17,4.2327252813834093e-16,0,0
676,0.8151235433921357,0.9106478531037057,0.21797883385293576,0.4694358205391144,-9.71445146547012e-17,-1.5959455978986625e-16,0,0
677,0.8341407301120706,0.9168358654672023,0.22130837076646787,0.47139738934043446,-2.5153490401663703e-17,6.938893903907228e-17,0,0
678,0.853230696321044,0.9228087373319271,0.22463684064636433,0.4733231981084161,-3.2959746043559335e-17,3.122502256758253e-17,0,0
679,0.8956933127721411,0.9552968582306303,0.23192301080908242,0.4844339966480097,1.3877787807814457e-17,2.42861286636753e-16,0,0
680,0.8721869884145921,0.929219942744643,0.2279256134957346,0.47544286289961557,8.673617379884035e-18,1.0408340855860843e-16,0,0
681,0.9159979671153411,0.964387478214386,0.23544427871897605,0.48756478803720926,7.632783294297951e-17,-2.0816681711721685e-16,0,0
682,0.936711956366116,0.9659686173895196,0.23904666146706854,0.48808581369482823,-5.637851296924623e-17,-3.2612801348363973e-16,0,0
683,0.9687006111491041,0.9809011164293434,0.24458188788112198,0.49329689936837795,-1.0928757898653885e-16,-2.7755575615628914e-17,0,0
684,0.9799999999999167,1.0,0.2465364404621552,0.5,-3.122502256758253e-17,0.046172793776095566,0,4
685,0.2895125705426409,0.6849155089335541,0.11208374271072047,0.43115172254813433,7.719519468096792e-17,-3.157196726277789e-16,0,0
686,0.2705097640836058,0.6787387050540531,0.10661079132189048,0.4319177466415973,1.5612511283791264e-17,-3.8163916471489756e-16,0,0
687,0.2515092980152338,0.6725666802271963,0.10092191936135687,0.4327651108107633,-5.204170427930421e-17,-1.0408340855860843e-16,0,0
688,0.2324995288242523,0.6663828404342925,0.09500090482165945,0.4336802128280311,-2.42861286636753e-17,3.191891195797325e-16,0,0
689,0.2134873166740427,0.6601966849632666,0.08883486351102768,0.43465008328031046,1.1535911115245767e-16,2.740863092043355e-16,0,0
690,0.1944746734039604,0.654010084359409,0.08241053554516493,0.4356580626972353,-1.0581813203458523e-16,-3.365363543395006e-16,0,0
691,0.1754604415894257,0.6478223479349078,0.07571454632355423,0.43668435291434166,4.85722573273506e-17,-2.42861286636753e-17,0,0
692,0.1564465002513077,0.6416351391802927,0.06873577985078833,0.4377059379569391,-3.0357660829594124e-17,3.8163916471489756e-17,0,0
693,0.1374329080792247,0.6354481511537192,0.06146478363484791,0.43869615386075944,1.9949319973733282e-17,2.42861286636753e-16,0,0
694,0.1184191735124351,0.6292609557887809,0.053894929337734085,0.43962446538320127,-9.627715291671279e-17,-7.979727989493313e-17,0,0
695,0.308517460600183,0.6910996184997066,0.1173543246244726,0.43047707751996156,-6.158268339717665e-17,5.898059818321144e-17,0,0
696,0.3275268842657599,0.6972851303213758,0.12243745337085751,0.4298998999602689,1.3444106938820255e-16,1.6306400674181987e-16,0,0
697,0.04383101721887889,0.603604792820024,0.02131441487258323,0.44197989944781435,-8.673617379884035e-19,5.655198531684391e-16,0,0
698,0.3465362466759375,0.7034704884126546,0.12734493466238234,0.42942647564874165,-1.97758476261356e-16,4.163336342344337e-17,0,0
699,0.0,0.5800000000011323,0.0,0.44145195382821834,-0.04607895551553819,-1.3877787807814457e-16,1,0
700,0.3655470020652628,0.7096523728320356,0.13209024763146537,0.42906008061623346,1.1796119636642288e-16,-7.632783294297951e-17,0,0
701,0.384556943418872,0.7158370911519343,0.13668431252510793,0.42880566359789407,9.80118763926896e-17,-2.740863092043355e-16,0,0
702,0.4035657544761524,0.7220258392894592,0.1411381317558184,0.4286650094168566,-7.719519468096792e-17,-1.700029006457271e-16,0,0
703,0.4267238012150699,0.7477685895386764,0.1447112066942728,0.433586509857336,1.0061396160665481e-16,3.5908775952719907e-16,0,0
704,0.445734696639096,0.753954269123857,0.14896180369331566,0.4338153351625957,-2.7755575615628914e-16,5.204170427930421e-17,0,0
705,0.4647459129644738,0.7601398556851591,0.15310809152391944,0.4341514515307187,1.491862189340054e-16,1.0061396160665481e-16,0,0
706,0.4837284612395993,0.7663035349871459,0.15715306350095598,0.4345894795270922,8.933825901280557e-17,-3.7816971776294395e-16,0,0
707,0.502700477537387,0.7724974060893197,0.16110471656324754,0.43514212119958406,1.5612511283791264e-17,-1.0408340855860843e-17,0,0
708,0.5216578092509733,0.7786989757498131,0.16497174513927998,0.435801005329124,-1.0755285551056204e-16,-2.6020852139652106e-16,0,0
709,0.5406540657982706,0.7848901426674462,0.16877377124367876,0.4365554622442698,1.1622647289044608e-16,-6.591949208711867e-17,0,0
710,0.5596664278107965,0.7910767368070788,0.17251099094562203,0.43740625226982477,-1.474514954580286e-16,8.673617379884035e-17,0,0
711,0.7349157089955285,0.8663312696760298,0.2041481697422945,0.4555280766885763,-1.734723475976807e-17,3.209238430557093e-17,0,0
712,0.8912654032250021,0.9354450923241338,0.2312314155670213,0.47752281527737944,-7.806255641895632e-18,-2.2898349882893854e-16,0,0
713,0.9539933144097296,0.9683654684817679,0.2420425244552975,0.48890658099182693,-1.474514954580286e-16,3.7470027081099033e-16,0,0
714,0.9854608147088563,0.9854608147088646,0.2474831476594187,0.4948937121037781,1.2836953722228372e-16,1.0061396160665481e-16,0,0
715,1.0,1.0,0.25,0.5,0.023557072293680884,0.023087493851293904,2,4
716,0.09525655173429304,0.6035155710693808,0.04567185202744785,0.4388594575140825,-1.5612511283791264e-17,5.204170427930421e-17,0,0
717,0.0762413256378352,0.597327181848201,0.037216144766490065,0.4397302830729633,-3.8163916471489756e-17,8.326672684688674e-17,0,0
718,0.03597375861400417,0.5843739173582221,0.01818043710723742,0.44097929289586785,-3.469446951953614e-17,-2.671474153004283e-16,0,0
719,0.114271019060148,0.609702092189306,0.05380791790176125,0.437845472570613,-3.0357660829594124e-17,1.2836953722228372e-16,0,0
720,0.01741654021140049,0.5704430276834367,0.009053948757051091,0.4407907509845117,-1.734723475976807e-17,-3.0878077872387166e-16,0,0
721,0.422575648147439,0.7282119484739652,0.14546390872346585,0.42863734669235204,4.163336342344337e-17,-3.8337388819087437e-16,0,0
722,0.5786682515730902,0.7972551444229528,0.1761836180989806,0.4383510578868517,1.7694179454963432e-16,-3.0704605524789486e-16,0,0
723,0.5976727416476342,0.8034515300598475,0.1797985000863786,0.4393944646285138,-6.765421556309548e-17,-3.2612801348363973e-16,0,0
724,0.6166791343920344,0.8096445307280951,0.18336188698858125,0.4405267282307238,2.1684043449710089e-16,1.734723475976807e-16,0,0
725,0.6356927498599143,0.8158317467029483,0.18687971856466687,0.441743507427609,-8.673617379884035e-19,-1.249000902703301e-16,0,0
726,0.6547059780965616,0.8220194321833657,0.19035470082183525,0.4430438361279658,-1.231653667943533e-16,-1.8735013540549517e-16,0,0
727,0.6737204063762348,0.8282068321706741,0.19379145060309882,0.44442410676994026,1.3877787807814457e-16,3.226585665316861e-16,0,0
728,0.692735540198687,0.8343946807552809,0.19719377216522319,0.4458810902529993,-2.2638141361497333e-16,1.6653345369377348e-16,0,0
729,0.7117507909686704,0.8405821249739042,0.20056527057419343,0.4474109282140968,9.8879238130678e-17,1.1796119636642288e-16,0,0
730,0.7307662768362265,0.8467696156574624,0.20390943440472295,0.4490101872134143,-9.8879238130678e-17,-8.673617379884035e-17,0,0
731,0.7539307567425622,0.872518572154622,0.20751609131918985,0.45724844517656066,-2.7755575615628914e-17,-3.8163916471489756e-17,0,0
732,0.7729443533864299,0.8787068057308765,0.21086100210592518,0.4590255732398908,1.1796119636642288e-16,2.8102520310824275e-16,0,0
733,0.7919570096221515,0.8848964688161024,0.2141862367277778,0.46085633541883425,-1.5612511283791264e-16,-3.9898639947466563e-16,0,0
734,0.81097401170072,0.8910845727454946,0.21749562896374783,0.4627370410064454,2.6194324487249787e-16,-2.255140518769849e-16,0,0
735,0.8299912057217735,0.8972724837240702,0.2207904673480028,0.4646626907533149,-1.1275702593849246e-17,-2.255140518769849e-16,0,0
736,0.8490083181530714,0.9034604443845189,0.2240743599522855,0.4666305169612453,1.0668549377257364e-16,-5.898059818321144e-17,0,0
737,0.8680274677071682,0.9096498362004273,0.22734841859651875,0.4686414115778346,1.231653667943533e-16,-1.5959455978986625e-16,0,0
738,0.910298459246522,0.941521400337643,0.2345232096652341,0.47957855837778757,1.8735013540549517e-16,1.942890293094024e-16,0,0
739,0.8870428227296141,0.9158368690085066,0.23061395834124476,0.47068675096210105,-8.239936510889834e-17,1.1102230246251565e-16,0,0
740,0.9295875512612458,0.9473774499229572,0.23785502735278982,0.48157987634848354,-2.454633718507182e-16,2.983724378680108e-16,0,0
741,0.9489363798614759,0.9525808442237571,0.2411924328648705,0.48337030588502927,9.194034422677078e-17,2.7755575615628914e-17,0,0
742,0.9673893950293735,0.960294072862109,0.24436953577501266,0.48605908144664645,1.214306433183765e-16,-2.5673907444456745e-16,0,0
743,0.9841239710170981,0.9694786126287799,0.2472564765429412,0.4892796957205886,-9.540979117872439e-17,-2.983724378680108e-16,0,0
744,1.0,0.9799999999999475,0.25,0.49297515263740943,0.04710715458065472,1.457167719820518e-16,2,0
745,0.3043746284151062,0.6715447158170825,0.1183969709327446,0.4265936191339688,-1.3444106938820255e-16,-4.85722573273506e-17,0,0
746,0.2853722415839787,0.6653632319202212,0.11310713955806942,0.4274677842918306,3.469446951953614e-18,2.949029909160572e-16,0,0
747,0.2663703775184438,0.6591919606629681,0.1075985656716332,0.42844028882543816,2.6020852139652106e-17,2.3592239273284576e-16,0,0
748,0.2473621969047016,0.6530111691098035,0.1018555176404942,0.4294978375622659,-2.6020852139652106e-17,-1.6306400674181987e-16,0,0
749,0.2283508513815568,0.6468250289532926,0.09586245980026019,0.43062820439972954,8.847089727481716e-17,1.0061396160665481e-16,0,0
750,0.2093391340827871,0.6406386953849273,0.08960357244658652,0.43181662176985575,-1.214306433183765e-16,-8.326672684688674e-17,0,0
751,0.1903256760419323,0.6344514329751573,0.08306260092398789,0.4330445063252127,2.5153490401663703e-17,2.185751579730777e-16,0,0
752,0.1713114342508232,0.6282629665175301,0.07622491054400436,0.4342895313423229,-3.122502256758253e-17,-1.1449174941446927e-16,0,0
753,0.1522978068814371,0.6220755851204254,0.06907716710102343,0.4355257860581452,6.765421556309548e-17,2.0816681711721685e-16,0,0
754,0.1332845230103515,0.615888837359049,0.061607819665919064,0.4367228177315441,-4.5102810375396984e-17,2.6020852139652106e-16,0,0
755,0.323379363979773,0.677730052330676,0.12348480232978022,0.42582446901266136,5.898059818321144e-17,-8.673617379884035e-17,0,0
756,0.3423887680072212,0.6839151494483793,0.12838650588247755,0.42516551573183375,6.591949208711867e-17,-1.6306400674181987e-16,0,0
757,0.05730043450713521,0.5909083413061698,0.028446043847504435,0.44043391933129034,4.9439619065339e-17,-3.191891195797325e-16,0,0
758,0.3613983072637802,0.6901002378468656,0.1331146900113363,0.4246219861665872,-2.2551405187698492e-17,-1.942890293094024e-16,0,0
759,0.0,0.5600000000011761,0.0,0.44050701030908057,-0.04604285495680424,1.457167719820518e-16,1,0
760,0.3804077938011542,0.6962849368693715,0.13768277383220118,0.42419699747856227,-1.2923689896027213e-16,9.020562075079397e-17,0,0
761,0.3994173648501204,0.7024700516980857,0.14210343673816478,0.4238922467107758,8.586881206085195e-17,3.226585665316861e-16,0,0
762,0.4184272056587393,0.7086558972209864,0.1463886973728845,0.4237088881690615,9.540979117872439e-17,1.6653345369377348e-16,0,0
763,0.4415858671831459,0.7343975411685127,0.14967135058232234,0.4287237866107594,1.734723475976807e-16,7.806255641895632e-17,0,0
764,0.4605969068710228,0.7405829016324162,0.15377008255869798,0.4289239197227778,-3.0878077872387166e-16,-2.5326962749261384e-16,0,0
765,0.4796000701993693,0.7467591806968759,0.1577678560745789,0.42923464568436753,3.0184188481996443e-16,3.8510861166685117e-16,0,0
766,0.4985667688831193,0.7529205783921625,0.16166679975164958,0.4296549019618917,-1.8214596497756474e-16,1.0755285551056204e-16,0,0
767,0.5175154558032278,0.7591367197567436,0.16547385274422308,0.43020143003379685,2.42861286636753e-17,2.5673907444456745e-16,0,0
768,0.5365060248729098,0.7653315923131271,0.16921589801344622,0.4308457574789032,-4.85722573273506e-17,2.498001805406602e-16,0,0
769,0.5555176651704787,0.7715180944045131,0.17289342447975936,0.4315905074136119,-2.949029909160572e-17,-2.1163626406917047e-16,0,0
770,0.5745281962452397,0.7777028984542707,0.17650722299727598,0.43243635073449005,-1.214306433183765e-17,8.326672684688674e-17,0,0
771,0.7497813180642248,0.852956684136435,0.20722942583447831,0.4506749767226569,9.020562075079397e-17,1.6653345369377348e-16,0,0
772,0.9061158669217741,0.9220198136866543,0.23388742612522534,0.4727584335278895,-2.654126918244515e-16,6.591949208711867e-17,0,0
773,0.1101224783408044,0.590141880199307,0.05378370863139244,0.43630656788016436,-3.903127820947816e-17,-4.371503159461554e-16,0,0
774,0.09110776893671949,0.5839542882611622,0.04536559568630959,0.43750265976114117,1.0842021724855044e-16,-3.400058012914542e-16,0,0
775,0.07209243256223022,0.5777657609246519,0.03657344735792994,0.4385618952667995,-2.42861286636753e-17,-3.2612801348363973e-16,0,0
776,0.03528481063442386,0.5637879330285421,0.018572780706709154,0.4399274325522577,-8.673617379884035e-17,-1.8041124150158794e-16,0,0
777,0.05332048406940521,0.5714893918943358,0.02755800186091193,0.4394031013729695,4.683753385137379e-17,9.020562075079397e-17,0,0
778,0.1291362367820688,0.5963292408711461,0.06183988503771444,0.43497297239014915,2.949029909160572e-17,-1.3183898417423734e-16,0,0
779,0.01739382020149118,0.5507420431130448,0.009433835086287392,0.43997174378961146,9.367506770274758e-17,5.412337245047638e-16,0,0
780,0.4374372463815135,0.7148413355211238,0.15054984767847954,0.42364682598887143,-6.591949208711867e-17,-5.2909066017292616e-17,0,0
781,0.5935318416226611,0.7838899238636136,0.18006169597737726,0.43338184997578527,1.8388068845354155e-16,2.8536201179818477e-16,0,0
782,0.6125382433861091,0.7900805264928785,0.18356437801360184,0.4344236386448167,-3.131175874138137e-16,-2.983724378680108e-16,0,0
783,0.6315459766039532,0.7962716404364163,0.18702031749030112,0.4355574488447649,-8.673617379884035e-19,2.1163626406917047e-16,0,0
784,0.6505584541958468,0.8024589707813758,0.19043519873358966,0.43677828059094287,9.627715291671279e-17,2.0816681711721685e-16,0,0
785,0.6695720834887467,0.8086462943830438,0.19381260554479918,0.43808403565096354,-9.107298248878237e-17,-1.3877787807814457e-16,0,0
786,0.6885862216227926,0.8148337232758969,0.19715661093177586,0.43947120026838077,2.0816681711721685e-17,-1.249000902703301e-16,0,0
787,0.7076011928048733,0.8210208961997594,0.200471229252164,0.44093596080673786,5.377642775528102e-17,-2.0469737016526324e-16,0,0
788,0.7266169540121272,0.8272082701995523,0.2037601140383572,0.44247478325771805,2.0643209364124004e-16,-8.673617379884035e-17,0,0
789,0.7456322283183604,0.8333956549243968,0.20702649205413096,0.4440838465141906,1.7694179454963432e-16,-3.3306690738754696e-16,0,0
790,0.768795760789172,0.8591446713565878,0.2105282557122037,0.45240157153832655,9.367506770274758e-17,-2.6107588313450947e-16,0,0
791,0.7878094526125115,0.8653330181759245,0.21380924786498767,0.4541859969865109,-3.0357660829594124e-17,1.3877787807814457e-17,0,0
792,0.8068247521663758,0.8715215589768511,0.2170757860759047,0.45602488539231933,5.204170427930421e-17,3.642919299551295e-16,0,0
793,0.825841848805742,0.8777093468949443,0.2203305167128612,0.45791344974850956,-1.9081958235744878e-17,2.1510571102112408e-16,0,0
794,0.8448587894494255,0.8838972554247815,0.22357595777338088,0.4598489072306688,-1.734723475976807e-16,8.326672684688674e-17,0,0
795,0.8638758937169856,0.8900851709749646,0.22681494485085898,0.4618286501708892,6.938893903907228e-18,2.3592239273284576e-16,0,0
796,0.8828931595599047,0.8962731375861673,0.2300483547580765,0.4638487747678278,-4.85722573273506e-17,-1.5612511283791264e-16,0,0
797,0.9252494022193801,0.928204994289494,0.23716829583142693,0.47485760754496636,5.898059818321144e-17,2.445960101127298e-16,0,0
798,0.9019106788160324,0.9024612136689614,0.23327905296844403,0.4659041168331634,2.0816681711721685e-17,-2.8449465006019636e-16,0,0
799,0.9453617659391584,0.9342208538103074,0.24061662447564633,0.47691967996043194,1.5612511283791264e-17,-6.245004513516506e-17,0,0
800,0.9654029943425227,0.9410281492023194,0.2440524695904788,0.47928146673691185,5.898059818321144e-17,6.245004513516506e-17,0,0
801,0.9831930052152538,0.95021567177252,0.24710495093248508,0.48250402289720207,-1.9081958235744878e-17,2.5326962749261384e-16,0,0
802,1.0,0.9599999999998947,0.25,0.48594388795543386,0.047103552125957224,-2.7755575615628914e-17,2,0
803,0.3192320444199291,0.6581755695040443,0.12472271038555392,0.4218127346429633,1.5265566588595902e-16,-5.204170427930421e-17,0,0
804,0.3002298371278587,0.651991007397212,0.11962849082881229,0.4227862946251004,9.80118763926896e-17,1.3877787807814457e-16,0,0
805,0.2812257644081542,0.6458136273277629,0.11431542609845224,0.4238739412530004,-1.2663481374630692e-16,-2.498001805406602e-16,0,0
806,0.2622226136093582,0.6396381178780121,0.1087676395602406,0.4250655767434548,-3.642919299551295e-17,-4.85722573273506e-17,0,0
807,0.243213670618665,0.6334543074665091,0.10296645950360736,0.42634895556066865,1.249000902703301e-16,4.85722573273506e-17,0,0
808,0.224202497840422,0.6272677881159041,0.09689393607836094,0.4277110147292417,-1.0408340855860843e-16,-2.3592239273284576e-16,0,0
809,0.2051901999639252,0.621080574096952,0.09053168884692105,0.42913509770231484,1.5265566588595902e-16,3.122502256758253e-17,0,0
810,0.1861765520092442,0.6148926812515496,0.08386149784228467,0.4306005224019678,-1.491862189340054e-16,-3.122502256758253e-17,0,0
811,0.167162702167784,0.6087042226376279,0.07686638082040465,0.4320823848590622,1.5612511283791264e-16,3.122502256758253e-16,0,0
812,0.1481495113592527,0.6025165039125382,0.06953055488406115,0.4335513314723782,-5.204170427930421e-18,-3.608224830031759e-16,0,0
813,0.3382413230576511,0.6643604183989438,0.12961832291107406,0.4209572996214915,-1.1102230246251565e-16,-4.5102810375396984e-17,0,0
814,0.3572500956243425,0.6705451776332922,0.13432874150767868,0.42022563611260244,-1.7867651802561113e-16,3.226585665316861e-16,0,0
815,0.3762589356623888,0.6767303142045533,0.13886897807727394,0.41962106987996123,2.931682674400804e-16,1.0061396160665481e-16,0,0
816,0.0,0.5400000000011733,0.0,0.4398623336182919,-0.045991594834857284,-1.1449174941446927e-16,1,0
817,0.3952690359667857,0.6829152350239133,0.14325347369149471,0.41914494767038507,-2.983724378680108e-16,-5.342948306008566e-16,0,0
818,0.4142775661355937,0.6891007773701495,0.1474946581478041,0.41879864729798283,2.0903417885520525e-16,1.457167719820518e-16,0,0
819,0.4332887955449561,0.6952857924972992,0.15160611181667366,0.4185813583154665,-7.112366251504909e-17,-6.591949208711867e-17,0,0
820,0.4564470943843524,0.7210261286957191,0.15459722808460388,0.42370548299277205,-2.7755575615628914e-17,-1.491862189340054e-16,0,0
821,0.4754498823924931,0.7272113343562105,0.15853889829073795,0.42388454386357755,-1.3877787807814457e-17,-3.2612801348363973e-16,0,0
822,0.4944287481883452,0.7333805917858878,0.16238171213113192,0.4241785262404857,1.6132928326584306e-16,1.6653345369377348e-16,0,0
823,0.5134026514216405,0.7395694088860103,0.166135378813251,0.4245942607498986,-1.6740081543176188e-16,-2.671474153004283e-16,0,0
824,0.5323707627231185,0.7457711965611039,0.16980864327365122,0.4251275372894184,-6.071532165918825e-18,-4.163336342344337e-17,0,0
825,0.5513698742416706,0.7519603479521274,0.17341867709296338,0.42576506930334335,1.4311468676808659e-16,9.71445146547012e-17,0,0
826,0.5703816186782662,0.758146822274739,0.17696713604703104,0.4265083845359593,-6.765421556309548e-17,-3.469446951953614e-18,0,0
827,0.5893924497271417,0.7643322408671864,0.18045724470201976,0.4273557598598391,5.637851296924623e-17,1.0755285551056204e-16,0,0
828,0.7646470097152905,0.8395826697859438,0.21027366303010478,0.4457589945575772,-1.214306433183765e-16,-1.5612511283791264e-16,0,0
829,0.9209284352940946,0.9086493124911877,0.2365120624668284,0.4679867277290357,-6.245004513516506e-17,-1.942890293094024e-16,0,0
830,0.1059740653710451,0.5705812794977302,0.05382693153983549,0.43502178437147,1.5265566588595902e-16,5.204170427930421e-16,0,0
831,0.1249880058506846,0.5767689770350719,0.06216572223652354,0.43346429614783005,-1.491862189340054e-16,-4.440892098500626e-16,0,0
832,0.08702055311293122,0.5644509957646617,0.04510467988811228,0.4364189343244734,-1.1535911115245767e-16,2.8449465006019636e-16,0,0
833,0.06831082335311375,0.558551465084065,0.03610250785476145,0.43765372298758504,5.811323644522304e-17,2.393918396847994e-16,0,0
834,0.05151120094745685,0.5508839211166602,0.02779766205940484,0.43849870013500264,-1.457167719820518e-16,-2.3245294578089215e-16,0,0
835,0.03436890608564892,0.54113158342316,0.01900957283470401,0.439112807682288,1.942890293094024e-16,1.1449174941446927e-16,0,0
836,0.1440013602251939,0.5829571396510157,0.07010298129898848,0.43179828405290605,6.245004513516506e-17,-6.245004513516506e-17,0,0
837,0.01727144103356693,0.5300164821327571,0.009836772103838775,0.43945069671861886,0.0,-4.718447854656915e-16,0,0
838,0.4522985081367934,0.7014708790476989,0.15559816194514925,0.41849291425057245,-5.204170427930421e-17,2.7582103268031233e-16,0,0
839,0.6083982016340377,0.7705163054760744,0.18389406496696498,0.4283039200848269,-1.1102230246251565e-16,9.8879238130678e-17,0,0
840,0.6274015644163347,0.7767092283932248,0.1872830529982663,0.42935241461552714,9.540979117872439e-17,-1.734723475976807e-17,0,0
841,0.6464099823333825,0.782899422926089,0.19063154342560362,0.4304935414768325,-1.491862189340054e-16,-3.0184188481996443e-16,0,0
842,0.6654234629351937,0.7890863368296624,0.19394424584047273,0.4317234510923841,3.8250652645288596e-16,2.42861286636753e-17,0,0
843,0.6844372550316811,0.7952733480206693,0.19722451442771713,0.4330397940471449,-2.0990154059319366e-16,-2.220446049250313e-16,0,0
844,0.7034519406738025,0.801460499822857,0.20047661935588693,0.4344387702391503,1.8041124150158794e-16,8.326672684688674e-17,0,0
845,0.7224672729899186,0.8076473886446197,0.2037044305611202,0.4359164253017684,-2.0469737016526324e-16,-3.469446951953614e-17,0,0
846,0.7414830290608078,0.8138346103411205,0.20691153662942383,0.43746910729674165,6.591949208711867e-17,4.0939474033052647e-16,0,0
847,0.760497991588109,0.8200218273600581,0.21010118147103046,0.43909275507913825,-1.5872719805187785e-16,3.7470027081099033e-16,0,0
848,0.7836618062545467,0.8457704003017281,0.21350489731665862,0.44749678514370744,-7.28583859910259e-17,3.3393426912553537e-16,0,0
849,0.8026772889815412,0.8519585068920723,0.2167234282265894,0.4492934010284375,-7.19910242530375e-17,-1.0408340855860843e-16,0,0
850,0.8216928923797584,0.8581465214842638,0.2199319841525699,0.45114462265579697,9.71445146547012e-17,-1.6653345369377348e-16,0,0
851,0.8407094129137368,0.8643341964942728,0.22313354728814186,0.4530469123152286,-4.85722573273506e-17,2.7755575615628914e-17,0,0
852,0.8597262468430454,0.8705220083369143,0.22633061118486103,0.4549973568325077,4.9439619065339e-17,-3.0878077872387166e-16,0,0
853,0.8787433767676824,0.8767097223980418,0.22952558757467995,0.45699145042150535,1.5439038936193583e-16,1.0061396160665481e-16,0,0
854,0.8977608047027399,0.8828974838463669,0.2327198431720302,0.45902558446415676,-6.938893903907228e-18,3.226585665316861e-16,0,0
855,0.9409730696883548,0.9147865837149411,0.2399228739368036,0.4700758946064622,2.255140518769849e-16,-3.157196726277789e-16,0,0
856,0.9167785020226911,0.8890853469419102,0.2359162913715403,0.46109508503137475,-2.654126918244515e-16,9.020562075079397e-17,0,0
857,0.9638729376885836,0.9190560405766118,0.2438302806088981,0.47153329270089567,-8.153200337090993e-17,2.42861286636753e-17,0,0
858,0.9823784671773255,0.9299718085710339,0.24698320916873895,0.4753663431140814,-2.0816681711721685e-17,1.1449174941446927e-16,0,0
859,1.0,0.939999999999842,0.25,0.47890008365984765,0.04709906145852677,-6.245004513516506e-17,2,0
860,0.3340929496132318,0.6448064926275814,0.1310520275748349,0.4168015213468363,-9.974659986866641e-17,1.6653345369377348e-16,0,0
861,0.3150863668952298,0.6386213517186611,0.1261638789327615,0.4178649806777496,-5.0306980803327406e-17,-1.3877787807814457e-17,0,0
862,0.2960864106526222,0.6324365635931841,0.12106256071606693,0.4190559870566394,1.214306433183765e-17,-1.8041124150158794e-16,0,0
863,0.2770829010611512,0.6262654536761425,0.11572429576635174,0.4203717826403019,4.163336342344337e-17,2.498001805406602e-16,0,0
864,0.2580750565550748,0.6200825940383585,0.11013290535716068,0.4217979785975762,-4.5102810375396984e-17,2.0469737016526324e-16,0,0
865,0.2390623330778004,0.6138929714062704,0.10426701427473008,0.42332404231780707,-6.938893903907228e-18,-3.469446951953614e-18,0,0
866,0.2200526636344587,0.6077082517066843,0.09810691596884004,0.4249360624175823,-8.500145032286355e-17,3.0184188481996443e-16,0,0
867,0.2010397781643966,0.6015208544529411,0.09163043229902985,0.42661484083931683,3.9898639947466563e-17,-8.326672684688674e-17,0,0
868,0.1820264470928583,0.5953325433496638,0.0848173963889011,0.4283374848481223,1.6306400674181987e-16,3.400058012914542e-16,0,0
869,0.1630139666213278,0.589145011578105,0.07764792608135464,0.43007635449147064,-2.2811613709095013e-16,-2.3245294578089215e-16,0,0
870,0.3530997676659678,0.6509905540910015,0.13574283370434162,0.41587092519214264,5.898059818321144e-17,1.734723475976807e-17,0,0
871,0.3721048073141323,0.6571755947017534,0.14025203799428468,0.41507721336558334,1.43982048506075e-16,-2.5673907444456745e-16,0,0
872,0.3911141741313539,0.6633613396340372,0.1445968962704008,0.4144211907993852,-8.239936510889834e-17,3.5041414214731503e-16,0,0
873,0.0,0.5200000000011236,0.0,0.43956267713793495,-0.04596992775300445,5.551115123125783e-17,1,0
874,0.4101231768941428,0.6695472021055147,0.14879077389210874,0.413903983267038,-8.066464163292153e-17,4.163336342344337e-17,0,0
875,0.4291332187505613,0.675732171827955,0.15284774185584743,0.4135247479826345,8.760353553682876e-17,-6.938893903907228e-18,0,0
876,0.4481439284615421,0.6819171445338583,0.15678018651035952,0.4132827337186251,-1.240327285323417e-16,-8.673617379884035e-17,0,0
877,0.4712885144799653,0.7076541826443413,0.15947736124917555,0.4185329809390806,7.979727989493313e-17,1.960237527853792e-16,0,0
878,0.49027503862167,0.7138349806747696,0.163257782790537,0.4186974862892618,-1.4051260155412137e-16,-1.700029006457271e-16,0,0
879,0.5092573403743792,0.7200182207674737,0.16694794500033125,0.4189858181561764,2.2638141361497333e-16,7.28583859910259e-17,0,0
880,0.5282339716712793,0.7262074012792028,0.17055580360833336,0.41939634793524155,-2.3592239273284576e-16,-2.740863092043355e-16,0,0
881,0.5472276510781999,0.7324004897859415,0.17409446670346143,0.419923668324975,1.6306400674181987e-16,9.71445146547012e-17,0,0
882,0.5662338675415831,0.7385894101557879,0.17757065921014778,0.4205625552185644,-1.3530843112619095e-16,-1.0408340855860843e-16,0,0
883,0.5852452651389541,0.7447757995036135,0.18098933418225302,0.42131069053208237,-1.0495077029659683e-16,-1.6653345369377348e-16,0,0
884,0.604256644263734,0.7509620086405419,0.1843554536195471,0.4221656325149823,2.185751579730777e-16,1.2836953722228372e-16,0,0
885,0.779512937063283,0.8262092238031521,0.21327680883374142,0.44078351376079633,7.28583859910259e-17,-2.42861286636753e-16,0,0
886,0.9355619497765187,0.8959938436514815,0.239077803511791,0.46344797892125866,2.5153490401663703e-16,2.185751579730777e-16,0,0
887,0.1208399048465388,0.5572084158959436,0.06259348517730107,0.43221401898069445,2.42861286636753e-17,2.3592239273284576e-16,0,0
888,0.1018260691167079,0.5510205989630738,0.053934604966349234,0.434017251335673,1.0928757898653885e-16,-1.3877787807814457e-16,0,0
889,0.1398531840964935,0.5633970890447721,0.07080329234625317,0.43028291687453235,-5.0306980803327406e-17,3.712308238590367e-16,0,0
890,0.0831781891290346,0.5451783953058913,0.04498693388124116,0.43560378555311435,-2.3418766925686896e-17,2.220446049250313e-16,0,0
891,0.0661336196123453,0.5392246358947305,0.036472993263446364,0.4369231441765808,-1.4224732503009818e-16,-1.0061396160665481e-16,0,0
892,0.05016551823497384,0.5301578552882076,0.028365511130083274,0.43788961287405376,-8.673617379884035e-18,4.996003610813204e-16,0,0
893,0.03442187542402824,0.5198954828339091,0.020030868450320503,0.43865740095062994,-1.474514954580286e-16,1.3183898417423734e-16,0,0
894,0.1588657492496197,0.5695857928965677,0.07858008332050967,0.4282853705851129,4.423544863740858e-17,1.0061396160665481e-16,0,0
895,0.01731248479404566,0.5100025123923271,0.01037473555592076,0.4392910518428897,-1.214306433183765e-17,-3.469446951953614e-18,0,0
896,0.4671341048900773,0.6880967380236914,0.16059532425503753,0.4131766053265824,5.898059818321144e-17,-6.331740687315346e-17,0,0
897,0.623261306042928,0.7571449718446182,0.1876737322062561,0.4231229977842429,-4.85722573273506e-17,-2.7668839441830073e-16,0,0
898,0.6422630965923204,0.7633389792098492,0.1909495393022863,0.42418342695924344,9.194034422677078e-17,2.949029909160572e-16,0,0
899,0.6612769747245224,0.7695251788144528,0.19419194310120952,0.4253361304285367,4.597017211338539e-17,-1.8041124150158794e-16,0,0
900,0.6802883654484232,0.7757136684185209,0.19740223465589773,0.426581339618809,-4.5102810375396984e-17,3.0184188481996443e-16,0,0
901,0.6993019237946673,0.7819004625111652,0.20058590450693423,0.4279135854196121,-1.6653345369377348e-16,-1.0755285551056204e-16,0,0
902,0.7183177777988823,0.7880871802850327,0.2037469800705435,0.42932945884126766,1.1535911115245767e-16,1.491862189340054e-16,0,0
903,0.737333661025608,0.7942740385066271,0.2068888878576301,0.43082516612934435,-1.43982048506075e-16,-2.8102520310824275e-16,0,0
904,0.756348872262756,0.8004610056025065,0.21001513194054905,0.43239668278906235,5.724587470723463e-17,-9.367506770274758e-17,0,0
905,0.7753636453256156,0.8066481239496378,0.2131291853067668,0.4340400298416766,1.9081958235744878e-16,-6.938893903907228e-18,0,0
906,0.7985282213772738,0.832396660533121,0.21644161896647146,0.4425375100900546,-4.5102810375396984e-17,-1.7694179454963432e-16,0,0
907,0.8175439884999225,0.8385839870794337,0.2195986234611885,0.4443506953361375,2.42861286636753e-16,1.1796119636642288e-16,0,0
908,0.8365600629112324,0.8447715325680091,0.22275066632024895,0.4462195492987694,-1.700029006457271e-16,-2.1510571102112408e-16,0,0
909,0.8555765033738958,0.8509592055467198,0.22590043825933667,0.4481406547192137,1.8561541192951836e-16,2.0816681711721685e-17,0,0
910,0.8745931780526515,0.8571467779759832,0.22905047867964487,0.45011009805109525,-2.654126918244515e-16,0.0,0,0
911,0.893610542418645,0.8633343636247761,0.23220389407545383,0.4521232083297594,1.196959198423997e-16,0.0,0,0
912,0.912665759313745,0.8698750016545863,0.23536502847922988,0.45430153002580703,-1.1622647289044608e-16,-2.42861286636753e-16,0,0
913,0.9547006900602892,0.9007465987096973,0.24231746224246486,0.4650721674507137,-4.3021142204224816e-16,1.3877787807814457e-17,0,0
914,0.9318708533502967,0.8778277779952767,0.23854895459673262,0.4570158350734509,1.1102230246251565e-16,-2.2898349882893854e-16,0,0
915,0.9836295556878488,0.9099952954738036,0.2472135815806924,0.4682974134086508,-2.42861286636753e-17,-2.636779683484747e-16,0,0
916,1.0,0.9199999999997894,0.25,0.47183329467929863,0.04710784482334627,3.469446951953614e-17,2,0
917,0.3299442509503614,0.6252531827818509,0.13270089462416634,0.4126969391596311,4.683753385137379e-17,4.85722573273506e-17,0,0
918,0.348948454885148,0.6314378397555716,0.1373697315930317,0.4115561328730003,5.204170427930421e-18,-2.42861286636753e-16,0,0
919,0.3109387574739068,0.6190681501609181,0.12782044866585215,0.41398177491099697,-5.724587470723463e-17,4.163336342344337e-17,0,0
920,0.2919318468908397,0.6128842791886964,0.12270846678803332,0.41540613037174995,-2.5153490401663703e-17,-1.457167719820518e-16,0,0
921,0.2729250374384056,0.6067008972268592,0.11734437368025925,0.41696268187341506,1.8041124150158794e-16,8.326672684688674e-17,0,0
922,0.2539175607906717,0.6005166109968358,0.11170611703448095,0.41864142258063036,-7.632783294297951e-17,9.367506770274758e-17,0,0
923,0.2349111237622235,0.5943339897203657,0.1057710548324365,0.4204296928686921,-4.85722573273506e-17,-4.579669976578771e-16,0,0
924,0.2159016307025782,0.5881478708620668,0.09951483252433578,0.42231099655773796,0.0,-9.367506770274758e-17,0,0
925,0.196889918638974,0.5819618685596071,0.09291304265698844,0.4242654112181267,1.5525775109992423e-16,1.1449174941446927e-16,0,0
926,0.1778778867423459,0.5757741409391324,0.0859426187065918,0.42626711712274373,-2.0469737016526324e-16,-5.342948306008566e-16,0,0
927,0.3679414229791518,0.6376203344965177,0.14184296048370687,0.4105632372344188,-2.1163626406917047e-16,-3.8163916471489756e-17,0,0
928,0.386945921706597,0.643803231089568,0.14614401216080022,0.4097173339972263,9.974659986866641e-17,2.740863092043355e-16,0,0
929,0.4059484370996789,0.6499865538453183,0.15028504137231746,0.4090206702324449,3.469446951953614e-17,-3.8510861166685117e-16,0,0
930,0.0,0.5000000000010534,0.0,0.439628751529867,-0.045961280861781,-3.8163916471489756e-17,1,0
931,0.4249591444327691,0.6561724330236581,0.15428334662248658,0.40847185382801515,-3.5561831257524545e-17,4.163336342344337e-17,0,0
932,0.4439651838920736,0.6623564109367145,0.15814988714126735,0.40806983849900796,1.2923689896027213e-16,2.498001805406602e-16,0,0
933,0.4629662047378709,0.6685393312856862,0.16189744230470896,0.40781243599543493,-1.1882855810441129e-16,-3.469446951953614e-17,0,0
934,0.486121368284401,0.6942767717594058,0.16430770387172178,0.4132038103081395,-1.3530843112619095e-16,1.3010426069826053e-16,0,0
935,0.505097832755789,0.7004653685481481,0.16792471927457497,0.4133648184660323,-8.673617379884035e-19,2.5326962749261384e-16,0,0
936,0.5240894490217789,0.7066500833875846,0.17146263103294934,0.41365061438131223,1.6219664500383146e-16,1.4224732503009818e-16,0,0
937,0.5430919396305853,0.712839693979976,0.1749279159509476,0.41406114994076737,-7.45931094670027e-17,-1.3877787807814457e-16,0,0
938,0.5620954068266831,0.719026246265961,0.17832703498389205,0.41459119521273075,7.979727989493313e-17,-6.938893903907228e-18,0,0
939,0.5811003525428258,0.7252162574976722,0.18166673662045887,0.41523907008394423,1.0755285551056204e-16,-2.5326962749261384e-16,0,0
940,0.6001083238808314,0.7314047599034901,0.18495438761365376,0.4159992931404263,-1.5959455978986625e-16,-2.42861286636753e-17,0,0
941,0.6191185019128338,0.7375900579606404,0.18819611050553353,0.41686745458237073,1.8561541192951836e-16,1.0755285551056204e-16,0,0
942,0.7943788071480268,0.8128351573435776,0.21623443360124406,0.4357511594700829,-2.498001805406602e-16,-4.163336342344337e-17,0,0
943,0.9481872705787792,0.8857202004511898,0.2412673304689657,0.45975454862740706,2.0122792321330962e-16,7.632783294297951e-17,0,0
944,0.9705030161543793,0.8999999953748709,0.24500225352355562,0.46476940041554243,2.983724378680108e-16,1.3877787807814457e-16,0,0
945,0.1357052509206083,0.5438358755108443,0.07164259474086088,0.4290209493085529,-5.984795992119984e-17,1.734723475976807e-17,0,0
946,0.1166918770643026,0.5376481000272502,0.06312962741921979,0.4312437303055554,4.597017211338539e-17,5.204170427930421e-16,0,0
947,0.09767799656314842,0.5314600690561424,0.05412251279495047,0.43330813916053806,-7.979727989493313e-17,-3.0531133177191805e-16,0,0
948,0.1547180043550324,0.5500250592833825,0.07967488398674649,0.42672313503692305,1.214306433183765e-17,9.020562075079397e-17,0,0
949,0.08058964440588087,0.5267655132674427,0.045494536006826396,0.4350040057060349,2.7755575615628914e-17,-9.71445146547012e-17,0,0
950,0.0659703878167392,0.5195372239397191,0.03805537373572085,0.43631287612638675,7.28583859910259e-17,-2.255140518769849e-16,0,0
951,0.05107394622541367,0.5099985683893742,0.03031063329925052,0.4374485175700634,1.3877787807814457e-17,-3.8163916471489756e-16,0,0
952,0.03463944272140237,0.4999999955857367,0.0212250023728632,0.4385483850298594,3.469446951953614e-17,-3.469446951953614e-17,0,0
953,0.1737300934573245,0.5562163168829994,0.08725001239601586,0.42440085991445803,1.1449174941446927e-16,2.914335439641036e-16,0,0
954,0.01732052354291607,0.4900001717032116,0.010948316864986901,0.4395010414010179,-5.204170427930421e-18,1.5265566588595902e-16,0,0
955,0.48196211297717,0.6747237368482286,0.165537384775979,0.4076978807740319,1.0755285551056204e-16,1.717376241217039e-16,0,0
956,0.6381255780680558,0.7437760804433818,0.19139630629288462,0.41784116515950365,-2.6020852139652106e-16,3.469446951953614e-17,0,0
957,0.6571337540493954,0.7499649224907238,0.194561070364159,0.4189168598626397,2.3592239273284576e-16,6.938893903907228e-18,0,0
958,0.6761453399498438,0.7561514888813794,0.19769607093303757,0.4200886170748689,-1.986258379993444e-16,7.979727989493313e-17,0,0
959,0.6951541478456016,0.7623405894530231,0.20080451170807678,0.4213543345016966,9.540979117872439e-18,1.3183898417423734e-16,0,0
960,0.7141682964261473,0.7685271531436437,0.2038924473764349,0.422707796446203,-1.1362438767648086e-16,-4.163336342344337e-17,0,0
961,0.7331843458690905,0.7747136785403691,0.20696314904032745,0.4241459614713581,1.0842021724855044e-16,3.885780586188048e-16,0,0
962,0.7522002155914062,0.7809003491699235,0.21002002907656414,0.42566485407930393,-2.0816681711721685e-17,-5.898059818321144e-17,0,0
963,0.7712143828474425,0.7870874175910263,0.2130663909230786,0.42726050924477615,-1.8561541192951836e-16,2.7755575615628914e-17,0,0
964,0.7902295470239148,0.7932728282441481,0.21610613938255513,0.4289280622399727,1.7607443281164592e-16,2.185751579730777e-16,0,0
965,0.8133944573139101,0.8190221330677218,0.21933394393200456,0.4375260997250124,5.551115123125783e-17,4.683753385137379e-17,0,0
966,0.8324105104081279,0.825209238293737,0.2224306410696892,0.43936110552131435,1.1449174941446927e-16,9.020562075079397e-17,0,0
967,0.8514267180663091,0.8313967002855172,0.22552720285677222,0.44125259721706056,-1.8041124150158794e-16,8.326672684688674e-17,0,0
968,0.8704431615833069,0.8375841980485086,0.2286261154060058,0.44319679220867997,7.632783294297951e-17,3.5388358909926865e-16,0,0
969,0.889460264560468,0.8437717991981054,0.23173003462230005,0.44518989194460834,8.500145032286355e-17,-3.608224830031759e-16,0,0
970,0.9086080223569877,0.8500289146079409,0.23486369639058524,0.44724966811020117,-7.28583859910259e-17,1.6306400674181987e-16,0,0
971,0.928241337801702,0.8562114288937527,0.23808950532990208,0.4493210319975314,1.4051260155412137e-16,1.0408340855860843e-17,0,0
972,0.9650770123318505,0.8824238855734421,0.2441321840089169,0.458530584019679,-1.3010426069826053e-16,-1.8735013540549517e-16,0,0
973,0.9485879653683793,0.8692077030321319,0.24141430146965046,0.45386931580692813,-1.8214596497756474e-16,1.5959455978986625e-16,0,0
974,1.0,0.8999999999997367,0.25,0.46474337108234476,0.04710789801487808,7.632783294297951e-17,2,0
975,0.9835368399745886,0.8900000000424553,0.24722612658798968,0.46119182771168443,-3.8163916471489756e-17,1.0755285551056204e-16,0,0
976,0.3257959534184115,0.6057003891521445,0.1345794571268147,0.4086415462916385,-9.71445146547012e-17,-1.97758476261356e-16,0,0
977,0.3447940095149578,0.6118817324014488,0.13922342134790594,0.40727735019858735,4.0766001685454967e-17,-1.0755285551056204e-16,0,0
978,0.3637873670765506,0.6180593589197373,0.14366112378954135,0.406071700985003,2.3418766925686896e-17,2.3245294578089215e-16,0,0
979,0.3067896846622276,0.5995159328828545,0.12970752255400514,0.41016214997959827,1.8041124150158794e-16,1.0755285551056204e-16,0,0
980,0.2877832578220867,0.5933310533188494,0.12458737257557706,0.41183411112116364,1.214306433183765e-17,1.734723475976807e-16,0,0
981,0.2687767927871035,0.5871467800613279,0.11919527828723343,0.4136504415465659,3.122502256758253e-17,-3.920475055707584e-16,0,0
982,0.2497701186974399,0.5809615223696014,0.11350663490005537,0.4156002734644439,-2.0383000842727483e-16,-3.0184188481996443e-16,0,0
983,0.2307624356703917,0.5747767109807351,0.10749496007820772,0.41767037643097643,2.42861286636753e-16,4.163336342344337e-16,0,0
984,0.2117524390797383,0.5685912633591023,0.10113304926306689,0.4198431380652199,4.597017211338539e-17,1.8735013540549517e-16,0,0
985,0.1927411381161354,0.5624037267314221,0.09439380232237055,0.42209594428228103,-1.734723475976807e-16,-1.2836953722228372e-16,0,0
986,0.382782943766766,0.6242475276099412,0.14791162751438713,0.40502867672021564,-1.474514954580286e-16,-3.9898639947466563e-16,0,0
987,0.4017837449484994,0.6304280362498408,0.15199625504243464,0.40414300706955003,4.2500725161431774e-17,4.198030811863873e-16,0,0
988,0.4207885090540243,0.636617069058607,0.1559283805304038,0.4034182212581618,-1.8214596497756474e-17,2.185751579730777e-16,0,0
989,0.0,0.4800000000009889,0.0,0.44008553530230327,-0.04597336225359044,1.249000902703301e-16,1,0
990,0.4397963409061336,0.6427951903678397,0.15972564896829555,0.40284702983151804,-1.1275702593849246e-17,-1.6653345369377348e-16,0,0
991,0.4588004224049851,0.6489871715965883,0.1633967913021108,0.40243484335175195,-4.336808689942018e-17,-1.457167719820518e-16,0,0
992,0.4777977266729186,0.6551681478070286,0.166957336025781,0.402171430216357,1.222980050563649e-16,-2.5673907444456745e-16,0,0
993,0.5009511929606045,0.6809094893160849,0.1690803176183516,0.40772298813226043,-5.204170427930421e-17,-3.165870343657673e-16,0,0
994,0.5199432317727466,0.6871006594776282,0.17253799467803477,0.40788481077834005,7.45931094670027e-17,4.5102810375396984e-17,0,0
995,0.538950584262555,0.6932845489396647,0.17592335799174733,0.40817466837691546,-5.898059818321144e-17,1.6306400674181987e-16,0,0
996,0.5579545749230157,0.6994693942215024,0.17923994436280594,0.40859290666272685,-5.0306980803327406e-17,2.185751579730777e-16,0,0
997,0.5769590512378139,0.7056579080459084,0.18249607570148454,0.40913602965763546,1.3704315460216776e-16,2.8796409701215e-16,0,0
998,0.595964400014502,0.7118457699458358,0.18569941091762632,0.40979847226374083,-1.942890293094024e-16,-3.8163916471489756e-17,0,0
999,0.6149714119136823,0.7180342758851344,0.18885653969244565,0.4105764683530532,1.231653667943533e-16,0.0,0,0
1000,0.6339819603963828,0.7242203293876287,0.19197410019430894,0.4114646077538164,-1.7520707107365752e-16,-2.983724378680108e-16,0,0
1001,0.8092447801807429,0.7994590467251947,0.21914217836627206,0.4306643557116808,2.7755575615628914e-17,-5.2909066017292616e-17,0,0
1002,0.1315611900719755,0.5242805809046562,0.07263215002499657,0.42802881497031314,8.326672684688674e-17,-4.926614671774132e-16,0,0
1003,0.1505703105217139,0.5304639803703232,0.08094431732060983,0.425403173307224,-6.938893903907228e-18,-2.983724378680108e-16,0,0
1004,0.1125437040773635,0.5180877071676598,0.06379241000369976,0.4305687429473617,-1.0928757898653885e-16,-6.453171330633722e-16,0,0
1005,0.09428536391065662,0.5127394763510194,0.05471321523306715,0.4328548681604538,1.0495077029659683e-16,7.28583859910259e-17,0,0
1006,0.1695824596073195,0.536655219395051,0.08875381591322609,0.42274951186176224,3.209238430557093e-17,-1.3183898417423734e-16,0,0
1007,0.07941766590194738,0.5106413105525279,0.04661340512748189,0.4346194437214902,-1.1102230246251565e-16,-2.6020852139652106e-16,0,0
1008,0.068810948723206,0.5003265486823371,0.04160552237750879,0.43570528946276627,6.938893903907228e-17,1.249000902703301e-16,0,0
1009,0.05196033464103826,0.4900000000097016,0.0325059086642133,0.4373063149996835,1.734723475976807e-17,-6.938893903907228e-18,0,0
1010,0.034152236918549,0.4800004911421802,0.022102175967100336,0.43884233525075644,6.938893903907228e-18,2.0469737016526324e-16,0,0
1011,0.1885940713243507,0.542846355241736,0.09608824968060482,0.42011514060511485,5.377642775528102e-17,1.0061396160665481e-16,0,0
1012,0.01723912810597649,0.4700005967846742,0.011561679079746444,0.44011078614744154,3.2959746043559335e-17,2.671474153004283e-16,0,0
1013,0.496798710000979,0.6613560862132437,0.17041911949173807,0.40205742305754155,9.020562075079397e-17,-1.708702623837155e-16,0,0
1014,0.6529907869645695,0.7304053786579925,0.19505659613647525,0.41245949380743957,1.5265566588595902e-16,5.637851296924623e-17,0,0
1015,0.672000747997061,0.7365924289372872,0.19810962192163553,0.41355764584604376,-1.231653667943533e-16,-4.85722573273506e-17,0,0
1016,0.6910116234179308,0.7427800061314465,0.20113807095685843,0.4147543255188126,6.678685382510707e-17,-6.938893903907228e-17,0,0
1017,0.7100260095125318,0.748966267973151,0.20414702789219463,0.41604456828660313,2.1163626406917047e-16,-1.2836953722228372e-16,0,0
1018,0.7290386086355379,0.7551527174763036,0.2071396891766415,0.41742488006592354,-1.6393136847980827e-16,-4.40619762898109e-16,0,0
1019,0.7480514858829258,0.7613403571000303,0.21012032862902227,0.41889126611868965,1.0408340855860843e-16,-9.020562075079397e-17,0,0
1020,0.7670652271134033,0.7675272335182537,0.21309284991478136,0.42043881944797606,8.326672684688674e-17,1.1796119636642288e-16,0,0
1021,0.7860795575434345,0.7737139337066175,0.2160606810873324,0.42206360395040604,3.8163916471489756e-17,-6.938893903907228e-17,0,0
1022,0.8050959433892653,0.7798943071382342,0.2190275455117619,0.42375922155699236,-1.1535911115245767e-16,4.163336342344337e-17,0,0
1023,0.8282609195835238,0.8056466645638318,0.22217765063402264,0.43246568574939226,-1.1102230246251565e-16,9.367506770274758e-17,0,0
1024,0.847277068359622,0.8118342443426025,0.22521528269576302,0.43432768111151476,-7.112366251504909e-17,3.8163916471489756e-17,0,0
1025,0.8662934376426134,0.818021678730483,0.2282577123073063,0.4362464611962719,-1.0408340855860843e-16,-2.8449465006019636e-16,0,0
1026,0.8853100393555643,0.8242091056725568,0.23130725069933233,0.43821853763152313,2.3765711620882257e-16,9.020562075079397e-17,0,0
1027,0.9043269359374904,0.8303967195658246,0.23436645889274033,0.44024065812425756,-2.0122792321330962e-16,2.393918396847994e-16,0,0
1028,0.92224022155893,0.8362571752039504,0.23726067481937552,0.4421979313241679,1.3010426069826053e-17,-5.551115123125783e-17,0,0
1029,0.9493303811477768,0.8502569970911693,0.2416313805641371,0.4470670198192595,-2.636779683484747e-16,-2.740863092043355e-16,0,0
1030,0.9655560240227651,0.8604040895492127,0.24427881649438163,0.4506488896591668,4.49293380277993e-16,1.0755285551056204e-16,0,0
1031,0.9826794939758151,0.8700000360258888,0.24710821053321969,0.4540519784522211,-2.411265631607762e-16,-1.6306400674181987e-16,0,0
1032,1.0,0.8799999999996841,0.25,0.45761570128452933,0.04709922168110818,-2.7755575615628914e-17,2,0
1033,0.3216486858328139,0.5861484146939041,0.13670385688476075,0.4046320930819993,-5.898059818321144e-17,2.6020852139652106e-16,0,0
1034,0.3406491606659937,0.5923284365941558,0.14132183002272514,0.4030303302552359,1.6479873021779667e-17,2.7755575615628914e-16,0,0
1035,0.3596411266755991,0.5985010804044689,0.14571958067454727,0.4016000710365753,-1.0408340855860843e-16,-1.0755285551056204e-16,0,0
1036,0.3786306494671473,0.6046886487491743,0.14991607212788338,0.4003474341610879,3.5908775952719907e-16,1.6306400674181987e-16,0,0
1037,0.3026430266367966,0.5799638298627808,0.1318428201171437,0.4064033550365719,5.4643789493269423e-17,-1.5959455978986625e-16,0,0
1038,0.2836404392677269,0.5737826288693739,0.126715244229902,0.40834024416004083,-1.700029006457271e-16,1.457167719820518e-16,0,0
1039,0.2646339403128249,0.5675974411554692,0.12129363664565138,0.4104350002673709,-8.673617379884035e-17,3.8163916471489756e-17,0,0
1040,0.2456225725587292,0.5614069625973026,0.11554966066805837,0.412676469958132,2.203098814490545e-16,3.920475055707584e-16,0,0
1041,0.226613534568918,0.5552200255790676,0.10945504306015506,0.41505062584670455,-1.3010426069826053e-16,-2.636779683484747e-16,0,0
1042,0.2076039501759575,0.5490339746187991,0.1029780983521593,0.4175385627344218,-4.683753385137379e-17,-2.7755575615628914e-16,0,0
1043,0.3976158829836558,0.6108799321713098,0.15393271494757638,0.399269084683642,-3.7556763254897874e-16,-4.510281037539698e-16,0,0
1044,0.4166199934454443,0.6170624073050123,0.1577953759200952,0.39835661110126686,1.0581813203458523e-16,-3.5388358909926865e-16,0,0
1045,0.4356258235620527,0.6232471927978211,0.16151418384009295,0.3976131350360478,2.480654570646834e-16,1.3877787807814457e-16,0,0
1046,0.0,0.4600000000009417,0.0,0.4409801961807183,-0.0457939356918343,-3.400058012914542e-16,1,0
1047,0.4546319491715681,0.6294317236910107,0.1651042094915876,0.39703494096654957,-9.020562075079397e-17,-1.3183898417423734e-16,0,0
1048,0.4736377808576258,0.6356178288349352,0.16857903379510394,0.3966188796367672,-1.8214596497756474e-17,7.632783294297951e-17,0,0
1049,0.4926424083846506,0.6418084762726683,0.17195064038011737,0.39636199533707134,-5.377642775528102e-17,3.226585665316861e-16,0,0
1050,0.5157960847111551,0.6675466227973508,0.17379177866024914,0.40208853845325415,-2.185751579730777e-16,-1.8041124150158794e-16,0,0
1051,0.5348040604959418,0.6737315091428331,0.17708913236621152,0.40225669118669516,1.1015494072452725e-16,2.636779683484747e-16,0,0
1052,0.5538125011951928,0.679916264765761,0.18031727698063343,0.4025602976000992,-1.6046192152785466e-16,-6.591949208711867e-17,0,0
1053,0.5728169134555147,0.6861005902121716,0.1834836448231397,0.40299520807573325,2.3418766925686896e-17,7.28583859910259e-17,0,0
1054,0.5918226596643426,0.692289190132308,0.18659652232213456,0.4035580112931241,3.9898639947466563e-17,1.5265566588595902e-16,0,0
1055,0.6108260416022554,0.6984772475893211,0.18966264353063714,0.4042428993702286,7.546047120499111e-17,1.5959455978986625e-16,0,0
1056,0.6298338129705376,0.704664046057971,0.19268976385168385,0.40504458433860474,1.5612511283791264e-17,6.938893903907228e-17,0,0
1057,0.6488441878974478,0.7108496975445036,0.1956834117976143,0.4059587646665019,-1.9255430583342559e-16,1.0408340855860843e-16,0,0
1058,0.8241107727247242,0.78608318084521,0.22199548776033348,0.4255270670608986,-2.0816681711721685e-17,2.949029909160572e-17,0,0
1059,0.9372625632608885,0.8398568400836623,0.2397116621078856,0.443385622899292,8.673617379884035e-18,1.8388068845354155e-16,0,0
1060,0.1274334221577162,0.5047425501060429,0.07375965115129215,0.4273204285118815,-1.9081958235744878e-17,3.2959746043559335e-16,0,0
1061,0.1464328721720336,0.510914892449374,0.08239261089830466,0.42433920020016747,-2.0816681711721685e-17,2.463307335887066e-16,0,0
1062,0.1654367978125669,0.5170992809617424,0.09046420504206185,0.42132510179716204,-1.691355389077387e-16,-5.551115123125783e-17,0,0
1063,0.1085212146245899,0.4986681938923948,0.0645636053738222,0.4301920271697993,9.367506770274758e-17,5.342948306008566e-16,0,0
1064,0.0874319846532542,0.4938377905221218,0.05332825122356958,0.4332225273433691,-1.6132928326584306e-16,-3.122502256758253e-17,0,0
1065,0.1844484247106447,0.5232902519950113,0.09801142204415576,0.4183316854930087,1.5699247457590104e-16,1.3877787807814457e-16,0,0
1066,0.06838245623436504,0.4819179990069119,0.04343324342408743,0.43563723829505274,3.469446951953614e-17,5.93275428784068e-16,0,0
1067,0.05054503997284482,0.4710952180076893,0.03335210047930866,0.4376963692584377,-4.85722573273506e-17,-3.642919299551295e-16,0,0
1068,0.03403222376018986,0.4579500016126375,0.023440272933536142,0.43955643803829086,1.730386667286865e-16,-2.0816681711721685e-16,0,0
1069,0.2034570656381529,0.5294779097081694,0.1050674475959134,0.4154033712312503,-8.673617379884035e-17,-1.8735013540549517e-16,0,0
1070,0.01614956002276063,0.4496584989611059,0.011409870585706349,0.4412240070746556,-1.1622647289044608e-16,-2.203098814490545e-16,0,0
1071,0.5116489851709163,0.6479934062700932,0.17523271105868174,0.39625622337227684,-9.367506770274758e-17,2.445960101127298e-16,0,0
1072,0.6678548089036342,0.7170355511284675,0.1986485100556477,0.4069815649620667,7.28583859910259e-17,1.0408340855860843e-17,0,0
1073,0.6868659517571258,0.7232215617467075,0.20159023297946135,0.40810842191159435,7.28583859910259e-17,3.122502256758253e-17,0,0
1074,0.7058775434454216,0.7294076997971323,0.2045132813620237,0.40933493014821154,-3.5561831257524545e-17,-1.3530843112619095e-16,0,0
1075,0.7248898263338089,0.7355941212004952,0.20742208453572983,0.41065670814260524,6.071532165918825e-17,3.365363543395006e-16,0,0
1076,0.743902643955853,0.7417809950473622,0.21032071578430606,0.41206943640104454,-2.0296264668928643e-16,2.7755575615628914e-17,0,0
1077,0.7629160927458514,0.7479675663156982,0.2132130878544293,0.41356851215487234,7.632783294297951e-17,1.0755285551056204e-16,0,0
1078,0.7819300903265474,0.7541540243280321,0.21610279359187975,0.4151497351054819,-9.71445146547012e-17,4.163336342344337e-17,0,0
1079,0.8009466327178605,0.7603332409452955,0.21899383980422296,0.4168062135100933,3.469446951953614e-17,-9.020562075079397e-17,0,0
1080,0.8199615448734022,0.766520951625382,0.22188817527250784,0.4185395950545817,1.0061396160665481e-16,-6.245004513516506e-17,0,0
1081,0.8431270365717026,0.7922714055755664,0.22496821169276898,0.42735982566484493,1.5265566588595902e-16,-1.734723475976807e-18,0,0
1082,0.8621436574615364,0.7984590441531751,0.22794835565590058,0.42925360550117364,-4.597017211338539e-17,-6.245004513516506e-17,0,0
1083,0.8811602895402803,0.8046465797242425,0.23093849228823465,0.4312047828530088,8.066464163292153e-17,3.0531133177191805e-16,0,0
1084,0.900177174100362,0.8108342880653443,0.23394089508179255,0.43321056398420216,-7.45931094670027e-17,-2.2898349882893854e-16,0,0
1085,0.9191942350423896,0.8170219174084089,0.2369588036756699,0.4352664679024845,2.0816681711721685e-17,-6.938893903907228e-17,0,0
1086,0.9357485913682624,0.8235944321051887,0.2395904224878803,0.4375171561592666,4.5102810375396984e-17,-3.469446951953614e-17,0,0
1087,0.9506329972560505,0.8320985700064011,0.24195796880326662,0.4405042792557499,1.6306400674181987e-16,6.245004513516506e-17,0,0
1088,0.965778742893158,0.8407393096324844,0.24439002058048734,0.44356746082549536,5.898059818321144e-17,-1.97758476261356e-16,0,0
1089,0.9827123339264615,0.8500674291397476,0.24714877729724327,0.4468923131009573,-2.723515857283587e-16,1.5612511283791264e-16,0,0
1090,1.0,0.8599999999996314,0.25,0.45045267678801865,0.04711243216507015,4.163336342344337e-17,2,0
1091,0.3175029992312272,0.5665979232241509,0.1390916839818117,0.40066430384776736,-1.3877787807814457e-16,-2.0816681711721685e-17,0,0
1092,0.3365078535235924,0.5727820666353205,0.1436794345706851,0.3988112447423772,7.546047120499111e-17,-3.122502256758253e-17,0,0
1093,0.3555110428624504,0.5789652046449586,0.14803259636570887,0.3971458769977695,2.42861286636753e-17,3.469446951953614e-18,0,0
1094,0.3744958875780239,0.5851307269130442,0.15217347519431398,0.3956665563157053,3.729655473350135e-17,-1.1796119636642288e-16,0,0
1095,0.3934778015159318,0.5913245117526988,0.15611988084148493,0.3943818252976218,-2.0556473190325164e-16,4.2327252813834093e-16,0,0
1096,0.2985155178974904,0.5604148744481133,0.13424963636211745,0.40269969989209325,2.445960101127298e-16,2.393918396847994e-16,0,0
1097,0.2795170769974178,0.5542403057784844,0.12911527113212823,0.4049200032727497,-2.697495005143935e-16,-2.949029909160572e-16,0,0
1098,0.2605046327785069,0.5480484852011787,0.12366216647026243,0.40731337489797714,1.8821749714348357e-16,7.28583859910259e-17,0,0
1099,0.2414755253511439,0.5418492181483393,0.1178554586814353,0.40987039421950655,-1.6566609195578508e-16,-4.0939474033052647e-16,0,0
1100,0.2224659583705796,0.5356641232350368,0.11167014446445753,0.4125740284080342,1.457167719820518e-16,2.7755575615628914e-16,0,0
1101,0.4124717747042902,0.5975156474516605,0.15990108847915005,0.39327893611942377,2.7755575615628914e-16,2.0816681711721685e-16,0,0
1102,0.4314775573022257,0.6037003040586321,0.1635353616343033,0.39235361301626587,-3.651592916931179e-16,-2.463307335887066e-16,0,0
1103,0.4504835162602462,0.6098850090853725,0.16703511538118593,0.39160555705521877,7.28583859910259e-17,3.3306690738754696e-16,0,0
1104,0.0,0.4400000000008816,0.0,0.44228103855734024,-0.045924936926696754,3.0878077872387166e-16,1,0
1105,0.4694895357831493,0.616070139006795,0.17041525506680005,0.3910305034527237,6.938893903907228e-18,1.6306400674181987e-16,0,0
1106,0.4884953690483109,0.6222559155296565,0.17368942845161087,0.3906237727809741,5.898059818321144e-17,-1.249000902703301e-16,0,0
1107,0.5075018458477573,0.6284408402644139,0.1768704821663795,0.39037977477768865,-6.418476861114186e-17,-1.9081958235744878e-16,0,0
1108,0.5306560188695938,0.6541780877420731,0.17843472181994197,0.39629895853892827,1.734723475976807e-17,-2.0296264668928643e-16,0,0
1109,0.5496635800991954,0.6603621337229171,0.18156635097524818,0.39648517234661756,1.1102230246251565e-16,-1.700029006457271e-16,0,0
1110,0.5686690216939868,0.6665466481276852,0.1846357561788054,0.3968106185849235,3.9898639947466563e-17,-2.8449465006019636e-16,0,0
1111,0.5876741963788074,0.6727339476201795,0.187651177946526,0.39727102643440554,1.240327285323417e-16,-1.3183898417423734e-16,0,0
1112,0.6066778482067238,0.6789220181048121,0.19062004863116488,0.3978608807452545,3.469446951953614e-18,-2.220446049250313e-16,0,0
1113,0.6256861168437444,0.6851081854098654,0.19355053243798806,0.39857397222253726,-4.336808689942018e-17,6.245004513516506e-17,0,0
1114,0.6446959005959956,0.6912936831477505,0.19644814215563342,0.39940613518674045,-4.163336342344337e-17,-1.1796119636642288e-16,0,0
1115,0.6637062664857509,0.6974789998454218,0.19931839150860348,0.40035283311424125,4.336808689942018e-17,-4.5102810375396984e-17,0,0
1116,0.838977273901337,0.7727091628841023,0.22478953221127926,0.42034279464183205,-6.245004513516506e-17,6.158268339717665e-17,0,0
1117,0.1232965906203719,0.4851925328197998,0.07505533468986533,0.4269243442160861,1.734723475976807e-16,-5.551115123125783e-17,0,0
1118,0.1422947728811932,0.4913609110288597,0.08404219853947188,0.4235498591714418,-5.898059818321144e-17,-3.95516952522712e-16,0,0
1119,0.1612999002510533,0.4975473514936871,0.09240559327840842,0.4201392084192587,4.5102810375396984e-17,2.42861286636753e-17,0,0
1120,0.180302300662576,0.5037358593254521,0.100183211636937,0.41675489710375463,-1.249000902703301e-16,-2.949029909160572e-16,0,0
1121,0.104247653107413,0.4789673082894951,0.06539735681549885,0.43018902436251827,-1.8214596497756474e-16,-6.83481049534862e-16,0,0
1122,0.1993103868732188,0.5099226703326881,0.10742194604966564,0.41344316065934034,1.9949319973733282e-16,4.996003610813204e-16,0,0
1123,0.08523435503942164,0.4727796787473049,0.054994761461704365,0.43329345667228186,2.3505503099485736e-16,2.7755575615628914e-16,0,0
1124,0.06631207437642526,0.4634687580723172,0.044392501351686535,0.43609256959692255,-1.2663481374630692e-16,-4.2674197509029455e-16,0,0
1125,0.04965706728589583,0.4551747502388809,0.0343147758631155,0.4383147980220745,-6.852157730108388e-17,3.3306690738754696e-16,0,0
1126,0.02875544890351159,0.4400961875692074,0.020947282035339878,0.4410003639998959,2.7755575615628914e-17,2.0469737016526324e-16,0,0
1127,0.2183184992960032,0.5161088916188684,0.11416128972540628,0.4102434232467845,-2.3592239273284576e-16,-1.3183898417423734e-16,0,0
1128,0.0173205080757259,0.4300000000008601,0.01309372325464795,0.4426410067529176,-6.938893903907228e-18,-1.249000902703301e-16,0,0
1129,0.5265082656430332,0.6346254979484978,0.1799694668017688,0.3902935877839618,2.42861286636753e-17,-5.0306980803327406e-17,0,0
1130,0.6827172979909774,0.7036643708661068,0.20216657795736515,0.401409410723976,8.673617379884035e-17,0.0,0,0
1131,0.70172755547971,0.7098503508275322,0.2049973536651802,0.40257146422817675,1.0495077029659683e-16,-8.326672684688674e-17,0,0
1132,0.7207390589720337,0.7160374693040814,0.2078156055074402,0.4038344970070684,-1.8214596497756474e-16,-1.734723475976807e-17,0,0
1133,0.7397530551707173,0.7222233225489723,0.21062593385153147,0.40519303386690037,1.7520707107365752e-16,-8.326672684688674e-17,0,0
1134,0.7587668426224738,0.7284083719450184,0.21343183163954602,0.4066428887202752,-9.71445146547012e-17,-1.7694179454963432e-16,0,0
1135,0.7777803717450819,0.7345940805880222,0.21623695775236945,0.40818016354869985,1.43982048506075e-16,-2.1510571102112408e-16,0,0
1136,0.7967965212587101,0.7407740799321885,0.21904556198151964,0.40979811248591397,-1.2663481374630692e-16,-1.2836953722228372e-16,0,0
1137,0.8158118839228179,0.7469605548037537,0.22185993228033848,0.4114969545045261,8.500145032286355e-17,1.1449174941446927e-16,0,0
1138,0.8348279368266607,0.7531462216383283,0.22468373232930341,0.41326973701112824,-1.3010426069826053e-17,5.204170427930421e-17,0,0
1139,0.857993712499591,0.7788959499601835,0.2277007177809041,0.422211187486612,6.938893903907228e-17,3.903127820947816e-17,0,0
1140,0.8770104335423952,0.7850837610707307,0.23062439025713258,0.4241416695439445,-1.8127860323957634e-16,-3.5388358909926865e-16,0,0
1141,0.8960272951943975,0.7912713329923406,0.233563051537807,0.4261300168722248,2.2638141361497333e-16,2.0816681711721685e-17,0,0
1142,0.9150444297793913,0.7974588479606113,0.23651824588100342,0.428173756132982,-1.8214596497756474e-16,2.220446049250313e-16,0,0
1143,0.9336566617248329,0.8036788091305764,0.2394293227525138,0.4302771530145365,4.163336342344337e-17,2.7755575615628914e-17,0,0
1144,0.9500431220994037,0.8123342241154095,0.24198915351353537,0.4333224308162964,1.1622647289044608e-16,6.245004513516506e-17,0,0
1145,0.9663097149694941,0.820900973769029,0.24456417576998538,0.43636656897774,-4.163336342344337e-17,1.0408340855860843e-17,0,0
1146,0.9827621579464587,0.8301471100916651,0.24719788443045015,0.4396869225437108,-3.469446951953614e-17,4.5102810375396984e-17,0,0
1147,1.0,0.8399999999995788,0.25,0.44324297428600645,0.0471169393387029,-1.700029006457271e-16,2,0
1148,0.3323657822622717,0.55323473382102,0.14631451254533595,0.394612119163358,-6.245004513516506e-17,-1.6653345369377348e-16,0,0
1149,0.31338140275205,0.5470476962718525,0.1417697323845165,0.396727395551048,1.3010426069826053e-17,-5.204170427930421e-17,0,0
1150,0.3513663931566611,0.559415319390661,0.1506157078944135,0.3926965796754839,3.0357660829594124e-17,2.706168622523819e-16,0,0
1151,0.3703668539099725,0.5655979512966067,0.15469254215632613,0.39098587337634,-2.949029909160572e-17,2.42861286636753e-16,0,0
1152,0.3893516319341527,0.5717702081003556,0.15856716629444456,0.38947700250328793,-3.5561831257524545e-17,-5.204170427930421e-17,0,0
1153,0.4083379430239275,0.5779580857211308,0.16226143209297506,0.38817117707166343,1.8995222061946038e-16,-2.740863092043355e-16,0,0
1154,0.2944035715642443,0.5408658777808418,0.1369478677208728,0.39904535859922785,-1.1796119636642288e-16,-1.734723475976807e-16,0,0
1155,0.2754164569026066,0.5346961485942923,0.13181098929423093,0.4015669111749086,0.0,3.400058012914542e-16,0,0
1156,0.2563492058061937,0.5284855536139887,0.12631122129307784,0.4042880695214042,1.240327285323417e-16,2.42861286636753e-16,0,0
1157,0.2373320374714019,0.5222947786073903,0.12044517141046952,0.4071833001414041,-1.0408340855860843e-17,3.9898639947466563e-16,0,0
1158,0.4273328818106854,0.5841486748163871,0.165799205891782,0.38705974566059015,-1.8214596497756474e-16,2.3245294578089215e-16,0,0
1159,0.4463360012887717,0.5903344605453236,0.16919938953232447,0.38613588015311356,4.336808689942018e-17,0.0,0,0
1160,0.04411417103895604,0.4413988416672508,0.03186885296478523,0.4395177066076512,2.42861286636753e-17,3.3306690738754696e-16,0,0
1161,0.4653415223114996,0.5965187299070503,0.17247621770092125,0.3853962298867323,1.9081958235744878e-17,-1.3183898417423734e-16,0,0
1162,0.0,0.4200000000008387,0.0,0.4440833655423932,-0.04617292295104285,-6.591949208711867e-17,1,0
1163,0.4843460351772072,0.6027030438095247,0.17564340836745018,0.38483622460358125,-2.6020852139652106e-17,1.8041124150158794e-16,0,0
1164,0.5033530004261795,0.6088885657336739,0.1787149496906226,0.3844500323252727,1.1102230246251565e-16,8.673617379884035e-17,0,0
1165,0.5223613737175565,0.6150738445408712,0.18170294014527344,0.38423144117401187,5.898059818321144e-17,-1.942890293094024e-16,0,0
1166,0.5455143143222706,0.640809916560145,0.18299661874353523,0.3903599129811429,5.551115123125783e-17,1.942890293094024e-16,0,0
1167,0.5645201372853582,0.6469933835815894,0.18596146515882062,0.39057306445137147,-1.214306433183765e-16,-1.457167719820518e-16,0,0
1168,0.5835264978605184,0.6531795437139425,0.18887230043566108,0.39092889074215575,1.3183898417423734e-16,2.671474153004283e-16,0,0
1169,0.6025322373917583,0.659365695430158,0.1917370492649495,0.3914212353963824,-2.636779683484747e-16,2.0816681711721685e-17,0,0
1170,0.6215387405147108,0.6655527973813422,0.1945630486937647,0.3920450821322121,1.5785983631388945e-16,3.8163916471489756e-17,0,0
1171,0.640547722029794,0.6717382015017543,0.19735737409668602,0.392794169684693,-1.214306433183765e-17,3.469446951953614e-18,0,0
1172,0.6595575627794577,0.6779232687804472,0.20012560179170144,0.3936640163837036,1.0148132334464322e-16,0.0,0,0
1173,0.6785684547732315,0.6841077090148118,0.20287330754413288,0.39464950434371976,2.949029909160572e-17,-1.0408340855860843e-17,0,0
1174,0.8538440456527604,0.7593338275156309,0.22751969268870217,0.41511329781637646,1.0408340855860843e-16,-1.214306433183765e-16,0,0
1175,0.1191395384156873,0.4656133071457115,0.07650426565940485,0.42685691568009065,-1.3357370765021415e-16,2.5326962749261384e-16,0,0
1176,0.1381418912537605,0.4718060328988718,0.0858913173746302,0.4230526060323672,1.2663481374630692e-16,4.85722573273506e-16,0,0
1177,0.157152960218723,0.4779946122205077,0.09458512336302764,0.4192060860224346,-6.418476861114186e-17,1.6306400674181987e-16,0,0
1178,0.1761598218266357,0.4841817011511405,0.10262577049528437,0.4153910575620679,3.469446951953614e-17,1.8388068845354155e-16,0,0
1179,0.1951662058859963,0.4903681788304218,0.11006506751353662,0.41166140256349143,-1.3530843112619095e-16,-3.0531133177191805e-16,0,0
1180,0.1001058045547941,0.4594141724872203,0.06633061268260101,0.4305626507475172,7.719519468096792e-17,3.8510861166685117e-16,0,0
1181,0.2141835123228435,0.4965536832902262,0.11695797961642955,0.40805660208993016,3.469446951953614e-17,2.42861286636753e-17,0,0
1182,0.08108739345128055,0.4532211310011378,0.055399240128261355,0.4340426248706109,-3.5561831257524545e-17,-9.020562075079397e-17,0,0
1183,0.06207334446048106,0.4470323766454465,0.04367332263166137,0.4371401958330554,-4.336808689942018e-18,-9.020562075079397e-17,0,0
1184,0.0360843343610106,0.4223089036105673,0.027834417306184918,0.44172469220128646,3.122502256758253e-17,-3.885780586188048e-16,0,0
1185,0.2332116984299824,0.5027428855444968,0.1233510424699909,0.4046091353822966,4.336808689942018e-17,-1.3183898417423734e-16,0,0
1186,0.01756481828958059,0.4104256009755041,0.014189971024244054,0.44449292950904423,3.642919299551295e-17,-5.169475958410885e-16,0,0
1187,0.5413669569715189,0.6212580489089887,0.18461760392109766,0.3841747593238581,-3.469446951953614e-17,-2.237793284010081e-16,0,0
1188,0.6975792430868969,0.6902927735659448,0.2056053021998106,0.3957462227146346,-2.42861286636753e-17,5.204170427930421e-17,0,0
1189,0.7165870184675184,0.6964805301119954,0.20832572114751616,0.39695026982790393,-2.0990154059319366e-16,7.979727989493313e-17,0,0
1190,0.7355994980679346,0.7026675868413418,0.21104047042444662,0.3982552417718454,1.942890293094024e-16,7.979727989493313e-17,0,0
1191,0.754615480566144,0.7088522118972713,0.21375350443116872,0.39965596982162577,-1.1622647289044608e-16,-1.3877787807814457e-17,0,0
1192,0.773630347142612,0.7150351712768876,0.21646784717940953,0.4011483804681108,2.5153490401663703e-16,2.393918396847994e-16,0,0
1193,0.7926430621053258,0.7212185694864821,0.2191868613057605,0.40272878833992487,-2.5066754227864863e-16,-3.469446951953614e-18,0,0
1194,0.8116604839143701,0.7274037485638392,0.2219149717680909,0.40439304579786084,-2.2551405187698492e-17,-5.204170427930421e-17,0,0
1195,0.8306767590746548,0.7335873256619297,0.22465468731343627,0.4061356997428407,1.0061396160665481e-16,-6.245004513516506e-17,0,0
1196,0.8496938396475804,0.7397728434089008,0.2274092160245867,0.4079536593404632,-5.117434254131581e-17,-1.3530843112619095e-16,0,0
1197,0.872860545594726,0.7655210071152887,0.2303705005642087,0.4170228955540087,5.204170427930421e-17,2.3332030751888055e-16,0,0
1198,0.8918773266745113,0.7717085061223168,0.23323893827541317,0.4189946674585373,-2.237793284010081e-16,-8.326672684688674e-17,0,0
1199,0.9108830767172673,0.7778968093973516,0.23612553724271246,0.4210247556968618,1.1362438767648086e-16,-2.42861286636753e-17,0,0
1200,0.9298441315145489,0.7840887554822729,0.2390257440559012,0.42311082564863833,1.457167719820518e-16,-2.42861286636753e-16,0,0
1201,0.94834746609236,0.7914411192216215,0.24187245752683212,0.4256709128701458,-2.5153490401663703e-16,1.0061396160665481e-16,0,0
1202,0.9658694577639801,0.800426505175249,0.24458960041830366,0.4288783394221235,-4.85722573273506e-17,1.8388068845354155e-16,0,0
1203,0.9827228803284097,0.8100754326825386,0.24723968864619253,0.43236717169771155,-1.5265566588595902e-16,1.491862189340054e-16,0,0
1204,1.0,0.8199999999995261,0.25,0.43597880535699507,0.04712114660159358,9.020562075079397e-17,2,0
1205,0.3472315991432654,0.5398670613064445,0.1534919654466706,0.38824267608578494,-1.1622647289044608e-16,-2.0469737016526324e-16,0,0
1206,0.3282525731573496,0.5336808737388197,0.14925755291332313,0.390416437538604,-5.551115123125783e-17,-1.491862189340054e-16,0,0
1207,0.3092717831949501,0.5275034948931748,0.1447540686575537,0.3928161005754677,1.3357370765021415e-16,2.0816681711721685e-17,0,0
1208,0.3662218923877427,0.5460492529816379,0.15749275827937434,0.38628790338960917,1.960237527853792e-16,-2.8102520310824275e-16,0,0
1209,0.385221565323316,0.552230953860034,0.1612846934226395,0.3845504936325753,-5.898059818321144e-17,-2.983724378680108e-16,0,0
1210,0.4042085689162567,0.5584048396337746,0.1648871450314667,0.38302827698838765,1.3010426069826053e-16,1.8735013540549517e-16,0,0
1211,0.4231963044537855,0.5645927368279109,0.168321318088676,0.3817200492713944,-1.5092094240998222e-16,-2.185751579730777e-16,0,0
1212,0.2902997594423332,0.5213372705264039,0.13995242890266243,0.3954389578346877,2.463307335887066e-16,1.214306433183765e-16,0,0
1213,0.271254077141797,0.5151391156803253,0.1347990279050326,0.3982904142446365,-3.0184188481996443e-16,-1.700029006457271e-16,0,0
1214,0.2521979919494032,0.5089293900554219,0.12927137568331187,0.40135437272486346,1.0148132334464322e-16,-3.712308238590367e-16,0,0
1215,0.4421893940100687,0.5707838414242068,0.17160999165066226,0.3806162314693634,9.020562075079397e-17,-3.122502256758253e-16,0,0
1216,0.4611937548380324,0.5769680377010564,0.17477374201927914,0.379706771848409,1.1709383462843448e-16,-3.122502256758253e-17,0,0
1217,0.0574949826885898,0.4276529942629444,0.04306169791500246,0.43870296758900745,8.847089727481716e-17,-4.822531263215524e-16,0,0
1218,0.4801971639625702,0.5831521719538539,0.17782441203091626,0.3789891545626574,-1.6306400674181987e-16,-3.0531133177191805e-16,0,0
1219,0.0,0.4000000000007742,0.0,0.44639270132154424,-0.046194599469621594,-5.898059818321144e-17,1,0
1220,0.4992046967442916,0.5893380618958891,0.18077715832808142,0.378456771857568,1.448494102440634e-16,-1.3530843112619095e-16,0,0
1221,0.5182163577096701,0.5955238092898816,0.18364522189643653,0.37810238777978245,4.163336342344337e-17,1.3530843112619095e-16,0,0
1222,0.5372202151057295,0.6017067286522931,0.1864383290168236,0.3779198398619999,-8.760353553682876e-17,2.2898349882893854e-16,0,0
1223,0.5603724010356121,0.6274420366606016,0.18746937790757984,0.3842739259233604,1.7694179454963432e-16,3.400058012914542e-16,0,0
1224,0.5793780517578895,0.6336267943104534,0.19026728154512376,0.3845233558131955,-1.0061396160665481e-16,-3.2612801348363973e-16,0,0
1225,0.5983848472990851,0.6398118044737149,0.19301980204814603,0.3849169732070827,-5.204170427930421e-17,-2.7755575615628914e-17,0,0
1226,0.6173913943100389,0.6459981392940749,0.19573408059842443,0.3854496181074619,2.0643209364124004e-16,-8.326672684688674e-17,0,0
1227,0.6363996450719812,0.6521834078875269,0.19841757250791278,0.38611467408464334,-2.8796409701215e-16,1.3183898417423734e-16,0,0
1228,0.6554086162357853,0.6583681084020602,0.20107630165159596,0.38690694713278967,1.3530843112619095e-16,8.673617379884035e-17,0,0
1229,0.674418416556189,0.6645529107708847,0.20371597252907386,0.3878213419047648,-1.0928757898653885e-16,1.491862189340054e-16,0,0
1230,0.6934300505204141,0.6707363387298786,0.20634214771006934,0.38885206374130865,-1.6479873021779667e-17,1.9081958235744878e-16,0,0
1231,0.8687106334263774,0.7459585606245203,0.2301812659680749,0.4098420148850224,-1.1449174941446927e-16,-4.163336342344337e-17,0,0
1232,0.1149852195799423,0.4460633444415708,0.0781149201981989,0.427155490208428,3.8163916471489756e-17,-2.1510571102112408e-16,0,0
1233,0.1339978973242074,0.4522573120980663,0.08797240369703936,0.4228609455787095,-2.2551405187698492e-17,-3.7470027081099033e-16,0,0
1234,0.1530051110825724,0.4584459194844551,0.09703005352841329,0.418536250118694,-2.3418766925686896e-17,-4.5102810375396984e-17,0,0
1235,0.1720121286163279,0.4646290766035568,0.10536022925413428,0.41424929686132017,1.5699247457590104e-16,-3.122502256758253e-17,0,0
1236,0.1910221671566101,0.4708151356784219,0.11302236257121748,0.4100613259326076,-1.2923689896027213e-16,-2.220446049250313e-16,0,0
1237,0.2100461407425991,0.4770022009129993,0.12008016180713575,0.406016508732266,1.214306433183765e-17,4.163336342344337e-17,0,0
1238,0.09596991315762034,0.4398669544260051,0.06741647297007301,0.43131285166691713,-6.071532165918825e-17,-1.0755285551056204e-16,0,0
1239,0.2290997351128558,0.4831867401197233,0.1265967068298484,0.40214485935190314,-7.025630077706069e-17,-2.0469737016526324e-16,0,0
1240,0.07695125089374577,0.4336684058661495,0.055845828916487913,0.4352009151222753,-8.933825901280557e-17,-3.5041414214731503e-16,0,0
1241,0.05388785649382057,0.4079458110063766,0.043208381414258965,0.4406038682325698,9.974659986866641e-17,5.030698080332741e-16,0,0
1242,0.03505152329763552,0.399886153547147,0.029158084784632082,0.4440224024060427,-9.540979117872439e-17,3.9898639947466563e-16,0,0
1243,0.2481157884509995,0.4893928408667221,0.1325909547150639,0.39849287214522106,-1.3877787807814457e-17,3.365363543395006e-16,0,0
1244,0.01693254400311152,0.3903585486928374,0.01471015799883423,0.44697150884796794,-6.245004513516506e-17,5.204170427930421e-16,0,0
1245,0.5562252547095237,0.6078906812689551,0.18916828031360092,0.37790271892452226,-1.5959455978986625e-16,-1.448494102440634e-16,0,0
1246,0.7124368012668798,0.6769236791774282,0.20895822659220245,0.3899963613311234,-9.71445146547012e-17,4.5102810375396984e-17,0,0
1247,0.7314480645538992,0.6831125168325306,0.21157047023259765,0.39124785674690005,-1.1102230246251565e-16,3.469446951953614e-17,0,0
1248,0.7504632664311354,0.6892961400312309,0.21418337938269114,0.392599314701084,1.2836953722228372e-16,3.469446951953614e-16,0,0
1249,0.7694796881273867,0.6954779856300062,0.21680017531377657,0.39404740273613836,-8.153200337090993e-17,-1.0755285551056204e-16,0,0
1250,0.7884956858764876,0.7016620692735279,0.21942406254329058,0.3955890885526817,-1.3530843112619095e-16,1.0061396160665481e-16,0,0
1251,0.8075089173021484,0.707846591141313,0.22205829516755496,0.3972192782202465,-6.938893903907228e-18,6.245004513516506e-17,0,0
1252,0.82652507360558,0.714031566496452,0.22470705932607205,0.3989332837294747,1.0928757898653885e-16,1.734723475976807e-16,0,0
1253,0.8455416559371662,0.7202175979761236,0.2273731498611552,0.40072689839551295,6.331740687315346e-17,6.591949208711867e-17,0,0
1254,0.8645582707070242,0.7263996704388772,0.2300595693625522,0.40259378378602306,-1.1102230246251565e-16,4.5102810375396984e-17,0,0
1255,0.8877273476423613,0.7521457463372874,0.23297310526287426,0.41179762588251084,1.734723475976807e-16,2.229119666630197e-16,0,0
1256,0.9067442131718002,0.7583330895132833,0.23578795001771102,0.41381545639291306,-2.5673907444456745e-16,-2.0122792321330962e-16,0,0
1257,0.9257290466539017,0.7646333834845138,0.2386217827810113,0.41593207887789396,1.8214596497756474e-16,3.434752482434078e-16,0,0
1258,0.9453812037290754,0.7715009023467765,0.24157986413133586,0.41831120556747325,-2.480654570646834e-16,-1.6653345369377348e-16,0,0
1259,0.964508883461116,0.7801129579306842,0.24448406886941584,0.4213825304304305,3.608224830031759e-16,-2.498001805406602e-16,0,0
1260,0.9826794919242662,0.7899999999994541,0.24728311368118863,0.4249814445579847,-1.249000902703301e-16,-1.0755285551056204e-16,0,0
1261,1.0,0.7999999999994734,0.25,0.4286510392334719,0.047123075926887484,4.163336342344337e-17,2,0
1262,0.3620835169475397,0.5264994555259896,0.1605970838200638,0.38156034472607225,5.377642775528102e-17,-8.673617379884035e-17,0,0
1263,0.3431127848967933,0.5203126877845595,0.1566856500031878,0.3837682957578496,-1.0408340855860843e-17,1.5265566588595902e-16,0,0
1264,0.3241307230742146,0.5141374702707386,0.15251583653279413,0.38622401212086077,1.4224732503009818e-16,2.220446049250313e-16,0,0
1265,0.3051545724300852,0.5079703323650888,0.1480607903621093,0.38892503843908366,-1.8214596497756474e-16,-3.469446951953614e-16,0,0
1266,0.381076046727779,0.5326845848867667,0.16429138212220737,0.37958587793223414,-7.892991815694472e-17,3.157196726277789e-16,0,0
1267,0.4000756703846277,0.538865175081111,0.1677910233652323,0.3778416107790497,-3.9898639947466563e-17,-1.2836953722228372e-16,0,0
1268,0.41906383256847,0.5450393406969847,0.17111514314690124,0.3763243057858138,1.3183898417423734e-16,1.0408340855860843e-17,0,0
1269,0.4380531922691464,0.5512299240976506,0.17428406852764394,0.3750314540132413,-8.326672684688674e-17,2.220446049250313e-16,0,0
1270,0.286148937349574,0.5017900023696344,0.14327839169462664,0.39187489395332487,1.6653345369377348e-16,-2.2898349882893854e-16,0,0
1271,0.2671073997685077,0.4955943679688046,0.1381266133037641,0.3950724470446655,3.642919299551295e-17,4.128641872824801e-16,0,0
1272,0.4570468014096947,0.557418280849444,0.17732123170573297,0.37394972963129536,-1.231653667943533e-16,-1.3877787807814457e-17,0,0
1273,0.4760504067417126,0.5636019354304915,0.18024525719135318,0.37306977607257485,1.231653667943533e-16,2.671474153004283e-16,0,0
1274,0.0728354614639834,0.414134222126641,0.05640925353815035,0.4367968092311968,-1.3270634591222574e-16,2.5326962749261384e-16,0,0
1275,0.4950542436503942,0.5697873439073052,0.18306822071165416,0.3723878782086128,-2.1684043449710089e-16,-8.326672684688674e-17,0,0
1276,0.0,0.3800000000007314,0.0,0.4492696875884641,-0.046345645747604705,5.898059818321144e-17,1,0
1277,0.5140613795397282,0.5759734366810957,0.18580479692166418,0.3718956610099721,3.5561831257524545e-17,1.7694179454963432e-16,0,0
1278,0.5330711060001495,0.5821571683191666,0.18846774969671085,0.37158463212840037,5.204170427930421e-18,2.0816681711721685e-16,0,0
1279,0.552078190746913,0.5883384731468089,0.19106721742999505,0.37144819935861784,-1.0755285551056204e-16,-1.1796119636642288e-16,0,0
1280,0.5752309045859183,0.6140748761095226,0.19184468162326376,0.3780443117540784,6.938893903907228e-18,1.465841337200402e-16,0,0
1281,0.5942370739388064,0.6202595467924117,0.19447617487661245,0.3783383383125253,-1.3964523981613297e-16,2.5673907444456745e-16,0,0
1282,0.6132439593876879,0.62644432504495,0.19707069942127786,0.3787784669930218,1.734723475976807e-18,-2.42861286636753e-17,0,0
1283,0.6322516335269948,0.6326292057068523,0.1996354178734728,0.3793586710514565,-1.5612511283791264e-17,2.7755575615628914e-17,0,0
1284,0.6512599844238054,0.6388140220296702,0.20217684831897578,0.38007303006750504,1.1188966420050406e-16,-1.491862189340054e-16,0,0
1285,0.670269361146377,0.6449989316359775,0.20470098582176652,0.3809158990078886,-1.9949319973733282e-17,-1.3877787807814457e-16,0,0
1286,0.6892789580001728,0.6511835862313037,0.20721319630991628,0.38188168958920743,-1.6132928326584306e-16,-1.5265566588595902e-16,0,0
1287,0.7082897554303216,0.6573694619554743,0.2097185427142995,0.38296550031735777,2.185751579730777e-16,3.122502256758253e-17,0,0
1288,0.8835767549293259,0.7325840550213859,0.2327690804742084,0.404531736809125,-3.122502256758253e-17,-1.8127860323957634e-16,0,0
1289,0.1108456913189854,0.4265108271313616,0.07995835946736803,0.427815888448227,-9.194034422677078e-17,-2.0816681711721685e-16,0,0
1290,0.1298521234983022,0.4327056113850246,0.09030695413638139,0.42299542253008093,5.377642775528102e-17,4.614364446098307e-16,0,0
1291,0.1488586660655851,0.4388917990659014,0.09977293867796222,0.41813760727773097,1.3530843112619095e-16,2.0816681711721685e-16,0,0
1292,0.1678658623219557,0.4450772264561076,0.10842040578047121,0.41333237712670273,-2.92300905702092e-16,-4.163336342344337e-16,0,0
1293,0.1868723114486849,0.4512625938256739,0.11632257142418653,0.40864494470847185,1.3791051634015616e-16,5.863365348801608e-16,0,0
1294,0.2058774777492271,0.4574474628679755,0.12354813887403303,0.40412681532831674,-8.673617379884035e-18,1.3877787807814457e-16,0,0
1295,0.2249271375086928,0.4636467294614852,0.13017837009925032,0.39980567280130563,2.0556473190325164e-16,1.0755285551056204e-16,0,0
1296,0.09183609282303276,0.4203185471990349,0.0686649554456127,0.4324744821512141,3.122502256758253e-17,3.608224830031759e-16,0,0
1297,0.2439898671714661,0.4698577012814709,0.13625982183231933,0.39571705419320036,-2.706168622523819e-16,-2.914335439641036e-16,0,0
1298,0.05008439695695744,0.3883245255768,0.04307958218684417,0.44310395394670327,2.42861286636753e-17,1.3877787807814457e-17,0,0
1299,0.06868720771587639,0.3945942748766582,0.05699712047599893,0.4388760503976313,6.591949208711867e-17,2.5326962749261384e-16,0,0
1300,0.03275207583977384,0.3798994023152116,0.02938347477742157,0.4467324850350901,-3.642919299551295e-17,-1.0061396160665481e-16,0,0
1301,0.2630064581795132,0.4760485565001975,0.14183640749229567,0.3918903010870192,1.5612511283791264e-17,-2.1163626406917047e-16,0,0
1302,0.01647979930795699,0.3705651211486116,0.015465986135165592,0.4499517806806237,-3.8163916471489756e-17,4.85722573273506e-17,0,0
1303,0.5710839870985196,0.5945219542239879,0.1936129302295967,0.37148051430173684,-3.469446951953614e-17,2.0816681711721685e-16,0,0
1304,0.7272995045246449,0.6635586261636504,0.21222117332971743,0.3841630894009313,5.551115123125783e-17,-2.3245294578089215e-16,0,0
1305,0.7463102506969032,0.6697433936889821,0.21472625608191376,0.38546638629424534,-1.9081958235744878e-17,-2.393918396847994e-16,0,0
1306,0.765326616574546,0.6759231452972532,0.21723842191567047,0.3868699862670455,1.0668549377257364e-16,-9.020562075079397e-17,0,0
1307,0.7843463949278342,0.6821023812156791,0.21976076502298586,0.38837100489980814,0.0,1.3183898417423734e-16,0,0
1308,0.8033604593238104,0.6882887900366115,0.22229508096321007,0.3899681136162655,1.0408340855860843e-16,-2.220446049250313e-16,0,0
1309,0.8223740052602262,0.6944740265107123,0.22484593909872794,0.3916533419902904,-1.1796119636642288e-16,-2.1163626406917047e-16,0,0
1310,0.8413886201449159,0.7006601091247956,0.2274166886447954,0.3934228910891987,1.7867651802561113e-16,1.3183898417423734e-16,0,0
1311,0.8604037064385528,0.7068440077322939,0.23001057210698383,0.3952709334062201,-6.331740687315346e-17,0.0,0,0
1312,0.879423383511291,0.7130253727996066,0.2326309806255198,0.3971926536671485,9.8879238130678e-17,-9.020562075079397e-17,0,0
1313,0.9025942057447232,0.7387702017446341,0.23550276973326217,0.4065375120501301,1.942890293094024e-16,1.6306400674181987e-16,0,0
1314,0.9216113207529668,0.7449575431521019,0.23826449656579046,0.40860505024095073,-1.1796119636642288e-16,-2.6020852139652106e-16,0,0
1315,0.9405126219150075,0.7518161142969549,0.24103186923283654,0.41098304716770534,1.8648277366750676e-16,8.673617379884035e-17,0,0
1316,0.9623165367071221,0.7573353648602287,0.24428751016994882,0.4128956562942774,-5.898059818321144e-17,1.3704315460216776e-16,0,0
1317,0.9827092441506624,0.7699484236874978,0.24734655014102225,0.41753285542109936,-1.700029006457271e-16,1.1796119636642288e-16,0,0
1318,1.0,0.7799999999994207,0.25,0.42125600848217487,0.04712560961342029,-9.367506770274758e-17,2,0
1319,0.3769301010709566,0.5131374016518095,0.16760971391386884,0.37456712109190804,-4.423544863740858e-17,-3.469446951953614e-17,0,0
1320,0.3579576881236304,0.5069452524449439,0.1640291653030876,0.37678564511738233,2.194425197110661e-16,4.371503159461554e-16,0,0
1321,0.3389853233483228,0.5007618985857613,0.16021058445151534,0.37926605979634814,-1.691355389077387e-16,-1.0408340855860843e-17,0,0
1322,0.3200085706044673,0.4946028898658097,0.15611588641247787,0.38201880252752796,-4.336808689942018e-17,3.8510861166685117e-16,0,0
1323,0.3010132626384716,0.4884273422484598,0.15171506118118078,0.38504012081671385,-1.1362438767648086e-16,4.3021142204224816e-16,0,0
1324,0.395930678651332,0.5193200449689233,0.17099244464870095,0.3725925136560002,-7.025630077706069e-17,-6.245004513516506e-17,0,0
1325,0.4149246284668288,0.5254974717284775,0.17419293719712892,0.37086231790113855,3.469446951953614e-17,2.3245294578089215e-16,0,0
1326,0.43391645522872,0.5316808945840176,0.17723290833144856,0.36937111762570524,-1.222980050563649e-16,2.0816681711721685e-16,0,0
1327,0.4529038811364308,0.5378687798251072,0.18013349882921764,0.3681099558641038,1.0755285551056204e-16,1.3877787807814457e-16,0,0
1328,0.2820051029539979,0.4822400534994045,0.1469679922095886,0.38833264847199295,6.591949208711867e-17,-3.469446951953614e-18,0,0
1329,0.4719036437162956,0.5440535708496812,0.18291814638757783,0.367064810753606,4.683753385137379e-17,1.1449174941446927e-16,0,0
1330,0.4909086270756289,0.5502377735270172,0.18560116689082043,0.36622921316381196,-1.48318857196017e-16,5.204170427930421e-17,0,0
1331,0.08769868234437192,0.4007765747819717,0.07006885488929342,0.4340659637034074,-9.194034422677078e-17,-2.6020852139652106e-16,0,0
1332,0.5099152435206833,0.5564224605474146,0.18819634873694535,0.3655955751066495,1.3530843112619095e-16,9.367506770274758e-17,0,0
1333,0.0,0.3600000000006675,0.0,0.45275561283105137,-0.04654993002550277,3.122502256758253e-17,1,0
1334,0.5289246559379417,0.5626071997934772,0.19071721679163575,0.3651551298284342,-2.6281060661048627e-16,-3.7470027081099033e-16,0,0
1335,0.5479304280543138,0.5687881017799217,0.1931750129295086,0.3648991649434569,3.86843335142828e-16,1.5265566588595902e-16,0,0
1336,0.5669355983357296,0.5749690725544607,0.19558023746380812,0.3648206356300771,2.0816681711721685e-17,-3.5735303605122226e-16,0,0
1337,0.5900895441036573,0.6007072098732502,0.19611428829772212,0.371674288609504,6.245004513516506e-17,-8.847089727481716e-17,0,0
1338,0.6090960200778203,0.6068914849746265,0.1985800997737872,0.37202166512131096,1.7867651802561113e-16,3.122502256758253e-17,0,0
1339,0.6281036932342106,0.6130753994074802,0.20101775375129693,0.3725163196189408,-6.938893903907228e-17,-5.551115123125783e-17,0,0
1340,0.6471118524299286,0.6192600421508899,0.2034337639048016,0.37315241655142195,-7.19910242530375e-17,2.3245294578089215e-16,0,0
1341,0.6661204698191063,0.625444873275273,0.20583434295692224,0.37392367774693946,5.551115123125783e-17,-7.28583859910259e-17,0,0
1342,0.6851299565217849,0.6316303001714867,0.2082251422416274,0.3748243514369178,1.249000902703301e-16,1.3877787807814457e-16,0,0
1343,0.7041398474516831,0.6378176332748695,0.21061113714958982,0.3758492914398225,-1.4224732503009818e-16,-2.463307335887066e-16,0,0
1344,0.7231512281048215,0.6440030599599962,0.212997559816069,0.3769915141792039,3.894454203567932e-16,0.0,0,0
1345,0.8984432906712857,0.719209141619463,0.23527986163677111,0.3991850221101275,-1.6306400674181987e-16,5.117434254131581e-17,0,0
1346,0.106704721581478,0.4069651144370202,0.08203130686680053,0.42885870574162754,1.9949319973733282e-16,4.3021142204224816e-16,0,0
1347,0.125710600357211,0.4131534480117897,0.0929336555448055,0.42345720106378226,-2.740863092043355e-16,-4.787836793695988e-16,0,0
1348,0.1447145496342766,0.4193390453070737,0.10284263999095826,0.41801714463907924,5.898059818321144e-17,1.2836953722228372e-16,0,0
1349,0.1637197272463654,0.4255247509246686,0.1118390386632262,0.4126413383707759,2.8536201179818477e-16,5.447031714567174e-16,0,0
1350,0.1827255274342292,0.4317108600978558,0.12000376517953704,0.4074063355248175,-2.5847379792054426e-16,-5.655198531684391e-16,0,0
1351,0.201730650467807,0.4378961544935772,0.12741817206442443,0.40236733869573044,-5.204170427930421e-17,-1.6653345369377348e-16,0,0
1352,0.2207632967598136,0.4440945896940026,0.13416662470955035,0.39755981490026826,2.185751579730777e-16,2.0469737016526324e-16,0,0
1353,0.2398289411347355,0.4503116636119168,0.1403191910703836,0.39301164763325924,5.204170427930421e-18,3.469446951953614e-17,0,0
1354,0.258866055046715,0.4565124111119127,0.14592651091008024,0.38875369105806,-1.3704315460216776e-16,-3.2959746043559335e-16,0,0
1355,0.06453867048821751,0.3750419651302482,0.05760114138762341,0.44148990005625277,-1.1535911115245767e-16,-2.0469737016526324e-16,0,0
1356,0.04685472769610477,0.3685713554959656,0.043476974327076603,0.4460490539197423,1.3877787807814457e-17,-1.97758476261356e-16,0,0
1357,0.08354950968356245,0.3812298299238241,0.07161857426516406,0.43612187780114614,2.3418766925686896e-16,3.122502256758253e-16,0,0
1358,0.03064409518633257,0.3605457274509066,0.029638554059151157,0.44986860231623993,5.204170427930421e-18,-6.973588373426765e-16,0,0
1359,0.2778669723542269,0.4626957828423746,0.15104898905356592,0.3847977034162991,2.3418766925686896e-17,-6.938893903907228e-17,0,0
1360,0.015670862355394,0.3506512611291772,0.015926155902432942,0.4535415196859649,7.28583859910259e-17,-2.8275992658421956e-16,0,0
1361,0.5859425451524329,0.5811509161760193,0.19794272567277313,0.36491187431051675,-6.938893903907228e-18,-4.536301889679351e-16,0,0
1362,0.7421615903084575,0.650188932652386,0.21538821113350626,0.37824679040772125,-2.8449465006019636e-16,-2.3071822230491534e-16,0,0
1363,0.7611777586888714,0.6563654505220438,0.21778875880522797,0.37960587583978034,2.1597307275911248e-16,5.204170427930421e-17,0,0
1364,0.7801935927486691,0.6625454393065063,0.220201161557044,0.38106905109926986,-3.478120569333498e-16,1.3877787807814457e-17,0,0
1365,0.799210983837476,0.6687284487175229,0.2226293519162205,0.38263132230556235,2.3071822230491534e-16,9.71445146547012e-17,0,0
1366,0.8182254823099198,0.6749152235070615,0.2250760630338953,0.38428849631027073,3.2959746043559335e-17,1.457167719820518e-16,0,0
1367,0.8372402820909837,0.6811022354935845,0.2275451292401563,0.38603449878472945,-4.7704895589362195e-17,-1.7694179454963432e-16,0,0
1368,0.8562554983477515,0.687289493237078,0.23003965286384953,0.38786488852048406,-1.1102230246251565e-16,1.3183898417423734e-16,0,0
1369,0.8752683511544337,0.6934701780288998,0.23256283585497958,0.38977214928736914,-1.214306433183765e-16,1.0061396160665481e-16,0,0
1370,0.8942867881555397,0.6996470228656635,0.23511847064185973,0.3917523950532857,2.0816681711721685e-17,1.2836953722228372e-16,0,0
1371,0.9174612200160969,0.7253943643098595,0.2379571599653379,0.4012459789997695,-1.214306433183765e-16,4.597017211338539e-17,0,0
1372,0.9355630051678354,0.731776101075849,0.24052930797402314,0.4034543252393521,8.239936510889834e-17,1.0755285551056204e-16,0,0
1373,0.9530773593856804,0.7374771044518722,0.24305971463051537,0.405467207425054,-1.960237527853792e-16,-3.122502256758253e-17,0,0
1374,0.9827931470687574,0.7500482571126017,0.24741266405963294,0.4100575898912787,-5.898059818321144e-17,-1.8388068845354155e-16,0,0
1375,1.0,0.7599999999993681,0.25,0.41378198915971276,0.0471529385881898,-6.938893903907228e-18,2,0
1376,0.3917850208714187,0.4997740671723652,0.17451290379072226,0.36726230468105164,-7.37257477290143e-17,9.71445146547012e-17,0,0
1377,0.3728086505377597,0.4935825476782935,0.17126886122642407,0.3694685360042942,1.474514954580286e-16,-1.2836953722228372e-16,0,0
1378,0.3538367054631925,0.4873955940569276,0.1678074968068652,0.3719492909617944,3.642919299551295e-17,-4.3021142204224816e-16,0,0
1379,0.3348647969230616,0.4812416919603918,0.16408802236825673,0.3747222497332708,2.445960101127298e-16,-2.7755575615628914e-17,0,0
1380,0.3158679810570246,0.4750627685101587,0.16008248845567866,0.37778365384712037,-2.203098814490545e-16,-5.30825383648903e-16,0,0
1381,0.2968674307086849,0.4688803868461528,0.15575060164979207,0.38114144445949555,1.249000902703301e-16,-1.8735013540549517e-16,0,0
1382,0.4107831048678973,0.5059548096240547,0.17757542359895154,0.3653124072355016,-7.112366251504909e-17,-2.7755575615628914e-16,0,0
1383,0.4297748518601963,0.5121307168010398,0.1804730430961117,0.3636169718414901,1.474514954580286e-16,-1.214306433183765e-16,0,0
1384,0.4487630559556527,0.5183198704838757,0.1832249987533414,0.36217123092148,-9.454242944073599e-17,-3.226585665316861e-16,0,0
1385,0.4677573336375251,0.5245042777244183,0.1858573236586972,0.3609571974866703,1.5178830414797062e-16,-1.4224732503009818e-16,0,0
1386,0.4867613372637296,0.5306910184461061,0.18838681649545874,0.35996684728670925,-1.1535911115245767e-16,-2.740863092043355e-16,0,0
1387,0.5057715852869467,0.5368735451852431,0.19082954608909605,0.35918894512442034,1.1622647289044608e-16,-1.8735013540549517e-16,0,0
1388,0.1025584152135486,0.387416807368239,0.08435017489106271,0.43030152915855574,-2.419939248987646e-16,-7.112366251504909e-16,0,0
1389,0.5247795588975078,0.5430570425667434,0.19319689417758845,0.3586171427061788,-2.949029909160572e-17,1.8735013540549517e-16,0,0
1390,0.0,0.340000000000624,0.0,0.45688731399108545,-0.04720188957179787,-1.5612511283791264e-16,1,0
1391,0.5437831565732507,0.5492402095148989,0.19550126987326755,0.35824194524156594,-1.1449174941446927e-16,1.734723475976807e-16,0,0
1392,0.5627877247697279,0.5554185877041322,0.1977553730436533,0.3580521167350229,6.765421556309548e-17,3.5735303605122226e-16,0,0
1393,0.581794248925628,0.5615942443890864,0.19996891712643572,0.35803987536332443,3.209238430557093e-17,4.718447854656915e-16,0,0
1394,0.6049485052266325,0.587337295745594,0.20027018292370793,0.36516718920545954,1.8388068845354155e-16,1.3010426069826053e-17,0,0
1395,0.6239557614086743,0.5935215994957286,0.2025715748300201,0.36557679247050007,-1.3357370765021415e-16,-1.8041124150158794e-16,0,0
1396,0.6429636738677948,0.5997058138451616,0.20485351094201157,0.3661346843811515,-1.9949319973733282e-17,-3.469446951953614e-18,0,0
1397,0.6619721803329025,0.6058905789571066,0.20712224507053245,0.36683459382361777,1.8474805019152996e-16,-2.7755575615628914e-17,0,0
1398,0.680981556398949,0.6120758415573614,0.2093835786399687,0.3676702265562624,-1.196959198423997e-16,5.898059818321144e-17,0,0
1399,0.6999914601317405,0.6182614310576074,0.21164274217853435,0.3686355367522966,-9.367506770274758e-17,6.591949208711867e-17,0,0
1400,0.7190021729480316,0.6244470808441247,0.213904643294023,0.36972462909183124,2.0990154059319366e-16,1.3877787807814457e-16,0,0
1401,0.7380136800462069,0.630632672621768,0.21617370913017114,0.3709318913139027,-2.3592239273284576e-16,3.365363543395006e-16,0,0
1402,0.9132880888607635,0.7058148042792265,0.23770664853694715,0.39379828025999786,1.3877787807814457e-16,1.205632815803881e-16,0,0
1403,0.9698820442875578,0.7402012303413275,0.24553857411294772,0.4063794763133096,2.5153490401663703e-16,-1.734723475976807e-17,0,0
1404,0.1215653661009966,0.3936025216627851,0.09587329610268433,0.4242572612497115,1.0061396160665481e-16,2.3245294578089215e-16,0,0
1405,0.1405701847961363,0.399787545443459,0.10627590097753348,0.4181748944013612,-7.28583859910259e-17,-7.28583859910259e-17,0,0
1406,0.1595747154854,0.4059725380990972,0.11565449730569484,0.41217313560701374,-1.1882855810441129e-16,-4.718447854656915e-16,0,0
1407,0.1785791153432496,0.4121576315125512,0.12410527095639294,0.4063381433156212,2.411265631607762e-16,4.753142324176451e-16,0,0
1408,0.1975844752705897,0.4183445598898932,0.13172179142193757,0.40073167594197157,-8.673617379884035e-18,4.163336342344337e-17,0,0
1409,0.2165918491518413,0.4245311065301719,0.1385939357664451,0.395397238515084,-1.4224732503009818e-16,-2.706168622523819e-16,0,0
1410,0.2356386370839425,0.4307403856062993,0.1448123553033773,0.39035679578815974,1.249000902703301e-16,2.5326962749261384e-16,0,0
1411,0.2546855747389777,0.4369489869319916,0.15044277552821414,0.3856370476315155,-4.5102810375396984e-17,1.249000902703301e-16,0,0
1412,0.2737205850893303,0.4431517397997031,0.15555164751008452,0.3812522789032049,-6.591949208711867e-17,1.249000902703301e-16,0,0
1413,0.0794037896910398,0.3616724151803388,0.07331175354506299,0.438675558667668,-2.1337098754514727e-16,-3.7816971776294395e-16,0,0
1414,0.06039291423375624,0.3554830138658796,0.058224090836468366,0.4446476909564624,3.122502256758253e-17,3.2612801348363973e-16,0,0
1415,0.0418746048014141,0.3491879015140046,0.04219408437876889,0.44986945611292634,-6.678685382510707e-17,5.134781488891349e-16,0,0
1416,0.09841331252756048,0.3678619928911265,0.08693185831339013,0.43216294647984405,3.677613769070831e-16,8.81239525796218e-16,0,0
1417,0.02911561650004557,0.3416513663528643,0.03060944378281253,0.45337680443370876,-1.2332799712022613e-17,8.604228440844963e-16,0,0
1418,0.2927202429870047,0.4493342617896046,0.16019902526014929,0.3772077591260241,1.4224732503009818e-16,-1.0408340855860843e-17,0,0
1419,0.01818753239749364,0.3291579476770624,0.02029734138320997,0.45773926160895884,-1.1535911115245767e-16,-4.163336342344337e-17,0,0
1420,0.6008008560031605,0.5677806331730215,0.20214857180561843,0.35820242293362375,-2.636779683484747e-16,7.112366251504909e-17,0,0
1421,0.757026883902501,0.6368106784228054,0.21845465999368427,0.37224903643149176,-3.122502256758253e-17,6.938893903907228e-18,0,0
1422,0.7760476179021518,0.6429811137643302,0.22075197850105624,0.3736705957975089,-1.0061396160665481e-16,1.1796119636642288e-16,0,0
1423,0.7950615148856579,0.6491680760451316,0.2230657158550297,0.37520179009641336,1.2663481374630692e-16,-2.7755575615628914e-16,0,0
1424,0.8140759519912082,0.655354911564165,0.22540133523098607,0.3768309353525091,-1.0408340855860843e-16,-4.5102810375396984e-17,0,0
1425,0.8330907390154791,0.6615413492378504,0.22776200647415157,0.37855327000634004,8.153200337090993e-17,1.214306433183765e-16,0,0
1426,0.8521059676868383,0.6677279972524914,0.23015069738695432,0.38036448621059676,-6.938893903907228e-17,4.163336342344337e-17,0,0
1427,0.8711205876836613,0.6739139642480583,0.23257012846018682,0.3822599742577117,1.1622647289044608e-16,-1.0755285551056204e-16,0,0
1428,0.8901364781807195,0.6800942613009361,0.23502436326925535,0.38423223006752116,3.122502256758253e-17,-5.551115123125783e-17,0,0
1429,0.9091611365547452,0.6862683791658496,0.2375171468455962,0.3862764232635436,-8.153200337090993e-17,-1.457167719820518e-16,0,0
1430,0.9321758297778843,0.7120507740785396,0.24031045615859348,0.3959398433047516,-1.249000902703301e-16,-1.8127860323957634e-16,0,0
1431,0.9498457950187311,0.7179859951077232,0.2427768315518985,0.39804392639621217,1.0408340855860843e-17,1.7694179454963432e-16,0,0
1432,0.9677241417005704,0.7222492010343649,0.24532825990280538,0.39955020885319686,-8.760353553682876e-17,6.591949208711867e-17,0,0
1433,1.0,0.7399999999993154,0.25,0.4062336409659741,0.047145858100363695,-5.204170427930421e-17,2,0
1434,0.983331592849412,0.7303412535977768,0.24756760901898142,0.40257171858793667,1.734723475976807e-16,4.5102810375396984e-17,0,0
1435,0.4066394870277208,0.4864119325779568,0.1812815093130438,0.3596540151125561,2.8796409701215e-16,2.2898349882893854e-16,0,0
1436,0.3876548723923679,0.4802252259690595,0.17837742393381326,0.36182538651128815,-1.6046192152785466e-16,-1.8041124150158794e-16,0,0
1437,0.3686864970532342,0.4740319314736011,0.17528206383242503,0.36427700086200954,-1.1882855810441129e-16,1.6653345369377348e-16,0,0
1438,0.3497165283620836,0.4678780870230297,0.17194798972693248,0.3670385157752573,2.740863092043355e-16,2.393918396847994e-16,0,0
1439,0.3307183079561068,0.4616963095460765,0.16835029939329293,0.37010705569107494,-2.714842239903703e-16,-3.157196726277789e-16,0,0
1440,0.3117195559782426,0.4555162632577705,0.1644484108192887,0.37349451303049525,-6.765421556309548e-17,-2.7755575615628914e-17,0,0
1441,0.4256362949473078,0.492592202787888,0.18402007736643933,0.3577520923818234,-2.706168622523819e-16,-1.0408340855860843e-16,0,0
1442,0.4446328773238876,0.4987739351421787,0.1866122708272127,0.35611341231301435,1.734723475976807e-17,2.5326962749261384e-16,0,0
1443,0.4636331743973318,0.5049570484038838,0.18908056023664482,0.3547255419244253,-4.423544863740858e-17,1.942890293094024e-16,0,0
1444,0.4826318647163448,0.5111420369661435,0.19144263448831567,0.353578141220883,9.540979117872439e-18,3.7470027081099033e-16,0,0
1445,0.5016287067453251,0.517325893137248,0.19371587433044768,0.3526588670099507,6.505213034913027e-17,2.42861286636753e-16,0,0
1446,0.5206331630800564,0.5235084212908863,0.19591670644883963,0.35195548193161125,-1.7780915628762273e-16,-1.7694179454963432e-16,0,0
1447,0.1174207047354085,0.3740502497268475,0.09915800312996811,0.42540136309038684,-1.9255430583342559e-16,-2.220446049250313e-16,0,0
1448,0.539636948949088,0.5296920426108654,0.198056264985418,0.3514600150650954,3.469446951953614e-18,-1.7694179454963432e-16,0,0
1449,0.0,0.3200000000005747,0.0,0.46168293538616495,-0.04735631103360871,3.434752482434078e-16,1,0
1450,0.5586392113250569,0.535870855533871,0.20014703414415644,0.3511605414087572,8.153200337090993e-17,-2.3245294578089215e-16,0,0
1451,0.5776437054043897,0.5420490424525559,0.20219913487022986,0.3510488677803232,6.938893903907228e-17,-2.636779683484747e-16,0,0
1452,0.5966535212160664,0.5482260287600023,0.20422225954592632,0.35111555320744847,1.1102230246251565e-16,-1.5265566588595902e-16,0,0
1453,0.6198076891783769,0.5739663635138893,0.20430405031401921,0.3585278115547667,7.28583859910259e-17,3.5561831257524545e-16,0,0
1454,0.638815563769014,0.5801509197930256,0.2064427173942986,0.359008379520736,-7.45931094670027e-17,-6.938893903907228e-18,0,0
1455,0.6578239243411232,0.5863360520977081,0.20857074400010983,0.359637853312718,-4.336808689942018e-18,-1.7694179454963432e-16,0,0
1456,0.6768331249180625,0.5925207320305053,0.21069417048061148,0.36040911618284815,6.418476861114186e-17,-1.1102230246251565e-16,0,0
1457,0.6958429575450708,0.5987055130286456,0.21281823200385866,0.3613160383414816,1.0842021724855044e-16,-1.7694179454963432e-16,0,0
1458,0.714853386016485,0.6048905133706598,0.2149477900719316,0.36235258595943826,-5.898059818321144e-17,-5.551115123125783e-17,0,0
1459,0.7338644754165178,0.6110754822499285,0.21708737608786216,0.36351277988555,-1.0148132334464322e-16,1.249000902703301e-16,0,0
1460,0.7528757318477766,0.6172552208296773,0.21924141687054802,0.36478901054343627,2.5153490401663703e-16,-2.1163626406917047e-16,0,0
1461,0.928197730390652,0.6923110734417905,0.24005722216340147,0.38833726064357454,1.0755285551056204e-16,-9.367506770274758e-17,0,0
1462,0.1364259453946721,0.3802362831423847,0.1101109037198973,0.4186093353311043,-1.5265566588595902e-16,-3.434752482434078e-16,0,0
1463,0.1554299318042615,0.3864214364376238,0.11991042284434138,0.411919204219941,2.42861286636753e-16,3.608224830031759e-16,0,0
1464,0.1744331146085003,0.3926060449453764,0.12867116702049886,0.4054275377307738,-2.8796409701215e-16,-3.469446951953614e-16,0,0
1465,0.193438229497987,0.3987920969401786,0.13650377007225267,0.3992021329520944,1.8561541192951836e-16,6.938893903907228e-18,0,0
1466,0.2124481328067492,0.4049783755820673,0.14351337423757,0.39328886583226214,6.938893903907228e-18,-4.163336342344337e-17,0,0
1467,0.231476109592432,0.4111708534087856,0.149798019915938,0.38771630021405273,-2.220446049250313e-16,-1.3530843112619095e-16,0,0
1468,0.2505413227967319,0.4173892173139222,0.15544603348050548,0.3824996934718497,2.393918396847994e-16,4.2327252813834093e-16,0,0
1469,0.269565390592512,0.4235974717655364,0.1605166739271318,0.3776685648648347,1.0234868508263162e-16,2.463307335887066e-16,0,0
1470,0.2885740730529839,0.4297888749309391,0.1650959682086694,0.37321153700284526,-1.5959455978986625e-16,-1.734723475976807e-17,0,0
1471,0.094268743670884,0.3483054039155044,0.08979222678001969,0.4344639644118326,-1.8735013540549517e-16,-1.942890293094024e-16,0,0
1472,0.07525835229216096,0.342115096369966,0.07515629183272873,0.44174975724575277,2.949029909160572e-17,-4.163336342344337e-17,0,0
1473,0.05625403679691805,0.3359226776018648,0.05886241435247107,0.4483551070927208,8.153200337090993e-17,-4.163336342344337e-17,0,0
1474,0.03769331437821115,0.3298794507609022,0.041293563117906495,0.454160362001049,-1.0061396160665481e-16,-8.187894806610529e-16,0,0
1475,0.1132778665081193,0.3544980721228086,0.10282147003609446,0.42689492793074,2.7668839441830073e-16,6.938893903907228e-16,0,0
1476,0.3075728429836851,0.4359712482844798,0.16924694185112418,0.3691235857394317,1.5352302762394743e-16,3.122502256758253e-16,0,0
1477,0.01572834240405491,0.3067192865594947,0.019667631945790676,0.4634605211029573,-8.809142651444724e-18,-7.424616477180734e-16,0,0
1478,0.6156597776311867,0.5544102829122939,0.20622214532054162,0.3513566590337921,-3.122502256758253e-17,-2.671474153004283e-16,0,0
1479,0.7718937228559274,0.6234302284220665,0.22141445260170908,0.3661757602196253,-3.434752482434078e-16,1.1015494072452725e-16,0,0
1480,0.7909121843146557,0.6296082142196964,0.2236085907426247,0.36767129632154266,2.914335439641036e-16,3.8163916471489756e-16,0,0
1481,0.8099262649705091,0.6357947432024343,0.22582629397095472,0.3692731350341941,-1.5178830414797062e-16,-1.1102230246251565e-16,0,0
1482,0.8289406954432219,0.6419812461293933,0.22807183223855756,0.37097288159462777,-9.974659986866641e-17,1.5265566588595902e-16,0,0
1483,0.847955997710256,0.6481670045226169,0.2303482884855304,0.37276550600965563,-1.1275702593849246e-17,7.632783294297951e-17,0,0
1484,0.866971629344172,0.6543530977510065,0.2326582469299843,0.37464691108016956,3.426078865054194e-16,-1.0408340855860843e-16,0,0
1485,0.8859863539614881,0.6605388076482946,0.23500387217144222,0.37661287504162255,-2.0296264668928643e-16,-2.5673907444456745e-16,0,0
1486,0.9049105133114953,0.6668206488094321,0.23737452857060667,0.3786964276297954,1.474514954580286e-16,9.020562075079397e-17,0,0
1487,0.9237178907002328,0.6736040258280016,0.23976113538530225,0.3810526610208578,-2.42861286636753e-17,-2.7755575615628914e-17,0,0
1488,0.947469639843682,0.697733373409235,0.2426764869124538,0.39022507198461864,-3.469446951953614e-17,-2.0990154059319366e-16,0,0
1489,0.9662137149194127,0.7048299632438431,0.2452341937927538,0.3928357140788053,6.765421556309548e-17,-2.0469737016526324e-16,0,0
1490,0.9836608840059817,0.7108739382570535,0.2476715651358014,0.39509238011135933,1.9081958235744878e-16,2.463307335887066e-16,0,0
1491,1.0,0.7199999999992628,0.25,0.3985836750155578,0.04713376685228572,-3.122502256758253e-17,2,0
1492,0.4214930212509945,0.4730507541078904,0.18789340374070002,0.3517501071507409,-8.326672684688674e-17,-1.2836953722228372e-16,0,0
1493,0.4025041758328225,0.466866581275278,0.18533391196034651,0.35385980797317795,-2.949029909160572e-17,-2.7755575615628914e-17,0,0
1494,0.3835314311182683,0.4606801792990149,0.18260389621462958,0.3562604370022869,3.0357660829594124e-17,7.28583859910259e-17,0,0
1495,0.3645623067060364,0.4545106425956816,0.17966609701213862,0.35897491047495755,1.249000902703301e-16,1.9081958235744878e-16,0,0
1496,0.3455703381390701,0.4483340036838057,0.17648552827368677,0.3620162959489219,-1.942890293094024e-16,-6.245004513516506e-17,0,0
1497,0.3265705301769499,0.4421526045701508,0.1730266317349588,0.3653956792818558,3.2959746043559335e-17,2.1163626406917047e-16,0,0
1498,0.4404905004193765,0.4792321238071406,0.19030646772814205,0.3499192780811454,1.0755285551056204e-16,1.0061396160665481e-16,0,0
1499,0.4594888824704928,0.4854138797017175,0.1925934160819868,0.34835703638151355,1.3010426069826053e-17,-1.6653345369377348e-16,0,0
1500,0.4784881112806315,0.4915959499118013,0.19477457371273224,0.34704989442141054,-1.0408340855860843e-17,-2.1163626406917047e-16,0,0
1501,0.4974879066964575,0.4977785213541406,0.19686747377175817,0.345985375189841,7.45931094670027e-17,-2.636779683484747e-16,0,0
1502,0.5164883622194547,0.5039612869300396,0.19888779274252466,0.3451514555882489,1.6306400674181987e-16,-1.3530843112619095e-16,0,0
1503,0.53548991068552,0.5101442862357949,0.20084929513169444,0.3445365366245371,-9.8879238130678e-17,-2.0816681711721685e-17,0,0
1504,0.1322816838328959,0.3606851277747125,0.11439153657602573,0.4193152202463487,2.949029909160572e-17,2.3592239273284576e-16,0,0
1505,0.03534931887435346,0.3096971084871992,0.04241617234299134,0.45870213254378017,9.367506770274758e-17,-2.393918396847994e-16,0,0
1506,0.5544921079363762,0.5163265312539779,0.20276418235714058,0.34412945447559895,-1.2750217548429532e-16,1.3530843112619095e-16,0,0
1507,0.0,0.3000000000005164,0.0,0.46734330796472046,-0.04775733908357923,-5.724587470723463e-16,1,0
1508,0.5734943505485002,0.5225036351325655,0.20464362413512846,0.3439184576618791,1.8648277366750676e-16,2.185751579730777e-16,0,0
1509,0.5925019153998976,0.5286786508558114,0.2064972827729881,0.3438943385261134,-2.714842239903703e-16,3.0531133177191805e-16,0,0
1510,0.6115118977403177,0.5348577010565909,0.20833213797850655,0.34405090480373174,1.3530843112619095e-16,1.6653345369377348e-16,0,0
1511,0.6346674983880742,0.5605961783114851,0.20820776635943763,0.35176148434455773,-9.71445146547012e-17,-1.8995222061946038e-16,0,0
1512,0.653675566386241,0.5667810812211695,0.2101859058281574,0.35232157538370573,4.163336342344337e-17,2.8796409701215e-16,0,0
1513,0.6726844931632883,0.5729659596667029,0.21216247308307365,0.3530301216790541,1.240327285323417e-16,2.42861286636753e-17,0,0
1514,0.6916939445899956,0.5791505955318145,0.2141428273392419,0.3538802875891138,-2.38524477946811e-16,1.3183898417423734e-16,0,0
1515,0.7107043121255092,0.5853348118518688,0.2161319135626902,0.3548655523249443,-1.0495077029659683e-16,2.498001805406602e-16,0,0
1516,0.7297153887114824,0.5915192454920418,0.2181341145555341,0.3559800575312326,1.214306433183765e-17,-1.5959455978986625e-16,0,0
1517,0.7487259608389873,0.5977017288938165,0.22015360578487084,0.3572170846259717,1.7694179454963432e-16,1.8735013540549517e-16,0,0
1518,0.7677424038120984,0.6038765700291444,0.22219539963709206,0.3585684449200925,-2.2724877535296173e-16,2.0816681711721685e-17,0,0
1519,0.9430454119253716,0.6790787901303724,0.24229256155582002,0.3829513018513342,3.469446951953614e-18,1.8735013540549517e-16,0,0
1520,0.1512850528240077,0.3668715366829551,0.12465595697423917,0.41186623233028985,8.500145032286355e-17,1.734723475976807e-16,0,0
1521,0.1702881144254667,0.3730570177596078,0.13375412600948108,0.4046542122695151,-1.7954387976359953e-16,-3.365363543395006e-16,0,0
1522,0.1892895731229522,0.3792411250119359,0.1418148964317673,0.39775510682088205,1.960237527853792e-16,3.226585665316861e-16,0,0
1523,0.2082949658358813,0.3854248446992479,0.14896216156872708,0.39121717634173137,-2.498001805406602e-16,1.3877787807814457e-17,0,0
1524,0.2273052638815142,0.3916124820090008,0.15530602754390468,0.3850724352140977,2.2811613709095013e-16,2.463307335887066e-16,0,0
1525,0.246377980049161,0.3978367328948196,0.16095749278001564,0.37932738153892603,-1.491862189340054e-16,-4.198030811863873e-16,0,0
1526,0.2654147818370541,0.4040408131513334,0.1659882852805401,0.374010091000565,-1.5439038936193583e-16,-2.7755575615628914e-16,0,0
1527,0.2844273112993231,0.4102418081450677,0.17047923356223224,0.36911926092601466,1.3877787807814457e-16,-4.5102810375396984e-17,0,0
1528,0.3034243348569309,0.4164274845047769,0.1745113528194883,0.36463851406696474,-1.682681771697503e-16,-4.85722573273506e-17,0,0
1529,0.1091339086154619,0.3349456718111078,0.10690420645045369,0.42873987149263815,-8.586881206085195e-17,-3.469446951953614e-16,0,0
1530,0.09012410041113801,0.3287522177746061,0.0929634847305915,0.4372160222634727,-2.0122792321330962e-16,-5.724587470723463e-16,0,0
1531,0.07111382917873454,0.3225554857125753,0.07717125788449107,0.4453639390650799,-3.729655473350135e-17,-3.920475055707584e-16,0,0
1532,0.05248657403039703,0.316283917731436,0.05984091672312143,0.4525739426172075,-1.3791051634015616e-16,-7.494005416219807e-16,0,0
1533,0.1281383922688484,0.3411347484058772,0.11917027268163642,0.4202812515831311,4.0766001685454967e-17,-5.551115123125783e-17,0,0
1534,0.3224171788547501,0.422608129484544,0.17814820904349615,0.3605554931996827,3.3306690738754696e-16,4.614364446098307e-16,0,0
1535,0.01286315468689172,0.2898901150385138,0.017397990444211094,0.4685687807848472,1.3877787807814457e-17,1.132774429812855e-15,0,0
1536,0.02894740630797288,0.2906182410257959,0.038510863562188385,0.46469116250166026,9.280770596475918e-17,6.036837696399289e-16,0,0
1537,0.6305191706218876,0.5410418898948087,0.21015492797364427,0.3443806637729982,2.42861286636753e-17,1.1882855810441129e-16,0,0
1538,0.7867595556229603,0.6100516591016354,0.22426166019156252,0.3600322564296636,8.673617379884035e-17,-4.345482307321902e-16,0,0
1539,0.8057766373430586,0.6162348809834244,0.22635512429516585,0.36160666610417935,1.3270634591222574e-16,-1.0408340855860843e-17,0,0
1540,0.8247899231507315,0.6224215559828945,0.22847881878230164,0.36328507922037157,-5.2909066017292616e-17,-2.42861286636753e-17,0,0
1541,0.8438046044715899,0.6286083239028486,0.23063653713991336,0.3650612141479143,2.949029909160572e-17,-1.9081958235744878e-16,0,0
1542,0.8628209186792191,0.6347935137019438,0.23283134551349474,0.36692969122253993,-1.9949319973733282e-17,2.5326962749261384e-16,0,0
1543,0.8818376096320117,0.6409780501588569,0.23506568567510627,0.3688864894556488,-1.43982048506075e-16,3.8510861166685117e-16,0,0
1544,0.9008526859218345,0.6471638267612205,0.23734124799827477,0.3709291769757221,-9.367506770274758e-17,8.326672684688674e-17,0,0
1545,0.9193029878073707,0.6539544301423664,0.23957604675478963,0.373300501356737,-2.42861286636753e-17,1.1102230246251565e-16,0,0
1546,0.9373545083132053,0.662057776658777,0.24178917312326018,0.3762735893793417,1.700029006457271e-16,-2.42861286636753e-17,0,0
1547,0.9634715544258844,0.6810784293376251,0.24505036037025196,0.38355659224210337,5.724587470723463e-17,1.6653345369377348e-16,0,0
1548,0.9823869651878974,0.6913184777351151,0.24757439440652498,0.38748754843585836,-1.3877787807814457e-16,-7.632783294297951e-17,0,0
1549,1.0,0.6999999999992101,0.25,0.39084911590729327,0.047119834186973554,-5.551115123125783e-17,2,0
1550,0.4363450035825179,0.4596893470527171,0.19432695846154152,0.3435598540501635,-1.1796119636642288e-16,-3.122502256758253e-17,0,0
1551,0.4173481235353877,0.4535079075141877,0.19211189908142065,0.34558376996373347,6.245004513516506e-17,4.5102810375396984e-17,0,0
1552,0.3983626117417516,0.4473235291377893,0.18974877275583224,0.3479062290580719,1.734723475976807e-18,1.3877787807814457e-16,0,0
1553,0.3793851424362611,0.4411417599323625,0.18720775844566526,0.3505458458292098,7.806255641895632e-17,1.3183898417423734e-16,0,0
1554,0.3604014200640727,0.4349606755996438,0.18445318875440347,0.35352278583002733,-1.691355389077387e-16,-4.579669976578771e-16,0,0
1555,0.3414246506891966,0.4287902013861401,0.18144870864905008,0.3568524739757404,-1.1102230246251565e-16,-2.498001805406602e-16,0,0
1556,0.4553429368972745,0.4658703378081985,0.19641543228445413,0.34182250221554644,-6.938893903907228e-18,0.0,0,0
1557,0.4743417308048763,0.4720515592476878,0.19839835442928333,0.34035701270035096,-6.938893903907228e-18,-8.673617379884035e-17,0,0
1558,0.4933415700154618,0.4782330273502734,0.20029469451678467,0.3391487417291448,6.071532165918825e-17,2.185751579730777e-16,0,0
1559,0.5123403168092825,0.4844153385344858,0.20212014403638015,0.33818514568201635,1.5872719805187785e-16,2.5673907444456745e-16,0,0
1560,0.5313414228789943,0.490597384099088,0.20388987418922735,0.33745228360395535,-1.3183898417423734e-16,-1.0755285551056204e-16,0,0
1561,0.5503453407686415,0.4967792907107789,0.20561639495188,0.33693818764251016,-1.214306433183765e-16,-2.0469737016526324e-16,0,0
1562,0.1471402870308362,0.3473214572875329,0.1299498982834632,0.4119928481577602,-9.80118763926896e-17,-2.7755575615628914e-17,0,0
1563,0.04840823250943638,0.2967118674791097,0.06044709637827075,0.4574942740719488,8.673617379884035e-19,8.291978215169138e-16,0,0
1564,0.5693455963920366,0.5029585207679098,0.20731019117867322,0.33663150132302233,2.636779683484747e-16,-7.979727989493313e-17,0,0
1565,0.0,0.2800000000004734,0.0,0.4737433412236909,-0.049801861026840075,2.3245294578089215e-16,1,0
1566,0.5883534610949609,0.5091329671584442,0.2089826824302286,0.33651938332596115,-1.9949319973733282e-16,-4.614364446098307e-16,0,0
1567,0.6073614997524449,0.5153091205094334,0.2106402012260571,0.3365955691203167,1.682681771697503e-16,-1.700029006457271e-16,0,0
1568,0.6263708728444702,0.5214888416684534,0.21229029323479068,0.33685145479763123,-1.0495077029659683e-16,-6.938893903907228e-17,0,0
1569,0.6495272227417396,0.5472265325337242,0.21197355669581103,0.34487322686119226,1.0755285551056204e-16,-2.255140518769849e-16,0,0
1570,0.6685358775271246,0.5534113249253042,0.21379404301739244,0.34552086833159146,5.204170427930421e-18,-2.8796409701215e-16,0,0
1571,0.6875450595270918,0.5595959969122946,0.21562181984167994,0.34631626530356396,-3.122502256758253e-17,9.367506770274758e-17,0,0
1572,0.7065551056750881,0.5657795147025162,0.2174619189920702,0.3472521467376902,-1.474514954580286e-16,-3.0531133177191805e-16,0,0
1573,0.7255669618455972,0.5719599179960573,0.21931902797662478,0.34832124376583284,2.888314587501384e-16,2.255140518769849e-16,0,0
1574,0.7445804330540812,0.5781400723353722,0.2211968903399051,0.34951860403639246,-1.48318857196017e-16,-1.700029006457271e-16,0,0
1575,0.7635914860520139,0.5843228166995007,0.22309861392168928,0.3508398437807404,-7.806255641895632e-17,-6.245004513516506e-17,0,0
1576,0.7826079656549254,0.5904977662281704,0.22502942313033653,0.3522746311989259,3.3306690738754696e-16,3.2612801348363973e-16,0,0
1577,0.9521363857197243,0.6669492055000679,0.243675200806349,0.3780555690470941,-2.0469737016526324e-16,-8.326672684688674e-17,0,0
1578,0.1661510243931358,0.3535101445939354,0.13941768839696905,0.4039869937226931,5.447031714567174e-16,6.314393452555578e-16,0,0
1579,0.1851447199382094,0.3596949566731567,0.14771623193684108,0.3963541738269571,-3.122502256758253e-16,-5.620504062164855e-16,0,0
1580,0.2041766741192862,0.3658840069285731,0.1550145325400294,0.38912769091951505,-2.0296264668928643e-16,-2.706168622523819e-16,0,0
1581,0.2232150852580362,0.3720899749672026,0.16141889478962043,0.3823562977821598,2.489328188026718e-16,-4.163336342344337e-17,0,0
1582,0.2422378999372757,0.3782948122351685,0.1670440666330829,0.37606381518774135,-3.1138286393783687e-16,-2.463307335887066e-16,0,0
1583,0.261292502249958,0.3845122192507076,0.17201036268626302,0.3702345146513179,1.9255430583342559e-16,4.40619762898109e-16,0,0
1584,0.2802859681343931,0.3907017432423507,0.17639014996293007,0.3648891950347027,9.80118763926896e-17,-8.326672684688674e-17,0,0
1585,0.2992807679966619,0.3968840018958565,0.18028170440771038,0.35999598673851574,-8.153200337090993e-17,-2.393918396847994e-16,0,0
1586,0.318263425310073,0.4030617364363301,0.18375071003704152,0.35554524982395497,-2.5413698923060224e-16,-3.7470027081099033e-16,0,0
1587,0.1049903453626611,0.3153930127688447,0.11146279364093051,0.43092613630384974,-2.3765711620882257e-16,-7.632783294297951e-16,0,0
1588,0.1239953958528828,0.3215855178087906,0.12451029964208465,0.4214877057916702,-1.5612511283791264e-17,-3.885780586188048e-16,0,0
1589,0.0859858525485397,0.3091913229485265,0.09649231371491064,0.4404230812171908,2.6194324487249787e-16,5.724587470723463e-16,0,0
1590,0.06703013407643885,0.3029830871928144,0.07939936036355785,0.4495362308453149,8.239936510889834e-17,8.291978215169138e-16,0,0
1591,0.1429964816790362,0.3277715398735028,0.13586226280855787,0.4122677850555838,-2.5326962749261384e-16,-6.869504964868156e-16,0,0
1592,0.3372509589152267,0.4092395239740522,0.18686258578705672,0.35151485159682544,3.2699537522162814e-16,1.1449174941446927e-16,0,0
1593,0.01964002472243081,0.2721130476062886,0.028895382738941943,0.4725036565374191,-1.0928757898653885e-16,-1.3183898417423734e-15,0,0
1594,0.04344455209214365,0.2772577549511406,0.059896490492484,0.4632956454557817,6.331740687315346e-17,2.7755575615628914e-17,0,0
1595,0.6453787294234693,0.5276729255044046,0.213939302950159,0.3372790279081993,-7.632783294297951e-17,2.697495005143935e-16,0,0
1596,0.801627058497588,0.5966753203287769,0.22699143372925182,0.3538222094867866,-2.0469737016526324e-16,-7.719519468096792e-17,0,0
1597,0.8206406331535353,0.6028615562405055,0.22898639997658665,0.35548046359551677,1.717376241217039e-16,-2.7755575615628914e-17,0,0
1598,0.8396531261753786,0.6090496772036105,0.23101825223005779,0.35724156170898885,-3.9898639947466563e-17,-9.367506770274758e-17,0,0
1599,0.8586684510791125,0.6152373736796982,0.23309034452982796,0.359099987627722,-1.3877787807814457e-17,-2.3592239273284576e-16,0,0
1600,0.8776858190201098,0.6214199536108379,0.2352058465613056,0.36104918296470234,4.597017211338539e-17,-2.8102520310824275e-16,0,0
1601,0.8967034144588031,0.6276045323740495,0.23736691607985394,0.36308779541927944,6.938893903907228e-18,-6.591949208711867e-17,0,0
1602,0.915405892651233,0.6337875328558382,0.23953492394060166,0.36521804199249014,1.0755285551056204e-16,1.457167719820518e-16,0,0
1603,0.9335933359423777,0.6420425609706145,0.2416540608756635,0.3682703850264272,1.5265566588595902e-16,-4.163336342344337e-17,0,0
1604,0.9503718234646803,0.6499828178610856,0.24366849260601026,0.37126795478612834,-1.4051260155412137e-16,0.0,0,0
1605,0.9660224448489378,0.6595869339548901,0.24558426031145225,0.374987276053565,2.2898349882893854e-16,-8.326672684688674e-17,0,0
1606,0.9824994726041374,0.6703117103910224,0.2476753117076693,0.379189078451285,-1.6306400674181987e-16,-1.8735013540549517e-16,0,0
1607,1.0,0.6799999999991574,0.25,0.38300149677206846,0.047146305446876105,1.2836953722228372e-16,2,0
1608,0.4321990791181758,0.44014714511132,0.1986908574290431,0.3370054993671534,-6.938893903907228e-18,-2.5326962749261384e-16,0,0
1609,0.4511926661665734,0.4463266308504092,0.20056081314369725,0.33509495168354897,-5.377642775528102e-17,-1.5265566588595902e-16,0,0
1610,0.413203097015521,0.433965911119572,0.19669434415286108,0.33922218701684637,1.231653667943533e-16,3.469446951953614e-18,0,0
1611,0.3942160334380768,0.4277799168694093,0.19454852164559236,0.3417590084083565,9.367506770274758e-17,-1.1449174941446927e-16,0,0
1612,0.3752314065585837,0.4215981249670905,0.19221919476072555,0.3446400224700551,-1.3183898417423734e-16,1.1796119636642288e-16,0,0
1613,0.3562365338775379,0.4154115223018844,0.1896713389252661,0.3478848124327637,-1.9949319973733282e-17,1.8041124150158794e-16,0,0
1614,0.4701909361789303,0.4525036978656042,0.20232832894740552,0.33347150502809564,1.0321604682062002e-16,-2.42861286636753e-17,0,0
1615,0.4891949784319121,0.4586878417130927,0.20401049868530685,0.3321228362867133,-1.2663481374630692e-16,6.938893903907228e-18,0,0
1616,0.5081907290088373,0.464866505189747,0.20562546598548573,0.3310315067249316,5.204170427930421e-18,5.204170427930421e-17,0,0
1617,0.5271880832710882,0.4710483201610318,0.20718756322526158,0.3301848783835136,-5.204170427930421e-18,3.8163916471489756e-17,0,0
1618,0.5461914783829751,0.4772319181115806,0.20871073285399275,0.3295683231109196,-9.71445146547012e-17,2.8796409701215e-16,0,0
1619,0.565200417079508,0.4834139705864786,0.210206678679166,0.32916843262047146,6.071532165918825e-17,2.0469737016526324e-16,0,0
1620,0.1620120526779144,0.3339634204635747,0.1457289878404163,0.403389046448838,-1.1015494072452725e-16,-2.463307335887066e-16,0,0
1621,0.06289089687132521,0.2834278480445718,0.08174794029128542,0.45432117605418415,-1.0234868508263162e-16,-9.020562075079397e-16,0,0
1622,0.584203000211331,0.4895893925593328,0.21168441976090077,0.32897336727169707,-1.9949319973733282e-17,3.400058012914542e-16,0,0
1623,0.0,0.2600000000004088,0.0,0.48053511221972256,-0.051509672726902433,3.677613769070831e-16,1,0
1624,0.6032144042655558,0.495758483125613,0.2131542653594165,0.3289703858063103,-7.806255641895632e-17,2.6020852139652106e-16,0,0
1625,0.6222230751565272,0.5019364859806745,0.2146197947328885,0.32915747997147093,4.163336342344337e-17,-1.6653345369377348e-16,0,0
1626,0.6412301988718082,0.5081199027041697,0.2160885961600201,0.32952362539687574,-1.3270634591222574e-16,-2.42861286636753e-16,0,0
1627,0.6643873313655885,0.5338570487602243,0.2155941644272646,0.33786811787094084,1.4224732503009818e-16,3.426078865054194e-16,0,0
1628,0.683396408789408,0.5400413449453407,0.21726023531591238,0.33861112664049986,-2.645453300864631e-16,2.42861286636753e-17,0,0
1629,0.7024058894588797,0.5462262569256854,0.21894227907731245,0.3395009800677574,-5.0306980803327406e-17,2.42861286636753e-16,0,0
1630,0.7214172478706073,0.5524033296294728,0.22064569570735515,0.3405273139294606,1.1796119636642288e-16,-1.5612511283791264e-16,0,0
1631,0.7404360490333349,0.5585677059455362,0.2223754331169251,0.3416814453291875,1.0061396160665481e-16,-8.326672684688674e-17,0,0
1632,0.7594474611753569,0.564755506331487,0.2241300874451791,0.34297325742170187,-2.0643209364124004e-16,-9.020562075079397e-17,0,0
1633,0.7784614103939764,0.5709367071176417,0.22591705892327965,0.34438390667289115,8.239936510889834e-17,-2.498001805406602e-16,0,0
1634,0.7974763736991127,0.577117595612426,0.22773881633399812,0.34591060138430196,1.5439038936193583e-16,5.204170427930421e-17,0,0
1635,0.1810359194623804,0.3401524786967852,0.1542961577254567,0.39493917238208137,1.5959455978986625e-16,3.7816971776294395e-16,0,0
1636,0.2000253985367947,0.3463394756195562,0.16170998922676008,0.3869962051697547,1.5785983631388945e-16,2.42861286636753e-16,0,0
1637,0.2190925704861038,0.3525587834068478,0.16816545091335627,0.37954878550057425,-2.3245294578089215e-16,-2.8449465006019636e-16,0,0
1638,0.2381246957992448,0.3587702204971494,0.17375993919998992,0.3726543092616407,1.9255430583342559e-16,4.440892098500626e-16,0,0
1639,0.2571464432657914,0.3649799352823793,0.1786248300224058,0.36629974039945595,-2.6194324487249787e-16,-5.100087019371813e-16,0,0
1640,0.2761403831080255,0.3711616084663265,0.18287331098443238,0.3604704120188732,2.992397996059992e-16,2.255140518769849e-16,0,0
1641,0.2951298987269471,0.377338013649665,0.18659618482025844,0.35514859146932054,4.336808689942018e-18,1.3530843112619095e-16,0,0
1642,0.3141166174856876,0.3835200865241971,0.1898700618588577,0.3503160450898119,-2.3418766925686896e-17,-1.214306433183765e-16,0,0
1643,0.3330976819271922,0.389700017440166,0.19276618930945075,0.3459487810290748,-1.1882855810441129e-16,-1.942890293094024e-16,0,0
1644,0.1198529376655748,0.3020374355114194,0.13049536958195995,0.4228999319178041,-4.597017211338539e-17,3.2612801348363973e-16,0,0
1645,0.1008870728808965,0.2958297957473032,0.11661300402170904,0.4334118623482167,3.616898447411643e-16,1.0026701691145945e-15,0,0
1646,0.1388526937002815,0.3082236807236768,0.14247641533200095,0.41264685173737364,3.642919299551295e-17,5.065392549852277e-16,0,0
1647,0.08194702286323897,0.2896080428391513,0.10052773646074849,0.4440445621566564,-2.5673907444456745e-16,-7.806255641895632e-16,0,0
1648,0.1578514077987206,0.3144091561805288,0.15276251331599713,0.40281560868046445,1.0234868508263162e-16,2.463307335887066e-16,0,0
1649,0.3520837541540978,0.3958779937438242,0.19534703710635748,0.34201864112977126,1.97758476261356e-16,3.0184188481996443e-16,0,0
1650,0.01762814630672756,0.2497350614261246,0.02923294195493645,0.4802365463633631,1.682681771697503e-16,1.3739009929736312e-15,0,0
1651,0.03601940404821774,0.2570968799126674,0.055673970965074274,0.4709893256896052,9.020562075079397e-17,7.112366251504909e-16,0,0
1652,0.05819022842414957,0.2637685898032816,0.08365914137986155,0.45998637371963663,2.1250362580715887e-16,5.863365348801608e-16,0,0
1653,0.6602331766470753,0.5143055523909219,0.2175668728647301,0.33005906507190963,2.0816681711721685e-16,-2.0036056147532122e-16,0,0
1654,0.8164903004978581,0.5833029637397145,0.22959780949464745,0.3475502396870249,-7.28583859910259e-17,-5.0306980803327406e-17,0,0
1655,0.8355032898921504,0.5894902507952798,0.2314970728376412,0.34929693177937976,-2.185751579730777e-16,8.673617379884035e-17,0,0
1656,0.8545175947932997,0.5956803720579671,0.23343956885374226,0.3511463449569054,2.7582103268031233e-16,3.608224830031759e-16,0,0
1657,0.8735324513412012,0.6018652223621883,0.23542804185925767,0.3530912446658682,-3.0357660829594124e-16,-3.469446951953614e-18,0,0
1658,0.8925408285228361,0.6080489820601106,0.23746496542959378,0.3551288005244325,-3.9898639947466563e-17,1.3877787807814457e-17,0,0
1659,0.9115152473397101,0.6142331658893634,0.239550161072941,0.35725382596235555,1.0061396160665481e-16,-2.463307335887066e-16,0,0
1660,0.9303890365892475,0.6214741387670356,0.24164828228240315,0.35990378710421933,1.1362438767648086e-16,3.469446951953614e-17,0,0
1661,0.9484007109299728,0.6298656129191629,0.24369803609922905,0.3630944217428632,-1.0061396160665481e-16,1.5265566588595902e-16,0,0
1662,0.9654130822296834,0.6400006047188841,0.24568643407369192,0.36707342480078375,-2.5153490401663703e-16,-4.85722573273506e-17,0,0
1663,0.9826584864558493,0.6500520313037592,0.24779338788156602,0.3710555566129358,2.7755575615628914e-17,2.3592239273284576e-16,0,0
1664,1.0,0.6599999999991049,0.25,0.3750368574576191,0.047165563106171135,2.0816681711721685e-17,2,0
1665,0.4280516119926849,0.420606092673837,0.2034142605713791,0.33022251822421517,-4.336808689942018e-17,3.712308238590367e-16,0,0
1666,0.4470433867179975,0.426779673136362,0.20504606761934824,0.32813981076441445,1.474514954580286e-16,3.5041414214731503e-16,0,0
1667,0.4660381924835465,0.4329562426120645,0.20657645392573473,0.3263647556847182,-1.7867651802561113e-16,-8.326672684688674e-17,0,0
1668,0.4090589716309027,0.4144245137902391,0.20165969921476287,0.33262863467882514,1.3877787807814457e-16,2.7755575615628914e-16,0,0
1669,0.3900683462988318,0.4082391520460499,0.19975420942143984,0.33538005533736426,-1.960237527853792e-16,-1.8388068845354155e-16,0,0
1670,0.3710746122085275,0.4020602183703655,0.1976610385144155,0.33850433521393425,-9.974659986866641e-17,-3.5041414214731503e-16,0,0
1671,0.4850353944802672,0.4391148965646711,0.2080311204760824,0.32487055260991066,-1.5785983631388945e-16,1.9081958235744878e-16,0,0
1672,0.5040342696030956,0.4453056175396535,0.20941536465537128,0.32366152248775715,1.7607443281164592e-16,5.204170427930421e-17,0,0
1673,0.5230310594717734,0.4514894175064246,0.2107534796250363,0.3227063579942915,6.765421556309548e-17,-1.700029006457271e-16,0,0
1674,0.5420402513882743,0.4576782310843056,0.21205798535840364,0.32199296281794265,-8.326672684688674e-17,-1.9081958235744878e-16,0,0
1675,0.5610480050139868,0.4638652142562941,0.21333987369731258,0.32150737435988785,-3.469446951953614e-17,-1.700029006457271e-16,0,0
1676,0.5800553569062736,0.4700463374849706,0.2146098575730121,0.32123507920016137,-7.806255641895632e-18,1.249000902703301e-16,0,0
1677,0.1769057111560496,0.3206167965948015,0.16160142843571712,0.39347337381437547,1.3704315460216776e-16,1.214306433183765e-16,0,0
1678,0.07781364981764112,0.2700609835657132,0.1049205875342943,0.44815602183783027,-2.0816681711721685e-17,5.204170427930421e-16,0,0
1679,0.599055646141529,0.4762208068104976,0.21587571676997053,0.32116499587343994,1.1796119636642288e-16,-3.400058012914542e-16,0,0
1680,0.0,0.2400000000003658,0.0,0.4881924216286514,-0.05381542211960109,-3.972516759986888e-16,1,0
1681,0.6180682705362681,0.4823947646992895,0.21714601722279195,0.32128628642630297,-8.673617379884035e-19,1.8735013540549517e-16,0,0
1682,0.6370807082633716,0.4885702769482201,0.21842555948695394,0.32159171245363666,1.6132928326584306e-16,2.8796409701215e-16,0,0
1683,0.6560867442802609,0.4947517718294381,0.2197188971069126,0.3220745997261745,-1.717376241217039e-16,-1.700029006457271e-16,0,0
1684,0.6792419690699713,0.5204929280103636,0.2190612905290405,0.3307544219626489,-5.551115123125783e-17,5.204170427930421e-18,0,0
1685,0.6982555445754299,0.5266750545927461,0.22057730392875935,0.3315992557803757,4.683753385137379e-17,-1.5959455978986625e-16,0,0
1686,0.7172672147523965,0.5328555091417229,0.22211791362922279,0.33258863540114425,4.5102810375396984e-17,-1.5959455978986625e-16,0,0
1687,0.7362722664583481,0.5390310730653193,0.22368658681162243,0.3337148421937092,1.3270634591222574e-16,2.983724378680108e-16,0,0
1688,0.7553017622739409,0.5451876619757698,0.22529154798794215,0.3349631825888168,-1.4051260155412137e-16,-2.42861286636753e-17,0,0
1689,0.7743144628970922,0.5513724564120892,0.22692735376741313,0.33635103252377485,2.914335439641036e-16,1.8041124150158794e-16,0,0
1690,0.79332746754378,0.5575584539276349,0.22860147057358385,0.3378598331275469,-3.0878077872387166e-16,-1.1102230246251565e-16,0,0
1691,0.8123411630696731,0.5637435463006617,0.23031701008149122,0.33948330060956233,-5.724587470723463e-17,2.3592239273284576e-16,0,0
1692,0.1959833620757088,0.3268311701127813,0.16917828482381544,0.3846977659997982,-2.411265631607762e-16,-2.42861286636753e-16,0,0
1693,0.2150048177150018,0.3330337463911968,0.17563982695737074,0.37655815207987303,9.540979117872439e-17,1.700029006457271e-16,0,0
1694,0.2340087514882593,0.3392352760374089,0.18116711171466365,0.3690375331320564,-5.377642775528102e-17,-2.42861286636753e-17,0,0
1695,0.252995852587903,0.3454359071615558,0.18590036150603592,0.36212913875343816,2.949029909160572e-16,1.5959455978986625e-16,0,0
1696,0.2719947303183549,0.3516212337852838,0.18998003437846386,0.35579768941028356,-2.8015784137025435e-16,-3.122502256758253e-16,0,0
1697,0.2909875092985424,0.357800014656304,0.19349914648528435,0.35003265509641107,-4.85722573273506e-17,-3.469446951953614e-18,0,0
1698,0.3099725726175103,0.3639786588798,0.19654438612478198,0.3448093278573917,4.2500725161431774e-17,1.0755285551056204e-16,0,0
1699,0.328955358335742,0.3701580908433658,0.19919441297473303,0.34009696500846065,1.4137996329210978e-16,2.255140518769849e-16,0,0
1700,0.3479366349152747,0.3763420017567192,0.2015134686282827,0.33586729998072445,-3.122502256758253e-16,-3.226585665316861e-16,0,0
1701,0.1347084091644681,0.2886771836255622,0.1498965463263597,0.4130639352703998,1.474514954580286e-17,-5.204170427930421e-17,0,0
1702,0.1157116850523616,0.2824917102081597,0.13722601209214097,0.4244647162712096,-1.48318857196017e-16,-4.753142324176451e-16,0,0
1703,0.09683459379300266,0.276257250207718,0.12246113790904994,0.43614933567578196,1.196959198423997e-16,3.0878077872387166e-16,0,0
1704,0.153719000437193,0.2948651132137821,0.160644160114025,0.40216828854368336,8.673617379884035e-18,-1.942890293094024e-16,0,0
1705,0.172767446757021,0.3010897227229377,0.1697353528527447,0.3918722170853776,-2.1076890233118206e-16,-1.6653345369377348e-16,0,0
1706,0.3669293722681803,0.3825227510342247,0.20356335457998648,0.3320839879412278,2.203098814490545e-16,3.2612801348363973e-16,0,0
1707,0.01742802835326989,0.2296490487733875,0.03215188307810328,0.4872414861488207,-5.898059818321144e-17,-1.1553258350005535e-15,0,0
1708,0.03647496916981043,0.237878756827295,0.06219922157052431,0.47605106699153554,-2.8796409701215e-16,-1.519617764955683e-15,0,0
1709,0.05458608366134821,0.2442820478381246,0.087277225645912,0.46565490578176266,2.2551405187698492e-17,1.8388068845354155e-16,0,0
1710,0.07411544901095879,0.2506079047091488,0.11047784761629605,0.4523728722298965,3.885780586188048e-16,9.402201239794294e-16,0,0
1711,0.6750860636391222,0.5009464873822158,0.22103031500735829,0.3227294188418616,-1.0061396160665481e-16,1.1796119636642288e-16,0,0
1712,0.8313546646588943,0.5699306543244331,0.23207644297429508,0.34121772547177914,1.3530843112619095e-16,1.8214596497756474e-17,0,0
1713,0.8503691546879735,0.5761201117634084,0.2338823380271491,0.3430584723062965,-2.6194324487249787e-16,-4.0245584642661925e-16,0,0
1714,0.8693837739217619,0.5823092239419514,0.23573712101670308,0.3449999352317097,3.122502256758253e-16,2.3592239273284576e-16,0,0
1715,0.8883983663554433,0.5884936135246222,0.237642552263253,0.3470371405977898,7.19910242530375e-17,-1.942890293094024e-16,0,0
1716,0.9073906491267003,0.5946571221362598,0.23960050850418066,0.3491576861168501,-4.163336342344337e-17,6.938893903907228e-17,0,0
1717,0.9264339215592773,0.6008635857915142,0.24162137426113373,0.3513762140344906,-2.0122792321330962e-16,-4.5102810375396984e-17,0,0
1718,0.9475371557385464,0.6069967716716946,0.24393798895726518,0.3536259635532541,6.938893903907228e-18,1.734723475976807e-18,0,0
1719,0.9656316659935857,0.6200041447246631,0.24590510167782642,0.3588543329303352,1.5092094240998222e-16,5.551115123125783e-17,0,0
1720,0.9826794417944599,0.6299998727107616,0.24789042269458153,0.36287519636839416,2.3245294578089215e-16,-2.255140518769849e-16,0,0
1721,1.0,0.6399999999990521,0.25,0.36693886441638146,0.0471587029470468,-1.4224732503009818e-16,2,0
1722,0.4239067485615166,0.4010652794863536,0.2085144243620562,0.32317035858860754,-3.209238430557093e-16,-3.434752482434078e-16,0,0
1723,0.4428959826788832,0.4072383212997433,0.20988314196450936,0.3209239947319458,2.2898349882893854e-16,-6.938893903907228e-18,0,0
1724,0.461887839361551,0.4134102846735329,0.2111559179744324,0.3190020780426101,1.1535911115245767e-16,4.163336342344337e-17,0,0
1725,0.4808874231455645,0.4195702529429538,0.21235776088501132,0.31737840565835546,-2.1423834928313568e-16,-3.157196726277789e-16,0,0
1726,0.4049148209332746,0.394883866972301,0.2070265560216357,0.32576125501201725,1.3357370765021415e-16,-1.0408340855860843e-16,0,0
1727,0.3859222642904961,0.388703188463311,0.2053876551045698,0.3287241358669368,-1.222980050563649e-16,6.245004513516506e-17,0,0
1728,0.4998866394575637,0.4257468385684536,0.21349797311584143,0.316048458772651,1.0928757898653885e-16,-2.3592239273284576e-16,0,0
1729,0.5188869998442125,0.431933316378617,0.21459494939479767,0.3149915479716829,1.5265566588595902e-16,2.3592239273284576e-16,0,0
1730,0.5378872643715626,0.4381196130248604,0.2156641813501352,0.3141876686730735,-1.1015494072452725e-16,1.734723475976807e-17,0,0
1731,0.556898433782263,0.4443102674287428,0.21671767791418678,0.31362197265133246,-6.765421556309548e-17,-1.7694179454963432e-16,0,0
1732,0.5759070987090504,0.450495125082041,0.21776565231372041,0.3132788535847116,-5.204170427930421e-17,-1.5265566588595902e-16,0,0
1733,0.5949139093368802,0.4566803904762231,0.21881541841064445,0.31314824359800963,3.382710778154774e-16,6.938893903907228e-17,0,0
1734,0.1918627856586652,0.3073323211040243,0.17741956265229514,0.3822360280387426,4.2413988987632933e-16,5.204170427930421e-16,0,0
1735,0.09290370794317153,0.256696265790408,0.12925678451587394,0.43900653600480155,-2.706168622523819e-16,-7.4593109467002705e-16,0,0
1736,0.6139133474083864,0.4628537507715981,0.21987584805000665,0.3132137937760013,-4.0072112295064244e-16,-1.3877787807814457e-17,0,0
1737,0.0,0.2200000000003011,0.0,0.49656499239605834,-0.05644922550937573,2.0122792321330962e-16,1,0
1738,0.6329234885502526,0.4690314326589879,0.22095241439223118,0.31346953213359596,1.5612511283791264e-17,-6.591949208711867e-17,0,0
1739,0.6519328524250048,0.4752115688127715,0.22204978745355192,0.3139064244068826,2.7755575615628914e-16,3.608224830031759e-16,0,0
1740,0.670937587815764,0.4813989386373085,0.2231719306957339,0.3145178422764719,-1.6566609195578508e-16,-9.367506770274758e-17,0,0
1741,0.6940992273551071,0.507141391687278,0.2223686886762914,0.32354030288014324,9.367506770274758e-17,-1.214306433183765e-17,0,0
1742,0.713107981106312,0.5133308254413288,0.22373659434339432,0.32449916352882896,1.8561541192951836e-16,1.4224732503009818e-16,0,0
1743,0.732113840040773,0.5194987060252931,0.22513955018606713,0.32559177811748186,-9.540979117872439e-17,-2.6020852139652106e-16,0,0
1744,0.7511298563617764,0.5256603164346387,0.22658029657619444,0.3268173466782917,1.734723475976807e-18,-2.7755575615628914e-17,0,0
1745,0.7701623799418622,0.5318225469722888,0.22806185204410853,0.32817250443952156,1.734723475976807e-18,0.0,0,0
1746,0.7891786023889541,0.5379984838744398,0.22958270077644233,0.32965937778060056,-2.3592239273284576e-16,-3.8163916471489756e-17,0,0
1747,0.8081920650121771,0.5441843268603367,0.23114755053418612,0.3312697079251963,1.8127860323957634e-16,1.0408340855860843e-16,0,0
1748,0.8272059621849165,0.550370626430612,0.23276017664775364,0.332994191045837,-3.469446951953614e-18,-3.469446951953614e-17,0,0
1749,0.2108867613169462,0.3135298885684278,0.18388118331897363,0.37333119668979686,-3.391384395534658e-16,-3.677613769070831e-16,0,0
1750,0.2298730850336082,0.3197211104485638,0.18931053619554458,0.36514495423506926,2.2551405187698492e-17,2.1163626406917047e-16,0,0
1751,0.2488623163474144,0.3259023551124123,0.1938935508020955,0.3576380284726829,2.7582103268031233e-16,4.85722573273506e-17,0,0
1752,0.2678511540445139,0.3320843387806305,0.19776121832629326,0.3507925763026337,-2.654126918244515e-16,-9.020562075079397e-17,0,0
1753,0.2868404065130155,0.3382632695671893,0.20103390919911596,0.344576522571919,9.71445146547012e-17,2.949029909160572e-16,0,0
1754,0.3058322433116977,0.3444412404259865,0.2038117117420169,0.3389553689282973,1.491862189340054e-16,4.85722573273506e-17,0,0
1755,0.3248163792778564,0.3506212298855875,0.2061757071663012,0.3338987430887167,-1.0842021724855044e-16,-1.8388068845354155e-16,0,0
1756,0.343797903717447,0.3568037171852581,0.20819979425740884,0.3293682603020223,7.112366251504909e-17,2.498001805406602e-16,0,0
1757,0.3627858491357198,0.3629847501445512,0.20994849148527622,0.325324499680536,6.591949208711867e-17,-1.249000902703301e-16,0,0
1758,0.1496340089576573,0.2753245980145171,0.1695155053559494,0.40132626925734155,-2.7755575615628914e-17,-2.706168622523819e-16,0,0
1759,0.1305828050829032,0.2691299917170032,0.1582712274188785,0.41341129842174434,2.194425197110661e-16,5.342948306008566e-16,0,0
1760,0.1116282017132132,0.2629379871729154,0.1449025487485658,0.42606128622220085,1.6479873021779667e-16,5.169475958410885e-16,0,0
1761,0.1687026644654125,0.281564096750375,0.17886247069957997,0.38997788135513894,-7.806255641895632e-17,-1.1102230246251565e-16,0,0
1762,0.1877226163105283,0.2877861678545318,0.1865966657557606,0.3794585385654358,-2.1337098754514727e-16,-3.920475055707584e-16,0,0
1763,0.3817776043888655,0.3691648429875013,0.21147196719934327,0.3217355284760172,-9.367506770274758e-17,-2.3245294578089215e-16,0,0
1764,0.01604622773000094,0.2099810944133627,0.03358125789429259,0.49508496025150583,2.0816681711721685e-16,4.822531263215524e-16,0,0
1765,0.0333364013167001,0.2180584954194007,0.06399389578933895,0.4833570202979093,-6.938893903907228e-18,1.700029006457271e-16,0,0
1766,0.05152372950419554,0.2251170745918856,0.09186535007259918,0.47149068900060803,9.540979117872439e-17,4.510281037539698e-16,0,0
1767,0.07004097825496998,0.2311095151219858,0.11628459511345389,0.457164757658027,-1.7867651802561113e-16,-8.569533971325427e-16,0,0
1768,0.08876928734686564,0.237160694079611,0.1367112540917557,0.44210159513594954,-2.42861286636753e-16,-7.216449660063518e-16,0,0
1769,0.6899471248365914,0.4876027355264765,0.22432318056209188,0.31529859059604176,-8.673617379884035e-17,-1.3357370765021415e-16,0,0
1770,0.8462199925107841,0.5565586033208059,0.23442300510945382,0.33482820999253254,8.673617379884035e-17,3.720981855970251e-16,0,0
1771,0.865235014148897,0.5627474907957815,0.2361382115254796,0.33676689350338507,-3.0444397003392965e-16,-1.0755285551056204e-16,0,0
1772,0.8842507816084725,0.5689358818573084,0.23790797927346816,0.3388051285011057,6.591949208711867e-17,2.671474153004283e-16,0,0
1773,0.9032521048987314,0.5751028246951346,0.23973175133404753,0.34093275496779846,7.719519468096792e-17,2.0816681711721685e-17,0,0
1774,0.922203426084204,0.5812005608568145,0.24161278847880843,0.3431227801755512,-2.2551405187698492e-17,-1.8388068845354155e-16,0,0
1775,0.9402371848936705,0.5866212445872652,0.24347073464284774,0.3451289461958017,1.0928757898653885e-16,-1.734723475976807e-17,0,0
1776,0.9666999966387237,0.6000143614248648,0.24622376652321706,0.3504743448325314,6.938893903907228e-18,3.469446951953614e-18,0,0
1777,0.9829222743114772,0.6100111142625739,0.2480101166891354,0.3545816510039744,1.2836953722228372e-16,2.0122792321330962e-16,0,0
1778,1.0,0.6199999999989995,0.25,0.3587075248749213,0.04718410754400498,7.979727989493313e-17,2,0
1779,0.4197640557887959,0.3815249553124279,0.21400639842299854,0.3158038586919496,-1.3357370765021415e-16,3.122502256758253e-17,0,0
1780,0.4387527610861458,0.3877027019174406,0.21508450087155254,0.3134055591484572,-3.469446951953614e-17,2.7755575615628914e-17,0,0
1781,0.4577391013532571,0.3938688196207941,0.21607618934131384,0.311346502558506,-8.500145032286355e-17,-6.245004513516506e-17,0,0
1782,0.4767376699503159,0.4000281106746333,0.21700333252617302,0.30960304535391214,3.86843335142828e-16,3.0531133177191805e-16,0,0
1783,0.4957416054753732,0.4061967116482473,0.2178789046239722,0.3081632068682757,-3.37403716077489e-16,-9.71445146547012e-17,0,0
1784,0.4007703873996794,0.3753448445927063,0.21281247132132652,0.3185715883822887,1.196959198423997e-16,3.469446951953614e-17,0,0
1785,0.5147425080006591,0.412379054457463,0.218717012051018,0.307011869340366,-1.214306433183765e-17,5.204170427930421e-17,0,0
1786,0.53374397648826,0.4185624146166876,0.2195352815111728,0.30612467407304866,1.249000902703301e-16,8.326672684688674e-17,0,0
1787,0.5527484830742526,0.4247500098778139,0.2203445763091774,0.30548675797347324,2.5587171270657905e-16,2.255140518769849e-16,0,0
1788,0.5717547510544613,0.4309377079233006,0.22115552209141373,0.3050815405532893,-4.3368086899420177e-16,-1.1796119636642288e-16,0,0
1789,0.5907627595648279,0.4371247383265393,0.22197645777002867,0.3048953289699292,2.246466901389965e-16,2.5673907444456745e-16,0,0
1790,0.6097700078956954,0.4433111257900988,0.22281425363065335,0.30491611067672153,-1.3877787807814457e-17,-5.551115123125783e-17,0,0
1791,0.2067484351927085,0.294006579670696,0.19300190955970584,0.369746448474363,3.0791341698588326e-16,3.400058012914542e-16,0,0
1792,0.1074638646159452,0.2434054637344819,0.15348827043955207,0.4276761934916851,-1.1275702593849246e-16,-1.0755285551056204e-16,0,0
1793,0.6287740349148596,0.4494903995969654,0.2236757475325116,0.30512988680611086,-1.0408340855860843e-16,-1.457167719820518e-16,0,0
1794,0.0,0.2000000000002582,0.0,0.5057408970115048,-0.06081572196283149,-7.068998164605489e-17,1,0
1795,0.6477847585343226,0.4556710414208204,0.22456573711171118,0.30552868462252203,0.0,-2.671474153004283e-16,0,0
1796,0.6667972675070648,0.4618549736075943,0.22548805657406046,0.3061045839873984,2.749536709423239e-16,1.0408340855860843e-16,0,0
1797,0.6858015154132048,0.4680517777370687,0.22644456449091782,0.3068542865316295,-2.96637714392034e-16,-1.0755285551056204e-16,0,0
1798,0.7089583703289601,0.4937902251540783,0.22551138038601165,0.3162263600259566,6.938893903907228e-18,1.7780915628762273e-16,0,0
1799,0.72796327904545,0.4999803051577514,0.2267366695654679,0.3173031327512912,1.9081958235744878e-17,1.734723475976807e-16,0,0
1800,0.746976833778812,0.5061407069142426,0.22800696448399496,0.3185064851098726,-6.505213034913027e-17,-8.326672684688674e-17,0,0
1801,0.7659881224322511,0.512302739130865,0.22932050467435702,0.3198450522212909,-5.551115123125783e-17,-4.85722573273506e-17,0,0
1802,0.7850133526172024,0.5184637076316729,0.23068180482559392,0.3213102836125063,1.5612511283791264e-17,1.2836953722228372e-16,0,0
1803,0.8040426332961522,0.5246248923433667,0.23209233058366588,0.3228983361512882,1.474514954580286e-16,-3.5041414214731503e-16,0,0
1804,0.8230565332926016,0.5308109214080527,0.23355110282284225,0.32461599906976735,-9.540979117872439e-17,-1.214306433183765e-16,0,0
1805,0.842070684111009,0.5369973256237964,0.2350639256378436,0.3264462730731555,-1.0408340855860843e-16,-1.700029006457271e-16,0,0
1806,0.9552780691410019,0.5899998793763089,0.24508296550696831,0.34634393855326456,-2.636779683484747e-16,3.8163916471489756e-17,0,0
1807,0.225732776715581,0.3001890416394248,0.1982950062260548,0.36085139973434893,-2.914335439641036e-16,-4.163336342344337e-16,0,0
1808,0.2447200450931365,0.3063696901071432,0.20266641396609517,0.3527333140370935,4.718447854656915e-16,2.42861286636753e-16,0,0
1809,0.263707401334652,0.3125499382379237,0.2062731505995767,0.3453589652228907,-3.148523108897905e-16,-2.636779683484747e-16,0,0
1810,0.2826927394989189,0.3187270818882036,0.2092498338739429,0.33868790546813815,-2.411265631607762e-16,-2.949029909160572e-16,0,0
1811,0.3016818318413732,0.3249067669168005,0.21170799364100404,0.33267570528235274,3.209238430557093e-16,1.2836953722228372e-16,0,0
1812,0.3206689718949281,0.3310852245412686,0.21374214342635256,0.3272788117723258,4.163336342344337e-17,6.938893903907228e-17,0,0
1813,0.3396551280799284,0.3372666276521358,0.21542972129303964,0.3224549445785004,-3.7470027081099033e-16,-2.5673907444456745e-16,0,0
1814,0.3586424595162347,0.3434479476032569,0.21683864122837332,0.3181605172131317,2.5326962749261384e-16,2.983724378680108e-16,0,0
1815,0.3776333618387424,0.3496278505539807,0.21802487947176483,0.3143549806326779,-6.245004513516506e-17,-2.0816681711721685e-17,0,0
1816,0.1455245348008775,0.2557535479320256,0.1794892076980034,0.40018908144539994,4.475586568020162e-16,6.140921104957897e-16,0,0
1817,0.1646175052908779,0.2620241131064394,0.18906360864089883,0.3876953398217876,6.245004513516506e-17,2.8102520310824275e-16,0,0
1818,0.1264512895203164,0.2495889781957308,0.16771029385669892,0.41358185266983544,-2.0122792321330962e-16,-4.510281037539698e-16,0,0
1819,0.1836187327124911,0.268255414899543,0.1968182942410997,0.37620057827789394,-5.637851296924623e-17,-1.734723475976807e-16,0,0
1820,0.2026129201196612,0.2744641377357789,0.20311081089036476,0.365650005868999,6.505213034913027e-17,7.28583859910259e-17,0,0
1821,0.3966257271720662,0.355806852527224,0.2190335131804867,0.3110033425195258,-4.163336342344337e-17,1.249000902703301e-16,0,0
1822,0.0147771658445296,0.1903696875309603,0.0352505690874973,0.5034621321729417,7.494005416219807e-16,4.208439152719734e-15,0,0
1823,0.03097140509542898,0.1988511899941753,0.06742134956553959,0.4905779177838583,7.233796894823286e-16,2.7478019859472624e-15,0,0
1824,0.04760889186633389,0.2057156862596279,0.09598934246077488,0.47837577837220396,-5.048045315092509e-16,-1.4606371667724716e-15,0,0
1825,0.06587476802305794,0.211545409888081,0.12278142043668382,0.46229054345623516,-3.2959746043559335e-17,1.491862189340054e-16,0,0
1826,0.08475904094488863,0.2177014649927133,0.14531117270976343,0.445090216942488,7.441963711940502e-16,1.6792123247455493e-15,0,0
1827,0.1035665655585125,0.2238248491404043,0.16362591766788842,0.4288831500905986,2.480654570646834e-16,4.2674197509029455e-16,0,0
1828,0.7048115242305975,0.474248008954011,0.2274422240091294,0.3077617783057224,1.3877787807814457e-16,3.2959746043559335e-17,0,0
1829,0.8610855656535346,0.5431854024365073,0.2366331876520184,0.32838450574590505,1.214306433183765e-16,-6.765421556309548e-17,0,0
1830,0.8801007754381739,0.5493734367618301,0.23826047216679094,0.33042583116082197,8.673617379884035e-17,-2.8102520310824275e-16,0,0
1831,0.899116905847747,0.5555610770270902,0.23994807587495776,0.3325649938415425,2.6194324487249787e-16,-2.0816681711721685e-17,0,0
1832,0.9181334768747732,0.5617484103053707,0.24169343970646526,0.33480458286969184,-1.2576745200831851e-16,9.71445146547012e-17,0,0
1833,0.9366760060264072,0.5672919644134327,0.24347055945243262,0.3368659397700737,-7.806255641895632e-17,2.42861286636753e-17,0,0
1834,0.952911690584658,0.5712959890613705,0.24509282040659786,0.3383567072376265,-8.673617379884035e-17,6.938893903907228e-18,0,0
1835,0.9827952783576085,0.5900524514485594,0.24810992804458398,0.3461589081854935,-1.231653667943533e-16,-2.914335439641036e-16,0,0
1836,0.9660494447646778,0.5800345770157201,0.24638176444566048,0.3419688891767318,3.885780586188048e-16,-3.8163916471489756e-17,0,0
1837,1.0,0.5999999999989468,0.25,0.3503438804698859,0.047169127663665836,6.245004513516506e-17,2,0
1838,0.4156190854873515,0.3619859225104926,0.219902507768306,0.3080730540279651,-8.847089727481716e-17,7.979727989493313e-17,0,0
1839,0.4346133578772289,0.3681655419626624,0.22066375682376968,0.30553353549160994,1.5092094240998222e-16,1.734723475976807e-17,0,0
1840,0.4536085024384496,0.3743463475842047,0.22134396588714264,0.3033573857720748,-8.153200337090993e-17,-9.71445146547012e-17,0,0
1841,0.4725910848533211,0.3805050754241629,0.22197095817242196,0.3015113291657064,1.0581813203458523e-16,-1.2836953722228372e-16,0,0
1842,0.4915902830881264,0.3866625797913489,0.2225603727802016,0.29997487160564734,-3.642919299551295e-17,1.3877787807814457e-16,0,0
1843,0.5105956264549205,0.3928319983903403,0.22312319317253487,0.2987361856553297,9.454242944073599e-17,4.163336342344337e-17,0,0
1844,0.5295979143579728,0.3990146995091328,0.2236718249130438,0.2977787698081318,-1.734723475976807e-16,-5.898059818321144e-17,0,0
1845,0.5486005077130179,0.4051976122112781,0.22422151114768787,0.29707822964452,3.469446951953614e-18,-2.7755575615628914e-17,0,0
1846,0.567604092885907,0.4113815508741184,0.22478154386524288,0.29661879510259664,5.898059818321144e-17,4.85722573273506e-17,0,0
1847,0.5866113457644736,0.4175689887070113,0.2253596989027473,0.2963868106845787,2.42861286636753e-17,-2.983724378680108e-16,0,0
1848,0.6056218966061446,0.4237590426856109,0.2259628645152379,0.2963688607026289,1.0408340855860843e-17,1.2836953722228372e-16,0,0
1849,0.6246307251565739,0.4299465315181413,0.22659726388229792,0.29655119422249326,-8.673617379884035e-17,1.1102230246251565e-16,0,0
1850,0.2216053138707897,0.2806560414925601,0.20820013925075906,0.3560187051742098,-2.3592239273284576e-16,-3.5041414214731503e-16,0,0
1851,0.1223407617084326,0.2300439457413644,0.17846423005227635,0.4133845261356891,-7.077671781985373e-16,-1.1275702593849246e-15,0,0
1852,0.6436346598496075,0.436126474776345,0.22726816521902377,0.2969208403041351,2.0209528495129803e-16,-2.42861286636753e-17,0,0
1853,0.0,0.180000000000207,0.0,0.5156727155402618,-0.06677884296625172,-1.096345236817342e-15,1,0
1854,0.6626442798854107,0.4423119306191826,0.2279785639669154,0.29747237430567613,-3.209238430557093e-16,-2.42861286636753e-17,0,0
1855,0.6816549162815826,0.4485011192585315,0.22873202375023724,0.2981964142773224,2.42861286636753e-16,3.712308238590367e-16,0,0
1856,0.7006634028778049,0.4546921212198758,0.22953178593590148,0.2990840112643263,-1.249000902703301e-16,-2.255140518769849e-16,0,0
1857,0.7238217893270968,0.4804338783174334,0.22848466427428898,0.30881566207309535,3.469446951953614e-18,-4.423544863740858e-17,0,0
1858,0.7428262603023621,0.4866127905453027,0.2295736192042734,0.3100112108467409,2.740863092043355e-16,1.0408340855860843e-16,0,0
1859,0.7618304849096318,0.4927813437151772,0.2307123099507584,0.3113395494916764,-2.8622937353617317e-16,-3.469446951953614e-17,0,0
1860,0.7808606625152047,0.4989240178201493,0.23190661954566996,0.31278591064178896,2.949029909160572e-17,4.163336342344337e-17,0,0
1861,0.799883391079146,0.5050777298754789,0.23315228006502509,0.3143639440479934,1.7520707107365752e-16,2.6020852139652106e-16,0,0
1862,0.8189068671078458,0.5112512927207303,0.23445198921404609,0.31607198895950595,-1.717376241217039e-16,1.9081958235744878e-16,0,0
1863,0.8379211200638547,0.5174375469517629,0.2358079065109288,0.3179021420330699,-3.8163916471489756e-17,1.942890293094024e-16,0,0
1864,0.8569359663526294,0.52362400883154,0.23722403182170745,0.3198432549400539,-8.500145032286355e-17,-1.1102230246251565e-16,0,0
1865,0.2405796647168835,0.2868357668257201,0.2122919615237249,0.34728196927290333,4.2500725161431774e-17,-3.469446951953614e-17,0,0
1866,0.2595667225384889,0.2930176432534229,0.21557354298485856,0.33937661920366313,1.7520707107365752e-16,3.191891195797325e-16,0,0
1867,0.2785513826791857,0.2991967923773123,0.21819295494707763,0.3322559416789596,2.5153490401663703e-17,6.938893903907228e-17,0,0
1868,0.2975363995910078,0.3053748224067626,0.22027587800012638,0.3258630166661655,-1.3357370765021415e-16,-1.3530843112619095e-16,0,0
1869,0.3165224399421173,0.3115534015142215,0.22192568801356036,0.32014294823348843,-3.5561831257524545e-17,6.591949208711867e-17,0,0
1870,0.335510059203176,0.3177324332565142,0.22322825357940224,0.31504315254146675,2.203098814490545e-16,2.671474153004283e-16,0,0
1871,0.3544984182207521,0.3239127871284467,0.22425396165620018,0.31051529116500487,-3.0704605524789486e-16,-4.544975507059235e-16,0,0
1872,0.3734883018912608,0.3300934853171427,0.2250619680088148,0.30651306850941107,3.5041414214731503e-16,3.5041414214731503e-16,0,0
1873,0.3924805493531485,0.3362698958626013,0.22570269013029026,0.30299230604833965,-3.469446951953614e-17,-5.204170427930421e-17,0,0
1874,0.1412612360344487,0.2362402410294277,0.19057378776943806,0.39869851849655624,1.3877787807814457e-17,3.122502256758253e-17,0,0
1875,0.1604564034573726,0.24251246839236,0.2004167817320222,0.3848917000108749,3.937822290467352e-16,4.0939474033052647e-16,0,0
1876,0.1795317889568817,0.248754967102627,0.2081835783140112,0.372293188297253,-1.9081958235744878e-17,-1.942890293094024e-16,0,0
1877,0.1985055065492293,0.2549513452144017,0.21429433876023782,0.3608612431644606,-6.886852199627924e-16,-6.175615574477433e-16,0,0
1878,0.2174769160822201,0.2611292772829417,0.21909857206784894,0.3504891579623273,8.257283745649602e-16,9.575673587391975e-16,0,0
1879,0.4114729028430451,0.3424502893470325,0.22621230564615413,0.2999201267548484,-1.43982048506075e-16,-1.5265566588595902e-16,0,0
1880,0.01217181918403954,0.170356221165906,0.03350421336800201,0.513392754158832,-7.7021722333370235e-16,-5.198966257502491e-15,0,0
1881,0.0289299177256661,0.1812324038368848,0.07123756438172191,0.49753435479415203,5.117434254131581e-17,-9.26342336171615e-16,0,0
1882,0.04490655149633594,0.1867837908463986,0.10268449021229618,0.48467880331821594,3.469446951953614e-16,3.7383290907300193e-16,0,0
1883,0.06179615481761566,0.1920791509409722,0.13043503281054786,0.4674194294366474,-4.128641872824801e-16,-1.0269562977782698e-15,0,0
1884,0.0807205235493618,0.1982193830434972,0.15521387811815,0.4479081993942073,-9.8879238130678e-16,-1.8665624601510444e-15,0,0
1885,0.09958212293656396,0.2043489386827004,0.17507269240169507,0.42976777681048484,3.9898639947466563e-16,5.100087019371813e-16,0,0
1886,0.1184164967744305,0.2105299735787032,0.19088521236551784,0.41242024373066477,5.186823193170653e-16,6.730727086790012e-16,0,0
1887,0.7196735022564253,0.460877659186803,0.23038194777230944,0.3001233895568718,1.214306433183765e-16,-1.1102230246251565e-16,0,0
1888,0.8759509613597151,0.5298115492852905,0.23870290930134141,0.3218903114870453,1.5612511283791264e-16,3.131175874138137e-16,0,0
1889,0.8949668963592214,0.5359991078516861,0.24024556510987724,0.3240394623917552,-2.0643209364124004e-16,5.204170427930421e-17,0,0
1890,0.9139832220116917,0.5421861838309704,0.2418554139503113,0.3262840666866352,-5.204170427930421e-17,7.979727989493313e-17,0,0
1891,0.933528395440731,0.5482612784051308,0.24357960951100813,0.32857247927547756,-1.214306433183765e-17,1.1102230246251565e-16,0,0
1892,0.9521579087214388,0.5532861884508056,0.24530294802897415,0.3305002821500401,5.898059818321144e-17,-2.7755575615628914e-17,0,0
1893,0.9683166474380638,0.5602124250419792,0.24682001872813805,0.3333548714482839,-2.0816681711721685e-17,6.245004513516506e-17,0,0
1894,0.983374140616027,0.570315400551611,0.24828078787185962,0.3376612951594554,-1.0234868508263162e-16,2.185751579730777e-16,0,0
1895,1.0,0.5799999999988942,0.25,0.3418166753549563,0.04717619027595052,-3.122502256758253e-17,2,0
1896,0.4304678918220482,0.3486254861162248,0.22662765314809272,0.2972565429209291,2.0296264668928643e-16,0.0,0,0
1897,0.4494633552152012,0.3548052918098437,0.22697242787223024,0.29497616932153303,-1.708702623837155e-16,-1.2836953722228372e-16,0,0
1898,0.4684570260588402,0.3609836592124722,0.22727130128551423,0.29304841868789616,1.3097162243624894e-16,-1.734723475976807e-17,0,0
1899,0.4874416949330538,0.3671431655670807,0.22754730259323544,0.2914407419353481,1.474514954580286e-17,3.469446951953614e-17,0,0
1900,0.5064411679115203,0.3733044715635739,0.22781202374057405,0.29013471485770936,-3.1138286393783687e-16,-2.1163626406917047e-16,0,0
1901,0.5254503771039046,0.3794680521888607,0.22807788027432901,0.2891115019527417,2.3418766925686896e-16,1.6306400674181987e-16,0,0
1902,0.5444535400592285,0.3856504969481014,0.22835023217206166,0.2883639921048588,-2.7755575615628914e-17,-1.8041124150158794e-16,0,0
1903,0.5634575411712459,0.3918325787860475,0.22864374058471457,0.28786384535740706,6.938893903907228e-17,6.245004513516506e-17,0,0
1904,0.5824640686158389,0.3980179578439074,0.22896524096359827,0.28759743458969167,-4.2500725161431774e-17,1.457167719820518e-16,0,0
1905,0.6014726534692288,0.4042061000000254,0.22932117390996332,0.28755054453028855,3.642919299551295e-17,-7.632783294297951e-17,0,0
1906,0.620482356998529,0.4103936900369925,0.22971730381410044,0.287709035733533,9.540979117872439e-18,-2.983724378680108e-16,0,0
1907,0.6394898173298802,0.4165790226114238,0.2301579331831329,0.288061012450402,4.5102810375396984e-17,-6.938893903907228e-18,0,0
1908,0.2364501633774534,0.2673089289034585,0.2228362315847366,0.3411252306750005,-2.896988204881268e-16,-1.2836953722228372e-16,0,0
1909,0.1372303100896293,0.2166829048341092,0.20335523404788117,0.3962685519514112,-4.996003610813204e-16,-7.598088824778415e-16,0,0
1910,0.6584973840572957,0.4227631291872742,0.23064659589389885,0.28859613382571525,-1.0755285551056204e-16,9.020562075079397e-17,0,0
1911,0.0,0.1600000000001506,0.0,0.52641891077148,-0.07695965542370438,6.010816844259637e-16,1,0
1912,0.677506170240581,0.4289503088426085,0.23118590485444385,0.2893066522292503,-2.0122792321330962e-16,-2.706168622523819e-16,0,0
1913,0.6965152452221723,0.4351362797938418,0.23177911713187788,0.29018193249189134,2.1250362580715887e-16,1.7694179454963432e-16,0,0
1914,0.7155251926130441,0.441321689848531,0.232428469147932,0.2912142307198355,1.465841337200402e-16,5.204170427930421e-17,0,0
1915,0.7386841652451015,0.467063072574799,0.23128406841097696,0.30131016818587675,-1.8735013540549517e-16,-2.2551405187698492e-17,0,0
1916,0.7576937670835286,0.4732480066737019,0.2322401745434614,0.30263741301713437,8.847089727481716e-17,2.6020852139652106e-16,0,0
1917,0.7767059213950007,0.4793995134458104,0.23325568820347842,0.3040834874685569,-1.9081958235744878e-17,-4.163336342344337e-17,0,0
1918,0.7957427026579968,0.4855190731218914,0.2343336580934042,0.30564205305990205,-1.734723475976807e-18,-2.255140518769849e-16,0,0
1919,0.8147564077555717,0.4916946939348622,0.23546467682476815,0.3073519918720286,1.734723475976807e-18,3.8163916471489756e-17,0,0
1920,0.8337712088260042,0.4978781470319392,0.23665712387728752,0.30918407560267375,3.8163916471489756e-17,-1.6306400674181987e-16,0,0
1921,0.8527858414745598,0.5040640749997348,0.23791321244261263,0.31113114388895247,2.1684043449710089e-16,-1.942890293094024e-16,0,0
1922,0.8718011425976355,0.5102506576134029,0.2392351018228723,0.3131878762622719,-8.673617379884035e-18,-1.5265566588595902e-16,0,0
1923,0.255430279174623,0.2734874944108995,0.22571681181035905,0.3327007898620749,-3.9898639947466563e-17,-1.3877787807814457e-16,0,0
1924,0.2744108638034137,0.2796669299245585,0.22790759876123828,0.3251490410198654,3.9898639947466563e-17,1.1102230246251565e-16,0,0
1925,0.2933941076751723,0.285845004544392,0.22954953389137348,0.3183975962176591,-2.0122792321330962e-16,4.85722573273506e-17,0,0
1926,0.3123792470588206,0.2920227916789739,0.23075528149253854,0.31237978205814537,2.0296264668928643e-16,1.6306400674181987e-16,0,0
1927,0.3313659456081883,0.2982007137752579,0.2316172695110689,0.3070328777014404,-2.931682674400804e-16,-1.0755285551056204e-16,0,0
1928,0.3503549397575416,0.3043796910412287,0.23221060124126683,0.30229936129949886,5.082739784612045e-16,3.9898639947466563e-16,0,0
1929,0.3693449129284951,0.3105607147390099,0.23259638783703526,0.29812751519523606,-3.608224830031759e-16,-3.608224830031759e-16,0,0
1930,0.388335098184316,0.3167418119262941,0.23282574829805294,0.29446925027025134,-1.7954387976359953e-16,-2.255140518769849e-16,0,0
1931,0.4073251102680543,0.3229210114897996,0.23294079838188383,0.2912804528584476,8.326672684688674e-17,1.9081958235744878e-16,0,0
1932,0.1562018137774967,0.2229370631881267,0.213144877897867,0.3813252345037685,-5.672545766444159e-16,-6.800116025829084e-16,0,0
1933,0.1752857722514367,0.2291869468328109,0.22080083294542852,0.3675949325223516,6.019490461639521e-16,5.898059818321144e-16,0,0
1934,0.194368744072739,0.2354275535885765,0.22666036985759402,0.3551765034712543,2.2551405187698492e-17,1.6653345369377348e-16,0,0
1935,0.2133438119176101,0.241605789763691,0.23107878311473368,0.3440518579151894,-4.961309141293668e-16,-6.696032617270475e-16,0,0
1936,0.2323170560252929,0.2477838997364889,0.23436309088100563,0.33407729078035847,1.0928757898653885e-16,2.914335439641036e-16,0,0
1937,0.4263208773688397,0.3290906801974278,0.2329784227482551,0.2885169960094627,1.717376241217039e-16,2.671474153004283e-16,0,0
1938,0.0173205080757259,0.1500000000001291,0.05604571500720801,0.5181371869170701,-1.1032841307212493e-15,-3.739196452468008e-15,0,0
1939,0.0273474445647005,0.1656426823558722,0.07597962304906317,0.5037950786883781,-6.591949208711867e-16,-3.193625919273302e-15,0,0
1940,0.04211905851323988,0.169826796775517,0.10919236091024366,0.49067056173342977,-1.6653345369377348e-16,-5.4643789493269423e-17,0,0
1941,0.05870977388853554,0.1740658830035197,0.13976390597182523,0.47135514130382195,6.279698983036042e-16,1.3149203947904198e-15,0,0
1942,0.07664528621794205,0.1787830457075928,0.16657553381675078,0.4503423881482756,5.048045315092509e-16,9.298117831235686e-16,0,0
1943,0.09559455185280774,0.184958830453453,0.1881889115803859,0.43000232248276116,-1.2524703496552547e-15,-1.8197249262996706e-15,0,0
1944,0.1144946438024873,0.1911121710273112,0.20500534052490232,0.410530993023131,1.1102230246251565e-15,1.56472057533108e-15,0,0
1945,0.1332845765509575,0.1971670320463302,0.21787701138650198,0.39267284337842945,3.3133218391157016e-16,4.718447854656915e-16,0,0
1946,0.734535136371739,0.4475071392726364,0.233135886158935,0.2923964940868484,-3.0184188481996443e-16,9.107298248878237e-17,0,0
1947,0.8908167376735553,0.5164375498655501,0.2406260061951022,0.31534771948621254,-3.122502256758253e-17,-2.3071822230491534e-16,0,0
1948,0.9098330441664444,0.522624401684838,0.24208517025833906,0.31760887876216903,5.377642775528102e-17,7.632783294297951e-17,0,0
1949,0.929466177484986,0.5286807294178953,0.24367994064735934,0.3198895700018442,-1.0061396160665481e-16,1.0408340855860843e-17,0,0
1950,0.9510364894270504,0.5343259651509595,0.2455270103975105,0.32207051409165555,2.949029909160572e-17,7.28583859910259e-17,0,0
1951,0.9688454991766426,0.5401813833691864,0.2470840656307366,0.32449064793568727,6.765421556309548e-17,-9.367506770274758e-17,0,0
1952,0.9841079303344316,0.5497226454024854,0.24845964272354784,0.3286291284944039,-1.8041124150158794e-16,3.122502256758253e-17,0,0
1953,1.0,0.5599999999988415,0.25,0.3331278036045058,0.04716911324616112,1.0408340855860843e-17,2,0
1954,0.4453173817437671,0.3352638370206399,0.2329606390329087,0.28615299334780514,-8.153200337090993e-17,1.7694179454963432e-16,0,0
1955,0.464314578015645,0.3414442151608168,0.23290916339341267,0.2841595241596137,7.19910242530375e-17,1.8041124150158794e-16,0,0
1956,0.4833104785219851,0.3476238652380699,0.23284511079618625,0.28250508985456213,5.898059818321144e-17,-3.8163916471489756e-17,0,0
1957,0.5022938533437655,0.3537804598909593,0.2327888418642647,0.2811557676043267,-1.8561541192951836e-16,1.1796119636642288e-16,0,0
1958,0.5212943703607149,0.3599422092245179,0.2327468858752546,0.2800969079311256,1.9081958235744878e-16,-3.8163916471489756e-17,0,0
1959,0.540304117066046,0.3661097025449727,0.23272871715182572,0.2793109144401194,-3.469446951953614e-17,-1.0408340855860843e-16,0,0
1960,0.5593108527829427,0.3722842130570233,0.23274144731175395,0.278782727955614,-4.683753385137379e-17,1.5959455978986625e-16,0,0
1961,0.5783154346904912,0.3784661685777793,0.23279217878639094,0.2784963339276304,-3.469446951953614e-18,1.8041124150158794e-16,0,0
1962,0.5973233437136873,0.3846523601184629,0.23288784448776095,0.27843422621235364,-8.239936510889834e-17,-1.3877787807814457e-16,0,0
1963,0.6163327523780916,0.3908393289364576,0.23303365503528423,0.27858162918846224,2.0556473190325164e-16,2.983724378680108e-16,0,0
1964,0.6353413667859266,0.3970251619505092,0.2332334369374006,0.2789259035609149,-9.71445146547012e-17,7.632783294297951e-17,0,0
1965,0.6543496000158995,0.4032106188571103,0.23349004623206893,0.27945646797234214,-6.071532165918825e-17,-6.245004513516506e-17,0,0
1966,0.2512917503949116,0.2539610936721406,0.23675053373544494,0.3251609356564793,2.5673907444456745e-16,2.6020852139652106e-16,0,0
1967,0.1521076096786917,0.2033777931710026,0.2275520768031079,0.3764583594657309,-2.0469737016526324e-16,-2.0816681711721685e-16,0,0
1968,0.6733580126407215,0.4093958666594342,0.2338059373888978,0.28016342625940915,1.5265566588595902e-16,-9.020562075079397e-17,0,0
1969,0.0,0.1400000000001077,0.0,0.5372287420787307,-0.08988093245512921,-1.994931997373328e-15,1,0
1970,0.6923671265076929,0.4155807649233844,0.23418329640830737,0.28103764558082134,-8.239936510889834e-17,-1.0755285551056204e-16,0,0
1971,0.7113769316944861,0.4217658231344487,0.2346238033656565,0.28207119553141563,1.734723475976807e-18,-7.632783294297951e-17,0,0
1972,0.7303856832191309,0.4279516153780739,0.23512876867532248,0.28325703830469173,-2.6020852139652106e-17,-3.122502256758253e-17,0,0
1973,0.7535468947575278,0.4536726603148975,0.23390531410495968,0.2937121959414107,2.3245294578089215e-16,-1.8735013540549517e-16,0,0
1974,0.7725645864870955,0.4598288301451719,0.23473736479973298,0.29516010513406427,-1.734723475976807e-17,5.898059818321144e-17,0,0
1975,0.7915847732148471,0.4659836523511839,0.23563221899916603,0.29673856294443085,1.474514954580286e-17,2.7755575615628914e-17,0,0
1976,0.810607929671288,0.4721334157416897,0.23659185046955028,0.29844042546793825,-1.3444106938820255e-16,1.3877787807814457e-17,0,0
1977,0.8296212478372422,0.4783183652608148,0.23761406068441304,0.3002805777883692,1.734723475976807e-18,1.6653345369377348e-16,0,0
1978,0.8486359083111472,0.48450379942989,0.2387040114090151,0.3022369066492905,3.1051550219984847e-16,3.226585665316861e-16,0,0
1979,0.8676509093717254,0.4906898394888699,0.23986301750295727,0.3043051962436276,-3.694961003830599e-16,-1.8388068845354155e-16,0,0
1980,0.8866666311059831,0.4968760882389717,0.24109254001076305,0.30648133991862603,-1.2663481374630692e-16,3.5735303605122226e-16,0,0
1981,0.2702705320307997,0.2601392869868352,0.2384303835971112,0.31721088025347216,-1.0495077029659683e-16,-1.1449174941446927e-16,0,0
1982,0.2892517837561251,0.2663165493282195,0.2395561841163314,0.31013911078459333,1.0061396160665481e-16,1.6306400674181987e-16,0,0
1983,0.3082358901783449,0.27249247444507,0.24025086211975474,0.3038629103690939,-2.862293735361732e-17,-2.706168622523819e-16,0,0
1984,0.3272221680711026,0.2786686356381168,0.2406119922851386,0.2983087002158668,-1.214306433183765e-16,-1.7694179454963432e-16,0,0
1985,0.3462096709354421,0.2848460052060243,0.24071871608806178,0.2934096169332809,2.2724877535296173e-16,-7.979727989493313e-17,0,0
1986,0.3652029689818749,0.2910268598036856,0.24063468762416518,0.28910473991170904,1.0408340855860843e-17,-3.122502256758253e-17,0,0
1987,0.3841929094362552,0.2972084208992324,0.24041175156405412,0.2853424628338577,-8.673617379884035e-17,5.204170427930421e-17,0,0
1988,0.4031882110043911,0.3033924983082844,0.2400921939929043,0.282072583215151,5.2909066017292616e-17,6.591949208711867e-17,0,0
1989,0.4221760039083915,0.3095557138268672,0.23971742715573696,0.2792438547033059,-9.020562075079397e-17,-4.0939474033052647e-16,0,0
1990,0.1711800881560916,0.2096381714148838,0.23492524338849002,0.36159965781206027,-1.97758476261356e-16,-2.0816681711721685e-16,0,0
1991,0.1901933271711839,0.2158719943721362,0.24032833721617325,0.3483143903329318,4.85722573273506e-17,1.3530843112619095e-16,0,0
1992,0.2092059536319803,0.2220841375733358,0.2442213877604778,0.3364462770031789,2.3765711620882257e-16,2.949029909160572e-16,0,0
1993,0.2281786564287263,0.2282621150326988,0.2469291552386608,0.3259044219737117,-2.7755575615628914e-16,-4.128641872824801e-16,0,0
1994,0.247152743887816,0.2344384111104987,0.24871501984715869,0.3165465988969742,6.591949208711867e-17,-2.671474153004283e-16,0,0
1995,0.4411705291242483,0.3157229551661276,0.23930624329187772,0.27682753945763405,-8.326672684688674e-17,-2.1163626406917047e-16,0,0
1996,0.01837468896030796,0.1293913683825914,0.06784405092575145,0.5254211944153873,8.95225733821281e-16,-4.048844592929868e-15,0,0
1997,0.03898439399735035,0.1525154470633039,0.11674676436068873,0.496818843315946,3.490263633665336e-15,8.788109129298505e-15,0,0
1998,0.05668225079120628,0.1569346538451153,0.15189644788612494,0.4734962980657232,-4.40619762898109e-16,-1.227316859253591e-15,0,0
1999,0.07303145197469148,0.1608720515844664,0.17888058536613888,0.4517635804311543,5.724587470723463e-17,-1.0408340855860843e-16,0,0
2000,0.09153831743487979,0.165544827066502,0.20329302941191307,0.42932067472566443,4.198030811863873e-16,6.800116025829084e-16,0,0
2001,0.1104398787076858,0.1716868095040018,0.22104073678101516,0.4074102592672853,-1.5785983631388945e-15,-2.105954299835844e-15,0,0
2002,0.129294237029946,0.177782811281592,0.23415209372101997,0.38763383797582546,5.152128723651117e-16,6.522560269672795e-16,0,0
2003,0.1481816292631355,0.1839084757499407,0.24376038399950306,0.36986628053795445,5.655198531684391e-16,6.245004513516506e-16,0,0
2004,0.7494039360680709,0.4341044910268806,0.2357042204226319,0.2845709120425109,1.734723475976807e-17,-4.163336342344337e-17,0,0
2005,0.9056827691536468,0.5030625708289166,0.2423970267250704,0.3087559172625188,1.491862189340054e-16,4.683753385137379e-17,0,0
2006,0.9246993405827104,0.5092496378148069,0.24376989013364395,0.3111355153805446,-6.938893903907228e-18,-2.220446049250313e-16,0,0
2007,0.9437165732812873,0.5154369096206673,0.24522755594869844,0.31360143910178645,6.071532165918825e-17,-3.8163916471489756e-17,0,0
2008,0.9644910436738778,0.518255017877456,0.2469677837667493,0.31462019263898877,2.1684043449710089e-16,-1.734723475976807e-16,0,0
2009,0.9838118303454974,0.5282629753005086,0.24856441408421187,0.3190270985532604,-1.6653345369377348e-16,-9.367506770274758e-17,0,0
2010,1.0,0.5399999999987888,0.25,0.32427620050152567,0.04715008314457045,-3.122502256758253e-17,2,0
2011,0.4601682942555485,0.3219016231149213,0.2388780293402719,0.2747954454678969,-1.0755285551056204e-16,-2.706168622523819e-16,0,0
2012,0.4791667983662407,0.3280823275122789,0.2384539603155226,0.2731132275310108,1.474514954580286e-16,2.0122792321330962e-16,0,0
2013,0.4981608622007727,0.3342580378786292,0.23805029148727133,0.27175140880979537,-6.071532165918825e-17,1.5959455978986625e-16,0,0
2014,0.5171480804929471,0.3404199163426316,0.23768036494875974,0.27068190970780376,5.204170427930421e-17,-9.020562075079397e-17,0,0
2015,0.5361482420313294,0.3465907039694139,0.2373482847725562,0.26989102768592854,1.1622647289044608e-16,2.8449465006019636e-16,0,0
2016,0.5551637287263804,0.3527436555523275,0.23706848941739844,0.26934512616876854,-2.1337098754514727e-16,-1.249000902703301e-16,0,0
2017,0.574168846704509,0.3589157593772551,0.23683594499282729,0.26905278502000407,-1.240327285323417e-16,-2.671474153004283e-16,0,0
2018,0.5931741415908728,0.365099287758919,0.2366585255465193,0.26899193644033703,4.111294638065033e-16,3.434752482434078e-16,0,0
2019,0.6121841888716589,0.3712873323413105,0.23654195189122443,0.2691442629012681,-1.7607443281164592e-16,-1.0755285551056204e-16,0,0
2020,0.6311926044295199,0.3774713291714456,0.23649045819145365,0.2694939129130013,-2.5847379792054426e-16,-6.591949208711867e-17,0,0
2021,0.6502011326005392,0.3836562126937997,0.23650540969271602,0.27003196801698937,1.734723475976807e-16,1.8388068845354155e-16,0,0
2022,0.6692098305731393,0.3898408631800766,0.2365887603196392,0.27074770928406555,4.7704895589362195e-17,1.8388068845354155e-16,0,0
2023,0.2661295009423914,0.2406148783900653,0.2497872785235561,0.3082560708212586,-1.4051260155412137e-16,-8.673617379884035e-17,0,0
2024,0.1670897169700006,0.1901300118503625,0.25059118916827733,0.35401598503497606,1.1796119636642288e-16,8.673617379884035e-17,0,0
2025,0.6882187369510296,0.3960254147900993,0.2367418559844602,0.2716320769048008,-1.3270634591222574e-16,0.0,0,0
2026,0.0,0.1200000000000429,0.0,0.5482635729581473,-0.11186217533280582,8.840150833577809e-15,1,0
2027,0.03877497653601179,0.1324986600189494,0.13221948223990365,0.5010579633401775,-7.0013439490423934e-15,-1.696212614810122e-14,0,0
2028,0.7072285144744531,0.4022099554266713,0.23696585443256588,0.27267673424989014,3.122502256758253e-17,-6.938893903907228e-18,0,0
2029,0.7262388900813337,0.4083951899584043,0.23726164248978301,0.2738744714618668,9.540979117872439e-17,2.0122792321330962e-16,0,0
2030,0.7452498061331039,0.4145811025732571,0.23762992182528384,0.27521860885715743,-4.336808689942018e-17,-5.898059818321144e-17,0,0
2031,0.768417711907576,0.4402631838442773,0.23634529518820063,0.2860268700674658,-2.3245294578089215e-16,1.6566609195578508e-16,0,0
2032,0.7874384505640927,0.4464059642411605,0.23705618477317822,0.2876075015799114,2.723515857283587e-16,2.42861286636753e-17,0,0
2033,0.806457280631682,0.4525723610862811,0.23783396448927374,0.28932784427840186,-2.393918396847994e-16,1.1449174941446927e-16,0,0
2034,0.8254714275251775,0.4587583503192843,0.23868042519334737,0.29118060470856466,2.480654570646834e-16,-2.0469737016526324e-16,0,0
2035,0.8444856660743152,0.464944120106831,0.23959894177277236,0.29315113788963987,-1.8214596497756474e-16,-1.8735013540549517e-16,0,0
2036,0.8635006509553314,0.471129534248952,0.24059072852869604,0.295235004673534,3.139849491518021e-16,2.740863092043355e-16,0,0
2037,0.8825159388814517,0.477315768392515,0.24165682709232308,0.2974289086493965,-2.3418766925686896e-16,-2.220446049250313e-16,0,0
2038,0.9015321368500188,0.4835011205362074,0.24279833451894348,0.2997296483325849,1.7780915628762273e-16,-1.1796119636642288e-16,0,0
2039,0.2851089254643543,0.2467915208433973,0.2503116114480961,0.3009233373593109,-4.0939474033052647e-16,-3.9898639947466563e-16,0,0
2040,0.3040920636182762,0.2529655791515436,0.2504203204441127,0.2944470790796066,5.93275428784068e-16,3.7470027081099033e-16,0,0
2041,0.3230778376861151,0.2591369439525191,0.2502164929265808,0.28873998862162154,-5.898059818321144e-17,-9.71445146547012e-17,0,0
2042,0.3420665087332022,0.2653133081155338,0.2497783429869269,0.283728531151509,-1.5352302762394743e-16,-3.469446951953614e-18,0,0
2043,0.3610570812583119,0.2714929189762448,0.24917285152405785,0.279343040169962,1.8214596497756474e-16,2.393918396847994e-16,0,0
2044,0.3800502833153294,0.2776731904072265,0.24845356179731737,0.2755218134270457,-1.734723475976807e-16,-1.1102230246251565e-16,0,0
2045,0.3990390795126311,0.2838533841680645,0.2476617021028688,0.2722142197150092,5.898059818321144e-17,4.5102810375396984e-17,0,0
2046,0.4180281440340993,0.2900204332977543,0.24683649091623713,0.2693636126087155,3.1138286393783687e-16,3.2959746043559335e-16,0,0
2047,0.4370231516507169,0.2961867045018099,0.24599919633398706,0.2669347946096245,-3.183217578417441e-16,-7.632783294297951e-17,0,0
2048,0.1860566011807676,0.1963358430540529,0.2553919753178409,0.3398678736185286,-2.237793284010081e-16,-5.551115123125783e-16,0,0
2049,0.2050628037340886,0.2025593137691578,0.2585850408964972,0.32735262084571487,-1.0980799602933189e-15,-8.500145032286355e-16,0,0
2050,0.2240391253987026,0.2087433755099908,0.26057148436414324,0.316320985737988,1.1483869410966463e-15,8.951173136040325e-16,0,0
2051,0.2430122017091549,0.2149198195910931,0.26162960398913143,0.3066101065015696,2.3418766925686896e-16,1.0408340855860843e-16,0,0
2052,0.2619882262440031,0.2210928141865971,0.26198759035874186,0.2980657310495694,-8.101158632811689e-16,-4.475586568020162e-16,0,0
2053,0.4560223859547308,0.3023592002516138,0.24516823519125988,0.26489628830629486,3.1051550219984847e-16,3.885780586188048e-16,0,0
2054,0.01474142151757528,0.1130332403287886,0.0676810022953854,0.534729323409067,-1.149080830487037e-14,-4.779510121011299e-14,0,0
2055,0.03474664110960964,0.1128652910115621,0.14156228347238958,0.5083765476399248,-9.880984919163893e-15,-4.032885136950881e-14,0,0
2056,0.05607888756946564,0.1399538646122055,0.16844948809235463,0.47290390920728465,1.6653345369377348e-15,2.903927098785175e-15,0,0
2057,0.0708222260809221,0.1450469870484604,0.1925912138125048,0.45103883692003877,-1.0026701691145945e-15,-1.7277845820728999e-15,0,0
2058,0.0873084192409245,0.1468001266882807,0.219658144636711,0.42773865691948837,4.0419056990259605e-16,2.914335439641036e-16,0,0
2059,0.1065274746302186,0.1523944097396519,0.23929760716269496,0.4022920566339669,-1.6375789613221059e-15,-1.654926196081874e-15,0,0
2060,0.1252694960501943,0.1583688308815835,0.2525796541244616,0.3805203909142014,-1.249000902703301e-16,-1.9081958235744878e-16,0,0
2061,0.1441308724034758,0.1645006759313307,0.2617370982310297,0.3613082770295721,-2.5673907444456745e-16,-3.8510861166685117e-16,0,0
2062,0.163032082277721,0.1706634931708864,0.2679283750437958,0.34430640291536485,-7.979727989493313e-16,-4.544975507059235e-16,0,0
2063,0.7642621777069414,0.4207049319280405,0.23807811458669548,0.2766708839147097,-1.734723475976807e-16,-2.992397996059992e-16,0,0
2064,0.9205486985311342,0.4896880956266212,0.24402452324013865,0.3021234996253711,-2.220446049250313e-16,2.445960101127298e-16,0,0
2065,0.9383962498036138,0.496122259009705,0.24521705813680789,0.30477009102450725,2.0122792321330962e-16,9.367506770274758e-17,0,0
2066,0.952987809703399,0.5024803032953766,0.24624847637519723,0.3074968861931331,5.204170427930421e-17,-2.42861286636753e-17,0,0
2067,0.9828930211513012,0.5096301877258602,0.24859614400339952,0.31050974039935075,-1.960237527853792e-16,5.551115123125783e-17,0,0
2068,1.0,0.5199999999987361,0.25,0.3152196189767863,0.04714257278976488,6.591949208711867e-17,2,0
2069,0.4750202207076889,0.308536920758714,0.24436071119414077,0.2632171927219798,-2.7929047963226594e-16,-3.434752482434078e-16,0,0
2070,0.4940208407082626,0.3147188178445147,0.24359058900795985,0.2618671986252924,-1.5525775109992423e-16,-1.8388068845354155e-16,0,0
2071,0.5130169590416523,0.3208959829232472,0.2428704505188979,0.260817794083594,4.510281037539698e-16,6.245004513516506e-17,0,0
2072,0.5320092044564181,0.3270552245964091,0.24221156127925653,0.26003900650460854,-4.0419056990259605e-16,-1.8388068845354155e-16,0,0
2073,0.5510258269822786,0.3332033793411602,0.2416191861425521,0.25950904563558735,2.0469737016526324e-16,1.6306400674181987e-16,0,0
2074,0.5700231651807828,0.3393670782308385,0.24108892207276614,0.25923389567671273,1.7520707107365752e-16,3.469446951953614e-18,0,0
2075,0.5890270343362873,0.3455475319237331,0.2406260999375673,0.25919328104198425,-4.423544863740858e-16,-3.677613769070831e-16,0,0
2076,0.6080350193307729,0.3517323139521643,0.24023658618429078,0.2593665602680966,3.651592916931179e-16,3.191891195797325e-16,0,0
2077,0.6270437070419838,0.3579173649956755,0.23992307575467398,0.259739399459851,-1.1188966420050406e-16,-1.6653345369377348e-16,0,0
2078,0.6460524065130274,0.3641020620626202,0.23968695517178779,0.26030017199566535,1.3357370765021415e-16,-3.469446951953614e-17,0,0
2079,0.6650611343938776,0.3702866288792168,0.239529111356675,0.2610387122348046,-1.734723475976807e-18,-7.28583859910259e-17,0,0
2080,0.6840700516175781,0.3764707224464494,0.2394501889579909,0.26194559689813685,5.724587470723463e-17,-1.734723475976807e-17,0,0
2081,0.2809677901085359,0.2272683711100787,0.2618174461502844,0.29055706689817323,5.412337245047638e-16,3.191891195797325e-16,0,0
2082,0.1819802912635959,0.1768562945414089,0.27189385653970544,0.32938744713636675,1.708702623837155e-15,1.4641066137244252e-15,0,0
2083,0.7030796489980874,0.3826536094766704,0.23945065631392165,0.26301211649267237,1.9081958235744878e-17,3.469446951953614e-17,0,0
2084,0.0,0.1,0.0,0.5596618970175861,-0.077977754754802,-3.70536934468646e-15,1,0
2085,0.05788300606156506,0.1224348466859376,0.19827859867559022,0.4637502841488093,-7.702172233337023e-15,-8.777700788442644e-15,0,0
2086,0.7220901474735243,0.3888386529105849,0.23953028435547108,0.2642325218957938,-1.491862189340054e-16,-8.326672684688674e-17,0,0
2087,0.7410942967802049,0.3950163781556812,0.23969016742318555,0.2655956640057886,1.457167719820518e-16,5.551115123125783e-17,0,0
2088,0.7601162546454382,0.401155424151683,0.23993486463109034,0.2670771484842033,-7.632783294297951e-17,2.0469737016526324e-16,0,0
2089,0.7832940258563301,0.4268317219145734,0.23860021135170167,0.2782575993028947,3.3306690738754696e-16,-1.5092094240998222e-16,0,0
2090,0.8023071506336723,0.4330124824928419,0.2391903110893989,0.280001772315946,-1.5005358067199381e-16,-1.734723475976807e-16,0,0
2091,0.8213212028195856,0.4391983067361025,0.23985552760895648,0.28187216474621735,2.42861286636753e-16,3.8163916471489756e-17,0,0
2092,0.8403355697222423,0.445384323036107,0.24059720385511366,0.2838619887348195,-3.642919299551295e-17,3.469446951953614e-18,0,0
2093,0.8593502179236872,0.4515705430980834,0.2414163885078313,0.28596687681341915,6.765421556309548e-17,-3.191891195797325e-16,0,0
2094,0.878365609143952,0.4577568967826962,0.24231408938547747,0.2881829391874415,-7.45931094670027e-17,8.326672684688674e-17,0,0
2095,0.8973804731590319,0.4639433645681207,0.2432912320775565,0.2905072075877709,1.9081958235744878e-17,4.163336342344337e-17,0,0
2096,0.9162965842988524,0.4701498454129043,0.24433987155496698,0.2929547345656501,-1.7867651802561113e-16,-2.740863092043355e-16,0,0
2097,0.9678198258758807,0.4976523234016121,0.24750337192429203,0.3050741080218757,-1.3357370765021415e-16,1.3877787807814457e-16,0,0
2098,0.2999486145498892,0.233440792757363,0.2612592368682138,0.28396295027741725,-4.891920202254596e-16,-1.8041124150158794e-16,0,0
2099,0.3189323592250928,0.2396101305326229,0.26041875955141264,0.27818142651663685,4.128641872824801e-16,2.498001805406602e-16,0,0
2100,0.3379211454438655,0.2457792187523743,0.25937810614278967,0.27312444779304274,-6.071532165918825e-18,-1.1449174941446927e-16,0,0
2101,0.3569124855987543,0.2519562609654775,0.2581984231816269,0.2687219563489297,-3.9898639947466563e-16,-9.71445146547012e-17,0,0
2102,0.3759008349905818,0.2581355082145532,0.2569351762637935,0.26490555531297405,1.960237527853792e-16,2.7755575615628914e-16,0,0
2103,0.3948852721203147,0.2643064120380147,0.25563330293718045,0.26161127018106617,-1.700029006457271e-16,-2.0469737016526324e-16,0,0
2104,0.4138780947941727,0.2704734680157099,0.2543235430523037,0.2587870010280689,-2.185751579730777e-16,-1.2836953722228372e-16,0,0
2105,0.432873819346411,0.2766451850914716,0.2530264568406568,0.2563961725343929,4.475586568020162e-16,1.8388068845354155e-16,0,0
2106,0.4518719179301115,0.2828113094345747,0.2517654875999882,0.25439442487146136,-5.030698080332741e-16,-3.5735303605122226e-16,0,0
2107,0.2009277178835769,0.183047604311416,0.2741977138847293,0.3163762488358952,-4.40619762898109e-16,-2.1510571102112408e-16,0,0
2108,0.2198987279663436,0.1892277489775517,0.27529917386465336,0.3049913545028234,-2.8275992658421956e-16,-3.365363543395006e-16,0,0
2109,0.2388708285103873,0.1953963108547357,0.27549650830434075,0.2950548095270715,-3.885780586188048e-16,-2.393918396847994e-16,0,0
2110,0.2578472045000362,0.2015711771465414,0.2750193012538889,0.28638731059156913,9.558326352632207e-16,7.181755190543981e-16,0,0
2111,0.2768268061660641,0.2077448722482075,0.27405529922714067,0.27882159873161777,-9.731798700229888e-16,-7.598088824778415e-16,0,0
2112,0.4708725715946121,0.2889907198135707,0.25054916679217004,0.2527593505009843,5.585809592645319e-16,4.0592529337857286e-16,0,0
2113,0.01950903225015753,0.09807852803066691,0.10556632292483027,0.5321260347855765,1.4557799410397365e-14,8.064382495120981e-14,0,0
2114,0.05555153914232636,0.1016784250325749,0.2256440135058985,0.4582715295250204,-1.226796442210798e-14,-1.1962653090336062e-14,0,0
2115,0.07606981845947332,0.1302377430066605,0.2235429448335853,0.4368912634776552,2.4667767828390197e-15,3.524958103184872e-15,0,0
2116,0.1006767266282129,0.1309158289318551,0.2613564825757267,0.3953058494013044,1.3426759704060487e-15,1.7832957333041577e-15,0,0
2117,0.1214618434709066,0.1390230899723007,0.2738075200849184,0.370149114782373,-1.8145207558717402e-15,-1.6063539387545234e-15,0,0
2118,0.1400813133553554,0.1450643718176328,0.28188248266737215,0.34985632512822573,4.2327252813834093e-16,3.7470027081099033e-16,0,0
2119,0.158926476444503,0.1512160726863489,0.2869873205467493,0.3318991223576815,-8.829742492721948e-16,-7.320533068622126e-16,0,0
2120,0.1778159182302883,0.1573822291301112,0.289821146836096,0.31642904191067195,1.3183898417423734e-16,-3.157196726277789e-16,0,0
2121,0.7791366597955174,0.4072854207624038,0.24025931447350296,0.2686886450959514,1.249000902703301e-16,1.6479873021779667e-16,0,0
2122,0.934810368295846,0.4764414478084469,0.24545920058520682,0.2955222627642893,3.2959746043559335e-16,-9.020562075079397e-17,0,0
2123,0.9533617237176806,0.4827955644082983,0.246643111709337,0.2982636266672825,-3.5041414214731503e-16,2.220446049250313e-16,0,0
2124,0.9835245894360183,0.4899383824054073,0.24876233047465596,0.3013031713791269,-1.1102230246251565e-16,-1.1796119636642288e-16,0,0
2125,1.0,0.4999999999986943,0.25,0.3059802842400706,0.047209634199530885,-5.551115123125783e-17,2,0
2126,0.4898740332632057,0.295172662173307,0.24939292821735629,0.2514549663838364,-2.6020852139652106e-16,-5.898059818321144e-17,0,0
2127,0.50887567671442,0.3013547142966809,0.2483062469969835,0.2504537309659165,2.3245294578089215e-16,-8.326672684688674e-17,0,0
2128,0.5278733635140009,0.307531210095808,0.24729697954729354,0.24973015399701187,-3.157196726277789e-16,-1.0408340855860843e-17,0,0
2129,0.5468699559846592,0.3136790818047515,0.2463754119696667,0.24924987962996786,1.6740081543176188e-16,-8.673617379884035e-17,0,0
2130,0.5658764781620121,0.3198294227265462,0.24553674322946437,0.24900998349135905,7.19910242530375e-17,-3.469446951953614e-18,0,0
2131,0.5848786575151549,0.3259951912167632,0.24477984970790861,0.24900568786921023,4.7704895589362195e-17,1.5265566588595902e-16,0,0
2132,0.6038862288420815,0.3321790408270931,0.2441067252421505,0.24922160565036328,-3.8337388819087437e-16,-2.740863092043355e-16,0,0
2133,0.6228948153017538,0.3383633258662552,0.24352218412547763,0.24963567357973115,4.458239333260394e-16,2.185751579730777e-16,0,0
2134,0.6419036849574418,0.3445478028996972,0.24302656913139337,0.2502363943862961,-3.7816971776294395e-16,-6.245004513516506e-17,0,0
2135,0.6609125827416197,0.3507322277567543,0.24261985412141587,0.2510134354450986,3.382710778154774e-16,1.1449174941446927e-16,0,0
2136,0.6799214268984819,0.3569159401753879,0.24230187466867678,0.25195725663121293,-2.0643209364124004e-16,-1.1102230246251565e-16,0,0
2137,0.6989302639012003,0.3630998389586886,0.24207203112395323,0.253060108047165,-3.8163916471489756e-17,-1.249000902703301e-16,0,0
2138,0.2958076964347777,0.2139202851847725,0.27274219309632447,0.2722214347922889,3.8163916471489756e-16,2.42861286636753e-16,0,0
2139,0.1967438781583239,0.1635051594192511,0.2910825861634585,0.3030487365417132,3.3133218391157016e-16,3.0184188481996443e-16,0,0
2140,0.7179401106653334,0.3692827052729282,0.24192995967297176,0.2543139065850174,1.691355389077387e-16,1.249000902703301e-16,0,0
2141,0.03826834333741969,0.09238795320933009,0.1811240958279067,0.4968895733750798,2.0011770018868447e-14,3.783084956410221e-14,0,0
2142,0.07467739297789157,0.1099661303430575,0.252856844246997,0.4248542799039882,-6.342149028171207e-15,-7.722988915048745e-15,0,0
2143,0.7369485075834594,0.3754663435892733,0.24187467733785542,0.2557130808535032,-2.5673907444456745e-16,-5.204170427930421e-17,0,0
2144,0.7559607284709715,0.381615944907109,0.24190995253322603,0.25723290264905085,1.5092094240998222e-16,-1.6653345369377348e-16,0,0
2145,0.7749938589858902,0.3877287665836066,0.24203542831517844,0.25886527216181726,5.377642775528102e-17,3.469446951953614e-17,0,0
2146,0.7981571170167415,0.4134529773505379,0.24065961419999257,0.27044873949886095,-3.434752482434078e-16,5.117434254131581e-17,0,0
2147,0.8171712001815752,0.4196386168879694,0.24113834626294417,0.27234298194137646,-1.5612511283791264e-17,1.4224732503009818e-16,0,0
2148,0.8361856999723575,0.4258244303261644,0.2416980093430603,0.2743572656572815,1.2663481374630692e-16,1.7694179454963432e-16,0,0
2149,0.8552005039608828,0.4320106428645872,0.24233908846708083,0.2764876544920614,-2.1337098754514727e-16,1.8388068845354155e-16,0,0
2150,0.8742158524031415,0.4381976010158842,0.2430623528079147,0.27873014208605695,-1.7867651802561113e-16,3.0878077872387166e-16,0,0
2151,0.8932315436030951,0.4443842459765588,0.24386812284092074,0.28108060673570945,-2.2551405187698492e-17,-5.898059818321144e-17,0,0
2152,0.9122468806499674,0.4505699955868179,0.24475610168585987,0.2835354068794705,1.8908485888147197e-16,2.255140518769849e-16,0,0
2153,0.9312609483071164,0.4567550483512121,0.24571883605068023,0.28610463641823425,1.0928757898653885e-16,2.42861286636753e-17,0,0
2154,0.9706829908263812,0.4805751286824073,0.24790968455951873,0.2969649572579461,4.2674197509029455e-16,1.0408340855860843e-16,0,0
2155,0.3147800161537975,0.2200915452011897,0.27118918617458176,0.2664722847301921,5.204170427930421e-18,-1.3530843112619095e-16,0,0
2156,0.3337609052208746,0.2262434820810137,0.26948827527572555,0.26145702302645624,2.8796409701215e-16,2.3245294578089215e-16,0,0
2157,0.352747120794775,0.2324012575775364,0.2676896174951237,0.2571096806246119,-5.837344496661956e-16,-4.128641872824801e-16,0,0
2158,0.371749928973425,0.238586962952747,0.2658327767237359,0.2533713388616289,9.194034422677078e-17,-1.0408340855860843e-16,0,0
2159,0.390731409037408,0.2447503542432403,0.26398025562306116,0.2501596216181397,5.611830444784971e-16,2.6020852139652106e-16,0,0
2160,0.4097228427388205,0.2509272489585115,0.2621461631878192,0.24743279450811556,-3.9898639947466563e-17,-8.326672684688674e-17,0,0
2161,0.42871941101276,0.2570881445404427,0.26036552129073975,0.24512631469096235,-3.0010716134398763e-16,-1.2836953722228372e-16,0,0
2162,0.4477193777338291,0.2632615499316437,0.25864371785154644,0.24322044254944544,-4.336808689942018e-17,1.8735013540549517e-16,0,0
2163,0.4667241806233842,0.2694439672133798,0.25699536392190736,0.24167676835852875,-2.42861286636753e-17,-2.5326962749261384e-16,0,0
2164,0.2157575192705471,0.1697258538494423,0.2910781634603487,0.2915284108136257,-7.424616477180734e-16,-3.5041414214731503e-16,0,0
2165,0.2347238574528927,0.1758697558087909,0.29027694669633586,0.28155149368206056,1.3340023530261647e-15,9.992007221626409e-16,0,0
2166,0.2537038540351939,0.1820459880944463,0.2888419538127318,0.2729357007029186,-1.3062467774105357e-15,-7.181755190543981e-16,0,0
2167,0.2726838322133118,0.1882192144292372,0.2869817303903314,0.2654710934180367,1.2819606487468604e-15,8.187894806610529e-16,0,0
2168,0.2916677557193958,0.1943941206065719,0.2848287654229122,0.25900233534669787,-7.892991815694472e-16,-4.198030811863873e-16,0,0
2169,0.4857266244181412,0.2756261787842604,0.25543324104436377,0.24046058012967372,7.719519468096792e-17,1.0408340855860843e-16,0,0
2170,0.07310115631937508,0.08907487570957508,0.2930709002078435,0.40158386761550846,-1.6964207816272392e-13,-1.548483563595937e-13,0,0
2171,0.05555702344683316,0.08314696113345352,0.2616737755799681,0.4410692001284455,6.486478021372477e-14,5.688505222423146e-14,0,0
2172,0.0904029142907545,0.1167235466155223,0.2681768568385085,0.40053415734652387,1.0824674490095276e-15,1.8006429680639258e-15,0,0
2173,0.118216325712894,0.1193540867041253,0.29843885042804674,0.35498557250129864,1.5230872119076366e-15,7.147060721024445e-16,0,0
2174,0.13605592357774,0.1255677743837516,0.3041933640405072,0.3344010873276576,-1.654926196081874e-15,-1.7555401576885288e-15,0,0
2175,0.1548001511816144,0.1317420389077882,0.3077403138960742,0.3158594466105142,7.945033519973776e-16,5.030698080332741e-16,0,0
2176,0.1736466353429563,0.1378449796073459,0.3092065639771525,0.300165244470144,1.420738526825005e-15,7.945033519973776e-16,0,0
2177,0.1925353730758728,0.1440299572472412,0.3090510232930839,0.286933716906911,-1.2802259252708836e-15,-7.840950111415168e-16,0,0
2178,0.79400750894729,0.3938978417460252,0.24223929827847232,0.2606578147636019,1.97758476261356e-16,8.500145032286355e-17,0,0
2179,0.9466699309760309,0.4646878933811169,0.24653011910334058,0.28964424448470766,-2.8102520310824275e-16,-2.740863092043355e-16,0,0
2180,0.9650025864637574,0.4623673097648769,0.24776658895669265,0.2882957186623712,5.551115123125783e-17,-2.255140518769849e-16,0,0
2181,1.0,0.4799999999987418,0.25,0.2965509896987233,0.04713845903816878,8.673617379884035e-17,2,0
2182,0.9837062286385683,0.4701220634318416,0.2489227573240967,0.29185082388938255,-1.196959198423997e-16,3.469446951953614e-18,0,0
2183,0.5047273976723021,0.2818064754052785,0.25396451208097504,0.23954366180200032,4.2847669856627135e-16,-2.0816681711721685e-17,0,0
2184,0.5237306483094076,0.2879873438043286,0.25259294374117036,0.2389031300801897,-5.030698080332741e-16,-4.85722573273506e-17,0,0
2185,0.5427285500416323,0.2941449335664149,0.2513275018659978,0.23850552805451178,-5.0306980803327406e-17,2.0816681711721685e-17,0,0
2186,0.561740929038252,0.3002810276086299,0.2501687536213263,0.23833002121956234,-5.204170427930421e-18,1.7694179454963432e-16,0,0
2187,0.5807345193042259,0.3064506379908188,0.24910325996231447,0.23839984319072352,2.2551405187698492e-17,-1.3877787807814457e-17,0,0
2188,0.5997375295111859,0.3126255666281451,0.24813909283140587,0.23867818635896393,3.469446951953614e-18,3.469446951953614e-17,0,0
2189,0.6187459219435552,0.3188094380353561,0.24727534866714737,0.23915531442241386,-1.5612511283791264e-16,-1.4224732503009818e-16,0,0
2190,0.637754840638844,0.324993667977114,0.24651294206161606,0.23981564975181419,1.682681771697503e-16,1.3877787807814457e-17,0,0
2191,0.6567640477123418,0.3311777877586505,0.24585080214385047,0.2406488988640747,1.205632815803881e-16,-6.938893903907228e-18,0,0
2192,0.6757730585416294,0.3373616049748545,0.24528765068854208,0.24164611389382726,-3.0097452308197603e-16,0.0,0,0
2193,0.6947815308080005,0.3435449291792405,0.24482218656654645,0.24279917746688437,3.46077333457373e-16,2.220446049250313e-16,0,0
2194,0.7137896655837355,0.3497300826570107,0.24445270296814214,0.24410212542205764,-3.0704605524789486e-16,-1.6306400674181987e-16,0,0
2195,0.310653473831923,0.2005713531862455,0.2824890120777224,0.25340365623721794,4.2674197509029455e-16,3.642919299551295e-16,0,0
2196,0.2114507909050473,0.1499191399899009,0.30809939037020906,0.275303500211282,-1.0408340855860843e-17,-6.938893903907228e-18,0,0
2197,0.7327986003469076,0.3558908508566677,0.24418118308712272,0.2455341107809415,6.071532165918825e-17,-2.0816681711721685e-17,0,0
2198,0.09346731086856337,0.09786196430711816,0.30502253916594707,0.3730543495784298,1.0526302052227265e-14,9.946904411251012e-15,0,0
2199,0.1041599131015017,0.1122779157968114,0.2959504737894021,0.36911999342898927,-5.204170427930421e-15,-5.1833537462186996e-15,0,0
2200,0.7518135475384385,0.3620420925887966,0.24400420154526523,0.24709765182052704,3.382710778154774e-16,2.0816681711721685e-17,0,0
2201,0.7708370386038175,0.368177493439071,0.24392104693697136,0.24878371119743684,-3.139849491518021e-16,-6.245004513516506e-17,0,0
2202,0.7898575689514501,0.3743334736155046,0.24392648955482502,0.2506083718627273,3.642919299551295e-17,-1.214306433183765e-16,0,0
2203,0.8130211923624026,0.4000789422767699,0.24252758320393802,0.2625807568831544,-1.2836953722228372e-16,-3.0791341698588326e-16,0,0
2204,0.8320355944787932,0.4062641334528964,0.24290121197181389,0.2646257802956154,-5.898059818321144e-17,-6.591949208711867e-17,0,0
2205,0.8510506434229683,0.4124503191396003,0.243360692372797,0.2667875250505656,5.377642775528102e-17,-2.7755575615628914e-17,0,0
2206,0.8700660661498367,0.4186368353238298,0.24390658484144415,0.269062339082683,8.066464163292153e-17,-2.220446049250313e-16,0,0
2207,0.8890819098934936,0.4248235400392721,0.24454026484957328,0.27144628185405,3.0531133177191805e-16,7.632783294297951e-17,0,0
2208,0.9080982855396893,0.4310102969200127,0.24526263040415647,0.2739362946995188,-6.071532165918825e-17,-2.463307335887066e-16,0,0
2209,0.9271144384499195,0.4371963969363344,0.24607527451890615,0.2765282890333728,2.3418766925686896e-17,-1.5959455978986625e-16,0,0
2210,0.948914028095754,0.4450800965727502,0.24708276062416015,0.28003191120932347,-9.020562075079397e-17,2.1510571102112408e-16,0,0
2211,0.3296010197307461,0.2067065774114904,0.2800641246016991,0.24855682786869995,-4.961309141293668e-16,-2.3245294578089215e-16,0,0
2212,0.3485767475558794,0.2128484220129378,0.2775906355447907,0.24437150782460376,6.869504964868156e-16,4.2327252813834093e-16,0,0
2213,0.3675615119758512,0.2189931987006682,0.2751171630645461,0.24078259824750067,-2.96637714392034e-16,-1.6653345369377348e-16,0,0
2214,0.3865669453296858,0.2251884123717763,0.2726577140436156,0.23775510224063962,7.37257477290143e-17,-3.469446951953614e-17,0,0
2215,0.4055626300716204,0.2313575809238391,0.2702742641193034,0.2351874831364354,-4.0592529337857286e-16,-4.163336342344337e-17,0,0
2216,0.4245701479235447,0.2375323775357022,0.26797226960467896,0.2330473272061606,3.0617869350990645e-16,1.2836953722228372e-16,0,0
2217,0.4435726220276963,0.2437142075439549,0.26576512813158926,0.23129996275415185,-4.423544863740858e-16,-2.706168622523819e-16,0,0
2218,0.462575906536526,0.2498962048166694,0.26366570896996355,0.2299024614880173,7.953707137353661e-16,3.400058012914542e-16,0,0
2219,0.4815791830523011,0.2560784169233113,0.26168063264075003,0.22882425903257303,-6.123573870198129e-16,-1.7694179454963432e-16,0,0
2220,0.2304744970393137,0.156180060085269,0.3060447104763888,0.2656335546229424,-1.0911410663894117e-15,-8.569533971325427e-16,0,0
2221,0.2495067979274084,0.1624374993367041,0.3034644796888143,0.2573420236118126,1.1709383462843448e-15,6.591949208711867e-16,0,0
2222,0.2685396778806551,0.1686925486549797,0.3005377184170221,0.25022619141295854,-5.186823193170653e-16,-5.030698080332741e-16,0,0
2223,0.2875295857273796,0.1748221177586894,0.29748149051980166,0.24402749293405365,5.221517662690189e-16,2.949029909160572e-16,0,0
2224,0.3065103126916763,0.1810382753598062,0.2942526918139478,0.23877958870738744,-6.123573870198129e-16,-2.463307335887066e-16,0,0
2225,0.5005804509499937,0.2622585241020463,0.2598147728137878,0.2280373104955037,2.8275992658421956e-16,1.734723475976807e-16,0,0
2226,0.0707106782866362,0.0707106779506733,0.32875526516428216,0.3741195763140627,1.4391265956703592e-13,1.427330476033717e-13,0,0
2227,0.08888365202470638,0.07431991037966859,0.34712114398488964,0.3356542995641961,-7.203959651036485e-14,-6.42645658910368e-14,0,0
2228,0.1316643610120335,0.1060831279344921,0.32805639841283674,0.31352522418909917,4.3021142204224816e-16,4.753142324176451e-16,0,0
2229,0.1128881962871568,0.1000231639486372,0.32339733642561364,0.33515716464936285,4.926614671774132e-16,3.5735303605122226e-16,0,0
2230,0.1506098089405966,0.1122573552621605,0.32999433706820713,0.29520383368730074,-8.014422459012849e-16,-4.961309141293668e-16,0,0
2231,0.1694793057034999,0.1183768983425439,0.32986576797294365,0.28000363634841224,1.3253287356462806e-15,5.412337245047638e-16,0,0
2232,0.1883734169505181,0.1244585317385425,0.32831890367140193,0.2671637878413224,-1.987993103469421e-15,-1.1171619185290638e-15,0,0
2233,0.2073188270922092,0.1304710272565226,0.32583033820179086,0.25618551640796783,7.979727989493313e-16,4.475586568020162e-16,0,0
2234,0.8088708846951989,0.3805187622637956,0.24401950774753517,0.2525723782468003,-4.163336342344337e-17,2.662800535624399e-16,0,0
2235,0.9831378399071256,0.4507938914779741,0.24898527649611424,0.2824382445218574,-1.249000902703301e-16,-1.8735013540549517e-16,0,0
2236,1.0,0.4599999999988,0.25,0.28688263558549537,0.04713051201004933,2.7755575615628914e-17,2,0
2237,0.5195771589123572,0.2684369591423486,0.2580700204843114,0.2275190518841612,-5.863365348801608e-16,-6.245004513516506e-17,0,0
2238,0.5385760583437615,0.2745933179889935,0.2564525880535814,0.2272344150375462,3.0704605524789486e-16,1.4224732503009818e-16,0,0
2239,0.5575810646808331,0.2807457831214453,0.25495643351951025,0.22717698227770539,9.194034422677078e-17,-5.551115123125783e-17,0,0
2240,0.5765851353105844,0.2869008465462582,0.25357881441049057,0.22733567357695833,2.1597307275911248e-16,-6.591949208711867e-17,0,0
2241,0.5955883862881668,0.2930717732185708,0.25231559357319683,0.22770533655396163,-6.591949208711867e-17,-1.6653345369377348e-16,0,0
2242,0.6145970915187187,0.2992555030028548,0.251166201661532,0.22827016901474306,-8.673617379884035e-17,1.0408340855860843e-17,0,0
2243,0.6336063065920612,0.3054396519601302,0.250131305050817,0.22901238920888975,1.1796119636642288e-16,1.249000902703301e-16,0,0
2244,0.6526153456577158,0.3116238015018342,0.24920860065018724,0.2299221653755134,-3.131175874138137e-16,-1.0755285551056204e-16,0,0
2245,0.6716248439457448,0.3178070839464163,0.24839583029123488,0.23099050090302575,1.986258379993444e-16,1.734723475976807e-16,0,0
2246,0.6906346640393639,0.3239909207301911,0.2476904068145104,0.23221069898676047,7.632783294297951e-17,-1.3877787807814457e-16,0,0
2247,0.7096411393112271,0.3301764924408997,0.24708989345295843,0.2335768848751868,-4.5102810375396984e-17,-2.42861286636753e-17,0,0
2248,0.7286396005839388,0.3363361946752813,0.2465957639387217,0.23506789479560325,-9.020562075079397e-17,7.632783294297951e-17,0,0
2249,0.3254518573799015,0.1871652094355403,0.2910382314200975,0.23423556593396433,-5.204170427930421e-18,3.122502256758253e-17,0,0
2250,0.2262806457433826,0.1365787292349435,0.3225597935633854,0.2469681089726949,7.389922007661198e-16,4.822531263215524e-16,0,0
2251,0.7476498194091428,0.3424937234688446,0.24620250987013118,0.2366901222461779,1.960237527853792e-16,7.632783294297951e-17,0,0
2252,0.1087763499782067,0.08065983395727888,0.3536060942030239,0.30734030003238266,1.8596235662471372e-15,7.051650929845721e-16,0,0
2253,0.7666865908163321,0.3486081992718143,0.24591314210979184,0.23841519763982177,-1.682681771697503e-16,-4.163336342344337e-17,0,0
2254,0.7857052364848551,0.3547704972521433,0.24571496440949278,0.24029303122359202,-7.37257477290143e-17,-1.3877787807814457e-17,0,0
2255,0.8047195586493269,0.3609564505842358,0.2456103440674194,0.2423047893401239,1.8041124150158794e-16,-7.632783294297951e-17,0,0
2256,0.8278851529515947,0.3867034137633552,0.2442029368411944,0.25465494232438607,-9.020562075079397e-17,-3.469446951953614e-17,0,0
2257,0.8469002629017226,0.3928893810836382,0.24447623952590816,0.25685367080569366,2.5066754227864863e-16,-9.020562075079397e-17,0,0
2258,0.8659157229047475,0.3990756082189211,0.2448393566259898,0.2591650414831755,-8.066464163292153e-17,-2.0816681711721685e-17,0,0
2259,0.8849314692107559,0.4052619646442681,0.24529241552864997,0.2615864530848941,-3.7643499428696714e-16,-1.3183898417423734e-16,0,0
2260,0.9039477955150688,0.4114483123862005,0.24583704607402054,0.2641134933835899,3.452099717193846e-16,3.5388358909926865e-16,0,0
2261,0.922964553872937,0.4176347107188536,0.2464731224311541,0.2667431599080973,-1.0234868508263162e-16,4.5102810375396984e-17,0,0
2262,0.9419817755696591,0.4238213791426015,0.24720049067226565,0.2694776718221481,-1.1275702593849246e-16,2.7755575615628914e-17,0,0
2263,0.9684831205401747,0.4440012305366736,0.2482097963242144,0.2791943016782233,1.3617579286417936e-16,5.898059818321144e-17,0,0
2264,0.3444048640288441,0.1932535233069343,0.2878591238645162,0.2303128628625822,2.445960101127298e-16,3.469446951953614e-18,0,0
2265,0.3634028352714287,0.1994334718513303,0.28468837033849037,0.22703352650694528,2.8449465006019636e-16,1.2836953722228372e-16,0,0
2266,0.3824025203912722,0.205617075329255,0.2816050756598371,0.22427309718824345,-5.516420653606247e-16,-1.214306433183765e-16,0,0
2267,0.401411397340394,0.2118056290155769,0.2786314189238658,0.22197258157050406,1.708702623837155e-16,7.632783294297951e-17,0,0
2268,0.420418559326446,0.2179835966516938,0.27578834797543017,0.22007668076749312,4.440892098500626e-16,1.0408340855860843e-17,0,0
2269,0.4394247038431611,0.2241666263367856,0.27307953675813174,0.2185550235926625,-4.0939474033052647e-16,3.469446951953614e-17,0,0
2270,0.4584280340858667,0.2303478718119142,0.27051362554888764,0.2173678850419928,2.2551405187698492e-17,-7.632783294297951e-17,0,0
2271,0.4774317481849043,0.2365295541852564,0.2680928984202116,0.21648539885737236,-3.3219954564955856e-16,-6.938893903907228e-18,0,0
2272,0.4964349858830024,0.2427113840928077,0.26581848745114145,0.21588138787011343,3.7816971776294395e-16,5.204170427930421e-17,0,0
2273,0.2453066510951755,0.142825856823507,0.31874549107710864,0.23925146065384031,-9.575673587391975e-16,-5.863365348801608e-16,0,0
2274,0.2643198176911413,0.1490517512959901,0.3147026797215781,0.2326869029517199,6.938893903907228e-16,4.510281037539698e-16,0,0
2275,0.2833580866375768,0.1552559976843249,0.3105606334223412,0.2270717106592847,3.382710778154774e-16,1.1796119636642288e-16,0,0
2276,0.3024178492216623,0.161332549817217,0.3064735405841505,0.22216585904904962,-1.1639994523804376e-15,-4.163336342344337e-16,0,0
2277,0.3213000362048326,0.1676293286645062,0.3022991433565608,0.21830667433145137,7.927686285214008e-16,1.1449174941446927e-16,0,0
2278,0.5154302660481885,0.2488917933403398,0.2636905090553772,0.21553361751432526,4.2500725161431774e-16,7.28583859910259e-17,0,0
2279,0.08314696132508038,0.0555570231600433,0.3900742204046744,0.2872269284921578,7.532863222081687e-14,4.708733403191445e-14,0,0
2280,0.1027398934086151,0.05491561694053849,0.4013327045484322,0.2509746187915464,-8.669454043541691e-14,-4.106437412332298e-14,0,0
2281,0.127154570714973,0.0862506821095896,0.35654208607464566,0.2855004178428766,-5.776629175002768e-15,-3.642919299551295e-15,0,0
2282,0.1464011688273432,0.0927913065177049,0.35542829601742815,0.2686864731138194,1.1206313654810174e-15,7.112366251504909e-16,0,0
2283,0.1652977722254031,0.09895509180632779,0.35278029976960146,0.2548954938767125,1.8648277366750676e-15,9.645062526431047e-16,0,0
2284,0.1842250635405643,0.1049829575517281,0.3491389124828379,0.24310210797768614,-3.0184188481996443e-16,3.469446951953614e-17,0,0
2285,0.2031652541107667,0.1109398286109972,0.34479325532467436,0.23310974643220977,-2.8622937353617317e-16,-2.8102520310824275e-16,0,0
2286,0.2221448066441015,0.1170652149049785,0.339818085303446,0.2249203151278831,-1.7381929229287607e-15,-7.771561172376096e-16,0,0
2287,0.8237343263091292,0.3671424515968827,0.24560082900298832,0.24443365538086387,-5.204170427930421e-17,-1.6219664500383146e-16,0,0
2288,0.9625833060054199,0.4287743883138905,0.24813315404400424,0.2716389858014153,-8.326672684688674e-17,1.3530843112619095e-16,0,0
2289,1.0,0.4399999999988584,0.25,0.2770361714379198,0.04714275552716176,-1.0061396160665481e-16,2,0
2290,0.9840328441730836,0.432344074854214,0.24918110398809884,0.2732520897501693,1.8995222061946038e-16,3.226585665316861e-16,0,0
2291,0.5344256123551361,0.2550520923879299,0.2617120797514078,0.21540822888735262,-5.30825383648903e-16,-3.434752482434078e-16,0,0
2292,0.553422819283527,0.2612091921384263,0.25987524069969614,0.215499184472561,4.579669976578771e-16,-6.938893903907228e-18,0,0
2293,0.5724328960672417,0.2673453808799491,0.25818104702278993,0.21577814434492748,-2.0122792321330962e-16,3.469446951953614e-18,0,0
2294,0.5914389041063199,0.273517765333167,0.25661287221918094,0.21627230234222417,3.5388358909926865e-16,2.1510571102112408e-16,0,0
2295,0.6104480139912603,0.2797012489024866,0.25517386084817867,0.21695217247268672,-4.909267437014364e-16,-1.491862189340054e-16,0,0
2296,0.6294574551392358,0.2858851488267904,0.2538629590580966,0.21780099986666657,3.122502256758253e-17,1.734723475976807e-17,0,0
2297,0.6484675031436183,0.2920700675327328,0.2526763916648757,0.218809909030775,3.972516759986888e-16,3.8163916471489756e-17,0,0
2298,0.6674767648632038,0.2982526920798652,0.25161119885223593,0.2199695529844435,-1.3704315460216776e-16,-1.8735013540549517e-16,0,0
2299,0.686486114241067,0.3044355696118064,0.25066351192284814,0.22127444417001552,1.1362438767648086e-16,1.734723475976807e-17,0,0
2300,0.7054968168516217,0.3106201362413765,0.24982988787640967,0.22271890444080686,-3.191891195797325e-16,1.457167719820518e-16,0,0
2301,0.7244947772608931,0.316796175867649,0.24910864936345087,0.22429300554435905,-1.8214596497756474e-17,8.326672684688674e-17,0,0
2302,0.7434995943302113,0.3229473147598001,0.24849894947147277,0.22598038359130498,2.3592239273284576e-16,-7.28583859910259e-17,0,0
2303,0.3402564300018887,0.1737100991159858,0.2983411209672022,0.2148265905823566,6.765421556309548e-17,1.3877787807814457e-17,0,0
2304,0.2411260720608012,0.1232467537971166,0.3345563004106576,0.21815297218587631,2.1180973641676815e-15,9.402201239794294e-16,0,0
2305,0.7625147716310324,0.3290669288227556,0.24799809539938827,0.2277737341786053,-1.0581813203458523e-16,1.457167719820518e-16,0,0
2306,0.1207022997869541,0.06428364210579296,0.39230826201696267,0.24402073008567374,-5.065392549852277e-16,-1.9255430583342559e-16,0,0
2307,0.7815548862886672,0.3352111162580362,0.24759746868413554,0.22969980461246575,-1.1275702593849246e-17,2.0816681711721685e-17,0,0
2308,0.8005691762165773,0.3413965733097519,0.24729356237654984,0.23176847835716424,3.9898639947466563e-17,6.245004513516506e-17,0,0
2309,0.8195839015802886,0.347582031204436,0.2470896909143538,0.2339514023702594,3.8163916471489756e-17,1.5265566588595902e-16,0,0
2310,0.842749746196757,0.3733284285930782,0.24568548857017314,0.24667623084216725,9.367506770274758e-17,7.45931094670027e-17,0,0
2311,0.8617653022796297,0.3795145800945791,0.24586360634422438,0.24903003501692172,-5.724587470723463e-17,1.249000902703301e-16,0,0
2312,0.880781038021738,0.3857008103128289,0.24613472194235314,0.25149262349312623,-3.469446951953614e-17,1.3877787807814457e-17,0,0
2313,0.8997967788430279,0.3918873387075817,0.2464983656302377,0.25406266059802995,-1.5178830414797062e-16,-1.8041124150158794e-16,0,0
2314,0.9188132126924313,0.3980739950062889,0.24695738580450752,0.2567338926107492,1.8648277366750676e-16,-1.0408340855860843e-17,0,0
2315,0.9377683510826605,0.40424927183152,0.24750795078803967,0.2595010497900354,1.43982048506075e-16,-2.0816681711721685e-17,0,0
2316,0.9564774689493456,0.4103752108938417,0.24814137335374106,0.26234186047478764,-7.806255641895632e-17,-2.0469737016526324e-16,0,0
2317,0.3592565125469214,0.179889832233918,0.2944523797435488,0.2119740243733106,1.9168694409543718e-16,1.2836953722228372e-16,0,0
2318,0.3782540683146274,0.1860716773299141,0.2907135046236667,0.20960961445297668,-6.531233887052679e-16,-1.7694179454963432e-16,0,0
2319,0.3972610280925722,0.1922535714834939,0.2871394728760518,0.20767177839555911,3.95516952522712e-16,8.673617379884035e-17,0,0
2320,0.4162661429293584,0.198434705576217,0.2837401455846428,0.20611700079376583,2.42861286636753e-17,8.673617379884035e-17,0,0
2321,0.4352761759352439,0.2046184288800402,0.2805179646664353,0.2049060354347571,-6.401129626354418e-16,-1.9081958235744878e-16,0,0
2322,0.4542794315248769,0.2108003868169353,0.2774764112563367,0.20400554677246152,6.565928356572215e-16,1.3530843112619095e-16,0,0
2323,0.47328320429288,0.2169813638949863,0.2746136647947632,0.203385285864322,-4.49293380277993e-16,-9.367506770274758e-17,0,0
2324,0.4922878825541739,0.2231619223796276,0.2719267928166992,0.20302129955406295,3.46077333457373e-16,-3.8163916471489756e-17,0,0
2325,0.5112930150074774,0.2293441278913695,0.2694114678442131,0.2028942201273985,3.209238430557093e-17,2.7755575615628914e-17,0,0
2326,0.2601320761090057,0.1294603471910188,0.32920399473271833,0.2125105816709417,-1.3513495877859327e-15,-6.175615574477433e-16,0,0
2327,0.279146230750897,0.1356500684060506,0.3239088195545631,0.207752167380655,2.1510571102112408e-16,4.163336342344337e-17,0,0
2328,0.2981622051215379,0.141802285572923,0.3187455429875425,0.20372810945582157,7.45931094670027e-17,1.8735013540549517e-16,0,0
2329,0.3171469122793227,0.1479611033486666,0.3137351812851728,0.20039004489596574,8.881784197001252e-16,1.8388068845354155e-16,0,0
2330,0.3361171579770609,0.1541742338114044,0.3088836327690885,0.19769731071202604,-1.0269562977782698e-15,-2.5326962749261384e-16,0,0
2331,0.5302857072374247,0.2355192606152379,0.2670661331420365,0.2029828017597491,-7.979727989493313e-17,9.020562075079397e-17,0,0
2332,0.09238795329750174,0.03826834312455452,0.4221291404139501,0.21627816172015885,1.0391687510491465e-13,4.2243986086987206e-14,0,0
2333,0.1217976452622463,0.048294609478073,0.41103015787526054,0.1918476164226162,-9.728329253277934e-15,-2.921274333544943e-15,0,0
2334,0.1417955917656073,0.07285049006915224,0.3837262977536794,0.23332757900128082,-2.9351521213527576e-15,-1.5404344466674047e-15,0,0
2335,0.1611265393986409,0.07947546923055837,0.3768419940518939,0.22275681390235488,-5.585809592645319e-16,-4.85722573273506e-16,0,0
2336,0.1800433638078425,0.08557095028453326,0.3702413440055082,0.21326554442423387,-6.938893903907228e-17,1.5265566588595902e-16,0,0
2337,0.1989912684453558,0.09159644452742419,0.3635147984899055,0.20524378226332207,-8.500145032286355e-17,-7.632783294297951e-17,0,0
2338,0.2180024800839189,0.09754948521936498,0.35677177932081616,0.1985128714238683,-3.382710778154774e-16,5.204170427930421e-17,0,0
2339,0.2369783267618007,0.1037208837740464,0.3499339136102645,0.19335972471998555,4.145989107584569e-16,2.7755575615628914e-17,0,0
2340,0.8385991412986603,0.3537676513787457,0.24698426390854689,0.23624534651061616,-1.8735013540549517e-16,-9.627715291671279e-17,0,0
2341,0.9758668694932677,0.4166316557995286,0.2489118452370233,0.2653173528842262,-1.1796119636642288e-16,-8.326672684688674e-17,0,0
2342,1.0,0.4199999999989167,0.25,0.26693451873736324,0.04703072778066796,-6.938893903907228e-18,2,0
2343,0.5492703008499721,0.2416675024480806,0.26489033474951323,0.2032564051205457,-1.3010426069826053e-16,3.122502256758253e-17,0,0
2344,0.5682733322158243,0.2478162212423195,0.2628704573532503,0.20371566909678435,-2.498001805406602e-16,-1.0408340855860843e-17,0,0
2345,0.5872891985536461,0.2539638936754856,0.26100184440303614,0.2043494471984332,2.2724877535296173e-16,9.020562075079397e-17,0,0
2346,0.6062962873308414,0.2601538758601941,0.25927089104574397,0.20517941829188366,-1.734723475976807e-17,2.7755575615628914e-17,0,0
2347,0.6253042162754332,0.2663426812031072,0.2576822587695634,0.20616543761958264,-2.7582103268031233e-16,-1.3877787807814457e-16,0,0
2348,0.6443177441681814,0.272516305957969,0.25623334774389656,0.2072900161067544,4.2500725161431774e-16,1.3877787807814457e-17,0,0
2349,0.6633284648939719,0.2786986841662692,0.25491505637410866,0.20856313638001192,-2.888314587501384e-16,1.1102230246251565e-16,0,0
2350,0.6823366344757218,0.2848835054647766,0.2537241589594389,0.20997455272199797,-9.71445146547012e-17,-1.3877787807814457e-16,0,0
2351,0.701348030825081,0.2910636859656046,0.2526574800144651,0.21151358499382394,1.474514954580286e-17,-5.898059818321144e-17,0,0
2352,0.7203593934395462,0.2972484173045995,0.25170968320889847,0.21318135633685398,3.3306690738754696e-16,-1.8388068845354155e-16,0,0
2353,0.7393714772400813,0.3034341722356311,0.2508776320571617,0.21497172921999275,3.0010716134398763e-16,2.7755575615628914e-17,0,0
2354,0.7583532337479735,0.3095620233891289,0.25016492623896264,0.216849291804876,-7.042977312465837e-16,-1.0061396160665481e-16,0,0
2355,0.3551091219091851,0.1603443405965218,0.30426274216317345,0.1954395512799042,-2.42861286636753e-17,-1.0408340855860843e-17,0,0
2356,0.255962176784376,0.1098973361355868,0.3432626096200717,0.18916734045486922,-4.475586568020162e-16,-3.8163916471489756e-17,0,0
2357,0.777378465053229,0.3156962666378479,0.2495601763477212,0.2188422716444723,1.9949319973733282e-16,1.5265566588595902e-16,0,0
2358,0.1124814947383463,0.03316886478028849,0.43156590484560803,0.15029124979003897,-9.714798410165315e-14,-2.984418268070499e-14,0,0
2359,0.1382288996084491,0.05359557060722273,0.4036684012450951,0.18534483103269908,4.5102810375396984e-15,1.4814538484841933e-15,0,0
2360,0.7964185775379138,0.3218370376649172,0.24906123100719768,0.22095092989409068,-6.418476861114186e-17,-2.42861286636753e-17,0,0
2361,0.8154257703505322,0.3280417285935823,0.2486606577020428,0.22320907312987867,1.7954387976359953e-16,-5.551115123125783e-17,0,0
2362,0.8344482708514123,0.334206350317955,0.24836633132971717,0.22555074257706495,-4.336808689942018e-18,6.938893903907228e-17,0,0
2363,0.8576147577544013,0.3599535574132291,0.24697610019945973,0.2386483602816688,-1.249000902703301e-16,9.540979117872439e-18,0,0
2364,0.8766305699583118,0.3661395498755639,0.2470643465340188,0.24115823897160313,3.122502256758253e-17,6.591949208711867e-17,0,0
2365,0.895646335017567,0.3723259127926515,0.24724826098332445,0.24377331368546026,9.194034422677078e-17,4.85722573273506e-17,0,0
2366,0.91467504296214,0.378524415419896,0.24752636324909563,0.24650011624599485,1.691355389077387e-16,3.469446951953614e-17,0,0
2367,0.933641763732339,0.3847675992227731,0.24790147967391937,0.24934770936115416,-1.9081958235744878e-17,2.0816681711721685e-17,0,0
2368,0.9520442324756362,0.3910402271453797,0.24835203151029792,0.25231437116426125,-2.463307335887066e-16,6.245004513516506e-17,0,0
2369,0.9697976537810034,0.3987342458187346,0.2488537576796436,0.25612469215397565,-4.336808689942018e-17,3.122502256758253e-17,0,0
2370,0.3741115409195409,0.1665256562846524,0.29985587086467586,0.1936206771894159,2.1684043449710089e-16,1.0408340855860843e-16,0,0
2371,0.393112882853059,0.1727052927123336,0.2956753721414946,0.1921805857209448,-1.8214596497756474e-16,-2.0816681711721685e-17,0,0
2372,0.4121191567267229,0.1788870489376665,0.2917195042215632,0.1910776695125956,2.2898349882893854e-16,1.5265566588595902e-16,0,0
2373,0.4311270318575493,0.1850694832870193,0.28798646284354035,0.19027636381613666,4.77048955893622e-16,6.938893903907228e-17,0,0
2374,0.4501324636758239,0.1912524522363236,0.284471901254879,0.18974825338521098,-4.44956571588051e-16,-2.706168622523819e-16,0,0
2375,0.4691369940738679,0.1974333285441654,0.281170472142645,0.18946596645984,-1.4051260155412137e-16,1.734723475976807e-17,0,0
2376,0.4881399726542701,0.2036130530229262,0.2780750351634666,0.18940943923588693,2.983724378680108e-16,4.85722573273506e-17,0,0
2377,0.5071450775757513,0.2097929939387352,0.2751777043002265,0.189560982986091,-1.1882855810441129e-16,9.020562075079397e-17,0,0
2378,0.5261521915373253,0.2159767431461191,0.2724701944889344,0.18990801555026982,1.8214596497756474e-17,-5.204170427930421e-17,0,0
2379,0.2749536298316023,0.1160770147409976,0.336832191588514,0.18571328829602154,1.5855372570428017e-15,5.065392549852277e-16,0,0
2380,0.2939515691145177,0.1222530139510492,0.33066646134993527,0.18286331118765284,-1.824929096727601e-15,-7.4593109467002705e-16,0,0
2381,0.3129574526434957,0.1284163162469724,0.3247808009062983,0.18053629960649156,1.0130785099704553e-15,3.9898639947466563e-16,0,0
2382,0.3319602457634125,0.134600047774591,0.31916903228618493,0.17870582678759628,-8.36136715420821e-16,-1.734723475976807e-16,0,0
2383,0.3509591411042528,0.1407967762147206,0.31384046124144677,0.1772894477367457,1.1639994523804376e-15,1.7694179454963432e-16,0,0
2384,0.5451456517611905,0.2221458063705695,0.26995063768176436,0.19042716495260564,-1.5612511283791264e-16,1.3877787807814457e-17,0,0
2385,0.09807852805189025,0.01950903214346056,0.45069620636003177,0.11148440321875255,1.1271539257506902e-13,3.3487101980256284e-14,0,0
2386,0.134835638768867,0.03550935295652233,0.42361381468423714,0.13248650436218798,-1.8908485888147197e-15,-6.192962809237201e-16,0,0
2387,0.1569861662483983,0.06002064742244641,0.3948317539931956,0.1804734497293635,-1.4328815911568427e-15,-3.95516952522712e-16,0,0
2388,0.1759355971318592,0.06619910513594258,0.38632597934467233,0.1756849884738701,-1.6896206656014101e-15,-5.342948306008566e-16,0,0
2389,0.1948090357556311,0.07220397912913937,0.3782089007466623,0.17132933786049814,8.187894806610529e-16,1.4224732503009818e-16,0,0
2390,0.2138128792646747,0.07814298992371682,0.3703503006334085,0.16751808421545367,-1.7780915628762273e-15,-4.926614671774132e-16,0,0
2391,0.23283193671575,0.08420045626813029,0.3626969983158161,0.16455831878187385,1.0633854907737827e-15,2.393918396847994e-16,0,0
2392,0.2518141950164263,0.09037004291421548,0.355237107671184,0.16250773612848676,-2.949029909160572e-16,-1.1449174941446927e-16,0,0
2393,0.853463843016673,0.3403926357131855,0.24817130003791246,0.22801088388774451,4.85722573273506e-17,-7.806255641895632e-18,0,0
2394,0.9856872581226777,0.4049636127160746,0.2494219958404233,0.2592559988352624,2.0469737016526324e-16,-1.4224732503009818e-16,0,0
2395,0.5641324774255664,0.2283043155860014,0.2676095609874768,0.19110863463731262,1.7694179454963432e-16,1.0408340855860843e-17,0,0
2396,0.5831165648509726,0.2344806449545094,0.2654330443757642,0.1919612515184874,-2.654126918244515e-16,-2.0816681711721685e-17,0,0
2397,0.6021251270606043,0.2406650424765548,0.26341582592389134,0.19296439921580572,5.4643789493269423e-17,1.214306433183765e-16,0,0
2398,0.6211394005410978,0.2468432772634564,0.26155522395974373,0.19410499107436538,1.5785983631388945e-16,6.938893903907228e-18,0,0
2399,0.6401613472944114,0.2529873990307239,0.2598497885705006,0.19535830625046283,-4.336808689942018e-18,3.122502256758253e-17,0,0
2400,0.6591795523630771,0.259142541851583,0.25828517777837745,0.19675078241089256,-3.400058012914542e-16,-6.938893903907228e-18,0,0
2401,0.67818480842379,0.265335343490585,0.25685214200386464,0.198294410638039,5.811323644522304e-16,1.5612511283791264e-16,0,0
2402,0.6971932096892395,0.2715224424374208,0.2555524584298922,0.1999545913247948,-2.454633718507182e-16,-6.245004513516506e-17,0,0
2403,0.7162099179032916,0.2776910505222223,0.2543828450281556,0.20171926497433046,7.112366251504909e-17,-6.245004513516506e-17,0,0
2404,0.7352221804334891,0.2838762405572857,0.2533341343067469,0.20360849169576584,-4.891920202254596e-16,-3.469446951953614e-18,0,0
2405,0.7542291444662889,0.2900556747823363,0.2524053661027321,0.2056058890482312,2.480654570646834e-16,4.5102810375396984e-17,0,0
2406,0.7732191015901597,0.2961962029349413,0.2515960736929058,0.2076899244721605,1.214306433183765e-17,-1.4224732503009818e-16,0,0
2407,0.3699627095340632,0.1469767664894716,0.30880666882201757,0.17619556263212102,-4.874572967494828e-16,-2.3245294578089215e-16,0,0
2408,0.2708041331034992,0.09654094266629189,0.34809817648566943,0.16088838166486585,2.654126918244515e-16,2.7755575615628914e-17,0,0
2409,0.7922457581408355,0.3023577320477242,0.2508961924549915,0.2098900710995187,3.7643499428696714e-16,-7.979727989493313e-17,0,0
2410,0.1125980890520034,0.01431945732233675,0.4505845999522505,0.07039015298213716,-4.561975797123807e-14,-1.3641865415081611e-14,0,0
2411,0.1299999999999428,0.01732050807565262,0.4409291716628328,0.06957193421908237,-1.0363238045485446e-14,-2.060851489460447e-15,0,0
2412,0.1537442633279108,0.0402445896820425,0.41393279665711635,0.12952023882809155,-1.817990202823694e-15,-6.123573870198129e-16,0,0
2413,0.811257706564738,0.3085271857172369,0.250304606520974,0.21220063620210966,-1.7520707107365752e-16,-1.214306433183765e-16,0,0
2414,0.8302802473711548,0.3146800589142575,0.2498210344196638,0.21460411764157294,3.9898639947466563e-17,3.469446951953614e-18,0,0
2415,0.8493118198928006,0.320833758472631,0.24944172141750293,0.21710942873935632,-4.336808689942018e-18,-1.0755285551056204e-16,0,0
2416,0.8724799783238023,0.346578122879022,0.24807617042173347,0.23057489230575828,4.5102810375396984e-17,-1.6566609195578508e-16,0,0
2417,0.8914961072730605,0.3527642833800811,0.2480800410169204,0.23324209166673204,1.5785983631388945e-16,-6.591949208711867e-17,0,0
2418,0.9105123059798765,0.3589522513443999,0.2481822212436209,0.23601191442613773,-1.8041124150158794e-16,2.7755575615628914e-17,0,0
2419,0.9296032089674526,0.3652052080918896,0.2483794128335135,0.23892173127866856,3.469446951953614e-18,-4.163336342344337e-17,0,0
2420,0.9482960875502442,0.371664156336075,0.24867075927200696,0.24203485061356272,-2.636779683484747e-16,1.0755285551056204e-16,0,0
2421,0.9660219397156778,0.3799710003094731,0.24900223558357368,0.24623981177032367,4.2327252813834093e-16,-5.551115123125783e-17,0,0
2422,0.9827717673391168,0.3894521619642178,0.24941810003472684,0.25115045944080167,-1.7867651802561113e-16,4.85722573273506e-17,0,0
2423,1.0,0.3999999999989749,0.25,0.2566084493796778,0.04696315566777601,2.42861286636753e-17,2,0
2424,0.3889673617028928,0.1531569382215205,0.3040536930735464,0.1754040914951909,-3.139849491518021e-16,-7.28583859910259e-17,0,0
2425,0.4079735834605891,0.1593380322595681,0.2995731476860932,0.17488171321348706,-2.732189474663471e-16,-1.0755285551056204e-16,0,0
2426,0.4269788086802889,0.1655194882807082,0.2953562007214966,0.1746011905733793,5.490399801466594e-16,2.7755575615628914e-16,0,0
2427,0.4459859141651473,0.1717022640520407,0.29139204139598995,0.17454021043198428,-1.0061396160665481e-16,3.469446951953614e-17,0,0
2428,0.4649918203644754,0.1778859932381372,0.2876706548355653,0.1746808340913688,-1.491862189340054e-16,-1.1102230246251565e-16,0,0
2429,0.4839950655663917,0.1840648731198764,0.2841833951827562,0.17500336888987414,8.847089727481716e-17,4.163336342344337e-17,0,0
2430,0.5029962890017448,0.1902413984214189,0.28091912287764326,0.17549679001343801,-1.5265566588595902e-16,-4.5102810375396984e-17,0,0
2431,0.5220037159652227,0.1964235730717765,0.27786510560819144,0.17615409609610203,4.0592529337857286e-16,1.3183898417423734e-16,0,0
2432,0.5410121986546113,0.2026074472074385,0.2750133653157698,0.1769636383575595,-3.2959746043559335e-16,-1.3877787807814457e-16,0,0
2433,0.2898006238261772,0.102713634617127,0.3413065537293061,0.15953556954343598,4.145989107584569e-16,1.6653345369377348e-16,0,0
2434,0.3088018246023626,0.1088872085635371,0.33482157623964787,0.1585520152925315,-8.500145032286355e-16,-2.7755575615628914e-16,0,0
2435,0.3278046294826851,0.1150663736665235,0.3286524262168174,0.15788932767906316,3.625572064791527e-16,2.0469737016526324e-16,0,0
2436,0.3468082522184203,0.1212482478496345,0.3228027494289559,0.15748554645488147,5.559788740505667e-16,1.8388068845354155e-16,0,0
2437,0.3658135209624804,0.1274278909891494,0.31726880766117277,0.15730099452151886,-4.683753385137379e-16,-2.7755575615628914e-17,0,0
2438,0.5600099118842345,0.2087803095415791,0.2723583239846979,0.17790989133086393,-1.0408340855860843e-16,1.0408340855860843e-17,0,0
2439,0.1,0.0,0.469892150246874,0.0,2.548655730905125e-14,-0.08081955004394713,0,3
2440,0.1502029946801069,0.01774880432028964,0.43154975690630115,0.061065549121994606,3.2855662635000726e-15,4.926614671774132e-16,0,0
2441,0.1718358567752797,0.04676994154775758,0.40343607076451043,0.13226642170874267,2.0990154059319366e-16,1.2836953722228372e-16,0,0
2442,0.1907837915514234,0.05290730309769526,0.3934997850005195,0.13295445769554579,1.0651202142497596e-15,2.185751579730777e-16,0,0
2443,0.2096557780854281,0.05913633106089627,0.3840630215413331,0.13357741474649787,-2.7391283685673784e-15,-7.181755190543981e-16,0,0
2444,0.2296286530487593,0.064889529843581,0.37512239481271437,0.13254477795037678,2.0018708912772354e-15,5.204170427930421e-16,0,0
2445,0.2476620539188817,0.07084723640980092,0.3670693173373255,0.1332993664982278,-4.996003610813204e-16,-2.0469737016526324e-16,0,0
2446,0.2665759211711063,0.07828286971910758,0.35844108753330517,0.13578859454222025,3.0444397003392965e-16,6.938893903907228e-17,0,0
2447,0.8683290899789606,0.3270163738175306,0.24916318290633613,0.219733071170059,3.8163916471489756e-17,1.6393136847980827e-16,0,0
2448,0.5790128198304261,0.2149602698387547,0.26988573168266594,0.178995704696074,4.5102810375396984e-17,-1.1796119636642288e-16,0,0
2449,0.5980178212330538,0.2211425780546279,0.26758871749751306,0.1802118892198375,6.678685382510707e-17,-4.163336342344337e-17,0,0
2450,0.6170277627432597,0.2273259697783027,0.265459636557362,0.18155178964846502,4.0939474033052647e-16,1.4224732503009818e-16,0,0
2451,0.6360140989796073,0.2334786176071739,0.2634979427485229,0.1829936873585036,-3.3480163086352377e-16,-1.3183898417423734e-16,0,0
2452,0.6550035075801744,0.2396673134532864,0.26168313505777696,0.18457425358480697,1.205632815803881e-16,-2.42861286636753e-17,0,0
2453,0.6740143996188126,0.2458531490123246,0.2600150661893162,0.18626107895367103,-7.37257477290143e-17,3.8163916471489756e-17,0,0
2454,0.693030585059671,0.2520218941215072,0.25849042216901746,0.18804489228322144,-5.724587470723463e-17,2.0469737016526324e-16,0,0
2455,0.7120539676993249,0.2581655541043893,0.25710404797970143,0.18991842946406529,2.3158558404290375e-16,-1.3877787807814457e-17,0,0
2456,0.7310727399660903,0.2643181442847686,0.255846067803132,0.19190227630466905,-3.7296554733501353e-16,1.1102230246251565e-16,0,0
2457,0.7500854943301294,0.2705036468844224,0.2547092235711094,0.19400972238257322,2.411265631607762e-16,3.469446951953614e-17,0,0
2458,0.7690868654226417,0.2766752093479959,0.25369510920361216,0.19620979900387625,-4.128641872824801e-16,-1.457167719820518e-16,0,0
2459,0.7880994869729584,0.2828535368073147,0.2527968735114569,0.1985121543617863,1.8474805019152996e-16,1.1796119636642288e-16,0,0
2460,0.3848178164316965,0.1336087662754543,0.31204318249462343,0.15731333146256732,-4.0158848468863084e-16,-1.3530843112619095e-16,0,0
2461,0.2858573820235683,0.08341090419850967,0.3513447295955636,0.13444009180446215,3.7816971776294395e-16,1.0408340855860843e-16,0,0
2462,0.8071044691449069,0.2890150280911473,0.25201395916066477,0.20090249165650398,1.1449174941446927e-16,1.6306400674181987e-16,0,0
2463,0.1199999999999637,0.0,0.4584849621889295,0.0,-7.820133429703446e-15,-0.11869862060108027,0,3
2464,0.1399999999999219,0.0,0.44727201092828167,0.0,-1.1934897514720433e-15,-0.09337387121214452,0,3
2465,0.1703760238863638,0.02782322123801628,0.41637277671836515,0.08186693828459597,-4.32466562561018e-15,-8.203073637025327e-16,0,0
2466,0.8261310710843424,0.2951494101481765,0.25134324303108724,0.20337294236051753,8.673617379884035e-18,-8.673617379884035e-17,0,0
2467,0.8451546174812777,0.3012889174341802,0.250779511413168,0.20594326638905913,-1.196959198423997e-16,9.71445146547012e-17,0,0
2468,0.8641781924029855,0.3074544977693156,0.2503193604090085,0.20862515570507856,-4.145989107584569e-16,2.7755575615628914e-17,0,0
2469,0.8873452866296702,0.3332025089261583,0.24898601416299168,0.2224588212327143,-2.1163626406917047e-16,-9.540979117872439e-18,0,0
2470,0.9063603718351663,0.3393901860696103,0.24890974158652,0.2252845678976779,-1.726049858596923e-16,9.71445146547012e-17,0,0
2471,0.9255023854114921,0.3455989912111693,0.2489354262973364,0.22821645963768666,3.616898447411643e-16,-1.3877787807814457e-17,0,0
2472,0.9450918343901017,0.3518225688101583,0.2490636161012278,0.23125908337341158,-3.877106968808164e-16,-3.469446951953614e-18,0,0
2473,0.9637493303616017,0.3600457376956596,0.2492594276437836,0.23547688893014987,4.753142324176451e-16,-1.0408340855860843e-17,0,0
2474,0.9813628962129213,0.3697473022613184,0.24954017020163027,0.2406089630921679,-3.86843335142828e-16,4.163336342344337e-17,0,0
2475,1.0,0.3799999999990332,0.25,0.24605289547338963,0.04699785335958527,1.0408340855860843e-17,2,0
2476,0.4038236394486592,0.1397900258039325,0.3071157194667745,0.15750281818727158,2.255140518769849e-16,1.4224732503009818e-16,0,0
2477,0.4228312146073653,0.1459695586073176,0.3024762173523652,0.1578524626065638,-1.734723475976807e-16,-1.6653345369377348e-16,0,0
2478,0.4418384468126089,0.1521510948071731,0.29811204893373433,0.15835472830911812,5.2562121322097255e-16,1.0755285551056204e-16,0,0
2479,0.4608469136001381,0.1583350724628831,0.29401097555090744,0.15899980858224225,1.2576745200831851e-16,6.591949208711867e-17,0,0
2480,0.4798501561155086,0.1645181270161036,0.2901628243186749,0.15977896729803165,-3.660266534311063e-16,-1.7694179454963432e-16,0,0
2481,0.4988535409402212,0.1706966119195393,0.28655633400109376,0.16068173999470356,1.1796119636642288e-16,7.28583859910259e-17,0,0
2482,0.5178563113455363,0.1768721995716434,0.28317990158355344,0.1617035658237569,-2.896988204881268e-16,-9.367506770274758e-17,0,0
2483,0.5368632460230963,0.1830530604317834,0.2800202084061128,0.16284487362105013,6.184289191857317e-16,1.1796119636642288e-16,0,0
2484,0.5558729695242325,0.1892373951761449,0.27706754698302843,0.16409991997089055,-6.696032617270475e-16,-3.122502256758253e-17,0,0
2485,0.3046788816453545,0.0893809066823248,0.34436408519704276,0.1347632173507695,-8.500145032286355e-16,-1.214306433183765e-16,0,0
2486,0.3236519317211406,0.09552036767252098,0.3376536089899596,0.13541770972954376,-2.7755575615628914e-16,-2.393918396847994e-16,0,0
2487,0.3426564869372009,0.1017006721129329,0.3312964965607056,0.13619538572226914,5.082739784612045e-16,1.8735013540549517e-16,0,0
2488,0.3616634639325867,0.1078778238878278,0.3252989293229256,0.13704392166799453,2.3418766925686896e-16,6.245004513516506e-17,0,0
2489,0.380670765311388,0.1140587056951505,0.31963930835881604,0.13797483338828792,-2.185751579730777e-16,-1.0755285551056204e-16,0,0
2490,0.5748833160401268,0.1954223610518477,0.2743127661000317,0.16546292363417398,8.222589276130066e-16,1.5612511283791264e-16,0,0
2491,0.1599999999998912,0.0,0.4363381390132049,0.0,-2.0643209364124004e-16,-0.07985456444838393,0,3
2492,0.1699999999998724,0.01192962377076415,0.4254274489411617,0.0358685003346415,-3.1415842149939976e-15,-3.920475055707584e-16,0,0
2493,0.1872845196755813,0.03441305198328348,0.40587693009824244,0.09075658147296733,1.5785983631388945e-15,2.671474153004283e-16,0,0
2494,0.205148586049694,0.04149008796455542,0.39543536226507475,0.09827027816929196,3.634245682171411e-16,1.0755285551056204e-16,0,0
2495,0.2239713822180504,0.04586673207603938,0.38667645558332636,0.09856986332452752,-1.6106907474444654e-15,-3.400058012914542e-16,0,0
2496,0.2486337481407062,0.05154524979450791,0.37588844927937726,0.09870956297296359,2.0122792321330962e-15,4.40619762898109e-16,0,0
2497,0.2611272353195028,0.06339520662216178,0.366665070029766,0.11420427162724567,-6.349087922075114e-16,-2.636779683484747e-16,0,0
2498,0.2797299142125366,0.06571469110458539,0.36036706685054,0.11037934803852938,-7.012619651636243e-16,-1.1449174941446927e-16,0,0
2499,0.8831945697320079,0.3136406577965455,0.24996181303519596,0.211415256609723,2.8796409701215e-16,1.8648277366750676e-16,0,0
2500,0.5938940177885788,0.2016074134622496,0.2717465752792531,0.16693028293146506,-8.257283745649602e-16,-1.6653345369377348e-16,0,0
2501,0.6129006915148223,0.2077892950279115,0.2693608998944142,0.16849755322462578,6.245004513516506e-17,2.7755575615628914e-17,0,0
2502,0.6318996286162579,0.213961848437583,0.26714846579024637,0.17015862505449028,5.360295540768334e-16,1.457167719820518e-16,0,0
2503,0.6509090952124919,0.2201474904012361,0.26509612262792265,0.17192418676131369,-3.660266534311063e-16,3.8163916471489756e-17,0,0
2504,0.6699081258928803,0.2263257098450854,0.263201209138927,0.1737810442976654,-2.8102520310824275e-16,-1.249000902703301e-16,0,0
2505,0.688916311975079,0.2325053207789679,0.2614543592146769,0.17573160332248092,-1.3010426069826053e-16,3.469446951953614e-18,0,0
2506,0.707913968242546,0.2386510155096471,0.25985472015111394,0.17775379929058668,7.441963711940502e-16,1.0408340855860843e-16,0,0
2507,0.726924417611826,0.2447652300270302,0.25839418202735853,0.17984648789412572,-6.42715047849407e-16,-1.1102230246251565e-16,0,0
2508,0.7459359285772077,0.2509449978128349,0.2570557769196631,0.18207279731259474,2.8102520310824275e-16,4.5102810375396984e-17,0,0
2509,0.7649495130964636,0.2571307602600225,0.2558425829696263,0.18439337107250536,3.5214886562329184e-16,1.5959455978986625e-16,0,0
2510,0.7839634696482041,0.263316991308564,0.25475087029365345,0.18680427459937013,-5.290906601729262e-16,-1.1796119636642288e-16,0,0
2511,0.8029778005328648,0.2695033104562156,0.2537766983681502,0.18930504314060906,2.7582103268031233e-16,3.122502256758253e-17,0,0
2512,0.3996750096247194,0.1202397161465662,0.3143074687524196,0.1389802432606223,-5.551115123125783e-16,-2.0469737016526324e-16,0,0
2513,0.3004782870222493,0.06977813866222946,0.35312010154987983,0.10881957745719245,-1.0928757898653885e-16,1.734723475976807e-16,0,0
2514,0.8219752804926252,0.2756417807497413,0.25292078012573377,0.1918676623320586,2.1684043449710089e-16,-1.3877787807814457e-17,0,0
2515,0.1886559691211861,0.01622480444274578,0.41476190460054,0.043117819705028114,8.36136715420821e-16,1.4224732503009818e-16,0,0
2516,0.8410141054513527,0.2817434899824955,0.25217706639867116,0.19449602712625186,-3.608224830031759e-16,1.0755285551056204e-16,0,0
2517,0.8600304928494757,0.2878963639122926,0.25153759721428304,0.19724707479846385,-1.214306433183765e-17,-7.28583859910259e-17,0,0
2518,0.879043698019753,0.2940788774824255,0.2510021573805032,0.2001064355595132,5.724587470723463e-17,-2.0122792321330962e-16,0,0
2519,0.9022110986641222,0.3198275740310421,0.24970649159622715,0.21430180172255034,-2.0816681711721685e-17,-1.7954387976359953e-16,0,0
2520,0.9212176454528685,0.326017050355094,0.2495527675881091,0.21728646421367578,1.5959455978986625e-16,-1.3877787807814457e-17,0,0
2521,0.9402289458434872,0.3322066825958637,0.24950227396253355,0.220364788587571,-1.5785983631388945e-16,2.7755575615628914e-17,0,0
2522,0.9634492873081564,0.3387225035217837,0.24959193003365915,0.22366353008412637,1.9081958235744878e-16,-7.806255641895632e-17,0,0
2523,0.9813216956749403,0.3502297436942868,0.24970514914036687,0.22991417344687717,-2.0469737016526324e-16,-3.122502256758253e-17,0,0
2524,1.0,0.3599999999990915,0.25,0.23522291540461027,0.046966664481201875,0.0,2,0
2525,0.4186840455646266,0.1264196245223807,0.3092867594240894,0.14005566587120014,5.551115123125783e-16,1.4224732503009818e-16,0,0
2526,0.4376901127492254,0.132598278335258,0.30456343343668646,0.14120347500168706,5.056718932472393e-16,1.5265566588595902e-16,0,0
2527,0.456698922022824,0.1387810574979637,0.3001204947159146,0.14242686937836738,-5.689893001203927e-16,-1.700029006457271e-16,0,0
2528,0.4757072924291189,0.1449661298750758,0.29594501274253515,0.14372693052788657,1.700029006457271e-16,2.185751579730777e-16,0,0
2529,0.4947029038303518,0.1511475364420261,0.2920272374180566,0.14510315388390677,-5.48172618408671e-16,-2.6020852139652106e-16,0,0
2530,0.5137061806748053,0.1573200946175424,0.2883536926624699,0.14654609221766643,6.054184931159057e-16,1.6653345369377348e-16,0,0
2531,0.5327132752198664,0.1634977324108315,0.2849096422343542,0.14806814038862226,-1.9081958235744878e-17,-7.632783294297951e-17,0,0
2532,0.5517236117649406,0.1696818051170569,0.2816836689502391,0.1496703153236004,-6.140921104957897e-16,-4.85722573273506e-17,0,0
2533,0.570734111247218,0.1758661886507891,0.2786667668478503,0.1513483259611866,3.391384395534658e-16,1.0408340855860843e-17,0,0
2534,0.3194832406766296,0.07597518638002473,0.3459157256017091,0.11118576872616556,1.7191109646930158e-15,1.942890293094024e-16,0,0
2535,0.3384960865421111,0.08216220778673813,0.33913504965928215,0.11336459007447577,-1.9186041644303486e-15,-4.3368086899420177e-16,0,0
2536,0.3575117513025178,0.08832482887985288,0.33275324221049174,0.11539727999421451,8.049116928532385e-16,2.0469737016526324e-16,0,0
2537,0.3765188131979911,0.09450645113711205,0.326732398672219,0.11737232798997214,7.268491364342822e-16,2.393918396847994e-16,0,0
2538,0.3955235389256038,0.1006863652551026,0.321050908407107,0.11930979115396478,-8.422082475867398e-16,-2.671474153004283e-16,0,0
2539,0.5897451130170708,0.1820508959710899,0.2758486582788978,0.15310220007892478,3.469446951953614e-17,1.0408340855860843e-16,0,0
2540,0.1799999999998534,0.0,0.4254355389162484,0.0,-7.199102425303749e-16,-0.06991586191847322,0,3
2541,0.1999353821690695,0.026927027991097,0.4045882449726852,0.06678900843726958,-8.569533971325427e-16,-1.4051260155412137e-16,0,0
2542,0.2178706718764317,0.02963727298443117,0.3962093330035382,0.0669105665291557,-1.4710455076283324e-15,-1.0755285551056204e-16,0,0
2543,0.2389648288401485,0.032588310944828,0.386937069644673,0.0664941334864185,1.4363510381087963e-15,1.1449174941446927e-16,0,0
2544,0.2711409843188162,0.04974169084282315,0.3692752869187779,0.08756983060688221,-6.245004513516506e-16,-6.938893903907228e-17,0,0
2545,0.2937702304005888,0.04961991264968636,0.36216816985963546,0.08092337537409983,-1.2342557531574982e-15,-3.712308238590367e-16,0,0
2546,0.8980603989177793,0.3002652155836488,0.2505704706264444,0.20305856718558954,3.0531133177191805e-16,1.8127860323957634e-16,0,0
2547,0.6087556039769675,0.1882356828339105,0.2732197260206556,0.15493201521916694,1.717376241217039e-16,-1.0408340855860843e-16,0,0
2548,0.6277652842829886,0.1944190700927662,0.2707710180137559,0.15683694314553004,3.157196726277789e-16,-2.42861286636753e-17,0,0
2549,0.6467827861466995,0.2006109033732904,0.2684916664109942,0.1588227377783247,-6.817463260588852e-16,-2.185751579730777e-16,0,0
2550,0.6657961210778568,0.2067972937394031,0.2663767009976673,0.16088146315247548,7.389922007661198e-16,3.469446951953614e-17,0,0
2551,0.6848093198928683,0.2129836916852948,0.2644173252873716,0.16301681376205326,-4.701100619897147e-16,-1.734723475976807e-16,0,0
2552,0.7038052420650492,0.2191422416928195,0.2626108900457334,0.16521258576540074,5.646524914304507e-16,-6.938893903907228e-18,0,0
2553,0.722787156050438,0.225260963669328,0.26095132203562127,0.16746120515251636,-1.4224732503009818e-16,-2.0816681711721685e-17,0,0
2554,0.7417949991533714,0.2313986531040968,0.25942307050087693,0.16979838469354477,-3.625572064791527e-16,-1.457167719820518e-16,0,0
2555,0.7607996966130404,0.2375713392709661,0.25802087737392193,0.17223859545879525,9.974659986866641e-17,3.469446951953614e-17,0,0
2556,0.7798136765387755,0.243757168367868,0.25674232550302845,0.17476629921233416,2.411265631607762e-16,0.0,0,0
2557,0.7988280061658097,0.249943157515074,0.2555846320082544,0.17737459981842593,9.8879238130678e-17,-1.1796119636642288e-16,0,0
2558,0.8178337283920302,0.2561192852935729,0.2545448965403215,0.18005890131667662,8.413408858487514e-17,-6.938893903907228e-18,0,0
2559,0.4145270448305958,0.1068761725785798,0.3156985449575506,0.12122208821408159,2.445960101127298e-16,-3.122502256758253e-17,0,0
2560,0.3152905332676513,0.05653575748022173,0.3535735550507307,0.08541266638687925,2.0122792321330962e-15,2.5673907444456745e-16,0,0
2561,0.8368396993852424,0.262237095361198,0.2536224485629139,0.18278959686354387,-4.675079767757495e-16,6.591949208711867e-17,0,0
2562,0.1999999999998319,0.0,0.41514038136197906,0.0,2.985892783025079e-16,-0.06461293270119876,0,3
2563,0.2598047875918192,0.03421744470433703,0.37871516931011284,0.06408317871299019,-8.326672684688674e-16,-5.551115123125783e-17,0,0
2564,0.8558738795501624,0.2683573139521479,0.2528086171912582,0.18560382905573974,3.5475095083725705e-16,-7.632783294297951e-17,0,0
2565,0.8748932645760533,0.2745174542462845,0.2521000213873204,0.18852841365321676,3.4954678040932663e-16,-5.551115123125783e-17,0,0
2566,0.8939095817820342,0.2807032234282881,0.2514958497376063,0.19155383660037262,-6.557254739192331e-16,-3.122502256758253e-17,0,0
2567,0.9170678756959557,0.3064543196103108,0.25024030333079755,0.20610510719096733,-4.440892098500626e-16,-3.122502256758253e-17,0,0
2568,0.9360474491980537,0.3126498686449122,0.2500108270095405,0.20924941465437336,4.3368086899420177e-16,5.551115123125783e-17,0,0
2569,0.9550574007477276,0.3188386274842137,0.2498826412838083,0.2124957636015325,-2.1337098754514727e-16,-1.491862189340054e-16,0,0
2570,0.9846324620761788,0.332654408737882,0.24986913516686435,0.22003381931416247,-1.9081958235744878e-17,5.898059818321144e-17,0,0
2571,1.0,0.3399999999991498,0.25,0.22412146910983105,0.04701002202688112,-3.8163916471489756e-17,2,0
2572,0.4335391745729461,0.1130454231288026,0.31066389724520277,0.12309251112284343,-5.516420653606247e-16,-9.020562075079397e-17,0,0
2573,0.4525491301970888,0.1192260107420858,0.3059218806975819,0.12496667809408504,9.679756995950584e-16,2.3245294578089215e-16,0,0
2574,0.4715567071058032,0.125410378226623,0.30145907009726475,0.1268513198965032,-7.632783294297951e-16,-1.700029006457271e-16,0,0
2575,0.4905548768462661,0.1315946292436685,0.29726374774975717,0.12875835443445,6.453171330633722e-16,1.734723475976807e-16,0,0
2576,0.5095558352644971,0.1377668780920157,0.293324078386089,0.13067906265157328,-2.0903417885520525e-16,-7.632783294297951e-17,0,0
2577,0.5285625685390332,0.1439423507375112,0.289623674124068,0.13263113094460424,-3.0964814046186007e-16,1.0408340855860843e-16,0,0
2578,0.547574217061424,0.1501256490228902,0.28614990715203836,0.13462350341153695,1.986258379993444e-16,3.122502256758253e-17,0,0
2579,0.5665849818877842,0.1563101086130682,0.2828935498878126,0.1366567718300635,-2.411265631607762e-16,-1.97758476261356e-16,0,0
2580,0.585596037316417,0.1624944362541806,0.27984405008560365,0.13873328490098072,5.525094270986131e-16,1.1102230246251565e-16,0,0
2581,0.3343144878673205,0.06268301425337819,0.34638331838941,0.08911787076614554,-2.0088097851811426e-15,-1.214306433183765e-16,0,0
2582,0.3533586207478577,0.06876917742171923,0.3396494223364942,0.09240821885160984,5.360295540768334e-16,2.0816681711721685e-17,0,0
2583,0.3723679186232184,0.07495223690065464,0.3332979951890212,0.09555521267257569,4.579669976578771e-16,-4.85722573273506e-17,0,0
2584,0.3913541381959931,0.0811792694690393,0.32731092830167285,0.09856255355675139,3.400058012914542e-16,1.457167719820518e-16,0,0
2585,0.4103625251314371,0.08734558093161951,0.32166359354883095,0.10137219060281924,-3.365363543395006e-16,-6.938893903907228e-18,0,0
2586,0.6046074011407492,0.1686791673367383,0.27699108626227326,0.14085671052025522,-3.1051550219984847e-16,-1.6653345369377348e-16,0,0
2587,0.2098772875520288,0.01493475725809349,0.4056667198639091,0.035731288208450444,-2.5153490401663703e-15,-2.8102520310824275e-16,0,0
2588,0.2299712803241356,0.01616205068926153,0.39650738254316786,0.03510057751491007,1.9116652705264414e-15,2.220446049250313e-16,0,0
2589,0.2499772975019129,0.01731798110174396,0.3878545165865357,0.03439789775482214,-1.734723475976807e-18,-3.469446951953614e-17,0,0
2590,0.2800237121265952,0.03465683072528986,0.3713746225022335,0.06029364909576816,1.9186041644303486e-15,1.942890293094024e-16,0,0
2591,0.3120235670059271,0.03712217898949299,0.3599957606970302,0.057656474345677014,8.630249292984615e-16,1.0408340855860843e-17,0,0
2592,0.9129265319946923,0.2868897872071992,0.2509956028436799,0.19466558804004586,3.122502256758253e-16,-4.597017211338539e-17,0,0
2593,0.9720782164784172,0.3216117810107858,0.24990834919854316,0.2138575663637482,1.2663481374630692e-16,5.204170427930421e-17,0,0
2594,0.623619770078373,0.1748648982068008,0.274324751117964,0.1430305534026464,-3.209238430557093e-17,-6.938893903907228e-18,0,0
2595,0.6426332253648119,0.1810517926771011,0.271835897854171,0.14525744960321857,5.464378949326942e-16,2.498001805406602e-16,0,0
2596,0.6616469068233165,0.1872383484895134,0.2695162799031372,0.14753895128858358,-4.189357194483989e-16,-1.2836953722228372e-16,0,0
2597,0.6806601346685571,0.1934246018988355,0.26735777198702887,0.14987757582532885,-3.642919299551295e-16,1.1796119636642288e-16,0,0
2598,0.6996557698842654,0.1996050649625303,0.26535463297115897,0.1522734487265068,2.2898349882893854e-16,1.942890293094024e-16,0,0
2599,0.7186426680922529,0.2057350914197155,0.2635039597250011,0.1546977999806376,2.8275992658421956e-16,1.3877787807814457e-17,0,0
2600,0.7376461663930693,0.2118517809953465,0.26179262706352463,0.15717539826228247,-6.158268339717665e-16,7.28583859910259e-17,0,0
2601,0.7566494390854649,0.2180115469895468,0.2602097844348616,0.15974908154595957,2.498001805406602e-16,-5.551115123125783e-17,0,0
2602,0.7756637368129938,0.2241974117222165,0.2587520875807696,0.16240723876106175,2.688821387764051e-16,3.8163916471489756e-17,0,0
2603,0.7946772071318243,0.230383047547852,0.25741805099611115,0.16513488133562435,2.7755575615628914e-17,6.938893903907228e-18,0,0
2604,0.813686399432256,0.2365684992349857,0.25620323501062414,0.167934554381755,-2.8275992658421956e-16,-3.469446951953614e-18,0,0
2605,0.8326987042341978,0.2427110296850267,0.2551064880559373,0.17078056201491523,-3.9985376121265404e-16,9.71445146547012e-17,0,0
2606,0.4293779751642424,0.09352032548700719,0.3163498415838672,0.10407044455015244,-6.357761539454998e-16,-2.636779683484747e-16,0,0
2607,0.3299676938349474,0.04372087977772578,0.35278340205950565,0.0639524815198944,-1.663599813461758e-15,-7.632783294297951e-17,0,0
2608,0.8517294127462827,0.2488052399641594,0.25412319940803557,0.17367109578858436,5.93275428784068e-16,-1.0408340855860843e-17,0,0
2609,0.2199999999997871,0.0,0.405244487160972,0.0,-1.2004286453759505e-15,-0.06006353398676854,0,3
2610,0.2698153368628992,0.01716548324087618,0.37999015799865626,0.031514951421132774,5.238864897449957e-16,5.204170427930421e-18,0,0
2611,0.2958496951181008,0.03222536702767073,0.3665997980340746,0.05314753647212209,-1.596812959636651e-15,-2.1510571102112408e-16,0,0
2612,0.8707451568096585,0.2549636731033088,0.2532446253670365,0.1766809915842734,1.1015494072452725e-16,1.0061396160665481e-16,0,0
2613,0.8897585264890786,0.2611408713503697,0.25247162266425577,0.17978152750382342,-7.216449660063518e-16,-7.632783294297951e-17,0,0
2614,0.9087756145195356,0.2673271811284246,0.25180288654887356,0.1829675658154486,7.546047120499111e-16,-3.469446951953614e-18,0,0
2615,0.9319441299482181,0.2930764218399686,0.25059616065369983,0.19786769385414055,2.3592239273284576e-16,-6.331740687315346e-17,0,0
2616,0.950675839081138,0.2993240744645076,0.25029707814713237,0.20120998608467755,2.498001805406602e-16,1.1102230246251565e-16,0,0
2617,0.9687279978768496,0.3046524561706134,0.2501190160777556,0.20409684917480106,-4.562322741819003e-16,-6.938893903907228e-18,0,0
2618,1.0,0.3199999999992081,0.25,0.21278603198589544,0.0468359455127871,4.5102810375396984e-17,2,0
2619,0.9854087740181224,0.3115777746719661,0.2500195486208405,0.20795182308712706,-2.203098814490545e-16,-1.3877787807814457e-17,0,0
2620,0.4483973343659421,0.09967597718894362,0.311352924631373,0.10663806520222378,9.593020822151743e-16,1.491862189340054e-16,0,0
2621,0.4674100596023565,0.1058532910965081,0.3066400882150339,0.10916014041915935,-7.086345399365257e-16,-7.28583859910259e-17,0,0
2622,0.4864150984637475,0.1120371918889979,0.30220280209907324,0.11165301812847266,3.0444397003392965e-16,-1.3877787807814457e-17,0,0
2623,0.5054138143628666,0.1182199690501333,0.2980287006727591,0.11411370898214658,-6.140921104957897e-16,-1.734723475976807e-17,0,0
2624,0.5244134568170696,0.1243969510912033,0.29410360201239705,0.1165463478701236,2.5240226575462543e-16,7.28583859910259e-17,0,0
2625,0.543420396484679,0.1305693816964504,0.2904133628818485,0.11896327315127878,3.5475095083725705e-16,-1.3877787807814457e-17,0,0
2626,0.5624347553778137,0.1367542913211255,0.28694351547531477,0.12139005238833211,3.3566899260151217e-16,2.7755575615628914e-17,0,0
2627,0.5814463407018816,0.1429377013378573,0.2836867713784613,0.12382386717750532,-6.83481049534862e-16,-1.5265566588595902e-16,0,0
2628,0.600458308227658,0.1491216366548336,0.2806318585217022,0.12627252575734974,3.720981855970251e-16,2.706168622523819e-16,0,0
2629,0.3490175675916572,0.0497906631752633,0.34572836349131436,0.06880782780930152,1.0477729794899915e-15,7.28583859910259e-17,0,0
2630,0.3682188801617366,0.05539537361187027,0.33920833571053116,0.072461524076724,8.534839501805891e-16,4.85722573273506e-17,0,0
2631,0.3872113347180147,0.06158295012339123,0.3329780484100066,0.07660103102893279,-1.3183898417423734e-15,-1.1796119636642288e-16,0,0
2632,0.4061406985796939,0.06800203246635586,0.32708214114552253,0.08067119605775988,-3.2959746043559335e-17,-6.245004513516506e-17,0,0
2633,0.4251764804177173,0.07411714436149645,0.3215291454808372,0.08424058517895675,9.08995101411847e-16,2.6020852139652106e-16,0,0
2634,0.6194709504490555,0.1553070015289007,0.2777686858603288,0.12874293669090991,-8.673617379884035e-18,-6.938893903907228e-17,0,0
2635,0.2399999999997272,0.0,0.3958856799585553,0.0,1.3027773304585821e-15,-0.056900969348667355,0,3
2636,0.2599999999996782,0.0,0.38705849779086454,0.0,-1.19522447494802e-15,-0.05459410561355112,0,3
2637,0.2890862239577888,0.01680064291388626,0.3727078875070462,0.028856174983104096,1.8735013540549517e-16,7.28583859910259e-17,0,0
2638,0.3251478714970607,0.02403480515547689,0.3586286730497072,0.03644831347233572,-7.528699885739343e-16,-5.898059818321144e-17,0,0
2639,0.3070178929296441,0.01836383234775448,0.36583786935210905,0.029657449317636458,-3.621235256101585e-16,-6.938893903907228e-17,0,0
2640,0.9277929426053872,0.2735136147457873,0.2512372473570452,0.18623448512032983,-2.706168622523819e-16,-4.7704895589362195e-17,0,0
2641,0.6384842898854046,0.1614930545848986,0.275087802941889,0.13124002554022401,-2.3765711620882257e-16,-2.0816681711721685e-17,0,0
2642,0.6574979063487744,0.1676792516317039,0.2725803812402748,0.13376830484716742,-1.960237527853792e-16,-7.28583859910259e-17,0,0
2643,0.6765113947080288,0.1738653012904487,0.2702380931157482,0.13633211408130436,2.8622937353617317e-16,1.0408340855860843e-17,0,0
2644,0.6955242605703063,0.180051487874694,0.26805294795961304,0.13893613664299032,-3.4867941867133823e-16,-2.42861286636753e-16,0,0
2645,0.7144814389028553,0.1862277300292071,0.2660223637235385,0.14158195034130955,6.513886652292911e-16,1.3183898417423734e-16,0,0
2646,0.7334841171826046,0.1922655560747834,0.2641459110441493,0.14417567608014978,-6.696032617270475e-16,-9.367506770274758e-17,0,0
2647,0.7524989818589717,0.1984513506091098,0.2623884148443777,0.14692297163985685,7.7021722333370235e-16,-6.245004513516506e-17,0,0
2648,0.7715137328755902,0.204637288624001,0.26076154658151407,0.14972493431695133,-6.245004513516506e-16,-4.5102810375396984e-17,0,0
2649,0.790528480538506,0.210823189278463,0.25926008670494793,0.1525841829714487,5.39499001028787e-16,1.5265566588595902e-16,0,0
2650,0.8095350122125271,0.2170038267508355,0.2578800455526725,0.15550113732618087,-5.741934705483231e-16,-2.0816681711721685e-17,0,0
2651,0.8285478457570359,0.2231497410471502,0.256618190651458,0.15845916863498252,6.938893903907228e-17,-6.591949208711867e-17,0,0
2652,0.8475740120117674,0.229223954128732,0.2554722343212272,0.16143752692141908,3.8163916471489756e-16,7.28583859910259e-17,0,0
2653,0.4442489914933537,0.08011585505929102,0.31633436828174566,0.08743380997283585,-5.663872149064275e-16,-1.8041124150158794e-16,0,0
2654,0.3434273546638564,0.03223694093290948,0.3512538499026078,0.04589547641398326,6.184289191857317e-16,4.5102810375396984e-17,0,0
2655,0.8665934316682353,0.2353960788346216,0.2544288083411314,0.16454912151817114,-2.7755575615628914e-16,-1.5265566588595902e-16,0,0
2656,0.279999999999601,0.0,0.3787068220692645,0.0,4.666406150377611e-16,-0.05273915431279247,0,3
2657,0.8856071815197302,0.2415783127094972,0.25349134934694245,0.1677394290921398,1.9081958235744878e-16,1.2836953722228372e-16,0,0
2658,0.904624444063748,0.2477646408344547,0.25265839430303233,0.17100584007266045,-9.367506770274758e-17,-1.0061396160665481e-16,0,0
2659,0.9236419184706006,0.2539509586994865,0.25192858265366597,0.17434750875471874,2.1250362580715887e-16,1.3877787807814457e-16,0,0
2660,0.9465652778191123,0.2797522258482052,0.25077107244980434,0.18962660745234433,-1.5959455978986625e-16,1.231653667943533e-16,0,0
2661,0.9652441344645708,0.2857227038727766,0.25040644155926517,0.19294931636474147,-4.163336342344337e-16,5.551115123125783e-17,0,0
2662,0.9838879947632553,0.2919414930073901,0.25014065229190674,0.19645948239190134,3.5041414214731503e-16,0.0,0,0
2663,1.0,0.2999999999992664,0.25,0.20115959764562963,0.04673526358843587,-4.163336342344337e-17,2,0
2664,0.4632586751656652,0.08629495761996714,0.3114144393473656,0.09065483264008535,-1.3183898417423734e-16,1.2836953722228372e-16,0,0
2665,0.4822709862155206,0.09247933423195046,0.3067732418454687,0.09380062615417531,2.0990154059319366e-16,3.469446951953614e-18,0,0
2666,0.5012808538970102,0.09866509826465047,0.30240390056341226,0.0968475178029938,-3.972516759986888e-16,-1.3530843112619095e-16,0,0
2667,0.5202640328230369,0.1048500141703217,0.29829143903433186,0.09981422606890902,1.97758476261356e-16,-6.938893903907228e-17,0,0
2668,0.5392677455632053,0.1110199161115054,0.2944163341687006,0.10270209166637824,2.5326962749261384e-16,5.204170427930421e-17,0,0
2669,0.5582819057876658,0.117197423648054,0.29076476208223895,0.10555426253306578,3.5214886562329184e-16,2.7755575615628914e-17,0,0
2670,0.5772935308745368,0.1233790605349891,0.28732908422672054,0.1083789181732354,-4.822531263215524e-16,1.734723475976807e-17,0,0
2671,0.5963072031871129,0.1295635267895652,0.28409747909455746,0.11118471115857412,4.5102810375396984e-17,-1.249000902703301e-16,0,0
2672,0.6153211464426751,0.1357482178435495,0.28106068102911935,0.11398010890430998,2.0990154059319366e-16,2.42861286636753e-17,0,0
2673,0.3640674209689546,0.03583639873667466,0.3443765829578088,0.04810109506740956,1.8735013540549517e-16,-4.5102810375396984e-17,0,0
2674,0.3836441999749057,0.04343577276435166,0.33750548176125655,0.055186124866995,-8.31799906730879e-16,5.204170427930421e-17,0,0
2675,0.4023602749592446,0.04887376393579207,0.33168536772913143,0.05916129507055966,1.1518563880486e-15,1.4224732503009818e-16,0,0
2676,0.4206548085250001,0.05569305889176,0.3260708506956029,0.06457659138345406,-9.992007221626409e-16,-2.255140518769849e-16,0,0
2677,0.4397673553570126,0.06169380689848384,0.32065580376624947,0.06864617287090467,4.301165543521557e-16,9.71445146547012e-17,0,0
2678,0.6343346240309269,0.1419337892959167,0.2782093686714838,0.11677364166725789,-3.2439329000766293e-16,-4.163336342344337e-17,0,0
2679,0.2999999999995319,0.0,0.3707937113546936,0.0,-1.249000902703301e-16,-0.05095901119618635,0,3
2680,0.3362965523141713,0.01368519190173918,0.356147088706922,0.020125514705280092,-9.43689570931383e-16,-4.683753385137379e-17,0,0
2681,0.3199999999994552,0.0,0.36333133435391524,0.0,-3.0704605524789486e-16,-0.04956926711374402,0,3
2682,0.9426185181344549,0.2601461019774673,0.25130216219324797,0.1777678061421112,-7.042977312465837e-16,-7.112366251504909e-17,0,0
2683,0.653348603846196,0.1481196938266277,0.2755339998776226,0.11957228983080698,6.29704621779581e-16,2.5326962749261384e-16,0,0
2684,0.6723628423091579,0.1543059764254344,0.27302593285142995,0.12238320585523337,-5.984795992119984e-16,-5.204170427930421e-17,0,0
2685,0.6913619159832172,0.1604929381545372,0.2706784690507725,0.12521451569907605,2.949029909160572e-17,1.3877787807814457e-17,0,0
2686,0.7103439656771025,0.1666602050168269,0.26848615717628677,0.12805714131572352,-5.377642775528102e-17,7.979727989493313e-17,0,0
2687,0.729332032414159,0.1727681926189348,0.26644343964101513,0.13088765017462353,2.5500435096859064e-16,7.979727989493313e-17,0,0
2688,0.7483486128042267,0.17889094716389,0.26453412997037234,0.1337617653672254,-3.122502256758253e-17,-5.204170427930421e-17,0,0
2689,0.7673576118565388,0.1850995286061078,0.26274870030240155,0.13673653712789754,-2.740863092043355e-16,0.0,0,0
2690,0.7863784915637264,0.1912625947536796,0.261092837481678,0.13972314478464037,1.491862189340054e-16,-1.942890293094024e-16,0,0
2691,0.8053937303626172,0.1974486820397894,0.2595565747030991,0.14277434071424794,-2.203098814490545e-16,1.1796119636642288e-16,0,0
2692,0.8243963614604324,0.2035982976073293,0.25814012657283353,0.14585443823654412,3.400058012914542e-16,4.5102810375396984e-17,0,0
2693,0.8434311277158866,0.2096885567385386,0.2568375252311512,0.1489511931773506,-5.100087019371813e-16,-1.2836953722228372e-16,0,0
2694,0.862443067752189,0.2158347488502226,0.2556404136990011,0.15214606944553666,6.591949208711867e-16,8.673617379884035e-17,0,0
2695,0.4591359435484424,0.06676759315112718,0.31569398931418496,0.07135838429812778,-3.642919299551295e-16,-6.938893903907228e-18,0,0
2696,0.3508678444614715,0.01706161090746967,0.3510225942969779,0.024011281500772995,1.5937771935536915e-15,8.326672684688674e-17,0,0
2697,0.8814558373743188,0.2220159191697059,0.2545465433428912,0.15542735246403674,-5.273559366969494e-16,-2.7755575615628914e-17,0,0
2698,0.9004731761916264,0.2282020411315418,0.2535548360487966,0.15877879920758556,3.8163916471489756e-17,8.673617379884035e-17,0,0
2699,0.9194907423741091,0.2343882176957938,0.2526645434613374,0.16219834029972624,-2.463307335887066e-16,-3.469446951953614e-18,0,0
2700,0.9385085151563701,0.2405746108636694,0.2518734849019489,0.16568662416190696,1.8561541192951836e-16,4.5102810375396984e-17,0,0
2701,0.9616756505534518,0.2663237017313482,0.2507659605853109,0.18126431174397029,5.134781488891349e-16,7.32920668600201e-17,0,0
2702,0.9820592632862983,0.2711997347711479,0.25030928781886796,0.1840457405293026,7.28583859910259e-17,-1.5265566588595902e-16,0,0
2703,1.0,0.2799999999993247,0.25,0.1893021959186846,0.0466905852001343,3.469446951953614e-18,2,0
2704,0.478121552455287,0.07292023892793403,0.3109023355199777,0.07520390915322762,5.672545766444159e-16,-6.591949208711867e-17,0,0
2705,0.4971349596781229,0.07910574171361556,0.30637767474231364,0.07890444115430519,1.214306433183765e-17,2.0816681711721685e-17,0,0
2706,0.5161159668051263,0.08529013167336003,0.3021216943189813,0.082441101583752,-1.5439038936193583e-16,-6.245004513516506e-17,0,0
2707,0.5351106535580037,0.09146077948436039,0.29810139855863843,0.08584044147964637,-4.475586568020162e-16,-3.469446951953614e-18,0,0
2708,0.5541204560134625,0.09763280153411363,0.29430416081010075,0.08915567219504253,5.898059818321144e-16,8.326672684688674e-17,0,0
2709,0.5731333980914678,0.1038158501736881,0.290720281135119,0.09240887175325556,-4.978656376053436e-16,-5.898059818321144e-17,0,0
2710,0.592153909823357,0.1100032712388718,0.2873411350026033,0.09560237353247554,4.2500725161431774e-16,1.249000902703301e-16,0,0
2711,0.6111712053915883,0.1161890000980881,0.28415738774272076,0.09875112174707419,-1.9081958235744878e-17,-7.632783294297951e-17,0,0
2712,0.6301846833874916,0.1223738928321934,0.2811602136044376,0.10186700333498426,-2.255140518769849e-16,4.85722573273506e-17,0,0
2713,0.3801931869486064,0.02803515236520918,0.34077987314259267,0.03612288314079535,-7.875644580934704e-16,-7.806255641895632e-17,0,0
2714,0.3983116592101054,0.03136196091747142,0.33531628978595335,0.038657867026826935,7.778066385411009e-16,-5.898059818321144e-17,0,0
2715,0.4195671464440778,0.03599068580745388,0.3291950160890677,0.04213355062021599,-1.6653345369377348e-16,1.1796119636642288e-16,0,0
2716,0.4341286224349481,0.04725794719445391,0.32409139930049374,0.053480519974161325,1.5265566588595902e-16,-3.9898639947466563e-17,0,0
2717,0.4532485812370816,0.0469792419865392,0.3197332045852718,0.05121733460016219,-8.153200337090993e-16,-1.6306400674181987e-16,0,0
2718,0.3699999999992927,0.01701402779511971,0.3451570148605007,0.022651216552472632,-4.822531263215524e-16,1.231653667943533e-16,0,0
2719,0.649198755476107,0.1285599190386689,0.27834018851725023,0.10495910978387198,-4.440892098500626e-16,-1.8041124150158794e-16,0,0
2720,0.3399999999993845,0.0,0.35619716818935815,0.0,7.806255641895632e-17,-0.04819429814087205,0,3
2721,0.9575268042018074,0.2467614999763076,0.2511838527001083,0.1692347775189076,1.0408340855860843e-17,-1.1102230246251565e-16,0,0
2722,0.6682133721184316,0.1347460245091042,0.27568780753884764,0.10803733382099055,4.458239333260394e-16,1.1449174941446927e-16,0,0
2723,0.6872280292911487,0.1409323961177405,0.2731951491919928,0.11111145206721953,3.4867941867133823e-16,-1.734723475976807e-17,0,0
2724,0.7062205311559129,0.1471091467876051,0.2708577181410474,0.11418332800330531,-6.539907504432563e-16,-1.3183898417423734e-16,0,0
2725,0.7252031060740122,0.1532570165908911,0.2686686452857649,0.11724554945487178,5.603156827405087e-16,9.367506770274758e-17,0,0
2726,0.7441782252509335,0.1594257641169081,0.2666157110555691,0.12033991226801234,-3.642919299551295e-16,3.8163916471489756e-17,0,0
2727,0.7631908079108504,0.1656050129771092,0.2646906534485833,0.12346220532171825,1.2663481374630692e-16,-1.3877787807814457e-17,0,0
2728,0.7822241531301618,0.1717411642542609,0.26289349591391725,0.12658359195005553,1.3877787807814457e-16,1.214306433183765e-16,0,0
2729,0.8012435649668224,0.1778876438794363,0.26121705494806813,0.12974888623662925,-3.694961003830599e-16,1.0061396160665481e-16,0,0
2730,0.8202500429598718,0.184063603671501,0.25965526854854276,0.13297559326863775,-1.97758476261356e-16,-1.491862189340054e-16,0,0
2731,0.8392190892189186,0.1901981660902589,0.25820965166238724,0.13622118786877238,2.931682674400804e-16,1.3183898417423734e-16,0,0
2732,0.8582667914074298,0.1963286689832398,0.2568669924850931,0.13951039943806273,2.0469737016526324e-16,-1.734723475976807e-17,0,0
2733,0.8772998013125426,0.2024705202204398,0.2556282887963309,0.1428629065083357,-1.222980050563649e-16,1.3877787807814457e-16,0,0
2734,0.4740046910043272,0.05339730395163479,0.3144695713716369,0.055899343189867265,1.2542050731312315e-15,1.0408340855860843e-16,0,0
2735,0.3599999999993138,0.0,0.34950290442551446,0.0,-2.393918396847994e-16,-0.04800988581879792,0,3
2736,0.8963177072054005,0.20864919344558,0.2544896177547471,0.14629882327798596,5.204170427930421e-18,-1.1449174941446927e-16,0,0
2737,0.9153393970809209,0.2148252664776875,0.25344909750697286,0.1497962659601561,2.237793284010081e-16,-4.5102810375396984e-17,0,0
2738,0.9343572534678053,0.2210115389256963,0.25250725720584755,0.15336316378213377,3.139849491518021e-16,-1.6653345369377348e-16,0,0
2739,0.9524696099828753,0.2273901441289611,0.2516896234706885,0.1571340441944411,-5.516420653606247e-16,6.938893903907228e-18,0,0
2740,0.9788616232282242,0.2496449251174278,0.25056993271484984,0.1708495275586998,2.8796409701215e-16,3.8163916471489756e-17,0,0
2741,1.0,0.259999999999383,0.25,0.1771853064475531,0.04656455980474536,-4.5102810375396984e-17,2,0
2742,0.492986716916083,0.05954542588318648,0.30985995998719035,0.06028756063750641,-6.522560269672795e-16,-1.0408340855860843e-16,0,0
2743,0.5119554610150161,0.06576734003964202,0.30549765077216473,0.0645041224651882,-1.3270634591222574e-16,3.122502256758253e-17,0,0
2744,0.5309588064975319,0.07189705095346238,0.30138932511502625,0.06840071196111508,-6.852157730108388e-17,-2.7755575615628914e-17,0,0
2745,0.5499664332970811,0.07806879085234408,0.29749137980263063,0.07222043861233647,5.637851296924623e-16,3.469446951953614e-17,0,0
2746,0.5689825847695118,0.08425470253474501,0.293801385624983,0.07593323940610265,-2.723515857283587e-16,6.245004513516506e-17,0,0
2747,0.5879989033621058,0.09044091919265154,0.2903096599927969,0.0795427240245527,-4.891920202254596e-16,-1.1449174941446927e-16,0,0
2748,0.6070173935960386,0.09662728799144289,0.28701261886665724,0.0830695398291483,7.103692634125025e-16,1.2836953722228372e-16,0,0
2749,0.6260339395403365,0.1028130206676302,0.2838984855627992,0.08653256144218052,-6.74807432154978e-16,-2.0816681711721685e-17,0,0
2750,0.6450484294433163,0.1089994100493073,0.2809592162281349,0.08994170431328047,4.909267437014364e-16,7.979727989493313e-17,0,0
2751,0.3900008677424577,0.01597198969038357,0.3393469807577115,0.020172653363432737,2.671474153004283e-16,-1.5092094240998222e-16,0,0
2752,0.4099999999991963,0.01665531604418397,0.3337149762269239,0.020056264503254498,-8.817816268824608e-16,3.122502256758253e-17,0,0
2753,0.4404031088688192,0.03279314897862473,0.3243896240047758,0.036838276162847544,5.759281940243e-16,-7.28583859910259e-17,0,0
2754,0.4708070650155565,0.03492467641791795,0.31719154645493053,0.036994479348097055,9.367506770274758e-17,-1.734723475976807e-17,0,0
2755,0.3799999999992717,0.0,0.3432136939314346,0.0,7.979727989493313e-16,-0.047185955652292264,0,3
2756,0.6640634240030138,0.1151855612013234,0.27818746235129493,0.0933063921309719,-9.71445146547012e-17,-1.3530843112619095e-16,0,0
2757,0.9674629732918274,0.2341773779560724,0.25107041566916627,0.16126000209881286,3.226585665316861e-16,3.122502256758253e-17,0,0
2758,0.683078456918612,0.1213719424378595,0.2755735901933221,0.09664288960914524,-1.0408340855860843e-17,3.469446951953614e-17,0,0
2759,0.702093724891518,0.1275585857392342,0.2731103944833051,0.09996021871396273,-2.393918396847994e-16,1.3877787807814457e-16,0,0
2760,0.7210894758512307,0.1337274825637929,0.2707945902244541,0.10325546876703769,2.6020852139652106e-17,-2.255140518769849e-16,0,0
2761,0.7400962125239743,0.1399093828641589,0.26861342668085847,0.10655580172902275,8.066464163292153e-17,1.0755285551056204e-16,0,0
2762,0.7591038979247322,0.1460922524613492,0.26656244865179496,0.10986234215669737,4.440892098500626e-16,5.551115123125783e-17,0,0
2763,0.7780876513781118,0.152230158794579,0.2646415354643865,0.11315295557141201,-3.642919299551295e-16,-1.214306433183765e-16,0,0
2764,0.7970899489813277,0.1583757807925211,0.2628378564896034,0.11646931640857561,-2.92300905702092e-16,-4.163336342344337e-17,0,0
2765,0.816102052834578,0.1645275757702252,0.2611474369309574,0.11981685692896993,7.788908407135864e-16,5.898059818321144e-17,0,0
2766,0.8351191668353413,0.1706931839191732,0.25956578013658343,0.12320644520888303,-3.625572064791527e-16,-1.491862189340054e-16,0,0
2767,0.8540838166884299,0.1768153388035872,0.25809539799122266,0.12660750610771776,-1.0408340855860843e-16,1.734723475976807e-17,0,0
2768,0.8731213183963331,0.1829846272202413,0.2567207049535664,0.1300815763183152,-2.1163626406917047e-16,-1.734723475976807e-17,0,0
2769,0.8921501666529024,0.1891193219074715,0.25544710439281504,0.13358281619174503,2.0816681711721685e-16,4.85722573273506e-17,0,0
2770,0.488582096354773,0.04076344781675623,0.31285179058611434,0.04186481529698953,-1.942890293094024e-16,1.734723475976807e-16,0,0
2771,0.4299999999991477,0.01732050807563687,0.32842018945727874,0.019989220077972825,1.1206313654810174e-15,8.673617379884035e-18,0,0
2772,0.4553304909657073,0.03091638537627411,0.3210667369891542,0.033794946824840945,-5.940885804134322e-16,9.367506770274758e-17,0,0
2773,0.9111878646200926,0.1952620917666336,0.25426936558582347,0.13714431112346126,2.8449465006019636e-16,-4.85722573273506e-17,0,0
2774,0.9302058042380098,0.2014483020440499,0.2531850157534986,0.14079815145397828,-2.7755575615628914e-17,1.1796119636642288e-16,0,0
2775,0.9486499801088095,0.207893357413733,0.25221925362291525,0.14468430889649933,-3.365363543395006e-16,-6.245004513516506e-17,0,0
2776,0.9659411442531299,0.2156591492626143,0.25137280704796505,0.14948843559761912,-1.2836953722228372e-16,-6.938893903907228e-17,0,0
2777,0.9824169292224711,0.2278522306450008,0.25063316366921523,0.15715980471115387,1.717376241217039e-16,1.8735013540549517e-16,0,0
2778,1.0,0.2399999999994413,0.25,0.16477890217348146,0.046602859124823676,1.3877787807814457e-17,2,0
2779,0.5074327455663057,0.04735879913707391,0.30838895546258527,0.04710252184848069,-1.708702623837155e-16,4.85722573273506e-17,0,0
2780,0.5267273226515898,0.05258676046272916,0.3042230800940313,0.050680558851308816,-3.2916377956659915e-16,-1.0408340855860843e-16,0,0
2781,0.5458155787801331,0.05850741758178683,0.3002822339760142,0.054788708255903415,3.8510861166685117e-16,-5.898059818321144e-17,0,0
2782,0.5648317414190717,0.06469345700927581,0.29652643999391054,0.058991863430947894,-1.8474805019152996e-16,5.204170427930421e-17,0,0
2783,0.583847977848079,0.07087928352653858,0.292962284077796,0.0630255192511518,1.960237527853792e-16,7.979727989493313e-17,0,0
2784,0.6028647543569441,0.07706563413496995,0.2895780936029451,0.06696227072267025,2.949029909160572e-16,-6.591949208711867e-17,0,0
2785,0.6218816491019001,0.08325188261644584,0.28638245284510894,0.07079316474940706,-5.863365348801608e-16,-5.551115123125783e-17,0,0
2786,0.640897870965988,0.08943811396126594,0.2833541966828896,0.07453583566663063,4.631711680858075e-16,-5.551115123125783e-17,0,0
2787,0.6599132808166925,0.09562465210742324,0.2804867462790942,0.07820808601580907,1.3704315460216776e-16,0.0,0,0
2788,0.3999999999992156,0.0,0.3372986700238868,0.0,-6.071532165918825e-16,-0.046550883080528065,0,3
2789,0.4199999999991775,0.0,0.3317459282815519,0.0,2.1163626406917047e-16,-0.0462511314027705,0,3
2790,0.4491001900599111,0.01680096049972846,0.32369906611810667,0.01866075757717263,-1.3600232051658168e-15,8.673617379884035e-17,0,0
2791,0.4884315339930885,0.02001009575896563,0.31448451407791833,0.020644903340421614,3.4222841574504947e-16,-6.245004513516506e-17,0,0
2792,0.467396079817228,0.01659827791507921,0.3193669172081979,0.01782992122930423,8.502042386088204e-16,-4.5102810375396984e-17,0,0
2793,0.6789284622396219,0.1018108445649022,0.2777781239064693,0.08182300086046998,-1.5785983631388945e-16,3.469446951953614e-18,0,0
2794,0.6979438741044072,0.1079972716560484,0.275216123465638,0.08539453769557345,-5.065392549852277e-16,-2.7755575615628914e-17,0,0
2795,0.7169598744053804,0.1141841557738477,0.2727946652311331,0.08893564479480441,8.821068875342064e-16,1.5612511283791264e-16,0,0
2796,0.7359760303447886,0.1203713665766647,0.2705071879193192,0.09245037105055098,-8.72565908416334e-16,-2.185751579730777e-16,0,0
2797,0.7549921073347929,0.1265586611173979,0.26834741654543737,0.09595147182528037,4.49293380277993e-16,4.5102810375396984e-17,0,0
2798,0.7739853125898812,0.132722316996299,0.2663136454336959,0.09943572596600504,3.148523108897905e-16,5.204170427930421e-17,0,0
2799,0.7929575652326358,0.1388610646512543,0.26440023811479,0.10290905504582418,-3.9898639947466563e-16,-1.0755285551056204e-16,0,0
2800,0.8119384974261014,0.1450368799433356,0.26259572244644813,0.1064206653273285,2.2551405187698492e-17,1.3877787807814457e-17,0,0
2801,0.8309748898947557,0.1511369950040021,0.2608988463230648,0.10989627094159488,-1.1882855810441129e-16,1.5959455978986625e-16,0,0
2802,0.8499791512752025,0.1573099529608124,0.25930342793985506,0.1134511170177566,1.205632815803881e-16,-7.28583859910259e-17,0,0
2803,0.8689769973268688,0.1634686213921011,0.2578085111505422,0.11702905487145862,7.632783294297951e-17,-7.28583859910259e-17,0,0
2804,0.8879685843339127,0.169616924769851,0.2564108991036989,0.12063930897023971,-1.3444106938820255e-16,4.5102810375396984e-17,0,0
2805,0.9070152116138566,0.1757346253713075,0.2551043210357457,0.1242734456674177,4.90059381963448e-16,4.5102810375396984e-17,0,0
2806,0.5028263571988904,0.03181014553819875,0.31061175666029517,0.03199101698210194,-1.1102230246251565e-16,-9.194034422677078e-17,0,0
2807,0.4399999999991175,0.0,0.3265185571459819,0.0,-3.157196726277789e-16,-0.0459826071679068,0,3
2808,0.9260542347084488,0.1818850323243294,0.2538882223686175,0.12798113705898734,-4.111294638065033e-16,-1.2836953722228372e-16,0,0
2809,0.9450724458431417,0.1880712732606848,0.25275857162006654,0.13177566892934917,-1.0408340855860843e-17,1.5959455978986625e-16,0,0
2810,0.9642371559840514,0.1950483227549194,0.25171079477434055,0.13612458969548633,1.0408340855860843e-17,-1.0408340855860843e-16,0,0
2811,0.98261241697604,0.2086486212688597,0.25074469449312636,0.14485131870863288,1.0408340855860843e-16,-1.4224732503009818e-16,0,0
2812,1.0,0.2199999999994996,0.25,0.1520976435909364,0.0464561604310246,6.245004513516506e-17,2,0
2813,0.5198471399515251,0.03371316033958548,0.3070848598956857,0.03296868054634332,3.8489177123235407e-16,3.8163916471489756e-17,0,0
2814,0.5421971324406223,0.03636489860584022,0.30269674881577274,0.03442916923014921,-1.960237527853792e-16,3.469446951953614e-18,0,0
2815,0.5616840775508632,0.04572315890417389,0.2985803998755401,0.042091293046705815,-5.334274688628682e-16,-4.85722573273506e-17,0,0
2816,0.5800212572534136,0.05169901619527635,0.29513793002374294,0.04640654317416855,8.760353553682876e-17,1.0408340855860843e-17,0,0
2817,0.5987138473994889,0.05750353489556323,0.29181081219713456,0.050430869397727944,4.189357194483989e-16,4.163336342344337e-17,0,0
2818,0.6177304828319612,0.06368999343568829,0.2885545412246212,0.054682636381342374,8.153200337090993e-17,-1.734723475976807e-17,0,0
2819,0.6367470546383414,0.06987639577752212,0.28548153724391273,0.05876972926504551,-2.2724877535296173e-16,2.42861286636753e-17,0,0
2820,0.6557632466124126,0.07606296460632762,0.2825518483130525,0.0627540218657071,-1.5699247457590104e-16,2.0816681711721685e-17,0,0
2821,0.674778743926162,0.08224938458986111,0.2797687840380355,0.06667455921359712,-3.408731630294426e-16,9.71445146547012e-17,0,0
2822,0.4599999999990794,0.0,0.32157899682350005,0.0,4.475586568020162e-16,-0.04562173331765375,0,3
2823,0.5098382701287596,0.01720522463861249,0.3100639663546845,0.01709294771242657,-4.891920202254596e-16,8.673617379884035e-17,0,0
2824,0.4799999999990204,0.0,0.31689752942274824,0.0,-2.5326962749261384e-16,-0.04515339747835983,0,3
2825,0.6937936132845699,0.08843555052621145,0.2771376809406702,0.07051237760268962,7.979727989493313e-17,-8.326672684688674e-17,0,0
2826,0.7128097547326977,0.09462223424282888,0.27464085500374724,0.07430050277539568,2.914335439641036e-16,-6.591949208711867e-17,0,0
2827,0.7318260054737253,0.1008092263448257,0.2722704091982537,0.07803596589281449,2.255140518769849e-16,3.469446951953614e-17,0,0
2828,0.7508422932038243,0.1069964073462941,0.2700221417137164,0.08173755974888863,-1.5439038936193583e-16,-2.0816681711721685e-17,0,0
2829,0.7698544836244741,0.1131791591323658,0.26789387484940425,0.08542058854343954,1.3357370765021415e-16,-6.938893903907228e-18,0,0
2830,0.7888617634838007,0.1193562593015182,0.26588058288840727,0.08908959946364545,-2.0643209364124004e-16,1.3183898417423734e-16,0,0
2831,0.8078433201476394,0.125484997878785,0.26398087978912205,0.09272120265150045,-2.706168622523819e-16,-8.673617379884035e-17,0,0
2832,0.8268823127759851,0.1315761690206581,0.26218194195065464,0.09633000562178065,7.979727989493313e-17,-6.591949208711867e-17,0,0
2833,0.8458516038875548,0.1377561616903757,0.2604836098344906,0.100017567497589,6.201636426617085e-16,-5.898059818321144e-17,0,0
2834,0.8648580097430372,0.1439479667859131,0.2588779015467842,0.10373243792293789,-8.326672684688674e-17,-4.5102810375396984e-17,0,0
2835,0.8838646990637903,0.1501228190545935,0.257365460928044,0.10746408082755421,-5.30825383648903e-16,-9.020562075079397e-17,0,0
2836,0.9028313471362022,0.1562436802235751,0.255947313411388,0.11119518239391545,4.666406150377611e-16,9.367506770274758e-17,0,0
2837,0.9218811536820577,0.1623640079967893,0.2546109599155892,0.11496643430268126,3.469446951953614e-17,7.979727989493313e-17,0,0
2838,0.4999999999989813,0.0,0.3124980634799022,0.0,-3.2612801348363973e-16,-0.04517927689984502,0,3
2839,0.9409208316546706,0.1685077464109912,0.25336040912269797,0.11880022293621055,-4.518954654919582e-16,-3.469446951953614e-17,0,0
2840,0.9622637524647926,0.1750219198021042,0.2520550931862281,0.12291934546907485,3.95516952522712e-16,1.0061396160665481e-16,0,0
2841,0.9828678827944768,0.1895105712818297,0.25085425534303424,0.1323543834164842,-3.382710778154774e-16,6.938893903907228e-17,0,0
2842,1.0,0.1999999999995579,0.25,0.13918106808625255,0.04639645626920805,3.469446951953614e-18,2,0
2843,0.5306985820209149,0.01752343454939637,0.30589251728306516,0.016903454102564188,1.9662006398024623e-16,-4.163336342344337e-17,0,0
2844,0.5600379152505426,0.02955787351673308,0.2998799059308224,0.027319198516945878,4.822531263215524e-16,-3.8163916471489756e-17,0,0
2845,0.5772387554130798,0.03363723753233501,0.2967057484134237,0.0304209209024494,-1.3010426069826053e-16,-1.2836953722228372e-16,0,0
2846,0.594814435278619,0.03834830407501281,0.29362357194764926,0.033925485785671845,1.6653345369377348e-16,-7.979727989493313e-17,0,0
2847,0.613396719660861,0.04469017926191094,0.2904363009292095,0.03869407734136791,2.203098814490545e-16,3.122502256758253e-17,0,0
2848,0.632596415192055,0.05031433663436852,0.2873085812680242,0.042703974775631766,-7.789992609308349e-16,-4.163336342344337e-17,0,0
2849,0.6516131075152382,0.05650064365450412,0.2843587841580669,0.04698303312886126,7.546047120499111e-16,1.3877787807814457e-17,0,0
2850,0.6706293097964926,0.0626875253052126,0.2815378222010157,0.05121404744172237,-3.0704605524789486e-16,-4.5102810375396984e-17,0,0
2851,0.6907104422742978,0.06823916205794615,0.2787546568284676,0.05479118767456815,7.303185833862358e-16,2.42861286636753e-17,0,0
2852,0.5199999999989373,0.0,0.30836020780812157,0.0,5.412337245047638e-16,-0.044923005733849886,0,3
2853,0.7097779634279218,0.07469671671514264,0.2761904858631782,0.05905486806413934,-6.661338147750939e-16,-1.0408340855860843e-16,0,0
2854,0.728099265896376,0.08144975487749749,0.27380883108313203,0.06348392040492723,3.3566899260151217e-16,3.122502256758253e-17,0,0
2855,0.7466924474777956,0.08743392537321616,0.2715526215114693,0.06725386698743092,-6.201636426617085e-16,4.163336342344337e-17,0,0
2856,0.7657092124343061,0.09362124261489414,0.2693528468499441,0.07113665020878264,7.28583859910259e-16,1.734723475976807e-17,0,0
2857,0.7847262410505912,0.0998088785012739,0.26726401785920406,0.07499232660667673,-3.95516952522712e-16,-1.1102230246251565e-16,0,0
2858,0.8037314413371499,0.1059832854033477,0.26528101024504874,0.07881733919902072,-1.3964523981613297e-16,9.71445146547012e-17,0,0
2859,0.8226882061438742,0.1121041972487927,0.2634035960527545,0.08259465162415919,4.397524011601206e-16,-8.673617379884035e-17,0,0
2860,0.8417101929084027,0.1182255507400228,0.26161529169807685,0.08636973695573942,5.204170427930421e-18,5.551115123125783e-17,0,0
2861,0.8607092384093163,0.1243842658718775,0.25991781143427567,0.09017991306635953,-4.102621020685149e-16,1.6306400674181987e-16,0,0
2862,0.8797251222512532,0.1305718885348056,0.2583059358847742,0.09402700219733595,-5.898059818321144e-17,-3.8163916471489756e-17,0,0
2863,0.8987424314952641,0.1367593165532874,0.2567788774341842,0.09789875214042551,-2.8275992658421956e-16,-5.204170427930421e-17,0,0
2864,0.9176883813649901,0.1428668916987348,0.25534105190708295,0.10174856801801387,5.655198531684391e-16,7.28583859910259e-17,0,0
2865,0.9366561876484469,0.1489525091448971,0.25398172676621145,0.10562195341353532,-4.3194614551822497e-16,0.0,0,0
2866,0.5499999999988742,0.01732050807565667,0.30227362135284774,0.01626778075093395,1.700029006457271e-16,-3.469446951953614e-18,0,0
2867,0.9550138672770021,0.1546176381798894,0.2527434879716681,0.10926706915867537,-3.3393426912553537e-16,-7.28583859910259e-17,0,0
2868,0.9826794919243618,0.1699999999996454,0.2509710477569099,0.11939332101265301,-1.960237527853792e-16,-1.1449174941446927e-16,0,0
2869,1.0,0.1799999999996162,0.25,0.12602188167981834,0.046306951000255496,-1.734723475976807e-17,2,0
2870,0.539999999998883,0.0,0.30444775709810745,0.0,-3.885780586188048e-16,-0.04489044837672033,0,3
2871,0.5696083107451853,0.01646197967188543,0.29878173957728527,0.015039953401810574,-2.255140518769849e-16,7.28583859910259e-17,0,0
2872,0.5917973253320858,0.01798420817071024,0.2949620492647937,0.01602695308102191,-1.8735013540549517e-16,1.214306433183765e-17,0,0
2873,0.6109197758908227,0.02718872220437152,0.2915753650992965,0.023678643523028047,-4.649058915617843e-16,1.457167719820518e-16,0,0
2874,0.6263456745398622,0.03479225236133267,0.28898206495431417,0.029768804783455827,-8.673617379884035e-17,1.2836953722228372e-16,0,0
2875,0.64526681740008,0.03443289323078419,0.28626288359041524,0.028922112580045345,2.185751579730777e-16,-1.8041124150158794e-16,0,0
2876,0.6663413588806809,0.04354954838101983,0.28303231518354255,0.03584914781145987,-6.401129626354418e-16,1.214306433183765e-16,0,0
2877,0.6861887224535232,0.049002049091365,0.28026627862803666,0.03962194771564497,4.787836793695988e-16,-7.28583859910259e-17,0,0
2878,0.7090943007571173,0.05236374611988419,0.2773421631683782,0.0415735118386693,-2.8796409701215e-16,1.0928757898653885e-16,0,0
2879,0.7253545976514995,0.06268721164294605,0.275001921000167,0.049113833798030464,5.885049392251318e-16,-6.938893903907228e-18,0,0
2880,0.9705635516902044,0.1595372007842713,0.2517554664435618,0.11245359337630614,4.614364446098307e-16,1.3530843112619095e-16,0,0
2881,0.7427454124781728,0.06809695337678962,0.2728733691240516,0.052690703068152586,-6.808789643208968e-16,-5.898059818321144e-17,0,0
2882,0.7615592681552165,0.07405836529533626,0.27066342324213793,0.056608706723324645,4.735795089416683e-16,-6.938893903907228e-17,0,0
2883,0.7805763770695765,0.08024586135133305,0.2685218937317144,0.06065605596590156,-2.0643209364124004e-16,2.1163626406917047e-16,0,0
2884,0.7995936865185869,0.0864334710824608,0.26648054678967026,0.06465792205866365,-6.574601973952099e-16,-4.85722573273506e-17,0,0
2885,0.8186090218960231,0.09260190280131948,0.2645322749253171,0.06861784668048147,9.740472317609772e-16,2.7755575615628914e-17,0,0
2886,0.8375554981592881,0.09872829693730455,0.2626804297207055,0.0725343566189804,-8.734332701543224e-16,5.204170427930421e-17,0,0
2887,0.8565686882029526,0.104859509316012,0.2609070273852757,0.07644425297202777,2.5326962749261384e-16,-1.734723475976807e-17,0,0
2888,0.8755745235333279,0.1110086839796214,0.25921507900750074,0.08037430423712871,3.2612801348363973e-16,1.0061396160665481e-16,0,0
2889,0.8945918687905519,0.1171959076980418,0.2576008499647469,0.08434422008598354,-4.2674197509029455e-16,-9.71445146547012e-17,0,0
2890,0.9135963354199326,0.1233674163024492,0.256064521098741,0.08832502858308025,4.414871246360974e-16,-3.8163916471489756e-17,0,0
2891,0.9325866035209822,0.1295182322529667,0.25460417036104166,0.09232041989388462,-1.1796119636642288e-16,-1.734723475976807e-17,0,0
2892,0.9511064305380041,0.135223653721936,0.25325401592736424,0.0960532134524995,9.627715291671279e-17,-7.28583859910259e-17,0,0
2893,0.5599999999988632,0.0,0.3007401958298163,0.0,1.0061396160665481e-16,-0.0447250356364133,0,3
2894,0.9682011793789609,0.1414675017772366,0.25205798041933086,0.10019491517253501,-1.734723475976807e-18,-1.3530843112619095e-16,0,0
2895,0.983404853108528,0.1500034929100333,0.251037915245525,0.10591122169393806,3.5214886562329184e-16,5.551115123125783e-17,0,0
2896,1.0,0.1599999999996745,0.25,0.11264865633901366,0.04617163640573777,-5.551115123125783e-17,2,0
2897,0.5799999999989266,0.0,0.2972402082706725,0.0,2.636779683484747e-16,-0.044561963601155954,0,3
2898,0.6102311985481221,0.01140035578212973,0.2921291862601322,0.009929104772113251,1.5929640419243274e-16,-5.204170427930421e-17,0,0
2899,0.6295486445554923,0.0173351304752282,0.28902661492440473,0.014818018907698396,7.678590836085464e-16,-8.673617379884035e-17,0,0
2900,0.6623292833166191,0.02356120196577395,0.2842379177025465,0.01949096054434644,-5.30825383648903e-16,-6.245004513516506e-17,0,0
2901,0.6799500437934745,0.03014583155798757,0.2817004472979833,0.024573583836348584,8.98586760555986e-16,-6.938893903907228e-18,0,0
2902,0.6993723848181266,0.03352176736309173,0.279145456774805,0.02687012167382192,-8.45786114755942e-16,8.673617379884035e-17,0,0
2903,0.7239839934307056,0.04848809233826329,0.27574280196455697,0.038075462557991394,2.5326962749261384e-16,-1.8214596497756474e-17,0,0
2904,0.7398920559912382,0.05018257866393275,0.27388002918839893,0.03900272285964506,-2.688821387764051e-16,7.632783294297951e-17,0,0
2905,0.7574429770534432,0.0545327540601275,0.2718319297189408,0.04190790042613712,2.8102520310824275e-16,-4.85722573273506e-17,0,0
2906,0.7763220816835514,0.06074830431959127,0.2696649781498169,0.04616835909209092,-6.626643678231403e-16,-1.3877787807814457e-17,0,0
2907,0.7954436892268603,0.06687010840816113,0.2675663022178344,0.050293887727087476,4.3281350725621337e-16,-3.122502256758253e-17,0,0
2908,0.8144612494673366,0.07305785634254862,0.26557022293593135,0.05441960757203567,6.418476861114186e-16,-1.457167719820518e-16,0,0
2909,0.8336240497499032,0.07930430979346255,0.26364294903266855,0.05855750080470102,-8.517492267046123e-16,2.0816681711721685e-17,0,0
2910,0.8525106601398653,0.08535047166025628,0.26182403599678045,0.0625284756170942,5.620504062164855e-16,4.163336342344337e-17,0,0
2911,0.8714396310112528,0.09145819798480745,0.26007504093230194,0.06654098373919108,-2.1337098754514727e-16,-1.0755285551056204e-16,0,0
2912,0.8904411897380922,0.09763242053769963,0.25839085669751344,0.07060284399794702,2.7842311789427754e-16,2.7755575615628914e-17,0,0
2913,0.9094591197079795,0.1038195549231048,0.2567765473317083,0.07468241179430501,-2.6020852139652106e-17,-3.122502256758253e-17,0,0
2914,0.928477232820932,0.1100068755371507,0.25522956751180015,0.07878130743533436,8.673617379884035e-19,5.898059818321144e-17,0,0
2915,0.9473625441875035,0.1160465044616158,0.2537609211261502,0.08280467913388606,-3.5735303605122226e-16,4.5102810375396984e-17,0,0
2916,0.9655592438994987,0.1224411534926553,0.2523980409686963,0.0871061425620155,6.938893903907228e-17,4.85722573273506e-17,0,0
2917,0.5999999999989684,0.0,0.29393140212624697,0.0,-3.139849491518021e-16,-0.04464636689695911,0,3
2918,0.6474289490540813,0.01506584513435727,0.2864865994067628,0.012660572526435725,-4.481549679968833e-16,1.0061396160665481e-16,0,0
2919,0.7188917022263864,0.03383908938643115,0.2767816820745191,0.026727737579161852,5.48172618408671e-16,-5.551115123125783e-17,0,0
2920,0.9827917057915048,0.1300410766252385,0.2511623633211257,0.09225860650297459,2.7755575615628914e-17,0.0,0,0
2921,1.0,0.1399999999997328,0.25,0.09905796301968034,0.04606588353256999,6.591949208711867e-17,2,0
2922,0.6199999999990318,0.0,0.2907845540697217,0.0,-4.5102810375396984e-17,-0.044321296555218485,0,3
2923,0.6399999999990779,0.0,0.28778479613274,0.0,1.0408340855860843e-17,-0.044530559048875755,0,3
2924,0.6745832192200902,0.01408331137347301,0.2827414880580984,0.011540549892119653,-8.673617379884035e-17,-6.418476861114186e-17,0,0
2925,0.6599999999991369,0.0,0.2849323930364813,0.0,1.457167719820518e-16,-0.04430432401482293,0,3
2926,0.6906367689920426,0.01670952334360351,0.28060022754277536,0.01351519373654052,-3.4098158324669114e-16,1.3530843112619095e-16,0,0
2927,0.7099999999992513,0.01732050807573087,0.278172310580433,0.013795249623557852,7.095019016745141e-16,-1.8041124150158794e-16,0,0
2928,0.7359599526614595,0.0336690757374272,0.2748027079365583,0.026279418483126916,-3.157196726277789e-16,4.5102810375396984e-17,0,0
2929,0.7544913388476738,0.03572105132523509,0.2726822707861217,0.02756033523139464,4.0332320816460765e-16,-4.85722573273506e-17,0,0
2930,0.7722761234231326,0.04111933880344216,0.2706511824380942,0.03139685938760327,-4.0939474033052647e-16,4.163336342344337e-17,0,0
2931,0.7906340551730795,0.04766339799914754,0.2685924169379285,0.03602564830318499,3.5908775952719907e-16,-1.3877787807814457e-16,0,0
2932,0.8117995507621387,0.05144794613096713,0.2664044233441117,0.038478209136707464,-1.0234868508263162e-16,1.0581813203458523e-16,0,0
2933,0.8303465365032651,0.0601962801802355,0.2644294082628308,0.044632602281089055,-5.334274688628682e-16,1.734723475976807e-17,0,0
2934,0.8485240281749336,0.06588738491078036,0.26264679431973886,0.048474413131204375,7.546047120499111e-17,-3.8163916471489756e-17,0,0
2935,0.867352065540862,0.0718651310191707,0.2608649230905709,0.052508654854035525,5.811323644522304e-16,5.898059818321144e-17,0,0
2936,0.8863062117146547,0.07806808104828487,0.25913288520378314,0.05669234046210849,-4.0592529337857286e-16,-1.0755285551056204e-16,0,0
2937,0.9053083087555631,0.08425585795971868,0.25745924832315514,0.06086430115613997,-5.117434254131581e-17,1.0061396160665481e-16,0,0
2938,0.9243264443358898,0.09044303271640389,0.25584729948666846,0.06503932727182786,6.245004513516506e-17,-5.898059818321144e-17,0,0
2939,0.9433447186371737,0.09663026329222507,0.2542919721447268,0.06923270601664999,1.3964523981613297e-16,1.734723475976807e-17,0,0
2940,0.9622750223971037,0.1027196148528845,0.25280311753599344,0.07337389100588008,1.0581813203458523e-16,-8.673617379884035e-17,0,0
2941,0.9813356141881361,0.1106160712945235,0.25134786972958584,0.0788026889867652,-1.1622647289044608e-16,-3.469446951953614e-18,0,0
2942,0.7295294721816363,0.0166924450652471,0.2758461341065393,0.0131055982048356,-4.926614671774132e-16,1.3010426069826053e-16,0,0
2943,1.0,0.1199999999997832,0.25,0.08528921994614828,0.046008136132436456,6.938893903907228e-18,2,0
2944,0.6799999999991786,0.0,0.28219591249650744,0.0,-3.122502256758253e-17,-0.04422925841510617,0,3
2945,0.699999999999242,0.0,0.2795896438744925,0.0,3.157196726277789e-16,-0.04430836298052529,0,3
2946,0.7199999999992837,0.0,0.2771108479519224,0.0,-4.614364446098307e-16,-0.044308860053715454,0,3
2947,0.7489711532911179,0.01709119764545387,0.2736085264075682,0.013256708506833017,3.7816971776294395e-16,-2.949029909160572e-17,0,0
2948,0.77016004352558,0.02029849025960448,0.2712371861585194,0.015531638146727077,-5.100087019371813e-16,2.42861286636753e-17,0,0
2949,0.784961228638593,0.03190862887238542,0.2694827074327806,0.02420837076393774,6.349087922075114e-16,2.42861286636753e-17,0,0
2950,0.8017359210717157,0.03314140922400656,0.26774051928149967,0.0249340030093683,-4.8612914908818805e-16,4.85722573273506e-17,0,0
2951,0.8297138067412784,0.04502429587746919,0.2648015962462309,0.033427026656879515,2.740863092043355e-16,1.196959198423997e-16,0,0
2952,0.8447444446775884,0.0471403083144805,0.2633491163860054,0.03480159358497288,-2.914335439641036e-16,-1.491862189340054e-16,0,0
2953,0.863311285452095,0.05248385311405855,0.26157200498091887,0.03848754931357345,2.38524477946811e-16,2.42861286636753e-17,0,0
2954,0.8821387526012179,0.0585048916154753,0.25981800115652226,0.04264231858864919,-7.112366251504909e-17,1.5265566588595902e-16,0,0
2955,0.9011573226409413,0.06469198717283753,0.25810186136618957,0.046899354110512,-2.3418766925686896e-16,-8.673617379884035e-17,0,0
2956,0.9201756281134024,0.07087914942331267,0.2564355360783864,0.051154507976113456,3.937822290467352e-16,9.020562075079397e-17,0,0
2957,0.9379450408421751,0.07682181738874165,0.2549263659076728,0.055244210387834,-2.6194324487249787e-16,-6.071532165918825e-17,0,0
2958,0.957742806857226,0.08204490100262904,0.25330857410205737,0.058832618701211176,-3.0184188481996443e-16,1.3183898417423734e-16,0,0
2959,0.9772308237758938,0.08944071732881334,0.2517523591205087,0.06396381386217419,4.85722573273506e-17,3.469446951953614e-18,0,0
2960,1.0,0.09999999999981465,0.25,0.07135344217611629,0.04591318901162954,-1.0408340855860843e-17,2,0
2961,0.7399999999993466,0.0,0.2747445031587918,0.0,3.122502256758253e-16,-0.044270360983678966,0,3
2962,0.8207274322779028,0.03233434999599384,0.26587708677890753,0.02412690914867653,-2.255140518769849e-16,-1.5612511283791264e-17,0,0
2963,0.7599999999993889,0.0,0.2724743890558624,0.0,-1.97758476261356e-16,-0.044213742168273756,0,3
2964,0.7899999999994566,0.01732050807572635,0.2691609052039313,0.013101621435517623,-6.938893903907228e-18,-3.469446951953614e-17,0,0
2965,0.8103789509290995,0.01710172573519939,0.26708208586597326,0.012831271903083202,9.053088140253962e-17,-3.469446951953614e-18,0,0
2966,0.8397856070706077,0.03079778652207835,0.26406316791637136,0.022802545121242242,4.544975507059235e-16,-2.2551405187698492e-17,0,0
2967,0.8593530671698247,0.03371097009897196,0.26219221117674246,0.024796143375322807,-3.7296554733501353e-16,0.0,0,0
2968,0.8779876992878738,0.03894074562469477,0.2604394275235322,0.028471183892489493,2.7755575615628914e-17,-2.42861286636753e-17,0,0
2969,0.8968516982706817,0.04516069795387369,0.2587053974885321,0.03284602345327022,2.0816681711721685e-16,3.469446951953614e-17,0,0
2970,0.9150974228520281,0.05151187696837995,0.2570728184978649,0.03729128752374379,-4.0766001685454967e-16,-5.204170427930421e-17,0,0
2971,0.9342589587887802,0.05591989182649869,0.2554172327727222,0.040338612205764804,4.926614671774132e-16,1.1622647289044608e-16,0,0
2972,0.9478216883205793,0.06501366607138054,0.25422402883817896,0.04677603450562057,-3.8163916471489756e-16,-6.418476861114186e-17,0,0
2973,0.9698056775528905,0.07559105870975236,0.2523799133794214,0.05419188337880278,4.614364446098307e-16,-6.938893903907228e-17,0,0
2974,1.0,0.07999999999984518,0.25,0.057255766767504046,0.045894402969700716,-2.7755575615628914e-17,2,0
2975,0.7799999999994371,0.0,0.2703037920694557,0.0,3.191891195797325e-16,-0.04424591461176865,0,3
2976,0.8301166365818147,0.01648605182730553,0.26513557890274353,0.012264738463659898,2.3592239273284576e-16,3.469446951953614e-18,0,0
2977,0.962196300964983,0.06139708866600978,0.2530751870647434,0.04411982979337352,1.0408340855860843e-16,-6.938893903907228e-17,0,0
2978,0.9820527786134591,0.06948152784155728,0.2514381208672821,0.04982473075784808,-2.949029909160572e-17,6.245004513516506e-17,0,0
2979,0.7999999999994944,0.0,0.26821621055875033,0.0,-2.220446049250313e-16,-0.04422387644440277,0,3
2980,0.8199999999995363,0.0,0.2661938406563423,0.0,-1.491862189340054e-16,-0.04423414739020573,0,3
2981,0.8503208174176861,0.01678147963557228,0.2631970604486733,0.012385418581532495,-5.793976409762536e-16,6.418476861114186e-17,0,0
2982,0.8729422113962243,0.01806162005261533,0.2610799901462306,0.013240859820087231,7.060324547225605e-16,-3.9898639947466563e-17,0,0
2983,0.8932759040797049,0.02654257864420551,0.2591754956793937,0.019349514705931933,-2.498001805406602e-16,4.163336342344337e-17,0,0
2984,0.9118738155239507,0.03175097950835401,0.25749941427548945,0.023037529576344137,-8.153200337090993e-17,1.3877787807814457e-17,0,0
2985,0.9256141128731339,0.0390396221015727,0.2562659001156829,0.028240120074280638,1.734723475976807e-16,-7.112366251504909e-17,0,0
2986,0.9523527246390997,0.04979093538306635,0.2539422070294959,0.03585934169811319,1.7867651802561113e-16,4.5102810375396984e-17,0,0
2987,1.0,0.05999999999987837,0.25,0.04304496617060681,0.045851056140351384,1.0408340855860843e-17,2,0
2988,0.8399999999995998,0.0,0.26423640977202484,0.0,1.491862189340054e-16,-0.044217432510793644,0,3
2989,0.9411606973449947,0.03572680977182109,0.2549585757570663,0.025796463044869294,-4.753142324176451e-16,3.8163916471489756e-17,0,0
2990,0.9681712852660633,0.04620232806703879,0.25264058804526063,0.03323676085259747,-6.075868974608767e-16,-1.7694179454963432e-16,0,0
2991,0.9839069173671295,0.052125963229309,0.25132222595749204,0.03744219500349026,2.636779683484747e-16,7.632783294297951e-17,0,0
2992,0.8599999999996417,0.0,0.2623394688442657,0.0,-7.979727989493313e-17,-0.04421262818158004,0,3
2993,0.8899999999997255,0.01098540099876702,0.2595552518113129,0.008012205305296774,-7.4593109467002705e-16,-1.3010426069826053e-16,0,0
2994,0.9080144588161309,0.01468233509427121,0.25792841421013335,0.010675987220211743,5.778424884850947e-16,7.632783294297951e-17,0,0
2995,0.9281717344531157,0.01959818909592385,0.25614366923445203,0.014191982153635872,-1.2165764814824065e-16,-1.3877787807814457e-17,0,0
2996,0.9596387936023343,0.03332101132092567,0.25339836659514736,0.024007501091818,7.945033519973776e-16,8.326672684688674e-17,0,0
2997,1.0,0.03999999999992186,0.25,0.028753116327890654,0.04578085984303858,5.898059818321144e-17,2,0
2998,0.8799999999997054,0.0,0.26049428509521705,0.0,3.8163916471489756e-16,-0.04422323645279034,0,3
2999,0.9495663715771625,0.01762569102676112,0.25429978117356866,0.012721801939374871,-4.85722573273506e-17,-7.806255641895632e-17,0,0
3000,0.9810244426630432,0.0320470085864359,0.2515949098917761,0.02305785774363636,-4.44956571588051e-16,-1.1449174941446927e-16,0,0
3001,0.8999999999997471,0.0,0.2586819853734954,0.0,-2.983724378680108e-16,-0.04417487709388026,0,3
3002,0.9199999999997972,0.0,0.25689934051851454,0.0,1.5265566588595902e-16,-0.0441995223990046,0,3
3003,0.9399999999998527,0.0,0.2551489423318421,0.0,0.0,-0.044225214316193806,0,3
3004,0.9692264950103417,0.01687392476176435,0.25261822273364504,0.012159181922438554,4.961309141293668e-16,9.194034422677078e-17,0,0
3005,1.0,0.01999999999996237,0.25,0.014394958986229667,0.04575725368403777,-6.938893903907228e-18,2,0
3006,0.9599999999998945,0.0,0.25342192389016593,0.0,3.469446951953614e-18,-0.04421498334719165,0,3
3007,0.9853589838485715,0.01464101615140568,0.2512470990003592,0.010539088901727613,-5.364255419796748e-16,-2.7755575615628914e-17,0,0
3008,0.979999999999958,0.0,0.2517076979345953,0.0,2.0816681711721685e-17,-0.044206545792122576,0,3
3009,1.0,0.0,0.25,0.0,0.022857135787437876,-0.02209898438339835,2,3
