id,x,y,ux,uy,fintx,finty,bcx,bcy
0,0.04000000000016646,1.0,0.0010679344803913606,0.05,2.168404344971009e-18,0.005406021564814232,0,4
1,0.02000000000008328,1.0,0.0005340771005331272,0.05,-7.589415207398531e-18,0.005405636398273142,0,4
2,0.03232300272509022,0.9832996072706063,0.0008631816149545636,0.04923624136889419,-1.5178830414797062e-18,-1.734723475976807e-18,0,0
3,0.05000670305834538,0.987790537300419,0.0013350453154441426,0.04944143800141352,6.288372600415926e-18,1.9949319973733282e-17,0,0
4,0.01464101615145555,0.9853589838485708,0.00039100512708518335,0.049330603115584716,1.7780915628762273e-17,1.9949319973733282e-17,0,0
5,0.06000000000024963,1.0,0.0016014458953987941,0.05,-1.3444106938820255e-17,0.005407147770810764,0,4
6,0.04951553635497874,0.9722873302562729,0.0013223045578544344,0.04873221645589533,-2.3201926491189795e-17,-2.211772431870429e-17,0,0
7,0.0,1.0,0.0,0.05,-0.0023593528820336496,0.0027026498423953437,1,4
8,0.01675426480541296,0.9690192378865387,0.0004476003529623767,0.048583560921190365,6.5052130349130266e-18,-9.540979117872439e-18,0,0
9,0.06820838232751653,0.9809976188558553,0.00182058431657461,0.049130170244896416,-9.107298248878237e-18,-2.3418766925686896e-17,0,0
10,0.08000000000033292,1.0,0.0021344858068318012,0.05,1.441988889405721e-17,0.005408333007484013,0,4
11,0.1000000000004161,1.0,0.0026667266395328164,0.05,-7.37257477290143e-18,0.005409826938445843,0,4
12,0.09030668950749172,0.9826249551222674,0.002409143116649208,0.049203906466662235,1.599198204416119e-17,2.211772431870429e-17,0,0
13,0.03293076030482936,0.9630175393470397,0.0008797541917192088,0.04830881834126157,3.7947076036992655e-18,8.890457814381136e-18,0,0
14,0.0,0.9800000000000189,0.0,0.04908564265480632,-0.004718974480439845,-1.1709383462843448e-17,1,0
15,0.1100818312278703,0.983697750238486,0.0029349868487505964,0.04925233522857353,4.553649124439119e-18,-1.2793585635328952e-17,0,0
16,0.1200000000004994,1.0,0.0031981184191248076,0.05,-1.6479873021779667e-17,0.005411941428619402,0,4
17,0.04601908431555364,0.9517292130914922,0.0012296788866325789,0.04779222367743199,-1.8214596497756474e-17,1.214306433183765e-17,0,0
18,0.0642509559649633,0.9587408182644405,0.0017159548419430216,0.0481118110885445,1.691355389077387e-17,3.469446951953614e-18,0,0
19,0.01724790855729413,0.9514067164600164,0.00046098463055687327,0.047778533731667676,-2.0816681711721685e-17,3.5561831257524545e-17,0,0
20,0.0,0.9600000000000526,0.0,0.04817147582185729,-0.004719384283271356,-1.3010426069826053e-17,1,0
21,0.08329564921735125,0.9641369649257632,0.002223359229504937,0.04835747582863461,-1.8865117801247777e-17,-8.239936510889834e-18,0,0
22,0.1029690844391794,0.9678636157400184,0.0027467998511021942,0.048526718411172634,8.023096076392733e-18,1.3877787807814457e-17,0,0
23,0.130000000000541,0.9826794919242392,0.0034637493407199777,0.04920460980177622,-5.637851296924623e-18,-3.469446951953614e-17,0,0
24,0.1400000000005825,1.0,0.003728430048832618,0.05,6.938893903907228e-18,0.005414437653132854,0,4
25,0.03153226162719184,0.9440368083945191,0.000842960685049146,0.047441279666782236,1.7672495411513722e-17,6.071532165918825e-18,0,0
26,0.1200048973229609,0.9713673042889339,0.0031992291026553556,0.048686072572145196,9.75781955236954e-18,1.5178830414797062e-17,0,0
27,0.1495222732334486,0.9826679317689861,0.003980952271264121,0.049202982233625486,1.3010426069826053e-18,-3.0791341698588326e-17,0,0
28,0.1600000000006658,1.0,0.004257546816180199,0.05,1.8214596497756474e-17,0.005416749395001055,0,4
29,0.05994800125355652,0.9380098468577476,0.001602371181544788,0.04716392974916341,3.7513395167998453e-17,-2.6454533008646308e-17,0,0
30,0.04092996143668184,0.9318213742464758,0.0010946669823982502,0.04688263920413688,4.119968255444917e-18,-3.0357660829594124e-18,0,0
31,0.0789659417699818,0.9441979224080344,0.002109352661825398,0.047445089376461344,-2.3635607360183997e-17,-2.2551405187698492e-17,0,0
32,0.0,0.9400000000000998,0.0,0.04725761193896633,-0.0047200219109260495,3.0357660829594124e-18,1,0
33,0.02052328817155788,0.929730745330685,0.0005490272103516635,0.04678818437643208,-8.456776945386935e-18,-5.204170427930421e-17,0,0
34,0.09762535966477333,0.9499196179012076,0.0026060037511220595,0.04770495038091274,1.6263032587282567e-18,-1.9081958235744878e-17,0,0
35,0.1165000796946289,0.9554351019634533,0.003107482609949738,0.04795543550335485,7.15573433840433e-18,4.336808689942018e-18,0,0
36,0.13640794183503,0.9643982025783117,0.0036349489181799087,0.04836444254960669,-9.432558900623889e-18,1.214306433183765e-17,0,0
37,0.168469738189456,0.9830619683466068,0.004481706683266349,0.0492200307922966,1.3010426069826053e-18,3.5128150388530344e-17,0,0
38,0.180000000000749,1.0,0.0047854170787413565,0.05,-2.2985086056692694e-17,0.005419758601156159,0,4
39,0.1571658894098232,0.9666267785429369,0.004184270430292792,0.04846451520288904,-1.5178830414797062e-17,-4.553649124439119e-18,0,0
40,0.189767965830992,0.9805332096607943,0.005043201262242664,0.049101928519515926,2.5478751053409354e-17,-1.8214596497756474e-17,0,0
41,0.07481623589727063,0.924633736029046,0.0020004609574315953,0.04655055063357746,-2.667137344314341e-17,2.8189256484623115e-17,0,0
42,0.0557983572776371,0.9184455065417879,0.0014930275327567643,0.04627010148274919,1.919037845299343e-17,-1.734723475976807e-17,0,0
43,0.036780304968602,0.9122570346733238,0.0009848023315375933,0.045989323389070275,9.324138683375338e-18,-1.9081958235744878e-17,0,0
44,0.09383354963153673,0.9308212990147324,0.0025069751747723245,0.046830815112168224,-1.745565497701662e-17,1.3877787807814457e-17,0,0
45,0.0,0.9200000000001403,0.0,0.04634426033908537,-0.004720721852946457,1.734723475976807e-18,1,0
46,0.1128491821635707,0.9370071319403168,0.003012442796324701,0.04711101142331914,3.686287386450715e-18,1.214306433183765e-17,0,0
47,0.1318356546118255,0.9431692527342443,0.0035160290567225745,0.04739037196959348,-2.4936649967166602e-18,1.431146867680866e-17,0,0
48,0.1510423410020633,0.9489796391754212,0.004024377717201689,0.0476538399100409,1.214306433183765e-17,1.3444106938820255e-17,0,0
49,0.1758014253994474,0.9690412299273018,0.004676138320733656,0.04857344965081694,9.215718466126788e-18,-2.2551405187698492e-17,0,0
50,0.2000000000008322,1.0,0.0053117850195270495,0.05,1.1275702593849246e-17,0.005422997552493867,0,4
51,0.01722418943860115,0.9093685710658588,0.0004613731388069966,0.04585870068014329,6.071532165918825e-18,5.681219383824043e-17,0,0
52,0.1700409752926172,0.9544763768263718,0.004525897954175539,0.04790335069816985,-6.5052130349130266e-18,-9.107298248878237e-18,0,0
53,0.210000000000869,0.9826794919242412,0.005574772761494464,0.049199253433675975,-8.239936510889834e-18,-6.288372600415926e-18,0,0
54,0.1886956945753838,0.9617339356693173,0.005016642479645013,0.048234822132704344,-2.1250362580715887e-17,-6.071532165918825e-18,0,0
55,0.2200000000009155,1.0,0.0058364329520499076,0.05,-1.3010426069826053e-18,0.005426849826518651,0,4
56,0.07066660887616721,0.9050696464761617,0.001891893002231245,0.0456568625628184,-1.723881454251952e-17,1.5612511283791264e-17,0,0
57,0.0896843013820588,0.9112577025014645,0.0023989515128335884,0.04593627233280203,-2.6020852139652106e-18,1.3010426069826053e-17,0,0
58,0.05164874173645193,0.8988812494125498,0.00138385210914271,0.04537709878551565,-7.806255641895632e-18,2.905661822261152e-17,0,0
59,0.03326510128999004,0.8934580356323167,0.0008918970597793021,0.045131665089104926,1.8431436932253575e-17,-8.239936510889834e-18,0,0
60,0.1087018020081531,0.9174458797854141,0.0029049294940179126,0.04621553786240306,8.239936510889834e-18,-3.3393426912553537e-17,0,0
61,0.0,0.9000000000001855,0.0,0.045431637029408715,-0.004722011352671823,-6.5052130349130266e-18,1,0
62,0.1277050688637135,0.9236181669867355,0.0034093709562982404,0.046494131760831316,-8.673617379884035e-19,-3.8163916471489756e-17,0,0
63,0.1466547765801098,0.9297615402728652,0.003911143151240124,0.046771624441670746,4.7704895589362195e-18,-2.42861286636753e-17,0,0
64,0.1655879330213634,0.9359430239181747,0.0044111694216134485,0.04705119544036726,-3.577867169202165e-18,-5.204170427930421e-18,0,0
65,0.2038786408389507,0.9675983181804595,0.005415268486076076,0.04850316406728037,2.3418766925686896e-17,4.5102810375396984e-17,0,0
66,0.2299999518439538,0.9826794872487707,0.006098733872016809,0.049197752013265164,1.734723475976807e-18,3.903127820947816e-18,0,0
67,0.2400000000009987,1.0,0.006359457482536789,0.05,2.168404344971009e-18,0.00543007519238136,0,4
68,0.2600000000010819,1.0,0.006880695929415923,0.05,-1.1058862159352145e-17,0.005433497828405792,0,4
69,0.250072620498306,0.982969772737339,0.006622785214335924,0.04920958100243344,-8.61940727125976e-18,1.474514954580286e-17,0,0
70,0.01609109631136342,0.8880203633795436,0.00043169656075496283,0.044885011533889824,2.8189256484623115e-18,-4.8138576458356397e-17,0,0
71,0.1845155913517931,0.9421204893413857,0.004909641718948673,0.04733114949914575,-9.540979117872439e-18,2.959871930885427e-17,0,0
72,0.220000000000912,0.9653589838484884,0.005838660635121199,0.04839718644529382,-8.890457814381136e-18,4.0115480381963664e-17,0,0
73,0.2062627666005528,0.9496238362372309,0.005480559365204829,0.0476724918585292,-1.6046192152785466e-17,3.469446951953614e-18,0,0
74,0.2699999882812355,0.9835170956992749,0.007141190225798845,0.04923341955924714,4.7704895589362195e-18,9.324138683375338e-18,0,0
75,0.2800000000011651,1.0,0.007400137143303284,0.05,2.6020852139652106e-18,0.005437654393189003,0,4
76,0.06651710823806159,0.8855055896751026,0.001783589042762341,0.04476416465092544,1.2576745200831851e-17,-1.1275702593849246e-17,0,0
77,0.08553473939955383,0.8916939426290824,0.0022913238266044633,0.045042714344830266,-4.553649124439119e-18,-2.6454533008646308e-17,0,0
78,0.1045521535504289,0.8978821294919053,0.0027978978460405555,0.04532093373553899,-7.37257477290143e-18,4.336808689942018e-18,0,0
79,0.04865178536584112,0.8793838943284922,0.0013056702686495628,0.044487940978096205,-1.940721888749053e-17,1.1709383462843448e-17,0,0
80,0.03128327725141246,0.8746702541249278,0.0008400908528221804,0.04427527511219346,-1.2603850255143989e-17,-2.3418766925686896e-17,0,0
81,0.1235694939310048,0.904070272612781,0.003303226499360752,0.045599032865202054,2.1033522146218786e-17,3.903127820947816e-17,0,0
82,0.0,0.8800000000002458,0.0,0.044519902705477156,-0.004723255658223497,4.7704895589362195e-18,1,0
83,0.142540057100599,0.9102148337844247,0.0038059963995479757,0.04587520863070264,-1.5178830414797062e-18,9.974659986866641e-18,0,0
84,0.1614803299052495,0.9163800674195061,0.0043065689939003815,0.046152564798193685,-1.1167282376600696e-17,-5.204170427930421e-18,0,0
85,0.1803865239242571,0.9225499917376718,0.004804813882895153,0.04643055711428335,-2.200930410145574e-17,-3.903127820947816e-18,0,0
86,0.2404357872557006,0.9653613323564626,0.006373228594262488,0.04839396296650636,-8.239936510889834e-18,1.474514954580286e-17,0,0
87,0.2610196840336368,0.9667076194299988,0.006909570952059885,0.04845309199069609,-1.713039432527097e-17,-8.239936510889834e-18,0,0
88,0.2897631550125654,0.9827653828389045,0.00765353202233468,0.04919653559339213,6.071532165918825e-18,1.3877787807814457e-17,0,0
89,0.3000000000012484,1.0,0.007917549069099979,0.05,2.2653049141369008e-17,0.005442171652527786,0,4
90,0.3200000000013316,1.0,0.008433026460202917,0.05,-1.8648277366750676e-17,0.005445854735831235,0,4
91,0.3089459256693211,0.9823885790029122,0.008149108015250922,0.049177177224772245,-1.2305694657710475e-17,4.597017211338539e-17,0,0
92,0.01573934855452849,0.8684145736526215,0.0004229310036546306,0.043991744123245975,1.4094628242311558e-17,4.2934406030425976e-17,0,0
93,0.199237239763368,0.9285553134327034,0.005300132565269357,0.04670163542544132,1.474514954580286e-17,-4.228388472693467e-17,0,0
94,0.2293391931637615,0.9495375012645004,0.006085551302703015,0.04766316032892546,1.6046192152785466e-17,-2.42861286636753e-17,0,0
95,0.2795741046707085,0.9695391364654514,0.0073909984381299075,0.048581729206402954,1.5178830414797062e-17,8.673617379884035e-18,0,0
96,0.3280131730464912,0.9828604788259226,0.00863974562815872,0.0491975264783177,8.673617379884035e-18,6.5052130349130266e-18,0,0
97,0.3400000000014148,1.0,0.008946548448950372,0.05,-3.0357660829594124e-18,0.005450465773867888,0,4
98,0.08138530755708862,0.8721301567563944,0.002184034087887279,0.04415029008009088,-6.288372600415926e-18,7.806255641895632e-18,0,0
99,0.06236762302517274,0.8659415313361355,0.0016754631138389126,0.043872613419971805,3.469446951953614e-18,-6.071532165918825e-18,0,0
100,0.1004027684627881,0.8783185897033319,0.0026913552737202412,0.04442746538602326,3.3610267347050637e-18,1.8214596497756474e-17,0,0
101,0.1194196240378326,0.8845064774348179,0.003197328130585337,0.04470432678167467,7.37257477290143e-18,-2.862293735361732e-17,0,0
102,0.04492151572745764,0.8603870878784303,0.0012078900850644287,0.043622797860480365,-2.710505431213761e-18,-7.806255641895632e-18,0,0
103,0.02904532783885965,0.8590153457463284,0.000781162453606945,0.04356259929008986,1.6263032587282567e-17,4.597017211338539e-17,0,0
104,0.138407195847406,0.890664566857932,0.0037011172218438942,0.044979739012846444,-1.214306433183765e-17,3.469446951953614e-17,0,0
105,0.0,0.8600000000003248,0.0,0.04360915137712078,-0.0047249606904152365,-1.8214596497756474e-17,1,0
106,0.1573696675871127,0.8968018609627955,0.004202770311842225,0.04525429726974723,-1.8973538018496328e-17,2.905661822261152e-17,0,0
107,0.176281371207092,0.9030216681640821,0.004701532510904235,0.04553294844371881,5.637851296924623e-18,-1.734723475976807e-18,0,0
108,0.1952435370824973,0.9091637737936274,0.005200083385173359,0.04580848619550596,3.0899761915836876e-17,-9.540979117872439e-18,0,0
109,0.2194850992021664,0.9334052062369143,0.005830866957150797,0.04691932432934305,1.973247953923618e-17,-1.6046192152785466e-17,0,0
110,0.2526149448468153,0.9471505980203326,0.006693859787036128,0.04754666976668093,-1.452830911130576e-17,-3.903127820947816e-17,0,0
111,0.2754419673770652,0.9528365386138784,0.007286501071596172,0.04780491536325479,1.463672932855431e-17,-2.1250362580715887e-17,0,0
112,0.2955939234544423,0.9626675547762498,0.007806700167400597,0.04825843838687785,-8.673617379884035e-19,3.903127820947816e-18,0,0
113,0.31650425106359,0.9652259559951815,0.008345722139767585,0.048373930207381496,6.5052130349130266e-18,-2.992397996059992e-17,0,0
114,0.3494452153656302,0.9794004045056546,0.009189277853436342,0.04903299751368563,-2.5912431922403556e-17,-1.734723475976807e-18,0,0
115,0.360000000001498,1.0,0.009457900119538272,0.05,-1.951563910473908e-18,0.005453732945605475,0,4
116,0.01659904082368774,0.8497873005265726,0.0004469515572286175,0.04314399836960855,-3.122502256758253e-17,-1.474514954580286e-17,0,0
117,0.2141552004239931,0.9150720856588042,0.005695737472221276,0.04607378324563285,-1.5178830414797062e-17,-9.324138683375338e-18,0,0
118,0.2392094606053939,0.9357692533503154,0.006346571397375229,0.04702259272308421,1.1709383462843448e-17,1.0408340855860843e-17,0,0
119,0.3340390848726226,0.9674670671110059,0.008796040986631289,0.04847552226006864,1.1275702593849246e-17,-6.071532165918825e-18,0,0
120,0.3697629228876311,0.9833565506893913,0.009707451308351977,0.049216904812661416,1.9949319973733282e-17,3.0357660829594124e-17,0,0
121,0.3800000000015813,1.0,0.00996723957338638,0.05,7.37257477290143e-18,0.0054593235740331,0,4
122,0.09626200625221895,0.8587631057201879,0.002585450546737197,0.043535639124885714,9.75781955236954e-19,-2.0816681711721685e-17,0,0
123,0.07725037740988157,0.8525758205611338,0.0020773658132415625,0.04325958242613903,9.540979117872439e-18,-1.6046192152785466e-17,0,0
124,0.05824030746179439,0.8463877649188609,0.0015679665706600332,0.04298282405284721,-1.8431436932253575e-18,1.214306433183765e-17,0,0
125,0.1152707777707575,0.8649436381935046,0.003092021941088442,0.04381092393715586,3.0357660829594124e-18,2.168404344971009e-18,0,0
126,0.1342855909193939,0.8711294023881502,0.0035972375931591803,0.044086191468137324,-6.071532165918825e-18,-6.678685382510707e-17,0,0
127,0.03668345683721189,0.8418175125490893,0.0009885358338425354,0.042779214129076745,1.3335686721571705e-17,-3.903127820947816e-17,0,0
128,0.1532581019781437,0.8772767874756431,0.004099762383084776,0.044359667450705444,2.5912431922403556e-17,-2.0816681711721685e-17,0,0
129,0.0,0.8400000000004,0.0,0.042699636248869736,-0.004727298909063092,0.0,1,0
130,0.1722128685615043,0.8834525467875002,0.004600179400181348,0.04463460322459587,-3.3610267347050637e-18,-3.0791341698588326e-17,0,0
131,0.1911211252955096,0.8896679984941889,0.005097687884463153,0.04491173013310588,2.2768245622195593e-18,2.905661822261152e-17,0,0
132,0.2101158409323891,0.8957995238001368,0.005595795433261142,0.045185414851725905,-2.1358782797964437e-17,4.163336342344337e-17,0,0
133,0.2334416935254613,0.9205393333885131,0.006199697120333266,0.04631905755075554,1.734723475976807e-17,1.9081958235744878e-17,0,0
134,0.2522338260105055,0.9275099231314817,0.006688400506688728,0.04663503203754271,-1.7889335846010823e-17,2.7321894746634712e-17,0,0
135,0.2713347335777835,0.9339897000319867,0.007183833303252796,0.04692949843862129,1.3986208025063007e-17,-5.204170427930421e-18,0,0
136,0.2903511305383566,0.940178809474723,0.007675421025734488,0.047211274679452596,-1.1167282376600696e-17,-3.903127820947816e-18,0,0
137,0.3096861610795566,0.9464345930301078,0.00817356712197565,0.0474972479041343,2.667137344314341e-17,-1.3444106938820255e-17,0,0
138,0.3287217788528926,0.9515153737204619,0.008662282705733302,0.04772947324382542,-1.5504091066542713e-17,-3.469446951953614e-18,0,0
139,0.3475110060345089,0.9583331225078096,0.009142539329940816,0.048044406188174134,-2.677979366039196e-17,-1.0408340855860843e-17,0,0
140,0.3665070151591969,0.9653740304321197,0.009626728074468432,0.04837126267198135,6.938893903907228e-18,-2.0383000842727483e-17,0,0
141,0.3871123645654871,0.9771750949973823,0.010149175746905659,0.048923672901835594,7.37257477290143e-18,2.0383000842727483e-17,0,0
142,0.4000000000016645,1.0,0.010474760371247926,0.05,3.903127820947816e-18,0.00546280681925091,0,4
143,0.01814062329109194,0.8301341470788369,0.0004896195460153276,0.04225067307402337,1.5178830414797062e-18,-9.974659986866641e-18,0,0
144,0.2291540091418696,0.9020473798151776,0.006093260261162923,0.045465036765530174,-1.1709383462843448e-17,-1.3010426069826053e-17,0,0
145,0.4100471658915571,0.9821066940902494,0.010729531286729484,0.04915401151656268,8.239936510889834e-18,2.4936649967166602e-17,0,0
146,0.4200000000017478,1.0,0.010980125949718205,0.05,-8.673617379884035e-19,0.00546742108428469,0,4
147,0.1111309795386618,0.8453877819691732,0.0029874682976296744,0.04291925652989324,-8.239936510889834e-18,2.6020852139652106e-18,0,0
148,0.09213182677413621,0.8392226471375902,0.0024801712443821415,0.042645941360073575,-2.5804011705155006e-17,3.469446951953614e-17,0,0
149,0.07309022188356437,0.8329947749710682,0.0019701903928342796,0.04236913723804568,-3.0357660829594124e-18,-1.5612511283791264e-17,0,0
150,0.05363677219424907,0.8270771792048439,0.0014476092922512417,0.04210562049314528,7.15573433840433e-18,1.7780915628762273e-17,0,0
151,0.1301414900388666,0.8515713948058943,0.0034934316376192386,0.043192990049786495,4.098284211995207e-17,3.642919299551295e-17,0,0
152,0.1491409399485337,0.8577406211383747,0.003997411504318645,0.0434658717854965,-5.2258544713801314e-17,9.974659986866641e-18,0,0
153,0.03500236565042322,0.8206162238507377,0.0009457815147602666,0.04181636185602558,-1.713039432527097e-17,1.0842021724855044e-17,0,0
154,0.1680923537949981,0.8638678883974173,0.004498392891301372,0.043736864239855726,1.3444106938820255e-17,3.2959746043559335e-17,0,0
155,0.0,0.8200000000004641,0.0,0.041791526967198504,-0.0047291437186631055,1.0408340855860843e-17,1,0
156,0.1870170286112981,0.8700910963052987,0.004996852349267892,0.044012492766453346,1.951563910473908e-18,-2.992397996059992e-17,0,0
157,0.2059841626503857,0.876290916945227,0.005494638722745491,0.04428740754967913,1.2793585635328952e-17,-4.466912950640278e-17,0,0
158,0.2250016387285732,0.8824737642618367,0.005991930682267385,0.04456204458811211,1.9081958235744878e-17,-4.423544863740858e-17,0,0
159,0.2481704402260498,0.9082368828298631,0.006588408820918414,0.0457427395659197,4.7704895589362195e-18,5.637851296924623e-18,0,0
160,0.2671867139074335,0.9144261946520977,0.007081778903270069,0.046021560749873125,5.637851296924623e-18,-3.0357660829594124e-17,0,0
161,0.2862028397788394,0.9206153479518651,0.007573372089631734,0.04630126344507515,-1.0299920638612292e-17,3.0791341698588326e-17,0,0
162,0.3052187475465098,0.9268043445304925,0.008063236871136574,0.046582031288130224,-6.938893903907228e-18,-7.806255641895632e-18,0,0
163,0.3242344514008547,0.9329932171809934,0.008551350026905246,0.0468638731931143,-1.3010426069826053e-18,5.334274688628682e-17,0,0
164,0.3432500274232689,0.9391816233774757,0.009037601989214548,0.047147051256704965,1.0842021724855044e-18,1.9949319973733282e-17,0,0
165,0.3624917661513574,0.945256561619453,0.009527903635986965,0.04742621141261806,2.0925101928970236e-17,-2.862293735361732e-17,0,0
166,0.3821421275357682,0.9522672039329987,0.010026661789777801,0.047750615128823976,-1.431146867680866e-17,-1.8214596497756474e-17,0,0
167,0.4010870336415115,0.9585981673619047,0.010505999005958177,0.04804466587655566,-1.3769367590565906e-17,-1.431146867680866e-17,0,0
168,0.4300001212559456,0.9828067865897498,0.011232647442853143,0.049185238300871875,-2.0383000842727483e-17,3.122502256758253e-17,0,0
169,0.4400000000018309,1.0,0.011483491197628374,0.05,-3.469446951953614e-18,0.005471773915992862,0,4
170,0.01714560909227536,0.810173272637508,0.0004640063557436919,0.041345141765570435,-4.553649124439119e-18,1.1709383462843448e-17,0,0
171,0.244022439358565,0.8886735838831652,0.006487477507773609,0.04483816159466367,-3.469446951953614e-18,1.8865117801247777e-17,0,0
172,0.421505551642548,0.9645251417209334,0.011020795478171341,0.048320516222183196,-1.3010426069826053e-17,2.5804011705155006e-17,0,0
173,0.4500006920819306,0.9826791167116691,0.011735031767904441,0.049177282324915646,0.0,-2.0816681711721685e-17,0,0
174,0.4600000000019141,1.0,0.011984841906552727,0.05,3.1679032227310833e-19,0.005475846667306115,0,4
175,0.4800000000019974,1.0,0.012484284713686055,0.05,-3.903127820947816e-18,0.005479646194118984,0,4
176,0.4698893621118765,0.9826190909260553,0.012232656401733226,0.049172653900339966,2.9205696021328276e-17,-3.3393426912553537e-17,0,0
177,0.1260129065487458,0.8320290245581359,0.0033906611604505076,0.04230204391946971,1.6263032587282567e-18,-6.071532165918825e-18,0,0
178,0.106999078768117,0.8258337933237394,0.002883593123041014,0.04202926319560387,1.691355389077387e-17,-3.8163916471489756e-17,0,0
179,0.08795061723008335,0.8196136028073373,0.0023738397801619203,0.0417547738383559,-3.2526065174565133e-19,-6.5052130349130266e-18,0,0
180,0.0688401410306911,0.8133290201632521,0.0018607562248162345,0.04147650067802303,1.0625181290357943e-17,-6.5052130349130266e-18,0,0
181,0.04996414030180951,0.8073177787760557,0.0013522985594017047,0.04120949392561459,6.505213034913027e-19,2.5587171270657905e-17,0,0
182,0.1450138776356631,0.8381971901234126,0.0038955754434380164,0.0425732413868653,-2.211772431870429e-17,1.7780915628762273e-17,0,0
183,0.1640135240937568,0.8443732804177739,0.00439858498295719,0.042844676428739285,2.5587171270657905e-17,-2.2985086056692694e-17,0,0
184,0.03298812256851958,0.8006970117859586,0.0008939222740003873,0.04091356757676003,7.37257477290143e-18,-1.734723475976807e-17,0,0
185,0.18295480248176,0.850515159629451,0.004898163889380671,0.043114667632731835,-3.3068166260807885e-17,-6.938893903907228e-18,0,0
186,0.0,0.8000000000005446,0.0,0.04088503299776053,-0.004731821961977954,1.0408340855860843e-17,1,0
187,0.2019130634774329,0.8567118303866204,0.005396253218863496,0.04338745050486654,-5.312590645178972e-18,7.41594285980085e-17,0,0
188,0.2208738894723162,0.862920613307268,0.005892478809464931,0.043661254951455675,1.8865117801247777e-17,9.540979117872439e-18,0,0
189,0.2398737294382154,0.8691088100257465,0.00638781652158923,0.043934721726796126,-1.3660947373317356e-17,-6.938893903907228e-18,0,0
190,0.263038567744266,0.8948630493096378,0.006981068457416486,0.04511474404228622,-7.806255641895632e-18,1.973247953923618e-17,0,0
191,0.2820546898014366,0.9010522939420277,0.007472776498519739,0.045392280792986586,-3.469446951953614e-18,2.2551405187698492e-17,0,0
192,0.3010704958516282,0.9072412738075176,0.007962662134602524,0.04567083967447805,2.992397996059992e-17,-1.474514954580286e-17,0,0
193,0.3200862389721952,0.9134300924332327,0.00845075321564549,0.04595048934500496,-1.3335686721571705e-17,-3.3393426912553537e-17,0,0
194,0.3391019621673921,0.9196186163331391,0.008937078546393275,0.04623137062387937,-4.336808689942018e-19,-1.474514954580286e-17,0,0
195,0.3581261426198155,0.9258174273280392,0.009421806362121851,0.046514121484437065,6.179952383167375e-18,3.8163916471489756e-17,0,0
196,0.3771739912960863,0.9320429436632636,0.00990534731123748,0.046799476852594994,-3.0466081046842675e-17,2.211772431870429e-17,0,0
197,0.3963716708906149,0.9384355105118752,0.010390975997491825,0.04709395473972288,-1.8214596497756474e-17,3.8163916471489756e-17,0,0
198,0.4158899559118784,0.9453826646854219,0.010882806472087439,0.047416121727345446,1.441988889405721e-17,1.0842021724855044e-17,0,0
199,0.439898283170633,0.9659103568809173,0.011483348588606019,0.048382649414578746,3.664603343001005e-17,2.992397996059992e-17,0,0
200,0.4900000842926137,0.9826795038325518,0.012733879261506008,0.04917375475683128,-1.7564075194265172e-17,-9.540979117872439e-18,0,0
201,0.500000000002059,1.0,0.012981827151419963,0.05,-7.37257477290143e-18,0.0054836801956589095,0,4
202,0.01674254304361746,0.7895922531085066,0.0004545855465987872,0.04041322166381851,5.204170427930421e-18,3.0357660829594124e-17,0,0
203,0.2588902810045144,0.8752998716982424,0.006881671344837625,0.044209136687579205,0.0,-2.6454533008646308e-17,0,0
204,0.4314106600639073,0.9515528420506056,0.011272498296394458,0.04770367748016153,-3.469446951953614e-18,-5.204170427930421e-17,0,0
205,0.4591163306859123,0.9648547474194324,0.011965319207787158,0.04832898110717726,-7.37257477290143e-18,5.2692225582795515e-17,0,0
206,0.4793347838546417,0.9649968673841194,0.012470186630254404,0.04833208184458547,-5.9631119486702744e-18,5.377642775528102e-17,0,0
207,0.5099998974596268,0.9826795011067215,0.013230434416683125,0.04917190539940881,6.5052130349130266e-18,-1.691355389077387e-17,0,0
208,0.5200000000019419,1.0,0.01347741766361914,0.05,2.3418766925686896e-17,0.0054874856382351195,0,4
209,0.5400000000018033,1.0,0.013971228186335418,0.05,-4.553649124439119e-18,0.005490937008443388,0,4
210,0.5299996152044405,0.9826792697630758,0.013725087842671149,0.04917024023395006,-2.2659825404947043e-17,3.382710778154774e-17,0,0
211,0.1408736483260662,0.8186480063016744,0.0037941380075186353,0.04168201903021763,-4.87890977618477e-18,3.469446951953614e-18,0,0
212,0.1218657755166591,0.812464562299585,0.003287995712161929,0.04141182432651504,8.673617379884035e-18,4.7704895589362195e-18,0,0
213,0.1028304069839838,0.8062679242828028,0.0027791616759391103,0.04114052679523509,-1.5395670849294163e-17,2.211772431870429e-17,0,0
214,0.08372663781916873,0.7999932292157782,0.002266618633039946,0.0408649343903066,-5.095750210681871e-18,1.1275702593849246e-17,0,0
215,0.0640771241942125,0.7931032876490105,0.0017376630689849887,0.04056055855199587,1.4094628242311558e-18,-3.5128150388530344e-17,0,0
216,0.04659881747735481,0.7887118911475169,0.001264930352504923,0.040367422998720086,8.673617379884035e-18,1.0408340855860843e-17,0,0
217,0.1598750459471261,0.8248174941528541,0.004298110254938583,0.04195131273087548,-1.5287250632045613e-17,-6.938893903907228e-18,0,0
218,0.1788724066200317,0.8309905897483062,0.004799941205796916,0.04222074017458,7.697835424647081e-18,4.640385298237959e-17,0,0
219,0.03322696621957338,0.7780372852290323,0.0009038415948545064,0.039888369658613025,0.0,-3.5128150388530344e-17,0,0
220,0.1978195858656955,0.8371544025730275,0.005298401723104311,0.04248996137142541,-6.938893903907228e-18,-4.9873299934333204e-17,0,0
221,0.0,0.7800000000006034,0.0,0.03998044239683375,-0.004735090707356495,-2.5153490401663703e-17,1,0
222,0.2167952072862091,0.8433402931775711,0.005795557251912506,0.042760559722063524,3.664603343001005e-17,-2.0816681711721685e-17,0,0
223,0.235748619748529,0.849543486754686,0.0062900855203787765,0.04303254576395422,-2.7863995832877464e-17,2.5587171270657905e-17,0,0
224,0.2547467420502566,0.8557366880770754,0.0067837716129470265,0.043304791281422124,-6.7220534694101275e-18,4.7704895589362195e-17,0,0
225,0.2779066724812988,0.8814895241876216,0.0073735874005021,0.04448442387013483,-3.469446951953614e-18,-4.0657581468206416e-17,0,0
226,0.2969223805557124,0.8876785710449975,0.007863571513583033,0.04476072117489629,1.7889335846010823e-17,1.3444106938820255e-17,0,0
227,0.3159379709422736,0.8938674453952731,0.008351685747735147,0.04503811679574692,1.8214596497756474e-17,3.469446951953614e-18,0,0
228,0.3349536736571804,0.9000561783220136,0.00883797756669971,0.045316723779099184,-2.2551405187698492e-17,1.6046192152785466e-17,0,0
229,0.3539692928897979,0.9062443250339622,0.009322461923788172,0.04559662995674958,7.697835424647081e-18,-1.0408340855860843e-17,0,0
230,0.3729967576007752,0.9124474890521754,0.009805433168878542,0.0458786176581199,-9.75781955236954e-18,-2.0383000842727483e-17,0,0
231,0.3920292030225192,0.9186563333455023,0.010286767677732163,0.046162242974945734,1.485356976305141e-17,-4.380176776841438e-17,0,0
232,0.4112023650488376,0.9250200085106371,0.01076994382498891,0.04645448609143011,1.7780915628762273e-17,-4.683753385137379e-17,0,0
233,0.4325949724565162,0.9332320331316044,0.011306783382294152,0.04683486261998768,1.0625181290357943e-17,4.119968255444917e-18,0,0
234,0.4471645371379604,0.9487140138341514,0.011668888642094066,0.047564848046890276,7.589415207398531e-18,-2.2985086056692694e-17,0,0
235,0.4991812114214133,0.9659115640647684,0.012963678959807755,0.048372163491705374,2.168404344971009e-18,2.168404344971009e-18,0,0
236,0.5499999543808936,0.9838222177218123,0.014217887039987456,0.04922345669213011,1.235990476633475e-17,9.324138683375338e-18,0,0
237,0.5600000000016645,1.0,0.014463312238704349,0.05,1.1275702593849246e-17,0.005495103994769889,0,4
238,0.01692169892525578,0.7694081367829876,0.00046121802207146185,0.039501297591440165,-7.589415207398531e-18,-1.5178830414797062e-17,0,0
239,0.2737592098766171,0.8619272379055596,0.007275820452626109,0.043577796603860824,1.734723475976807e-18,5.941427905220564e-17,0,0
240,0.4677074816481769,0.9443020814837164,0.012183829918381354,0.04734917561783544,1.496198998029996e-17,-2.688821387764051e-17,0,0
241,0.4898432746083984,0.9485589910907996,0.012734568185497858,0.04754581335773809,-7.806255641895632e-18,-1.734723475976807e-17,0,0
242,0.5209392367668502,0.9629701991650728,0.013503183011777244,0.04822762103971028,7.26415455565288e-18,-2.168404344971009e-17,0,0
243,0.5420645672740436,0.9671713062850542,0.014024055164533004,0.048425295689694774,-2.667137344314341e-17,-4.7704895589362195e-18,0,0
244,0.5700000703458463,0.9826795325377053,0.014709167805610393,0.049166921629585546,-4.336808689942018e-19,3.5128150388530344e-17,0,0
245,0.5800000000015259,1.0,0.014953659126930407,0.05,-1.4602848010664138e-17,0.005498591484617347,0,4
246,0.6000000000013872,1.0,0.015442512138474451,0.05,-6.505213034913027e-19,0.005501444273276195,0,4
247,0.5890510582990295,0.9825211575217156,0.015175607648486439,0.04915793190379402,2.8189256484623115e-18,-1.3444106938820255e-17,0,0
248,0.1557450329986728,0.8052712394879253,0.004198728815038149,0.04106014621052204,1.702197410802242e-17,1.691355389077387e-17,0,0
249,0.1367270909379457,0.7991023875835775,0.003693246615916768,0.04079280840736856,-3.209238430557093e-17,3.903127820947816e-18,0,0
250,0.1177057250087933,0.7929089857673084,0.0031855240563972366,0.04052393441453588,8.456776945386935e-18,-8.673617379884035e-19,0,0
251,0.09861112019211707,0.7866369344249151,0.0026737368314251908,0.04025083471274987,-5.5294310796760726e-18,-1.431146867680866e-17,0,0
252,0.07906965832003546,0.7798667773791614,0.0021479558658752253,0.03995442323618241,-3.2526065174565133e-18,2.6020852139652106e-18,0,0
253,0.0552089132993632,0.7727621549686631,0.0015028381504766167,0.03964342840915879,1.5829351718288365e-17,2.6454533008646308e-17,0,0
254,0.1747413319295607,0.8114481616221647,0.004701445104303336,0.04132770812272346,9.215718466126788e-18,-4.119968255444917e-17,0,0
255,0.1937406440931298,0.8176182916779029,0.0052020546180053095,0.04159503558022236,3.144186300207963e-18,-8.673617379884035e-18,0,0
256,0.03509616163810385,0.7594079284049761,0.000958195624291279,0.03904684892689648,2.168404344971009e-19,1.2576745200831851e-17,0,0
257,0.2126956130867421,0.823760074580522,0.005699327016394402,0.04186139219600564,-1.3986208025063007e-17,1.431146867680866e-17,0,0
258,0.0,0.7600000000006839,0.0,0.039078069238036334,-0.004738758384696243,-5.637851296924623e-18,1,0
259,0.2316437316137446,0.8299670250431002,0.006194215089457951,0.04213126016814453,1.235990476633475e-17,2.42861286636753e-17,0,0
260,0.2506017011704864,0.8361806535794347,0.0066872244146749995,0.04240212728883792,-8.673617379884035e-19,-3.642919299551295e-17,0,0
261,0.2696175229084249,0.8423662386702855,0.0071796515959808805,0.04267250269932388,3.469446951953614e-18,-5.984795992119984e-17,0,0
262,0.2927745734408887,0.8681163766998368,0.007765954312923353,0.04385175354331608,-7.806255641895632e-18,-2.1467203015212988e-17,0,0
263,0.3117898578673219,0.8743051477493082,0.008254132086285088,0.04412680964787145,2.179246366695864e-17,-1.3010426069826053e-17,0,0
264,0.3308052282174774,0.8804938347790283,0.008740409561449622,0.04440307404550325,-2.1467203015212988e-17,4.336808689942018e-18,0,0
265,0.3498203016261358,0.8866821640819743,0.009224817703729597,0.044680629274775084,-8.023096076392733e-18,-2.168404344971009e-18,0,0
266,0.3688364449879797,0.8928716011634728,0.00970741885571817,0.04495961013759092,8.673617379884035e-19,9.540979117872439e-18,0,0
267,0.3878552082633392,0.8990645244784968,0.010188280068074852,0.045240161214985405,5.204170427930421e-18,0.0,0,0
268,0.4068648251620828,0.9052471866319717,0.010667160839427682,0.04552164997171222,1.6263032587282567e-18,2.3418766925686896e-17,0,0
269,0.4258802386823284,0.9114351269363873,0.011144497489659537,0.04580482654454609,-2.3418766925686896e-17,-3.0357660829594124e-18,0,0
270,0.450523315968862,0.9326235869717555,0.011756804053705447,0.04679941307315935,-1.3660947373317356e-17,4.7704895589362195e-18,0,0
271,0.5075654096211814,0.9512118479600373,0.013174045460958921,0.0476679620543295,8.348356728138384e-18,2.42861286636753e-17,0,0
272,0.5600000599317803,0.9704874003808742,0.014464777711655484,0.04858196667406919,-8.023096076392733e-18,2.3418766925686896e-17,0,0
273,0.6091773197591976,0.9832708073518248,0.015666723171282905,0.04919268527182454,-8.890457814381136e-18,-3.5344990823027445e-17,0,0
274,0.6200000000012484,1.0,0.015929861417418516,0.05,7.37257477290143e-18,0.005504950678742859,0,4
275,0.0173205148147118,0.7500000607246693,0.00047391523861693236,0.038626556798365144,-1.1926223897340549e-17,2.5153490401663703e-17,0,0
276,0.2886283341957554,0.8485546098437289,0.007669864622116323,0.04294400849755417,3.0357660829594124e-17,-3.241764495731658e-17,0,0
277,0.4448943049038018,0.9176210578301275,0.011620249490839738,0.046088990081313064,-1.3444106938820255e-17,2.45029690981724e-17,0,0
278,0.4641677991303749,0.9230122238890253,0.012100751710280013,0.04633713266802611,2.168404344971009e-17,8.673617379884035e-19,0,0
279,0.4829979923043898,0.9297692736372352,0.012568597582688839,0.04665177246043254,-1.7997756063259374e-17,1.691355389077387e-17,0,0
280,0.5022727688005876,0.9351623120149215,0.013046208870318547,0.04690235260097664,9.75781955236954e-18,-6.938893903907228e-18,0,0
281,0.5209554394605855,0.9423752002003472,0.01350708588228361,0.04724155540188215,-4.7704895589362195e-18,7.37257477290143e-18,0,0
282,0.5388731034008772,0.9488469074113417,0.013948173208443238,0.04754713577564027,-2.2768245622195593e-18,3.903127820947816e-18,0,0
283,0.5575304414975415,0.9544239295941528,0.014406391172215031,0.047810493332876625,1.7672495411513722e-17,-4.8138576458356397e-17,0,0
284,0.5776157598116254,0.9635578685797813,0.014897603551141388,0.04824601411109488,-4.7704895589362195e-18,-7.806255641895632e-18,0,0
285,0.5991195616501441,0.9661263408259742,0.01542288984091805,0.0483665755488255,2.0599841277224584e-18,3.599551212651875e-17,0,0
286,0.6303961250911536,0.9804056793865074,0.016183045034360917,0.049052674967339546,1.5178830414797062e-18,-2.2768245622195593e-17,0,0
287,0.1706125642079759,0.791907044892644,0.004604017458504987,0.04043658614997805,-1.745565497701662e-17,2.42861286636753e-17,0,0
288,0.1516026703952819,0.7857267171305097,0.0040998819684134,0.04017101825988613,1.3444106938820255e-17,-3.165870343657673e-17,0,0
289,0.132591679134009,0.7795507229785994,0.003593367432720878,0.039905357643778325,3.686287386450715e-18,4.336808689942018e-19,0,0
290,0.1135606365439844,0.7733531773829366,0.0030840025921915035,0.03963815824610031,1.214306433183765e-17,2.7755575615628914e-17,0,0
291,0.09456580031562942,0.7671905752370214,0.0025733160518910917,0.039371645491687327,-4.380176776841438e-17,1.3010426069826053e-17,0,0
292,0.0755488728118404,0.7610030768241174,0.0020598347638028655,0.03910278563052187,1.5287250632045613e-17,1.3010426069826053e-17,0,0
293,0.05324563911205712,0.7503856165130752,0.0014557814907289663,0.0386342920081603,-1.6263032587282567e-17,1.0408340855860843e-17,0,0
294,0.1896121652199687,0.7980745007378505,0.005105537428196957,0.04070154491808038,-1.5178830414797062e-18,4.119968255444917e-17,0,0
295,0.2086118141293398,0.8042517345233222,0.005604713366086256,0.040967164608037863,9.75781955236954e-18,-5.637851296924623e-18,0,0
296,0.03464093119172439,0.7400001471549682,0.0009496747228549792,0.038173070511084047,1.0842021724855044e-17,-3.5561831257524545e-17,0,0
297,0.2275568284591009,0.8103804764963927,0.006100172116599008,0.041231036965143686,-4.336808689942018e-18,-4.8138576458356397e-17,0,0
298,0.0,0.7400000000007427,0.0,0.03817804434958472,-0.004742363954593924,8.673617379884035e-18,1,0
299,0.2464977589944202,0.8166103899575263,0.006593183918727525,0.041500220461951606,6.7220534694101275e-18,1.214306433183765e-17,0,0
300,0.2654847669287553,0.8228053487091271,0.007085199553207598,0.04176856916601954,2.0166160408230382e-17,-2.6020852139652106e-18,0,0
301,0.2844843832286786,0.8289928939067882,0.007575363183147627,0.04203754049943596,-2.6020852139652106e-18,1.3877787807814457e-17,0,0
302,0.3076423683574192,0.8547433921086063,0.008158121660222705,0.043216645009549186,-1.214306433183765e-17,4.7379634937616544e-17,0,0
303,0.3266570993641527,0.8609319644185345,0.008644408802988824,0.04349048972637125,-6.830473686658678e-18,-1.8648277366750676e-17,0,0
304,0.3456721488216936,0.8671204540218347,0.009128770666068858,0.04376564019421569,-3.469446951953614e-18,1.3010426069826053e-18,0,0
305,0.3646870199164394,0.8733086821017958,0.009611242430199604,0.04404216058142887,7.37257477290143e-18,-3.5561831257524545e-17,0,0
306,0.3837028715785791,0.8794980531283216,0.01009189763567539,0.044320164884875904,1.235990476633475e-17,1.6046192152785466e-17,0,0
307,0.4027167040710303,0.8856853218801072,0.010570710262349459,0.044599529215262085,-2.2442984970449942e-17,-3.903127820947816e-18,0,0
308,0.4217315928612275,0.8918732679137377,0.011047811601183517,0.04488039600904287,3.469446951953614e-18,1.5178830414797062e-17,0,0
309,0.440746806496952,0.8980608821426193,0.011523248165167026,0.045162599893649895,2.8189256484623115e-18,-6.071532165918825e-18,0,0
310,0.6169132349695035,0.968557020739917,0.015856203926265033,0.048481490103470845,7.047314121155779e-18,3.469446951953614e-17,0,0
311,0.6400000000011098,1.0,0.016415668236771427,0.05,5.204170427930421e-18,0.005507949186041711,0,4
312,0.01666504831230727,0.7296368077910795,0.00045807498721506734,0.03771147976153417,2.233456475320139e-17,1.3010426069826053e-18,0,0
313,0.3034956062623645,0.8351819657395729,0.00806369218997955,0.042307683602468345,-3.122502256758253e-17,-2.1250362580715887e-17,0,0
314,0.4598036237872508,0.9041154841512253,0.011998256521898188,0.04543999134751306,1.734723475976807e-18,-3.881443777498106e-17,0,0
315,0.4787744628418278,0.9104369317061927,0.012469248161857049,0.045731806248249164,5.5294310796760726e-18,-6.071532165918825e-18,0,0
316,0.4977899411994762,0.91662491193542,0.012940009681210724,0.04601846102513549,-6.938893903907228e-18,-2.949029909160572e-17,0,0
317,0.5168614783071614,0.9226418375855641,0.013410716012359368,0.046298351190940085,-1.1926223897340549e-18,3.5128150388530344e-17,0,0
318,0.5358217434867958,0.9290004096106464,0.013877169322601244,0.046596199517015525,2.2768245622195593e-17,1.9081958235744878e-17,0,0
319,0.5548384083788729,0.9351883092592784,0.014343715672863579,0.04688709764248981,-8.673617379884035e-18,2.5153490401663703e-17,0,0
320,0.573855336662267,0.9413759882844227,0.014808971704041482,0.047179305367134744,-3.5453411040275995e-17,1.474514954580286e-17,0,0
321,0.5929535455345256,0.9473126108727234,0.015275086964473831,0.04746061759669774,-2.0599841277224584e-18,-2.1250362580715887e-17,0,0
322,0.6122242360824861,0.9526667270246733,0.015744110786358335,0.04771484182772032,1.973247953923618e-17,0.0,0,0
323,0.6507398784103839,0.983106677747061,0.016676356428697577,0.04918186653787379,-5.637851296924623e-18,1.7564075194265172e-17,0,0
324,0.6305890104766197,0.9598830553769047,0.016189542431633282,0.04806043222084004,1.7889335846010823e-17,-1.1275702593849246e-17,0,0
325,0.660000000000971,1.0,0.016900018315446904,0.05,2.168404344971009e-19,0.005510809175562745,0,4
326,0.1854730646364886,0.7785250806806803,0.005009888429870279,0.03980972709391586,6.5052130349130266e-18,-4.2500725161431774e-17,0,0
327,0.1664743507801187,0.7723481414842115,0.004507359268545357,0.03954669567716817,-2.3852447794681098e-18,9.540979117872439e-18,0,0
328,0.1474653043129695,0.7661807663561011,0.004002018585589053,0.03928396746063987,7.589415207398531e-18,-6.938893903907228e-18,0,0
329,0.1284454144006158,0.7599985242455293,0.003493867033782475,0.03902013891412818,4.553649124439119e-18,-3.3393426912553537e-17,0,0
330,0.1094324282438562,0.7538151233210022,0.002983389710716244,0.03875551004155279,3.0357660829594124e-17,-7.806255641895632e-18,0,0
331,0.09041577954960867,0.7476278334601761,0.002470349030401005,0.038489629500246765,-2.0925101928970236e-17,2.862293735361732e-17,0,0
332,0.07129553127485101,0.741128788907888,0.0019521473167562749,0.03820845374799241,-3.2526065174565133e-19,-2.1250362580715887e-17,0,0
333,0.05110036798725748,0.7308682009876969,0.001403353358748037,0.037756853831491535,5.204170427930421e-18,-1.0842021724855044e-17,0,0
334,0.2044703623315943,0.7846994210426421,0.0055098726523477,0.04007276552640101,1.3335686721571705e-17,2.168404344971009e-18,0,0
335,0.2234699142584383,0.7908704194894725,0.00600744484086382,0.04033601573408954,-8.348356728138384e-18,2.2551405187698492e-17,0,0
336,0.03190843997420766,0.7202575281260865,0.0008790267963815412,0.037287511568286025,-1.0191500421363742e-17,-8.239936510889834e-18,0,0
337,0.2424197987159729,0.7970371610848608,0.006501285194128355,0.0405997145581549,-1.7780915628762273e-17,2.3418766925686896e-17,0,0
338,0.0,0.7200000000008053,0.0,0.0372807764149861,-0.004746846304956293,-2.0383000842727483e-17,1,0
339,0.2613961822788531,0.8032279641295761,0.006993436959593178,0.04086528621186565,2.3960868011929648e-17,-1.0842021724855044e-17,0,0
340,0.2803527630928152,0.8094295575184054,0.00748275703953263,0.04113234408665947,-2.667137344314341e-17,3.686287386450715e-17,0,0
341,0.299348158729572,0.8156209481442758,0.00797085439839361,0.04140000218882754,1.452830911130576e-17,1.734723475976807e-17,0,0
342,0.3225093742570958,0.8413704520315554,0.008550009731404682,0.042579023966856845,2.6020852139652106e-18,-1.0299920638612292e-17,0,0
343,0.3415239781008065,0.8475589361699659,0.009034333987452967,0.04285168945649969,3.686287386450715e-18,4.0766001685454967e-17,0,0
344,0.3605389171356997,0.8537474506537698,0.00951671435713529,0.043125759140880085,-1.0733601507606494e-17,3.469446951953614e-18,0,0
345,0.3795541504692712,0.8599360069763291,0.009997209798148762,0.04340129144521281,-9.107298248878237e-18,1.5178830414797062e-17,0,0
346,0.398569203786075,0.866123952508582,0.010475867703380923,0.04367829366419366,1.1926223897340549e-18,6.5052130349130266e-18,0,0
347,0.4175838690725242,0.8723120295931008,0.010952743326303133,0.04395682109220238,4.7704895589362195e-18,-1.474514954580286e-17,0,0
348,0.4365976505120054,0.8784995286874513,0.011427892677069954,0.0442368075417338,-2.8406096919120216e-17,-2.168404344971009e-18,0,0
349,0.4556120692963087,0.8846869776686452,0.011901449930628626,0.04451834252522794,4.87890977618477e-17,1.9949319973733282e-17,0,0
350,0.6436269905227948,0.9676984358934254,0.016505134087192754,0.04843664176532653,-7.806255641895632e-18,-1.973247953923618e-17,0,0
351,0.6690760261163456,0.9833553586905032,0.0171198996052168,0.04919299818562829,6.5052130349130266e-18,2.47198095326695e-17,0,0
352,0.6800000000008324,1.0,0.017383243104332907,0.05,8.239936510889834e-18,0.00551340167494816,0,4
353,0.01656949733854077,0.7078206189146546,0.0004580554776249737,0.03673428875783128,-3.984442983884229e-18,3.0357660829594124e-17,0,0
354,0.3183617598859174,0.8218093947767399,0.008457248801608929,0.041668743508101624,-6.5052130349130266e-18,-1.951563910473908e-17,0,0
355,0.4746263000542394,0.8908748316707424,0.01237342978603178,0.044801475393933886,-1.1709383462843448e-17,9.324138683375338e-18,0,0
356,0.4936408923919625,0.8970627807497629,0.012843819268153187,0.045086143314387296,2.6020852139652106e-18,-1.734723475976807e-17,0,0
357,0.512656541724588,0.9032503122716353,0.01331283535106971,0.04537221020274862,-1.951563910473908e-18,-1.8214596497756474e-17,0,0
358,0.5316724351709358,0.9094378794804142,0.013780443832708898,0.04565982174977573,9.86623976961809e-18,-5.160802341031001e-17,0,0
359,0.5506886843769639,0.9156256121609223,0.014246691565823085,0.045948854173300475,-1.1709383462843448e-17,-1.0842021724855044e-17,0,0
360,0.5697054515843155,0.9218131382955248,0.014711675175871172,0.04623923292970244,5.5294310796760726e-18,5.204170427930421e-18,0,0
361,0.5887178673805236,0.9280016149439123,0.01517531550778802,0.0465309749277417,1.496198998029996e-17,-3.0791341698588326e-17,0,0
362,0.6077350519747066,0.9341464348506131,0.01563791200382615,0.04682177494231896,-5.854691731421724e-18,-2.42861286636753e-17,0,0
363,0.6270297233250244,0.9405572650384966,0.016106026184716273,0.047126610880662674,1.8648277366750676e-17,5.074066167232161e-17,0,0
364,0.65923319619839,0.9661691137879326,0.01688328348450778,0.04836071577031926,-1.8648277366750676e-17,-1.496198998029996e-17,0,0
365,0.647176742437427,0.9489276531687217,0.016593344298601258,0.04752742405326566,-3.2959746043559335e-17,3.7730235602495554e-17,0,0
366,0.6886050815070114,0.9797222124234689,0.01759125660909794,0.04901543327443487,3.686287386450715e-18,1.431146867680866e-17,0,0
367,0.7000000000006936,1.0,0.017865206227844516,0.05,-3.2526065174565133e-19,0.005515745364230654,0,4
368,0.7200000000005549,1.0,0.0183459346157757,0.05,-3.903127820947816e-18,0.005518219886591875,0,4
369,0.7100000000006242,0.9826794919244314,0.01810602398725629,0.049157793700762925,-3.0791341698588326e-17,-2.862293735361732e-17,0,0
370,0.2003402164471771,0.7651473959224845,0.00541662572729572,0.03918033872876054,-1.3877787807814457e-17,-4.0332320816460765e-17,0,0
371,0.1813285683387378,0.7589705692251117,0.0049152625389449435,0.03891978989672291,6.938893903907228e-18,8.673617379884035e-19,0,0
372,0.1623266730560484,0.7528042665273056,0.00441144963572417,0.03865974155508019,7.26415455565288e-18,8.673617379884035e-19,0,0
373,0.1433139384684004,0.7466244070475541,0.0039046284309643114,0.03839882335454604,-2.7972416050126014e-17,2.211772431870429e-17,0,0
374,0.1242978211975253,0.7404388664105587,0.00339498365227477,0.03813707035408734,1.441988889405721e-17,4.0766001685454967e-17,0,0
375,0.1052824355838999,0.7342528958029627,0.0028826408622920565,0.03787437673494122,9.86623976961809e-18,-3.382710778154774e-17,0,0
376,0.08626611525835683,0.7280652660005188,0.0023675795678341502,0.03761036208079114,-4.87890977618477e-18,-2.3852447794681098e-17,0,0
377,0.06743156160307373,0.7208871743809803,0.0018553725700826405,0.037300163091856915,-8.782037597132586e-18,8.673617379884035e-19,0,0
378,0.04852919821297198,0.7128074590186333,0.001338948464377251,0.036947748534271234,4.119968255444917e-18,4.640385298237959e-17,0,0
379,0.2193373559021387,0.7713278170232729,0.005914941675001852,0.03944137215795866,2.168404344971009e-19,-8.673617379884035e-18,0,0
380,0.2383371194591664,0.7774996816775415,0.0064107351676155454,0.039702556090091844,6.938893903907228e-18,-2.2551405187698492e-17,0,0
381,0.03270582736623292,0.7051146381668603,0.00090458852539942,0.03660958146491025,3.469446951953614e-18,3.5128150388530344e-17,0,0
382,0.2572964841840221,0.783646121927268,0.006902963689632757,0.03996337590670821,4.119968255444917e-18,-1.3444106938820255e-17,0,0
383,0.0,0.700000000000853,0.0,0.036386894282074055,-0.004749833008067129,1.9949319973733282e-17,1,0
384,0.2762527054608623,0.7898535911527592,0.007392608365748965,0.04022797580619065,-2.3960868011929648e-17,1.1709383462843448e-17,0,0
385,0.2952043650459516,0.7960643438964056,0.007879770359576262,0.04049386058912383,3.2742905609062234e-17,-9.107298248878237e-18,0,0
386,0.314214130579973,0.8022488627142159,0.008366175617215234,0.04075971703050513,-1.5178830414797062e-18,1.3010426069826053e-17,0,0
387,0.3373756848363535,0.827997751596881,0.008941547239387055,0.041938830840165385,-1.3010426069826053e-17,-5.421010862427522e-18,0,0
388,0.3563920494399158,0.8341861832185775,0.00942387840678557,0.04221035422211556,1.7672495411513722e-17,1.734723475976807e-17,0,0
389,0.3754058550560383,0.8403749280188673,0.009904187407400619,0.04248339515485907,-1.3010426069826053e-17,-8.673617379884035e-19,0,0
390,0.3944229087122018,0.8465650870390538,0.010382694089735859,0.04275804550948663,-1.1926223897340549e-17,-4.7704895589362195e-18,0,0
391,0.4134401385667064,0.8527519850073355,0.010859393654750745,0.04303411696229183,1.951563910473908e-18,6.071532165918825e-18,0,0
392,0.4324497367249247,0.8589385757584111,0.011334163298101819,0.04331175677961915,1.2468324983583301e-17,4.7704895589362195e-18,0,0
393,0.4514639860266747,0.8651261431338116,0.011807396195912683,0.043591043898864125,1.0083080204115191e-17,-1.6479873021779667e-17,0,0
394,0.4704777094106271,0.8713136234078287,0.012279027956983433,0.04387194054016544,-1.0842021724855044e-19,3.2959746043559335e-17,0,0
395,0.6737162782841541,0.9689869106912554,0.017232946159738225,0.04849566144692117,9.75781955236954e-18,-1.8648277366750676e-17,0,0
396,0.7300000000004856,0.9835423218247087,0.01858617621697732,0.04919884681037435,1.691355389077387e-17,1.3227266504323154e-17,0,0
397,0.7400000000004161,1.0,0.018825660503046716,0.05,-2.168404344971009e-18,0.005520539160270248,0,4
398,0.02733703394621676,0.6908407090458013,0.0007590452893138153,0.035973872753550365,2.667137344314341e-17,-4.9439619065339e-17,0,0
399,0.01155273937719225,0.6900957422779483,0.0003208074953247641,0.03594425435700351,-1.1058862159352145e-17,-3.252606517456513e-17,0,0
400,0.3332275754932582,0.8084371087349106,0.008850469620245676,0.041027125071704064,4.336808689942018e-19,-1.8214596497756474e-17,0,0
401,0.4894920748596222,0.8775012145920957,0.012749136995592932,0.04415443094189437,-8.673617379884035e-19,-4.336808689942018e-19,0,0
402,0.5085074723386659,0.8836885419444054,0.013217782897942615,0.0444384761221069,-2.883977778811442e-17,3.946495907847236e-17,0,0
403,0.5275232027467467,0.8898758620265823,0.013685058280171643,0.04472405608437915,9.974659986866641e-18,2.862293735361732e-17,0,0
404,0.5465389775781643,0.8960633496603401,0.014150975206745325,0.04501115116930994,-9.107298248878237e-18,-2.168404344971009e-18,0,0
405,0.5655526026813561,0.9022511246120973,0.014615545209352257,0.04529970660492593,2.168404344971009e-19,1.6046192152785466e-17,0,0
406,0.584555221086491,0.9084380285855405,0.015078619905373387,0.04558960607619592,1.3010426069826053e-18,2.168404344971009e-17,0,0
407,0.603562553757338,0.9146243887247765,0.015540635710514257,0.0458807714391584,-4.7704895589362195e-18,8.673617379884035e-18,0,0
408,0.622572751595304,0.920794099290303,0.01600161955203945,0.04617240583149091,-8.673617379884035e-18,-4.2500725161431774e-17,0,0
409,0.6416038695265776,0.9269155397443387,0.016462029437287935,0.046462972490852156,1.1275702593849246e-17,-4.466912950640278e-17,0,0
410,0.6671151466164391,0.9514628061070979,0.01707522445395188,0.047646589447038576,3.0357660829594124e-18,2.6020852139652106e-18,0,0
411,0.6850575150562721,0.9583139401781369,0.017507363418246276,0.04797626226218085,-1.0842021724855044e-17,1.6479873021779667e-17,0,0
412,0.7032428474586269,0.9643070211316827,0.017944734298384415,0.04826520589555286,3.577867169202165e-18,2.7755575615628914e-17,0,0
413,0.7227801283547352,0.9683668131250349,0.01841385756739746,0.048460675934340655,9.64939933512099e-18,2.3418766925686896e-17,0,0
414,0.7500000000003472,0.9826794919244315,0.019065392524557783,0.049155854355344954,1.3010426069826053e-18,1.2576745200831851e-17,0,0
415,0.7600000000002772,1.0,0.01930436857360248,0.05,5.637851296924623e-18,0.005522596579208501,0,4
416,0.2152044820906579,0.7517827713780524,0.00582388029701531,0.038548614873894965,-3.5887091909270197e-17,-1.3010426069826053e-17,0,0
417,0.1961980050186789,0.7456017412140485,0.005324382719012207,0.03829037473602234,2.5153490401663703e-17,5.854691731421724e-17,0,0
418,0.1771922823205858,0.739426090607372,0.004822037205557516,0.03803261427864062,-1.734723475976807e-18,2.1250362580715887e-17,0,0
419,0.1581787571392483,0.7332477426238222,0.004316566638027216,0.03777467699696874,-7.697835424647081e-18,-2.42861286636753e-17,0,0
420,0.1391641032368202,0.727064277419002,0.0038081143325564434,0.037516119007710055,1.214306433183765e-17,3.469446951953614e-18,0,0
421,0.1201486072515593,0.7208779706273024,0.0032966724351131097,0.03725669299021124,-1.3444106938820255e-17,-5.0306980803327406e-17,0,0
422,0.1011329046503152,0.7146907548446149,0.002782264265715916,0.036996124593813906,-1.5178830414797062e-18,1.5612511283791264e-17,0,0
423,0.08211687002369317,0.7085038394456752,0.002264935674153963,0.03673410110424237,-2.4936649967166602e-18,1.474514954580286e-17,0,0
424,0.06310051806663869,0.7023170329615575,0.0017447899893998867,0.036470147404504334,1.6046192152785466e-17,-2.6020852139652106e-18,0,0
425,0.04448112875812571,0.6953458767974556,0.001233109925804658,0.03616869006754675,-3.7947076036992655e-18,-6.071532165918825e-17,0,0
426,0.2342060836934816,0.7579558318322548,0.006320465579023615,0.03880700055889457,1.1817803680091998e-17,1.8214596497756474e-17,0,0
427,0.253207197936303,0.7641342616514775,0.00681432472454679,0.039066378175845316,-2.0057740190981832e-17,1.5612511283791264e-17,0,0
428,0.2721646714141287,0.7702718526184253,0.0073044684931286435,0.03932487530470993,1.0516761073109393e-17,2.3418766925686896e-17,0,0
429,0.0,0.6800000000008863,0.0,0.035496159990468415,-0.004757298172577946,-3.0357660829594124e-18,1,0
430,0.2910954543304231,0.7765055100705605,0.0077913167624264834,0.039588993784158075,-4.445228907190568e-18,-9.107298248878237e-18,0,0
431,0.310096188430845,0.7826791495954348,0.008277631572743874,0.03985152573246335,8.565197162635485e-18,9.107298248878237e-18,0,0
432,0.3290799957772987,0.7888770784333573,0.008761172206863864,0.040116632711005594,-7.26415455565288e-18,2.3852447794681098e-17,0,0
433,0.3522492446360464,0.8146242012869687,0.009332857433244844,0.041295947279265555,1.474514954580286e-17,-3.230922474006803e-17,0,0
434,0.3712668304480367,0.8208129756918834,0.00981310729339515,0.04156640040970055,-3.7513395167998453e-17,-2.3852447794681098e-17,0,0
435,0.3903001634744864,0.8270044006840953,0.010291808189873967,0.041838566995578835,2.1250362580715887e-17,1.8648277366750676e-17,0,0
436,0.4093250074735593,0.8331785584026199,0.010768442558843742,0.04211156570942798,-4.119968255444917e-18,-1.3010426069826053e-18,0,0
437,0.4283225718846801,0.8393724140350409,0.011242597305544189,0.04238717669670388,9.540979117872439e-18,9.974659986866641e-18,0,0
438,0.4473195200390787,0.8455659960366968,0.011715047903859051,0.04266444976825263,-1.5070410197548512e-17,5.637851296924623e-18,0,0
439,0.4663289741858669,0.8517528619806206,0.012186202278479743,0.042943068148837846,8.023096076392733e-18,3.469446951953614e-18,0,0
440,0.4853433186962761,0.8579401845588109,0.012655933985459859,0.043223366564416464,8.565197162635485e-18,-1.214306433183765e-17,0,0
441,0.6607669650595033,0.9326395800996419,0.01692473551120713,0.046735258024413646,2.0816681711721685e-17,-3.0140820395097023e-17,0,0
442,0.739747803600565,0.9718366202047635,0.01882044176635339,0.048628220665038566,-1.7780915628762273e-17,-4.7704895589362195e-17,0,0
443,0.7695446840947222,0.9825691381403117,0.01953279183658061,0.04914966947349377,6.071532165918825e-18,2.6020852139652106e-18,0,0
444,0.7800000000001385,1.0,0.01978221802796714,0.05,3.0357660829594124e-18,0.005524351726178748,0,4
445,0.01872682817288138,0.6722769463575227,0.0005229676787374833,0.035150646605118394,-8.456776945386935e-18,2.0816681711721685e-17,0,0
446,0.03991479845395134,0.6766977740388739,0.0011126246730205765,0.03533980804495775,-9.75781955236954e-18,6.678685382510707e-17,0,0
447,0.3480928482111985,0.795064907467411,0.009243257429406331,0.040382758324621834,3.469446951953614e-18,3.707971429900425e-17,0,0
448,0.5043579417948375,0.8641274117647194,0.013124194843352973,0.043505302848868915,-7.806255641895632e-18,-2.233456475320139e-17,0,0
449,0.5233743626385498,0.8703138081481105,0.013591086655298505,0.04378881985073086,2.179246366695864e-17,-1.9081958235744878e-17,0,0
450,0.542389609210616,0.8765014543103378,0.014056610130637831,0.04407396633630293,-1.431146867680866e-17,-1.3010426069826053e-18,0,0
451,0.5614051652271941,0.8826887020119828,0.014520854056794196,0.04436062315686914,-2.3852447794681098e-18,-1.0408340855860843e-17,0,0
452,0.5803957652480245,0.888881231139934,0.014983261948737869,0.04464901506212649,-4.0115480381963664e-18,-9.107298248878237e-18,0,0
453,0.5994032020736744,0.8950690163537962,0.015444925947357776,0.04493856374518666,-4.445228907190568e-18,5.204170427930421e-18,0,0
454,0.6184101958626786,0.9012535729721103,0.015905486869072883,0.04522930572460152,9.86623976961809e-18,1.3010426069826053e-17,0,0
455,0.6374273021874686,0.9074296105302484,0.016365254328194783,0.045520942185320684,-2.439454888092385e-17,4.2500725161431774e-17,0,0
456,0.6564343093227232,0.9136407432348264,0.016823759978610634,0.04581548218770409,-1.0191500421363742e-17,3.5561831257524545e-17,0,0
457,0.6798144747455526,0.9387337808756469,0.017383509268575254,0.04702663522097569,5.637851296924623e-18,-1.0842021724855044e-17,0,0
458,0.6985943946350083,0.9453817585565791,0.01783490326967287,0.04734603253224708,6.7220534694101275e-18,-7.37257477290143e-18,0,0
459,0.7172000935522883,0.950993654837319,0.018281433211925744,0.047615982045367114,-2.168404344971009e-18,-2.862293735361732e-17,0,0
460,0.7362378291159707,0.9565646105772447,0.018737527519822227,0.04788460311173896,9.215718466126788e-18,1.734723475976807e-18,0,0
461,0.756137854082201,0.9640919991555394,0.01921325142251777,0.048249346777018705,6.613633252161577e-18,-1.474514954580286e-17,0,0
462,0.7902145145269515,0.9828033062575062,0.020026145190998212,0.04916024011573009,1.7780915628762273e-17,3.252606517456513e-17,0,0
463,0.7999999999999997,1.0,0.02025918176158137,0.05,-5.5294310796760726e-18,0.005526115104731133,0,4
464,0.819999999999861,1.0,0.02073539962166736,0.05,0.0,0.005527611033219741,0,4
465,0.809785834282809,0.9826474805106242,0.020492491040842806,0.049151926173489804,-3.127245641262877e-17,1.3010426069826053e-17,0,0
466,0.2300630607406653,0.7384055923353441,0.006231492781322938,0.03791317274160739,5.421010862427522e-18,-3.122502256758253e-17,0,0
467,0.2110648385452364,0.7322279865108261,0.005734152735979725,0.03765760204159495,1.22514845490862e-17,4.336808689942018e-17,0,0
468,0.1920576423696788,0.7260556336404448,0.005233563458617689,0.03740274849260946,-1.745565497701662e-17,-2.5153490401663703e-17,0,0
469,0.1730431331781118,0.7198735178950072,0.004729695747554066,0.037147625819079495,-1.951563910473908e-18,3.0357660829594124e-18,0,0
470,0.1540287373482317,0.7136887127382471,0.004222669590982121,0.03689221879498339,6.288372600415926e-18,8.239936510889834e-18,0,0
471,0.1350142105903112,0.707503121776454,0.003712428229692774,0.03663625310319349,-1.0408340855860843e-17,1.474514954580286e-17,0,0
472,0.1159991201926727,0.7013162161503943,0.003198935315371628,0.03637931967416444,1.463672932855431e-17,5.594483210025203e-17,0,0
473,0.09698350622235877,0.6951291585589072,0.0026821997509013516,0.036121063407260685,-1.2902005852577503e-17,2.211772431870429e-17,0,0
474,0.0779675772103486,0.688942006135537,0.002162286123526608,0.03586104565800701,-8.673617379884035e-18,-8.673617379884035e-18,0,0
475,0.05895098786241644,0.6827545912195692,0.0016392367245905497,0.03559882993405603,-1.8865117801247777e-17,0.0,0,0
476,0.2490649439486229,0.7445824125333343,0.006726024397569412,0.03816943191871247,-1.474514954580286e-17,5.204170427930421e-18,0,0
477,0.2680671125039448,0.7507580838725583,0.007217768114322538,0.03842659610509881,3.3610267347050637e-18,-3.0791341698588326e-17,0,0
478,0.2870389201896488,0.7569312965855636,0.00770604049628598,0.038684850747495864,2.4936649967166602e-18,-2.168404344971009e-18,0,0
479,0.0,0.6600000000009563,0.0,0.0346087672963245,-0.004762473396030904,1.0408340855860843e-17,1,0
480,0.3060039431593216,0.7631164489281859,0.008191574716047709,0.038944997375349066,5.204170427930421e-18,-2.2551405187698492e-17,0,0
481,0.3249702627090388,0.7692966421061956,0.008674709270990412,0.039206380037205654,-2.0383000842727483e-17,9.974659986866641e-18,0,0
482,0.3439451854684188,0.7755055257196981,0.00915572099950226,0.03947067896850539,2.1033522146218786e-17,-2.5587171270657905e-17,0,0
483,0.3671404793875158,0.8012462810121491,0.009724119474879903,0.040650147887848674,-9.974659986866641e-18,1.3227266504323154e-17,0,0
484,0.3861604710857193,0.8074360498659363,0.010202248377706884,0.040919632664968876,-2.6020852139652106e-18,-2.1250362580715887e-17,0,0
485,0.4052078729522773,0.8136186315073966,0.010679155460374718,0.04119046176349884,2.8189256484623115e-18,-1.6479873021779667e-17,0,0
486,0.4242212182882382,0.8198071021150177,0.01115336986628693,0.0414633429833729,2.949029909160572e-17,-4.2500725161431774e-17,0,0
487,0.4431949013432671,0.8260032527952549,0.011624853218812455,0.04173838074329373,-1.431146867680866e-17,-4.7704895589362195e-18,0,0
488,0.4621983752927126,0.8321837692479614,0.012095452866862049,0.042014398076079186,-2.4936649967166602e-18,-7.37257477290143e-18,0,0
489,0.4811945937248717,0.8383797519313048,0.012564299157026034,0.04229289955180031,5.9631119486702744e-18,0.0,0,0
490,0.500208607742474,0.8445668563016981,0.013032109272709374,0.04257268672008521,-3.144186300207963e-17,2.949029909160572e-17,0,0
491,0.6754505397298585,0.919828873783096,0.017281571944172035,0.046110042837886035,2.2551405187698492e-17,4.3151246464923076e-17,0,0
492,0.77959379285619,0.9661580304763634,0.01977343596064422,0.04834820726656247,3.903127820947816e-18,-4.0115480381963664e-17,0,0
493,0.8300000427289717,0.9826794882876131,0.02097345173430388,0.04915286307544576,2.168404344971009e-18,2.5804011705155006e-17,0,0
494,0.8399999999997222,1.0,0.021210952588766898,0.05,-6.5052130349130266e-18,0.005528978556524539,0,4
495,0.03527268774392057,0.6585747443203396,0.000989276890473249,0.03453742089690179,-1.6696713456276768e-17,-1.8214596497756474e-17,0,0
496,0.05466022691561565,0.6640414895908068,0.0015290195578707177,0.03476905439281696,1.8106176280507924e-17,2.2551405187698492e-17,0,0
497,0.01802505072465493,0.6498253970949318,0.0005072610884333619,0.034156896391503426,-1.7564075194265172e-17,-2.42861286636753e-17,0,0
498,0.3629862976476309,0.7816872389177594,0.009636246597717233,0.03973529638955213,3.903127820947816e-18,-1.3552527156068805e-17,0,0
499,0.5192225728894079,0.8507539703050323,0.013498503684796617,0.04285417149225988,9.107298248878237e-18,4.868067754459915e-17,0,0
500,0.5382398723393258,0.8569401885267561,0.013963633328370844,0.04313726901730964,-8.456776945386935e-18,8.239936510889834e-18,0,0
501,0.5572556395500381,0.8631270862453162,0.014427449028820207,0.0434220076221695,-1.1384122811097797e-17,2.42861286636753e-17,0,0
502,0.5762465600320732,0.86931953868104,0.014889440174934659,0.04370858348371465,-7.806255641895632e-18,1.2576745200831851e-17,0,0
503,0.5952411583624412,0.8755122912636736,0.015350374486945529,0.043996660938497294,8.239936510889834e-18,-3.0357660829594124e-18,0,0
504,0.6142554643918103,0.8816979427908893,0.015810709512151102,0.0442858167777701,3.2851325826310784e-17,-3.903127820947816e-18,0,0
505,0.6332696353949445,0.8878902357454242,0.01627001357774681,0.04457667357392131,-5.204170427930421e-18,-4.683753385137379e-17,0,0
506,0.6522854163555294,0.8940781684822195,0.016728382317051413,0.044868616990801156,1.474514954580286e-17,-3.209238430557093e-17,0,0
507,0.6713009958038443,0.9002661342141308,0.01718583127775221,0.045161797917068196,-3.686287386450715e-18,-6.375108774214766e-17,0,0
508,0.6945021459955802,0.9259071749057598,0.017739340717501537,0.04640042049106841,-1.431146867680866e-17,2.710505431213761e-18,0,0
509,0.7134854981581206,0.9321505747700152,0.018194621680350437,0.046699833829313586,-5.5294310796760726e-18,-2.5587171270657905e-17,0,0
510,0.7324970883139154,0.9383941307699577,0.01864979466563159,0.04700016926996766,-8.348356728138384e-18,2.2551405187698492e-17,0,0
511,0.7515313218899561,0.9445297248596082,0.019104781990858594,0.0472961458905835,-1.6046192152785466e-17,2.8189256484623115e-17,0,0
512,0.7717478987344745,0.9492960654618872,0.01958749048139018,0.04752602126513755,7.589415207398531e-19,2.211772431870429e-17,0,0
513,0.7997909585835214,0.9654677957315072,0.02025508409554537,0.04831295357659329,1.5178830414797062e-17,-1.3660947373317356e-17,0,0
514,0.8185004484403801,0.9650431471286696,0.020700567239050456,0.04829094395218762,-2.417770844642675e-17,6.5052130349130266e-18,0,0
515,0.8499249053950468,0.9827867185305563,0.021446892206131305,0.04915751332897154,1.214306433183765e-17,-3.0791341698588326e-17,0,0
516,0.2449189598754703,0.7250253994427767,0.006639401158183941,0.037274242202870095,-2.8189256484623115e-18,-4.7704895589362195e-18,0,0
517,0.225918957164205,0.7188555591216429,0.0061441715168993605,0.03702154005988081,2.3852447794681098e-17,-4.336808689942018e-19,0,0
518,0.2069184310748816,0.7126841810666288,0.005645803535391535,0.036769485963121344,3.903127820947816e-18,-4.380176776841438e-17,0,0
519,0.1879075336988957,0.7065007936527987,0.0051439262997875716,0.03651732674858042,-4.119968255444917e-18,-6.5052130349130266e-18,0,0
520,0.1688939588189037,0.7003143316429825,0.004638627591436594,0.036265132751518964,5.637851296924623e-18,-1.3010426069826053e-17,0,0
521,0.1498795383371022,0.6941289538049832,0.004129866686397714,0.036012724326167346,2.6454533008646308e-17,-8.673617379884035e-18,0,0
522,0.1308649045719025,0.6879421255284602,0.0036176018060468103,0.03575958571657364,-3.69712940817557e-17,-4.206704429243757e-17,0,0
523,0.1118498210569729,0.681754824870977,0.0031017948225722167,0.03550532975089445,2.8080836267374565e-17,-3.8163916471489756e-17,0,0
524,0.09283428182634604,0.6755674505059583,0.0025824552986570114,0.035249509445203706,-9.974659986866641e-18,-5.637851296924623e-18,0,0
525,0.07381827324502416,0.6693798603558658,0.0020596204193746473,0.03499164852421008,1.0842021724855044e-17,2.7321894746634712e-17,0,0
526,0.2639285629816903,0.7312110107083393,0.007131864477253576,0.037528630690919634,-8.023096076392733e-18,-3.252606517456513e-17,0,0
527,0.2829401545365345,0.737397295585803,0.007621512233240041,0.0377842445590481,-8.890457814381136e-18,2.992397996059992e-17,0,0
528,0.3019290368827864,0.7435620171726103,0.008107868089224545,0.03804027717227064,2.0383000842727483e-17,1.6479873021779667e-17,0,0
529,0.0,0.6400000000009717,0.0,0.03372591695937243,-0.004769472522393116,-2.6020852139652106e-18,1,0
530,0.3208937964131882,0.7497240780387515,0.008591025264041282,0.03829774776855995,-2.905661822261152e-17,-6.938893903907228e-18,0,0
531,0.3398460074315059,0.7559271616113571,0.00907137152654475,0.03855881478397699,3.0682921481339775e-17,2.168404344971009e-18,0,0
532,0.3588153939752163,0.7621356966607242,0.009549850489621809,0.038821870061448285,-2.938187887435717e-17,1.214306433183765e-17,0,0
533,0.3820789136495662,0.787864667241276,0.010115980252168444,0.040001389838611796,1.474514954580286e-17,5.5294310796760726e-18,0,0
534,0.4011201146208023,0.7940581079462032,0.010592396877176422,0.040270105955149904,-1.431146867680866e-17,-9.974659986866641e-18,0,0
535,0.4201493948452771,0.800245953747151,0.01106663293222754,0.04054039714070143,-1.3010426069826053e-17,3.469446951953614e-17,0,0
536,0.4391275612303687,0.8064238022026432,0.011537818095407654,0.04081211087268319,-1.3010426069826053e-18,2.7755575615628914e-17,0,0
537,0.4581004959824952,0.8126096545896315,0.012007193817076614,0.041086047442446504,1.3877787807814457e-17,-2.7321894746634712e-17,0,0
538,0.4770860761988756,0.8187934874541096,0.012475302097125433,0.0413617007834851,-2.2985086056692694e-17,-2.6020852139652106e-18,0,0
539,0.4960598584144131,0.8250069009601726,0.012941602639487078,0.04164058967431137,6.5052130349130266e-18,1.474514954580286e-17,0,0
540,0.5150735241411495,0.8311938924732957,0.013407490786389283,0.041919961280090276,1.0733601507606494e-17,-4.7704895589362195e-17,0,0
541,0.6903225858745061,0.906435736729321,0.01764257501303027,0.045455276310223704,-7.806255641895632e-18,-2.6020852139652106e-18,0,0
542,0.7896898921798011,0.9526883147243899,0.020015226661541336,0.04768962724022661,-2.211772431870429e-17,6.071532165918825e-17,0,0
543,0.8380359461438216,0.9657431024165031,0.02116498232154506,0.04832398509509619,2.8189256484623115e-17,-2.7755575615628914e-17,0,0
544,0.8599999999995834,1.0,0.021685872478128355,0.05,7.806255641895632e-18,0.005530146312258315,0,4
545,0.05244327705302891,0.6450969015150974,0.0014769398650544298,0.033931192811612436,-1.3871011544236422e-17,-4.7704895589362195e-17,0,0
546,0.03455279600725733,0.639207243250418,0.0009757725812954906,0.03368224391504458,1.0842021724855044e-18,-1.5612511283791264e-17,0,0
547,0.06984901692143827,0.6499698157765915,0.0019619277887246342,0.03413278950365486,1.0083080204115191e-17,-1.0408340855860843e-17,0,0
548,0.01726163296130354,0.6299709429382733,0.0004896528178385625,0.033282639281396804,2.0383000842727483e-17,1.8214596497756474e-17,0,0
549,0.3779121846338594,0.7683128389836402,0.01002942305508249,0.03908510799289446,2.168404344971009e-18,3.144186300207963e-17,0,0
550,0.5340867301717244,0.8373805123293135,0.013872021847351392,0.04220106072504612,-2.168404344971009e-18,-4.445228907190568e-17,0,0
551,0.5531030905251182,0.8435672474216616,0.01433535532309513,0.042483861086973246,-8.673617379884035e-19,3.209238430557093e-17,0,0
552,0.5720980464721666,0.8497578965169518,0.014796959262526442,0.04276850642212793,-3.7947076036992655e-18,-2.6020852139652106e-17,0,0
553,0.5910946395376975,0.8559512148549305,0.015257466684672342,0.0430548614825591,1.3552527156068805e-17,3.729655473350135e-17,0,0
554,0.6101055707297427,0.8621397773259085,0.015717255001975818,0.04334249951204094,-1.8539857149502126e-17,1.1275702593849246e-17,0,0
555,0.6291207987292102,0.8683282951717928,0.016176138196831873,0.04363159303519272,1.0408340855860843e-17,4.119968255444917e-17,0,0
556,0.6481364874575974,0.8745161089575813,0.01663408024810667,0.04392204124227748,-3.0574501264091225e-17,3.426078865054194e-17,0,0
557,0.6671519325450134,0.8807038869771284,0.017091122250884508,0.0442138110300186,1.7672495411513722e-17,3.9898639947466563e-17,0,0
558,0.6861673381310898,0.886891881022092,0.017547325259019534,0.04450685558521438,9.75781955236954e-19,2.0383000842727483e-17,0,0
559,0.7093393774330123,0.9126209930597247,0.018098366480968752,0.04575063394389077,-8.673617379884035e-19,4.2825985813177425e-17,0,0
560,0.728348068045227,0.9188304642534076,0.018553209889517037,0.046048182459455196,-1.691355389077387e-17,1.6046192152785466e-17,0,0
561,0.7473644552738129,0.925018898196249,0.019007547385943586,0.04634567234603702,2.47198095326695e-17,-1.1275702593849246e-17,0,0
562,0.7663826082155759,0.931198588087446,0.01946127578822134,0.04664366174830083,-2.6020852139652106e-18,-1.6046192152785466e-17,0,0
563,0.7858414604877464,0.9367243412123015,0.019924965546306322,0.04691037962218096,-4.662069341687669e-18,-4.380176776841438e-17,0,0
564,0.8052670945139342,0.9453468881368421,0.020386918570051957,0.04732920674618258,2.2768245622195593e-17,-1.3010426069826053e-18,0,0
565,0.8264207371766513,0.9483499712282395,0.020889905634040327,0.04747392515847884,1.3010426069826053e-17,-3.209238430557093e-17,0,0
566,0.8695493896426905,0.9833228551980655,0.021912620659833845,0.04918329453101198,9.974659986866641e-18,2.45029690981724e-17,0,0
567,0.8594553867664206,0.9629948036338655,0.021673671722139645,0.0481882550850115,-2.1467203015212988e-17,1.5178830414797062e-17,0,0
568,0.879999999999508,1.0,0.022160261692747266,0.05,-4.336808689942018e-18,0.00553109087341102,0,4
569,0.2597825097898128,0.7116554984042485,0.007047706526200653,0.036632231721782246,-1.7672495411513722e-17,2.2551405187698492e-17,0,0
570,0.2407837453601635,0.705482185788865,0.006554909217785747,0.03638182615373149,-9.75781955236954e-18,9.974659986866641e-18,0,0
571,0.2217834451966091,0.6993122503346747,0.006058842315572516,0.036132576907408134,-5.9631119486702744e-18,-1.2576745200831851e-17,0,0
572,0.202771886543113,0.6931278401942396,0.005559117752684268,0.03588340313300097,1.5070410197548512e-17,6.938893903907228e-18,0,0
573,0.1837584444451263,0.6869413631609507,0.005055826192951884,0.035634536834733686,-3.0357660829594124e-18,4.5102810375396984e-17,0,0
574,0.1647445450777633,0.6807549250855562,0.00454887968245158,0.03538570648889166,-2.233456475320139e-17,3.3393426912553537e-17,0,0
575,0.1457303106944724,0.6745683082143149,0.00403818058476206,0.035136495720518066,3.0574501264091225e-17,-7.806255641895632e-18,0,0
576,0.1267157763095658,0.6683811617038493,0.003523658288518707,0.0348864422358139,-8.673617379884035e-18,4.9873299934333204e-17,0,0
577,0.1077007208242567,0.6621934775192613,0.003005270792664337,0.03463505968569647,-1.3877787807814457e-17,-7.806255641895632e-18,0,0
578,0.08868516640738838,0.6560054759780638,0.002483016551073291,0.0343818445380773,1.745565497701662e-17,4.336808689942018e-18,0,0
579,0.278791982869667,0.7178400342296178,0.007537702127155626,0.03688437815660745,-9.86623976961809e-18,-1.3010426069826053e-17,0,0
580,0.2978029163794308,0.7240260673905646,0.008024824535498054,0.037138039026264995,3.0357660829594124e-17,9.974659986866641e-18,0,0
581,0.3168083216348012,0.7302059465058353,0.008509062291879936,0.0373930387059607,-2.3960868011929648e-17,-3.729655473350135e-17,0,0
582,0.0,0.6200000000010513,0.0,0.03284795543777113,-0.004775722138946375,-1.8214596497756474e-17,1,0
583,0.3357677468912524,0.7363539100319914,0.00898957110345743,0.03764836954924409,1.1709383462843448e-17,-1.3444106938820255e-17,0,0
584,0.3547381300396422,0.7425638356829851,0.009467863817994046,0.03790843384397882,4.9873299934333204e-18,2.5153490401663703e-17,0,0
585,0.3737103255157628,0.7487630409603618,0.009943939268666597,0.03816993389104693,1.2576745200831851e-17,-5.941427905220564e-17,0,0
586,0.3969659855381776,0.7745021422538098,0.010505814256837689,0.03935086618302505,1.3010426069826053e-18,2.8406096919120216e-17,0,0
587,0.4160100758003548,0.7806941041711686,0.010980008675609852,0.039618691515265966,-2.6020852139652106e-18,-2.8189256484623115e-17,0,0
588,0.4350210023741492,0.7868831459696934,0.011451542549722808,0.03988836151300409,2.47198095326695e-17,-2.168404344971009e-17,0,0
589,0.4540068483339149,0.7930455575197319,0.011920756164171363,0.04015873346950939,-2.417770844642675e-17,-1.0842021724855044e-17,0,0
590,0.4729892134958328,0.799208058318088,0.012388272240934192,0.04043103261453405,-8.131516293641283e-18,5.377642775528102e-17,0,0
591,0.4919426311331868,0.8054262510185701,0.012853509511275882,0.040707926835946116,-1.4094628242311558e-18,-2.0816681711721685e-17,0,0
592,0.5109249648183201,0.8116340881539248,0.01331804887979286,0.040986173568489735,-1.5178830414797062e-18,-4.7704895589362195e-18,0,0
593,0.5299377822727174,0.8178208961301869,0.013782009246223607,0.04126522270639097,3.469446951953614e-18,4.640385298237959e-17,0,0
594,0.705182739613957,0.8930795448765878,0.018002738905803017,0.0448010745364819,-1.8648277366750676e-17,-3.230922474006803e-17,0,0
595,0.844050932538159,0.9507040883730393,0.021308624242554995,0.047587586290197485,-2.5804011705155006e-17,8.673617379884035e-19,0,0
596,0.8860015240249641,0.9850843949187775,0.02230265856991953,0.049269242851743056,-1.2902005852577503e-17,-5.204170427930421e-18,0,0
597,0.8999999999995835,1.0,0.022634207878789416,0.05,1.5612511283791264e-17,0.005532129852849943,0,4
598,0.06898045746591279,0.6295214567815688,0.0019525954603630351,0.033229346944067,-5.421010862427522e-18,1.0408340855860843e-17,0,0
599,0.05134447726402894,0.6292666593708602,0.0014546446212028543,0.0332341559842985,6.179952383167375e-18,6.288372600415926e-17,0,0
600,0.03452892607752868,0.6195758424336338,0.0009829456101328531,0.03281901818293792,-2.168404344971009e-17,-2.2551405187698492e-17,0,0
601,0.08514427467942748,0.636347927512857,0.0024012184044513,0.033513490224510604,-1.2468324983583301e-17,-9.107298248878237e-18,0,0
602,0.01626284366935944,0.6100000372195793,0.0004647261944631815,0.032408428374650654,1.3010426069826053e-18,2.168404344971009e-19,0,0
603,0.3928123391244243,0.7549465117677383,0.010421177845903924,0.03843248125581084,-3.469446951953614e-18,-2.2985086056692694e-17,0,0
604,0.5489467612348604,0.8240054497380624,0.014244605696040896,0.04154595685979089,-2.992397996059992e-17,6.7220534694101275e-18,0,0
605,0.5679471335582691,0.8301946364850848,0.014705791581810209,0.041828655653082726,4.0007060164715114e-17,-3.903127820947816e-18,0,0
606,0.5869458228334559,0.8363899232966079,0.01516580911665616,0.04211332564988117,-4.87890977618477e-18,-3.642919299551295e-17,0,0
607,0.6059568550944723,0.8425790102813623,0.015625073630084464,0.04239930165148687,1.1600963245594897e-17,-2.211772431870429e-17,0,0
608,0.6249718042687384,0.8487666712665545,0.0160834401941689,0.04268675448912843,2.5153490401663703e-17,-2.2985086056692694e-17,0,0
609,0.6439877522856071,0.8549543871025148,0.016540898149431178,0.042975688218257375,2.3852447794681098e-18,-5.074066167232161e-17,0,0
610,0.6630027312009658,0.8611419750669996,0.016997459443374413,0.0432660266595761,4.3042826247674526e-17,1.5178830414797062e-17,0,0
611,0.6820183723602156,0.8673298551966699,0.01745321996755675,0.04355772319708749,-1.8648277366750676e-17,-2.3418766925686896e-17,0,0
612,0.7010337623450045,0.8735176678284483,0.01790821009984498,0.043850688888106136,-6.396792817664476e-18,1.3010426069826053e-18,0,0
613,0.7241983606010299,0.899267733717322,0.018457414032023875,0.045096434496929266,1.1275702593849246e-17,-8.023096076392733e-18,0,0
614,0.7432147693782081,0.9054558805480472,0.018911430537139416,0.04539283240156978,3.3610267347050637e-18,-4.5536491244391186e-17,0,0
615,0.762230585914043,0.9116429905868009,0.019364801176393425,0.04569016006018585,2.6020852139652106e-17,7.806255641895632e-18,0,0
616,0.7812480109958824,0.9178200430898619,0.01981761975693259,0.04598786135719854,-5.421010862427522e-18,8.239936510889834e-18,0,0
617,0.8002763033513426,0.9239645843863437,0.020270153718512266,0.04628478894760166,3.0357660829594124e-18,-5.637851296924623e-18,0,0
618,0.8193860316123323,0.929864411961023,0.020724200130227355,0.04657051812070454,4.553649124439119e-18,-1.0842021724855044e-17,0,0
619,0.8387136683402986,0.9350977774301886,0.021182966058654627,0.04682423757741193,-7.806255641895632e-18,2.6454533008646308e-17,0,0
620,0.880966737771326,0.9675690708470063,0.02218368287241194,0.04841124303182075,6.5052130349130266e-18,-3.63207727782644e-17,0,0
621,0.8573500987032654,0.9415800020753974,0.021624783829176614,0.04713977768494901,7.589415207398531e-18,-1.1275702593849246e-17,0,0
622,0.8994914927117138,0.974530048548816,0.022622419404451984,0.048751774042478886,1.3227266504323154e-17,3.599551212651875e-17,0,0
623,0.9399999999997501,1.0,0.023581134169355113,0.05,-1.3010426069826053e-18,0.005533342080173589,0,4
624,0.9199999999996669,1.0,0.02310781075742794,0.05,-2.791820594150174e-18,0.0055329191151251515,0,4
625,0.9299999999997091,0.9826794919242391,0.023344624377194964,0.049150716628465464,-8.72782748850831e-18,8.673617379884035e-19,0,0
626,0.9131686323850143,0.9845089026849032,0.022946201950238953,0.049240609331416614,-9.107298248878237e-18,1.3010426069826053e-18,0,0
627,0.2746454464957416,0.6982841878627856,0.007456023997782572,0.03598644676150446,2.2876665839444144e-17,-2.6020852139652106e-18,0,0
628,0.2556463194002785,0.6921111324628898,0.006965837789200691,0.03573842559728903,2.927345865710862e-18,1.0842021724855044e-17,0,0
629,0.2366471526571139,0.6859395374401908,0.006472353926118954,0.03549177213408905,-1.8214596497756474e-17,3.209238430557093e-17,0,0
630,0.2176358472526447,0.6797550855645601,0.005975086857831934,0.035245589375141946,7.697835424647081e-18,2.862293735361732e-17,0,0
631,0.1986230553730498,0.6735687294933235,0.005474125005303619,0.035000051300258114,1.2793585635328952e-17,-3.469446951953614e-17,0,0
632,0.179609446922566,0.6673815828694424,0.004969321010686214,0.03475485015699858,-7.15573433840433e-18,-4.2934406030425976e-17,0,0
633,0.1605954146428343,0.661194929093395,0.004460540300969998,0.034509636999656465,1.3010426069826053e-18,3.469446951953614e-18,0,0
634,0.1415813823264215,0.6550079679406078,0.003947681475267706,0.03426392069296345,3.903127820947816e-18,-2.6454533008646308e-17,0,0
635,0.1225671765713768,0.6488208532216453,0.0034306663712776824,0.03401720789505865,-3.7947076036992655e-18,-2.47198095326695e-17,0,0
636,0.1035526159888144,0.6426329101052751,0.002909473743977898,0.03376892480059765,1.5612511283791264e-17,-1.3010426069826053e-18,0,0
637,0.2936549965533506,0.7044695220277537,0.007943356046948744,0.03623654024914229,-3.924811864397526e-17,-1.9081958235744878e-17,0,0
638,0.31266510603052,0.7106553975880645,0.008427775812381863,0.036488368625663306,3.0682921481339775e-17,5.681219383824043e-17,0,0
639,0.3316594301348571,0.7168275594968875,0.008909063985891386,0.03674143926445374,-2.2768245622195593e-17,6.071532165918825e-18,0,0
640,0.0,0.6000000000010677,0.0,0.03197485147057224,-0.004783977155388126,2.0383000842727483e-17,1,0
641,0.3506511367442025,0.7230137719631383,0.009387701475499164,0.03699714224089429,-3.0357660829594124e-18,2.688821387764051e-17,0,0
642,0.3696370311132441,0.7292087207120731,0.009863788923210286,0.037255318742619295,5.854691731421724e-18,3.5561831257524545e-17,0,0
643,0.3886773591754125,0.7353918472738388,0.010339037700631569,0.037514966181696884,-3.144186300207963e-18,-7.37257477290143e-18,0,0
644,0.4118622854000591,0.7611366234128326,0.01089506965557755,0.03869746310379433,3.903127820947816e-17,2.3852447794681098e-18,0,0
645,0.4308721328019408,0.7673257928748726,0.01136606791742352,0.03896450616137159,-1.3986208025063007e-17,-1.9081958235744878e-17,0,0
646,0.4498825448577984,0.7735107235974646,0.011835324002709214,0.039233395523165716,6.288372600415926e-18,4.7704895589362195e-18,0,0
647,0.468888982913104,0.7796914217819413,0.012302836090875784,0.039504125629245754,-1.734723475976807e-18,-4.683753385137379e-17,0,0
648,0.487849701640437,0.7858445893908448,0.012767695946425685,0.03977560394228192,-1.951563910473908e-18,-3.8163916471489756e-17,0,0
649,0.5068124566838013,0.7920578205914881,0.013231122597028645,0.040051928226467505,2.4936649967166602e-17,6.5052130349130266e-18,0,0
650,0.5257895442583612,0.7982615391736086,0.013693564315138785,0.04032972135370894,-1.691355389077387e-17,-2.688821387764051e-17,0,0
651,0.544800576487354,0.8044468927258281,0.014155586385028607,0.040608486239041834,4.9873299934333204e-18,-5.637851296924623e-18,0,0
652,0.7200491227094133,0.8797056249537101,0.018362486475609768,0.04414485966491485,-4.336808689942018e-18,2.168404344971009e-19,0,0
653,0.8763235070589102,0.9487772703982195,0.022074348455130437,0.04749090668089753,3.133344278483108e-17,1.3010426069826053e-17,0,0
654,0.9478317020445453,0.9827872125318369,0.023766479556325756,0.04915579863027207,-6.505213034913027e-19,-1.8648277366750676e-17,0,0
655,0.9599999999998334,1.0,0.0240542268942342,0.05,3.0357660829594124e-18,0.005533794680589616,0,4
656,0.08102251259340826,0.6169007128101909,0.0023027980280884487,0.032659871902346864,8.023096076392733e-18,-2.2985086056692694e-17,0,0
657,0.0610065947257421,0.6116347275828801,0.0017401593804361201,0.03245076622579187,2.5804011705155006e-17,-3.382710778154774e-17,0,0
658,0.04767775382154465,0.6160205055518495,0.001359054281260412,0.032655290289727995,-1.7997756063259374e-17,-2.688821387764051e-17,0,0
659,0.02876463826652014,0.6005506260817922,0.0008255242899202719,0.03199090583094089,1.1709383462843448e-17,2.992397996059992e-17,0,0
660,0.09950587131723898,0.6230574120662585,0.0028169474832411604,0.03290643664859934,-2.417770844642675e-17,-6.071532165918825e-18,0,0
661,0.01732050807564774,0.5900000000011215,0.000499752578359457,0.03153788514725402,3.0357660829594124e-18,9.540979117872439e-18,0,0
662,0.4077095734089965,0.7415811241534366,0.010811982315540036,0.0377770689125021,-2.6020852139652106e-18,4.7704895589362195e-18,0,0
663,0.5638050568072647,0.8106304943748224,0.014616259153861933,0.04088900605504375,1.474514954580286e-17,-2.179246366695864e-17,0,0
664,0.5828053827793178,0.8168225171733747,0.01507571076848751,0.04117170887622544,5.637851296924623e-18,1.1275702593849246e-17,0,0
665,0.6018083198943749,0.8230181627585027,0.015534182005864918,0.041456293340305934,-8.673617379884035e-18,-2.6020852139652106e-18,0,0
666,0.6208235942074268,0.829205599271195,0.015991980904466654,0.04174211297236645,8.023096076392733e-18,9.540979117872439e-18,0,0
667,0.6398387363607538,0.8353927934743713,0.01644886336402627,0.04202949159478447,-1.7997756063259374e-17,2.42861286636753e-17,0,0
668,0.6588534382978739,0.841579955587781,0.016904883087772472,0.04231836829823011,-1.1926223897340549e-17,-2.7755575615628914e-17,0,0
669,0.6778691610443153,0.8477682140006726,0.01736013281803579,0.042608726638353946,-2.2442984970449942e-17,2.168404344971009e-17,0,0
670,0.6968846894804,0.8539560348877844,0.017814638382367104,0.04290041998394176,1.8431436932253575e-17,7.806255641895632e-18,0,0
671,0.7159000263308198,0.8601436740493602,0.018268452282149582,0.04319338628853417,9.75781955236954e-19,5.204170427930421e-18,0,0
672,0.7390652198903824,0.8858933359796841,0.018816118002551393,0.044440144743105696,1.3877787807814457e-17,3.1008182133085427e-17,0,0
673,0.7580817130019695,0.8920808420772232,0.019269150306044244,0.04473647127347019,-7.589415207398531e-19,1.5612511283791264e-17,0,0
674,0.777094216862144,0.8982687195214638,0.019721525093460066,0.0450337800997292,-2.7321894746634712e-17,1.214306433183765e-17,0,0
675,0.7961113264867621,0.9044492049042098,0.020173504390361304,0.04533162244656029,-2.667137344314341e-17,2.2985086056692694e-17,0,0
676,0.8151235433921357,0.9106478531037057,0.020624903343710088,0.04563120367439963,1.691355389077387e-17,5.160802341031001e-17,0,0
677,0.8341407301120706,0.9168358654672023,0.021076006853133968,0.045930995161060605,-4.662069341687669e-18,-1.691355389077387e-17,0,0
678,0.853230696321044,0.9228087373319271,0.021528468987872397,0.046220946858702754,-5.7462715141731735e-18,-3.686287386450715e-17,0,0
679,0.8956933127721411,0.9552968582306303,0.022533042577575078,0.047809267593843484,-2.862293735361732e-17,-2.211772431870429e-17,0,0
680,0.8721869884145921,0.929219942744643,0.021977399887504228,0.04653305858255404,-3.577867169202165e-18,1.951563910473908e-17,0,0
681,0.9159979671153411,0.964387478214386,0.023013511606183014,0.04825411997108864,3.621235256101585e-17,-1.0408340855860843e-17,0,0
682,0.936711956366116,0.9659686173895196,0.023503615866316805,0.04833110698839545,7.589415207398531e-18,-2.6020852139652106e-17,0,0
683,0.9687006111491041,0.9809011164293434,0.02426000982885701,0.04906310761134837,-1.0842021724855044e-17,1.734723475976807e-17,0,0
684,0.9799999999999167,1.0,0.02452714772505411,0.05,-6.938893903907228e-18,0.005534077923151391,0,4
685,0.2895125705426409,0.6849155089335541,0.007864273003630885,0.03533691926302095,6.505213034913027e-19,5.204170427930421e-18,0,0
686,0.2705097640836058,0.6787387050540531,0.007376838107217927,0.0350909801316476,9.324138683375338e-18,7.806255641895632e-18,0,0
687,0.2515092980152338,0.6725666802271963,0.006886122578470578,0.034846878031877145,-1.702197410802242e-17,-1.8214596497756474e-17,0,0
688,0.2324995288242523,0.6663828404342925,0.00639162874575996,0.0346036316094358,6.071532165918825e-18,-4.336808689942018e-19,0,0
689,0.2134873166740427,0.6601966849632666,0.005893308393763817,0.0343613737265048,-2.4936649967166602e-17,5.637851296924623e-18,0,0
690,0.1944746734039604,0.654010084359409,0.005391006328603417,0.03411984296270706,7.914675859144182e-18,4.2500725161431774e-17,0,0
691,0.1754604415894257,0.6478223479349078,0.004884501328373738,0.03387861180637451,-8.673617379884035e-18,2.6454533008646308e-17,0,0
692,0.1564465002513077,0.6416351391802927,0.00437367424460674,0.03363729595382999,-1.3227266504323154e-17,7.806255641895632e-18,0,0
693,0.1374329080792247,0.6354481511537192,0.003858393315557245,0.0333953678452366,9.107298248878237e-18,4.119968255444917e-17,0,0
694,0.1184191735124351,0.6292609557887809,0.003338555959016123,0.03315223817852289,-9.86623976961809e-18,5.377642775528102e-17,0,0
695,0.308517460600183,0.6910996184997066,0.00834863000970593,0.03558501317418031,-1.3444106938820255e-17,-3.903127820947816e-17,0,0
696,0.3275268842657599,0.6972851303213758,0.00883018835886032,0.03583514267611769,4.445228907190568e-18,2.6454533008646308e-17,0,0
697,0.04383101721887889,0.603604792820024,0.0012556785046521919,0.03211458664822105,-8.890457814381136e-18,9.974659986866641e-18,0,0
698,0.3465362466759375,0.7034704884126546,0.009309031116191023,0.03608737012839753,-1.0950441942103595e-17,-2.2551405187698492e-17,0,0
699,0.0,0.5800000000011323,0.0,0.0311076671915118,-0.004794096956523124,-1.3877787807814457e-17,1,0
700,0.3655470020652628,0.7096523728320356,0.009785392787814335,0.036341625383510705,2.3201926491189795e-17,-1.6479873021779667e-17,0,0
701,0.384556943418872,0.7158370911519343,0.010259392299221163,0.0365982730146461,-6.505213034913027e-19,-8.673617379884035e-19,0,0
702,0.4035657544761524,0.7220258392894592,0.010731187890128318,0.03685740069139788,-1.5829351718288365e-17,3.859759734048396e-17,0,0
703,0.4267238012150699,0.7477685895386764,0.011282529675311872,0.03804128565748138,-5.204170427930421e-18,2.211772431870429e-17,0,0
704,0.445734696639096,0.753954269123857,0.011751186722987018,0.03830759426207053,-1.2902005852577503e-17,1.431146867680866e-17,0,0
705,0.4647459129644738,0.7601398556851591,0.012218168313761933,0.03857605545324313,-6.613633252161577e-18,-2.6020852139652106e-18,0,0
706,0.4837284612395993,0.7663035349871459,0.01268289296156414,0.03884563412521401,3.686287386450715e-18,3.426078865054194e-17,0,0
707,0.502700477537387,0.7724974060893197,0.013145871460083553,0.03911876385599302,9.974659986866641e-18,-3.469446951953614e-18,0,0
708,0.5216578092509733,0.7786989757498131,0.013607132256195512,0.039394325796187436,-4.7704895589362195e-18,8.673617379884035e-19,0,0
709,0.5406540657982706,0.7848901426674462,0.014068094518552367,0.0396713382422305,6.505213034913027e-19,-1.5178830414797062e-17,0,0
710,0.5596664278107965,0.7910767368070788,0.014528270908477548,0.03995005141102298,8.239936510889834e-18,-6.071532165918825e-18,0,0
711,0.7349157089955285,0.8663312696760298,0.018721638680843186,0.04348755806998765,1.1275702593849246e-17,-7.914675859144182e-18,0,0
712,0.8912654032250021,0.9354450923241338,0.022429003471810014,0.04683655281517975,3.2526065174565133e-19,3.903127820947816e-18,0,0
713,0.9539933144097296,0.9683654684817679,0.023912322662212642,0.048448340161357045,-3.350184712980209e-17,-5.204170427930421e-18,0,0
714,0.9854608147088563,0.9854608147088646,0.0246562660604253,0.049286721656484164,1.214306433183765e-17,2.1250362580715887e-17,0,0
715,1.0,1.0,0.025,0.05,0.0023084044337102483,0.00276709377193147,2,4
716,0.09525655173429304,0.6035155710693808,0.0027191238370824823,0.0320508183586944,-1.3118846287074604e-17,2.47198095326695e-17,0,0
717,0.0762413256378352,0.597327181848201,0.0021859834952718564,0.031806599282979214,-8.456776945386935e-18,-1.6479873021779667e-17,0,0
718,0.03597375861400417,0.5843739173582221,0.0010404651527623969,0.0312837912861333,1.431146867680866e-17,7.37257477290143e-18,0,0
719,0.114271019060148,0.609702092189306,0.0032473068556410764,0.032292066738745843,1.919037845299343e-17,-3.642919299551295e-17,0,0
720,0.01741654021140049,0.5704430276834367,0.0005074875538758622,0.030692233720993528,-3.2526065174565133e-18,-1.9949319973733282e-17,0,0
721,0.422575648147439,0.7282119484739652,0.011201005610691067,0.037118707260809486,3.122502256758253e-17,2.168404344971009e-17,0,0
722,0.5786682515730902,0.7972551444229528,0.014987091624102078,0.04023025511992015,-4.336808689942018e-18,-2.2985086056692694e-17,0,0
723,0.5976727416476342,0.8034515300598475,0.015444937246831571,0.040513132579589856,-2.0708261494473135e-17,9.540979117872439e-18,0,0
724,0.6166791343920344,0.8096445307280951,0.01590187327708596,0.040797582863385834,-2.8189256484623115e-18,-3.0357660829594124e-18,0,0
725,0.6356927498599143,0.8158317467029483,0.0163580948549148,0.04108341220263489,2.211772431870429e-17,2.5587171270657905e-17,0,0
726,0.6547059780965616,0.8220194321833657,0.016813476768421338,0.041370855616843144,7.15573433840433e-18,-2.992397996059992e-17,0,0
727,0.6737204063762348,0.8282068321706741,0.017268117150207776,0.041659801374202575,-2.2985086056692694e-17,2.2985086056692694e-17,0,0
728,0.692735540198687,0.8343946807552809,0.017722059910572307,0.041950210683708085,1.8648277366750676e-17,-2.42861286636753e-17,0,0
729,0.7117507909686704,0.8405821249739042,0.018175344790853774,0.04224196663563586,-2.2768245622195593e-18,-1.474514954580286e-17,0,0
730,0.7307662768362265,0.8467696156574624,0.018628026187881865,0.04253501529163777,-2.2876665839444144e-17,-1.951563910473908e-17,0,0
731,0.7539307567425622,0.872518572154622,0.019174223719755752,0.0437828487400778,3.469446951953614e-18,-2.4069288229178198e-17,0,0
732,0.7729443533864299,0.8787068057308765,0.01962623819014993,0.044079235846322916,-2.439454888092385e-17,3.469446951953614e-18,0,0
733,0.7919570096221515,0.8848964688161024,0.020077746017552245,0.044376671646524944,2.42861286636753e-17,-2.2551405187698492e-17,0,0
734,0.81097401170072,0.8910845727454946,0.020528922473279726,0.04467494490822767,6.938893903907228e-18,-3.426078865054194e-17,0,0
735,0.8299912057217735,0.8972724837240702,0.020979711181516682,0.04497403931845203,-6.7220534694101275e-18,1.2576745200831851e-17,0,0
736,0.8490083181530714,0.9034604443845189,0.021430161737291373,0.045273904057911665,1.496198998029996e-17,2.2551405187698492e-17,0,0
737,0.8680274677071682,0.9096498362004273,0.021880355250857575,0.04557456863211223,-1.4094628242311558e-17,-1.3877787807814457e-17,0,0
738,0.910298459246522,0.941521400337643,0.022879317662355625,0.047133246310383264,1.1709383462843448e-17,1.4094628242311558e-18,0,0
739,0.8870428227296141,0.9158368690085066,0.0223302042839036,0.0458757482532707,-1.7997756063259374e-17,-6.071532165918825e-18,0,0
740,0.9295875512612458,0.9473774499229572,0.023335526909496845,0.047419536269492135,-1.3010426069826053e-17,7.37257477290143e-18,0,0
741,0.9489363798614759,0.9525808442237571,0.0237929902648237,0.04767414923480902,-4.336808689942018e-19,3.8163916471489756e-17,0,0
742,0.9673893950293735,0.960294072862109,0.024229147635648776,0.048052181420068174,1.5612511283791264e-17,-1.5612511283791264e-17,0,0
743,0.9841239710170981,0.9694786126287799,0.024624706770453954,0.04850264322922825,-5.637851296924623e-18,-3.903127820947816e-17,0,0
744,1.0,0.9799999999999475,0.025,0.049018803165066634,0.0046167228256053265,-7.37257477290143e-18,2,0
745,0.3043746284151062,0.6715447158170825,0.008272000504947596,0.0346833304225832,2.710505431213761e-18,-1.474514954580286e-17,0,0
746,0.2853722415839787,0.6653632319202212,0.007787636689486044,0.03443926089518282,1.1926223897340549e-17,-2.2985086056692694e-17,0,0
747,0.2663703775184438,0.6591919606629681,0.0072999295794351615,0.03419761737656939,9.324138683375338e-18,1.6479873021779667e-17,0,0
748,0.2473621969047016,0.6530111691098035,0.006808485431120893,0.033957290530982696,-2.3852447794681098e-18,1.5612511283791264e-17,0,0
749,0.2283508513815568,0.6468250289532926,0.006313130612305037,0.033718201913902485,1.3227266504323154e-17,2.3418766925686896e-17,0,0
750,0.2093391340827871,0.6406386953849273,0.005813682415880168,0.03348026199417639,-1.734723475976807e-17,-1.474514954580286e-17,0,0
751,0.1903256760419323,0.6344514329751573,0.005309865482038338,0.03324305927794023,7.697835424647081e-18,-1.9081958235744878e-17,0,0
752,0.1713114342508232,0.6282629665175301,0.004801482367824203,0.03300613342835127,1.5178830414797062e-18,-2.42861286636753e-17,0,0
753,0.1522978068814371,0.6220755851204254,0.0042883692805530515,0.032769071558284436,1.6263032587282567e-17,-3.0791341698588326e-17,0,0
754,0.1332845230103515,0.615888837359049,0.003770356794650553,0.03253127175903122,2.0599841277224584e-18,-3.165870343657673e-17,0,0
755,0.323379363979773,0.677730052330676,0.008753318007252717,0.03492970027235219,-3.003240017784847e-17,-1.3010426069826053e-18,0,0
756,0.3423887680072212,0.6839151494483793,0.00923188300310994,0.03517830577541964,3.5561831257524545e-17,-2.949029909160572e-17,0,0
757,0.05730043450713521,0.5909083413061698,0.0016498970809306738,0.031549143438856446,-2.8189256484623115e-18,-2.0816681711721685e-17,0,0
758,0.3613983072637802,0.6901002378468656,0.009707794612957506,0.03542926312394021,-1.431146867680866e-17,-1.1275702593849246e-17,0,0
759,0.0,0.5600000000011761,0.0,0.03024676028450983,-0.004804089346261684,-2.6020852139652106e-18,1,0
760,0.3804077938011542,0.6962849368693715,0.010181253691836454,0.035682617906641706,4.228388472693467e-18,2.168404344971009e-17,0,0
761,0.3994173648501204,0.7024700516980857,0.010652454417276502,0.03593843940268906,1.4094628242311558e-17,-4.163336342344337e-17,0,0
762,0.4184272056587393,0.7086558972209864,0.01112158030203912,0.03619675690914007,-1.5612511283791264e-17,-3.859759734048396e-17,0,0
763,0.4415858671831459,0.7343975411685127,0.011668971620762558,0.03738229584947322,-1.951563910473908e-17,-4.618701254788249e-17,0,0
764,0.4605969068710228,0.7405829016324162,0.012135235413291987,0.03764816230814803,1.691355389077387e-17,2.5587171270657905e-17,0,0
765,0.4796000701993693,0.7467591806968759,0.01259971940776848,0.03791586389528106,-2.7755575615628914e-17,-3.469446951953614e-18,0,0
766,0.4985667688831193,0.7529205783921625,0.013061841403970487,0.03818511921572862,7.48099499014998e-18,-7.806255641895632e-18,0,0
767,0.5175154558032278,0.7591367197567436,0.01352210708048865,0.03845918506510724,3.903127820947816e-18,2.211772431870429e-17,0,0
768,0.5365060248729098,0.7653315923131271,0.013982159323226625,0.038734288868004375,-1.9081958235744878e-17,1.3877787807814457e-17,0,0
769,0.5555176651704787,0.7715180944045131,0.014441558231729082,0.039011014461248994,1.5395670849294163e-17,0.0,0,0
770,0.5745281962452397,0.7777028984542707,0.0148998382452096,0.039289642681512804,-4.445228907190568e-18,3.0791341698588326e-17,0,0
771,0.7497813180642248,0.852956684136435,0.01908013806879463,0.042829257833844406,2.168404344971009e-17,1.0191500421363742e-17,0,0
772,0.9061158669217741,0.9220198136866543,0.022781240135317793,0.04617725942365263,-2.894819800536297e-17,2.949029909160572e-17,0,0
773,0.1101224783408044,0.590141880199307,0.0031570288580192694,0.031437143994911716,-1.0733601507606494e-17,-2.905661822261152e-17,0,0
774,0.09110776893671949,0.5839542882611622,0.0026248017093659488,0.031199695219769865,6.938893903907228e-18,2.0816681711721685e-17,0,0
775,0.07209243256223022,0.5777657609246519,0.002086906238773106,0.030959181116743204,-1.6263032587282567e-17,3.382710778154774e-17,0,0
776,0.03528481063442386,0.5637879330285421,0.0010312941164010972,0.030395713744653018,-2.8189256484623115e-17,-1.734723475976807e-18,0,0
777,0.05332048406940521,0.5714893918943358,0.0015508231867157188,0.03071060271862526,2.873135757086587e-17,3.469446951953614e-17,0,0
778,0.1291362367820688,0.5963292408711461,0.0036836730696815537,0.0316721012750155,5.095750210681871e-18,2.5153490401663703e-17,0,0
779,0.01739382020149118,0.5507420431130448,0.0005124732925481043,0.029847019622401577,-9.107298248878237e-18,1.3444106938820255e-17,0,0
780,0.4374372463815135,0.7148413355211238,0.011588796103535344,0.036457511962771666,2.3852447794681098e-17,5.876375774871434e-17,0,0
781,0.5935318416226611,0.7838899238636136,0.015356934984245226,0.039570297946258305,-1.5178830414797062e-17,-3.686287386450715e-18,0,0
782,0.6125382433861091,0.7900805264928785,0.015813156864497573,0.039852961893190195,1.0733601507606494e-17,-1.8648277366750676e-17,0,0
783,0.6315459766039532,0.7962716404364163,0.016268540076632067,0.04013741234291056,-2.992397996059992e-17,1.3010426069826053e-17,0,0
784,0.6505584541958468,0.8024589707813758,0.01672323342521738,0.04042336085358203,1.2902005852577503e-17,2.7755575615628914e-17,0,0
785,0.6695720834887467,0.8086462943830438,0.017177208658062933,0.04071091630300796,-9.540979117872439e-18,4.336808689942018e-18,0,0
786,0.6885862216227926,0.8148337232758969,0.017630507793760464,0.04100000716720524,2.0166160408230382e-17,-3.0791341698588326e-17,0,0
787,0.7076011928048733,0.8210208961997594,0.018083193428546952,0.04129053760596742,-6.179952383167375e-18,-1.3877787807814457e-17,0,0
788,0.7266169540121272,0.8272082701995523,0.01853531648693367,0.04158245218150627,-1.713039432527097e-17,3.469446951953614e-17,0,0
789,0.7456322283183604,0.8333956549243968,0.01898689691086958,0.04187566447060158,4.87890977618477e-18,4.7704895589362195e-17,0,0
790,0.768795760789172,0.8591446713565878,0.019531725503092873,0.04312468113810332,-2.2551405187698492e-17,-9.64939933512099e-18,0,0
791,0.7878094526125115,0.8653330181759245,0.01998283565760837,0.04342118259736707,2.200930410145574e-17,4.336808689942018e-18,0,0
792,0.8068247521663758,0.8715215589768511,0.02043357338707566,0.0437186829834404,-1.734723475976807e-17,-3.0357660829594124e-18,0,0
793,0.825841848805742,0.8777093468949443,0.02088398924849559,0.04401705979022204,9.540979117872439e-18,-1.8214596497756474e-17,0,0
794,0.8448587894494255,0.8838972554247815,0.02133408526213866,0.04431628919731122,1.6046192152785466e-17,-8.239936510889834e-18,0,0
795,0.8638758937169856,0.8900851709749646,0.021783916262811707,0.04461630460565171,-1.5395670849294163e-17,3.0791341698588326e-17,0,0
796,0.8828931595599047,0.8962731375861673,0.022233516495214968,0.044917036563503036,1.3444106938820255e-17,8.239936510889834e-18,0,0
797,0.9252494022193801,0.928204994289494,0.023233549487891074,0.046479364594260206,2.211772431870429e-17,6.722053469410127e-17,0,0
798,0.9019106788160324,0.9024612136689614,0.022682938688738538,0.045218407606075796,1.8431436932253575e-17,-5.767955557622884e-17,0,0
799,0.9453617659391584,0.9342208538103074,0.023708886948302924,0.0467735557585366,-4.336808689942018e-18,-2.3852447794681098e-17,0,0
800,0.9654029943425227,0.9410281492023194,0.024182442748568938,0.04710696108252614,-1.1709383462843448e-17,-7.37257477290143e-18,0,0
801,0.9831930052152538,0.95021567177252,0.024602791658204694,0.04755752761447856,1.1275702593849246e-17,4.2934406030425976e-17,0,0
802,1.0,0.9599999999998947,0.025,0.0480375455567845,0.004616549877010798,2.6020852139652106e-18,2,0
803,0.3192320444199291,0.6581755695040443,0.008678978893728255,0.03402577078585773,-2.7755575615628914e-17,-9.974659986866641e-18,0,0
804,0.3002298371278587,0.651991007397212,0.008197873320382939,0.03378344450584731,-7.37257477290143e-18,-3.0357660829594124e-18,0,0
805,0.2812257644081542,0.6458136273277629,0.007713397729408031,0.033543754822908035,3.5019730171281793e-17,-1.3877787807814457e-17,0,0
806,0.2622226136093582,0.6396381178780121,0.007225358876851835,0.03330626615677909,-1.431146867680866e-17,-2.6020852139652106e-17,0,0
807,0.243213670618665,0.6334543074665091,0.006733317555493259,0.0330702939789841,2.710505431213761e-17,-3.686287386450715e-17,0,0
808,0.224202497840422,0.6272677881159041,0.006237068232797971,0.032835799363498314,2.0599841277224584e-18,-4.0766001685454967e-17,0,0
809,0.2051901999639252,0.621080574096952,0.005736348548517422,0.03260251947128472,-7.15573433840433e-18,-4.336808689942018e-19,0,0
810,0.1861765520092442,0.6148926812515496,0.005230873583683507,0.03237003068825212,-1.485356976305141e-17,4.336808689942018e-18,0,0
811,0.167162702167784,0.6087042226376279,0.004720411892760094,0.032137836453507394,8.239936510889834e-18,2.7321894746634712e-17,0,0
812,0.1481495113592527,0.6025165039125382,0.004204750404253084,0.0319054155227095,-2.3852447794681098e-18,8.239936510889834e-18,0,0
813,0.3382413230576511,0.6643604183989438,0.009157217618411638,0.0342705294771823,2.6237692574149207e-17,6.5052130349130266e-18,0,0
814,0.3572500956243425,0.6705451776332922,0.009632639723488648,0.03451781897514865,1.951563910473908e-18,2.47198095326695e-17,0,0
815,0.3762589356623888,0.6767303142045533,0.01010549003374006,0.03476772338997612,-2.938187887435717e-17,-6.071532165918825e-18,0,0
816,0.0,0.5400000000011733,0.0,0.029393037686696,-0.0048153809637433214,7.806255641895632e-18,1,0
817,0.3952690359667857,0.6829152350239133,0.01057601412620246,0.03502024328147005,3.664603343001005e-17,3.686287386450715e-17,0,0
818,0.4142775661355937,0.6891007773701495,0.01104433933062027,0.03527543340228031,-2.721347452938616e-17,1.474514954580286e-17,0,0
819,0.4332887955449561,0.6952857924972992,0.011510757765111011,0.03553321978830293,-2.710505431213761e-18,-3.903127820947816e-18,0,0
820,0.4564470943843524,0.7210261286957191,0.012054243881920865,0.036720673017307116,-4.2934406030425976e-17,-1.1492543028346347e-17,0,0
821,0.4754498823924931,0.7272113343562105,0.01251789270001903,0.036986266971037074,2.45029690981724e-17,4.0766001685454967e-17,0,0
822,0.4944287481883452,0.7333805917858878,0.012979475215362187,0.0372534835235834,2.3852447794681098e-18,-3.165870343657673e-17,0,0
823,0.5134026514216405,0.7395694088860103,0.013439540866477208,0.037523940399707204,1.0299920638612292e-17,-1.1275702593849246e-17,0,0
824,0.5323707627231185,0.7457711965611039,0.013898190561684358,0.03779726426889953,-1.474514954580286e-17,-2.688821387764051e-17,0,0
825,0.5513698742416706,0.7519603479521274,0.014356442922032203,0.03807210633068636,1.8214596497756474e-17,1.3444106938820255e-17,0,0
826,0.5703816186782662,0.758146822274739,0.01481392525132812,0.038348901545636235,-1.8106176280507924e-17,2.6020852139652106e-18,0,0
827,0.5893924497271417,0.7643322408671864,0.015270388411003892,0.03862766999208016,2.2985086056692694e-17,-3.642919299551295e-17,0,0
828,0.7646470097152905,0.8395826697859438,0.019437983767295042,0.04217007752154688,8.673617379884035e-19,2.656295322589486e-17,0,0
829,0.9209284352940946,0.9086493124911877,0.023132252186920034,0.045520313905366476,-5.421010862427522e-19,-4.85722573273506e-17,0,0
830,0.1059740653710451,0.5705812794977302,0.0030678086220107116,0.030588036259110333,4.0223900599212215e-17,2.992397996059992e-17,0,0
831,0.1249880058506846,0.5767689770350719,0.003598451285619445,0.030818380021093453,-2.233456475320139e-17,-2.905661822261152e-17,0,0
832,0.08702055311293122,0.5644509957646617,0.002532611039070309,0.030357238867695535,-4.119968255444917e-18,-6.071532165918825e-18,0,0
833,0.06831082335311375,0.558551465084065,0.0019982269967225405,0.030132515425563274,-1.6696713456276768e-17,-8.239936510889834e-18,0,0
834,0.05151120094745685,0.5508839211166602,0.0015152844921640807,0.02982562447125617,6.938893903907228e-18,-2.2985086056692694e-17,0,0
835,0.03436890608564892,0.54113158342316,0.0010178471679412313,0.029426762794232,5.854691731421724e-18,-9.540979117872439e-18,0,0
836,0.1440013602251939,0.5829571396510157,0.004122952492209577,0.031046786702550944,8.239936510889834e-18,1.0842021724855044e-17,0,0
837,0.01727144103356693,0.5300164821327571,0.0005155545661133639,0.028966022019685452,-4.336808689942018e-19,-1.3010426069826053e-17,0,0
838,0.4522985081367934,0.7014708790476989,0.011975331128908015,0.03579361185143077,1.6479873021779667e-17,-1.1709383462843448e-17,0,0
839,0.6083982016340377,0.7705163054760744,0.015725809215763803,0.03890832252659917,-6.938893903907228e-18,1.3769367590565906e-17,0,0
840,0.6274015644163347,0.7767092283932248,0.016180318378955238,0.03919127045678875,8.456776945386935e-18,-3.165870343657673e-17,0,0
841,0.6464099823333825,0.782899422926089,0.016634170314062047,0.03947586494388689,3.230922474006803e-17,-1.8648277366750676e-17,0,0
842,0.6654234629351937,0.7890863368296624,0.017087426617009717,0.03976199791398731,2.6020852139652106e-18,-2.8189256484623115e-17,0,0
843,0.6844372550316811,0.7952733480206693,0.017540029725038493,0.04004975708070042,1.3877787807814457e-17,2.7321894746634712e-17,0,0
844,0.7034519406738025,0.801460499822857,0.017992049014522025,0.040339063260466636,-1.734723475976807e-17,6.5052130349130266e-18,0,0
845,0.7224672729899186,0.8076473886446197,0.01844353150201339,0.040629816525397267,-2.233456475320139e-17,-3.0357660829594124e-18,0,0
846,0.7414830290608078,0.8138346103411205,0.018894522186063367,0.040921966427959734,1.5504091066542713e-17,-6.114900252818245e-17,0,0
847,0.760497991588109,0.8200218273600581,0.0193450411510042,0.04121541775335811,-5.9631119486702744e-18,-1.3010426069826053e-17,0,0
848,0.7836618062545467,0.8457704003017281,0.019888637679942395,0.0424656676174925,-1.734723475976807e-18,2.688821387764051e-17,0,0
849,0.8026772889815412,0.8519585068920723,0.020338922837158737,0.04276234394442841,-3.122502256758253e-17,-3.0357660829594124e-18,0,0
850,0.8216928923797584,0.8581465214842638,0.020788872404773544,0.04306000920191281,3.5778671692021646e-17,3.0357660829594124e-17,0,0
851,0.8407094129137368,0.8643341964942728,0.021238552105066692,0.0433585810010548,-3.913969842672671e-17,2.1250362580715887e-17,0,0
852,0.8597262468430454,0.8705220083369143,0.021687993120500258,0.043658016385214125,-3.2526065174565133e-18,-6.938893903907228e-18,0,0
853,0.8787433767676824,0.8767097223980418,0.02213723890475231,0.04395823030347876,2.2659825404947043e-17,8.239936510889834e-18,0,0
854,0.8977608047027399,0.8828974838463669,0.0225863271279049,0.044259158422440784,-3.8163916471489756e-17,1.9081958235744878e-17,0,0
855,0.9409730696883548,0.9147865837149411,0.023605749582041615,0.04582016630288094,1.1275702593849246e-17,-2.0166160408230382e-17,0,0
856,0.9167785020226911,0.8890853469419102,0.023035303478631933,0.04456073329265458,7.15573433840433e-18,3.426078865054194e-17,0,0
857,0.9638729376885836,0.9190560405766118,0.024146691791796467,0.04602878531818389,-1.0408340855860843e-17,3.144186300207963e-17,0,0
858,0.9823784671773255,0.9299718085710339,0.024583718250387313,0.04656412473789445,2.5804011705155006e-17,-3.0357660829594124e-17,0,0
859,1.0,0.939999999999842,0.025,0.047056165150173884,0.004616258635716172,-1.734723475976807e-17,2,0
860,0.3340929496132318,0.6448064926275814,0.00908517485138643,0.03336409818534628,2.2659825404947043e-17,-3.469446951953614e-17,0,0
861,0.3150863668952298,0.6386213517186611,0.008607384110675935,0.03312340679280919,-3.469446951953614e-18,5.2475385148298415e-17,0,0
862,0.2960864106526222,0.6324365635931841,0.008126522771708182,0.032885359908703886,-2.1141942363467336e-17,5.117434254131581e-17,0,0
863,0.2770829010611512,0.6262654536761425,0.007642004693318494,0.03265045725882457,7.914675859144182e-18,9.107298248878237e-18,0,0
864,0.2580750565550748,0.6200825940383585,0.007153544735089473,0.032417331374885124,-2.1575623232461538e-17,6.938893903907228e-18,0,0
865,0.2390623330778004,0.6138929714062704,0.006660791490421852,0.032185968373779475,3.7947076036992655e-18,3.382710778154774e-17,0,0
866,0.2200526636344587,0.6077082517066843,0.0061636003625976125,0.03195656487056613,-7.37257477290143e-18,5.637851296924623e-18,0,0
867,0.2010397781643966,0.6015208544529411,0.005661486812910119,0.03172839998080132,-5.854691731421724e-18,-1.431146867680866e-17,0,0
868,0.1820264470928583,0.5953325433496638,0.00515419549347667,0.03150107549558026,2.0816681711721685e-17,3.426078865054194e-17,0,0
869,0.1630139666213278,0.589145011578105,0.004641451289854269,0.031274104244338116,-8.131516293641283e-18,-3.469446951953614e-17,0,0
870,0.3530997676659678,0.6509905540910015,0.009560010720079483,0.03360748133390701,-1.984089975648473e-17,-3.903127820947816e-18,0,0
871,0.3721048073141323,0.6571755947017534,0.010032096861179571,0.033853719749252886,9.432558900623889e-18,7.806255641895632e-18,0,0
872,0.3911141741313539,0.6633613396340372,0.010501828594295505,0.0341028136257822,-1.6479873021779667e-17,-3.5128150388530344e-17,0,0
873,0.0,0.5200000000011236,0.0,0.028547634373036763,-0.004828602074527184,9.540979117872439e-18,1,0
874,0.4101231768941428,0.6695472021055147,0.010969309795055227,0.0343547502604927,8.456776945386935e-18,2.47198095326695e-17,0,0
875,0.4291332187505613,0.675732171827955,0.011434780507158678,0.03460945880914137,2.2768245622195593e-18,-1.734723475976807e-17,0,0
876,0.4481439284615421,0.6819171445338583,0.011898415296276776,0.03486694738246424,6.613633252161577e-18,-3.903127820947816e-18,0,0
877,0.4712885144799653,0.7076541826443413,0.012437765589988995,0.036056509995517426,-1.431146867680866e-17,-3.74049749507499e-17,0,0
878,0.49027503862167,0.7138349806747696,0.012898607043454262,0.036321791906647166,3.903127820947816e-18,1.9949319973733282e-17,0,0
879,0.5092573403743792,0.7200182207674737,0.013357959362314858,0.036589637057016136,4.87890977618477e-18,4.0766001685454967e-17,0,0
880,0.5282339716712793,0.7262074012792028,0.013815901108474539,0.03686014548891392,-2.7972416050126014e-17,4.5536491244391186e-17,0,0
881,0.5472276510781999,0.7324004897859415,0.014273096287329366,0.03713311413591764,1.713039432527097e-17,-7.806255641895632e-18,0,0
882,0.5662338675415831,0.7385894101557879,0.01472953472948,0.037408084668907965,-4.336808689942018e-19,-1.5178830414797062e-17,0,0
883,0.5852452651389541,0.7447757995036135,0.015185122143582046,0.03768506565256721,1.7780915628762273e-17,-5.637851296924623e-18,0,0
884,0.604256644263734,0.7509620086405419,0.015639810462371943,0.037964094098280346,-8.890457814381136e-18,-2.0816681711721685e-17,0,0
885,0.779512937063283,0.8262092238031521,0.019795154798046548,0.04151010113753601,-1.0842021724855044e-17,-1.8431436932253575e-17,0,0
886,0.9355619497765187,0.8959938436514815,0.023478682271888852,0.04489822900253261,1.452830911130576e-17,6.071532165918825e-18,0,0
887,0.1208399048465388,0.5572084158959436,0.0035148342216109337,0.02997072795334471,4.119968255444917e-18,2.47198095326695e-17,0,0
888,0.1018260691167079,0.5510205989630738,0.0029796763246608534,0.029745483383174842,-7.48099499014998e-18,-2.2551405187698492e-17,0,0
889,0.1398531840964935,0.5633970890447721,0.004043146452944274,0.030193717546597453,-2.1467203015212988e-17,5.204170427930421e-18,0,0
890,0.0831781891290346,0.5451783953058913,0.0024478190265443474,0.029530998588548987,1.452830911130576e-17,-3.469446951953614e-18,0,0
891,0.0661336196123453,0.5392246358947305,0.0019566559094462113,0.029305718661346764,-2.6237692574149207e-17,2.47198095326695e-17,0,0
892,0.05016551823497384,0.5301578552882076,0.0014946251936828441,0.028943043535749283,6.505213034913027e-19,7.806255641895632e-18,0,0
893,0.03442187542402824,0.5198954828339091,0.0010337934217558846,0.02852685636853083,-2.6237692574149207e-17,-1.734723475976807e-18,0,0
894,0.1588657492496197,0.5695857928965677,0.00456481387321759,0.03041543989729167,2.3960868011929648e-17,5.637851296924623e-18,0,0
895,0.01731248479404566,0.5100025123923271,0.0005241958410415353,0.028123946588462824,3.2742905609062234e-17,2.2985086056692694e-17,0,0
896,0.4671341048900773,0.6880967380236914,0.012359865431127309,0.035126945614415095,-6.071532165918825e-18,3.469446951953614e-18,0,0
897,0.623261306042928,0.7571449718446182,0.016093514904287322,0.038244942268891566,1.6479873021779667e-17,-1.702197410802242e-17,0,0
898,0.6422630965923204,0.7633389792098492,0.016546388669367,0.03852821374626219,-1.5829351718288365e-17,9.107298248878237e-18,0,0
899,0.6612769747245224,0.7695251788144528,0.01699886746470456,0.03881289424362929,-8.782037597132586e-18,4.0332320816460765e-17,0,0
900,0.6802883654484232,0.7757136684185209,0.01745065415964276,0.03909940329166641,-1.8973538018496328e-17,3.0357660829594124e-18,0,0
901,0.6993019237946673,0.7819004625111652,0.017901918883606482,0.0393874589459352,1.5829351718288365e-17,2.211772431870429e-17,0,0
902,0.7183177777988823,0.7880871802850327,0.01835271665573838,0.03967705678108736,-1.8865117801247777e-17,2.5587171270657905e-17,0,0
903,0.737333661025608,0.7942740385066271,0.01880304392346697,0.03996812691088708,2.6454533008646308e-17,1.1275702593849246e-17,0,0
904,0.756348872262756,0.8004610056025065,0.019252932822632914,0.04026058683118422,-2.5153490401663703e-17,3.469446951953614e-18,0,0
905,0.7753636453256156,0.8066481239496378,0.01970243626252635,0.04055435871737934,-5.421010862427522e-18,3.0357660829594124e-18,0,0
906,0.7985282213772738,0.832396660533121,0.020244918713813283,0.041805933509361015,2.6020852139652106e-17,2.3852447794681098e-17,0,0
907,0.8175439884999225,0.8385839870794337,0.02069438245157578,0.042102832296839116,-8.890457814381136e-18,6.5052130349130266e-18,0,0
908,0.8365600629112324,0.8447715325680091,0.021143587446577575,0.04240074162876824,1.1275702593849246e-17,-6.938893903907228e-18,0,0
909,0.8555765033738958,0.8509592055467198,0.021592579949052955,0.042699587803856756,2.927345865710862e-18,-3.5561831257524545e-17,0,0
910,0.8745931780526515,0.8571467779759832,0.022041401407122886,0.042999289406818346,4.336808689942018e-18,-3.903127820947816e-18,0,0
911,0.893610542418645,0.8633343636247761,0.022490112042184065,0.04329977554883619,-8.239936510889834e-18,1.0408340855860843e-17,0,0
912,0.912665759313745,0.8698750016545863,0.022939596657154282,0.043618299853432164,-4.9873299934333204e-18,-8.239936510889834e-18,0,0
913,0.9547006900602892,0.9007465987096973,0.02393054591397072,0.045130457992480874,-2.688821387764051e-17,-5.345116710353537e-17,0,0
914,0.9318708533502967,0.8778277779952767,0.023392472010651543,0.044006792828845745,1.734723475976807e-18,4.0766001685454967e-17,0,0
915,0.9836295556878488,0.9099952954738036,0.024613441044140306,0.04558358380303338,1.734723475976807e-17,3.0357660829594124e-17,0,0
916,1.0,0.9199999999997894,0.025,0.04607457287524049,0.004615980238985902,2.0383000842727483e-17,2,0
917,0.3299442509503614,0.6252531827818509,0.009015954739431469,0.03245904568712706,3.122502256758253e-17,1.734723475976807e-18,0,0
918,0.348948454885148,0.6314378397555716,0.009490104558396382,0.03269833827062808,-3.165870343657673e-17,-2.6020852139652106e-17,0,0
919,0.3109387574739068,0.6190681501609181,0.008538636353206955,0.03222272494068624,2.0816681711721685e-17,-6.635317295611287e-17,0,0
920,0.2919318468908397,0.6128842791886964,0.008057827818442836,0.03198935046552195,-5.095750210681871e-18,-6.938893903907228e-18,0,0
921,0.2729250374384056,0.6067008972268592,0.007573229245607762,0.031758741415705755,-1.2902005852577503e-17,7.806255641895632e-18,0,0
922,0.2539175607906717,0.6005166109968358,0.007084466173916974,0.03153063080309076,2.3852447794681098e-17,7.37257477290143e-18,0,0
923,0.2349111237622235,0.5943339897203657,0.006591206388890628,0.03130485857651613,-1.0191500421363742e-17,-1.3444106938820255e-17,0,0
924,0.2159016307025782,0.5881478708620668,0.006092968393485401,0.031080856677607866,4.553649124439119e-18,1.474514954580286e-17,0,0
925,0.196889918638974,0.5819618685596071,0.00558937901226267,0.03085835640982452,2.2768245622195593e-18,5.637851296924623e-18,0,0
926,0.1778778867423459,0.5757741409391324,0.005080113159868027,0.030636743838717454,-2.8406096919120216e-17,-1.474514954580286e-17,0,0
927,0.3679414229791518,0.6376203344965177,0.00996113027158447,0.032940598960518826,1.235990476633475e-17,-1.691355389077387e-17,0,0
928,0.386945921706597,0.643803231089568,0.0104298760403895,0.03318591147115757,2.168404344971009e-19,3.5128150388530344e-17,0,0
929,0.4059484370996789,0.6499865538453183,0.01089624426184961,0.033434306642660255,1.1709383462843448e-17,-1.6479873021779667e-17,0,0
930,0.0,0.5000000000010534,0.0,0.02771151884089979,-0.004843573095422132,-1.8214596497756474e-17,1,0
931,0.4249591444327691,0.6561724330236581,0.011360711390499434,0.03368583327462019,-1.474514954580286e-17,-4.336808689942018e-18,0,0
932,0.4439651838920736,0.6623564109367145,0.011823165593882537,0.03394026286180029,8.131516293641283e-18,3.0791341698588326e-17,0,0
933,0.4629662047378709,0.6685393312856862,0.01228378444137089,0.034197570376693784,1.3010426069826053e-18,-9.540979117872439e-18,0,0
934,0.486121368284401,0.6942767717594058,0.01281971513997457,0.035389632978500986,7.37257477290143e-18,1.691355389077387e-17,0,0
935,0.505097832755789,0.7004653685481481,0.013277900237682163,0.03565534205338262,1.6263032587282567e-18,-3.642919299551295e-17,0,0
936,0.5240894490217789,0.7066500833875846,0.0137351968277275,0.03592335601000718,-3.0140820395097023e-17,-2.5153490401663703e-17,0,0
937,0.5430919396305853,0.712839693979976,0.014191600397093648,0.03619402615433793,2.927345865710862e-17,9.974659986866641e-18,0,0
938,0.5620954068266831,0.719026246265961,0.014646980028594195,0.03646689797808625,-1.0191500421363742e-17,2.7321894746634712e-17,0,0
939,0.5811003525428258,0.7252162574976722,0.015101434324201354,0.0367421969185612,9.75781955236954e-19,3.8163916471489756e-17,0,0
940,0.6001083238808314,0.7314047599034901,0.015555089295468416,0.03701959129680899,-1.7780915628762273e-17,4.336808689942018e-17,0,0
941,0.6191185019128338,0.7375900579606404,0.016008003348066013,0.03729890933915112,1.1275702593849246e-17,2.42861286636753e-17,0,0
942,0.7943788071480268,0.8128351573435776,0.02015162006443122,0.04084935260271734,3.0357660829594124e-18,-2.200930410145574e-17,0,0
943,0.9481872705787792,0.8857202004511898,0.023777285709404915,0.04439310256973709,4.7704895589362195e-18,6.808789643208968e-17,0,0
944,0.9705030161543793,0.8999999953748709,0.024303681414217727,0.045093189831576314,-1.235990476633475e-17,4.336808689942018e-19,0,0
945,0.1357052509206083,0.5438358755108443,0.003965555250136996,0.029346802931223697,3.0357660829594124e-18,8.673617379884035e-19,0,0
946,0.1166918770643026,0.5376481000272502,0.0034329831231947145,0.02912989775479491,-7.589415207398531e-19,-1.3010426069826053e-17,0,0
947,0.09767799656314842,0.5314600690561424,0.00289281855428706,0.02891020084405301,-2.200930410145574e-17,-8.239936510889834e-18,0,0
948,0.1547180043550324,0.5500250592833825,0.0044907405035088995,0.02956231588434193,-2.168404344971009e-18,1.3444106938820255e-17,0,0
949,0.08058964440588087,0.5267655132674427,0.002399323000384168,0.02874645579465334,4.3042826247674526e-17,-1.0408340855860843e-17,0,0
950,0.0659703878167392,0.5195372239397191,0.0019763872222340532,0.02846782806571022,-7.37257477290143e-18,-2.927345865710862e-17,0,0
951,0.05107394622541367,0.5099985683893742,0.0015426989000653297,0.028089930149141105,2.970713952610282e-17,3.469446951953614e-18,0,0
952,0.03463944272140237,0.4999999955857367,0.0010559066698357592,0.02769244183007099,-1.0842021724855044e-17,1.8214596497756474e-17,0,0
953,0.1737300934573245,0.5562163168829994,0.005008863258146096,0.029777448137102362,-2.168404344971009e-18,6.938893903907228e-18,0,0
954,0.01732052354291607,0.4900001717032116,0.000532763629955681,0.02729211244090694,-6.505213034913027e-19,-1.3010426069826053e-18,0,0
955,0.48196211297717,0.6747237368482286,0.012742728217256194,0.03445780609006914,-2.0816681711721685e-17,-2.6129272356900657e-17,0,0
956,0.6381255780680558,0.7437760804433818,0.016460116295655913,0.03758025637297154,-2.5587171270657905e-17,1.745565497701662e-17,0,0
957,0.6571337540493954,0.7499649224907238,0.01691159429915517,0.037863639835330726,-2.2985086056692694e-17,-3.7730235602495554e-17,0,0
958,0.6761453399498438,0.7561514888813794,0.01736255631363258,0.03814871996990527,1.452830911130576e-17,-4.7704895589362195e-18,0,0
959,0.6951541478456016,0.7623405894530231,0.017812908239146902,0.0384356489108968,2.3310346708438345e-17,5.637851296924623e-18,0,0
960,0.7141682964261473,0.7685271531436437,0.018262899988465798,0.03872408588490201,-6.5052130349130266e-18,-2.0383000842727483e-17,0,0
961,0.7331843458690905,0.7747136785403691,0.018712498456024955,0.03901407096885507,2.916503843986007e-17,-4.336808689942018e-18,0,0
962,0.7522002155914062,0.7809003491699235,0.01916170235720559,0.03930553085602117,-8.890457814381136e-18,-1.951563910473908e-17,0,0
963,0.7712143828474425,0.7870874175910263,0.019610522148587387,0.03959839667223499,-1.235990476633475e-17,-1.6479873021779667e-17,0,0
964,0.7902295470239148,0.7932728282441481,0.020059067949592117,0.03989248628278658,2.417770844642675e-17,1.3010426069826053e-18,0,0
965,0.8133944573139101,0.8190221330677218,0.020600531756812382,0.041145493372035796,1.3877787807814457e-17,-2.0708261494473135e-17,0,0
966,0.8324105104081279,0.825209238293737,0.021049213804069936,0.041442716270698766,1.3227266504323154e-17,1.3010426069826053e-17,0,0
967,0.8514267180663091,0.8313967002855172,0.021497703747065073,0.041740960894066044,-1.5287250632045613e-17,2.905661822261152e-17,0,0
968,0.8704431615833069,0.8375841980485086,0.021946045784133134,0.04204014125647104,-8.890457814381136e-18,1.5178830414797062e-17,0,0
969,0.889460264560468,0.8437717991981054,0.02239429276195449,0.04234019077063122,7.914675859144182e-18,-4.7704895589362195e-18,0,0
970,0.9086080223569877,0.8500289146079409,0.022845560419328104,0.04264441185098832,8.673617379884035e-18,-4.7704895589362195e-18,0,0
971,0.928241337801702,0.8562114288937527,0.023308275436103452,0.04294564966152396,-2.1250362580715887e-17,-4.83554168928535e-17,0,0
972,0.9650770123318505,0.8824238855734421,0.02417606779743141,0.04423038058580201,-2.6454533008646308e-17,1.1709383462843448e-17,0,0
973,0.9485879653683793,0.8692077030321319,0.023787517576410434,0.04358223276982177,1.951563910473908e-17,-1.8648277366750676e-17,0,0
974,1.0,0.8999999999997367,0.025,0.045092739643212656,0.004615553305215694,-1.7780915628762273e-17,2,0
975,0.9835368399745886,0.8900000000424553,0.024611513514269517,0.044601837186141496,4.2934406030425976e-17,-9.107298248878237e-18,0,0
976,0.3257959534184115,0.6057003891521445,0.00894978199433767,0.031555407652044176,-5.421010862427522e-18,2.3418766925686896e-17,0,0
977,0.3447940095149578,0.6118817324014488,0.00942306661832505,0.03179016110745333,-1.3227266504323154e-17,2.7755575615628914e-17,0,0
978,0.3637873670765506,0.6180593589197373,0.00989324690540863,0.032028064060753265,-3.577867169202165e-18,9.974659986866641e-18,0,0
979,0.3067896846622276,0.5995159328828545,0.008472971887673939,0.031323795634389404,-2.168404344971009e-19,0.0,0,0
980,0.2877832578220867,0.5933310533188494,0.007992477680315625,0.031095337311238515,2.3960868011929648e-17,-6.938893903907228e-18,0,0
981,0.2687767927871035,0.5871467800613279,0.007507914480327059,0.03086993185389665,-2.0925101928970236e-17,-3.903127820947816e-18,0,0
982,0.2497701186974399,0.5809615223696014,0.0070188724803572885,0.03064728824740015,2.8189256484623115e-18,-1.5612511283791264e-17,0,0
983,0.2307624356703917,0.5747767109807351,0.006524898306130597,0.030427183167754442,2.168404344971009e-17,1.3877787807814457e-17,0,0
984,0.2117524390797383,0.5685912633591023,0.006025516788334964,0.030209195033954136,-9.324138683375338e-18,-3.469446951953614e-18,0,0
985,0.1927411381161354,0.5624037267314221,0.005520306407604839,0.029992780928198706,-8.998878031629687e-18,2.6454533008646308e-17,0,0
986,0.382782943766766,0.6242475276099412,0.010360774677096203,0.03226978450652018,-1.5070410197548512e-17,-7.806255641895632e-18,0,0
987,0.4017837449484994,0.6304280362498408,0.010826034236519675,0.032514436933557704,1.4094628242311558e-17,-1.951563910473908e-17,0,0
988,0.4207885090540243,0.636617069058607,0.011289209434738132,0.03276275193205217,-2.656295322589486e-17,2.3418766925686896e-17,0,0
989,0.0,0.4800000000009889,0.0,0.026885886941980745,-0.004860876009495979,6.071532165918825e-18,1,0
990,0.4397963409061336,0.6427951903678397,0.011750535454009553,0.03301374602990934,1.1817803680091998e-17,-2.211772431870429e-17,0,0
991,0.4588004224049851,0.6489871715965883,0.012210003274238115,0.033268543720323736,1.3335686721571705e-17,1.6479873021779667e-17,0,0
992,0.4777977266729186,0.6551681478070286,0.012667760306411879,0.03352587256881408,5.312590645178972e-18,1.7780915628762273e-17,0,0
993,0.5009511929606045,0.6809094893160849,0.013200107027927371,0.03472088159761651,2.211772431870429e-17,1.8865117801247777e-17,0,0
994,0.5199432317727466,0.6871006594776282,0.013656291380038398,0.034986889766089775,-6.938893903907228e-18,-3.903127820947816e-18,0,0
995,0.538950584262555,0.6932845489396647,0.014111715919595669,0.03525510722953896,1.951563910473908e-17,-4.683753385137379e-17,0,0
996,0.5579545749230157,0.6994693942215024,0.014566024143175113,0.035525866789713596,3.469446951953614e-18,-2.992397996059992e-17,0,0
997,0.5769590512378139,0.7056579080459084,0.015019405114187215,0.03579919644789031,-3.686287386450715e-18,-3.5561831257524545e-17,0,0
998,0.595964400014502,0.7118457699458358,0.015471961769447491,0.0360747884854336,3.144186300207963e-17,-3.0357660829594124e-17,0,0
999,0.6149714119136823,0.7180342758851344,0.015923791859840573,0.03635260764071718,1.2468324983583301e-17,-5.551115123125783e-17,0,0
1000,0.6339819603963828,0.7242203293876287,0.016375015494178916,0.03663240397264024,-1.8106176280507924e-17,-2.168404344971009e-17,0,0
1001,0.8092447801807429,0.7994590467251947,0.020507360932372792,0.04018784281740945,-2.3418766925686896e-17,-1.431146867680866e-17,0,0
1002,0.1315611900719755,0.5242805809046562,0.003890520095377821,0.028507035198430456,2.0599841277224584e-18,-2.8189256484623115e-17,0,0
1003,0.1505703105217139,0.5304639803703232,0.0044194898485835415,0.028715384893144392,-8.890457814381136e-18,-1.691355389077387e-17,0,0
1004,0.1125437040773635,0.5180877071676598,0.003353203761812552,0.02829664917597742,-3.686287386450715e-18,1.3444106938820255e-17,0,0
1005,0.09428536391065662,0.5127394763510194,0.0028282605161584207,0.028116975578428842,-4.119968255444917e-18,7.806255641895632e-18,0,0
1006,0.1695824596073195,0.536655219395051,0.004940731976050474,0.028923532325294724,5.204170427930421e-18,-3.0357660829594124e-18,0,0
1007,0.07941766590194738,0.5106413105525279,0.002390466011005964,0.02806346084486945,-1.0408340855860843e-17,-6.938893903907228e-18,0,0
1008,0.068810948723206,0.5003265486823371,0.0020896049154772245,0.02765244143639497,1.5178830414797062e-18,2.7755575615628914e-17,0,0
1009,0.05196033464103826,0.4900000000097016,0.0015940220154231752,0.027252084923241163,1.474514954580286e-17,-1.3010426069826053e-18,0,0
1010,0.034152236918549,0.4800004911421802,0.0010584033926072619,0.026864474655300657,2.6020852139652106e-18,-4.7704895589362195e-18,0,0
1011,0.1885940713243507,0.542846355241736,0.005454593554852505,0.029132097736691436,-1.2576745200831851e-17,-2.862293735361732e-17,0,0
1012,0.01723912810597649,0.4700005967846742,0.0005399649268254141,0.026471500421003262,-1.0625181290357943e-17,-2.3852447794681098e-17,0,0
1013,0.496798710000979,0.6613560862132437,0.013124198976947821,0.033786477962483734,-7.806255641895632e-18,-1.7564075194265172e-17,0,0
1014,0.6529907869645695,0.7304053786579925,0.016825572021034917,0.036914158126835364,1.734723475976807e-17,3.480288973678469e-17,0,0
1015,0.672000747997061,0.7365924289372872,0.017275589864564758,0.0371979183600369,-4.336808689942018e-19,-3.903127820947816e-17,0,0
1016,0.6910116234179308,0.7427800061314465,0.0177251218104011,0.037483520518755864,1.6479873021779667e-17,1.1709383462843448e-17,0,0
1017,0.7100260095125318,0.748966267973151,0.018174284140425857,0.037770782447218994,-2.883977778811442e-17,-2.2551405187698492e-17,0,0
1018,0.7290386086355379,0.7551527174763036,0.01862300008562024,0.038059692865107284,2.1250362580715887e-17,-2.6020852139652106e-17,0,0
1019,0.7480514858829258,0.7613403571000303,0.019071366154863188,0.0383502123932898,-9.107298248878237e-18,2.7321894746634712e-17,0,0
1020,0.7670652271134033,0.7675272335182537,0.019519442917025433,0.038642160745998286,1.0950441942103595e-17,-3.0357660829594124e-18,0,0
1021,0.7860795575434345,0.7737139337066175,0.01996726788981304,0.03893548487037797,-7.589415207398531e-18,-1.3444106938820255e-17,0,0
1022,0.8050959433892653,0.7798943071382342,0.020414920650822538,0.03922980231911702,-2.710505431213761e-17,9.974659986866641e-18,0,0
1023,0.8282609195835238,0.8056466645638318,0.020955464456705732,0.040484419479493175,1.2576745200831851e-17,-1.5395670849294163e-17,0,0
1024,0.847277068359622,0.8118342443426025,0.021403400322801653,0.04078207239974174,9.974659986866641e-18,-2.168404344971009e-17,0,0
1025,0.8662934376426134,0.818021678730483,0.021851215116444788,0.04108072446776945,3.469446951953614e-18,-4.206704429243757e-17,0,0
1026,0.8853100393555643,0.8242091056725568,0.022298949383653725,0.04138031356968605,2.0383000842727483e-17,-9.540979117872439e-18,0,0
1027,0.9043269359374904,0.8303967195658246,0.022746645125702313,0.041680787652032605,1.3010426069826053e-18,-2.42861286636753e-17,0,0
1028,0.92224022155893,0.8362571752039504,0.0231683701458642,0.04196611969307338,-4.336808689942018e-19,-9.107298248878237e-18,0,0
1029,0.9493303811477768,0.8502569970911693,0.023805939193293785,0.04265120215653844,3.447762908503904e-17,-2.688821387764051e-17,0,0
1030,0.9655560240227651,0.8604040895492127,0.024188026414414414,0.04314873136730917,-2.949029909160572e-17,-1.7780915628762273e-17,0,0
1031,0.9826794939758151,0.8700000360258888,0.024591559440317115,0.043619551701895784,2.7755575615628914e-17,2.6020852139652106e-18,0,0
1032,1.0,0.8799999999996841,0.025,0.04411056503024752,0.004614962746543637,5.204170427930421e-18,2,0
1033,0.3216486858328139,0.5861484146939041,0.008886906098148215,0.030653230055340097,-2.8080836267374565e-17,8.673617379884035e-18,0,0
1034,0.3406491606659937,0.5923284365941558,0.009359421499879,0.03088321345317963,-4.9873299934333204e-18,-1.3010426069826053e-17,0,0
1035,0.3596411266755991,0.5985010804044689,0.009828587977615487,0.03111649679041274,1.9949319973733282e-17,3.903127820947816e-18,0,0
1036,0.3786306494671473,0.6046886487491743,0.010294847815775901,0.03135411705231448,1.6263032587282567e-18,-1.3010426069826053e-17,0,0
1037,0.3026430266367966,0.5799638298627808,0.008410744307225734,0.030426636743438325,2.667137344314341e-17,4.9873299934333204e-17,0,0
1038,0.2836404392677269,0.5737826288693739,0.007930726341611433,0.030203693750384546,-3.3393426912553537e-17,2.6020852139652106e-18,0,0
1039,0.2646339403128249,0.5675974411554692,0.007446248510959929,0.02998393272468426,2.2659825404947043e-17,1.0408340855860843e-17,0,0
1040,0.2456225725587292,0.5614069625973026,0.006956816773190212,0.029767071272339223,-3.2526065174565133e-18,9.107298248878237e-18,0,0
1041,0.226613534568918,0.5552200255790676,0.00646210906347237,0.029553177911791222,-2.2659825404947043e-17,-1.9081958235744878e-17,0,0
1042,0.2076039501759575,0.5490339746187991,0.005961536568630081,0.02934173408308838,3.67544536472586e-17,-7.37257477290143e-18,0,0
1043,0.3976158829836558,0.6108799321713098,0.0107584896095434,0.03159551704598738,-1.7889335846010823e-17,3.0357660829594124e-17,0,0
1044,0.4166199934454443,0.6170624073050123,0.01122038893812068,0.03183998108158221,1.5395670849294163e-17,6.071532165918825e-18,0,0
1045,0.4356258235620527,0.6232471927978211,0.011680338994070776,0.03208800897248781,1.0842021724855044e-19,-2.2985086056692694e-17,0,0
1046,0.0,0.4600000000009417,0.0,0.026072505385981784,-0.004875555198899555,1.3877787807814457e-17,1,0
1047,0.4546319491715681,0.6294317236910107,0.012138527681312914,0.032339390208817015,-6.505213034913027e-19,-8.673617379884035e-18,0,0
1048,0.4736377808576258,0.6356178288349352,0.012595135022398007,0.03259411083150874,-3.144186300207963e-18,1.1275702593849246e-17,0,0
1049,0.4926424083846506,0.6418084762726683,0.013050307705839672,0.03285220704109201,-2.6020852139652106e-17,1.5612511283791264e-17,0,0
1050,0.5157960847111551,0.6675466227973508,0.01357929158608,0.034050066138743666,-2.211772431870429e-17,1.452830911130576e-17,0,0
1051,0.5348040604959418,0.6737315091428331,0.014033523782294796,0.03431611008473503,2.5370330836160804e-17,3.165870343657673e-17,0,0
1052,0.5538125011951928,0.679916264765761,0.014486755213682556,0.03458478786519481,-2.0057740190981832e-17,3.426078865054194e-17,0,0
1053,0.5728169134555147,0.6861005902121716,0.014938981087717455,0.034855984337008615,-4.119968255444917e-18,-5.204170427930421e-18,0,0
1054,0.5918226596643426,0.692289190132308,0.015390419441283503,0.03512981201051699,2.168404344971009e-19,2.42861286636753e-17,0,0
1055,0.6108260416022554,0.6984772475893211,0.015841069545865928,0.03540593622986889,-3.187554387107383e-17,5.2475385148298415e-17,0,0
1056,0.6298338129705376,0.704664046057971,0.016291169143187508,0.03568420836018988,8.565197162635485e-18,3.9898639947466563e-17,0,0
1057,0.6488441878974478,0.7108496975445036,0.01674074276313328,0.035964534187794814,-1.929879867024198e-17,-3.209238430557093e-17,0,0
1058,0.8241107727247242,0.78608318084521,0.02086235363459421,0.03952576488462021,3.5561831257524545e-17,1.5937771935536915e-17,0,0
1059,0.9372625632608885,0.8398568400836623,0.02352219672345622,0.0421412310800862,2.168404344971009e-19,-2.42861286636753e-17,0,0
1060,0.1274334221577162,0.5047425501060429,0.003818338960291996,0.02767558591791456,1.0842021724855044e-17,1.1275702593849246e-17,0,0
1061,0.1464328721720336,0.510914892449374,0.00435151244115225,0.027875815776370997,-2.1358782797964437e-17,3.165870343657673e-17,0,0
1062,0.1654367978125669,0.5170992809617424,0.004876043197734836,0.028075936373548275,3.0357660829594124e-18,-1.3010426069826053e-18,0,0
1063,0.1085212146245899,0.4986681938923948,0.003278262307321672,0.027477366574609,-1.8865117801247777e-17,1.3010426069826053e-17,0,0
1064,0.0874319846532542,0.4938377905221218,0.0026610896302795375,0.02733419695449509,1.8865117801247777e-17,8.673617379884035e-18,0,0
1065,0.1844484247106447,0.5232902519950113,0.005392570199901086,0.028276806350193754,9.86623976961809e-18,1.5612511283791264e-17,0,0
1066,0.06838245623436504,0.4819179990069119,0.0021074628664639714,0.026883484916151414,-1.6479873021779667e-17,-7.806255641895632e-18,0,0
1067,0.05054503997284482,0.4710952180076893,0.0015763972353969597,0.026473225838717952,3.2526065174565133e-18,-1.431146867680866e-17,0,0
1068,0.03403222376018986,0.4579500016126375,0.0010758219373851188,0.025963679794384527,4.30970363562988e-18,-2.6020852139652106e-17,0,0
1069,0.2034570656381529,0.5294779097081694,0.0059014016986625095,0.02847894318266374,-9.75781955236954e-18,6.071532165918825e-18,0,0
1070,0.01614956002276063,0.4496584989611059,0.0005145855006492556,0.02565072508084483,2.42861286636753e-17,1.8648277366750676e-17,0,0
1071,0.5116489851709163,0.6479934062700932,0.013504293563174584,0.03311306173607591,1.734723475976807e-17,2.8406096919120216e-17,0,0
1072,0.6678548089036342,0.7170355511284675,0.017189794990205128,0.0362468819257183,1.9949319973733282e-17,2.862293735361732e-17,0,0
1073,0.6868659517571258,0.7232215617467075,0.017638390170896676,0.0365311505706632,-2.233456475320139e-17,1.3877787807814457e-17,0,0
1074,0.7058775434454216,0.7294076997971323,0.01808657973425579,0.03681724378864579,1.3986208025063007e-17,6.071532165918825e-18,0,0
1075,0.7248898263338089,0.7355941212004952,0.018534419072073045,0.03710507611761427,-8.673617379884035e-18,1.9081958235744878e-17,0,0
1076,0.743902643955853,0.7417809950473622,0.018981951331127307,0.0373945658730181,-1.5504091066542713e-17,-7.806255641895632e-18,0,0
1077,0.7629160927458514,0.7479675663156982,0.01942922397790722,0.03768558871794812,1.1275702593849246e-17,3.686287386450715e-17,0,0
1078,0.7819300903265474,0.7541540243280321,0.019876277989218,0.03797806948210243,-2.6346112791397758e-17,2.1250362580715887e-17,0,0
1079,0.8009466327178605,0.7603332409452955,0.020323204854964118,0.03827157521012081,-5.7462715141731735e-18,1.0408340855860843e-17,0,0
1080,0.8199615448734022,0.766520951625382,0.02076994132903734,0.03856680106230756,-6.505213034913027e-19,1.8648277366750676e-17,0,0
1081,0.8431270365717026,0.7922714055755664,0.021309682074177213,0.039822847165494675,3.903127820947816e-18,2.1467203015212988e-17,0,0
1082,0.8621436574615364,0.7984590441531751,0.021756921815431277,0.04012097960792732,-2.0925101928970236e-17,1.474514954580286e-17,0,0
1083,0.8811602895402803,0.8046465797242425,0.02220410555900816,0.040420115545925936,-1.1492543028346347e-17,2.3852447794681098e-17,0,0
1084,0.900177174100362,0.8108342880653443,0.022651278612657727,0.040720205733089015,1.0299920638612292e-17,3.946495907847236e-17,0,0
1085,0.9191942350423896,0.8170219174084089,0.023098485509189776,0.04102116752389271,6.505213034913027e-19,1.8214596497756474e-17,0,0
1086,0.9357485913682624,0.8235944321051887,0.023487744114823447,0.04134207756348477,1.1926223897340549e-17,-4.336808689942018e-19,0,0
1087,0.9506329972560505,0.8320985700064011,0.02383769214534562,0.04175863339531992,-3.491130995403324e-17,-1.8648277366750676e-17,0,0
1088,0.965778742893158,0.8407393096324844,0.024193984369252398,0.04218234127204799,-2.4936649967166602e-17,2.5153490401663703e-17,0,0
1089,0.9827123339264615,0.8500674291397476,0.02459266827133208,0.04264013986356479,1.9081958235744878e-17,3.0357660829594124e-18,0,0
1090,1.0,0.8599999999996314,0.025,0.043128026748309914,0.004614466025994901,1.6479873021779667e-17,2,0
1091,0.3175029992312272,0.5665979232241509,0.008827601810118251,0.02975257087030498,1.5829351718288365e-17,-2.8189256484623115e-17,0,0
1092,0.3365078535235924,0.5727820666353205,0.00929924602574822,0.02997769658486616,2.42861286636753e-17,1.734723475976807e-18,0,0
1093,0.3555110428624504,0.5789652046449586,0.009767529301561734,0.030206768981149438,-3.0357660829594124e-18,-1.5178830414797062e-17,0,0
1094,0.3744958875780239,0.5851307269130442,0.010232450599270294,0.030439030001016495,6.505213034913027e-19,8.673617379884035e-19,0,0
1095,0.3934778015159318,0.5913245117526988,0.010694639017215547,0.030676548057959375,-3.65376132127615e-17,-8.673617379884035e-18,0,0
1096,0.2985155178974904,0.5604148744481133,0.008352668087776741,0.029531395660157167,-6.613633252161577e-18,-4.2934406030425976e-17,0,0
1097,0.2795170769974178,0.5542403057784844,0.007873236859027223,0.029314535216654124,8.239936510889834e-18,5.204170427930421e-18,0,0
1098,0.2605046327785069,0.5480484852011787,0.007388785369264613,0.02910067341288886,-3.2526065174565133e-18,-3.903127820947816e-18,0,0
1099,0.2414755253511439,0.5418492181483393,0.006898673628823847,0.02889003327380014,3.2526065174565133e-18,1.2576745200831851e-17,0,0
1100,0.2224659583705796,0.5356641232350368,0.006403230995128499,0.028683153144734564,2.8189256484623115e-18,1.0842021724855044e-17,0,0
1101,0.4124717747042902,0.5975156474516605,0.011154841117967045,0.03091774106106403,1.723881454251952e-17,2.6020852139652106e-18,0,0
1102,0.4314775573022257,0.6037003040586321,0.011613322087395678,0.031162329876914023,2.0599841277224584e-18,6.5052130349130266e-18,0,0
1103,0.4504835162602462,0.6098850090853725,0.012070018215247688,0.03141054617060021,1.7672495411513722e-17,3.2959746043559335e-17,0,0
1104,0.0,0.4400000000008816,0.0,0.025271545870885367,-0.004898173755519774,-1.6479873021779667e-17,1,0
1105,0.4694895357831493,0.616070139006795,0.012525137579972997,0.0316622856982286,-9.75781955236954e-18,-2.6020852139652106e-17,0,0
1106,0.4884953690483109,0.6222559155296565,0.01297886163879399,0.03191743097928509,9.107298248878237e-18,1.8214596497756474e-17,0,0
1107,0.5075018458477573,0.6284408402644139,0.013431378262916285,0.03217577538360327,-8.673617379884035e-19,-4.9439619065339e-17,0,0
1108,0.5306560188695938,0.6541780877420731,0.013957184741933052,0.03337682520137072,1.1275702593849246e-17,-3.447762908503904e-17,0,0
1109,0.5496635800991954,0.6603621337229171,0.014409104668448634,0.03364335797075761,1.734723475976807e-18,9.107298248878237e-18,0,0
1110,0.5686690216939868,0.6665466481276852,0.014860096182005827,0.0339125988253227,-9.324138683375338e-18,4.336808689942018e-18,0,0
1111,0.5876741963788074,0.6727339476201795,0.015310298195143379,0.034184539501528305,-3.176712365382528e-17,1.3010426069826053e-17,0,0
1112,0.6066778482067238,0.6789220181048121,0.015759769431231314,0.0344589675529521,1.463672932855431e-17,-1.6479873021779667e-17,0,0
1113,0.6256861168437444,0.6851081854098654,0.016208736368464146,0.03473563154476722,3.892285799222961e-17,-2.6454533008646308e-17,0,0
1114,0.6446959005959956,0.6912936831477505,0.016657192275651794,0.03501448549438888,1.0842021724855044e-18,-3.642919299551295e-17,0,0
1115,0.6637062664857509,0.6974789998454218,0.01710517693884709,0.03529544717593224,-2.7321894746634712e-17,1.9081958235744878e-17,0,0
1116,0.838977273901337,0.7727091628841023,0.021216588576098,0.038863276561930754,-1.3010426069826053e-17,1.919037845299343e-17,0,0
1117,0.1232965906203719,0.4851925328197998,0.003748866444726718,0.02685233577448839,1.0733601507606494e-17,1.734723475976807e-18,0,0
1118,0.1422947728811932,0.4913609110288597,0.004286950110614895,0.02704374717700567,-1.496198998029996e-17,-2.6020852139652106e-18,0,0
1119,0.1612999002510533,0.4975473514936871,0.004815395627562177,0.02723526080000707,1.2793585635328952e-17,-1.691355389077387e-17,0,0
1120,0.180302300662576,0.5037358593254521,0.005334597235704154,0.02742748149266947,-4.119968255444917e-18,-4.336808689942018e-18,0,0
1121,0.104247653107413,0.4789673082894951,0.003199191963304583,0.02665650980386835,-2.1467203015212988e-17,4.336808689942018e-18,0,0
1122,0.1993103868732188,0.5099226703326881,0.005845495765875617,0.027621240951523993,-1.4094628242311558e-18,-1.2576745200831851e-17,0,0
1123,0.08523435503942164,0.4727796787473049,0.0026391842232507848,0.02645888561287773,7.589415207398531e-18,-1.2576745200831851e-17,0,0
1124,0.06631207437642526,0.4634687580723172,0.0020775608471702497,0.026126229848949682,1.1058862159352145e-17,-3.903127820947816e-18,0,0
1125,0.04965706728589583,0.4551747502388809,0.001571858937261115,0.02582591376006804,-1.3660947373317356e-17,2.2985086056692694e-17,0,0
1126,0.02875544890351159,0.4400961875692074,0.0009257279225915598,0.02525490682805609,5.637851296924623e-18,2.42861286636753e-17,0,0
1127,0.2183184992960032,0.5161088916188684,0.006348643452073204,0.027817441495396802,5.637851296924623e-18,-1.474514954580286e-17,0,0
1128,0.0173205080757259,0.4300000000008601,0.0005648534414188548,0.024869725866451264,1.0842021724855044e-18,-7.806255641895632e-18,0,0
1129,0.5265082656430332,0.6346254979484978,0.013882814405202443,0.03243721451745951,1.3444106938820255e-17,-6.7220534694101275e-18,0,0
1130,0.6827172979909774,0.7036643708661068,0.017552749355395466,0.03557842386781783,-6.5052130349130266e-18,-5.421010862427522e-18,0,0
1131,0.70172755547971,0.7098503508275322,0.017999927826822856,0.03586334323272916,6.179952383167375e-18,3.5128150388530344e-17,0,0
1132,0.7207390589720337,0.7160374693040814,0.01844680901404706,0.036150132266272283,-1.1058862159352145e-17,-1.951563910473908e-17,0,0
1133,0.7397530551707173,0.7222233225489723,0.018893469577870622,0.03643857820734692,1.745565497701662e-17,7.37257477290143e-18,0,0
1134,0.7587668426224738,0.7284083719450184,0.0193398885897874,0.036728615108573254,-1.0842021724855044e-17,4.336808689942018e-19,0,0
1135,0.7777803717450819,0.7345940805880222,0.019786105824013505,0.03702022709701123,9.974659986866641e-18,-2.992397996059992e-17,0,0
1136,0.7967965212587101,0.7407740799321885,0.020232232041029533,0.037313015616541184,2.233456475320139e-17,-1.8648277366750676e-17,0,0
1137,0.8158118839228179,0.7469605548037537,0.020678221453185076,0.037607499339898265,7.589415207398531e-19,-5.2475385148298415e-17,0,0
1138,0.8348279368266607,0.7531462216383283,0.021124150599542545,0.03790324111127041,4.87890977618477e-18,-1.3010426069826053e-17,0,0
1139,0.857993712499591,0.7788959499601835,0.021663184288815054,0.03916083301322853,4.336808689942018e-18,-2.710505431213761e-18,0,0
1140,0.8770104335423952,0.7850837610707307,0.022109757817403326,0.03945951853735301,-1.3660947373317356e-17,1.2576745200831851e-17,0,0
1141,0.8960272951943975,0.7912713329923406,0.022556344930107865,0.039759202228849065,-2.4936649967166602e-18,-1.691355389077387e-17,0,0
1142,0.9150444297793913,0.7974588479606113,0.02300298179026629,0.040059832886608734,2.3201926491189795e-17,3.599551212651875e-17,0,0
1143,0.9336566617248329,0.8036788091305764,0.023440188776236236,0.04036294890374263,-1.1492543028346347e-17,1.9949319973733282e-17,0,0
1144,0.9500431220994037,0.8123342241154095,0.023825019652840878,0.04078681569726675,3.686287386450715e-18,2.6020852139652106e-17,0,0
1145,0.9663097149694941,0.820900973769029,0.024207311387388585,0.0412068865570144,-8.023096076392733e-18,-1.3444106938820255e-17,0,0
1146,0.9827621579464587,0.8301471100916651,0.02459423065550374,0.0416608590787531,1.0842021724855044e-17,-3.469446951953614e-17,0,0
1147,1.0,0.8399999999995788,0.025,0.04214504666703488,0.0046138082431284345,2.168404344971009e-18,2,0
1148,0.3323657822622717,0.55323473382102,0.009242710727115872,0.02907324059482138,-1.214306433183765e-17,4.336808689942018e-18,0,0
1149,0.31338140275205,0.5470476962718525,0.008772747184369071,0.028853305533567044,1.929879867024198e-17,2.0816681711721685e-17,0,0
1150,0.3513663931566611,0.559415319390661,0.009709616452602642,0.029297210470373224,-4.228388472693467e-18,1.734723475976807e-17,0,0
1151,0.3703668539099725,0.5655979512966067,0.010173442752605188,0.029525634931292486,6.505213034913027e-19,7.37257477290143e-18,0,0
1152,0.3893516319341527,0.5717702081003556,0.010634206755940892,0.02975789187957182,-6.288372600415926e-18,-1.3010426069826053e-18,0,0
1153,0.4083379430239275,0.5779580857211308,0.011092619952745101,0.02999505616348343,-1.463672932855431e-17,-1.3877787807814457e-17,0,0
1154,0.2944035715642443,0.5408658777808418,0.008298983341159383,0.028637978611313984,-9.432558900623889e-18,2.949029909160572e-17,0,0
1155,0.2754164569026066,0.5346961485942923,0.007820465371384358,0.028427577008527192,1.235990476633475e-17,-2.5153490401663703e-17,0,0
1156,0.2563492058061937,0.5284855536139887,0.007334895252106258,0.02821980819666326,5.854691731421724e-18,-9.974659986866641e-18,0,0
1157,0.2373320374714019,0.5222947786073903,0.006844901902167414,0.028016710717265653,-1.0191500421363742e-17,-1.5612511283791264e-17,0,0
1158,0.4273328818106854,0.5841486748163871,0.011549181735381744,0.030236372526461237,2.233456475320139e-17,1.474514954580286e-17,0,0
1159,0.4463360012887717,0.5903344605453236,0.012004153039113293,0.030481347637003133,-8.673617379884035e-18,-1.3010426069826053e-18,0,0
1160,0.04411417103895604,0.4413988416672508,0.001416693625870871,0.025281025991041706,-2.211772431870429e-17,-1.3444106938820255e-17,0,0
1161,0.4653415223114996,0.5965187299070503,0.012457611765256922,0.030730009431324336,1.734723475976807e-17,-1.214306433183765e-17,0,0
1162,0.0,0.4200000000008387,0.0,0.024486395479870877,-0.004926094900469529,8.673617379884035e-19,1,0
1163,0.4843460351772072,0.6027030438095247,0.012909671862481953,0.03098229099796891,-1.6371452804531117e-17,-3.165870343657673e-17,0,0
1164,0.5033530004261795,0.6088885657336739,0.013360591603762165,0.03123808722935429,3.404394821604484e-17,-6.938893903907228e-18,0,0
1165,0.5223613737175565,0.6150738445408712,0.013810501306606805,0.03149717770472708,-1.0191500421363742e-17,-2.5587171270657905e-17,0,0
1166,0.5455143143222706,0.640809916560145,0.01433329043979682,0.032701616137185495,-2.7755575615628914e-17,-8.890457814381136e-18,0,0
1167,0.5645201372853582,0.6469933835815894,0.01478292393655828,0.03296881181357632,2.6020852139652106e-18,-9.107298248878237e-18,0,0
1168,0.5835264978605184,0.6531795437139425,0.01523182863011822,0.03323884774541584,9.215718466126788e-18,5.637851296924623e-18,0,0
1169,0.6025322373917583,0.659365695430158,0.015680068489939865,0.033511467220962064,9.75781955236954e-18,1.3877787807814457e-17,0,0
1170,0.6215387405147108,0.6655527973813422,0.016127754421531675,0.03378659187411472,2.2768245622195593e-17,6.938893903907228e-18,0,0
1171,0.640547722029794,0.6717382015017543,0.016574999516077965,0.03406397069609731,1.1926223897340549e-18,3.0357660829594124e-17,0,0
1172,0.6595575627794577,0.6779232687804472,0.017021826436190306,0.03434355739027087,-4.2392304944183223e-17,-9.974659986866641e-18,0,0
1173,0.6785684547732315,0.6841077090148118,0.01746829664471243,0.034625226695022805,4.098284211995207e-17,-5.204170427930421e-18,0,0
1174,0.8538440456527604,0.7593338275156309,0.021570042046302473,0.038200300161958356,2.6020852139652106e-17,1.7672495411513722e-17,0,0
1175,0.1191395384156873,0.4656133071457115,0.0036819598112152983,0.026037581724239034,1.3877787807814457e-17,-3.0357660829594124e-18,0,0
1176,0.1381418912537605,0.4718060328988718,0.004225717062169207,0.02622031390343674,-6.7220534694101275e-18,-9.107298248878237e-18,0,0
1177,0.157152960218723,0.4779946122205077,0.004758695602579487,0.026402127597550836,-2.8189256484623115e-18,-9.540979117872439e-18,0,0
1178,0.1761598218266357,0.4841817011511405,0.005281265795485523,0.026584652583751315,1.214306433183765e-17,-3.903127820947816e-18,0,0
1179,0.1951662058859963,0.4903681788304218,0.005794366797318599,0.026769092877517744,-5.854691731421724e-18,2.3852447794681098e-17,0,0
1180,0.1001058045547941,0.4594141724872203,0.003125376784084527,0.025852547434134936,-2.190088388420719e-17,-3.859759734048396e-17,0,0
1181,0.2141835123228435,0.4965536832902262,0.006299170972950635,0.02695631537714706,1.0842021724855044e-17,3.469446951953614e-18,0,0
1182,0.08108739345128055,0.4532211310011378,0.002557237759175484,0.025663399741635836,6.396792817664476e-18,5.204170427930421e-18,0,0
1183,0.06207334446048106,0.4470323766454465,0.001976657553956921,0.025467348983370993,2.8189256484623115e-17,-5.637851296924623e-18,0,0
1184,0.0360843343610106,0.4223089036105673,0.001185477816673982,0.024541036330330068,8.456776945386935e-18,1.8648277366750676e-17,0,0
1185,0.2332116984299824,0.5027428855444968,0.006796494615756274,0.027147243839491932,-7.806255641895632e-18,1.734723475976807e-18,0,0
1186,0.01756481828958059,0.4104256009755041,0.0005866039509042413,0.02410711314946225,-8.239936510889834e-18,-2.3852447794681098e-17,0,0
1187,0.5413669569715189,0.6212580489089887,0.014259434662739259,0.03175938000920086,-2.42861286636753e-17,1.5829351718288365e-17,0,0
1188,0.6975792430868969,0.6902927735659448,0.017914433576203797,0.034908934198904965,-1.9081958235744878e-17,-3.7730235602495554e-17,0,0
1189,0.7165870184675184,0.6964805301119954,0.018360215047972746,0.03519468154157165,1.5395670849294163e-17,-3.469446951953614e-18,0,0
1190,0.7355994980679346,0.7026675868413418,0.01880587044747029,0.035482196679421214,-5.204170427930421e-18,1.5178830414797062e-17,0,0
1191,0.754615480566144,0.7088522118972713,0.019251413521521123,0.035771301927555114,-5.421010862427522e-18,-5.204170427930421e-18,0,0
1192,0.773630347142612,0.7150351712768876,0.01969677433885344,0.036061947672659835,7.806255641895632e-18,4.336808689942018e-18,0,0
1193,0.7926430621053258,0.7212185694864821,0.020141966146145628,0.036354150435582926,-1.1926223897340549e-17,8.239936510889834e-18,0,0
1194,0.8116604839143701,0.7274037485638392,0.02058718724383098,0.03664788860195565,6.071532165918825e-18,1.5178830414797062e-17,0,0
1195,0.8306767590746548,0.7335873256619297,0.021032338367514364,0.03694291858029466,-1.8648277366750676e-17,-5.204170427930421e-18,0,0
1196,0.8496938396475804,0.7397728434089008,0.02147750084301696,0.03723933571187021,5.854691731421724e-18,-1.9949319973733282e-17,0,0
1197,0.872860545594726,0.7655210071152887,0.022015941881575074,0.03849848716472109,-1.8648277366750676e-17,-4.228388472693467e-17,0,0
1198,0.8918773266745113,0.7717085061223168,0.022461886494555373,0.03879776676998999,1.0625181290357943e-17,-3.946495907847236e-17,0,0
1199,0.9108830767172673,0.7778968093973516,0.022907646204613757,0.0390980941933209,-2.927345865710862e-18,6.071532165918825e-18,0,0
1200,0.9298441315145489,0.7840887554822729,0.02335245620291176,0.03939954836823041,-1.929879867024198e-17,-1.3010426069826053e-18,0,0
1201,0.94834746609236,0.7914411192216215,0.023786597373927413,0.03975899592794317,2.4069288229178198e-17,2.3852447794681098e-17,0,0
1202,0.9658694577639801,0.800426505175249,0.024197868166258015,0.040199641611489284,-1.8431436932253575e-17,-1.3444106938820255e-17,0,0
1203,0.9827228803284097,0.8100754326825386,0.02459375655898649,0.040673588418667646,1.6479873021779667e-17,1.9949319973733282e-17,0,0
1204,1.0,0.8199999999995261,0.025,0.04116155696225722,0.004613036033858946,3.469446951953614e-18,2,0
1205,0.3472315991432654,0.5398670613064445,0.00965569598615125,0.028388421970842046,4.228388472693467e-18,-1.3010426069826053e-17,0,0
1206,0.3282525731573496,0.5336808737388197,0.00919088578828015,0.02816943408242316,-1.919037845299343e-17,6.071532165918825e-18,0,0
1207,0.3092717831949501,0.5275034948931748,0.00872234162185338,0.027955731505066507,1.7564075194265172e-17,-1.734723475976807e-17,0,0
1208,0.3662218923877427,0.5460492529816379,0.010117607193246024,0.02861197573720167,3.577867169202165e-18,-1.1275702593849246e-17,0,0
1209,0.385221565323316,0.552230953860034,0.010576974760108866,0.028840159560231376,5.421010862427522e-18,-4.336808689942018e-18,0,0
1210,0.4042085689162567,0.5584048396337746,0.011033631356844565,0.029072563353873666,3.2526065174565133e-19,-1.6479873021779667e-17,0,0
1211,0.4231963044537855,0.5645927368279109,0.0114881872542384,0.02931002719730793,-1.3010426069826053e-18,-2.1250362580715887e-17,0,0
1212,0.2902997594423332,0.5213372705264039,0.008249796945444608,0.027747397489902372,5.204170427930421e-18,-1.431146867680866e-17,0,0
1213,0.271254077141797,0.5151391156803253,0.007770632584364562,0.027542754353979886,-6.7220534694101275e-18,1.5178830414797062e-17,0,0
1214,0.2521979919494032,0.5089293900554219,0.007285758252539985,0.027342364914323996,2.6020852139652106e-18,-7.37257477290143e-18,0,0
1215,0.4421893940100687,0.5707838414242068,0.011941064029411986,0.0295518560582481,7.589415207398531e-18,-1.0408340855860843e-17,0,0
1216,0.4611937548380324,0.5769680377010564,0.012392670158207225,0.029797375858261088,-2.1250362580715887e-17,-2.168404344971009e-18,0,0
1217,0.0574949826885898,0.4276529942629444,0.0018703573101349618,0.024702133497380863,-2.8189256484623115e-18,-7.37257477290143e-18,0,0
1218,0.4801971639625702,0.5831521719538539,0.01284290545338117,0.030046772668719485,1.6046192152785466e-17,4.2500725161431774e-17,0,0
1219,0.0,0.4000000000007742,0.0,0.023718449150095623,-0.004952070405696212,1.3877787807814457e-17,1,0
1220,0.4992046967442916,0.5893380618958891,0.013292076057002496,0.030299945727446837,-1.4094628242311558e-17,1.3010426069826053e-18,0,0
1221,0.5182163577096701,0.5955238092898816,0.013740346400912287,0.030556629719564413,-6.505213034913027e-19,3.599551212651875e-17,0,0
1222,0.5372202151057295,0.6017067286522931,0.014187573187010333,0.03081654838279829,1.0191500421363742e-17,1.0842021724855044e-17,0,0
1223,0.5603724010356121,0.6274420366606016,0.014707572230716146,0.03202458057267248,2.5153490401663703e-17,7.37257477290143e-18,0,0
1224,0.5793780517578895,0.6336267943104534,0.015155023976403191,0.03229268250348102,1.5178830414797062e-18,-2.7755575615628914e-17,0,0
1225,0.5983848472990851,0.6398118044737149,0.015601903371607747,0.03256351949423961,-5.204170427930421e-18,-4.7704895589362195e-18,0,0
1226,0.6173913943100389,0.6459981392940749,0.016048255426187336,0.032837011881844215,-1.0950441942103595e-17,-2.2985086056692694e-17,0,0
1227,0.6363996450719812,0.6521834078875269,0.016494199486800296,0.0331129104987154,-1.734723475976807e-18,2.992397996059992e-17,0,0
1228,0.6554086162357853,0.6583681084020602,0.0169397738278691,0.033391117129294615,3.469446951953614e-18,2.8189256484623115e-17,0,0
1229,0.674418416556189,0.6645529107708847,0.017385036314736358,0.03367154575635797,-7.697835424647081e-18,-1.6479873021779667e-17,0,0
1230,0.6934300505204141,0.6707363387298786,0.017830062291974615,0.033954009586460054,-7.37257477290143e-18,1.3010426069826053e-17,0,0
1231,0.8687106334263774,0.7459585606245203,0.02192268577465585,0.03753697970557837,-6.071532165918825e-18,-8.023096076392733e-18,0,0
1232,0.1149852195799423,0.4460633444415708,0.003618449469130157,0.025235215989903758,-9.215718466126788e-18,2.0816681711721685e-17,0,0
1233,0.1339978973242074,0.4522573120980663,0.0041689770617132785,0.025406816244607028,7.15573433840433e-18,2.0383000842727483e-17,0,0
1234,0.1530051110825724,0.4584459194844551,0.0047067371632234884,0.02557760365995227,1.1492543028346347e-17,-7.806255641895632e-18,0,0
1235,0.1720121286163279,0.4646290766035568,0.00523289612622884,0.02574912231754398,-5.095750210681871e-18,3.469446951953614e-18,0,0
1236,0.1910221671566101,0.4708151356784219,0.005748524455308842,0.02592307646497563,-1.463672932855431e-17,-2.3852447794681098e-17,0,0
1237,0.2100461407425991,0.4770022009129993,0.006254954196401632,0.026100396642933055,1.5937771935536915e-17,-2.168404344971009e-17,0,0
1238,0.09596991315762034,0.4398669544260051,0.003054550114553916,0.025060828361405618,-1.702197410802242e-17,3.903127820947816e-17,0,0
1239,0.2290997351128558,0.4831867401197233,0.006753617631506546,0.026281636498336865,1.2793585635328952e-17,1.1709383462843448e-17,0,0
1240,0.07695125089374577,0.4336684058661495,0.002476688382404501,0.024881266657555003,8.348356728138384e-18,9.540979117872439e-18,0,0
1241,0.05388785649382057,0.4079458110063766,0.0017968120981362637,0.023936810069341292,5.421010862427522e-19,-1.474514954580286e-17,0,0
1242,0.03505152329763552,0.399886153547147,0.0011846969123501655,0.02367581028286968,-3.0357660829594124e-18,-2.6020852139652106e-18,0,0
1243,0.2481157884509995,0.4893928408667221,0.007243557782607029,0.02646879236042604,3.577867169202165e-18,9.107298248878237e-18,0,0
1244,0.01693254400311152,0.3903585486928374,0.0005812370931963516,0.023345278176139343,2.8189256484623115e-17,1.1275702593849246e-17,0,0
1245,0.5562252547095237,0.6078906812689551,0.014634088304385765,0.031079702635830733,-1.474514954580286e-17,-2.2659825404947043e-17,0,0
1246,0.7124368012668798,0.6769236791774282,0.018274735387639407,0.034238666155362925,6.938893903907228e-18,2.47198095326695e-17,0,0
1247,0.7314480645538992,0.6831125168325306,0.018719322376870372,0.034525284337235486,8.023096076392733e-18,6.5052130349130266e-18,0,0
1248,0.7504632664311354,0.6892961400312309,0.019163853094811067,0.034813437013876576,1.6263032587282567e-18,-1.6479873021779667e-17,0,0
1249,0.7694796881273867,0.6954779856300062,0.01960829840182841,0.0351032009034401,2.0491421059976034e-17,-4.7704895589362195e-18,0,0
1250,0.7884956858764876,0.7016620692735279,0.02005265367815241,0.03539468469434568,3.2526065174565133e-18,-1.7780915628762273e-17,0,0
1251,0.8075089173021484,0.707846591141313,0.020496900369860575,0.035687715230842,1.0408340855860843e-17,-1.3877787807814457e-17,0,0
1252,0.82652507360558,0.714031566496452,0.020941207039682018,0.035982206990157195,3.686287386450715e-18,8.673617379884035e-18,0,0
1253,0.8455416559371662,0.7202175979761236,0.021385549425195615,0.036278111636695726,-8.456776945386935e-18,-2.1250362580715887e-17,0,0
1254,0.8645582707070242,0.7263996704388772,0.021829954076773406,0.036575105389123744,4.228388472693467e-18,3.2959746043559335e-17,0,0
1255,0.8877273476423613,0.7521457463372874,0.022367932810647834,0.03783584235890382,3.122502256758253e-17,2.0057740190981832e-17,0,0
1256,0.9067442131718002,0.7583330895132833,0.02281328857952032,0.03813578508552091,-1.3010426069826053e-17,-3.469446951953614e-17,0,0
1257,0.9257290466539017,0.7646333834845138,0.02325802027191872,0.03844228796081309,2.667137344314341e-17,-3.5128150388530344e-17,0,0
1258,0.9453812037290754,0.7715009023467765,0.023718535502141907,0.03877760663048292,-1.6479873021779667e-17,-4.597017211338539e-17,0,0
1259,0.964508883461116,0.7801129579306842,0.024166916432766167,0.039199738864086814,1.973247953923618e-17,2.7321894746634712e-17,0,0
1260,0.9826794919242662,0.7899999999994541,0.02459321509676924,0.03968553322444041,-4.336808689942018e-19,9.540979117872439e-18,0,0
1261,1.0,0.7999999999994734,0.025,0.04017748709467182,0.00461217513900177,-1.8214596497756474e-17,2,0
1262,0.3620835169475397,0.5264994555259896,0.010065736241462148,0.027698574710638593,2.710505431213761e-18,-4.336808689942018e-19,0,0
1263,0.3431127848967933,0.5203126877845595,0.009606236649956724,0.027479918481583206,1.951563910473908e-18,-5.637851296924623e-18,0,0
1264,0.3241307230742146,0.5141374702707386,0.009143099761892114,0.02726715001566183,-7.806255641895632e-18,-3.0357660829594124e-18,0,0
1265,0.3051545724300852,0.5079703323650888,0.008676237872019162,0.0270601401574988,1.1709383462843448e-17,1.1275702593849246e-17,0,0
1266,0.381076046727779,0.5326845848867667,0.010522928635865039,0.02792222081371601,-6.071532165918825e-18,6.071532165918825e-18,0,0
1267,0.4000756703846277,0.538865175081111,0.010977850905298257,0.02815059983998882,4.553649124439119e-18,2.0383000842727483e-17,0,0
1268,0.41906383256847,0.5450393406969847,0.011430396966099293,0.02838349392403459,-8.673617379884035e-18,1.5178830414797062e-17,0,0
1269,0.4380531922691464,0.5512299240976506,0.011881137509164325,0.02862174863263505,-5.637851296924623e-18,7.37257477290143e-18,0,0
1270,0.286148937349574,0.5017900023696344,0.00820420611174609,0.026858118688234546,2.168404344971009e-18,4.336808689942018e-19,0,0
1271,0.2671073997685077,0.4955943679688046,0.007726154123848143,0.02666102480189347,-2.233456475320139e-17,-4.7704895589362195e-18,0,0
1272,0.4570468014096947,0.557418280849444,0.012330453382941144,0.028864255495059183,-3.577867169202165e-18,9.107298248878237e-18,0,0
1273,0.4760504067417126,0.5636019354304915,0.01277871359429056,0.02911066951318026,-3.469446951953614e-18,-1.9081958235744878e-17,0,0
1274,0.0728354614639834,0.414134222126641,0.0023989668824312164,0.02411501428914875,3.2526065174565133e-18,-1.5612511283791264e-17,0,0
1275,0.4950542436503942,0.5697873439073052,0.013225863595236793,0.029361128507004522,5.7462715141731735e-18,1.1709383462843448e-17,0,0
1276,0.0,0.3800000000007314,0.0,0.02297094955035029,-0.00498437927813373,-1.6479873021779667e-17,1,0
1277,0.5140613795397282,0.5759734366810957,0.01367214853236338,0.029615372569077092,2.3960868011929648e-17,-7.806255641895632e-18,0,0
1278,0.5330711060001495,0.5821571683191666,0.014117701196656686,0.029873061228449998,-1.3986208025063007e-17,-2.42861286636753e-17,0,0
1279,0.552078190746913,0.5883384731468089,0.014562520130079248,0.03013401733296663,3.144186300207963e-18,3.209238430557093e-17,0,0
1280,0.5752309045859183,0.6140748761095226,0.015079984871577594,0.031345894886197066,3.903127820947816e-18,2.6237692574149207e-17,0,0
1281,0.5942370739388064,0.6202595467924117,0.015525352199500637,0.03161498268180574,-2.5478751053409354e-17,-8.673617379884035e-19,0,0
1282,0.6132439593876879,0.62644432504495,0.015970275257049544,0.03188680051070558,1.3227266504323154e-17,2.992397996059992e-17,0,0
1283,0.6322516335269948,0.6326292057068523,0.016414825669865907,0.0321612075709825,2.0274580625478933e-17,-2.211772431870429e-17,0,0
1284,0.6512599844238054,0.6388140220296702,0.01685906248220199,0.032438061845082224,-1.5937771935536915e-17,-4.163336342344337e-17,0,0
1285,0.670269361146377,0.6449989316359775,0.017303048302207535,0.03271724335038237,2.7321894746634712e-17,2.0816681711721685e-17,0,0
1286,0.6892789580001728,0.6511835862313037,0.017746813182942685,0.03299861499413204,1.5395670849294163e-17,-4.9873299934333204e-17,0,0
1287,0.7082897554303216,0.6573694619554743,0.018190423217931115,0.033282132995172894,-2.7321894746634712e-17,-2.992397996059992e-17,0,0
1288,0.8835767549293259,0.7325840550213859,0.022274496153232706,0.03687342191618148,-2.6020852139652106e-18,-7.697835424647081e-18,0,0
1289,0.1108456913189854,0.4265108271313616,0.003559723736244975,0.02444510891693941,5.637851296924623e-18,-3.122502256758253e-17,0,0
1290,0.1298521234983022,0.4327056113850246,0.004117125875432213,0.02460421769443482,-1.691355389077387e-17,1.431146867680866e-17,0,0
1291,0.1488586660655851,0.4388917990659014,0.0046603280593538205,0.02476228778411715,2.211772431870429e-17,1.8648277366750676e-17,0,0
1292,0.1678658623219557,0.4450772264561076,0.0051903905240044705,0.024921623538349518,-1.1167282376600696e-17,-8.673617379884035e-18,0,0
1293,0.1868723114486849,0.4512625938256739,0.005708504385537686,0.025083790633335493,-1.3010426069826053e-18,-8.239936510889834e-18,0,0
1294,0.2058774777492271,0.4574474628679755,0.006215889320172934,0.0252499713978976,2.8406096919120216e-17,1.1275702593849246e-17,0,0
1295,0.2249271375086928,0.4636467294614852,0.0067149396208352205,0.02542146073775317,-1.452830911130576e-17,8.673617379884035e-19,0,0
1296,0.09183609282303276,0.4203185471990349,0.002987058550007158,0.02428300508246012,-1.3660947373317356e-17,3.469446951953614e-18,0,0
1297,0.2439898671714661,0.4698577012814709,0.007205901970409365,0.025598938307078625,-2.168404344971009e-18,-2.688821387764051e-17,0,0
1298,0.05008439695695744,0.3883245255768,0.001716171241582525,0.023195350038375168,-1.5178830414797062e-18,1.951563910473908e-17,0,0
1299,0.06868720771587639,0.3945942748766582,0.002322118287496596,0.02336602829183094,2.8189256484623115e-18,2.992397996059992e-17,0,0
1300,0.03275207583977384,0.3798994023152116,0.0011403962383215258,0.022927913607567043,-2.6020852139652106e-18,4.336808689942018e-19,0,0
1301,0.2630064581795132,0.4760485565001975,0.007688384745600694,0.02578167881440606,-1.3010426069826053e-18,-3.469446951953614e-18,0,0
1302,0.01647979930795699,0.3705651211486116,0.0005835020468607319,0.022615178349522355,-8.890457814381136e-18,1.2576745200831851e-17,0,0
1303,0.5710839870985196,0.5945219542239879,0.015006738698999975,0.0303982818557992,5.204170427930421e-18,1.5395670849294163e-17,0,0
1304,0.7272995045246449,0.6635586261636504,0.018633864499098724,0.03356779267490099,5.204170427930421e-18,-5.637851296924623e-18,0,0
1305,0.7463102506969032,0.6697433936889821,0.01907722780516839,0.033855110318042336,-3.2526065174565133e-19,-7.37257477290143e-18,0,0
1306,0.765326616574546,0.6759231452972532,0.01952065614908029,0.034143952964046195,-5.204170427930421e-18,3.0357660829594124e-18,0,0
1307,0.7843463949278342,0.6821023812156791,0.019964128168807313,0.03443445159657093,-4.336808689942018e-19,1.431146867680866e-17,0,0
1308,0.8033604593238104,0.6882887900366115,0.020407458889774157,0.03472690248810393,-6.071532165918825e-18,3.7730235602495554e-17,0,0
1309,0.8223740052602262,0.6944740265107123,0.020850806502772223,0.035020805930098216,-3.404394821604484e-17,9.540979117872439e-18,0,0
1310,0.8413886201449159,0.7006601091247956,0.021294239553833843,0.03531617930125148,2.3852447794681098e-18,5.160802341031001e-17,0,0
1311,0.8604037064385528,0.7068440077322939,0.021737777937434397,0.03561279517901325,7.37257477290143e-18,1.9081958235744878e-17,0,0
1312,0.879423383511291,0.7130253727996066,0.02218155039659109,0.03591055924210827,4.445228907190568e-18,-4.336808689942018e-19,0,0
1313,0.9025942057447232,0.7387702017446341,0.022719137198665196,0.03717296850731464,1.6046192152785466e-17,2.0925101928970236e-17,0,0
1314,0.9216113207529668,0.7449575431521019,0.023163938399530844,0.03747363394259164,-3.1008182133085427e-17,2.5587171270657905e-17,0,0
1315,0.9405126219150075,0.7518161142969549,0.023606157848099173,0.037808394639130605,-7.37257477290143e-18,3.0791341698588326e-17,0,0
1316,0.9623165367071221,0.7573353648602287,0.024116795010180603,0.03807781559346346,-2.190088388420719e-17,-6.938893903907228e-18,0,0
1317,0.9827092441506624,0.7699484236874978,0.024594448377897673,0.0386980001133905,3.5778671692021646e-17,-2.2551405187698492e-17,0,0
1318,1.0,0.7799999999994207,0.025,0.03919279493172269,0.004611236088134019,-5.204170427930421e-18,2,0
1319,0.3769301010709566,0.5131374016518095,0.010472678051025397,0.027004177150561443,-2.927345865710862e-17,-2.6020852139652106e-18,0,0
1320,0.3579576881236304,0.5069452524449439,0.010018273303648986,0.0267851102254613,1.5178830414797062e-17,4.336808689942018e-18,0,0
1321,0.3389853233483228,0.5007618985857613,0.009560919334080485,0.026572135925233057,-2.3852447794681098e-18,8.239936510889834e-18,0,0
1322,0.3200085706044673,0.4946028898658097,0.009099932840046942,0.02636619909060031,-8.456776945386935e-18,-1.5178830414797062e-17,0,0
1323,0.3010132626384716,0.4884273422484598,0.008634492402016506,0.026165600820925054,-2.3852447794681098e-18,6.938893903907228e-18,0,0
1324,0.395930678651332,0.5193200449689233,0.01092532159866123,0.027228134264240565,-6.7220534694101275e-18,4.336808689942018e-18,0,0
1325,0.4149246284668288,0.5254974717284775,0.01137570698987861,0.027457078612463545,6.7220534694101275e-18,6.071532165918825e-18,0,0
1326,0.43391645522872,0.5316808945840176,0.011824244931541132,0.02769128777593684,2.168404344971009e-19,-2.688821387764051e-17,0,0
1327,0.4529038811364308,0.5378687798251072,0.012271173988533482,0.02793044507838121,2.3527187142935446e-17,2.6020852139652106e-18,0,0
1328,0.2820051029539979,0.4822400534994045,0.008164045861512752,0.025970672399103605,2.461138931542095e-17,-5.204170427930421e-18,0,0
1329,0.4719036437162956,0.5440535708496812,0.01271715591213299,0.028173890255995062,-1.713039432527097e-17,9.107298248878237e-18,0,0
1330,0.4909086270756289,0.5502377735270172,0.01316221656879421,0.028421532153932262,1.2902005852577503e-17,-3.469446951953614e-18,0,0
1331,0.08769868234437192,0.4007765747819717,0.002923112466486224,0.023521261273538603,-3.144186300207963e-18,-6.071532165918825e-18,0,0
1332,0.5099152435206833,0.5564224605474146,0.013606442404662276,0.028673204793326003,2.927345865710862e-18,1.1275702593849246e-17,0,0
1333,0.0,0.3600000000006675,0.0,0.022247240816489898,-0.005021528440546511,1.951563910473908e-17,1,0
1334,0.5289246559379417,0.5626071997934772,0.01405001171251162,0.028928664105209372,5.421010862427522e-18,3.469446951953614e-18,0,0
1335,0.5479304280543138,0.5687881017799217,0.014492904171052305,0.029187525417706375,-2.667137344314341e-17,-8.673617379884035e-18,0,0
1336,0.5669355983357296,0.5749690725544607,0.014935293491906457,0.02944977154212737,-4.119968255444917e-18,-3.642919299551295e-17,0,0
1337,0.5900895441036573,0.6007072098732502,0.015450475433013753,0.0306656623268759,-1.8648277366750676e-17,-6.396792817664476e-18,0,0
1338,0.6090960200778203,0.6068914849746265,0.015893841405158735,0.030935860468796882,2.0274580625478933e-17,-2.168404344971009e-18,0,0
1339,0.6281036932342106,0.6130753994074802,0.01633691105190792,0.031208753029700075,-2.2768245622195593e-18,1.3010426069826053e-18,0,0
1340,0.6471118524299286,0.6192600421508899,0.016779726236850232,0.031484249630882165,-1.3010426069826053e-17,1.0842021724855044e-17,0,0
1341,0.6661204698191063,0.625444873275273,0.017222339482119115,0.03176218683137834,3.469446951953614e-18,6.938893903907228e-18,0,0
1342,0.6851299565217849,0.6316303001714867,0.01766480659651471,0.03204245470732019,1.6046192152785466e-17,7.37257477290143e-18,0,0
1343,0.7041398474516831,0.6378176332748695,0.01810715710212651,0.03232499614541093,-3.436920886779049e-17,3.5128150388530344e-17,0,0
1344,0.7231512281048215,0.6440030599599962,0.01854945714354805,0.03260950721431886,-2.1358782797964437e-17,-8.673617379884035e-18,0,0
1345,0.8984432906712857,0.719209141619463,0.022625486610169998,0.03620964167901852,-9.540979117872439e-18,7.26415455565288e-18,0,0
1346,0.106704721581478,0.4069651144370202,0.0035058242422835633,0.023669417738168858,-5.421010862427522e-18,-1.8214596497756474e-17,0,0
1347,0.125710600357211,0.4131534480117897,0.0040712083405247245,0.02381390850307626,-1.3118846287074604e-17,2.168404344971009e-18,0,0
1348,0.1447145496342766,0.4193390453070737,0.004620315695726946,0.02395761576643361,1.1058862159352145e-17,-1.691355389077387e-17,0,0
1349,0.1637197272463654,0.4255247509246686,0.005154565173259189,0.024102985580256378,4.9873299934333204e-18,8.239936510889834e-18,0,0
1350,0.1827255274342292,0.4317108600978558,0.005675375467455971,0.024251853966690794,1.2902005852577503e-17,1.0842021724855044e-17,0,0
1351,0.201730650467807,0.4378961544935772,0.006184198904996655,0.024405518602253495,4.336808689942018e-19,-9.540979117872439e-18,0,0
1352,0.2207632967598136,0.4440945896940026,0.0066831799624828625,0.024565414390031702,-2.1141942363467336e-17,-2.6020852139652106e-18,0,0
1353,0.2398289411347355,0.4503116636119168,0.0071737553176114705,0.0247324165002299,3.133344278483108e-17,1.734723475976807e-17,0,0
1354,0.258866055046715,0.4565124111119127,0.007655640420881593,0.02490570413495917,-1.5829351718288365e-17,-7.37257477290143e-18,0,0
1355,0.06453867048821751,0.3750419651302482,0.0022470161129392245,0.022637243877748337,0.0,-4.0766001685454967e-17,0,0
1356,0.04685472769610477,0.3685713554959656,0.0016564749995820285,0.022468552726936385,3.0357660829594124e-18,-8.673617379884035e-19,0,0
1357,0.08354950968356245,0.3812298299238241,0.0028628469154205315,0.022777653456711726,1.3444106938820255e-17,-1.3010426069826053e-18,0,0
1358,0.03064409518633257,0.3605457274509066,0.0011013624679790943,0.022225802533413934,1.214306433183765e-17,-2.3852447794681098e-18,0,0
1359,0.2778669723542269,0.4626957828423746,0.008129788453024709,0.025085421925548988,-1.8106176280507924e-17,-9.540979117872439e-18,0,0
1360,0.015670862355394,0.3506512611291772,0.0005743693416767346,0.02190569926167025,9.324138683375338e-18,-3.187554387107383e-17,0,0
1361,0.5859425451524329,0.5811509161760193,0.015377327293476838,0.029715248349613057,2.211772431870429e-17,-4.445228907190568e-18,0,0
1362,0.7421615903084575,0.650188932652386,0.018991680417776168,0.03289599742323079,3.2959746043559335e-17,2.6237692574149207e-17,0,0
1363,0.7611777586888714,0.6563654505220438,0.019434024684936477,0.033183875058653355,8.673617379884035e-19,-8.239936510889834e-18,0,0
1364,0.7801935927486691,0.6625454393065063,0.019876367963594786,0.03347368014838768,-1.0625181290357943e-17,-2.8189256484623115e-17,0,0
1365,0.799210983837476,0.6687284487175229,0.020318785091846318,0.03376529786802202,-2.42861286636753e-17,8.239936510889834e-18,0,0
1366,0.8182254823099198,0.6749152235070615,0.02076120099991002,0.03405868103956251,1.0408340855860843e-17,-4.336808689942018e-19,0,0
1367,0.8372402820909837,0.6811022354935845,0.02120372105345069,0.03435357062834928,2.179246366695864e-17,-3.9898639947466563e-17,0,0
1368,0.8562554983477515,0.687289493237078,0.021646377556560476,0.03464988834386806,-1.452830911130576e-17,-3.8163916471489756e-17,0,0
1369,0.8752683511544337,0.6934701780288998,0.022089139428638202,0.03494722164453951,1.3444106938820255e-17,2.42861286636753e-17,0,0
1370,0.8942867881555397,0.6996470228656635,0.022532223137832957,0.03524562807282755,-1.3010426069826053e-17,-2.949029909160572e-17,0,0
1371,0.9174612200160969,0.7253943643098595,0.02306955590204206,0.036509940736851224,2.168404344971009e-18,-6.7220534694101275e-18,0,0
1372,0.9355630051678354,0.731776101075849,0.023492381834970853,0.03682115633144244,8.348356728138384e-18,-2.949029909160572e-17,0,0
1373,0.9530773593856804,0.7374771044518722,0.023901803817323625,0.03709983403689699,-1.0625181290357943e-17,-8.673617379884035e-18,0,0
1374,0.9827931470687574,0.7500482571126017,0.02459692648273302,0.0377171908350179,-5.421010862427522e-18,-2.5153490401663703e-17,0,0
1375,1.0,0.7599999999993681,0.025,0.03820740760820555,0.00461038334121632,2.6020852139652106e-17,2,0
1376,0.3917850208714187,0.4997740671723652,0.010876548143600019,0.02630515929356618,-7.26415455565288e-18,-6.071532165918825e-18,0,0
1377,0.3728086505377597,0.4935825476782935,0.010427128258548402,0.026085415160074177,1.5937771935536915e-17,2.6020852139652106e-17,0,0
1378,0.3538367054631925,0.4873955940569276,0.009975309082150507,0.025871858257986827,-2.916503843986007e-17,-8.673617379884035e-18,0,0
1379,0.3348647969230616,0.4812416919603918,0.009520398785713197,0.025666137687224883,3.144186300207963e-18,1.3010426069826053e-18,0,0
1380,0.3158679810570246,0.4750627685101587,0.009061386926927073,0.025465871385655776,2.688821387764051e-17,2.5153490401663703e-17,0,0
1381,0.2968674307086849,0.4688803868461528,0.008598070235358142,0.02527223146139796,-1.1926223897340549e-17,1.431146867680866e-17,0,0
1382,0.4107831048678973,0.5059548096240547,0.01132444457802966,0.026529990124293197,2.211772431870429e-17,-2.2985086056692694e-17,0,0
1383,0.4297748518601963,0.5121307168010398,0.01177046159627898,0.026760008455338737,4.336808689942018e-19,-9.540979117872439e-18,0,0
1384,0.4487630559556527,0.5183198704838757,0.012214925157178813,0.026995781244615786,-3.3610267347050637e-18,-7.806255641895632e-18,0,0
1385,0.4677573336375251,0.5245042777244183,0.012658367877333336,0.027236119559687456,-2.5153490401663703e-17,-1.0408340855860843e-17,0,0
1386,0.4867613372637296,0.5306910184461061,0.01310107432435783,0.027481083608487215,3.2851325826310784e-17,-3.0357660829594124e-18,0,0
1387,0.5057715852869467,0.5368735451852431,0.013543153126980345,0.027730106675205802,-4.0115480381963664e-18,-4.336808689942018e-18,0,0
1388,0.1025584152135486,0.387416807368239,0.0034573890666802103,0.022909765739361217,-3.469446951953614e-18,1.7780915628762273e-17,0,0
1389,0.5247795588975078,0.5430570425667434,0.013984542726828223,0.02798321444895158,1.8214596497756474e-17,-6.5052130349130266e-18,0,0
1390,0.0,0.340000000000624,0.0,0.021551326672027686,-0.005072443341651801,-1.3444106938820255e-17,1,0
1391,0.5437831565732507,0.5492402095148989,0.01442532495980073,0.028240109635001533,-1.8323016715005025e-17,-8.239936510889834e-18,0,0
1392,0.5627877247697279,0.5554185877041322,0.014865740999032631,0.02850033770398087,1.0083080204115191e-17,-8.673617379884035e-18,0,0
1393,0.581794248925628,0.5615942443890864,0.01530590071073635,0.02876378919592028,-2.0599841277224584e-18,2.3418766925686896e-17,0,0
1394,0.6049485052266325,0.587337295745594,0.015819014740616116,0.02998396347475324,-1.1275702593849246e-17,-5.637851296924623e-18,0,0
1395,0.6239557614086743,0.5935215994957286,0.01626048543173672,0.03025542130379653,1.984089975648473e-17,2.168404344971009e-18,0,0
1396,0.6429636738677948,0.5997058138451616,0.01670177914217424,0.03052956314288956,-4.336808689942018e-18,-1.734723475976807e-18,0,0
1397,0.6619721803329025,0.6058905789571066,0.017142943512399554,0.030806272963109903,-1.6696713456276768e-17,-1.3877787807814457e-17,0,0
1398,0.680981556398949,0.6120758415573614,0.017584028401708852,0.031085409254191967,-5.421010862427522e-19,2.47198095326695e-17,0,0
1399,0.6999914601317405,0.6182614310576074,0.018025064204473813,0.031366834041527805,-1.0191500421363742e-17,2.8189256484623115e-17,0,0
1400,0.7190021729480316,0.6244470808441247,0.018466092046698284,0.03165041185012221,-2.2768245622195593e-18,2.688821387764051e-17,0,0
1401,0.7380136800462069,0.630632672621768,0.018907142511648132,0.03193602218315043,9.324138683375338e-18,-6.938893903907228e-18,0,0
1402,0.9132880888607635,0.7058148042792265,0.022975135158273593,0.03554478076718875,-4.336808689942018e-19,2.883977778811442e-17,0,0
1403,0.9698820442875578,0.7402012303413275,0.02429506134658403,0.037232407651715135,3.230922474006803e-17,2.42861286636753e-17,0,0
1404,0.1215653661009966,0.3936025216627851,0.004031854929499386,0.02303763978878223,-1.3986208025063007e-17,-1.7780915628762273e-17,0,0
1405,0.1405701847961363,0.399787545443459,0.004587649144063734,0.023164852803942773,8.998878031629687e-18,-6.938893903907228e-18,0,0
1406,0.1595747154854,0.4059725380990972,0.005126463094230092,0.023294227256245675,1.5937771935536915e-17,-1.9081958235744878e-17,0,0
1407,0.1785791153432496,0.4121576315125512,0.00565006245397483,0.023427895963990874,1.5178830414797062e-18,-1.214306433183765e-17,0,0
1408,0.1975844752705897,0.4183445598898932,0.006160244629023578,0.023567474941085735,1.6263032587282567e-18,9.107298248878237e-18,0,0
1409,0.2165918491518413,0.4245311065301719,0.006658758515426022,0.02371393112233367,-4.662069341687669e-18,5.637851296924623e-18,0,0
1410,0.2356386370839425,0.4307403856062993,0.007148101277112151,0.023868740947389753,1.3010426069826053e-18,8.673617379884035e-19,0,0
1411,0.2546855747389777,0.4369489869319916,0.007628746832867788,0.024031478141140764,-4.228388472693467e-18,1.8648277366750676e-17,0,0
1412,0.2737205850893303,0.4431517397997031,0.00810170261403833,0.024202139738357904,3.469446951953614e-18,3.469446951953614e-18,0,0
1413,0.0794037896910398,0.3616724151803388,0.002807195371610454,0.022054955383745713,-6.179952383167375e-18,8.673617379884035e-18,0,0
1414,0.06039291423375624,0.3554830138658796,0.0021742215507333787,0.0219319822323394,-6.288372600415926e-18,2.1250362580715887e-17,0,0
1415,0.0418746048014141,0.3491879015140046,0.0015347461753086428,0.02178759013009927,-2.3852447794681098e-18,6.071532165918825e-18,0,0
1416,0.09841331252756048,0.3678619928911265,0.00341544042817381,0.02216841183274311,1.214306433183765e-17,2.7321894746634712e-17,0,0
1417,0.02911561650004557,0.3416513663528643,0.0010862350032083195,0.02156367081342498,2.4665599424045226e-18,-1.3010426069826053e-17,0,0
1418,0.2927202429870047,0.4493342617896046,0.008567576505912838,0.02438011944215041,-6.288372600415926e-18,-5.204170427930421e-18,0,0
1419,0.01818753239749364,0.3291579476770624,0.0006968856199115298,0.02116887926883291,2.439454888092385e-18,1.5612511283791264e-17,0,0
1420,0.6008008560031605,0.5677806331730215,0.01574581733123332,0.029030932688623456,4.336808689942018e-19,-1.0625181290357943e-17,0,0
1421,0.757026883902501,0.6368106784228054,0.019348269846359397,0.03222318566912072,-1.3877787807814457e-17,8.456776945386935e-18,0,0
1422,0.7760476179021518,0.6429811137643302,0.019789636055521528,0.03251179679364518,2.211772431870429e-17,2.42861286636753e-17,0,0
1423,0.7950615148856579,0.6491680760451316,0.020230918017381562,0.03280296178113142,-2.1250362580715887e-17,-7.37257477290143e-18,0,0
1424,0.8140759519912082,0.655354911564165,0.020672323580326356,0.033095762954816255,2.927345865710862e-18,-3.252606517456513e-17,0,0
1425,0.8330907390154791,0.6615413492378504,0.02111387384460138,0.03339010259507949,5.854691731421724e-18,-3.469446951953614e-18,0,0
1426,0.8521059676868383,0.6677279972524914,0.0215555962379917,0.03368593057990511,-2.7972416050126014e-17,2.862293735361732e-17,0,0
1427,0.8711205876836613,0.6739139642480583,0.021997492831129745,0.03398312770036207,2.3635607360183997e-17,1.3010426069826053e-18,0,0
1428,0.8901364781807195,0.6800942613009361,0.022439639782360275,0.03428136954711501,8.673617379884035e-19,-1.2576745200831851e-17,0,0
1429,0.9091611365547452,0.6862683791658496,0.02288224250538095,0.03458055892285321,-7.806255641895632e-18,0.0,0,0
1430,0.9321758297778843,0.7120507740785396,0.023415618413897707,0.0358484572845479,6.5052130349130266e-18,3.789286592836838e-17,0,0
1431,0.9498457950187311,0.7179859951077232,0.0238279258790476,0.03613854312111085,1.6263032587282567e-18,5.204170427930421e-18,0,0
1432,0.9677241417005704,0.7222492010343649,0.02424554684102179,0.036346922235369734,-8.673617379884035e-18,-5.5077470362263625e-17,0,0
1433,1.0,0.7399999999993154,0.025,0.037221326705393354,0.00460924272567213,-6.071532165918825e-18,2,0
1434,0.983331592849412,0.7303412535977768,0.024610184492861335,0.036745160218110744,-2.168404344971009e-19,3.469446951953614e-18,0,0
1435,0.4066394870277208,0.4864119325779568,0.011276824880024423,0.02560202926286934,-2.721347452938616e-17,-2.2551405187698492e-17,0,0
1436,0.3876548723923679,0.4802252259690595,0.010832178565048312,0.02538128127572124,1.9081958235744878e-17,-2.2985086056692694e-17,0,0
1437,0.3686864970532342,0.4740319314736011,0.01038591013047646,0.025166371735802377,2.0383000842727483e-17,-2.6020852139652106e-17,0,0
1438,0.3497165283620836,0.4678780870230297,0.00993699003708542,0.02495993551171638,-1.6696713456276768e-17,2.6020852139652106e-18,0,0
1439,0.3307183079561068,0.4616963095460765,0.009484433798223254,0.02475924276737511,3.0357660829594124e-18,-1.8214596497756474e-17,0,0
1440,0.3117195559782426,0.4555162632577705,0.009028201337768242,0.024565926304409385,9.324138683375338e-18,-2.8189256484623115e-17,0,0
1441,0.4256362949473078,0.492592202787888,0.011720118720737683,0.025828284716756966,2.6237692574149207e-17,2.862293735361732e-17,0,0
1442,0.4446328773238876,0.4987739351421787,0.012162050254106887,0.026060134878669962,-1.962405932198763e-17,4.336808689942018e-19,0,0
1443,0.4636331743973318,0.5049570484038838,0.012602983802038427,0.0262972283240286,1.6696713456276768e-17,1.734723475976807e-18,0,0
1444,0.4826318647163448,0.5111420369661435,0.01304301262406142,0.02653928722984995,-3.686287386450715e-18,-2.8189256484623115e-17,0,0
1445,0.5016287067453251,0.517325893137248,0.0134823242270419,0.02678586113966624,-1.4203048459560108e-17,0.0,0,0
1446,0.5206331630800564,0.5235084212908863,0.013921296836611885,0.027036630522548694,1.734723475976807e-18,1.6046192152785466e-17,0,0
1447,0.1174207047354085,0.3740502497268475,0.004000259479473637,0.02227721026441711,-1.691355389077387e-17,-1.9949319973733282e-17,0,0
1448,0.539636948949088,0.5296920426108654,0.014359856662576114,0.027291472230036456,7.806255641895632e-18,1.0842021724855044e-17,0,0
1449,0.0,0.3200000000005747,0.0,0.020889550585791714,-0.0051148319694432,2.3852447794681098e-18,1,0
1450,0.5586392113250569,0.535870855533871,0.014798099623489765,0.027549849604075843,-4.553649124439119e-18,7.806255641895632e-18,0,0
1451,0.5776437054043897,0.5420490424525559,0.015236193772033666,0.02781172777192961,-1.3444106938820255e-17,1.9081958235744878e-17,0,0
1452,0.5966535212160664,0.5482260287600023,0.01567428428935414,0.0280768575271999,1.0408340855860843e-17,5.204170427930421e-18,0,0
1453,0.6198076891783769,0.5739663635138893,0.016185575287476738,0.02930102693525095,4.336808689942018e-18,-2.168404344971009e-18,0,0
1454,0.638815563769014,0.5801509197930256,0.01662524840823725,0.02957387405720121,-2.0166160408230382e-17,3.209238430557093e-17,0,0
1455,0.6578239243411232,0.5863360520977081,0.017064867477490704,0.029849401841305686,7.047314121155779e-18,1.3010426069826053e-18,0,0
1456,0.6768331249180625,0.5925207320305053,0.017504481316262137,0.030127410451074515,-3.469446951953614e-18,-4.0766001685454967e-17,0,0
1457,0.6958429575450708,0.5987055130286456,0.01794411852589737,0.03040778889610169,8.673617379884035e-18,-9.107298248878237e-18,0,0
1458,0.714853386016485,0.6048905133706598,0.018383808215130252,0.030690413736223904,1.474514954580286e-17,-3.599551212651875e-17,0,0
1459,0.7338644754165178,0.6110754822499285,0.01882357915802653,0.03097515147608646,2.45029690981724e-17,-2.0383000842727483e-17,0,0
1460,0.7528757318477766,0.6172552208296773,0.019263447752219633,0.03126163314372195,-1.452830911130576e-17,-4.336808689942018e-18,0,0
1461,0.928197730390652,0.6923110734417905,0.023325454013661283,0.03487443145323414,3.122502256758253e-17,-2.8406096919120216e-17,0,0
1462,0.1364259453946721,0.3802362831423847,0.004563507243965831,0.022385448009453614,-2.927345865710862e-18,7.806255641895632e-18,0,0
1463,0.1554299318042615,0.3864214364376238,0.005107270734524964,0.022496484986912174,-8.673617379884035e-19,2.6020852139652106e-17,0,0
1464,0.1744331146085003,0.3926060449453764,0.005633725485657589,0.022612828886452413,1.5178830414797062e-18,2.3852447794681098e-17,0,0
1465,0.193438229497987,0.3987920969401786,0.0061451051931661355,0.02273631825974111,-5.637851296924623e-18,-6.938893903907228e-18,0,0
1466,0.2124481328067492,0.4049783755820673,0.006643554047309167,0.022868042639266114,-2.3852447794681098e-18,1.1709383462843448e-17,0,0
1467,0.231476109592432,0.4111708534087856,0.007131281283730985,0.023008896549286683,2.8189256484623115e-18,7.806255641895632e-18,0,0
1468,0.2505413227967319,0.4173892173139222,0.007610405759842549,0.023159967119790844,-3.144186300207963e-17,-4.7704895589362195e-18,0,0
1469,0.269565390592512,0.4235974717655364,0.008080517087718429,0.023320250936115963,2.6454533008646308e-17,1.734723475976807e-18,0,0
1470,0.2885740730529839,0.4297888749309391,0.00854367569526416,0.02348907113080346,-1.2902005852577503e-17,1.951563910473908e-17,0,0
1471,0.094268743670884,0.3483054039155044,0.0033808852118944305,0.021448513570522125,-1.474514954580286e-17,-4.7271214720367993e-17,0,0
1472,0.07525835229216096,0.342115096369966,0.0027567355197675373,0.02135695791507379,2.1033522146218786e-17,-1.474514954580286e-17,0,0
1473,0.05625403679691805,0.3359226776018648,0.0021042193509164396,0.02125377536906419,1.2576745200831851e-17,-7.806255641895632e-18,0,0
1474,0.03769331437821115,0.3298794507609022,0.001438255846469627,0.021137213911869974,-2.6237692574149207e-17,-9.540979117872439e-18,0,0
1475,0.1132778665081193,0.3544980721228086,0.003977688356793935,0.021534992726223362,8.023096076392733e-18,1.474514954580286e-17,0,0
1476,0.3075728429836851,0.4359712482844798,0.00900111609262381,0.023666459264817634,1.452830911130576e-17,3.0357660829594124e-18,0,0
1477,0.01572834240405491,0.3067192865594947,0.0006375313905827688,0.020453291936582237,1.0869126779167182e-17,5.421010862427522e-18,0,0
1478,0.6156597776311867,0.5544102829122939,0.016112212080043032,0.028345474780076124,-1.474514954580286e-17,-2.168404344971009e-18,0,0
1479,0.7718937228559274,0.6234302284220665,0.0197035887649861,0.03154977209604912,1.2576745200831851e-17,-2.1250362580715887e-17,0,0
1480,0.7909121843146557,0.6296082142196964,0.020143872919602693,0.031839856450488035,-7.589415207398531e-18,3.5128150388530344e-17,0,0
1481,0.8099262649705091,0.6357947432024343,0.020584207126107833,0.0321320725378222,2.1033522146218786e-17,1.0842021724855044e-17,0,0
1482,0.8289406954432219,0.6419812461293933,0.021024728057456435,0.032425906340747164,1.0950441942103595e-17,6.071532165918825e-18,0,0
1483,0.847955997710256,0.6481670045226169,0.021465470181149738,0.03272124009719706,-2.2659825404947043e-17,-3.903127820947816e-18,0,0
1484,0.866971629344172,0.6543530977510065,0.021906442599867383,0.0330180503993055,-4.336808689942018e-19,-2.862293735361732e-17,0,0
1485,0.8859863539614881,0.6605388076482946,0.022347638714672775,0.033316230914178374,3.2959746043559335e-17,1.5612511283791264e-17,0,0
1486,0.9049105133114953,0.6668206488094321,0.0227869779487993,0.03362049927260266,-2.417770844642675e-17,-1.951563910473908e-17,0,0
1487,0.9237178907002328,0.6736040258280016,0.023223811833533458,0.03395082333523961,-2.6020852139652106e-18,2.6020852139652106e-18,0,0
1488,0.947469639843682,0.697733373409235,0.02377452110211201,0.035138765363108525,-2.6020852139652106e-18,9.107298248878237e-18,0,0
1489,0.9662137149194127,0.7048299632438431,0.02421134561632991,0.035486984249762266,-2.190088388420719e-17,5.2475385148298415e-17,0,0
1490,0.9836608840059817,0.7108739382570535,0.024618413858811663,0.035784204703014355,4.553649124439119e-18,1.5178830414797062e-17,0,0
1491,1.0,0.7199999999992628,0.025,0.0362344046928605,0.004608044644138202,-1.3444106938820255e-17,2,0
1492,0.4214930212509945,0.4730507541078904,0.011673246658986211,0.02489518360236574,-1.5070410197548512e-17,8.673617379884035e-18,0,0
1493,0.4025041758328225,0.466866581275278,0.011233325948234273,0.024672776160742888,1.1058862159352145e-17,3.8163916471489756e-17,0,0
1494,0.3835314311182683,0.4606801792990149,0.010792236771465184,0.02445657657532337,-3.230922474006803e-17,2.7755575615628914e-17,0,0
1495,0.3645623067060364,0.4545106425956816,0.010349221975414975,0.02424798126999022,-1.5178830414797062e-18,-1.3010426069826053e-17,0,0
1496,0.3455703381390701,0.4483340036838057,0.009903214399491649,0.024046409739223243,1.2793585635328952e-17,2.6020852139652106e-18,0,0
1497,0.3265705301769499,0.4421526045701508,0.009453998060669716,0.023852366425934884,-4.9873299934333204e-18,8.239936510889834e-18,0,0
1498,0.4404905004193765,0.4792321238071406,0.012112147245523449,0.025123396926468148,-2.168404344971009e-19,2.0383000842727483e-17,0,0
1499,0.4594888824704928,0.4854138797017175,0.012550107229947297,0.025357215935134295,3.2526065174565133e-18,-5.637851296924623e-18,0,0
1500,0.4784881112806315,0.4915959499118013,0.012987354749752168,0.02559626487075986,-1.6479873021779667e-17,1.5612511283791264e-17,0,0
1501,0.4974879066964575,0.4977785213541406,0.01342406938687883,0.025840208513360524,1.1275702593849246e-17,2.2551405187698492e-17,0,0
1502,0.5164883622194547,0.5039612869300396,0.013860408133073735,0.026088710875331236,-3.0357660829594124e-18,-7.806255641895632e-18,0,0
1503,0.53548991068552,0.5101442862357949,0.014296506506075165,0.02634147247062127,1.0842021724855044e-17,-9.540979117872439e-18,0,0
1504,0.1322816838328959,0.3606851277747125,0.00454928092064041,0.0216211449290625,-5.421010862427522e-19,1.8648277366750676e-17,0,0
1505,0.03534931887435346,0.3096971084871992,0.0014111176978339748,0.020479017036119086,-1.3010426069826053e-18,1.734723475976807e-18,0,0
1506,0.5544921079363762,0.5163265312539779,0.014732458003060295,0.026598168957339054,-8.456776945386935e-18,1.734723475976807e-18,0,0
1507,0.0,0.3000000000005164,0.0,0.020272321191973284,-0.005172774613159982,-3.0357660829594124e-18,1,0
1508,0.5734943505485002,0.5225036351325655,0.01516833683469335,0.026858330675953522,6.071532165918825e-18,-2.0816681711721685e-17,0,0
1509,0.5925019153998976,0.5286786508558114,0.015604327993323303,0.027121859270444523,8.782037597132586e-18,-1.214306433183765e-17,0,0
1510,0.6115118977403177,0.5348577010565909,0.016040408360679295,0.027388846359352133,9.75781955236954e-19,8.673617379884035e-18,0,0
1511,0.6346674983880742,0.5605961783114851,0.01655015304665411,0.028617107506814655,-8.673617379884035e-19,-4.607859233063394e-17,0,0
1512,0.653675566386241,0.5667810812211695,0.016988125475294887,0.028891455893623907,3.404394821604484e-17,-8.673617379884035e-18,0,0
1513,0.6726844931632883,0.5729659596667029,0.01742617476826846,0.029168407325062425,5.421010862427522e-18,0.0,0,0
1514,0.6916939445899956,0.5791505955318145,0.01786432247470011,0.029447803558734838,-1.0083080204115191e-17,5.204170427930421e-18,0,0
1515,0.7107043121255092,0.5853348118518688,0.018302602769348753,0.029729498251507367,-3.469446951953614e-18,5.204170427930421e-18,0,0
1516,0.7297153887114824,0.5915192454920418,0.018741032286733,0.030013395698817114,3.0357660829594124e-18,1.6046192152785466e-17,0,0
1517,0.7487259608389873,0.5977017288938165,0.019179604400199123,0.030299271062984735,-3.5778671692021646e-17,1.3010426069826053e-17,0,0
1518,0.7677424038120984,0.6038765700291444,0.01961848919641104,0.030586727364737318,3.1008182133085427e-17,-2.168404344971009e-18,0,0
1519,0.9430454119253716,0.6790787901303724,0.02367334719879171,0.034217470404958206,-7.37257477290143e-18,7.806255641895632e-18,0,0
1520,0.1512850528240077,0.3668715366829551,0.0050984047813349255,0.0217110282589104,-7.806255641895632e-18,5.204170427930421e-18,0,0
1521,0.1702881144254667,0.3730570177596078,0.005627779299599373,0.021807532672770535,-6.5052130349130266e-18,-3.209238430557093e-17,0,0
1522,0.1892895731229522,0.3792411250119359,0.006140015981858464,0.021912689662012742,2.1250362580715887e-17,1.6046192152785466e-17,0,0
1523,0.2082949658358813,0.3854248446992479,0.006637774879413397,0.022027752020224698,-1.5395670849294163e-17,-1.3877787807814457e-17,0,0
1524,0.2273052638815142,0.3916124820090008,0.007123330509572293,0.022153595108990277,2.45029690981724e-17,-1.3010426069826053e-17,0,0
1525,0.246377980049161,0.3978367328948196,0.007600040814419062,0.022291597730787368,-8.673617379884035e-18,6.5052130349130266e-18,0,0
1526,0.2654147818370541,0.4040408131513334,0.008067347461195338,0.02243983702879866,1.8431436932253575e-18,-7.806255641895632e-18,0,0
1527,0.2844273112993231,0.4102418081450677,0.008527008847015922,0.022598732074046435,4.9873299934333204e-18,9.107298248878237e-18,0,0
1528,0.3034243348569309,0.4164274845047769,0.008980613418370599,0.02276718169332259,9.540979117872439e-18,-2.7755575615628914e-17,0,0
1529,0.1091339086154619,0.3349456718111078,0.003965508402314619,0.02081379735011111,0.0,-5.637851296924623e-18,0,0
1530,0.09012410041113801,0.3287522177746061,0.0033547275510723024,0.02075373994175421,-6.613633252161577e-18,2.47198095326695e-17,0,0
1531,0.07111382917873454,0.3225554857125753,0.0027116265044902646,0.020687574861126455,4.553649124439119e-18,2.6020852139652106e-17,0,0
1532,0.05248657403039703,0.316283917731436,0.0020485466618361007,0.02060295843023506,-2.6020852139652106e-18,-2.0816681711721685e-17,0,0
1533,0.1281383922688484,0.3411347484058772,0.0045466756320942,0.020874041168534807,-7.37257477290143e-18,-3.9898639947466563e-17,0,0
1534,0.3224171788547501,0.422608129484544,0.0094294827502986,0.022945088689266594,6.288372600415926e-18,4.336808689942018e-18,0,0
1535,0.01286315468689172,0.2898901150385138,0.0005421589981290749,0.019956886684927826,9.974659986866641e-18,6.505213034913027e-19,0,0
1536,0.02894740630797288,0.2906182410257959,0.0012193739957173022,0.019915770181651696,3.2526065174565133e-18,7.806255641895632e-18,0,0
1537,0.6305191706218876,0.5410418898948087,0.016476501964896566,0.027659155672695505,1.431146867680866e-17,3.913969842672671e-17,0,0
1538,0.7867595556229603,0.6100516591016354,0.020057578038512307,0.03087605723084183,-3.9898639947466563e-17,-1.474514954580286e-17,0,0
1539,0.8057766373430586,0.6162348809834244,0.020496866415527806,0.031167556137665597,3.165870343657673e-17,-1.214306433183765e-17,0,0
1540,0.8247899231507315,0.6224215559828945,0.02093628885051857,0.031460906298233594,-1.2576745200831851e-17,5.204170427930421e-18,0,0
1541,0.8438046044715899,0.6286083239028486,0.021375986168573134,0.031755854238690685,2.667137344314341e-17,-4.336808689942018e-18,0,0
1542,0.8628209186792191,0.6347935137019438,0.021815984239908277,0.03205223890884149,-4.9873299934333204e-18,-3.0357660829594124e-17,0,0
1543,0.8818376096320117,0.6409780501588569,0.022256273609904956,0.03235003382049224,-1.485356976305141e-17,-2.168404344971009e-18,0,0
1544,0.9008526859218345,0.6471638267612205,0.0226968275118035,0.03264926804569995,-9.215718466126788e-18,3.382710778154774e-17,0,0
1545,0.9193029878073707,0.6539544301423664,0.023124466856392287,0.03297988001686999,1.6479873021779667e-17,-3.0357660829594124e-18,0,0
1546,0.9373545083132053,0.662057776658777,0.023543051979563544,0.033376713788326705,-1.0842021724855044e-19,1.431146867680866e-17,0,0
1547,0.9634715544258844,0.6810784293376251,0.02414910744975734,0.03431344467543903,-2.927345865710862e-17,-3.0791341698588326e-17,0,0
1548,0.9823869651878974,0.6913184777351151,0.02458939005116984,0.03481815506041839,1.9081958235744878e-17,2.2985086056692694e-17,0,0
1549,1.0,0.6999999999992101,0.025,0.03524670659356541,0.0046067442517959585,2.211772431870429e-17,2,0
1550,0.4363450035825179,0.4596893470527171,0.012065599636353149,0.024185008524327447,1.3227266504323154e-17,-1.1275702593849246e-17,0,0
1551,0.4173481235353877,0.4535079075141877,0.011630106700272154,0.02396046659419515,9.86623976961809e-18,-4.336808689942018e-18,0,0
1552,0.3983626117417516,0.4473235291377893,0.011193812047027634,0.023742205033430407,1.0191500421363742e-17,-2.2985086056692694e-17,0,0
1553,0.3793851424362611,0.4411417599323625,0.010756278850541015,0.023530987809078512,-1.8323016715005025e-17,-2.168404344971009e-18,0,0
1554,0.3604014200640727,0.4349606755996438,0.010316737066087088,0.023327310593769295,9.324138683375338e-18,8.239936510889834e-18,0,0
1555,0.3414246506891966,0.4287902013861401,0.009874962573233179,0.023132109200502286,-1.0191500421363742e-17,-2.168404344971009e-18,0,0
1556,0.4553429368972745,0.4658703378081985,0.01250031723179372,0.02441554387657876,-7.26415455565288e-18,6.5052130349130266e-18,0,0
1557,0.4743417308048763,0.4720515592476878,0.012934481358656671,0.024651680635463996,4.9873299934333204e-18,2.211772431870429e-17,0,0
1558,0.4933415700154618,0.4782330273502734,0.013368285242509383,0.02489302135874987,-1.691355389077387e-17,-2.3852447794681098e-17,0,0
1559,0.5123403168092825,0.4844153385344858,0.01380182611953933,0.025139240539617497,5.637851296924623e-18,-2.862293735361732e-17,0,0
1560,0.5313414228789943,0.490597384099088,0.014235308624181436,0.025389935983021222,1.734723475976807e-18,-8.673617379884035e-19,0,0
1561,0.5503453407686415,0.4967792907107789,0.014668838539715812,0.025644805017792194,-8.239936510889834e-18,3.2959746043559335e-17,0,0
1562,0.1471402870308362,0.3473214572875329,0.0051016156404000545,0.020939234371792563,-6.7220534694101275e-18,-5.204170427930421e-18,0,0
1563,0.04840823250943638,0.2967118674791097,0.00198434774276059,0.01999551767872495,-8.890457814381136e-18,1.0408340855860843e-17,0,0
1564,0.5693455963920366,0.5029585207679098,0.015102344768077284,0.025903454887319526,8.998878031629687e-18,1.0408340855860843e-17,0,0
1565,0.0,0.2800000000004734,0.0,0.019697846408114315,-0.0052688300076534095,1.1709383462843448e-17,1,0
1566,0.5883534610949609,0.5091329671584442,0.015536151009384064,0.026165496570410778,6.505213034913027e-19,4.7704895589362195e-18,0,0
1567,0.6073614997524449,0.5153091205094334,0.015970119795574323,0.026431029445501773,-1.8865117801247777e-17,2.168404344971009e-18,0,0
1568,0.6263708728444702,0.5214888416684534,0.016404312933699712,0.0266999253208408,-2.3852447794681098e-17,-1.9949319973733282e-17,0,0
1569,0.6495272227417396,0.5472265325337242,0.01691273231447809,0.02793236342800975,-2.42861286636753e-17,2.0599841277224584e-18,0,0
1570,0.6685358775271246,0.5534113249253042,0.01734912424797066,0.0282082838562609,-3.686287386450715e-18,2.6454533008646308e-17,0,0
1571,0.6875450595270918,0.5595959969122946,0.017785699633868605,0.02848674568084486,-3.8163916471489756e-17,8.673617379884035e-18,0,0
1572,0.7065551056750881,0.5657795147025162,0.018222486472951688,0.028767551570654106,1.984089975648473e-17,8.673617379884035e-18,0,0
1573,0.7255669618455972,0.5719599179960573,0.018659524094813133,0.029050469389311065,-9.974659986866641e-18,-5.204170427930421e-18,0,0
1574,0.7445804330540812,0.5781400723353722,0.01909681972171241,0.029335516683489674,6.396792817664476e-18,7.806255641895632e-18,0,0
1575,0.7635914860520139,0.5843228166995007,0.019534291477175145,0.029622723517203454,-1.1926223897340549e-17,7.806255641895632e-18,0,0
1576,0.7826079656549254,0.5904977662281704,0.019972140518338,0.029911461260845783,-1.8431436932253575e-18,1.431146867680866e-17,0,0
1577,0.9521363857197243,0.6669492055000679,0.023886418626441447,0.0336161404963359,5.204170427930421e-18,2.905661822261152e-17,0,0
1578,0.1661510243931358,0.3535101445939354,0.005634087992916773,0.021012862326219666,1.3118846287074604e-17,4.2500725161431774e-17,0,0
1579,0.1851447199382094,0.3596949566731567,0.00614667772207284,0.021097187208426307,-2.3960868011929648e-17,-1.1709383462843448e-17,0,0
1580,0.2041766741192862,0.3658840069285731,0.006643974097365403,0.02119346753699491,1.8431436932253575e-18,1.5612511283791264e-17,0,0
1581,0.2232150852580362,0.3720899749672026,0.007127713565421769,0.021303223614595614,2.5045070184415152e-17,-3.469446951953614e-18,0,0
1582,0.2422378999372757,0.3782948122351685,0.00759982245458318,0.021426032221426163,-1.5612511283791264e-17,1.7780915628762273e-17,0,0
1583,0.261292502249958,0.3845122192507076,0.008063556417533509,0.021561857933135913,-1.3769367590565906e-17,-1.8214596497756474e-17,0,0
1584,0.2802859681343931,0.3907017432423507,0.008518454981897154,0.021709110113502347,9.64939933512099e-18,-1.474514954580286e-17,0,0
1585,0.2992807679966619,0.3968840018958565,0.008967502033513213,0.021867615148700066,-8.673617379884035e-19,2.42861286636753e-17,0,0
1586,0.318263425310073,0.4030617364363301,0.009411552020207764,0.022036924039367422,-2.8189256484623115e-17,6.938893903907228e-18,0,0
1587,0.1049903453626611,0.3153930127688447,0.003965866807785343,0.02011701826212031,9.432558900623889e-18,1.7780915628762273e-17,0,0
1588,0.1239953958528828,0.3215855178087906,0.004557851011330522,0.020146654012670615,8.456776945386935e-18,6.071532165918825e-18,0,0
1589,0.0859858525485397,0.3091913229485265,0.003339115950192716,0.020088085696170686,7.589415207398531e-18,-1.9949319973733282e-17,0,0
1590,0.06703013407643885,0.3029830871928144,0.0026755204214542402,0.02005207197334572,-5.421010862427522e-18,-1.214306433183765e-17,0,0
1591,0.1429964816790362,0.3277715398735028,0.005119104564748775,0.02018278402445363,-4.87890977618477e-18,-1.1709383462843448e-17,0,0
1592,0.3372509589152267,0.4092395239740522,0.009852005214290764,0.022216441157296655,1.441988889405721e-17,3.5128150388530344e-17,0,0
1593,0.01964002472243081,0.2721130476062886,0.0008726504372103187,0.019440830634401107,1.5612511283791264e-17,-3.903127820947816e-18,0,0
1594,0.04344455209214365,0.2772577549511406,0.001885337199246393,0.019442823764139545,1.3010426069826053e-18,3.9898639947466563e-17,0,0
1595,0.6453787294234693,0.5276729255044046,0.01683869203124915,0.026972028941903065,2.688821387764051e-17,2.0166160408230382e-17,0,0
1596,0.801627058497588,0.5966753203287769,0.020410307359400193,0.03020215011913259,1.8648277366750676e-17,-1.8431436932253575e-18,0,0
1597,0.8206406331535353,0.6028615562405055,0.02084861407263385,0.03049500587523418,-2.992397996059992e-17,2.168404344971009e-18,0,0
1598,0.8396531261753786,0.6090496772036105,0.02128718166251825,0.030789603040210133,1.6046192152785466e-17,-1.474514954580286e-17,0,0
1599,0.8586684510791125,0.6152373736796982,0.02172611749695794,0.03108574632955799,-1.5395670849294163e-17,3.7730235602495554e-17,0,0
1600,0.8776858190201098,0.6214199536108379,0.022165423306153155,0.03138312974415833,-1.3118846287074604e-17,1.1709383462843448e-17,0,0
1601,0.8967034144588031,0.6276045323740495,0.022605073443731413,0.03168203857542055,-4.336808689942018e-19,-1.5612511283791264e-17,0,0
1602,0.915405892651233,0.6337875328558382,0.023037759923784176,0.031982328573467084,3.0574501264091225e-17,5.637851296924623e-18,0,0
1603,0.9335933359423777,0.6420425609706145,0.023458572091719004,0.032386614515498686,6.288372600415926e-18,-3.729655473350135e-17,0,0
1604,0.9503718234646803,0.6499828178610856,0.023847265378330245,0.03277659453480938,6.288372600415926e-18,-4.2934406030425976e-17,0,0
1605,0.9660224448489378,0.6595869339548901,0.024210122672558086,0.03324991740390579,1.8648277366750676e-17,-1.431146867680866e-17,0,0
1606,0.9824994726041374,0.6703117103910224,0.024592750048009718,0.033779326305015955,1.2793585635328952e-17,-4.466912950640278e-17,0,0
1607,1.0,0.6799999999991574,0.025,0.034258086910301286,0.004605568696592211,-1.5612511283791264e-17,2,0
1608,0.4321990791181758,0.44014714511132,0.012022624018011435,0.02324470874621717,1.6696713456276768e-17,1.3010426069826053e-18,0,0
1609,0.4511926661665734,0.4463266308504092,0.012453671475763322,0.0234719321727163,1.5178830414797062e-18,3.903127820947816e-18,0,0
1610,0.413203097015521,0.433965911119572,0.011590922585860846,0.023023888429610728,-2.949029909160572e-17,1.5612511283791264e-17,0,0
1611,0.3942160334380768,0.4277799168694093,0.011158562865721297,0.022809805111658445,9.324138683375338e-18,1.1709383462843448e-17,0,0
1612,0.3752314065585837,0.4215981249670905,0.01072500552057527,0.022603500221986792,-6.7220534694101275e-18,1.6479873021779667e-17,0,0
1613,0.3562365338775379,0.4154115223018844,0.010289537084436721,0.02240521488137945,-7.047314121155779e-18,8.239936510889834e-18,0,0
1614,0.4701909361789303,0.4525036978656042,0.012884462004003958,0.023705006745130975,-1.1926223897340549e-17,-2.6020852139652106e-17,0,0
1615,0.4891949784319121,0.4586878417130927,0.013315174486339036,0.023943949834544974,6.505213034913027e-19,1.1275702593849246e-17,0,0
1616,0.5081907290088373,0.464866505189747,0.013745657554879383,0.0241877781005979,1.7997756063259374e-17,5.724587470723463e-17,0,0
1617,0.5271880832710882,0.4710483201610318,0.014176233653010113,0.024436506830594357,-1.8865117801247777e-17,2.5587171270657905e-17,0,0
1618,0.5461914783829751,0.4772319181115806,0.014607097183835347,0.024689712780177935,-2.1141942363467336e-17,-1.8214596497756474e-17,0,0
1619,0.565200417079508,0.4834139705864786,0.015038308108306893,0.024946923862765293,3.0466081046842675e-17,-1.5612511283791264e-17,0,0
1620,0.1620120526779144,0.3339634204635747,0.005654443834410421,0.020229801738545522,-3.2526065174565133e-18,-3.686287386450715e-17,0,0
1621,0.06289089687132521,0.2834278480445718,0.0026452598707109457,0.019458672713478085,1.0191500421363742e-17,-1.0842021724855044e-17,0,0
1622,0.584203000211331,0.4895893925593328,0.015469647241770338,0.02520763285904531,1.0191500421363742e-17,-8.673617379884035e-19,0,0
1623,0.0,0.2600000000004088,0.0,0.019170654177136932,-0.005353763618754127,-1.3877787807814457e-17,1,0
1624,0.6032144042655558,0.495758483125613,0.015901500334724733,0.025471559328434604,-1.6479873021779667e-17,-1.951563910473908e-17,0,0
1625,0.6222230751565272,0.5019364859806745,0.016333603773069458,0.02573924792788734,1.0842021724855044e-18,1.734723475976807e-17,0,0
1626,0.6412301988718082,0.5081199027041697,0.016766010793743638,0.026010306005316088,2.168404344971009e-19,-2.2551405187698492e-17,0,0
1627,0.6643873313655885,0.5338570487602243,0.017273336667172946,0.02724693880757372,-1.214306433183765e-17,2.168404344971009e-18,0,0
1628,0.683396408789408,0.5400413449453407,0.017708257026380854,0.027524493310986272,-2.168404344971009e-18,1.1709383462843448e-17,0,0
1629,0.7024058894588797,0.5462262569256854,0.01814346323839817,0.027804559447160516,3.686287386450715e-18,-7.37257477290143e-18,0,0
1630,0.7214172478706073,0.5524033296294728,0.018579006545653257,0.028086574851897264,-3.2526065174565133e-18,-7.806255641895632e-18,0,0
1631,0.7404360490333349,0.5585677059455362,0.0190150261288862,0.028370163506818098,-3.144186300207963e-18,-2.0383000842727483e-17,0,0
1632,0.7594474611753569,0.564755506331487,0.019451157748758437,0.028657010883983203,8.023096076392733e-18,-1.3444106938820255e-17,0,0
1633,0.7784614103939764,0.5709367071176417,0.01988766203100464,0.028945508219067443,1.6046192152785466e-17,-8.673617379884035e-18,0,0
1634,0.7974763736991127,0.577117595612426,0.02032450632144809,0.029235866626876855,-2.710505431213761e-18,3.0357660829594124e-18,0,0
1635,0.1810359194623804,0.3401524786967852,0.0061678881088220085,0.020289967207794274,2.2768245622195593e-17,-6.071532165918825e-18,0,0
1636,0.2000253985367947,0.3463394756195562,0.006662011808030856,0.020365189621388616,-2.4936649967166602e-18,5.204170427930421e-18,0,0
1637,0.2190925704861038,0.3525587834068478,0.007143048014911849,0.020456498234271987,-1.0408340855860843e-17,2.168404344971009e-18,0,0
1638,0.2381246957992448,0.3587702204971494,0.0076110069225789785,0.020563192603315395,1.6588293239028218e-17,5.637851296924623e-18,0,0
1639,0.2571464432657914,0.3649799352823793,0.008068960202085735,0.020684801928264693,-1.951563910473908e-18,-1.734723475976807e-17,0,0
1640,0.2761403831080255,0.3711616084663265,0.00851865482224398,0.020819453328998764,-1.734723475976807e-18,9.540979117872439e-18,0,0
1641,0.2951298987269471,0.377338013649665,0.008962202132065437,0.02096719230358148,2.168404344971009e-18,-2.5587171270657905e-17,0,0
1642,0.3141166174856876,0.3835200865241971,0.00940093993223021,0.02112761970077989,1.0625181290357943e-17,-1.6046192152785466e-17,0,0
1643,0.3330976819271922,0.389700017440166,0.00983593332836854,0.021299486002383586,6.288372600415926e-18,-3.8163916471489756e-17,0,0
1644,0.1198529376655748,0.3020374355114194,0.004585660901811722,0.01944188667689985,4.336808689942018e-18,3.0357660829594124e-18,0,0
1645,0.1008870728808965,0.2958297957473032,0.003982946186382413,0.019447900611609073,-2.8514517136368767e-17,1.734723475976807e-18,0,0
1646,0.1388526937002815,0.3082236807236768,0.0051535680866503395,0.019443688186165996,6.7220534694101275e-18,2.42861286636753e-17,0,0
1647,0.08194702286323897,0.2896080428391513,0.0033397339082594187,0.019455515010833146,2.3852447794681098e-18,4.336808689942018e-19,0,0
1648,0.1578514077987206,0.3144091561805288,0.0056908523516415845,0.019459350975192642,-2.959871930885427e-17,6.938893903907228e-18,0,0
1649,0.3520837541540978,0.3958779937438242,0.010268327400914148,0.02148184135144348,-4.0115480381963664e-18,-7.806255641895632e-18,0,0
1650,0.01762814630672756,0.2497350614261246,0.0008505352959486776,0.018891086772415695,-1.235990476633475e-17,4.336808689942018e-18,0,0
1651,0.03601940404821774,0.2570968799126674,0.0016740050311327193,0.01894847931518537,-9.974659986866641e-18,-2.6020852139652106e-18,0,0
1652,0.05819022842414957,0.2637685898032816,0.002600569873356095,0.018917368106916622,5.854691731421724e-18,1.0408340855860843e-17,0,0
1653,0.6602331766470753,0.5143055523909219,0.01719867893923378,0.026284383221240323,1.214306433183765e-17,-4.119968255444917e-18,0,0
1654,0.8164903004978581,0.5833029637397145,0.020761648634090194,0.029528231301245194,6.5052130349130266e-18,2.5587171270657905e-17,0,0
1655,0.8355032898921504,0.5894902507952798,0.021199102325689036,0.029822388601131462,-4.336808689942018e-18,1.3877787807814457e-17,0,0
1656,0.8545175947932997,0.5956803720579671,0.021636929976266452,0.030118302703239286,-3.1008182133085427e-17,1.431146867680866e-17,0,0
1657,0.8735324513412012,0.6018652223621883,0.022075129507913318,0.030415500024025814,2.47198095326695e-17,4.336808689942018e-19,0,0
1658,0.8925408285228361,0.6080489820601106,0.02251355617914494,0.03071412056454798,-6.071532165918825e-18,-8.673617379884035e-18,0,0
1659,0.9115152473397101,0.6142331658893634,0.022951596341496797,0.03101416846808666,6.288372600415926e-18,-3.469446951953614e-18,0,0
1660,0.9303890365892475,0.6214741387670356,0.02338748993850259,0.03136800792116415,-1.5070410197548512e-17,3.5128150388530344e-17,0,0
1661,0.9484007109299728,0.6298656129191629,0.023803821493408914,0.031780179358655146,-2.710505431213761e-17,4.2500725161431774e-17,0,0
1662,0.9654130822296834,0.6400006047188841,0.024197468476595374,0.03227997465416272,8.890457814381136e-18,1.951563910473908e-17,0,0
1663,0.9826584864558493,0.6500520313037592,0.024597253497940192,0.032776409083321335,-2.5587171270657905e-17,1.214306433183765e-17,0,0
1664,1.0,0.6599999999991049,0.025,0.03326851776542295,0.0046042761615805086,1.0842021724855044e-17,2,0
1665,0.4280516119926849,0.420606092673837,0.011983342682003309,0.02230215521904093,2.3418766925686896e-17,-3.0791341698588326e-17,0,0
1666,0.4470433867179975,0.426779673136362,0.012410423797156858,0.02252586228237645,-4.662069341687669e-18,7.37257477290143e-18,0,0
1667,0.4660381924835465,0.4329562426120645,0.012837431977370087,0.02275611165757782,-1.5720931501039814e-17,1.3010426069826053e-18,0,0
1668,0.4090589716309027,0.4144245137902391,0.01155590968567462,0.0220850269656615,5.204170427930421e-18,-2.168404344971009e-18,0,0
1669,0.3900683462988318,0.4082391520460499,0.011127900867365903,0.021875292993283384,-3.2526065174565133e-18,-1.1709383462843448e-17,0,0
1670,0.3710746122085275,0.4020602183703655,0.01069879852839281,0.021674156877465576,8.673617379884035e-19,-1.3010426069826053e-18,0,0
1671,0.4850353944802672,0.4391148965646711,0.013264576799884168,0.022991361004463758,2.0491421059976034e-17,9.107298248878237e-18,0,0
1672,0.5040342696030956,0.4453056175396535,0.0136918517358216,0.02323362275325063,-9.540979117872439e-18,-4.336808689942018e-17,0,0
1673,0.5230310594717734,0.4514894175064246,0.014119364408504283,0.023480560680280517,9.215718466126788e-18,-3.5128150388530344e-17,0,0
1674,0.5420402513882743,0.4576782310843056,0.014547498660221668,0.02373234305251957,1.5070410197548512e-17,-1.734723475976807e-17,0,0
1675,0.5610480050139868,0.4638652142562941,0.014976001608225317,0.023988327829971255,1.0842021724855044e-18,1.734723475976807e-18,0,0
1676,0.5800553569062736,0.4700463374849706,0.015404940261396008,0.024247998860490522,-3.599551212651875e-17,-5.204170427930421e-18,0,0
1677,0.1769057111560496,0.3206167965948015,0.006204229399870028,0.019492095681069726,-2.927345865710862e-18,1.8648277366750676e-17,0,0
1678,0.07781364981764112,0.2700609835657132,0.003351385115473398,0.018866673323446277,-7.15573433840433e-18,3.599551212651875e-17,0,0
1679,0.599055646141529,0.4762208068104976,0.01583418462496371,0.024511048127230897,-2.2768245622195593e-18,3.469446951953614e-17,0,0
1680,0.0,0.2400000000003658,0.0,0.018720736993177927,-0.00547849225884182,5.637851296924623e-18,1,0
1681,0.6180682705362681,0.4823947646992895,0.016264185526345166,0.02477748115868724,1.8431436932253575e-18,1.3010426069826053e-18,0,0
1682,0.6370807082633716,0.4885702769482201,0.016694659253153242,0.02504719827626654,1.3877787807814457e-17,9.974659986866641e-18,0,0
1683,0.6560867442802609,0.4947517718294381,0.017125460021668763,0.025320219486286957,5.854691731421724e-18,-7.37257477290143e-18,0,0
1684,0.6792419690699713,0.5204929280103636,0.017631848004837396,0.026561258603133825,-1.5612511283791264e-17,-3.0357660829594124e-18,0,0
1685,0.6982555445754299,0.5266750545927461,0.018065505830857823,0.0268404249444128,3.946495907847236e-17,-9.107298248878237e-18,0,0
1686,0.7172672147523965,0.5328555091417229,0.018499495666621558,0.027121920621611003,1.5178830414797062e-18,-1.691355389077387e-17,0,0
1687,0.7362722664583481,0.5390310730653193,0.01893371073410017,0.027405453628961657,2.168404344971009e-18,3.426078865054194e-17,0,0
1688,0.7553017622739409,0.5451876619757698,0.019368878518506435,0.027690163841216118,-1.441988889405721e-17,-8.673617379884035e-18,0,0
1689,0.7743144628970922,0.5513724564120892,0.019804013302243965,0.02797832661350918,-3.469446951953614e-18,1.3877787807814457e-17,0,0
1690,0.79332746754378,0.5575584539276349,0.020239531909020957,0.028268475578562786,-2.3201926491189795e-17,-2.3852447794681098e-17,0,0
1691,0.8123411630696731,0.5637435463006617,0.02067544709542959,0.028560409065332425,2.6237692574149207e-17,-1.431146867680866e-17,0,0
1692,0.1959833620757088,0.3268311701127813,0.006697523950262367,0.019543215074671695,1.7997756063259374e-17,1.3010426069826053e-18,0,0
1693,0.2150048177150018,0.3330337463911968,0.007172730861925684,0.019613214174500026,-8.348356728138384e-18,-1.9081958235744878e-17,0,0
1694,0.2340087514882593,0.3392352760374089,0.007634373249907036,0.0197015956038414,-3.903127820947816e-18,1.951563910473908e-17,0,0
1695,0.252995852587903,0.3454359071615558,0.008085306056329195,0.01980755727134513,4.87890977618477e-18,4.2934406030425976e-17,0,0
1696,0.2719947303183549,0.3516212337852838,0.008528678796515655,0.019929091461249927,-1.214306433183765e-17,-1.7780915628762273e-17,0,0
1697,0.2909875092985424,0.357800014656304,0.008965833102135421,0.020065640724626785,1.8648277366750676e-17,5.637851296924623e-18,0,0
1698,0.3099725726175103,0.3639786588798,0.009398184881638866,0.020216330563489128,-2.190088388420719e-17,-1.1709383462843448e-17,0,0
1699,0.328955358335742,0.3701580908433658,0.009827065270063365,0.020380006287197,2.211772431870429e-17,1.691355389077387e-17,0,0
1700,0.3479366349152747,0.3763420017567192,0.010253420271952883,0.020555744660426294,-3.0791341698588326e-17,-8.239936510889834e-18,0,0
1701,0.1347084091644681,0.2886771836255622,0.005208499190733427,0.01872401560048424,-1.6154612370034016e-17,1.3444106938820255e-17,0,0
1702,0.1157116850523616,0.2824917102081597,0.004633730404115434,0.01876319415207188,-7.589415207398531e-18,2.0383000842727483e-17,0,0
1703,0.09683459379300266,0.276257250207718,0.004020582689862588,0.018811264547099863,-8.673617379884035e-19,8.673617379884035e-19,0,0
1704,0.153719000437193,0.2948651132137821,0.005747857131937646,0.018702791659615598,6.938893903907228e-18,1.474514954580286e-17,0,0
1705,0.172767446757021,0.3010897227229377,0.006258872979796073,0.018703924263776105,-7.806255641895632e-18,-9.107298248878237e-18,0,0
1706,0.3669293722681803,0.3825227510342247,0.010678341805820397,0.020742066211250534,1.2902005852577503e-17,6.5052130349130266e-18,0,0
1707,0.01742802835326989,0.2296490487733875,0.0009103651591504183,0.018469366167733686,4.9873299934333204e-18,-4.9873299934333204e-18,0,0
1708,0.03647496916981043,0.237878756827295,0.0018218263255437843,0.018484391579586455,-5.421010862427522e-18,-3.686287386450715e-17,0,0
1709,0.05458608366134821,0.2442820478381246,0.002619949226019639,0.018429836021245705,1.2576745200831851e-17,-1.5178830414797062e-17,0,0
1710,0.07411544901095879,0.2506079047091488,0.0034033111384091327,0.0183248617620158,-5.637851296924623e-18,-2.862293735361732e-17,0,0
1711,0.6750860636391222,0.5009464873822158,0.017556571781364567,0.025596711933415124,-2.3418766925686896e-17,-1.2685165418080402e-17,0,0
1712,0.8313546646588943,0.5699306543244331,0.02111174087364256,0.028854184582234047,-5.204170427930421e-18,-1.8973538018496328e-17,0,0
1713,0.8503691546879735,0.5761201117634084,0.021548445649308554,0.02914973628096803,3.436920886779049e-17,-5.204170427930421e-18,0,0
1714,0.8693837739217619,0.5823092239419514,0.021985549079403633,0.029446856704068165,-1.1275702593849246e-17,-2.992397996059992e-17,0,0
1715,0.8883983663554433,0.5884936135246222,0.022423055335116116,0.029745263839115098,3.469446951953614e-18,2.5587171270657905e-17,0,0
1716,0.9073906491267003,0.5946571221362598,0.022860472667458807,0.03004408916639988,0.0,1.474514954580286e-17,0,0
1717,0.9264339215592773,0.6008635857915142,0.023299506466086337,0.030346376712730216,-1.984089975648473e-17,-8.673617379884035e-19,0,0
1718,0.9475371557385464,0.6069967716716946,0.023786636609065593,0.030645984682470474,3.5778671692021646e-17,1.951563910473908e-18,0,0
1719,0.9656316659935857,0.6200041447246631,0.024204123715730455,0.03128859729830732,3.2526065174565133e-18,-2.3418766925686896e-17,0,0
1720,0.9826794417944599,0.6299998727107616,0.024598520677643388,0.03178275157481121,-9.540979117872439e-18,2.5587171270657905e-17,0,0
1721,1.0,0.6399999999990521,0.025,0.032277921128906505,0.00460281747391319,-1.3877787807814457e-17,2,0
1722,0.4239067485615166,0.4010652794863536,0.011948000667167126,0.02135685614957159,3.7947076036992655e-18,8.239936510889834e-18,0,0
1723,0.4428959826788832,0.4072383212997433,0.0123706801858176,0.021577375612084355,-6.505213034913027e-19,-2.6020852139652106e-18,0,0
1724,0.461887839361551,0.4134102846735329,0.012793576564142093,0.021804675407077367,2.7647155398380363e-17,-2.6020852139652106e-18,0,0
1725,0.4808874231455645,0.4195702529429538,0.01321699279827711,0.022037616356641285,-1.8865117801247777e-17,-1.951563910473908e-17,0,0
1726,0.4049148209332746,0.394883866972301,0.011525235994728537,0.021143423624054282,-5.421010862427522e-18,-1.3444106938820255e-17,0,0
1727,0.3859222642904961,0.388703188463311,0.011102132298763251,0.020938239042549073,2.168404344971009e-19,-2.168404344971009e-18,0,0
1728,0.4998866394575637,0.4257468385684536,0.013640780273895162,0.022277129336746814,-1.5178830414797062e-18,2.905661822261152e-17,0,0
1729,0.5188869998442125,0.431933316378617,0.014065083292111265,0.022522407304646712,9.432558900623889e-18,-8.239936510889834e-18,0,0
1730,0.5378872643715626,0.4381196130248604,0.014489951892980395,0.022772533977494108,2.3852447794681098e-18,3.469446951953614e-18,0,0
1731,0.556898433782263,0.4443102674287428,0.014915668623752902,0.023027324420266847,-1.496198998029996e-17,2.168404344971009e-18,0,0
1732,0.5759070987090504,0.450495125082041,0.015341964456920399,0.023285973264115543,-4.336808689942018e-18,1.0842021724855044e-17,0,0
1733,0.5949139093368802,0.4566803904762231,0.01576885203686617,0.023548478474280845,2.8189256484623115e-17,-1.0408340855860843e-17,0,0
1734,0.1918627856586652,0.3073323211040243,0.006747785033994382,0.018728175449235964,8.890457814381136e-18,6.5052130349130266e-18,0,0
1735,0.09290370794317153,0.256696265790408,0.00408830144875544,0.0182127964451647,8.239936510889834e-18,8.673617379884035e-19,0,0
1736,0.6139133474083864,0.4628537507715981,0.01619622310644378,0.023813961739187522,1.1926223897340549e-18,-2.6020852139652106e-17,0,0
1737,0.0,0.2200000000003011,0.0,0.018356235574867562,-0.005614183971959237,-5.204170427930421e-18,1,0
1738,0.6329234885502526,0.4690314326589879,0.016624461658425738,0.02408294275915797,-2.3201926491189795e-17,-9.974659986866641e-18,0,0
1739,0.6519328524250048,0.4752115688127715,0.01705329672286523,0.024355130183095895,2.5587171270657905e-17,8.673617379884035e-18,0,0
1740,0.670937587815764,0.4813989386373085,0.017482621938107304,0.024630565016099507,-1.1926223897340549e-18,1.0408340855860843e-17,0,0
1741,0.6940992273551071,0.507141391687278,0.01798848103645796,0.025875821624603546,8.673617379884035e-19,-2.168404344971009e-18,0,0
1742,0.713107981106312,0.5133308254413288,0.018420764563706657,0.02615713866583517,7.26415455565288e-18,2.7755575615628914e-17,0,0
1743,0.732113840040773,0.5194987060252931,0.018853463031730768,0.026439716619565033,-1.7997756063259374e-17,9.540979117872439e-18,0,0
1744,0.7511298563617764,0.5256603164346387,0.019286853064783192,0.026724169981238985,-1.734723475976807e-17,5.204170427930421e-18,0,0
1745,0.7701623799418622,0.5318225469722888,0.01972106841721688,0.027010719034364514,2.970713952610282e-17,-1.1275702593849246e-17,0,0
1746,0.7891786023889541,0.5379984838744398,0.02015534005019999,0.027299940212610313,-1.6046192152785466e-17,-4.7704895589362195e-18,0,0
1747,0.8081920650121771,0.5441843268603367,0.020589980691866745,0.027591528830378537,2.2876665839444144e-17,1.5612511283791264e-17,0,0
1748,0.8272059621849165,0.550370626430612,0.021025068510568033,0.027884922520479485,-1.5504091066542713e-17,0.0,0,0
1749,0.2108867613169462,0.3135298885684278,0.007216849897780355,0.018774135109015724,-1.6263032587282567e-18,1.7780915628762273e-17,0,0
1750,0.2298730850336082,0.3197211104485638,0.007670862920588963,0.018842123191724163,-2.211772431870429e-17,-1.1275702593849246e-17,0,0
1751,0.2488623163474144,0.3259023551124123,0.008114298506190115,0.018930162014342517,1.474514954580286e-17,-3.165870343657673e-17,0,0
1752,0.2678511540445139,0.3320843387806305,0.008549613730825436,0.019037332491888725,1.2576745200831851e-17,-3.469446951953614e-18,0,0
1753,0.2868404065130155,0.3382632695671893,0.008978942523156246,0.0191618969546615,-9.540979117872439e-18,1.431146867680866e-17,0,0
1754,0.3058322433116977,0.3444412404259865,0.009403965676845339,0.0193024094724974,2.3852447794681098e-17,9.974659986866641e-18,0,0
1755,0.3248163792778564,0.3506212298855875,0.009825704501159013,0.01945763817402876,-3.361026734705064e-17,-2.0816681711721685e-17,0,0
1756,0.343797903717447,0.3568037171852581,0.010245286667582081,0.01962619286649997,3.2526065174565133e-18,3.5128150388530344e-17,0,0
1757,0.3627858491357198,0.3629847501445512,0.010663716926811112,0.01980657301104856,-1.734723475976807e-18,-1.7780915628762273e-17,0,0
1758,0.1496340089576573,0.2753245980145171,0.0058302275602967815,0.01796040105050541,3.2526065174565133e-18,-3.0357660829594124e-18,0,0
1759,0.1305828050829032,0.2691299917170032,0.0052893630771521025,0.018025640790849496,1.734723475976807e-18,-3.5128150388530344e-17,0,0
1760,0.1116282017132132,0.2629379871729154,0.004709732563977537,0.018113396869962627,1.214306433183765e-17,-1.5612511283791264e-17,0,0
1761,0.1687026644654125,0.281564096750375,0.006337676523922977,0.01792414275607845,1.0842021724855044e-17,-9.540979117872439e-18,0,0
1762,0.1877226163105283,0.2877861678545318,0.006817842683706731,0.017916526119694902,1.2793585635328952e-17,-2.211772431870429e-17,0,0
1763,0.3817776043888655,0.3691648429875013,0.011081519809931368,0.019997688674704115,8.239936510889834e-18,-5.637851296924623e-18,0,0
1764,0.01604622773000094,0.2099810944133627,0.0009247908132546982,0.01815847987602241,4.9873299934333204e-18,-1.1058862159352145e-17,0,0
1765,0.0333364013167001,0.2180584954194007,0.0018206518097947028,0.01812059355473078,-2.2985086056692694e-17,0.0,0,0
1766,0.05152372950419554,0.2251170745918856,0.002675415351118083,0.018013179185122904,1.6263032587282567e-17,3.2959746043559335e-17,0,0
1767,0.07004097825496998,0.2311095151219858,0.003465199030811661,0.017845482577206046,-1.734723475976807e-17,1.6046192152785466e-17,0,0
1768,0.08876928734686564,0.237160694079611,0.004177685328888758,0.017663875656644873,-1.5612511283791264e-17,-1.8648277366750676e-17,0,0
1769,0.6899471248365914,0.4876027355264765,0.017912630642902244,0.024909507542392944,4.336808689942018e-18,4.336808689942018e-19,0,0
1770,0.8462199925107841,0.5565586033208059,0.021460596091769115,0.028180098353337173,-4.7704895589362195e-18,-8.023096076392733e-18,0,0
1771,0.865235014148897,0.5627474907957815,0.021896584945243172,0.028476941481139027,2.905661822261152e-17,-1.3877787807814457e-17,0,0
1772,0.8842507816084725,0.5689358818573084,0.022333032033660546,0.028775313519211386,-1.8214596497756474e-17,-4.8138576458356397e-17,0,0
1773,0.9032521048987314,0.5751028246951346,0.02276959103515855,0.029074125475116692,-9.107298248878237e-18,-1.1709383462843448e-17,0,0
1774,0.922203426084204,0.5812005608568145,0.023205481598693987,0.029370939817753572,2.916503843986007e-17,-2.6020852139652106e-18,0,0
1775,0.9402371848936705,0.5866212445872652,0.023620787122395723,0.029635718958442196,-1.3552527156068805e-17,-3.0357660829594124e-17,0,0
1776,0.9666999966387237,0.6000143614248648,0.024230434140319692,0.030296303219982355,3.903127820947816e-18,2.2551405187698492e-17,0,0
1777,0.9829222743114772,0.6100111142625739,0.024604914688368385,0.030791165547509172,-2.0816681711721685e-17,-1.0842021724855044e-17,0,0
1778,1.0,0.6199999999989995,0.025,0.03128629771278615,0.004601512524550086,2.2551405187698492e-17,2,0
1779,0.4197640557887959,0.3815249553124279,0.011916721900492668,0.02040833054585593,-1.235990476633475e-17,-7.37257477290143e-18,0,0
1780,0.4387527610861458,0.3877027019174406,0.012334582767709316,0.02062602682716856,7.589415207398531e-19,-1.0408340855860843e-17,0,0
1781,0.4577391013532571,0.3938688196207941,0.012752931656322422,0.020850450281044614,-1.452830911130576e-17,2.3418766925686896e-17,0,0
1782,0.4767376699503159,0.4000281106746333,0.013172211472669856,0.02108113045573226,-6.071532165918825e-18,1.9949319973733282e-17,0,0
1783,0.4957416054753732,0.4061967116482473,0.013592310716255955,0.021318318479744296,-1.0842021724855044e-17,-1.8214596497756474e-17,0,0
1784,0.4007703873996794,0.3753448445927063,0.011499076214791536,0.020198577187985157,1.431146867680866e-17,1.3010426069826053e-18,0,0
1785,0.5147425080006591,0.412379054457463,0.014013092788867202,0.02156174772498611,3.67544536472586e-17,1.9081958235744878e-17,0,0
1786,0.53374397648826,0.4185624146166876,0.014434710006611376,0.021810304606153446,-1.5720931501039814e-17,-2.168404344971009e-18,0,0
1787,0.5527484830742526,0.4247500098778139,0.014857227007228207,0.022063729498132883,-1.7564075194265172e-17,1.0842021724855044e-17,0,0
1788,0.5717547510544613,0.4309377079233006,0.015280626022734115,0.02232144866970531,-1.0842021724855044e-18,1.431146867680866e-17,0,0
1789,0.5907627595648279,0.4371247383265393,0.015704897993816053,0.022583094100986526,4.87890977618477e-18,-1.734723475976807e-18,0,0
1790,0.6097700078956954,0.4433111257900988,0.016129969527798382,0.022848376293098552,-2.1250362580715887e-17,3.2959746043559335e-17,0,0
1791,0.2067484351927085,0.294006579670696,0.007278326906761983,0.017936605948965664,-1.5395670849294163e-17,-2.1250362580715887e-17,0,0
1792,0.1074638646159452,0.2434054637344819,0.004813589002557096,0.017499713398711876,6.7220534694101275e-18,-1.734723475976807e-18,0,0
1793,0.6287740349148596,0.4494903995969654,0.01655577040986943,0.023116711202545243,3.686287386450715e-18,1.214306433183765e-17,0,0
1794,0.0,0.2000000000002582,0.0,0.0181059415591468,-0.005808846341832831,4.7704895589362195e-18,1,0
1795,0.6477847585343226,0.4556710414208204,0.016982490067417953,0.023388262705538638,1.1709383462843448e-17,-9.540979117872439e-18,0,0
1796,0.6667972675070648,0.4618549736075943,0.017409987213495882,0.02366292452638769,-2.2659825404947043e-17,-7.37257477290143e-18,0,0
1797,0.6858015154132048,0.4680517777370687,0.017837994732161883,0.02394099903404417,-2.3852447794681098e-17,1.0408340855860843e-17,0,0
1798,0.7089583703289601,0.4937902251540783,0.01834327077040528,0.025190165909172994,-8.673617379884035e-18,-3.7947076036992655e-18,0,0
1799,0.72796327904545,0.4999803051577514,0.018774320313389322,0.025473342929955442,2.42861286636753e-17,-2.949029909160572e-17,0,0
1800,0.746976833778812,0.5061407069142426,0.019206133283679993,0.025757276671747452,-6.830473686658678e-18,-3.2959746043559335e-17,0,0
1801,0.7659881224322511,0.512302739130865,0.019638415717300642,0.02604341806423902,3.361026734705064e-17,-2.6454533008646308e-17,0,0
1802,0.7850133526172024,0.5184637076316729,0.020071529271212737,0.026331502692381707,-1.5395670849294163e-17,1.8648277366750676e-17,0,0
1803,0.8040426332961522,0.5246248923433667,0.020505234782591426,0.02662150784042678,-2.1250362580715887e-17,-9.540979117872439e-18,0,0
1804,0.8230565332926016,0.5308109214080527,0.020939065717182757,0.026914582848594517,1.702197410802242e-17,-9.974659986866641e-18,0,0
1805,0.842070684111009,0.5369973256237964,0.02137339039056055,0.02720940981626995,-6.830473686658678e-18,4.336808689942018e-19,0,0
1806,0.9552780691410019,0.5899998793763089,0.023967666931386685,0.029800545023233715,1.734723475976807e-17,-7.589415207398531e-18,0,0
1807,0.225732776715581,0.3001890416394248,0.007723087696185628,0.017981845118924533,1.1492543028346347e-17,-1.431146867680866e-17,0,0
1808,0.2447200450931365,0.3063696901071432,0.008156869667711612,0.018051322692486823,1.940721888749053e-17,6.5052130349130266e-18,0,0
1809,0.263707401334652,0.3125499382379237,0.008582598992282238,0.018143041837198268,1.8865117801247777e-17,-5.204170427930421e-18,0,0
1810,0.2826927394989189,0.3187270818882036,0.009002567347508423,0.01825482738450565,-2.3744027577432547e-17,-1.691355389077387e-17,0,0
1811,0.3016818318413732,0.3249067669168005,0.00941866388340671,0.018384912775769858,1.723881454251952e-17,1.1275702593849246e-17,0,0
1812,0.3206689718949281,0.3310852245412686,0.009832139942207866,0.018531325137908627,-2.0816681711721685e-17,6.938893903907228e-18,0,0
1813,0.3396551280799284,0.3372666276521358,0.0102440322891566,0.018692578095051433,-1.3010426069826053e-18,-1.3877787807814457e-17,0,0
1814,0.3586424595162347,0.3434479476032569,0.010655189952222048,0.01886699223151426,8.456776945386935e-18,2.42861286636753e-17,0,0
1815,0.3776333618387424,0.3496278505539807,0.011066253786912781,0.01905313067520985,-1.2793585635328952e-17,6.5052130349130266e-18,0,0
1816,0.1455245348008775,0.2557535479320256,0.005941103939654057,0.017232505952770167,-2.1033522146218786e-17,-2.5153490401663703e-17,0,0
1817,0.1646175052908779,0.2620241131064394,0.006442253985755519,0.017152939761839094,2.1250362580715887e-17,9.540979117872439e-18,0,0
1818,0.1264512895203164,0.2495889781957308,0.005400553441584895,0.017351338101145763,1.7780915628762273e-17,2.949029909160572e-17,0,0
1819,0.1836187327124911,0.268255414899543,0.006912111193191329,0.017109279898136272,-1.463672932855431e-17,-2.168404344971009e-18,0,0
1820,0.2026129201196612,0.2744641377357789,0.0073605477107814,0.017099079064265558,-7.589415207398531e-19,6.5052130349130266e-18,0,0
1821,0.3966257271720662,0.355806852527224,0.011477597575811585,0.019249830840755666,7.806255641895632e-18,1.9949319973733282e-17,0,0
1822,0.0147771658445296,0.1903696875309603,0.0009535460742890288,0.017968920963495758,1.734723475976807e-17,2.4936649967166602e-17,0,0
1823,0.03097140509542898,0.1988511899941753,0.0018724437937741169,0.01785997040521975,-9.107298248878237e-18,1.734723475976807e-18,0,0
1824,0.04760889186633389,0.2057156862596279,0.0027189555080206432,0.017693528677159,-1.235990476633475e-17,-2.6237692574149207e-17,0,0
1825,0.06587476802305794,0.211545409888081,0.0035547403630571163,0.01743955481942122,9.974659986866641e-18,2.6020852139652106e-18,0,0
1826,0.08475904094488863,0.2177014649927133,0.0043083114028889665,0.01716911586527346,1.1275702593849246e-17,2.6020852139652106e-18,0,0
1827,0.1035665655585125,0.2238248491404043,0.004967887975492628,0.016918318615083403,7.589415207398531e-18,-1.6479873021779667e-17,0,0
1828,0.7048115242305975,0.474248008954011,0.01826682259759728,0.02422161755240502,9.107298248878237e-18,4.119968255444917e-18,0,0
1829,0.8610855656535346,0.5431854024365073,0.021808216614290735,0.02750597511601493,1.5612511283791264e-17,2.42861286636753e-17,0,0
1830,0.8801007754381739,0.5493734367618301,0.022243534261094502,0.027804123256367944,-1.0516761073109393e-17,3.599551212651875e-17,0,0
1831,0.899116905847747,0.5555610770270902,0.022679356676449765,0.028103772097791163,-9.86623976961809e-18,-9.540979117872439e-18,0,0
1832,0.9181334768747732,0.5617484103053707,0.023115654361024827,0.02840490134799614,1.6479873021779667e-17,-1.734723475976807e-17,0,0
1833,0.9366760060264072,0.5672919644134327,0.023541659707491912,0.028675540775199175,-2.168404344971009e-17,-4.336808689942018e-18,0,0
1834,0.952911690584658,0.5712959890613705,0.02391516340882153,0.0288712284544214,2.8406096919120216e-17,4.7704895589362195e-18,0,0
1835,0.9827952783576085,0.5900524514485594,0.02460287376534962,0.02980001740591398,-8.239936510889834e-18,-3.469446951953614e-18,0,0
1836,0.9660494447646778,0.5800345770157201,0.02421719387896314,0.029303651918862285,-3.404394821604484e-17,4.336808689942018e-18,0,0
1837,1.0,0.5999999999989468,0.025,0.030293636267634916,0.0045999277142940035,-5.204170427930421e-18,2,0
1838,0.4156190854873515,0.3619859225104926,0.011889517003403044,0.01945607817440525,8.782037597132586e-18,3.469446951953614e-18,0,0
1839,0.4346133578772289,0.3681655419626624,0.012302227139818607,0.019670950096796615,1.0842021724855044e-18,6.5052130349130266e-18,0,0
1840,0.4536085024384496,0.3743463475842047,0.012715876307192418,0.019893646198310657,-6.5052130349130266e-18,0.0,0,0
1841,0.4725910848533211,0.3805050754241629,0.013130324230586906,0.020122318427102957,1.0625181290357943e-17,4.336808689942018e-19,0,0
1842,0.4915902830881264,0.3866625797913489,0.013546223172184329,0.020357238496226695,-8.239936510889834e-18,-5.637851296924623e-18,0,0
1843,0.5105956264549205,0.3928319983903403,0.013963332881116113,0.02059853926165117,2.1141942363467336e-17,-2.7321894746634712e-17,0,0
1844,0.5295979143579728,0.3990146995091328,0.014381454109039142,0.02084581216252172,-1.1167282376600696e-17,8.673617379884035e-19,0,0
1845,0.5486005077130179,0.4051976122112781,0.014800686276790499,0.02109793870579083,1.9949319973733282e-17,2.5153490401663703e-17,0,0
1846,0.567604092885907,0.4113815508741184,0.01522102031025138,0.021354555604286476,-2.688821387764051e-17,-1.8214596497756474e-17,0,0
1847,0.5866113457644736,0.4175689887070113,0.015642482771100818,0.021615424069895535,1.5070410197548512e-17,-1.3877787807814457e-17,0,0
1848,0.6056218966061446,0.4237590426856109,0.01606503072428137,0.02188018547097396,-1.940721888749053e-17,-1.3444106938820255e-17,0,0
1849,0.6246307251565739,0.4299465315181413,0.016488518036186766,0.02214830945023786,4.0115480381963664e-17,-1.1275702593849246e-17,0,0
1850,0.2216053138707897,0.2806560414925601,0.007793512316628309,0.017119903658118905,1.734723475976807e-18,1.6046192152785466e-17,0,0
1851,0.1223407617084326,0.2300439457413644,0.005551034538458573,0.016703044922092583,-1.1492543028346347e-17,7.806255641895632e-18,0,0
1852,0.6436346598496075,0.436126474776345,0.016912835613837125,0.02241929971497852,-8.456776945386935e-18,1.0408340855860843e-17,0,0
1853,0.0,0.180000000000207,0.0,0.01800332868992051,-0.005997345044894524,-6.071532165918825e-18,1,0
1854,0.6626442798854107,0.4423119306191826,0.01733816474602794,0.02269356201269117,-2.1250362580715887e-17,1.734723475976807e-18,0,0
1855,0.6816549162815826,0.4485011192585315,0.01776436047495885,0.02297081575946978,1.0733601507606494e-17,-1.0842021724855044e-17,0,0
1856,0.7006634028778049,0.4546921212198758,0.018191312975234814,0.023250789815652345,1.713039432527097e-17,-3.0357660829594124e-18,0,0
1857,0.7238217893270968,0.4804338783174334,0.01869632567977274,0.024504144720493396,1.3877787807814457e-17,1.8865117801247777e-17,0,0
1858,0.7428262603023621,0.4866127905453027,0.019126335166097717,0.02478861840224137,5.854691731421724e-18,3.686287386450715e-17,0,0
1859,0.7618304849096318,0.4927813437151772,0.019556954906695047,0.02507473212793979,-2.200930410145574e-17,1.8648277366750676e-17,0,0
1860,0.7808606625152047,0.4989240178201493,0.01998877177045249,0.025361572750112756,-1.6479873021779667e-17,1.0842021724855044e-17,0,0
1861,0.799883391079146,0.5050777298754789,0.020420975438563298,0.025650914325338503,2.2551405187698492e-17,7.37257477290143e-18,0,0
1862,0.8189068671078458,0.5112512927207303,0.020853736038641536,0.025943095344649628,1.496198998029996e-17,-1.734723475976807e-18,0,0
1863,0.8379211200638547,0.5174375469517629,0.021286819483727643,0.026237679995921075,-2.5045070184415152e-17,2.5153490401663703e-17,0,0
1864,0.8569359663526294,0.52362400883154,0.021720449047151365,0.026533959593111386,-6.396792817664476e-18,-1.3444106938820255e-17,0,0
1865,0.2405796647168835,0.2868357668257201,0.008214979321498105,0.017169337470387482,-1.441988889405721e-17,1.734723475976807e-18,0,0
1866,0.2595667225384889,0.2930176432534229,0.00862900867216226,0.017244722440361373,-2.3852447794681098e-18,6.071532165918825e-18,0,0
1867,0.2785513826791857,0.2991967923773123,0.009037823423394344,0.017343262805910233,6.5052130349130266e-18,2.0816681711721685e-17,0,0
1868,0.2975363995910078,0.3053748224067626,0.009443388194212848,0.017462445761881946,-3.903127820947816e-18,-1.0408340855860843e-17,0,0
1869,0.3165224399421173,0.3115534015142215,0.009847127906212113,0.017600031570817284,-3.686287386450715e-18,1.3010426069826053e-17,0,0
1870,0.335510059203176,0.3177324332565142,0.010250097475073062,0.017753953341767117,1.4094628242311558e-17,-2.992397996059992e-17,0,0
1871,0.3544984182207521,0.3239127871284467,0.010653034026177724,0.017922437431058983,3.144186300207963e-18,-1.3010426069826053e-17,0,0
1872,0.3734883018912608,0.3300934853171427,0.01105650508505695,0.01810382323316463,-2.47198095326695e-17,-2.5153490401663703e-17,0,0
1873,0.3924805493531485,0.3362698958626013,0.011460933110932816,0.018296465686879336,9.540979117872439e-18,-6.071532165918825e-18,0,0
1874,0.1412612360344487,0.2362402410294277,0.006081680215348772,0.01652589665414562,1.8214596497756474e-17,-1.1275702593849246e-17,0,0
1875,0.1604564034573726,0.24251246839236,0.006575624264845734,0.01639232818333442,-1.214306433183765e-17,-2.168404344971009e-17,0,0
1876,0.1795317889568817,0.248754967102627,0.0070338366619600015,0.016305706924125522,-1.0842021724855044e-18,1.734723475976807e-17,0,0
1877,0.1985055065492293,0.2549513452144017,0.007466878907210292,0.016261409892381676,1.431146867680866e-17,1.1709383462843448e-17,0,0
1878,0.2174769160822201,0.2611292772829417,0.007884120923857917,0.01625476448034454,-5.854691731421724e-18,0.0,0,0
1879,0.4114729028430451,0.3424502893470325,0.01186649045163799,0.018499563135536856,1.691355389077387e-17,3.0357660829594124e-18,0,0
1880,0.01217181918403954,0.170356221165906,0.0008807513124380796,0.017939085830734836,-4.336808689942018e-19,-9.107298248878237e-18,0,0
1881,0.0289299177256661,0.1812324038368848,0.0019403472400088618,0.017729063992572,2.6020852139652106e-18,2.992397996059992e-17,0,0
1882,0.04490655149633594,0.1867837908463986,0.00285243969823166,0.017471450743372606,-6.5052130349130266e-18,-8.023096076392733e-18,0,0
1883,0.06179615481761566,0.1920791509409722,0.003691869532931135,0.01712388359540369,6.5052130349130266e-18,3.469446951953614e-18,0,0
1884,0.0807205235493618,0.1982193830434972,0.004487670096180861,0.01673911114471274,-1.2793585635328952e-17,2.168404344971009e-18,0,0
1885,0.09958212293656396,0.2043489386827004,0.0051680302186029,0.016386841766447276,1.1058862159352145e-17,5.637851296924623e-18,0,0
1886,0.1184164967744305,0.2105299735787032,0.005755257876755775,0.01607936749146334,-2.2551405187698492e-17,-7.806255641895632e-18,0,0
1887,0.7196735022564253,0.460877659186803,0.018619077034027928,0.023532951168098996,-1.2576745200831851e-17,-9.324138683375338e-18,0,0
1888,0.8759509613597151,0.5298115492852905,0.022154610573667157,0.026831905807269206,-1.3010426069826053e-18,3.0357660829594124e-18,0,0
1889,0.8949668963592214,0.5359991078516861,0.022589319480331254,0.027131401365539588,1.3227266504323154e-17,2.168404344971009e-18,0,0
1890,0.9139832220116917,0.5421861838309704,0.023024565749821257,0.027432361138839182,1.3010426069826053e-18,2.47198095326695e-17,0,0
1891,0.933528395440731,0.5482612784051308,0.023472474569666814,0.027729092035645823,-1.4094628242311558e-17,2.42861286636753e-17,0,0
1892,0.9521579087214388,0.5532861884508056,0.023900022998991896,0.027975132546332687,1.0842021724855044e-17,-1.214306433183765e-17,0,0
1893,0.9683166474380638,0.5602124250419792,0.024271016548933808,0.028317372402535047,8.673617379884035e-19,6.938893903907228e-18,0,0
1894,0.983374140616027,0.570315400551611,0.024617061491466273,0.028818679134595095,5.637851296924623e-18,-2.42861286636753e-17,0,0
1895,1.0,0.5799999999988942,0.025,0.029299815840982367,0.004598385738521855,-3.0357660829594124e-18,2,0
1896,0.4304678918220482,0.3486254861162248,0.012273438803233604,0.01871156102315283,-1.1926223897340549e-18,4.336808689942018e-18,0,0
1897,0.4494633552152012,0.3548052918098437,0.012681797560645483,0.018932023807096455,-1.235990476633475e-17,-1.6479873021779667e-17,0,0
1898,0.4684570260588402,0.3609836592124722,0.013091589954689392,0.019159832173749197,1.0950441942103595e-17,-1.1275702593849246e-17,0,0
1899,0.4874416949330538,0.3671431655670807,0.013502713266464036,0.019393413237289367,4.445228907190568e-18,7.806255641895632e-18,0,0
1900,0.5064411679115203,0.3733044715635739,0.013915630484771726,0.01963307953008827,3.469446951953614e-18,7.806255641895632e-18,0,0
1901,0.5254503771039046,0.3794680521888607,0.014330200243088686,0.019878328142938235,3.577867169202165e-18,1.2576745200831851e-17,0,0
1902,0.5444535400592285,0.3856504969481014,0.014745991395711418,0.020129557413432236,-2.1033522146218786e-17,-2.3852447794681098e-17,0,0
1903,0.5634575411712459,0.3918325787860475,0.015163151909995348,0.020385342734906168,2.1358782797964437e-17,2.6020852139652106e-18,0,0
1904,0.5824640686158389,0.3980179578439074,0.015581656557490768,0.020645484001709322,7.806255641895632e-18,-4.336808689942018e-19,0,0
1905,0.6014726534692288,0.4042061000000254,0.016001437056450414,0.020909617903336,-7.37257477290143e-18,-1.0842021724855044e-17,0,0
1906,0.620482356998529,0.4103936900369925,0.016422416181724735,0.021177281406619824,2.0599841277224584e-17,-1.6046192152785466e-17,0,0
1907,0.6394898173298802,0.4165790226114238,0.01684445820397337,0.02144813019221962,3.2526065174565133e-18,0.0,0,0
1908,0.2364501633774534,0.2673089289034585,0.008290605241974197,0.016282489427994803,1.0842021724855044e-19,-5.204170427930421e-18,0,0
1909,0.1372303100896293,0.2166829048341092,0.006273536164827414,0.015828327898988824,2.3201926491189795e-17,-4.336808689942018e-19,0,0
1910,0.6584973840572957,0.4227631291872742,0.01726755376281448,0.021721974208678173,-2.168404344971009e-18,-2.211772431870429e-17,0,0
1911,0.0,0.1600000000001506,0.0,0.01808758164967123,-0.0063816828979099665,7.15573433840433e-18,1,0
1912,0.677506170240581,0.4289503088426085,0.01769166603159359,0.021998815722637906,-8.890457814381136e-18,1.214306433183765e-17,0,0
1913,0.6965152452221723,0.4351362797938418,0.01811672419185355,0.022278254743721124,5.421010862427522e-18,-9.107298248878237e-18,0,0
1914,0.7155251926130441,0.441321689848531,0.018542688776192945,0.02256015551482385,4.336808689942018e-19,-4.7704895589362195e-18,0,0
1915,0.7386841652451015,0.467063072574799,0.01904758623556428,0.02381742404188988,2.905661822261152e-17,-9.75781955236954e-18,0,0
1916,0.7576937670835286,0.4732480066737019,0.019476769019365528,0.02410406075180968,-2.222614453595284e-17,-1.3010426069826053e-17,0,0
1917,0.7767059213950007,0.4793995134458104,0.01990670031521566,0.024391094720366574,6.288372600415926e-18,4.7704895589362195e-18,0,0
1918,0.7957427026579968,0.4855190731218914,0.020337851068730955,0.02467847569770848,6.396792817664476e-18,-1.3010426069826053e-18,0,0
1919,0.8147564077555717,0.4916946939348622,0.02076905304373136,0.02497055088356823,-2.1467203015212988e-17,-9.107298248878237e-18,0,0
1920,0.8337712088260042,0.4978781470319392,0.02120087266963187,0.02526480078257269,1.5395670849294163e-17,-8.239936510889834e-18,0,0
1921,0.8527858414745598,0.5040640749997348,0.021633268285800096,0.0255608819026642,1.3118846287074604e-17,-2.0816681711721685e-17,0,0
1922,0.8718011425976355,0.5102506576134029,0.022066248269451378,0.0258586334861485,-4.553649124439119e-18,-7.806255641895632e-18,0,0
1923,0.255430279174623,0.2734874944108995,0.008690240371160268,0.016340485614604446,6.505213034913027e-19,1.7780915628762273e-17,0,0
1924,0.2744108638034137,0.2796669299245585,0.009085632428736522,0.016425269929674448,-1.3444106938820255e-17,-1.734723475976807e-17,0,0
1925,0.2933941076751723,0.285845004544392,0.009478845121280333,0.016533450704455728,1.973247953923618e-17,2.8189256484623115e-17,0,0
1926,0.3123792470588206,0.2920227916789739,0.009871279802100237,0.01666221015866033,-1.8865117801247777e-17,-1.1709383462843448e-17,0,0
1927,0.3313659456081883,0.2982007137752579,0.010263938926724947,0.01680905709628917,2.3201926491189795e-17,1.214306433183765e-17,0,0
1928,0.3503549397575416,0.3043796910412287,0.010657533428025537,0.016971850834608792,-8.890457814381136e-18,9.974659986866641e-18,0,0
1929,0.3693449129284951,0.3105607147390099,0.011052505611164665,0.017148758858385172,-8.998878031629687e-18,1.0842021724855044e-17,0,0
1930,0.388335098184316,0.3167418119262941,0.01144915635272969,0.01733805340318773,0.0,-5.204170427930421e-18,0,0
1931,0.4073251102680543,0.3229210114897996,0.01184767386853089,0.017538218204066883,6.505213034913027e-19,-1.5612511283791264e-17,0,0
1932,0.1562018137774967,0.2229370631881267,0.0067451000644789235,0.0156378008006034,-2.8189256484623115e-18,2.3852447794681098e-17,0,0
1933,0.1752857722514367,0.2291869468328109,0.007184623127424336,0.015502203836303425,-9.974659986866641e-18,-5.204170427930421e-18,0,0
1934,0.194368744072739,0.2354275535885765,0.007600041296093622,0.015419796540047447,4.7704895589362195e-18,-1.951563910473908e-17,0,0
1935,0.2133438119176101,0.241605789763691,0.007997699087876207,0.015383503906582845,-1.474514954580286e-17,-1.214306433183765e-17,0,0
1936,0.2323170560252929,0.2477838997364889,0.00838547416979631,0.015388077507807987,-3.469446951953614e-18,-4.336808689942018e-19,0,0
1937,0.4263208773688397,0.3290906801974278,0.01224831221242784,0.017747616311316782,-1.4094628242311558e-18,-3.903127820947816e-18,0,0
1938,0.0173205080757259,0.1500000000001291,0.0014663320364537715,0.01803047048023269,1.691355389077387e-17,1.9949319973733282e-17,0,0
1939,0.0273474445647005,0.1656426823558722,0.0020478597780899986,0.0177317455228118,-4.336808689942018e-19,-3.480288973678469e-17,0,0
1940,0.04211905851323988,0.169826796775517,0.002991985095672894,0.0174012805576479,-1.5395670849294163e-17,5.204170427930421e-18,0,0
1941,0.05870977388853554,0.1740658830035197,0.003906409380448535,0.016910975600782113,8.673617379884035e-18,2.233456475320139e-17,0,0
1942,0.07664528621794205,0.1787830457075928,0.004729060184904527,0.016386305405295315,-3.469446951953614e-18,1.6046192152785466e-17,0,0
1943,0.09559455185280774,0.184958830453453,0.005431138556479506,0.015909252141638415,-3.469446951953614e-18,6.938893903907228e-18,0,0
1944,0.1144946438024873,0.1911121710273112,0.00601822830826732,0.015487603396983286,-9.324138683375338e-18,1.2576745200831851e-17,0,0
1945,0.1332845765509575,0.1971670320463302,0.006520905829876032,0.015143293409365143,2.1250362580715887e-17,0.0,0,0
1946,0.734535136371739,0.4475071392726364,0.01896949127296657,0.022844399401716654,-3.903127820947816e-18,-1.2034644114589099e-17,0,0
1947,0.8908167376735553,0.5164375498655501,0.022499800911966395,0.02615797013421183,5.204170427930421e-18,1.5178830414797062e-18,0,0
1948,0.9098330441664444,0.522624401684838,0.022933927620082645,0.026458816705124583,-1.691355389077387e-17,-1.214306433183765e-17,0,0
1949,0.929466177484986,0.5286807294178953,0.0233828073207358,0.026754420504559395,1.7889335846010823e-17,-2.3418766925686896e-17,0,0
1950,0.9510364894270504,0.5343259651509595,0.02387673122202836,0.027030731679187934,-3.198396408832238e-18,-1.214306433183765e-17,0,0
1951,0.9688454991766426,0.5401813833691864,0.024284771463806466,0.027319724459109806,4.336808689942018e-19,-6.5052130349130266e-18,0,0
1952,0.9841079303344316,0.5497226454024854,0.024634771436740317,0.027793610858775852,-4.336808689942018e-18,1.474514954580286e-17,0,0
1953,1.0,0.5599999999988415,0.025,0.02830486161023009,0.004596853239900943,1.0842021724855044e-17,2,0
1954,0.4453173817437671,0.3352638370206399,0.012650946757499773,0.01796587918906271,9.215718466126788e-18,5.637851296924623e-18,0,0
1955,0.464314578015645,0.3414442151608168,0.013055561958988987,0.018192280375730303,1.734723475976807e-18,-1.6046192152785466e-17,0,0
1956,0.4833104785219851,0.3476238652380699,0.013462101497604843,0.0184256297126518,-1.7672495411513722e-17,8.239936510889834e-18,0,0
1957,0.5022938533437655,0.3537804598909593,0.013870308078278652,0.01866414748893093,-2.3852447794681098e-18,8.239936510889834e-18,0,0
1958,0.5212943703607149,0.3599422092245179,0.014280694060867525,0.018908544298274925,1.8431436932253575e-17,-1.8648277366750676e-17,0,0
1959,0.540304117066046,0.3661097025449727,0.014693004093556847,0.019158360253297462,-3.5778671692021646e-17,1.1275702593849246e-17,0,0
1960,0.5593108527829427,0.3722842130570233,0.015106877108368756,0.01941323658410937,-2.3852447794681098e-18,-8.673617379884035e-19,0,0
1961,0.5783154346904912,0.3784661685777793,0.015522247207464318,0.019672785901681974,1.0191500421363742e-17,3.5561831257524545e-17,0,0
1962,0.5973233437136873,0.3846523601184629,0.015939158102045003,0.019936472528744795,-5.421010862427522e-18,0.0,0,0
1963,0.6163327523780916,0.3908393289364576,0.016357489632337834,0.020203812189176128,4.336808689942018e-18,2.6020852139652106e-17,0,0
1964,0.6353413667859266,0.3970251619505092,0.016777109177609217,0.020474435443539298,-2.439454888092385e-17,2.0383000842727483e-17,0,0
1965,0.6543496000158995,0.4032106188571103,0.017197944720024647,0.020748132907642342,1.4094628242311558e-17,2.47198095326695e-17,0,0
1966,0.2512917503949116,0.2539610936721406,0.008767600762234637,0.01542807160693164,3.3610267347050637e-18,-2.168404344971009e-18,0,0
1967,0.1521076096786917,0.2033777931710026,0.006964920215433758,0.014883317887875853,-4.705437428587089e-17,8.673617379884035e-19,0,0
1968,0.6733580126407215,0.4093958666594342,0.017619932869564123,0.021024693146965798,-1.463672932855431e-17,-1.734723475976807e-18,0,0
1969,0.0,0.1400000000001077,0.0,0.018408718603493253,-0.006861321423934915,-1.6046192152785466e-17,1,0
1970,0.6923671265076929,0.4155807649233844,0.0180430151394659,0.021303914294076638,-5.204170427930421e-18,-2.211772431870429e-17,0,0
1971,0.7113769316944861,0.4217658231344487,0.018467124538630076,0.021585649876321705,2.927345865710862e-18,1.9949319973733282e-17,0,0
1972,0.7303856832191309,0.4279516153780739,0.01889215957630355,0.021869777729297803,1.7889335846010823e-17,-9.107298248878237e-18,0,0
1973,0.7535468947575278,0.4536726603148975,0.019397143474198523,0.023129850381259014,4.336808689942018e-19,3.913969842672671e-17,0,0
1974,0.7725645864870955,0.4598288301451719,0.01982568811532857,0.023416916211718687,1.745565497701662e-17,-3.469446951953614e-18,0,0
1975,0.7915847732148471,0.4659836523511839,0.020255002350220826,0.02370589494872006,-9.107298248878237e-18,-2.6020852139652106e-18,0,0
1976,0.810607929671288,0.4721334157416897,0.02068506794300555,0.02399650476875129,-3.903127820947816e-18,7.37257477290143e-18,0,0
1977,0.8296212478372422,0.4783183652608148,0.02111554475252397,0.024290683648422795,-1.3769367590565906e-17,-1.734723475976807e-18,0,0
1978,0.8486359083111472,0.48450379942989,0.021546684889020208,0.024586607494879995,6.830473686658678e-18,2.992397996059992e-17,0,0
1979,0.8676509093717254,0.4906898394888699,0.021978445360659203,0.024884214920996295,-4.336808689942018e-19,1.3010426069826053e-17,0,0
1980,0.8866666311059831,0.4968760882389717,0.022410818952114667,0.025183425189007222,-3.881443777498106e-17,2.211772431870429e-17,0,0
1981,0.2702705320307997,0.2601392869868352,0.009147008846221319,0.01549879232329357,1.1492543028346347e-17,1.3444106938820255e-17,0,0
1982,0.2892517837561251,0.2663165493282195,0.009525689236992508,0.01559602443614373,6.179952383167375e-18,-1.951563910473908e-17,0,0
1983,0.3082358901783449,0.27249247444507,0.00990501823083528,0.015716181305320858,-1.3877787807814457e-17,8.673617379884035e-18,0,0
1984,0.3272221680711026,0.2786686356381168,0.010285882670888426,0.015856308348716746,3.122502256758253e-17,9.974659986866641e-18,0,0
1985,0.3462096709354421,0.2848460052060243,0.010668851045166905,0.016013863678395492,-2.1250362580715887e-17,-2.6020852139652106e-18,0,0
1986,0.3652029689818749,0.2910268598036856,0.01105437058295744,0.01618671971632732,5.7462715141731735e-18,-2.168404344971009e-18,0,0
1987,0.3841929094362552,0.2972084208992324,0.011442453590844635,0.0163729181000641,-3.2526065174565133e-18,9.107298248878237e-18,0,0
1988,0.4031882110043911,0.3033924983082844,0.01183336639964841,0.016570882804375835,-8.673617379884035e-19,4.7704895589362195e-18,0,0
1989,0.4221760039083915,0.3095557138268672,0.012226918390634911,0.016778124574789707,-1.1600963245594897e-17,1.1709383462843448e-17,0,0
1990,0.1711800881560916,0.2096381714148838,0.007377363098540577,0.01469315466123549,2.42861286636753e-17,1.951563910473908e-17,0,0
1991,0.1901933271711839,0.2158719943721362,0.007764438486202658,0.01456963561320206,-5.421010862427522e-18,9.540979117872439e-18,0,0
1992,0.2092059536319803,0.2220841375733358,0.008137352931534069,0.014502228831456042,2.4936649967166602e-17,6.938893903907228e-18,0,0
1993,0.2281786564287263,0.2282621150326988,0.008501732673067487,0.014482689824702416,-1.3660947373317356e-17,-1.3877787807814457e-17,0,0
1994,0.247152743887816,0.2344384111104987,0.008862622947967178,0.014504380396900291,3.2526065174565133e-18,-1.214306433183765e-17,0,0
1995,0.4411705291242483,0.3157229551661276,0.012623270256803095,0.016994652937280353,4.336808689942018e-19,1.0842021724855044e-17,0,0
1996,0.01837468896030796,0.1293913683825914,0.0018902216577086856,0.018408407259009715,-2.7538735181131813e-17,-2.6454533008646308e-17,0,0
1997,0.03898439399735035,0.1525154470633039,0.0031128650943417447,0.01748633097704682,-1.3010426069826053e-17,2.1250362580715887e-17,0,0
1998,0.05668225079120628,0.1569346538451153,0.00420719734179011,0.016782830741695835,3.903127820947816e-18,-2.2768245622195593e-17,0,0
1999,0.07303145197469148,0.1608720515844664,0.005034037064767084,0.016129086305881772,-2.3852447794681098e-18,-6.071532165918825e-18,0,0
2000,0.09153831743487979,0.165544827066502,0.0057745040968745455,0.015493438626416653,1.0842021724855044e-17,3.903127820947816e-18,0,0
2001,0.1104398787076858,0.1716868095040018,0.006353670478863632,0.014928727231179818,-4.336808689942018e-19,-1.3877787807814457e-17,0,0
2002,0.129294237029946,0.177782811281592,0.006830499059854784,0.014473159638515408,1.7780915628762273e-17,-9.974659986866641e-18,0,0
2003,0.1481816292631355,0.1839084757499407,0.007243228326618542,0.01412497812056214,-1.1275702593849246e-17,-1.214306433183765e-17,0,0
2004,0.7494039360680709,0.4341044910268806,0.019318332029669507,0.02215446153599506,-2.5587171270657905e-17,-2.1467203015212988e-17,0,0
2005,0.9056827691536468,0.5030625708289166,0.022843797643911368,0.025484167228285518,1.3444106938820255e-17,4.336808689942018e-18,0,0
2006,0.9246993405827104,0.5092496378148069,0.023277345688905014,0.02578643663685349,1.0083080204115191e-17,9.540979117872439e-18,0,0
2007,0.9437165732812873,0.5154369096206673,0.023711526718220792,0.02609012382707775,-1.929879867024198e-17,2.688821387764051e-17,0,0
2008,0.9644910436738778,0.518255017877456,0.02418694460218999,0.026226900979748485,-2.8189256484623115e-18,-1.3010426069826053e-17,0,0
2009,0.9838118303454974,0.5282629753005086,0.024628938029856946,0.02672413580531921,-5.421010862427522e-18,-4.336808689942018e-19,0,0
2010,1.0,0.5399999999987888,0.025,0.02730876195831287,0.004595105188828791,-1.474514954580286e-17,2,0
2011,0.4601682942555485,0.3219016231149213,0.013022241544049063,0.017219859126643047,8.023096076392733e-18,2.0816681711721685e-17,0,0
2012,0.4791667983662407,0.3280823275122789,0.013423705565561349,0.017452409761236784,-2.5804011705155006e-17,1.8214596497756474e-17,0,0
2013,0.4981608622007727,0.3342580378786292,0.013827447882001603,0.017691215888969665,-7.914675859144182e-18,-1.1275702593849246e-17,0,0
2014,0.5171480804929471,0.3404199163426316,0.014233302455540732,0.01793518629656086,9.75781955236954e-18,3.252606517456513e-17,0,0
2015,0.5361482420313294,0.3465907039694139,0.014641523751846516,0.018184839563013082,-7.806255641895632e-18,3.122502256758253e-17,0,0
2016,0.5551637287263804,0.3527436555523275,0.015052097559057814,0.01843833156583274,1.702197410802242e-17,-1.474514954580286e-17,0,0
2017,0.574168846704509,0.3589157593772551,0.015464251936274273,0.0186971904857309,-4.336808689942018e-19,-3.599551212651875e-17,0,0
2018,0.5931741415908728,0.365099287758919,0.01587812387938654,0.018960612161378808,3.0140820395097023e-17,-1.5612511283791264e-17,0,0
2019,0.6121841888716589,0.3712873323413105,0.01629371638914306,0.01922790619379722,-3.122502256758253e-17,-2.6020852139652106e-17,0,0
2020,0.6311926044295199,0.3774713291714456,0.016710791975261468,0.019498366562926413,-2.6020852139652106e-18,-7.37257477290143e-18,0,0
2021,0.6502011326005392,0.3836562126937997,0.017129280003001502,0.019771982896534212,-4.336808689942018e-19,-8.239936510889834e-18,0,0
2022,0.6692098305731393,0.3898408631800766,0.01754908791806359,0.020048473444329543,-4.87890977618477e-18,2.42861286636753e-17,0,0
2023,0.2661295009423914,0.2406148783900653,0.009222933074968203,0.014561210113499149,5.421010862427522e-18,3.903127820947816e-18,0,0
2024,0.1670897169700006,0.1901300118503625,0.00761508477533741,0.01387549246839908,1.6263032587282567e-17,-3.3393426912553537e-17,0,0
2025,0.6882187369510296,0.3960254147900993,0.017970127752622685,0.020327646055029385,2.168404344971009e-17,1.8214596497756474e-17,0,0
2026,0.0,0.1200000000000429,0.0,0.01908885241730655,-0.007224571337522005,-1.0408340855860843e-17,1,0
2027,0.03877497653601179,0.1324986600189494,0.003677400880129376,0.017646176267778143,3.469446951953614e-18,2.3852447794681098e-18,0,0
2028,0.7072285144744531,0.4022099554266713,0.018392332575936168,0.020609328058021868,-3.436920886779049e-17,-8.673617379884035e-18,0,0
2029,0.7262388900813337,0.4083951899584043,0.018815620604346273,0.02089339925109803,1.7780915628762273e-17,2.47198095326695e-17,0,0
2030,0.7452498061331039,0.4145811025732571,0.019239920914613014,0.02117972197063027,-1.0408340855860843e-17,3.729655473350135e-17,0,0
2031,0.768417711907576,0.4402631838442773,0.019745236148795503,0.02244154073255869,2.905661822261152e-17,-2.1358782797964437e-17,0,0
2032,0.7874384505640927,0.4464059642411605,0.020173101903036963,0.02272980464846686,-2.168404344971009e-19,-2.0816681711721685e-17,0,0
2033,0.806457280631682,0.4525723610862811,0.020601661574889716,0.02302114937772665,-9.974659986866641e-18,-2.3852447794681098e-17,0,0
2034,0.8254714275251775,0.4587583503192843,0.02103082192256979,0.023315285924286493,2.168404344971009e-17,3.0357660829594124e-18,0,0
2035,0.8444856660743152,0.464944120106831,0.021460673015972084,0.02361114120928857,-3.5128150388530344e-17,-2.7321894746634712e-17,0,0
2036,0.8635006509553314,0.471129534248952,0.021891203101949454,0.02390863988538066,2.2985086056692694e-17,1.5178830414797062e-17,0,0
2037,0.8825159388814517,0.477315768392515,0.022322378963587856,0.02420778165326273,-8.456776945386935e-18,-2.168404344971009e-17,0,0
2038,0.9015321368500188,0.4835011205362074,0.02275419612765074,0.024508433612814046,2.461138931542095e-17,-6.938893903907228e-18,0,0
2039,0.2851089254643543,0.2467915208433973,0.009584556487078802,0.014647964648450144,1.1709383462843448e-17,-1.3877787807814457e-17,0,0
2040,0.3040920636182762,0.2529655791515436,0.00994872753733723,0.014760124312465825,-3.924811864397526e-17,3.469446951953614e-18,0,0
2041,0.3230778376861151,0.2591369439525191,0.010316148108739629,0.014894049832300716,4.141652298894627e-17,1.3010426069826053e-18,0,0
2042,0.3420665087332022,0.2653133081155338,0.010687179928757541,0.015047076212385206,-3.2526065174565133e-18,9.107298248878237e-18,0,0
2043,0.3610570812583119,0.2714929189762448,0.011062008531443027,0.0152165546699406,-6.179952383167375e-18,-1.0408340855860843e-17,0,0
2044,0.3800502833153294,0.2776731904072265,0.011440699089236922,0.015400198293282588,-2.8189256484623115e-18,-3.903127820947816e-18,0,0
2045,0.3990390795126311,0.2838533841680645,0.011823039612359138,0.015596202800004105,5.204170427930421e-18,6.938893903907228e-18,0,0
2046,0.4180281440340993,0.2900204332977543,0.012209059143536734,0.015802326656114557,-1.463672932855431e-17,4.336808689942018e-19,0,0
2047,0.4370231516507169,0.2961867045018099,0.01259865998781354,0.016017883459565174,1.431146867680866e-17,-1.0408340855860843e-17,0,0
2048,0.1860566011807676,0.1963358430540529,0.007966180362605144,0.013705762405680203,-1.6263032587282567e-17,-6.938893903907228e-18,0,0
2049,0.2050628037340886,0.2025593137691578,0.00830628661313124,0.01360553838505347,1.951563910473908e-17,9.107298248878237e-18,0,0
2050,0.2240391253987026,0.2087433755099908,0.008641625879879948,0.013561664523898634,-9.64939933512099e-18,8.673617379884035e-19,0,0
2051,0.2430122017091549,0.2149198195910931,0.008976686169228231,0.013565508635943755,9.86623976961809e-18,2.1250362580715887e-17,0,0
2052,0.2619882262440031,0.2210928141865971,0.009314302459708022,0.013609140826496193,-8.890457814381136e-18,-1.214306433183765e-17,0,0
2053,0.4560223859547308,0.3023592002516138,0.01299160252947365,0.016242142833230416,6.830473686658678e-18,-2.0383000842727483e-17,0,0
2054,0.01474142151757528,0.1130332403287886,0.0018180987764299837,0.01915128125811876,-1.6479873021779667e-17,-1.8214596497756474e-17,0,0
2055,0.03474664110960964,0.1128652910115621,0.004107173295220215,0.01819552978295214,-2.42861286636753e-17,-3.165870343657673e-17,0,0
2056,0.05607888756946564,0.1399538646122055,0.004706957398823035,0.01670940118626884,6.071532165918825e-18,-6.613633252161577e-18,0,0
2057,0.0708222260809221,0.1450469870484604,0.005429553622971953,0.015942144956912756,-1.9081958235744878e-17,1.0842021724855044e-17,0,0
2058,0.0873084192409245,0.1468001266882807,0.006227692846640715,0.015161673696911349,1.6479873021779667e-17,1.8214596497756474e-17,0,0
2059,0.1065274746302186,0.1523944097396519,0.006791410785880025,0.01439696710113818,8.890457814381136e-18,-5.637851296924623e-18,0,0
2060,0.1252694960501943,0.1583688308815835,0.007223498232314578,0.013804224026333335,8.023096076392733e-18,4.7704895589362195e-18,0,0
2061,0.1441308724034758,0.1645006759313307,0.0075842772658686166,0.013360496157061672,-1.734723475976807e-17,2.2551405187698492e-17,0,0
2062,0.163032082277721,0.1706634931708864,0.007906305443967431,0.013039110207763454,9.75781955236954e-18,1.951563910473908e-17,0,0
2063,0.7642621777069414,0.4207049319280405,0.019665238217345556,0.02146501915493084,1.1275702593849246e-17,-3.2526065174565133e-19,0,0
2064,0.9205486985311342,0.4896880956266212,0.023186665287715198,0.02481063930524968,2.168404344971009e-18,8.565197162635485e-18,0,0
2065,0.9383962498036138,0.496122259009705,0.023592921239479803,0.02512702404579232,-8.673617379884035e-19,3.469446951953614e-18,0,0
2066,0.952987809703399,0.5024803032953766,0.023925458984990967,0.025441417231952805,3.3393426912553537e-17,1.734723475976807e-18,0,0
2067,0.9828930211513012,0.5096301877258602,0.024608690604760983,0.025794425128260343,9.540979117872439e-18,-9.107298248878237e-18,0,0
2068,1.0,0.5199999999987361,0.025,0.026311370478907782,0.004593397063513752,4.336808689942018e-18,2,0
2069,0.4750202207076889,0.308536920758714,0.013387582841902975,0.016474140993941986,-2.3852447794681098e-17,-2.862293735361732e-17,0,0
2070,0.4940208407082626,0.3147188178445147,0.013786504209046532,0.016712998475024905,2.1467203015212988e-17,1.734723475976807e-17,0,0
2071,0.5130169590416523,0.3208959829232472,0.01418803984343173,0.016957596184003807,6.071532165918825e-18,-1.2576745200831851e-17,0,0
2072,0.5320092044564181,0.3270552245964091,0.014592043219913997,0.017206661347080224,-8.565197162635485e-18,-4.5536491244391186e-17,0,0
2073,0.5510258269822786,0.3332033793411602,0.014998941211920691,0.01745993953208462,5.421010862427522e-19,2.0383000842727483e-17,0,0
2074,0.5700231651807828,0.3393670782308385,0.015407549546649817,0.017718470735212884,2.233456475320139e-17,2.47198095326695e-17,0,0
2075,0.5890270343362873,0.3455475319237331,0.015818287753783907,0.017981846984904855,-3.133344278483108e-17,8.673617379884035e-19,0,0
2076,0.6080350193307729,0.3517323139521643,0.016230983883184318,0.018249103967003473,3.5670251474773096e-17,6.938893903907228e-18,0,0
2077,0.6270437070419838,0.3579173649956755,0.016645433484305163,0.01851974634931634,-2.883977778811442e-17,-1.734723475976807e-17,0,0
2078,0.6460524065130274,0.3641020620626202,0.017061495084464546,0.018793482433217282,1.2793585635328952e-17,-1.214306433183765e-17,0,0
2079,0.6650611343938776,0.3702866288792168,0.017479051714323134,0.01907009327407546,3.144186300207963e-18,-1.734723475976807e-17,0,0
2080,0.6840700516175781,0.3764707224464494,0.017897999298453607,0.019349358813828016,8.023096076392733e-18,-2.0816681711721685e-17,0,0
2081,0.2809677901085359,0.2272683711100787,0.00965601801247887,0.013686368795908722,1.713039432527097e-17,9.107298248878237e-18,0,0
2082,0.1819802912635959,0.1768562945414089,0.008210366549777855,0.012821002942588143,-1.5612511283791264e-17,1.734723475976807e-18,0,0
2083,0.7030796489980874,0.3826536094766704,0.018318250192780012,0.01963106319671874,-2.7321894746634712e-17,-8.673617379884035e-18,0,0
2084,0.0,0.1,0.0,0.020226916513894185,-0.004452861242046176,6.0986372202309624e-18,1,0
2085,0.05788300606156506,0.1224348466859376,0.0055778043105403656,0.01653293943298135,-8.239936510889834e-18,1.8865117801247777e-17,0,0
2086,0.7220901474735243,0.3888386529105849,0.018739715230621845,0.019915218410430098,9.86623976961809e-18,3.0357660829594124e-18,0,0
2087,0.7410942967802049,0.3950163781556812,0.019162157196289772,0.020201217526802078,-6.288372600415926e-18,5.637851296924623e-18,0,0
2088,0.7601162546454382,0.401155424151683,0.01958606698788644,0.020487332099363854,3.415236843329339e-17,8.673617379884035e-19,0,0
2089,0.7832940258563301,0.4268317219145734,0.020091868141627615,0.02175243554065575,-1.431146867680866e-17,2.0816681711721685e-17,0,0
2090,0.8023071506336723,0.4330124824928419,0.0205188651888956,0.022044473066101942,2.4936649967166602e-18,2.6020852139652106e-17,0,0
2091,0.8213212028195856,0.4391983067361025,0.02094666559006967,0.022338568261683435,8.348356728138384e-18,4.336808689942018e-19,0,0
2092,0.8403355697222423,0.445384323036107,0.021375219631078954,0.022634402665219416,-6.5052130349130266e-18,1.474514954580286e-17,0,0
2093,0.8593502179236872,0.4515705430980834,0.02180449281464943,0.022931910056558116,-1.1492543028346347e-17,-2.47198095326695e-17,0,0
2094,0.878365609143952,0.4577568967826962,0.02223446710849159,0.023231028116881245,8.348356728138384e-18,1.9949319973733282e-17,0,0
2095,0.8973804731590319,0.4639433645681207,0.02266508939522367,0.023531707985883964,-6.071532165918825e-18,6.5052130349130266e-18,0,0
2096,0.9162965842988524,0.4701498454129043,0.023094089334601983,0.023834966101286374,-8.673617379884035e-19,-9.107298248878237e-18,0,0
2097,0.9678198258758807,0.4976523234016121,0.02426495824192776,0.025197805543544737,-4.9873299934333204e-18,-8.673617379884035e-19,0,0
2098,0.2999486145498892,0.233440792757363,0.010002704954755689,0.013791610810948606,-1.734723475976807e-17,1.1275702593849246e-17,0,0
2099,0.3189323592250928,0.2396101305326229,0.010354795339389204,0.013920541699739006,3.469446951953614e-18,-2.0383000842727483e-17,0,0
2100,0.3379211454438655,0.2457792187523743,0.010712437485675474,0.01406972791335346,1.6046192152785466e-17,5.637851296924623e-18,0,0
2101,0.3569124855987543,0.2519562609654775,0.011075466398380052,0.014236685858902729,-6.938893903907228e-18,-2.0816681711721685e-17,0,0
2102,0.3759008349905818,0.2581355082145532,0.0114436354430118,0.01441871949661542,6.288372600415926e-18,-1.3444106938820255e-17,0,0
2103,0.3948852721203147,0.2643064120380147,0.011816708310353913,0.014613262605959017,-2.5587171270657905e-17,-8.673617379884035e-19,0,0
2104,0.4138780947941727,0.2704734680157099,0.012194632800949092,0.014818783761542992,5.637851296924623e-18,-4.336808689942018e-18,0,0
2105,0.432873819346411,0.2766451850914716,0.012576952021757737,0.015034348839992367,5.421010862427522e-19,8.673617379884035e-18,0,0
2106,0.4518719179301115,0.2828113094345747,0.012963392244071123,0.01525824682848047,1.7564075194265172e-17,1.951563910473908e-17,0,0
2107,0.2009277178835769,0.183047604311416,0.00850798962857456,0.012686788823786078,1.3010426069826053e-17,-2.168404344971009e-18,0,0
2108,0.2198987279663436,0.1892277489775517,0.008807150795680256,0.012619064044832179,1.2576745200831851e-17,1.1275702593849246e-17,0,0
2109,0.2388708285103873,0.1953963108547357,0.009111072956669571,0.012606021423347817,-1.9949319973733282e-17,-1.431146867680866e-17,0,0
2110,0.2578472045000362,0.2015711771465414,0.009421777991832251,0.012638387756818144,4.553649124439119e-18,-1.1709383462843448e-17,0,0
2111,0.2768268061660641,0.2077448722482075,0.009740337833704402,0.01270777173412568,8.673617379884035e-18,1.951563910473908e-17,0,0
2112,0.4708725715946121,0.2889907198135707,0.013353606305295175,0.015490442477773007,-1.3660947373317356e-17,2.6020852139652106e-17,0,0
2113,0.01950903225015753,0.09807852803066691,0.0029130151379450683,0.019803826905377412,-4.336808689942018e-18,3.957337929572091e-17,0,0
2114,0.05555153914232636,0.1016784250325749,0.006646300836571561,0.01675572141979759,-2.688821387764051e-17,-1.3010426069826053e-17,0,0
2115,0.07606981845947332,0.1302377430066605,0.006338164287290276,0.015402388138374185,-1.8648277366750676e-17,-1.7780915628762273e-17,0,0
2116,0.1006767266282129,0.1309158289318551,0.007379715544553523,0.013887209056614332,1.1926223897340549e-17,2.6020852139652106e-18,0,0
2117,0.1214618434709066,0.1390230899723007,0.007730224174831837,0.013113546475989595,-2.168404344971009e-19,2.168404344971009e-17,0,0
2118,0.1400813133553554,0.1450643718176328,0.008008628035567608,0.01256738458949103,-1.1058862159352145e-17,-8.239936510889834e-18,0,0
2119,0.158926476444503,0.1512160726863489,0.008258589311808172,0.012171776160535153,2.992397996059992e-17,-6.938893903907228e-18,0,0
2120,0.1778159182302883,0.1573822291301112,0.008499712704248288,0.011904930281867641,-5.204170427930421e-18,8.673617379884035e-18,0,0
2121,0.7791366597955174,0.4072854207624038,0.020010911292838825,0.020774971435845266,-2.0383000842727483e-17,6.5052130349130266e-18,0,0
2122,0.934810368295846,0.4764414478084469,0.023514638653390537,0.024143926229848713,-1.5612511283791264e-17,-1.713039432527097e-17,0,0
2123,0.9533617237176806,0.4827955644082983,0.023936568263218997,0.024457600877682277,1.338989683019598e-17,1.474514954580286e-17,0,0
2124,0.9835245894360183,0.4899383824054073,0.024623976379684148,0.02481055569170215,-3.946495907847236e-17,1.1709383462843448e-17,0,0
2125,1.0,0.4999999999986943,0.025,0.025312807899128636,0.004592151049791015,1.0408340855860843e-17,2,0
2126,0.4898740332632057,0.295172662173307,0.013747312639863032,0.01572953400867376,-1.8431436932253575e-17,-1.3877787807814457e-17,0,0
2127,0.50887567671442,0.3013547142966809,0.014144239455377964,0.01597466935159938,9.75781955236954e-19,1.6479873021779667e-17,0,0
2128,0.5278733635140009,0.307531210095808,0.014544060270616966,0.01622494760480345,5.421010862427522e-18,3.0357660829594124e-17,0,0
2129,0.5468699559846592,0.3136790818047515,0.014946647465004704,0.016478644890415835,-1.734723475976807e-18,8.673617379884035e-19,0,0
2130,0.5658764781620121,0.3198294227265462,0.015351960552264935,0.016736848355555424,4.445228907190568e-18,-3.252606517456513e-17,0,0
2131,0.5848786575151549,0.3259951912167632,0.01575946798258995,0.016999865166844173,1.929879867024198e-17,1.8214596497756474e-17,0,0
2132,0.6038862288420815,0.3321790408270931,0.016169206004146206,0.017267447761445957,-4.7704895589362195e-18,-1.6046192152785466e-17,0,0
2133,0.6228948153017538,0.3383633258662552,0.0165809434569765,0.01753840551230337,-7.047314121155779e-18,1.1275702593849246e-17,0,0
2134,0.6419036849574418,0.3445478028996972,0.016994510928626954,0.017812461654787854,-1.1926223897340549e-18,9.540979117872439e-18,0,0
2135,0.6609125827416197,0.3507322277567543,0.01740976206937654,0.018089371619398987,-6.7220534694101275e-18,-3.0357660829594124e-18,0,0
2136,0.6799214268984819,0.3569159401753879,0.017826566973298482,0.018368898015193626,1.6154612370034016e-17,1.3877787807814457e-17,0,0
2137,0.6989302639012003,0.3630998389586886,0.018244807728841694,0.018650907088320637,-6.5052130349130266e-18,-4.7704895589362195e-18,0,0
2138,0.2958076964347777,0.2139202851847725,0.010067012966607,0.012807972458065505,-1.3227266504323154e-17,-1.431146867680866e-17,0,0
2139,0.1967438781583239,0.1635051594192511,0.008745604385652165,0.01173511523260813,-2.0057740190981832e-17,-3.0357660829594124e-18,0,0
2140,0.7179401106653334,0.3692827052729282,0.01866440071275585,0.01893517888673858,-1.0625181290357943e-17,-2.168404344971009e-17,0,0
2141,0.03826834333741969,0.09238795320933009,0.0055445965649285655,0.018601624291960654,-9.974659986866641e-18,4.141652298894627e-17,0,0
2142,0.07467739297789157,0.1099661303430575,0.007323816232656953,0.015112591746073437,1.2576745200831851e-17,2.168404344971009e-18,0,0
2143,0.7369485075834594,0.3754663435892733,0.01908519089431893,0.019221668961737073,1.3877787807814457e-17,-5.637851296924623e-18,0,0
2144,0.7559607284709715,0.381615944907109,0.01950723557121793,0.019508496117391454,1.734723475976807e-17,-2.688821387764051e-17,0,0
2145,0.7749938589858902,0.3877287665836066,0.01993083418690803,0.01979540087387587,-2.0057740190981832e-17,-7.37257477290143e-18,0,0
2146,0.7981571170167415,0.4134529773505379,0.02043663630136742,0.021066380704312715,2.5153490401663703e-17,-4.228388472693467e-18,0,0
2147,0.8171712001815752,0.4196386168879694,0.020863060221889818,0.021360500440146705,-1.6479873021779667e-17,-2.1250362580715887e-17,0,0
2148,0.8361856999723575,0.4258244303261644,0.02129030033221737,0.021656349355089373,3.2526065174565133e-18,2.5153490401663703e-17,0,0
2149,0.8552005039608828,0.4320106428645872,0.021718311972332986,0.02195387442292697,1.6263032587282567e-18,1.3444106938820255e-17,0,0
2150,0.8742158524031415,0.4381976010158842,0.022147064961922674,0.022253035589013887,-2.4069288229178198e-17,3.0357660829594124e-18,0,0
2151,0.8932315436030951,0.4443842459765588,0.022576523569937546,0.022553729804058266,7.37257477290143e-18,-1.3444106938820255e-17,0,0
2152,0.9122468806499674,0.4505699955868179,0.023006640830118445,0.022855883011527585,-4.553649124439119e-18,0.0,0,0
2153,0.9312609483071164,0.4567550483512121,0.023437315239971668,0.023159533732323084,7.15573433840433e-18,8.239936510889834e-18,0,0
2154,0.9706829908263812,0.4805751286824073,0.02433164120454909,0.02434364786964609,-3.2526065174565133e-18,2.3852447794681098e-17,0,0
2155,0.3147800161537975,0.2200915452011897,0.01040158351538127,0.01293373580102641,1.4094628242311558e-17,6.071532165918825e-18,0,0
2156,0.3337609052208746,0.2262434820810137,0.010744177131895925,0.013080026043450824,-3.686287386450715e-18,-1.5612511283791264e-17,0,0
2157,0.352747120794775,0.2324012575775364,0.011094157275381374,0.01324487692446559,2.6020852139652106e-18,3.0357660829594124e-17,0,0
2158,0.371749928973425,0.238586962952747,0.011451174111337694,0.013426688753101037,9.324138683375338e-18,1.951563910473908e-17,0,0
2159,0.390731409037408,0.2447503542432403,0.011814226387384715,0.013620865229524725,-2.3093506273941244e-17,-2.47198095326695e-17,0,0
2160,0.4097228427388205,0.2509272489585115,0.012183277039982982,0.013827226748497479,2.233456475320139e-17,-1.0408340855860843e-17,0,0
2161,0.42871941101276,0.2570881445404427,0.012557874141273578,0.014042752915627297,-6.396792817664476e-18,-3.209238430557093e-17,0,0
2162,0.4477193777338291,0.2632615499316437,0.012937425997484826,0.014267684411524447,1.6046192152785466e-17,-1.9949319973733282e-17,0,0
2163,0.4667241806233842,0.2694439672133798,0.013321566185834072,0.01450076643006544,-1.691355389077387e-17,-1.474514954580286e-17,0,0
2164,0.2157575192705471,0.1697258538494423,0.008999924637471105,0.01164769081392288,2.5153490401663703e-17,-1.9081958235744878e-17,0,0
2165,0.2347238574528927,0.1758697558087909,0.009266431711362867,0.011619885585475012,-1.5937771935536915e-17,-8.673617379884035e-18,0,0
2166,0.2537038540351939,0.1820459880944463,0.009545523349368977,0.01164381878944874,2.4936649967166602e-18,3.0357660829594124e-18,0,0
2167,0.2726838322133118,0.1882192144292372,0.009837381584227171,0.011708119774774593,-3.2526065174565133e-19,-3.946495907847236e-17,0,0
2168,0.2916677557193958,0.1943941206065719,0.010141413718015874,0.01180547091127603,1.4094628242311558e-18,-2.168404344971009e-18,0,0
2169,0.4857266244181412,0.2756261787842604,0.013709791398119234,0.014740658046809905,2.3635607360183997e-17,-2.6020852139652106e-18,0,0
2170,0.07310115631937508,0.08907487570957508,0.008736965717360738,0.014705011788269266,-1.8648277366750676e-17,-2.2985086056692694e-17,0,0
2171,0.05555702344683316,0.08314696113345352,0.008084134177150972,0.016823162182892776,2.168404344971009e-18,2.862293735361732e-17,0,0
2172,0.0904029142907545,0.1167235466155223,0.007685747322453498,0.014030236161786556,8.239936510889834e-18,-8.673617379884035e-18,0,0
2173,0.118216325712894,0.1193540867041253,0.008386206535995764,0.012352121503136053,7.589415207398531e-18,-1.0842021724855044e-17,0,0
2174,0.13605592357774,0.1255677743837516,0.008533080440936263,0.011715603923383744,4.7704895589362195e-18,0.0,0,0
2175,0.1548001511816144,0.1317420389077882,0.008681148641783659,0.011249146681581147,1.5178830414797062e-18,-3.903127820947816e-18,0,0
2176,0.1736466353429563,0.1378449796073459,0.008841893985353391,0.010934949711300804,-5.637851296924623e-18,1.0408340855860843e-17,0,0
2177,0.1925353730758728,0.1440299572472412,0.009019148524676123,0.010743029714901101,4.119968255444917e-18,-6.5052130349130266e-18,0,0
2178,0.79400750894729,0.3938978417460252,0.020354940935500377,0.020087019860118353,1.3010426069826053e-18,-1.235990476633475e-17,0,0
2179,0.9466699309760309,0.4646878933811169,0.023786544869845536,0.023552771709885813,-1.7780915628762273e-17,2.168404344971009e-18,0,0
2180,0.9650025864637574,0.4623673097648769,0.02420395039041342,0.023433315129838112,1.7672495411513722e-17,-1.3010426069826053e-17,0,0
2181,1.0,0.4799999999987418,0.025,0.024313035910004777,0.004590239156429752,-2.168404344971009e-17,2,0
2182,0.9837062286385683,0.4701220634318416,0.024629094812098812,0.02381932619593361,1.973247953923618e-17,0.0,0,0
2183,0.5047273976723021,0.2818064754052785,0.014101766353837326,0.014986507398800577,-2.4936649967166602e-18,-1.1275702593849246e-17,0,0
2184,0.5237306483094076,0.2879873438043286,0.014497250335046381,0.015237781928300933,1.6263032587282567e-17,-2.211772431870429e-17,0,0
2185,0.5427285500416323,0.2941449335664149,0.01489582809679137,0.015492733020081632,-2.190088388420719e-17,-1.0408340855860843e-17,0,0
2186,0.561740929038252,0.3002810276086299,0.015297648088493352,0.015750923668766827,1.713039432527097e-17,1.0408340855860843e-17,0,0
2187,0.5807345193042259,0.3064506379908188,0.015701641088145316,0.016014852284654272,2.927345865710862e-18,-9.540979117872439e-18,0,0
2188,0.5997375295111859,0.3126255666281451,0.01610825914567987,0.01628264175349698,-5.9631119486702744e-18,-4.7704895589362195e-18,0,0
2189,0.6187459219435552,0.3188094380353561,0.016517212245863517,0.016554182483886584,-3.469446951953614e-18,5.637851296924623e-18,0,0
2190,0.637754840638844,0.324993667977114,0.01692822473056374,0.016828781352481125,-1.7997756063259374e-17,-1.0408340855860843e-17,0,0
2191,0.6567640477123418,0.3311777877586505,0.017341125217360014,0.0171061824607236,1.5829351718288365e-17,2.168404344971009e-17,0,0
2192,0.6757730585416294,0.3373616049748545,0.01775575162418271,0.017386174001895596,-3.577867169202165e-18,-6.5052130349130266e-18,0,0
2193,0.6947815308080005,0.3435449291792405,0.0181719589718482,0.017668568845690076,-2.3201926491189795e-17,8.673617379884035e-18,0,0
2194,0.7137896655837355,0.3497300826570107,0.01858962419519279,0.017953328336240387,1.5720931501039814e-17,-7.37257477290143e-18,0,0
2195,0.310653473831923,0.2005713531862455,0.010456841450947146,0.01193018657457525,-6.071532165918825e-18,-4.336808689942018e-19,0,0
2196,0.2114507909050473,0.1499191399899009,0.009222709733391347,0.010623063485278902,-4.7704895589362195e-18,1.8648277366750676e-17,0,0
2197,0.7327986003469076,0.3558908508566677,0.01900868122500248,0.018238990227776836,-8.239936510889834e-18,-1.5178830414797062e-17,0,0
2198,0.09346731086856337,0.09786196430711816,0.00885257738677252,0.013027225208286584,-1.9949319973733282e-17,3.968179951296946e-17,0,0
2199,0.1041599131015017,0.1122779157968114,0.008375934419686058,0.012877037402424192,7.15573433840433e-18,9.540979117872439e-18,0,0
2200,0.7518135475384385,0.3620420925887966,0.019429128221067397,0.018526184394653266,1.496198998029996e-17,2.3852447794681098e-17,0,0
2201,0.7708370386038175,0.368177493439071,0.019850932059295116,0.018814485612326973,8.673617379884035e-19,4.336808689942018e-19,0,0
2202,0.7898575689514501,0.3743334736155046,0.020273725870138155,0.019105653800368168,3.3610267347050637e-18,4.336808689942018e-19,0,0
2203,0.8130211923624026,0.4000789422767699,0.020779966638875748,0.02038101855873822,1.6046192152785466e-17,2.981555974335137e-17,0,0
2204,0.8320355944787932,0.4062641334528964,0.02120587545783289,0.020676925272714995,-2.6346112791397758e-17,1.0842021724855044e-17,0,0
2205,0.8510506434229683,0.4124503191396003,0.021632617680705662,0.02097452225097258,-4.9873299934333204e-18,-8.239936510889834e-18,0,0
2206,0.8700660661498367,0.4186368353238298,0.02206014457056953,0.021273723367819197,3.707971429900425e-17,-1.1275702593849246e-17,0,0
2207,0.8890819098934936,0.4248235400392721,0.022488423602585524,0.021574474161504525,2.3852447794681098e-18,-2.3418766925686896e-17,0,0
2208,0.9080982855396893,0.4310102969200127,0.02291743042820643,0.021876726957693184,2.6020852139652106e-18,-1.7780915628762273e-17,0,0
2209,0.9271144384499195,0.4371963969363344,0.02334713434744499,0.022180402065575682,-4.336808689942018e-19,-1.9081958235744878e-17,0,0
2210,0.948914028095754,0.4450800965727502,0.023840347775459216,0.022570084218142137,-1.5395670849294163e-17,-4.336808689942018e-19,0,0
2211,0.3296010197307461,0.2067065774114904,0.010782314074874073,0.012075730854267533,2.3201926491189795e-17,4.336808689942018e-19,0,0
2212,0.3485767475558794,0.2128484220129378,0.011117871186254898,0.012240334737541077,-1.1058862159352145e-17,-1.6046192152785466e-17,0,0
2213,0.3675615119758512,0.2189931987006682,0.011462353743980792,0.01242109304932645,-9.86623976961809e-18,-2.2551405187698492e-17,0,0
2214,0.3865669453296858,0.2251884123717763,0.011814976729860975,0.012618048716931049,1.723881454251952e-17,3.0791341698588326e-17,0,0
2215,0.4055626300716204,0.2313575809238391,0.012174739747044593,0.012825398709465443,-1.951563910473908e-18,1.1275702593849246e-17,0,0
2216,0.4245701479235447,0.2375323775357022,0.012541252609925358,0.013043084778361129,-2.3852447794681098e-18,1.2576745200831851e-17,0,0
2217,0.4435726220276963,0.2437142075439549,0.012913544468321212,0.013269952070185664,-3.686287386450715e-17,1.5612511283791264e-17,0,0
2218,0.462575906536526,0.2498962048166694,0.013291200641401508,0.013504503948986618,5.421010862427522e-18,-1.0408340855860843e-17,0,0
2219,0.4815791830523011,0.2560784169233113,0.013673700057560308,0.013745826807997906,-2.8189256484623115e-18,7.37257477290143e-18,0,0
2220,0.2304744970393137,0.156180060085269,0.009443531411931059,0.010592125367354696,-3.2526065174565133e-18,2.0383000842727483e-17,0,0
2221,0.2495067979274084,0.1624374993367041,0.00968539031672582,0.010615792413968062,-5.312590645178972e-18,1.3010426069826053e-17,0,0
2222,0.2685396778806551,0.1686925486549797,0.009946589986161788,0.010682815507472224,-4.553649124439119e-18,1.0408340855860843e-17,0,0
2223,0.2875295857273796,0.1748221177586894,0.010225545045046879,0.010778209381975119,-6.179952383167375e-18,3.946495907847236e-17,0,0
2224,0.3065103126916763,0.1810382753598062,0.010519064991744088,0.010906767351380863,-8.890457814381136e-18,1.431146867680866e-17,0,0
2225,0.5005804509499937,0.2622585241020463,0.014060553558384573,0.013993032122810297,7.37257477290143e-18,3.469446951953614e-18,0,0
2226,0.0707106782866362,0.0707106779506733,0.010299051607666096,0.014306818574968223,1.474514954580286e-17,3.7730235602495554e-17,0,0
2227,0.08888365202470638,0.07431991037966859,0.010405557804241346,0.012126328470015766,-8.023096076392733e-18,-1.7780915628762273e-17,0,0
2228,0.1316643610120335,0.1060831279344921,0.00912984523611406,0.010787854692273188,1.5178830414797062e-18,1.1275702593849246e-17,0,0
2229,0.1128881962871568,0.1000231639486372,0.009114039801841662,0.011555953250084905,4.336808689942018e-18,1.8214596497756474e-17,0,0
2230,0.1506098089405966,0.1122573552621605,0.00916841255595912,0.010243048099927607,2.6237692574149207e-17,4.7704895589362195e-18,0,0
2231,0.1694793057034999,0.1183768983425439,0.009232289832970095,0.009896419244373064,-3.8163916471489756e-17,-2.168404344971009e-18,0,0
2232,0.1883734169505181,0.1244585317385425,0.00933253249903681,0.009682792126606138,1.8865117801247777e-17,6.071532165918825e-18,0,0
2233,0.2073188270922092,0.1304710272565226,0.009470357540732194,0.009563344581263374,-2.8189256484623115e-18,1.3444106938820255e-17,0,0
2234,0.8088708846951989,0.3805187622637956,0.020697338477607876,0.019400051395808096,-6.071532165918825e-18,-8.456776945386935e-18,0,0
2235,0.9831378399071256,0.4507938914779741,0.02461690843858977,0.022851409808516777,-1.214306433183765e-17,-6.071532165918825e-18,0,0
2236,1.0,0.4599999999988,0.025,0.02331192499306033,0.004588583151845177,1.214306433183765e-17,2,0
2237,0.5195771589123572,0.2684369591423486,0.01445129663829869,0.014245494329124279,1.5178830414797062e-17,-7.806255641895632e-18,0,0
2238,0.5385760583437615,0.2745933179889935,0.014845749910383515,0.014501581071088137,-1.951563910473908e-17,-4.336808689942018e-18,0,0
2239,0.5575810646808331,0.2807457831214453,0.015243625177580771,0.014761749596123383,9.974659986866641e-18,5.204170427930421e-18,0,0
2240,0.5765851353105844,0.2869008465462582,0.01564446607162871,0.015025940381703585,-8.023096076392733e-18,1.0842021724855044e-17,0,0
2241,0.5955883862881668,0.2930717732185708,0.016047992669006025,0.015294482797551025,-4.553649124439119e-18,1.734723475976807e-17,0,0
2242,0.6145970915187187,0.2992555030028548,0.01645411495782511,0.015566895024701571,-1.3010426069826053e-18,1.3010426069826053e-17,0,0
2243,0.6336063065920612,0.3054396519601302,0.016862531357242562,0.015842290654348806,1.1817803680091998e-17,3.469446951953614e-18,0,0
2244,0.6526153456577158,0.3116238015018342,0.017273032614316054,0.016120420518640523,-4.2609145378680324e-17,-1.5612511283791264e-17,0,0
2245,0.6716248439457448,0.3178070839464163,0.017685457930170557,0.016401040572895938,4.0007060164715114e-17,1.6046192152785466e-17,0,0
2246,0.6906346640393639,0.3239909207301911,0.01809964391714967,0.016684049739131655,-4.228388472693467e-18,-2.5153490401663703e-17,0,0
2247,0.7096411393112271,0.3301764924408997,0.018515364748683538,0.016969360718870206,6.5052130349130266e-18,1.734723475976807e-18,0,0
2248,0.7286396005839388,0.3363361946752813,0.018932410277813585,0.017255449112771576,-9.540979117872439e-18,-1.0408340855860843e-17,0,0
2249,0.3254518573799015,0.1871652094355403,0.010826338299667195,0.011054204787536083,1.0842021724855044e-17,-3.469446951953614e-18,0,0
2250,0.2262806457433826,0.1365787292349435,0.009639983369017759,0.009524579067362935,1.6263032587282567e-18,3.0357660829594124e-18,0,0
2251,0.7476498194091428,0.3424937234688446,0.019351078108915832,0.01754337620513847,-4.9873299934333204e-18,7.806255641895632e-18,0,0
2252,0.1087763499782067,0.08065983395727888,0.010145517501263343,0.010577596164857747,3.903127820947816e-18,-2.5153490401663703e-17,0,0
2253,0.7666865908163321,0.3486081992718143,0.01977162272630889,0.01783096447453673,3.3176586478056436e-17,3.469446951953614e-18,0,0
2254,0.7857052364848551,0.3547704972521433,0.020192886972907186,0.01812276963530063,-3.5344990823027445e-17,1.0842021724855044e-17,0,0
2255,0.8047195586493269,0.3609564505842358,0.020615115405247176,0.01841747442729636,-6.071532165918825e-18,-2.6020852139652106e-18,0,0
2256,0.8278851529515947,0.3867034137633552,0.021121906905216665,0.019696089970286112,-2.992397996059992e-17,1.1384122811097797e-17,0,0
2257,0.8469002629017226,0.3928893810836382,0.021547368222853646,0.019993809251097682,2.5587171270657905e-17,8.673617379884035e-18,0,0
2258,0.8659157229047475,0.3990756082189211,0.021973659889620387,0.02029310661911569,9.540979117872439e-18,-1.474514954580286e-17,0,0
2259,0.8849314692107559,0.4052619646442681,0.02240073535552639,0.020593934155838496,-2.4069288229178198e-17,1.9081958235744878e-17,0,0
2260,0.9039477955150688,0.4114483123862005,0.02282856747421755,0.020896244588564445,2.0816681711721685e-17,2.7321894746634712e-17,0,0
2261,0.922964553872937,0.4176347107188536,0.023257120244369555,0.021200004477357964,-1.7780915628762273e-17,2.168404344971009e-18,0,0
2262,0.9419817755696591,0.4238213791426015,0.02368635944457382,0.021505237593731064,-1.1926223897340549e-18,-3.903127820947816e-18,0,0
2263,0.9684831205401747,0.4440012305366736,0.024284634455702864,0.02251246572478324,2.596664203102783e-17,5.204170427930421e-18,0,0
2264,0.3444048640288441,0.1932535233069343,0.011146287881662293,0.01121873772711054,1.0842021724855044e-18,1.1709383462843448e-17,0,0
2265,0.3634028352714287,0.1994334718513303,0.011477547085203044,0.011404089874022149,-2.233456475320139e-17,1.5612511283791264e-17,0,0
2266,0.3824025203912722,0.205617075329255,0.011818631566360455,0.011603295886502267,3.2526065174565133e-18,-6.938893903907228e-18,0,0
2267,0.401411397340394,0.2118056290155769,0.012168635843301247,0.011814342511873424,-1.6479873021779667e-17,4.336808689942018e-18,0,0
2268,0.420418559326446,0.2179835966516938,0.01252645191948501,0.012034833418179586,1.4094628242311558e-18,1.0842021724855044e-17,0,0
2269,0.4394247038431611,0.2241666263367856,0.012891207850110172,0.01226423632367208,-4.7704895589362195e-18,8.239936510889834e-18,0,0
2270,0.4584280340858667,0.2303478718119142,0.013262159581677771,0.012501083609338878,2.3310346708438345e-17,-1.1709383462843448e-17,0,0
2271,0.4774317481849043,0.2365295541852564,0.01363872452306482,0.012744549675352155,-9.974659986866641e-18,-9.540979117872439e-18,0,0
2272,0.4964349858830024,0.2427113840928077,0.014020321657051369,0.01299384894570175,-6.071532165918825e-18,-3.469446951953614e-18,0,0
2273,0.2453066510951755,0.142825856823507,0.009839482687106214,0.009550775071095308,-1.2468324983583301e-17,4.336808689942018e-18,0,0
2274,0.2643198176911413,0.1490517512959901,0.010066193466768047,0.009621071616737338,1.7672495411513722e-17,2.47198095326695e-17,0,0
2275,0.2833580866375768,0.1552559976843249,0.01031699036691948,0.009725198567671019,-2.3852447794681098e-17,-1.474514954580286e-17,0,0
2276,0.3024178492216623,0.161332549817217,0.010589376609742825,0.009850545347545838,1.6479873021779667e-17,-4.7704895589362195e-18,0,0
2277,0.3213000362048326,0.1676293286645062,0.010874818347042688,0.010013591565440946,1.3877787807814457e-17,-1.1709383462843448e-17,0,0
2278,0.5154302660481885,0.2488917933403398,0.01440629879203253,0.013248271715353435,2.1467203015212988e-17,1.3010426069826053e-18,0,0
2279,0.08314696132508038,0.0555570231600433,0.012040620729020046,0.011238781083075279,-1.691355389077387e-17,6.938893903907228e-18,0,0
2280,0.1027398934086151,0.05491561694053849,0.011771489866298135,0.00889228303906382,-3.7947076036992655e-17,2.211772431870429e-17,0,0
2281,0.127154570714973,0.0862506821095896,0.009924703314890398,0.009701629895642886,6.7220534694101275e-18,1.734723475976807e-18,0,0
2282,0.1464011688273432,0.0927913065177049,0.009754692654619647,0.009123934606525214,8.890457814381136e-18,9.974659986866641e-18,0,0
2283,0.1652977722254031,0.09895509180632779,0.00968182705865955,0.008764147522601441,-2.8189256484623115e-18,-4.7704895589362195e-18,0,0
2284,0.1842250635405643,0.1049829575517281,0.009682487555631,0.008548113416903234,2.8406096919120216e-17,-2.42861286636753e-17,0,0
2285,0.2031652541107667,0.1109398286109972,0.009744221081124372,0.008433597015552002,-4.7704895589362195e-18,-2.862293735361732e-17,0,0
2286,0.2221448066441015,0.1170652149049785,0.009853488417301418,0.00840688584064607,2.6020852139652106e-18,-1.1275702593849246e-17,0,0
2287,0.8237343263091292,0.3671424515968827,0.021038354471542592,0.01871381653247629,7.806255641895632e-18,-8.673617379884035e-19,0,0
2288,0.9625833060054199,0.4287743883138905,0.024152387122583257,0.021749575980103294,1.734723475976807e-17,-2.168404344971009e-17,0,0
2289,1.0,0.4399999999988584,0.025,0.022309668873953567,0.004587167473083877,1.734723475976807e-18,2,0
2290,0.9840328441730836,0.432344074854214,0.024638129433714438,0.021926289726800212,-1.2197274440461925e-17,-4.336808689942018e-18,0,0
2291,0.5344256123551361,0.2550520923879299,0.014796418635568371,0.01350627087714321,-1.496198998029996e-17,-5.637851296924623e-18,0,0
2292,0.553422819283527,0.2612091921384263,0.015190284952916425,0.013768250997178462,-1.3010426069826053e-17,-2.2551405187698492e-17,0,0
2293,0.5724328960672417,0.2673453808799491,0.015587817115818784,0.01403287392115803,-2.0599841277224584e-18,1.2576745200831851e-17,0,0
2294,0.5914389041063199,0.273517765333167,0.01598824661177428,0.01430278117056519,3.0140820395097023e-17,-1.734723475976807e-18,0,0
2295,0.6104480139912603,0.2797012489024866,0.01639150008105774,0.014576361023211764,-1.8865117801247777e-17,-1.214306433183765e-17,0,0
2296,0.6294574551392358,0.2858851488267904,0.01679728711786239,0.014852813754433229,6.7220534694101275e-18,-1.8648277366750676e-17,0,0
2297,0.6484675031436183,0.2920700675327328,0.0172053892372869,0.015131946763245321,-8.239936510889834e-18,2.7755575615628914e-17,0,0
2298,0.6674767648632038,0.2982526920798652,0.01761557872733142,0.015413403352634808,-9.540979117872439e-18,-4.7704895589362195e-18,0,0
2299,0.686486114241067,0.3044355696118064,0.01802769061014335,0.015697145066415442,-9.75781955236954e-18,9.107298248878237e-18,0,0
2300,0.7054968168516217,0.3106201362413765,0.018441588449501025,0.01598309692245128,1.7564075194265172e-17,2.8189256484623115e-17,0,0
2301,0.7244947772608931,0.316796175867649,0.018856822225157246,0.01627063361242043,2.3852447794681098e-18,-9.974659986866641e-18,0,0
2302,0.7434995943302113,0.3229473147598001,0.019273704166012137,0.016558789602823695,-3.729655473350135e-17,-4.7704895589362195e-18,0,0
2303,0.3402564300018887,0.1737100991159858,0.0111783537279521,0.010182910313490973,4.445228907190568e-18,6.071532165918825e-18,0,0
2304,0.2411260720608012,0.1232467537971166,0.01000521367157739,0.008442685378346425,8.239936510889834e-18,2.168404344971009e-18,0,0
2305,0.7625147716310324,0.3290669288227556,0.019692192047885405,0.01684713919561031,3.686287386450715e-17,6.071532165918825e-18,0,0
2306,0.1207022997869541,0.06428364210579296,0.011018786012876534,0.008301196748976256,3.144186300207963e-17,3.5778671692021646e-17,0,0
2307,0.7815548862886672,0.3352111162580362,0.020112463956203485,0.01713842743567988,-5.7462715141731735e-18,-1.474514954580286e-17,0,0
2308,0.8005691762165773,0.3413965733097519,0.0205332873217128,0.0174334764337328,4.662069341687669e-18,-1.0408340855860843e-17,0,0
2309,0.8195839015802886,0.347582031204436,0.020955189503803283,0.017730110566692724,8.998878031629687e-18,-3.0357660829594124e-17,0,0
2310,0.842749746196757,0.3733284285930782,0.021462540277452816,0.01901173586681105,-1.214306433183765e-17,-1.8431436932253575e-17,0,0
2311,0.8617653022796297,0.3795145800945791,0.021887600404490132,0.019311196800716857,1.7564075194265172e-17,2.6020852139652106e-17,0,0
2312,0.880781038021738,0.3857008103128289,0.022313482218888462,0.01961215595611767,-3.3610267347050637e-18,-1.8648277366750676e-17,0,0
2313,0.8997967788430279,0.3918873387075817,0.022740133795408016,0.01991459550426937,4.9873299934333204e-18,-9.540979117872439e-18,0,0
2314,0.9188132126924313,0.3980739950062889,0.02316754236382984,0.02021846859444473,-2.6020852139652106e-18,1.1275702593849246e-17,0,0
2315,0.9377683510826605,0.40424927183152,0.02359427175663814,0.02052319831680753,-1.1384122811097797e-17,8.673617379884035e-18,0,0
2316,0.9564774689493456,0.4103752108938417,0.0240161007433669,0.020826871968850677,-1.22514845490862e-17,1.6479873021779667e-17,0,0
2317,0.3592565125469214,0.179889832233918,0.011495568447241224,0.010373274781261503,-2.2876665839444144e-17,6.938893903907228e-18,0,0
2318,0.3782540683146274,0.1860716773299141,0.011824585538607118,0.010577090107206654,2.656295322589486e-17,1.1275702593849246e-17,0,0
2319,0.3972610280925722,0.1922535714834939,0.012164195957809206,0.010792123129302538,-3.707971429900425e-17,8.673617379884035e-18,0,0
2320,0.4162661429293584,0.198434705576217,0.012512959344230076,0.011016759151933756,2.3852447794681098e-17,-2.168404344971009e-18,0,0
2321,0.4352761759352439,0.2046184288800402,0.01286993066517733,0.01124980594248866,1.0842021724855044e-17,-1.0408340855860843e-17,0,0
2322,0.4542794315248769,0.2108003868169353,0.013233979349522189,0.011489995239104576,-3.7947076036992655e-18,3.903127820947816e-18,0,0
2323,0.47328320429288,0.2169813638949863,0.013604455175220612,0.011736430001012349,7.589415207398531e-19,1.431146867680866e-17,0,0
2324,0.4922878825541739,0.2231619223796276,0.013980678393749448,0.01198838972790634,-1.5937771935536915e-17,1.0408340855860843e-17,0,0
2325,0.5112930150074774,0.2293441278913695,0.014362037286886042,0.012245354810020495,2.677979366039196e-17,2.0816681711721685e-17,0,0
2326,0.2601320761090057,0.1294603471910188,0.010193996358771548,0.008524805372904003,-1.713039432527097e-17,-6.938893903907228e-18,0,0
2327,0.279146230750897,0.1356500684060506,0.010413835743362056,0.008639641763663072,2.688821387764051e-17,-1.8214596497756474e-17,0,0
2328,0.2981622051215379,0.141802285572923,0.010659721238718698,0.008779813589616336,1.929879867024198e-17,-9.540979117872439e-18,0,0
2329,0.3171469122793227,0.1479611033486666,0.01092700650081153,0.008943347757490942,-4.7704895589362195e-18,-1.1275702593849246e-17,0,0
2330,0.3361171579770609,0.1541742338114044,0.011212611726583992,0.009128579179997643,-6.613633252161577e-18,5.637851296924623e-18,0,0
2331,0.5302857072374247,0.2355192606152379,0.014747755169873615,0.012506380320703345,-1.5829351718288365e-17,9.974659986866641e-18,0,0
2332,0.09238795329750174,0.03826834312455452,0.013404438967842096,0.007803288122541201,-5.117434254131581e-17,9.540979117872439e-18,0,0
2333,0.1217976452622463,0.048294609478073,0.011592448327223203,0.0065717247839006355,7.37257477290143e-18,-1.4094628242311558e-17,0,0
2334,0.1417955917656073,0.07285049006915224,0.010465225263814949,0.007791787073987775,-9.974659986866641e-18,-8.239936510889834e-18,0,0
2335,0.1611265393986409,0.07947546923055837,0.010189014887152853,0.007486794885109238,2.5804011705155006e-17,-3.0357660829594124e-18,0,0
2336,0.1800433638078425,0.08557095028453326,0.010062304269339576,0.007312601561383441,8.565197162635485e-18,1.214306433183765e-17,0,0
2337,0.1989912684453558,0.09159644452742419,0.010033011491578656,0.007234329126014356,-1.3444106938820255e-17,1.1275702593849246e-17,0,0
2338,0.2180024800839189,0.09754948521936498,0.010078150293458736,0.0072229527907978165,-9.974659986866641e-18,-9.540979117872439e-18,0,0
2339,0.2369783267618007,0.1037208837740464,0.0101776224565181,0.007283694896453162,-1.3444106938820255e-17,-9.974659986866641e-18,0,0
2340,0.8385991412986603,0.3537676513787457,0.02137809401640907,0.018028284448973485,-9.974659986866641e-18,-3.2526065174565133e-18,0,0
2341,0.9758668694932677,0.4166316557995286,0.02445403439378662,0.02113825611834437,-1.0625181290357943e-17,1.5612511283791264e-17,0,0
2342,1.0,0.4199999999989167,0.025,0.02130605226931543,0.004585061155958859,-6.938893903907228e-18,2,0
2343,0.5492703008499721,0.2416675024480806,0.015137489959368231,0.01276996952326323,1.0625181290357943e-17,-1.734723475976807e-18,0,0
2344,0.5682733322158243,0.2478162212423195,0.015531341178500309,0.013037092519256336,-2.1033522146218786e-17,-2.211772431870429e-17,0,0
2345,0.5872891985536461,0.2539638936754856,0.015928838575471383,0.013307367346859429,2.5370330836160804e-17,1.3010426069826053e-18,0,0
2346,0.6062962873308414,0.2601538758601941,0.016329140984116863,0.013582794072162953,-2.0599841277224584e-18,8.239936510889834e-18,0,0
2347,0.6253042162754332,0.2663426812031072,0.016732240475850035,0.013860860023279735,6.830473686658678e-18,2.6454533008646308e-17,0,0
2348,0.6443177441681814,0.272516305957969,0.01713800243899195,0.014140630928108057,-4.0766001685454967e-17,-5.637851296924623e-18,0,0
2349,0.6633284648939719,0.2786986841662692,0.017545987333479514,0.014423171080874158,2.8080836267374565e-17,-4.7704895589362195e-18,0,0
2350,0.6823366344757218,0.2848835054647766,0.017956004639461523,0.014707998363715854,1.1492543028346347e-17,-1.734723475976807e-18,0,0
2351,0.701348030825081,0.2910636859656046,0.01836800503144007,0.014994605657104917,-1.235990476633475e-17,-1.431146867680866e-17,0,0
2352,0.7203593934395462,0.2972484173045995,0.018781743598769093,0.015283348443372018,-1.951563910473908e-18,8.673617379884035e-19,0,0
2353,0.7393714772400813,0.3034341722356311,0.019197091751161403,0.015573945671716053,-7.26415455565288e-18,8.673617379884035e-18,0,0
2354,0.7583532337479735,0.3095620233891289,0.0196132702765019,0.01586335542593289,1.1926223897340549e-17,-1.734723475976807e-18,0,0
2355,0.3551091219091851,0.1603443405965218,0.011515096956324722,0.00932615881909651,-1.973247953923618e-17,7.806255641895632e-18,0,0
2356,0.255962176784376,0.1098973361355868,0.010325709251775997,0.007387034165293722,1.4203048459560108e-17,-9.540979117872439e-18,0,0
2357,0.777378465053229,0.3156962666378479,0.020031742624260534,0.016154685998289505,-2.6020852139652106e-17,2.211772431870429e-17,0,0
2358,0.1124814947383463,0.03316886478028849,0.012721273263897818,0.005289557518200123,1.3552527156068805e-17,-1.1275702593849246e-17,0,0
2359,0.1382288996084491,0.05359557060722273,0.011078520032973807,0.006183804768534565,2.992397996059992e-17,7.806255641895632e-18,0,0
2360,0.7964185775379138,0.3218370376649172,0.020451772608697006,0.016447916829342595,1.6263032587282567e-18,3.5561831257524545e-17,0,0
2361,0.8154257703505322,0.3280417285935823,0.020872169735007277,0.016745937696612728,1.8431436932253575e-17,1.9949319973733282e-17,0,0
2362,0.8344482708514123,0.334206350317955,0.0212939792995674,0.01704339501509166,-3.404394821604484e-17,3.0357660829594124e-18,0,0
2363,0.8576147577544013,0.3599535574132291,0.02180192869004693,0.018327963438614925,1.431146867680866e-17,-3.491130995403324e-17,0,0
2364,0.8766305699583118,0.3661395498755639,0.022226628405290615,0.018629102838307928,2.2551405187698492e-17,1.3010426069826053e-18,0,0
2365,0.895646335017567,0.3723259127926515,0.022652133136510048,0.01893168961312727,-1.6263032587282567e-17,8.239936510889834e-18,0,0
2366,0.91467504296214,0.378524415419896,0.023078680196640822,0.01923629930455064,1.0408340855860843e-17,-3.469446951953614e-18,0,0
2367,0.933641763732339,0.3847675992227731,0.023504565172271723,0.01954455073277739,-5.421010862427522e-18,-6.938893903907228e-18,0,0
2368,0.9520442324756362,0.3910402271453797,0.023918409947731603,0.019855743917252033,3.686287386450715e-18,6.938893903907228e-18,0,0
2369,0.9697976537810034,0.3987342458187346,0.024318123423366714,0.020239770797488666,2.45029690981724e-17,-1.431146867680866e-17,0,0
2370,0.3741115409195409,0.1665256562846524,0.011831762121462553,0.009536802791887369,1.962405932198763e-17,-1.2576745200831851e-17,0,0
2371,0.393112882853059,0.1727052927123336,0.012160611261743696,0.009757900677113303,-7.806255641895632e-18,-2.3852447794681098e-17,0,0
2372,0.4121191567267229,0.1788870489376665,0.012500183126073481,0.00998806027826515,2.6020852139652106e-17,-1.3010426069826053e-17,0,0
2373,0.4311270318575493,0.1850694832870193,0.012849107300882248,0.010225961891686074,-1.1492543028346347e-17,-4.336808689942018e-18,0,0
2374,0.4501324636758239,0.1912524522363236,0.013206189299705596,0.010470590193284926,-1.0299920638612292e-17,2.1250362580715887e-17,0,0
2375,0.4691369940738679,0.1974333285441654,0.01357051151684096,0.010720953113160292,-4.336808689942018e-18,-1.3444106938820255e-17,0,0
2376,0.4881399726542701,0.2036130530229262,0.013941241059501829,0.01097640621596225,2.4936649967166602e-18,5.637851296924623e-18,0,0
2377,0.5071450775757513,0.2097929939387352,0.01431774583274343,0.01123642419749809,-7.37257477290143e-18,-2.1250362580715887e-17,0,0
2378,0.5261521915373253,0.2159767431461191,0.014699406699593728,0.011500702831614515,-8.673617379884035e-18,1.3877787807814457e-17,0,0
2379,0.2749536298316023,0.1160770147409976,0.01051321397180055,0.007520490286560858,-4.119968255444917e-18,8.673617379884035e-19,0,0
2380,0.2939515691145177,0.1222530139510492,0.01073242011394896,0.007678046980291397,-1.8756697583999227e-17,1.2576745200831851e-17,0,0
2381,0.3129574526434957,0.1284163162469724,0.01097847602529569,0.007855643680149585,5.5294310796760726e-18,1.8648277366750676e-17,0,0
2382,0.3319602457634125,0.134600047774591,0.011247021664798488,0.008051307375836772,2.8189256484623115e-18,1.431146867680866e-17,0,0
2383,0.3509591411042528,0.1407967762147206,0.011534610878188278,0.00826117880756019,-2.1358782797964437e-17,-1.6479873021779667e-17,0,0
2384,0.5451456517611905,0.2221458063705695,0.015085396259886875,0.01176790537028697,1.1926223897340549e-17,5.204170427930421e-18,0,0
2385,0.09807852805189025,0.01950903214346056,0.01437978728801405,0.004102362180303068,-3.122502256758253e-17,2.3418766925686896e-17,0,0
2386,0.134835638768867,0.03550935295652233,0.011748935321690593,0.004423046346460932,6.7220534694101275e-18,-6.5052130349130266e-18,0,0
2387,0.1569861662483983,0.06002064742244641,0.010676535856071591,0.006012928709955538,1.951563910473908e-18,3.0357660829594124e-18,0,0
2388,0.1759355971318592,0.06619910513594258,0.010435715573583068,0.005940857563734316,-5.854691731421724e-18,3.0357660829594124e-18,0,0
2389,0.1948090357556311,0.07220397912913937,0.010320508516071953,0.005931288733073427,5.421010862427522e-18,8.673617379884035e-18,0,0
2390,0.2138128792646747,0.07814298992371682,0.010298930011152625,0.00596992430096598,-2.1250362580715887e-17,6.938893903907228e-18,0,0
2391,0.23283193671575,0.08420045626813029,0.010349117192463926,0.0060623023895208395,6.071532165918825e-18,3.469446951953614e-18,0,0
2392,0.2518141950164263,0.09037004291421548,0.010455593430168024,0.006202048338332049,-6.505213034913027e-19,1.1275702593849246e-17,0,0
2393,0.853463843016673,0.3403926357131855,0.021716596883027132,0.017343391720248496,3.903127820947816e-18,7.48099499014998e-18,0,0
2394,0.9856872581226777,0.4049636127160746,0.024676629024063597,0.020551462751257018,-1.3010426069826053e-17,1.3010426069826053e-17,0,0
2395,0.5641324774255664,0.2283043155860014,0.015475376067986766,0.012037872941456673,-2.0816681711721685e-17,4.2500725161431774e-17,0,0
2396,0.5831165648509726,0.2344806449545094,0.015868971975658206,0.012311762601358942,-3.686287386450715e-18,2.6020852139652106e-18,0,0
2397,0.6021251270606043,0.2406650424765548,0.016266424006777292,0.012588744226235996,-2.4069288229178198e-17,-4.336808689942018e-19,0,0
2398,0.6211394005410978,0.2468432772634564,0.016667035479070978,0.012867913400834211,8.023096076392733e-18,2.6020852139652106e-18,0,0
2399,0.6401613472944114,0.2529873990307239,0.01707059564648565,0.013147644413879635,6.5052130349130266e-18,-3.469446951953614e-18,0,0
2400,0.6591795523630771,0.259142541851583,0.017476546863122833,0.01343011854799113,5.854691731421724e-18,-1.431146867680866e-17,0,0
2401,0.67818480842379,0.265335343490585,0.01788443732120337,0.01371656048207959,2.4936649967166602e-17,1.3010426069826053e-17,0,0
2402,0.6971932096892395,0.2715224424374208,0.01829446097470281,0.014004596577514612,-7.589415207398531e-19,-6.938893903907228e-18,0,0
2403,0.7162099179032916,0.2776910505222223,0.018706558999622563,0.014293464655032454,1.0842021724855044e-18,-4.336808689942018e-19,0,0
2404,0.7352221804334891,0.2838762405572857,0.01912025714138647,0.014584880238246641,-1.0408340855860843e-17,5.204170427930421e-18,0,0
2405,0.7542291444662889,0.2900556747823363,0.019535407641896724,0.014877627608349446,-2.168404344971009e-19,-4.336808689942018e-18,0,0
2406,0.7732191015901597,0.2961962029349413,0.019951636265600873,0.015169967302845679,2.3635607360183997e-17,-2.7321894746634712e-17,0,0
2407,0.3699627095340632,0.1469767664894716,0.011838718646363634,0.008481155036913487,3.859759734048396e-17,-2.1250362580715887e-17,0,0
2408,0.2708041331034992,0.09654094266629189,0.010610374576857838,0.006363877931652318,7.589415207398531e-18,-1.3010426069826053e-18,0,0
2409,0.7922457581408355,0.3023577320477242,0.02036997522242525,0.015464833290644762,-8.673617379884035e-19,-2.168404344971009e-17,0,0
2410,0.1125980890520034,0.01431945732233675,0.013382474348634007,0.002388803744146377,-8.456776945386935e-18,8.673617379884035e-19,0,0
2411,0.1299999999999428,0.01732050807565262,0.012325014956105962,0.002339185595659983,-6.7220534694101275e-18,-2.3418766925686896e-17,0,0
2412,0.1537442633279108,0.0402445896820425,0.011178540661024724,0.0042742350704388435,1.1058862159352145e-17,6.613633252161577e-18,0,0
2413,0.811257706564738,0.3085271857172369,0.02078918784828843,0.015761563085709664,-1.8756697583999227e-17,-1.6479873021779667e-17,0,0
2414,0.8302802473711548,0.3146800589142575,0.02120975308632113,0.016058855474176837,3.0574501264091225e-17,-3.469446951953614e-18,0,0
2415,0.8493118198928006,0.320833758472631,0.021631541443854783,0.01635756311624844,-1.8865117801247777e-17,-4.336808689942018e-19,0,0
2416,0.8724799783238023,0.346578122879022,0.0221401318950306,0.017644757107309537,-4.336808689942018e-19,-3.3610267347050637e-18,0,0
2417,0.8914961072730605,0.3527642833800811,0.022564510720446074,0.017947542346280012,-2.3310346708438345e-17,1.431146867680866e-17,0,0
2418,0.9105123059798765,0.3589522513443999,0.022989681135808366,0.018251788491942724,3.71881345162528e-17,-1.0408340855860843e-17,0,0
2419,0.9296032089674526,0.3652052080918896,0.023417247976120284,0.018560670797653715,-3.447762908503904e-17,9.974659986866641e-18,0,0
2420,0.9482960875502442,0.371664156336075,0.023836596821967437,0.01888131884161631,-1.5720931501039814e-17,1.1275702593849246e-17,0,0
2421,0.9660219397156778,0.3799710003094731,0.024234665516376392,0.01929639942538431,5.204170427930421e-18,-6.071532165918825e-18,0,0
2422,0.9827717673391168,0.3894521619642178,0.024611475131582978,0.019771756931171447,9.974659986866641e-18,4.336808689942018e-18,0,0
2423,1.0,0.3999999999989749,0.025,0.020301375957284075,0.004583415001451244,-9.540979117872439e-18,2,0
2424,0.3889673617028928,0.1531569382215205,0.012156879540795132,0.008710487510165652,-9.324138683375338e-18,1.9949319973733282e-17,0,0
2425,0.4079735834605891,0.1593380322595681,0.012487198842103036,0.008947826486587611,-9.64939933512099e-18,8.239936510889834e-18,0,0
2426,0.4269788086802889,0.1655194882807082,0.01282804992468783,0.009192036172431016,4.7704895589362195e-18,8.239936510889834e-18,0,0
2427,0.4459859141651473,0.1717022640520407,0.013178157592258143,0.009442249110521344,-1.951563910473908e-17,-6.071532165918825e-18,0,0
2428,0.4649918203644754,0.1778859932381372,0.013536341836563272,0.009697715367818808,2.656295322589486e-17,1.951563910473908e-17,0,0
2429,0.4839950655663917,0.1840648731198764,0.01390163605586544,0.009957524143400183,-1.7564075194265172e-17,-4.7704895589362195e-18,0,0
2430,0.5029962890017448,0.1902413984214189,0.014273234228550164,0.01022129523330076,1.0842021724855044e-19,-7.37257477290143e-18,0,0
2431,0.5220037159652227,0.1964235730717765,0.014650587584324644,0.010488986771658933,4.3042826247674526e-17,-1.0842021724855044e-17,0,0
2432,0.5410121986546113,0.2026074472074385,0.015032994388515918,0.01076004012056011,1.214306433183765e-17,-2.862293735361732e-17,0,0
2433,0.2898006238261772,0.102713634617127,0.010803606695342263,0.0065435403678092,-6.071532165918825e-18,-6.5052130349130266e-18,0,0
2434,0.3088018246023626,0.1088872085635371,0.01102813044050254,0.006741318334469882,6.7220534694101275e-18,1.734723475976807e-18,0,0
2435,0.3278046294826851,0.1150663736665235,0.011279161299075652,0.0069536564036262235,3.2526065174565133e-18,-1.734723475976807e-17,0,0
2436,0.3468082522184203,0.1212482478496345,0.011552311639815903,0.007176983181625358,2.6020852139652106e-18,9.107298248878237e-18,0,0
2437,0.3658135209624804,0.1274278909891494,0.011844082233743683,0.007409182116622185,2.688821387764051e-17,9.974659986866641e-18,0,0
2438,0.5600099118842345,0.2087803095415791,0.015419698580116863,0.011033512479484451,-2.47198095326695e-17,-2.7755575615628914e-17,0,0
2439,0.1,0.0,0.014687104206566323,0.0,-1.237345729349082e-17,-0.0058026488942278685,0,3
2440,0.1502029946801069,0.01774880432028964,0.011605909731928389,0.0019921897058541335,7.806255641895632e-18,-1.9949319973733282e-17,0,0
2441,0.1718358567752797,0.04676994154775758,0.010808342417240284,0.004415242822225036,3.0357660829594124e-18,3.469446951953614e-18,0,0
2442,0.1907837915514234,0.05290730309769526,0.010597355064906885,0.004521143153913096,-3.686287386450715e-18,-1.3444106938820255e-17,0,0
2443,0.2096557780854281,0.05913633106089627,0.01050352999139286,0.004660510678399325,1.1709383462843448e-17,1.3444106938820255e-17,0,0
2444,0.2296286530487593,0.064889529843581,0.010510111144288426,0.004773884223890463,2.3852447794681098e-17,-6.071532165918825e-18,0,0
2445,0.2476620539188817,0.07084723640980092,0.0105784888677116,0.004963613100536864,-2.190088388420719e-17,-7.37257477290143e-18,0,0
2446,0.2665759211711063,0.07828286971910758,0.010690167497234664,0.0052475060948353825,-2.8189256484623115e-18,-6.071532165918825e-18,0,0
2447,0.8683290899789606,0.3270163738175306,0.022053946138089812,0.01665909687087895,2.3418766925686896e-17,1.3444106938820255e-17,0,0
2448,0.5790128198304261,0.2149602698387547,0.01581054012994071,0.0113100420247683,2.45029690981724e-17,-2.1250362580715887e-17,0,0
2449,0.5980178212330538,0.2211425780546279,0.01620505884381885,0.011589162126116635,-1.984089975648473e-17,-6.938893903907228e-18,0,0
2450,0.6170277627432597,0.2273259697783027,0.016602962202431078,0.011870607883176329,1.2576745200831851e-17,1.3010426069826053e-18,0,0
2451,0.6360140989796073,0.2334786176071739,0.017003356606628713,0.012152628633663435,-4.336808689942018e-18,3.469446951953614e-18,0,0
2452,0.6550035075801744,0.2396673134532864,0.017406453956769243,0.012438465357387246,7.589415207398531e-19,7.37257477290143e-18,0,0
2453,0.6740143996188126,0.2458531490123246,0.017812449412620723,0.012725961033297465,-1.7997756063259374e-17,6.071532165918825e-18,0,0
2454,0.693030585059671,0.2520218941215072,0.018220783974959357,0.013014315022146658,3.686287386450715e-18,3.0357660829594124e-17,0,0
2455,0.7120539676993249,0.2581655541043893,0.01863130282366785,0.013303030634948912,-7.914675859144182e-18,2.6020852139652106e-18,0,0
2456,0.7310727399660903,0.2643181442847686,0.01904353901886018,0.013593782721612865,1.3010426069826053e-17,-9.974659986866641e-18,0,0
2457,0.7500854943301294,0.2705036468844224,0.019457285000459058,0.013887725291871801,2.2768245622195593e-18,-1.5612511283791264e-17,0,0
2458,0.7690868654226417,0.2766752093479959,0.019872311477295443,0.014182415064644495,-2.3852447794681098e-18,1.431146867680866e-17,0,0
2459,0.7880994869729584,0.2828535368073147,0.02028897214277658,0.014478835548295094,-1.214306433183765e-17,2.6020852139652106e-17,0,0
2460,0.3848178164316965,0.1336087662754543,0.012151673578312596,0.007649074057902303,-2.862293735361732e-17,1.3877787807814457e-17,0,0
2461,0.2858573820235683,0.08341090419850967,0.010868173092642779,0.005386628027779812,7.047314121155779e-18,-9.107298248878237e-18,0,0
2462,0.8071044691449069,0.2890150280911473,0.020706747684885177,0.014775765787688196,9.974659986866641e-18,-2.6020852139652106e-18,0,0
2463,0.1199999999999637,0.0,0.013118629532873769,0.0,1.485356976305141e-17,-0.00914092714269903,0,3
2464,0.1399999999999219,0.0,0.012109605811870962,0.0,7.37257477290143e-18,-0.0083378910521392,0,3
2465,0.1703760238863638,0.02782322123801628,0.01106055178482021,0.002706185527714125,1.3010426069826053e-18,-2.829090043829363e-17,0,0
2466,0.8261310710843424,0.2951494101481765,0.021126182473233366,0.015072636020025518,3.2526065174565133e-18,-4.336808689942018e-18,0,0
2467,0.8451546174812777,0.3012889174341802,0.021546618968480074,0.015371075318490288,-1.0299920638612292e-17,8.673617379884035e-19,0,0
2468,0.8641781924029855,0.3074544977693156,0.0219680345345643,0.015672122809838637,4.9873299934333204e-18,7.806255641895632e-18,0,0
2469,0.8873452866296702,0.3332025089261583,0.022477205679290898,0.0169621439420284,-1.214306433183765e-17,-1.0625181290357943e-17,0,0
2470,0.9063603718351663,0.3393901860696103,0.022901261645337567,0.017266591617921562,9.324138683375338e-18,-3.469446951953614e-18,0,0
2471,0.9255023854114921,0.3455989912111693,0.023328931429361138,0.017573379394723882,-4.0115480381963664e-18,9.974659986866641e-18,0,0
2472,0.9450918343901017,0.3518225688101583,0.023767338152764866,0.017882195284828664,-1.2034644114589099e-17,-3.165870343657673e-17,0,0
2473,0.9637493303616017,0.3600457376956596,0.02418541312309326,0.018293179930189793,2.8189256484623115e-18,2.6020852139652106e-18,0,0
2474,0.9813628962129213,0.3697473022613184,0.024580723279067282,0.01878001787549859,8.456776945386935e-18,-7.806255641895632e-18,0,0
2475,1.0,0.3799999999990332,0.025,0.019295438257657012,0.004582099468917659,8.239936510889834e-18,2,0
2476,0.4038236394486592,0.1397900258039325,0.012472896276939682,0.007895522909406929,-1.1926223897340549e-17,-2.6020852139652106e-18,0,0
2477,0.4228312146073653,0.1459695586073176,0.0128059189372789,0.008147527562100456,2.1141942363467336e-17,-6.071532165918825e-18,0,0
2478,0.4418384468126089,0.1521510948071731,0.013149156798183927,0.008404584343779437,-2.47198095326695e-17,-6.071532165918825e-18,0,0
2479,0.4608469136001381,0.1583350724628831,0.013501348176351296,0.008666110106359839,0.0,4.7704895589362195e-18,0,0
2480,0.4798501561155086,0.1645181270161036,0.013861294342272656,0.008931475989518493,2.0166160408230382e-17,-4.7704895589362195e-18,0,0
2481,0.4988535409402212,0.1706966119195393,0.01422819187536397,0.00920006446191283,-1.0625181290357943e-17,3.0357660829594124e-18,0,0
2482,0.5178563113455363,0.1768721995716434,0.014601232603252527,0.009471606698193188,-8.890457814381136e-18,9.974659986866641e-18,0,0
2483,0.5368632460230963,0.1830530604317834,0.014979818091367149,0.009746222135510858,-5.204170427930421e-18,2.8189256484623115e-17,0,0
2484,0.5558729695242325,0.1892373951761449,0.015363337551364,0.010023569414590941,-9.974659986866641e-18,2.992397996059992e-17,0,0
2485,0.3046788816453545,0.0893809066823248,0.011072030697305175,0.005598843743684168,-1.951563910473908e-18,-4.336808689942018e-18,0,0
2486,0.3236519317211406,0.09552036767252098,0.011306547695012213,0.005831181665994671,-6.288372600415926e-18,2.6020852139652106e-18,0,0
2487,0.3426564869372009,0.1017006721129329,0.011566026570259588,0.006072681852191833,8.673617379884035e-18,6.071532165918825e-18,0,0
2488,0.3616634639325867,0.1078778238878278,0.011846198378283003,0.006319990347255387,3.2526065174565133e-18,-9.974659986866641e-18,0,0
2489,0.380670765311388,0.1140587056951505,0.012143776717088727,0.006572835996967774,-2.461138931542095e-17,-9.107298248878237e-18,0,0
2490,0.5748833160401268,0.1954223610518477,0.01575123924403357,0.01030328986169274,2.168404344971009e-18,-4.336808689942018e-18,0,0
2491,0.1599999999998912,0.0,0.011491528995392625,0.0,-9.75781955236954e-19,-0.007715026444916656,0,3
2492,0.1699999999998724,0.01192962377076415,0.011218750664131699,0.0011654648474599505,9.75781955236954e-18,-8.673617379884035e-19,0,0
2493,0.1872845196755813,0.03441305198328348,0.010814737112844641,0.0030459555516580243,2.1033522146218786e-17,-4.336808689942018e-19,0,0
2494,0.205148586049694,0.04149008796455542,0.010664820094639904,0.0033697361444808816,9.595189226496714e-18,-1.9081958235744878e-17,0,0
2495,0.2239713822180504,0.04586673207603938,0.010634798599053136,0.003471643841665764,7.48099499014998e-18,-1.691355389077387e-17,0,0
2496,0.2486337481407062,0.05154524979450791,0.010705514718781914,0.0036290759602387755,-6.288372600415926e-18,5.637851296924623e-18,0,0
2497,0.2611272353195028,0.06339520662216178,0.010727726130840888,0.004322892249933999,2.4069288229178198e-17,-8.239936510889834e-18,0,0
2498,0.2797299142125366,0.06571469110458539,0.010889687372757568,0.004314989353024661,-1.802486111757151e-17,1.474514954580286e-17,0,0
2499,0.8831945697320079,0.3136406577965455,0.02239019726232223,0.015975489655888044,1.474514954580286e-17,9.107298248878237e-18,0,0
2500,0.5938940177885788,0.2016074134622496,0.016143071051920893,0.010585170923136239,-1.8865117801247777e-17,1.2576745200831851e-17,0,0
2501,0.6129006915148223,0.2077892950279115,0.016538349911396938,0.010868894072762779,4.336808689942018e-18,-1.2576745200831851e-17,0,0
2502,0.6318996286162579,0.213961848437583,0.016936654177852464,0.011154012126612288,-1.0625181290357943e-17,-5.637851296924623e-18,0,0
2503,0.6509090952124919,0.2201474904012361,0.017338039535894995,0.011441531295136066,-2.3852447794681098e-18,7.806255641895632e-18,0,0
2504,0.6699081258928803,0.2263257098450854,0.017741805459013826,0.011730327185332913,1.2902005852577503e-17,3.0357660829594124e-18,0,0
2505,0.688916311975079,0.2325053207789679,0.018148122001076964,0.012020738618527604,-7.26415455565288e-18,-2.7755575615628914e-17,0,0
2506,0.707913968242546,0.2386510155096471,0.0185563726910365,0.01231091192939371,2.927345865710862e-17,0.0,0,0
2507,0.726924417611826,0.2447652300270302,0.018966861784551342,0.012600886222470286,-1.0842021724855044e-18,-1.431146867680866e-17,0,0
2508,0.7459359285772077,0.2509449978128349,0.01937909066458245,0.012895579865804419,-2.6020852139652106e-18,-4.7704895589362195e-18,0,0
2509,0.7649495130964636,0.2571307602600225,0.019792972009953412,0.0131919005832288,6.7220534694101275e-18,-1.734723475976807e-18,0,0
2510,0.7839634696482041,0.263316991308564,0.020208331290152235,0.01348953066583314,-2.168404344971009e-19,-2.3418766925686896e-17,0,0
2511,0.8029778005328648,0.2695033104562156,0.020625041877710557,0.013788421336759355,1.452830911130576e-17,3.469446951953614e-18,0,0
2512,0.3996750096247194,0.1202397161465662,0.01245627929237676,0.006830394737147097,1.0191500421363742e-17,1.3010426069826053e-18,0,0
2513,0.3004782870222493,0.06977813866222946,0.011106372822394345,0.004420782065761345,2.5153490401663703e-17,2.6020852139652106e-18,0,0
2514,0.8219752804926252,0.2756417807497413,0.02104262980011909,0.014086129709934904,-3.599551212651875e-17,1.3877787807814457e-17,0,0
2515,0.1886559691211861,0.01622480444274578,0.010929852382624847,0.0014347906782857646,-8.673617379884035e-19,-8.239936510889834e-18,0,0
2516,0.8410141054513527,0.2817434899824955,0.02146227003214085,0.014383167128452959,1.496198998029996e-17,2.7755575615628914e-17,0,0
2517,0.8600304928494757,0.2878963639122926,0.02188242143944054,0.014684025594187139,-1.235990476633475e-17,-2.949029909160572e-17,0,0
2518,0.879043698019753,0.2940788774824255,0.022303441635919682,0.014987589218592185,1.0625181290357943e-17,4.336808689942018e-18,0,0
2519,0.9022110986641222,0.3198275740310421,0.022813210542917902,0.01628016156531233,-2.949029909160572e-17,-2.2659825404947043e-17,0,0
2520,0.9212176454528685,0.326017050355094,0.02323678902049739,0.01658623433361647,-1.0083080204115191e-17,1.9949319973733282e-17,0,0
2521,0.9402289458434872,0.3322066825958637,0.023661222848798985,0.016893572224340007,7.15573433840433e-18,3.469446951953614e-17,0,0
2522,0.9634492873081564,0.3387225035217837,0.024180656490619862,0.01721796736844622,-4.7704895589362195e-18,1.1709383462843448e-17,0,0
2523,0.9813216956749403,0.3502297436942868,0.024580768189602673,0.017796453132020752,1.8865117801247777e-17,6.938893903907228e-18,0,0
2524,1.0,0.3599999999990915,0.025,0.018288185330648382,0.004580498616507546,-4.7704895589362195e-18,2,0
2525,0.4186840455646266,0.1264196245223807,0.012781780211072449,0.007091991847939933,1.3227266504323154e-17,9.974659986866641e-18,0,0
2526,0.4376901127492254,0.132598278335258,0.013118413737409773,0.007357198658736322,-1.7997756063259374e-17,1.1709383462843448e-17,0,0
2527,0.456698922022824,0.1387810574979637,0.013464809101181922,0.0076258702517666525,1.474514954580286e-17,-3.0357660829594124e-17,0,0
2528,0.4757072924291189,0.1449661298750758,0.013819709704470296,0.007897641463022784,1.0950441942103595e-17,-3.209238430557093e-17,0,0
2529,0.4947029038303518,0.1511475364420261,0.014181881459138871,0.008171975551433383,-2.7972416050126014e-17,3.903127820947816e-18,0,0
2530,0.5137061806748053,0.1573200946175424,0.01455085969237498,0.008448262559023602,1.7672495411513722e-17,-1.734723475976807e-18,0,0
2531,0.5327132752198664,0.1634977324108315,0.014925791472589775,0.008727044422641664,1.22514845490862e-17,3.903127820947816e-18,0,0
2532,0.5517236117649406,0.1696818051170569,0.015306020185191626,0.009008221627066104,-2.5153490401663703e-17,-1.734723475976807e-18,0,0
2533,0.570734111247218,0.1758661886507891,0.015690935513696564,0.00929132925189165,1.7780915628762273e-17,6.938893903907228e-18,0,0
2534,0.3194832406766296,0.07597518638002473,0.011326375106782624,0.004684153475549541,-1.431146867680866e-17,-8.673617379884035e-18,0,0
2535,0.3384960865421111,0.08216220778673813,0.011573541444658976,0.004948274301748399,1.6046192152785466e-17,-4.336808689942018e-19,0,0
2536,0.3575117513025178,0.08832482887985288,0.011843286072693929,0.005213108719376058,-1.2034644114589099e-17,-1.3010426069826053e-18,0,0
2537,0.3765188131979911,0.09450645113711205,0.012131710725512586,0.005481371077790873,-2.2768245622195593e-18,8.673617379884035e-18,0,0
2538,0.3955235389256038,0.1006863652551026,0.01243611076840587,0.0057520597663762866,-2.168404344971009e-18,-8.673617379884035e-19,0,0
2539,0.5897451130170708,0.1820508959710899,0.016080056352313004,0.009576233571161927,-1.8539857149502126e-17,2.6454533008646308e-17,0,0
2540,0.1799999999998534,0.0,0.011101549033766207,0.0,-1.4094628242311558e-17,-0.007120574220729049,0,3
2541,0.1999353821690695,0.026927027991097,0.010779580723268211,0.0022537205352502316,-2.3852447794681098e-18,1.1492543028346347e-17,0,0
2542,0.2178706718764317,0.02963727298443117,0.010720944125729388,0.002306979190446337,-1.83772268236293e-17,1.6479873021779667e-17,0,0
2543,0.2389648288401485,0.032588310944828,0.010745786084750323,0.002368702829141569,-4.336808689942018e-19,9.540979117872439e-18,0,0
2544,0.2711409843188162,0.04974169084282315,0.010881062745077384,0.003333536221226567,-3.3393426912553537e-17,4.336808689942018e-18,0,0
2545,0.2937702304005888,0.04961991264968636,0.011103136842582254,0.0031925599629563746,3.155028321932818e-17,-1.1709383462843448e-17,0,0
2546,0.8980603989177793,0.3002652155836488,0.02272541473096662,0.015292544569273718,8.239936510889834e-18,2.2442984970449942e-17,0,0
2547,0.6087556039769675,0.1882356828339105,0.016472933516744014,0.00986280958286847,3.144186300207963e-18,-2.6020852139652106e-18,0,0
2548,0.6277652842829886,0.1944190700927662,0.01686918492195327,0.0101508834233938,2.417770844642675e-17,5.204170427930421e-18,0,0
2549,0.6467827861466995,0.2006109033732904,0.01726865121270788,0.010440863108454462,-1.452830911130576e-17,-9.107298248878237e-18,0,0
2550,0.6657961210778568,0.2067972937394031,0.017670796000829218,0.01073197783664755,9.215718466126788e-18,-6.071532165918825e-18,0,0
2551,0.6848093198928683,0.2129836916852948,0.018075436118591394,0.011024440754488338,-8.239936510889834e-18,1.734723475976807e-18,0,0
2552,0.7038052420650492,0.2191422416928195,0.018481985604236136,0.01131679331405325,-8.131516293641283e-18,-3.469446951953614e-18,0,0
2553,0.722787156050438,0.225260963669328,0.018890306146193706,0.011608374927609097,3.5019730171281793e-17,4.336808689942018e-19,0,0
2554,0.7417949991533714,0.2313986531040968,0.019301035239151287,0.011902116185373634,-1.691355389077387e-17,2.6020852139652106e-18,0,0
2555,0.7607996966130404,0.2375713392709661,0.019713366160400474,0.012198837128484023,4.336808689942018e-19,1.3010426069826053e-18,0,0
2556,0.7798136765387755,0.243757168367868,0.02012743743226998,0.012497379162941311,1.5178830414797062e-18,1.3010426069826053e-18,0,0
2557,0.7988280061658097,0.249943157515074,0.020542924852017592,0.012797069952785782,-2.4936649967166602e-17,4.7704895589362195e-18,0,0
2558,0.8178337283920302,0.2561192852935729,0.02095951228079799,0.013097394463402695,-1.6588293239028218e-17,2.3852447794681098e-17,0,0
2559,0.4145270448305958,0.1068761725785798,0.012754434176477258,0.006025541310188301,-3.903127820947816e-18,0.0,0,0
2560,0.3152905332676513,0.05653575748022173,0.011337306932359755,0.0035188970244780554,-1.9081958235744878e-17,1.691355389077387e-17,0,0
2561,0.8368396993852424,0.262237095361198,0.021377300733529996,0.013395878173797242,3.176712365382528e-17,-3.0791341698588326e-17,0,0
2562,0.1999999999998319,0.0,0.010885470278187582,0.0,1.0842021724855044e-18,-0.0068971985057505,0,3
2563,0.2598047875918192,0.03421744470433703,0.010852951892033587,0.0023601801399535808,-6.505213034913027e-19,4.7704895589362195e-18,0,0
2564,0.8558738795501624,0.2683573139521479,0.021796782671344685,0.01369558957090661,1.3227266504323154e-17,-1.0408340855860843e-17,0,0
2565,0.8748932645760533,0.2745174542462845,0.022216905799924896,0.013998460602880956,-1.2793585635328952e-17,2.168404344971009e-18,0,0
2566,0.8939095817820342,0.2807032234282881,0.02263785889327041,0.01430375837746384,1.5178830414797062e-18,1.734723475976807e-18,0,0
2567,0.9170678756959557,0.3064543196103108,0.023147988404906863,0.015598850146987727,-8.239936510889834e-18,-3.707971429900425e-17,0,0
2568,0.9360474491980537,0.3126498686449122,0.02357068469168807,0.015906706004278154,-2.8189256484623115e-18,-3.469446951953614e-17,0,0
2569,0.9550574007477276,0.3188386274842137,0.02399475175277315,0.016215526966693216,-4.87890977618477e-18,-9.974659986866641e-18,0,0
2570,0.9846324620761788,0.332654408737882,0.024655754579077042,0.01690949524916206,1.745565497701662e-17,-6.071532165918825e-18,0,0
2571,1.0,0.3399999999991498,0.025,0.017279684676921845,0.004579310255831151,-4.7704895589362195e-18,2,0
2572,0.4335391745729461,0.1130454231288026,0.013085058053296047,0.0062999593948593335,5.637851296924623e-18,1.214306433183765e-17,0,0
2573,0.4525491301970888,0.1192260107420858,0.013426041084519032,0.006576901359909617,1.0083080204115191e-17,6.938893903907228e-18,0,0
2574,0.4715567071058032,0.125410378226623,0.013776084216008781,0.00685594870684174,9.974659986866641e-18,3.903127820947816e-17,0,0
2575,0.4905548768462661,0.1315946292436685,0.014133997221395942,0.007136871800506178,-2.200930410145574e-17,-3.469446951953614e-18,0,0
2576,0.5095558352644971,0.1377668780920157,0.014499078947622732,0.0074188061632029815,1.5504091066542713e-17,-1.691355389077387e-17,0,0
2577,0.5285625685390332,0.1439423507375112,0.01487053896326059,0.007702449636163738,-3.469446951953614e-18,9.107298248878237e-18,0,0
2578,0.547574217061424,0.1501256490228902,0.01524765853757842,0.00798797964694702,-8.673617379884035e-18,4.7704895589362195e-18,0,0
2579,0.5665849818877842,0.1563101086130682,0.015629733161505337,0.00827499143136146,5.421010862427522e-18,-8.239936510889834e-18,0,0
2580,0.585596037316417,0.1624944362541806,0.016016264065023888,0.008563339542663617,-1.734723475976807e-17,-1.214306433183765e-17,0,0
2581,0.3343144878673205,0.06268301425337819,0.011572959866839814,0.003806751100139278,1.951563910473908e-18,-3.903127820947816e-18,0,0
2582,0.3533586207478577,0.06876917742171923,0.011833730985083658,0.004088475565039671,-1.9081958235744878e-17,2.2551405187698492e-17,0,0
2583,0.3723679186232184,0.07495223690065464,0.012113996151658367,0.004374718631075515,7.806255641895632e-18,-6.5052130349130266e-18,0,0
2584,0.3913541381959931,0.0811792694690393,0.012410995032676729,0.004663186289259735,4.336808689942018e-18,-5.204170427930421e-18,0,0
2585,0.4103625251314371,0.08734558093161951,0.012722917794450167,0.004948372508675976,1.8431436932253575e-17,-4.336808689942018e-18,0,0
2586,0.6046074011407492,0.1686791673367383,0.01640679120720213,0.008852990684369922,2.233456475320139e-17,-2.168404344971009e-17,0,0
2587,0.2098772875520288,0.01493475725809349,0.010801677196897314,0.001203028710738127,-1.7997756063259374e-17,-9.324138683375338e-18,0,0
2588,0.2299712803241356,0.01616205068926153,0.010780043714481527,0.0012126971474462778,1.9922214919421144e-17,-2.862293735361732e-17,0,0
2589,0.2499772975019129,0.01731798110174396,0.01084192903334412,0.0012271703952245647,-1.6571352580083132e-17,-1.474514954580286e-17,0,0
2590,0.2800237121265952,0.03465683072528986,0.011012914990626831,0.0022928805833176556,1.3227266504323154e-17,-1.1926223897340549e-17,0,0
2591,0.3120235670059271,0.03712217898949299,0.011347130284801379,0.0023262266055933466,-3.686287386450715e-18,3.469446951953614e-18,0,0
2592,0.9129265319946923,0.2868897872071992,0.023059660413579507,0.014610230985713644,2.42861286636753e-17,2.2768245622195593e-17,0,0
2593,0.9720782164784172,0.3216117810107858,0.024375340924277386,0.0163531323283908,-9.75781955236954e-19,1.3010426069826053e-17,0,0
2594,0.623619770078373,0.1748648982068008,0.016800925005360096,0.009143922920184858,-5.095750210681871e-18,1.214306433183765e-17,0,0
2595,0.6426332253648119,0.1810517926771011,0.017198310583997203,0.009436096107384238,9.86623976961809e-18,1.734723475976807e-18,0,0
2596,0.6616469068233165,0.1872383484895134,0.01759861549545818,0.009729394013440376,-3.686287386450715e-18,-4.7704895589362195e-18,0,0
2597,0.6806601346685571,0.1934246018988355,0.018001543906708835,0.010023786342825575,6.288372600415926e-18,8.239936510889834e-18,0,0
2598,0.6996557698842654,0.1996050649625303,0.018406480191486305,0.010318983579026818,8.673617379884035e-19,-6.071532165918825e-18,0,0
2599,0.7186426680922529,0.2057350914197155,0.01881341411037419,0.010612661988530005,7.047314121155779e-18,2.905661822261152e-17,0,0
2600,0.7376461663930693,0.2118517809953465,0.019222667005946083,0.01090668325892675,-2.4936649967166602e-17,2.0816681711721685e-17,0,0
2601,0.7566494390854649,0.2180115469895468,0.019633661867139728,0.011203944099853867,-1.1384122811097797e-17,1.6046192152785466e-17,0,0
2602,0.7756637368129938,0.2241974117222165,0.020046498525756264,0.011503546710612027,9.974659986866641e-18,8.239936510889834e-18,0,0
2603,0.7946772071318243,0.230383047547852,0.020460788832570437,0.011804149160781504,-1.7564075194265172e-17,-4.336808689942018e-18,0,0
2604,0.813686399432256,0.2365684992349857,0.020876324747134502,0.012105755606929888,7.806255641895632e-18,-2.5587171270657905e-17,0,0
2605,0.8326987042341978,0.2427110296850267,0.021293166474270073,0.012406189843983085,8.565197162635485e-18,-5.637851296924623e-18,0,0
2606,0.4293779751642424,0.09352032548700719,0.013047997702261492,0.005234379699821116,3.2526065174565133e-19,-2.688821387764051e-17,0,0
2607,0.3299676938349474,0.04372087977772578,0.01155987148556559,0.002676162962346506,3.469446951953614e-18,-2.42861286636753e-17,0,0
2608,0.8517294127462827,0.2488052399641594,0.021711541413739908,0.012705180866594072,1.0625181290357943e-17,3.0357660829594124e-17,0,0
2609,0.2199999999997871,0.0,0.010805660667826143,0.0,1.3877787807814457e-17,-0.0066419086585436235,0,3
2610,0.2698153368628992,0.01716548324087618,0.010967068431887177,0.0011614636369647686,3.0357660829594124e-18,1.3227266504323154e-17,0,0
2611,0.2958496951181008,0.03222536702767073,0.011177307490361088,0.002073117868904517,-1.0679391398982219e-17,-5.204170427930421e-18,0,0
2612,0.8707451568096585,0.2549636731033088,0.02213057891605966,0.013008478032134991,-3.382710778154774e-17,1.214306433183765e-17,0,0
2613,0.8897585264890786,0.2611408713503697,0.022550489514641493,0.013313771835117463,1.1492543028346347e-17,4.336808689942018e-19,0,0
2614,0.9087756145195356,0.2673271811284246,0.02297133648248667,0.013620584020644968,-1.0842021724855044e-17,1.3010426069826053e-18,0,0
2615,0.9319441299482181,0.2930764218399686,0.023482241412869958,0.014917865268099196,-2.992397996059992e-17,1.3227266504323154e-17,0,0
2616,0.950675839081138,0.2993240744645076,0.02389914003329791,0.015229862560497878,2.3201926491189795e-17,3.0357660829594124e-18,0,0
2617,0.9687279978768496,0.3046524561706134,0.02430161157186084,0.015496573247599824,-2.8406096919120216e-17,-9.540979117872439e-18,0,0
2618,1.0,0.3199999999992081,0.025,0.01627009021976069,0.004577394451322577,9.974659986866641e-18,2,0
2619,0.9854087740181224,0.3115777746719661,0.02467392264651889,0.015844971037686697,3.642919299551295e-17,-4.336808689942018e-19,0,0
2620,0.4483973343659421,0.09967597718894362,0.013384295094042108,0.00551946444058506,-1.1167282376600696e-17,-6.5052130349130266e-18,0,0
2621,0.4674100596023565,0.1058532910965081,0.013729998934740454,0.00580639837211701,1.1709383462843448e-17,-3.0357660829594124e-18,0,0
2622,0.4864150984637475,0.1120371918889979,0.014084091848275398,0.00609463559446257,-8.239936510889834e-18,9.107298248878237e-18,0,0
2623,0.5054138143628666,0.1182199690501333,0.01444557794978346,0.006383566790252718,2.8189256484623115e-18,1.7780915628762273e-17,0,0
2624,0.5244134568170696,0.1243969510912033,0.014813693289294959,0.006672922099156182,-8.782037597132586e-18,-1.734723475976807e-18,0,0
2625,0.543420396484679,0.1305693816964504,0.015187815378448499,0.006962833281452935,6.830473686658678e-18,-3.469446951953614e-18,0,0
2626,0.5624347553778137,0.1367542913211255,0.015567305857821796,0.007254250043036675,-3.2526065174565133e-18,1.3010426069826053e-18,0,0
2627,0.5814463407018816,0.1429377013378573,0.01595142136276645,0.007546439352703043,1.9949319973733282e-17,-1.734723475976807e-18,0,0
2628,0.600458308227658,0.1491216366548336,0.016339736127263624,0.007839501881237243,-1.3335686721571705e-17,4.336808689942018e-19,0,0
2629,0.3490175675916572,0.0497906631752633,0.011811759840850079,0.002981500385708794,3.686287386450715e-18,1.3010426069826053e-18,0,0
2630,0.3682188801617366,0.05539537361187027,0.012089355167799331,0.003252867933183478,8.023096076392733e-18,-1.0842021724855044e-17,0,0
2631,0.3872113347180147,0.06158295012339123,0.01238032708817724,0.003556410783598568,-8.673617379884035e-19,8.239936510889834e-18,0,0
2632,0.4061406985796939,0.06800203246635586,0.0126854224580757,0.0038703276211570735,9.215718466126788e-18,-9.540979117872439e-18,0,0
2633,0.4251764804177173,0.07411714436149645,0.013005721892606585,0.004165897792735854,-5.9631119486702744e-18,1.3877787807814457e-17,0,0
2634,0.6194709504490555,0.1553070015289007,0.01673183013392818,0.008133487118493507,-3.65376132127615e-17,-4.7704895589362195e-18,0,0
2635,0.2399999999997272,0.0,0.01082389748129889,0.0,-3.0357660829594124e-18,-0.006466971843538788,0,3
2636,0.2599999999996782,0.0,0.010915872733479657,0.0,-6.7220534694101275e-18,-0.0063303375942001874,0,3
2637,0.2890862239577888,0.01680064291388626,0.011134967242662351,0.0010961714433381585,-6.5052130349130266e-18,1.8648277366750676e-17,0,0
2638,0.3251478714970607,0.02403480515547689,0.011532746773304858,0.0014836688683568396,-1.1275702593849246e-17,1.734723475976807e-18,0,0
2639,0.3070178929296441,0.01836383234775448,0.011320792602524016,0.0011620025099278498,9.706997575534282e-18,-1.3444106938820255e-17,0,0
2640,0.9277929426053872,0.2735136147457873,0.023392976195792423,0.013928479023325589,4.336808689942018e-18,-5.421010862427522e-18,0,0
2641,0.6384842898854046,0.1614930545848986,0.01712732704546794,0.008428351649872738,2.7538735181131813e-17,0.0,0,0
2642,0.6574979063487744,0.1676792516317039,0.017525883508959242,0.008724064738474823,-2.8189256484623115e-18,-5.637851296924623e-18,0,0
2643,0.6765113947080288,0.1738653012904487,0.017927194628168042,0.00902061237984225,-8.348356728138384e-18,4.7704895589362195e-18,0,0
2644,0.6955242605703063,0.180051487874694,0.018330985394939287,0.00931801168034681,-1.2576745200831851e-17,5.637851296924623e-18,0,0
2645,0.7144814389028553,0.1862277300292071,0.018735836312907723,0.009615800445668838,4.9873299934333204e-18,5.637851296924623e-18,0,0
2646,0.7334841171826046,0.1922655560747834,0.01914378943453166,0.009907289076406462,-7.697835424647081e-18,-1.214306433183765e-17,0,0
2647,0.7524989818589717,0.1984513506091098,0.019553769208088677,0.010207216519080258,2.721347452938616e-17,-9.974659986866641e-18,0,0
2648,0.7715137328755902,0.204637288624001,0.019965430703410617,0.010508010542244246,1.431146867680866e-17,-2.168404344971009e-17,0,0
2649,0.790528480538506,0.210823189278463,0.020378623266676863,0.01080966968340444,-9.75781955236954e-18,1.691355389077387e-17,0,0
2650,0.8095350122125271,0.2170038267508355,0.020793029163479897,0.011111944865061224,2.0599841277224584e-18,-9.540979117872439e-18,0,0
2651,0.8285478457570359,0.2231497410471502,0.0212088499208516,0.0114133411022246,1.6046192152785466e-17,3.903127820947816e-18,0,0
2652,0.8475740120117674,0.229223954128732,0.021626136553992134,0.011711995335137691,-1.7672495411513722e-17,-7.806255641895632e-18,0,0
2653,0.4442489914933537,0.08011585505929102,0.013338872341825616,0.0044528408138191505,-4.336808689942018e-18,1.3444106938820255e-17,0,0
2654,0.3434273546638564,0.03223694093290948,0.011763591228280638,0.0019460507998823738,-1.7672495411513722e-17,1.5178830414797062e-17,0,0
2655,0.8665934316682353,0.2353960788346216,0.02204428701322491,0.012016566943995943,-8.890457814381136e-18,9.107298248878237e-18,0,0
2656,0.279999999999601,0.0,0.011064256568433089,0.0,-1.0408340855860843e-17,-0.006221489180274053,0,3
2657,0.8856071815197302,0.2415783127094972,0.022463264367132724,0.012322604949825244,8.239936510889834e-18,-1.214306433183765e-17,0,0
2658,0.904624444063748,0.2477646408344547,0.022883192465101208,0.0126298223996192,-1.940721888749053e-17,1.6046192152785466e-17,0,0
2659,0.9236419184706006,0.2539509586994865,0.023303926909651346,0.012938036844483483,2.0057740190981832e-17,4.7704895589362195e-18,0,0
2660,0.9465652778191123,0.2797522258482052,0.023809861848353264,0.014240187095362447,1.734723475976807e-18,-8.023096076392733e-18,0,0
2661,0.9652441344645708,0.2857227038727766,0.024225325264212116,0.014539453527856462,-1.3986208025063007e-17,4.7704895589362195e-18,0,0
2662,0.9838879947632553,0.2919414930073901,0.024640606118881123,0.014852249074434772,1.7997756063259374e-17,-6.938893903907228e-18,0,0
2663,1.0,0.2999999999992664,0.025,0.015259299651650805,0.004575910075021599,-4.7704895589362195e-18,2,0
2664,0.4632586751656652,0.08629495761996714,0.01368061942901796,0.004749003951566298,-1.5395670849294163e-17,-1.3010426069826053e-18,0,0
2665,0.4822709862155206,0.09247933423195046,0.014031328333419347,0.005045545580590447,1.0842021724855044e-18,2.211772431870429e-17,0,0
2666,0.5012808538970102,0.09866509826465047,0.014389895642953149,0.005341825005551035,1.2576745200831851e-17,-1.431146867680866e-17,0,0
2667,0.5202640328230369,0.1048500141703217,0.014754817749416256,0.005637886572039881,-5.637851296924623e-18,-2.42861286636753e-17,0,0
2668,0.5392677455632053,0.1110199161115054,0.015126239724574676,0.005933148828089229,-5.312590645178972e-18,2.1250362580715887e-17,0,0
2669,0.5582819057876658,0.117197423648054,0.015503311490187825,0.0062290459619585795,9.215718466126788e-18,-9.974659986866641e-18,0,0
2670,0.5772935308745368,0.1233790605349891,0.01588520561643924,0.006525456875552935,8.673617379884035e-18,4.336808689942018e-19,0,0
2671,0.5963072031871129,0.1295635267895652,0.01627150426706763,0.006822369583439343,-1.2793585635328952e-17,1.691355389077387e-17,0,0
2672,0.6153211464426751,0.1357482178435495,0.01666173275123793,0.007119721467056155,6.505213034913027e-19,0.0,0,0
2673,0.3640674209689546,0.03583639873667466,0.012056109693621486,0.002116718175673376,2.2551405187698492e-17,1.5395670849294163e-17,0,0
2674,0.3836441999749057,0.04343577276435166,0.012349144212640436,0.002519558486122929,-8.944667923005412e-18,1.1275702593849246e-17,0,0
2675,0.4023602749592446,0.04887376393579207,0.01264846067809114,0.0027927829607415564,7.15573433840433e-18,1.734723475976807e-18,0,0
2676,0.4206548085250001,0.05569305889176,0.012952405663453802,0.003143222100813618,-1.8648277366750676e-17,-8.673617379884035e-18,0,0
2677,0.4397673553570126,0.06169380689848384,0.013281541555836248,0.0034418483077215444,1.429791614965259e-18,-7.806255641895632e-18,0,0
2678,0.6343346240309269,0.1419337892959167,0.017055482737664163,0.0074175883891168274,3.686287386450715e-18,-1.3010426069826053e-18,0,0
2679,0.2999999999995319,0.0,0.011255962850184155,0.0,2.0816681711721685e-17,-0.0061250891886195,0,3
2680,0.3362965523141713,0.01368519190173918,0.011683404018074786,0.0008336229302320247,-1.1926223897340549e-17,-1.0191500421363742e-17,0,0
2681,0.3199999999994552,0.0,0.011482691645984934,0.0,-3.469446951953614e-18,-0.006047443236118162,0,3
2682,0.9426185181344549,0.2601461019774673,0.023724491516053683,0.013247719104963813,-9.540979117872439e-18,-8.239936510889834e-18,0,0
2683,0.653348603846196,0.1481196938266277,0.01745242075435919,0.007715977487228991,9.107298248878237e-18,9.974659986866641e-18,0,0
2684,0.6723628423091579,0.1543059764254344,0.01785223077072502,0.008014931630044827,-1.8865117801247777e-17,-5.204170427930421e-18,0,0
2685,0.6913619159832172,0.1604929381545372,0.018254309101395846,0.008314518189917904,1.691355389077387e-17,5.204170427930421e-18,0,0
2686,0.7103439656771025,0.1666602050168269,0.018658377200898794,0.008613713498636945,-1.734723475976807e-18,-2.47198095326695e-17,0,0
2687,0.729332032414159,0.1727681926189348,0.019064723538903358,0.008910492422859498,9.75781955236954e-19,1.3877787807814457e-17,0,0
2688,0.7483486128042267,0.17889094716389,0.01947359510486727,0.009208670725255746,1.8973538018496328e-17,1.3010426069826053e-17,0,0
2689,0.7673576118565388,0.1850995286061078,0.019884002134377684,0.00951194640483327,-1.6046192152785466e-17,2.47198095326695e-17,0,0
2690,0.7863784915637264,0.1912625947536796,0.02029627480057605,0.009813593667575296,-1.0950441942103595e-17,-2.3418766925686896e-17,0,0
2691,0.8053937303626172,0.1974486820397894,0.02070985332054007,0.010117158274809418,8.239936510889834e-18,-6.071532165918825e-18,0,0
2692,0.8243963614604324,0.2035982976073293,0.021124474084951383,0.010419631115671606,-1.0516761073109393e-17,2.47198095326695e-17,0,0
2693,0.8434311277158866,0.2096885567385386,0.021541001285671917,0.010719855943051377,-9.86623976961809e-18,2.0816681711721685e-17,0,0
2694,0.862443067752189,0.2158347488502226,0.021958081099168077,0.011023762332223394,1.8431436932253575e-18,-9.540979117872439e-18,0,0
2695,0.4591359435484424,0.06676759315112718,0.01362794253891863,0.003685559594262052,-1.3877787807814457e-17,9.540979117872439e-18,0,0
2696,0.3508678444614715,0.01706161090746967,0.011881226630273203,0.0010227607850263455,-6.911788849595091e-19,-6.5052130349130266e-18,0,0
2697,0.8814558373743188,0.2220159191697059,0.022376145243683046,0.011330295687130162,3.903127820947816e-18,-1.431146867680866e-17,0,0
2698,0.9004731761916264,0.2282020411315418,0.022795195548641095,0.011637958321054406,-6.5052130349130266e-18,-3.0357660829594124e-18,0,0
2699,0.9194907423741091,0.2343882176957938,0.023215058667736575,0.011946533340187167,2.1250362580715887e-17,5.204170427930421e-18,0,0
2700,0.9385085151563701,0.2405746108636694,0.02363566074466467,0.01225605356908234,1.0842021724855044e-19,1.3877787807814457e-17,0,0
2701,0.9616756505534518,0.2663237017313482,0.024147483609521358,0.013557574751003203,-2.6020852139652106e-18,1.0299920638612292e-17,0,0
2702,0.9820592632862983,0.2711997347711479,0.0246006352588797,0.01380251510293765,1.1058862159352145e-17,-8.239936510889834e-18,0,0
2703,1.0,0.2799999999993247,0.025,0.014247499927171094,0.0045747299743344105,3.903127820947816e-18,2,0
2704,0.478121552455287,0.07292023892793403,0.013975186736344656,0.003989651625865564,-4.9873299934333204e-18,-1.5612511283791264e-17,0,0
2705,0.4971349596781229,0.07910574171361556,0.014331094649742818,0.004293958243606077,3.230922474006803e-17,1.1709383462843448e-17,0,0
2706,0.5161159668051263,0.08529013167336003,0.014693538306103981,0.004596840976721733,-1.5395670849294163e-17,7.37257477290143e-18,0,0
2707,0.5351106535580037,0.09146077948436039,0.015062469279728015,0.004898131619045654,-1.5504091066542713e-17,-1.3877787807814457e-17,0,0
2708,0.5541204560134625,0.09763280153411363,0.015437321913017506,0.005199088359475699,3.0249240612345574e-17,1.0408340855860843e-17,0,0
2709,0.5731333980914678,0.1038158501736881,0.015817256291656836,0.005500306029177867,-2.1467203015212988e-17,-1.3010426069826053e-18,0,0
2710,0.592153909823357,0.1100032712388718,0.01620184867682201,0.005801548446342141,-2.949029909160572e-17,2.168404344971009e-18,0,0
2711,0.6111712053915883,0.1161890000980881,0.016590432765599246,0.006102678773621746,3.0574501264091225e-17,9.540979117872439e-18,0,0
2712,0.6301846833874916,0.1223738928321934,0.016982591869430075,0.006403830705360407,-7.37257477290143e-18,-1.431146867680866e-17,0,0
2713,0.3801931869486064,0.02803515236520918,0.012311669389434524,0.0016315781367502212,-2.45029690981724e-17,-3.686287386450715e-18,0,0
2714,0.3983116592101054,0.03136196091747142,0.0125994432223694,0.001799453182053589,1.3173056395698879e-17,1.1709383462843448e-17,0,0
2715,0.4195671464440778,0.03599068580745388,0.01295270549583746,0.0020339928760959467,-8.890457814381136e-18,8.673617379884035e-18,0,0
2716,0.4341286224349481,0.04725794719445391,0.013196155502011624,0.0026466306361577615,8.673617379884035e-18,7.37257477290143e-18,0,0
2717,0.4532485812370816,0.0469792419865392,0.013538452414831658,0.002603340983124539,-1.1492543028346347e-17,8.673617379884035e-18,0,0
2718,0.3699999999992927,0.01701402779511971,0.012163848971587033,0.0009999128132526422,1.6263032587282567e-17,-1.0191500421363742e-17,0,0
2719,0.649198755476107,0.1285599190386689,0.01737804973208357,0.006705171896951934,8.673617379884035e-18,5.637851296924623e-18,0,0
2720,0.3399999999993845,0.0,0.011740298055205631,0.0,-2.1033522146218786e-17,-0.005985158150541615,0,3
2721,0.9575268042018074,0.2467614999763076,0.024056952665404252,0.012566524481404565,-2.168404344971009e-17,-3.0357660829594124e-18,0,0
2722,0.6682133721184316,0.1347460245091042,0.01777647740370429,0.007006736343104918,-6.7220534694101275e-18,-2.211772431870429e-17,0,0
2723,0.6872280292911487,0.1409323961177405,0.01817758401654655,0.007308613582813382,4.336808689942018e-19,-1.3877787807814457e-17,0,0
2724,0.7062205311559129,0.1471091467876051,0.018580646153562773,0.00761036682491138,2.2551405187698492e-17,0.0,0,0
2725,0.7252031060740122,0.1532570165908911,0.018985698964103858,0.007911042573940201,-1.2793585635328952e-17,-9.974659986866641e-18,0,0
2726,0.7441782252509335,0.1594257641169081,0.019392556591922502,0.008213241974021903,-5.421010862427522e-18,-2.2551405187698492e-17,0,0
2727,0.7631908079108504,0.1656050129771092,0.019802016558201362,0.008516449431196161,1.2576745200831851e-17,5.637851296924623e-18,0,0
2728,0.7822241531301618,0.1717411642542609,0.02021357707696636,0.008817982529722808,1.0842021724855044e-17,3.0357660829594124e-18,0,0
2729,0.8012435649668224,0.1778876438794363,0.0206263102825823,0.009120640460312407,-1.5178830414797062e-17,2.992397996059992e-17,0,0
2730,0.8202500429598718,0.184063603671501,0.021040091852623368,0.009425432658339315,7.26415455565288e-18,-2.992397996059992e-17,0,0
2731,0.8392190892189186,0.1901981660902589,0.021454279685476096,0.009728788334046893,-2.0491421059976034e-17,-2.168404344971009e-17,0,0
2732,0.8582667914074298,0.1963286689832398,0.021871293484566602,0.010032596781710298,1.5829351718288365e-17,1.7780915628762273e-17,0,0
2733,0.8772998013125426,0.2024705202204398,0.022288976914127005,0.010337731822709606,8.456776945386935e-18,9.540979117872439e-18,0,0
2734,0.4740046910043272,0.05339730395163479,0.013916048787008554,0.0029291668400178053,1.951563910473908e-17,-3.903127820947816e-18,0,0
2735,0.3599999999993138,0.0,0.012020462622205746,0.0,1.9949319973733282e-17,-0.005947149806465165,0,3
2736,0.8963177072054005,0.20864919344558,0.022707220704936294,0.010645524195387841,3.2526065174565133e-19,1.3010426069826053e-18,0,0
2737,0.9153393970809209,0.2148252664776875,0.023126362732037952,0.01095400265478054,-1.6588293239028218e-17,-1.8214596497756474e-17,0,0
2738,0.9343572534678053,0.2210115389256963,0.023546161593768555,0.01126385372882123,5.854691731421724e-18,1.734723475976807e-18,0,0
2739,0.9524696099828753,0.2273901441289611,0.023946548554945307,0.011584505556914496,4.9873299934333204e-18,2.211772431870429e-17,0,0
2740,0.9788616232282242,0.2496449251174278,0.02453052115345576,0.012710525896305506,3.924811864397526e-17,2.42861286636753e-17,0,0
2741,1.0,0.259999999999383,0.025,0.01323465659477421,0.0045732469921218434,-1.5178830414797062e-17,2,0
2742,0.492986716916083,0.05954542588318648,0.01426909594941248,0.0032402855313807097,-2.905661822261152e-17,-1.431146867680866e-17,0,0
2743,0.5119554610150161,0.06576734003964202,0.014629062749690024,0.003552729980096513,2.3310346708438345e-17,1.431146867680866e-17,0,0
2744,0.5309588064975319,0.07189705095346238,0.014996318709608523,0.0038581545942349333,-3.7947076036992655e-18,-1.9949319973733282e-17,0,0
2745,0.5499664332970811,0.07806879085234408,0.015369323633332608,0.004164918300120552,5.854691731421724e-18,-5.637851296924623e-18,0,0
2746,0.5689825847695118,0.08425470253474501,0.015747642194362216,0.00447140679012683,-1.1492543028346347e-17,-4.7704895589362195e-18,0,0
2747,0.5879989033621058,0.09044091919265154,0.016130528505227962,0.0047771128852400905,1.452830911130576e-17,-1.3010426069826053e-17,0,0
2748,0.6070173935960386,0.09662728799144289,0.016517633230036872,0.005082317604885347,3.7947076036992655e-18,-2.47198095326695e-17,0,0
2749,0.6260339395403365,0.1028130206676302,0.016908450028280432,0.0053871163872332576,1.5070410197548512e-17,8.239936510889834e-18,0,0
2750,0.6450484294433163,0.1089994100493073,0.01730259231735574,0.005691674481948086,-2.3201926491189795e-17,-7.806255641895632e-18,0,0
2751,0.3900008677424577,0.01597198969038357,0.01247605198215573,0.0009222548351879935,-1.8431436932253575e-17,-1.235990476633475e-17,0,0
2752,0.4099999999991963,0.01665531604418397,0.012803273544123127,0.0009477873764825587,1.6174094127820865e-17,-1.5612511283791264e-17,0,0
2753,0.4404031088688192,0.03279314897862473,0.013318788767090183,0.0018307602302856647,-3.469446951953614e-18,-3.2526065174565133e-18,0,0
2754,0.4708070650155565,0.03492467641791795,0.013869567039324395,0.0019192434672912874,2.2280354644577116e-17,1.2576745200831851e-17,0,0
2755,0.3799999999992717,0.0,0.012322139642474425,0.0,-9.107298248878237e-18,-0.005899287051582919,0,3
2756,0.6640634240030138,0.1151855612013234,0.0176997852098285,0.0059960744320799566,9.974659986866641e-18,0.0,0,0
2757,0.9674629732918274,0.2341773779560724,0.02427836877139078,0.011927089725481498,-5.637851296924623e-18,-2.211772431870429e-17,0,0
2758,0.683078456918612,0.1213719424378595,0.01809972260224893,0.006300486435080313,7.589415207398531e-18,2.168404344971009e-17,0,0
2759,0.702093724891518,0.1275585857392342,0.018502154472995386,0.006604991584965954,-2.42861286636753e-17,-4.7704895589362195e-18,0,0
2760,0.7210894758512307,0.1337274825637929,0.01890643258370279,0.00690874890533268,-1.6588293239028218e-17,6.5052130349130266e-18,0,0
2761,0.7400962125239743,0.1399093828641589,0.019312969798040588,0.007213372079058476,1.6371452804531117e-17,1.431146867680866e-17,0,0
2762,0.7591038979247322,0.1460922524613492,0.019721367726922432,0.007518340820578619,-3.111660235033398e-17,5.637851296924623e-18,0,0
2763,0.7780876513781118,0.152230158794579,0.020130937218736097,0.00782138488203885,1.0408340855860843e-17,1.6479873021779667e-17,0,0
2764,0.7970899489813277,0.1583757807925211,0.020542421695301474,0.00812523115972613,4.553649124439119e-18,-1.2576745200831851e-17,0,0
2765,0.816102052834578,0.1645275757702252,0.020955489633195875,0.008429854793829608,1.2576745200831851e-17,7.806255641895632e-18,0,0
2766,0.8351191668353413,0.1706931839191732,0.021369905166443263,0.00873569822876056,-8.673617379884035e-18,-3.469446951953614e-18,0,0
2767,0.8540838166884299,0.1768153388035872,0.021784302245135286,0.009039913361359566,-1.1817803680091998e-17,-2.0383000842727483e-17,0,0
2768,0.8731213183963331,0.1829846272202413,0.02220130093023222,0.009347117828278727,3.686287386450715e-18,3.642919299551295e-17,0,0
2769,0.8921501666529024,0.1891193219074715,0.022619032309737126,0.009653232379546049,-3.144186300207963e-18,6.071532165918825e-18,0,0
2770,0.488582096354773,0.04076344781675623,0.014198955289772976,0.0022237496584668007,-4.119968255444917e-18,-1.691355389077387e-17,0,0
2771,0.4299999999991477,0.01732050807563687,0.013144913643743344,0.0009733423008743136,9.974659986866641e-18,2.8189256484623115e-18,0,0
2772,0.4553304909657073,0.03091638537627411,0.013588573390177574,0.0017126696112180417,1.0142372510422992e-17,-1.1275702593849246e-17,0,0
2773,0.9111878646200926,0.1952620917666336,0.02303778338587067,0.009960474824342038,-1.6263032587282567e-18,6.5052130349130266e-18,0,0
2774,0.9302058042380098,0.2014483020440499,0.02345683343849866,0.01027070914856267,1.431146867680866e-17,-1.214306433183765e-17,0,0
2775,0.9486499801088095,0.207893357413733,0.023863863476145195,0.010594984374875474,-1.3010426069826053e-17,-3.469446951953614e-18,0,0
2776,0.9659411442531299,0.2156591492626143,0.02424588429564779,0.010987243459957998,1.3010426069826053e-17,8.673617379884035e-18,0,0
2777,0.9824169292224711,0.2278522306450008,0.024610291736162918,0.011604941327538285,1.734723475976807e-18,6.938893903907228e-18,0,0
2778,1.0,0.2399999999994413,0.025,0.012220739730366453,0.004572291350868986,9.540979117872439e-18,2,0
2779,0.5074327455663057,0.04735879913707391,0.014554098168178351,0.002564226711772211,3.7947076036992655e-18,-1.3444106938820255e-17,0,0
2780,0.5267273226515898,0.05258676046272916,0.01492551092632993,0.0028274121312554007,8.131516293641283e-18,-8.673617379884035e-18,0,0
2781,0.5458155787801331,0.05850741758178683,0.015298999892779323,0.0031268162203447894,-2.4069288229178198e-17,1.431146867680866e-17,0,0
2782,0.5648317414190717,0.06469345700927581,0.015675907813156004,0.0034388485888580587,9.974659986866641e-18,1.6479873021779667e-17,0,0
2783,0.583847977848079,0.07087928352653858,0.016057460084945664,0.003749291184656747,1.4094628242311558e-18,-1.734723475976807e-18,0,0
2784,0.6028647543569441,0.07706563413496995,0.01644320211307943,0.004058862988277285,-6.5052130349130266e-18,-5.204170427930421e-18,0,0
2785,0.6218816491019001,0.08325188261644584,0.016832847163727713,0.004367575209673819,-2.5261910618912253e-17,1.3444106938820255e-17,0,0
2786,0.640897870965988,0.08943811396126594,0.017225888599858134,0.004675552044649957,-6.179952383167375e-18,4.336808689942018e-19,0,0
2787,0.6599132808166925,0.09562465210742324,0.01762198729608826,0.004983017905706798,3.350184712980209e-17,1.734723475976807e-18,0,0
2788,0.3999999999992156,0.0,0.012641751980428084,0.0,8.890457814381136e-18,-0.00586082195048339,0,3
2789,0.4199999999991775,0.0,0.012976358770289801,0.0,-7.15573433840433e-18,-0.005832525236874716,0,3
2790,0.4491001900599111,0.01680096049972846,0.013482866881650589,0.0009340878866888885,-2.5370330836160804e-17,-1.0842021724855044e-18,0,0
2791,0.4884315339930885,0.02001009575896563,0.014205035248621994,0.001091832785885155,-1.5438022496656878e-17,-8.673617379884035e-19,0,0
2792,0.467396079817228,0.01659827791507921,0.013814929801212674,0.0009143690144591095,3.0690544777865064e-17,-4.7704895589362195e-18,0,0
2793,0.6789284622396219,0.1018108445649022,0.018020908748462735,0.005290139491366674,-1.951563910473908e-18,-1.734723475976807e-18,0,0
2794,0.6979438741044072,0.1079972716560484,0.01842236008920753,0.005597067447616648,-7.15573433840433e-18,2.168404344971009e-18,0,0
2795,0.7169598744053804,0.1141841557738477,0.018826131273403338,0.005903917783825796,-8.673617379884035e-18,3.903127820947816e-18,0,0
2796,0.7359760303447886,0.1203713665766647,0.01923197167389603,0.006210711724561408,7.37257477290143e-18,4.7704895589362195e-18,0,0
2797,0.7549921073347929,0.1265586611173979,0.019639685791808248,0.006517594799256116,-7.914675859144182e-18,2.3418766925686896e-17,0,0
2798,0.7739853125898812,0.132722316996299,0.020048624090290946,0.006823459472136333,5.204170427930421e-18,-2.862293735361732e-17,0,0
2799,0.7929575652326358,0.1388610646512543,0.020458662760593563,0.0071282968797622085,1.5829351718288365e-17,-2.6020852139652106e-18,0,0
2800,0.8119384974261014,0.1450368799433356,0.02087027524375754,0.007435325674779527,2.168404344971009e-19,-3.903127820947816e-18,0,0
2801,0.8309748898947557,0.1511369950040021,0.0212843825521792,0.007738822545465432,2.168404344971009e-19,1.9081958235744878e-17,0,0
2802,0.8499791512752025,0.1573099529608124,0.02169890736050367,0.00804648518688372,-2.2985086056692694e-17,2.0383000842727483e-17,0,0
2803,0.8689769973268688,0.1634686213921011,0.02211432169112436,0.00835390596128779,4.336808689942018e-18,-4.7271214720367993e-17,0,0
2804,0.8879685843339127,0.169616924769851,0.022530526958068765,0.008661347164863957,3.5670251474773096e-17,-2.7321894746634712e-17,0,0
2805,0.9070152116138566,0.1757346253713075,0.02294877955452705,0.008967822011646724,-1.0625181290357943e-17,-1.431146867680866e-17,0,0
2806,0.5028263571988904,0.03181014553819875,0.014473481028371711,0.0017257938474469871,-1.1275702593849246e-17,1.6046192152785466e-17,0,0
2807,0.4399999999991175,0.0,0.0133238731955565,0.0,-1.3010426069826053e-18,-0.005807683302691444,0,3
2808,0.9260542347084488,0.1818850323243294,0.023367607569974136,0.00927663136126204,2.0274580625478933e-17,3.469446951953614e-18,0,0
2809,0.9450724458431417,0.1880712732606848,0.023786629413786,0.009588004972010851,-1.3877787807814457e-17,-1.1709383462843448e-17,0,0
2810,0.9642371559840514,0.1950483227549194,0.024209480121847718,0.009940278020590042,-2.8189256484623115e-18,-1.0408340855860843e-17,0,0
2811,0.98261241697604,0.2086486212688597,0.024615212022314824,0.010629918580080064,1.496198998029996e-17,-9.540979117872439e-18,0,0
2812,1.0,0.2199999999994996,0.025,0.011205835949820482,0.004570959864782886,-4.336808689942018e-18,2,0
2813,0.5198471399515251,0.03371316033958548,0.014800561485560706,0.0018175403072462635,3.2085608041992897e-17,2.47198095326695e-17,0,0
2814,0.5421971324406223,0.03636489860584022,0.015237368175977612,0.0019465529455512573,-2.3418766925686896e-17,-6.5052130349130266e-18,0,0
2815,0.5616840775508632,0.04572315890417389,0.015621234781189765,0.0024335264034025385,-9.75781955236954e-19,8.673617379884035e-19,0,0
2816,0.5800212572534136,0.05169901619527635,0.015988560090483245,0.0027381898588274517,6.396792817664476e-18,-5.637851296924623e-18,0,0
2817,0.5987138473994889,0.05750353489556323,0.016367040388185143,0.0030323304095051873,2.7538735181131813e-17,1.1275702593849246e-17,0,0
2818,0.6177304828319612,0.06368999343568829,0.01675559131996731,0.0033453329558196096,-2.0491421059976034e-17,-1.5612511283791264e-17,0,0
2819,0.6367470546383414,0.06987639577752212,0.017147777526501613,0.003656940426143304,2.5587171270657905e-17,-3.903127820947816e-18,0,0
2820,0.6557632466124126,0.07606296460632762,0.017542955700953544,0.00396760063772253,6.7220534694101275e-18,6.071532165918825e-18,0,0
2821,0.674778743926162,0.08224938458986111,0.017940969604862328,0.004277681664491143,-3.382710778154774e-17,-1.3010426069826053e-18,0,0
2822,0.4599999999990794,0.0,0.013682290388241003,0.0,9.974659986866641e-18,-0.0057836199663801845,0,3
2823,0.5098382701287596,0.01720522463861249,0.01461273399606658,0.0009307749937198039,-2.6020852139652106e-18,-1.496198998029996e-17,0,0
2824,0.4799999999990204,0.0,0.014049994139433728,0.0,-8.673617379884035e-18,-0.005760457637373732,0,3
2825,0.6937936132845699,0.08843555052621145,0.018341616452308654,0.00458717370265756,3.165870343657673e-17,8.673617379884035e-19,0,0
2826,0.7128097547326977,0.09462223424282888,0.018744599847868477,0.004896368346421266,-2.8406096919120216e-17,-8.239936510889834e-18,0,0
2827,0.7318260054737253,0.1008092263448257,0.01914964525508957,0.0052051713091376805,-4.9873299934333204e-18,-8.673617379884035e-18,0,0
2828,0.7508422932038243,0.1069964073462941,0.019556591068522727,0.0055138525234206546,4.445228907190568e-18,3.0357660829594124e-18,0,0
2829,0.7698544836244741,0.1131791591323658,0.019965197821923165,0.005822311305754459,3.838075690598686e-17,1.8648277366750676e-17,0,0
2830,0.7888617634838007,0.1193562593015182,0.02037527967833029,0.006130531499816243,-3.0574501264091225e-17,-9.107298248878237e-18,0,0
2831,0.8078433201476394,0.125484997878785,0.020786235389074738,0.0064364026142415326,1.2468324983583301e-17,7.37257477290143e-18,0,0
2832,0.8268823127759851,0.1315761690206581,0.021199727774478736,0.006740535772376479,-2.4936649967166602e-17,6.5052130349130266e-18,0,0
2833,0.8458516038875548,0.1377561616903757,0.0216128315720772,0.0070495170337553275,4.9873299934333204e-18,-3.469446951953614e-18,0,0
2834,0.8648580097430372,0.1439479667859131,0.022027780460291566,0.007359434112057139,2.3418766925686896e-17,4.336808689942018e-19,0,0
2835,0.8838646990637903,0.1501228190545935,0.022443672254127463,0.007668906697618516,-3.8272336688738307e-17,8.239936510889834e-18,0,0
2836,0.9028313471362022,0.1562436802235751,0.02285952929756423,0.007976124728165286,-8.673617379884035e-19,2.688821387764051e-17,0,0
2837,0.9218811536820577,0.1623640079967893,0.023277961006062678,0.008283851973570854,-1.2576745200831851e-17,-3.903127820947816e-18,0,0
2838,0.4999999999989813,0.0,0.014426346616954442,0.0,-2.168404344971009e-18,-0.005744876190952937,0,3
2839,0.9409208316546706,0.1685077464109912,0.023696835996827193,0.00859338977544177,6.396792817664476e-18,1.0842021724855044e-17,0,0
2840,0.9622637524647926,0.1750219198021042,0.024167071747171066,0.008922226250269867,2.0599841277224584e-17,-1.3227266504323154e-17,0,0
2841,0.9828678827944768,0.1895105712818297,0.024621442592132666,0.009657422184250216,8.456776945386935e-18,8.673617379884035e-19,0,0
2842,1.0,0.1999999999995579,0.025,0.01019007443815753,0.004570035284418175,-6.071532165918825e-18,2,0
2843,0.5306985820209149,0.01752343454939637,0.015017002266165317,0.0009415093098050515,-5.150383835779773e-18,1.1275702593849246e-17,0,0
2844,0.5600379152505426,0.02955787351673308,0.015594174008104752,0.0015739549547894639,-2.168404344971009e-17,-3.2742905609062234e-17,0,0
2845,0.5772387554130798,0.03363723753233501,0.01593828780717067,0.0017832106362414043,4.526544070126981e-17,-1.734723475976807e-18,0,0
2846,0.594814435278619,0.03834830407501281,0.01629399281766097,0.002024495155831957,-1.1709383462843448e-17,-1.0408340855860843e-17,0,0
2847,0.613396719660861,0.04469017926191094,0.016673032128683103,0.0023500348592967704,-1.1926223897340549e-17,-4.336808689942018e-19,0,0
2848,0.632596415192055,0.05031433663436852,0.01706803470482597,0.002636088765999122,-8.368685518872487e-18,1.734723475976807e-18,0,0
2849,0.6516131075152382,0.05650064365450412,0.017462599835808595,0.002949933210192541,1.0842021724855044e-18,-4.7704895589362195e-18,0,0
2850,0.6706293097964926,0.0626875253052126,0.01785991905096147,0.0032632129879478253,-1.5070410197548512e-17,6.071532165918825e-18,0,0
2851,0.6907104422742978,0.06823916205794615,0.01828254189894357,0.003542017582882064,4.3747557659790104e-17,-6.071532165918825e-18,0,0
2852,0.5199999999989373,0.0,0.014810568195873867,0.0,-7.806255641895632e-18,-0.005728487514590156,0,3
2853,0.7097779634279218,0.07469671671514264,0.01868604772119078,0.003867774278883397,-3.0140820395097023e-17,3.903127820947816e-18,0,0
2854,0.728099265896376,0.08144975487749749,0.01907546983262552,0.004208282975014675,1.3877787807814457e-17,-1.5178830414797062e-17,0,0
2855,0.7466924474777956,0.08743392537321616,0.019472772665175747,0.004508595705322321,-2.222614453595284e-17,-2.862293735361732e-17,0,0
2856,0.7657092124343061,0.09362124261489414,0.019880850446866497,0.004819032993995244,-1.5178830414797062e-18,-1.1275702593849246e-17,0,0
2857,0.7847262410505912,0.0998088785012739,0.020290538050586077,0.005129331791152862,1.1492543028346347e-17,2.0816681711721685e-17,0,0
2858,0.8037314413371499,0.1059832854033477,0.020701400467930675,0.0054388764004430126,-1.2793585635328952e-17,-8.673617379884035e-19,0,0
2859,0.8226882061438742,0.1121041972487927,0.02111250991763071,0.0057457303527273995,-1.3227266504323154e-17,1.0842021724855044e-17,0,0
2860,0.8417101929084027,0.1182255507400228,0.02152619745873524,0.006052705860305072,1.2576745200831851e-17,-8.673617379884035e-19,0,0
2861,0.8607092384093163,0.1243842658718775,0.02194041476311875,0.006361803523395984,-5.421010862427522e-18,-6.5052130349130266e-18,0,0
2862,0.8797251222512532,0.1305718885348056,0.022355932439297108,0.006672665546332509,3.469446951953614e-17,2.6020852139652106e-18,0,0
2863,0.8987424314952641,0.1367593165532874,0.022772320080134772,0.0069838801414896425,-3.426078865054194e-17,-1.3010426069826053e-17,0,0
2864,0.9176883813649901,0.1428668916987348,0.023187893370384165,0.007291472557031806,2.0599841277224584e-17,6.938893903907228e-18,0,0
2865,0.9366561876484469,0.1489525091448971,0.023604602250832926,0.007598449360383429,-3.469446951953614e-18,6.5052130349130266e-18,0,0
2866,0.5499999999988742,0.01732050807565667,0.015397396052930987,0.0009252361198306029,2.5587171270657905e-17,9.540979117872439e-18,0,0
2867,0.9550138672770021,0.1546176381798894,0.024008467113100986,0.00788468974881336,-1.919037845299343e-17,1.3010426069826053e-18,0,0
2868,0.9826794919243618,0.1699999999996454,0.024617810282949605,0.008665263608664835,-2.8189256484623115e-17,-4.7704895589362195e-18,0,0
2869,1.0,0.1799999999996162,0.025,0.009173485974431494,0.004569071375471464,3.469446951953614e-18,2,0
2870,0.539999999998883,0.0,0.015201310109652165,0.0,1.3444106938820255e-17,-0.005716129897326471,0,3
2871,0.5696083107451853,0.01646197967188543,0.015788883822271813,0.0008743815443425934,-2.688821387764051e-17,3.469446951953614e-18,0,0
2872,0.5917973253320858,0.01798420817071024,0.016236860796306266,0.0009503698684459862,1.1709383462843448e-17,2.190088388420719e-17,0,0
2873,0.6109197758908227,0.02718872220437152,0.016625933630149085,0.0014306030295378061,2.168404344971009e-18,-5.204170427930421e-18,0,0
2874,0.6263456745398622,0.03479225236133267,0.016942712565648364,0.0018251635060661379,-2.6454533008646308e-17,1.734723475976807e-18,0,0
2875,0.64526681740008,0.03443289323078419,0.01733533704394183,0.0018001768966458094,4.336808689942018e-17,-9.540979117872439e-18,0,0
2876,0.6663413588806809,0.04354954838101983,0.017774524479357817,0.0022690305485799506,-1.496198998029996e-17,-2.6020852139652106e-17,0,0
2877,0.6861887224535232,0.049002049091365,0.018191681154144986,0.002545640071620458,4.119968255444917e-18,-9.107298248878237e-18,0,0
2878,0.7090943007571173,0.05236374611988419,0.018676678672987057,0.0027121798267629098,-1.7780915628762273e-17,3.686287386450715e-18,0,0
2879,0.7253545976514995,0.06268721164294605,0.019021054411330323,0.003240413853473342,1.3010426069826053e-17,4.336808689942018e-18,0,0
2880,0.9705635516902044,0.1595372007842713,0.024350970058832723,0.008133726413259957,8.456776945386935e-18,2.0816681711721685e-17,0,0
2881,0.7427454124781728,0.06809695337678962,0.01939240152368609,0.003513486404006119,-1.0842021724855044e-17,-1.0408340855860843e-17,0,0
2882,0.7615592681552165,0.07405836529533626,0.019795711955458983,0.0038141838912260336,-2.6020852139652106e-18,-1.1709383462843448e-17,0,0
2883,0.7805763770695765,0.08024586135133305,0.020204897635984174,0.004126135177145632,5.854691731421724e-18,-6.938893903907228e-18,0,0
2884,0.7995936865185869,0.0864334710824608,0.02061552985566717,0.0044377735299398376,6.5052130349130266e-18,3.903127820947816e-18,0,0
2885,0.8186090218960231,0.09260190280131948,0.02102740431135838,0.004748292957547366,1.1492543028346347e-17,-1.431146867680866e-17,0,0
2886,0.8375554981592881,0.09872829693730455,0.021438950560335533,0.00505663004281583,1.496198998029996e-17,-2.1250362580715887e-17,0,0
2887,0.8565686882029526,0.104859509316012,0.021852982966054525,0.005365237704792373,-1.431146867680866e-17,-8.673617379884035e-18,0,0
2888,0.8755745235333279,0.1110086839796214,0.02226778578738031,0.005674934616346352,3.7838655819744105e-17,1.1275702593849246e-17,0,0
2889,0.8945918687905519,0.1171959076980418,0.022683673123569937,0.00598680664047491,-3.0682921481339775e-17,-8.673617379884035e-19,0,0
2890,0.9135963354199326,0.1233674163024492,0.02310002104489048,0.0062981910461588015,1.7564075194265172e-17,7.37257477290143e-18,0,0
2891,0.9325866035209822,0.1295182322529667,0.023516710427207866,0.006608911366423994,-1.691355389077387e-17,-1.9081958235744878e-17,0,0
2892,0.9511064305380041,0.135223653721936,0.023923644281233634,0.006897470338790972,3.2959746043559335e-17,8.673617379884035e-19,0,0
2893,0.5599999999988632,0.0,0.015597650797343281,0.0,-1.5178830414797062e-18,-0.005703169829718924,0,3
2894,0.9682011793789609,0.1414675017772366,0.02429963306815472,0.007214038091609133,-2.0166160408230382e-17,-3.469446951953614e-18,0,0
2895,0.983404853108528,0.1500034929100333,0.02463430571382024,0.007647730635782386,1.951563910473908e-18,-1.9081958235744878e-17,0,0
2896,1.0,0.1599999999996745,0.025,0.008156161575104771,0.004568086288911443,8.239936510889834e-18,2,0
2897,0.5799999999989266,0.0,0.015999285153353318,0.0,4.336808689942018e-19,-0.005691410845309699,0,3
2898,0.6102311985481221,0.01140035578212973,0.016614207067022123,0.0005999182015462339,-1.8780838022995974e-17,9.540979117872439e-18,0,0
2899,0.6295486445554923,0.0173351304752282,0.017011332968536855,0.0009089568317739179,5.457856795633084e-18,1.1709383462843448e-17,0,0
2900,0.6623292833166191,0.02356120196577395,0.017693846384220797,0.001228361539157827,-1.5178830414797062e-18,3.599551212651875e-17,0,0
2901,0.6799500437934745,0.03014583155798757,0.01806313617218505,0.0015677281267691427,-1.5016200088924236e-17,-9.107298248878237e-18,0,0
2902,0.6993723848181266,0.03352176736309173,0.018473280175215958,0.0017385566462714147,4.336808689942018e-19,-8.673617379884035e-19,0,0
2903,0.7239839934307056,0.04848809233826329,0.018994765521035555,0.0025070082846766753,-6.288372600415926e-18,-9.75781955236954e-19,0,0
2904,0.7398920559912382,0.05018257866393275,0.01933462339588349,0.0025902900764129713,6.2341624917916505e-18,6.071532165918825e-18,0,0
2905,0.7574429770534432,0.0545327540601275,0.019710682341421183,0.0028100404369091675,-2.2768245622195593e-17,2.6020852139652106e-17,0,0
2906,0.7763220816835514,0.06074830431959127,0.020116426927556726,0.0031251953695125827,-7.15573433840433e-18,1.5178830414797062e-17,0,0
2907,0.7954436892268603,0.06687010840816113,0.020528839026296142,0.0034349338921927596,1.4907779871675686e-17,9.974659986866641e-18,0,0
2908,0.8144612494673366,0.07305785634254862,0.020940365946435443,0.0037477587563255034,-2.168404344971009e-18,2.862293735361732e-17,0,0
2909,0.8336240497499032,0.07930430979346255,0.021356179127098883,0.004063342029467996,-8.890457814381136e-18,6.938893903907228e-18,0,0
2910,0.8525106601398653,0.08535047166025628,0.021767044241337474,0.00436859179556983,4.336808689942018e-18,5.204170427930421e-18,0,0
2911,0.8714396310112528,0.09145819798480745,0.022179754012598477,0.00467703680462888,-1.3010426069826053e-18,-1.3010426069826053e-18,0,0
2912,0.8904411897380922,0.09763242053769963,0.022594869729735477,0.004988968042644369,-9.324138683375338e-18,-6.071532165918825e-18,0,0
2913,0.9094591197079795,0.1038195549231048,0.02301107947658808,0.005301736080492142,-3.686287386450715e-18,-1.2576745200831851e-17,0,0
2914,0.928477232820932,0.1100068755371507,0.02342793342343577,0.005614780846494373,1.1817803680091998e-17,8.673617379884035e-18,0,0
2915,0.9473625441875035,0.1160465044616158,0.023842437695171997,0.005920661255454642,1.431146867680866e-17,-7.806255641895632e-18,0,0
2916,0.9655592438994987,0.1224411534926553,0.02424223830905126,0.006245085411650829,-2.1141942363467336e-17,5.204170427930421e-18,0,0
2917,0.5999999999989684,0.0,0.016405654701965287,0.0,1.5829351718288365e-17,-0.00568363541616119,0,3
2918,0.6474289490540813,0.01506584513435727,0.017383257842371623,0.0007874584548259554,-6.57858726396893e-18,-2.6020852139652106e-18,0,0
2919,0.7188917022263864,0.03383908938643115,0.01888823481110933,0.00175087271161241,2.6454533008646308e-17,1.5178830414797062e-18,0,0
2920,0.9827917057915048,0.1300410766252385,0.024621197896896003,0.006631331939657798,2.6454533008646308e-17,9.107298248878237e-18,0,0
2921,1.0,0.1399999999997328,0.025,0.007138153333373631,0.004567308476160532,-3.903127820947816e-18,2,0
2922,0.6199999999990318,0.0,0.01681585311707706,0.0,-1.431146867680866e-17,-0.00567224157925307,0,3
2923,0.6399999999990779,0.0,0.017229615010506873,0.0,1.5612511283791264e-17,-0.005667435032833012,0,3
2924,0.6745832192200902,0.01408331137347301,0.017951792927740285,0.0007329767982524038,1.0408340855860843e-17,1.4094628242311558e-17,0,0
2925,0.6599999999991369,0.0,0.01764668662414884,0.0,-1.1492543028346347e-17,-0.005658775726248663,0,3
2926,0.6906367689920426,0.01670952334360351,0.018290070156225146,0.0008677104167108776,-3.582208213056843e-18,9.107298248878237e-18,0,0
2927,0.7099999999992513,0.01732050807573087,0.018700535063759145,0.0008972038402855088,-1.5745283698273375e-17,1.734723475976807e-18,0,0
2928,0.7359599526614595,0.0336690757374272,0.01925271919357764,0.0017387785937960862,1.3010426069826053e-18,-8.673617379884035e-18,0,0
2929,0.7544913388476738,0.03572105132523509,0.019649753395791697,0.0018413838169739146,-3.350184712980209e-17,-2.1250362580715887e-17,0,0
2930,0.7722761234231326,0.04111933880344216,0.02003188703231306,0.0021163583815478142,2.5587171270657905e-17,-7.37257477290143e-18,0,0
2931,0.7906340551730795,0.04766339799914754,0.020427348060116996,0.002449547374502836,-2.303929616531697e-18,-5.204170427930421e-18,0,0
2932,0.8117995507621387,0.05144794613096713,0.020885242052785326,0.0026400191621999674,-6.938893903907228e-18,-1.3444106938820255e-17,0,0
2933,0.8303465365032651,0.0601962801802355,0.02128706035634157,0.003085279623700422,3.9085488318102435e-17,-1.6046192152785466e-17,0,0
2934,0.8485240281749336,0.06588738491078036,0.021682254240182202,0.0033734808592605354,3.469446951953614e-18,5.204170427930421e-18,0,0
2935,0.867352065540862,0.0718651310191707,0.02209246138395069,0.0036762054886318486,-3.5887091909270197e-17,6.938893903907228e-18,0,0
2936,0.8863062117146547,0.07806808104828487,0.022506202203229686,0.003990378426481402,1.7889335846010823e-17,1.3010426069826053e-17,0,0
2937,0.9053083087555631,0.08425585795971868,0.0229217055483437,0.004303820364264167,-1.3335686721571705e-17,4.336808689942018e-18,0,0
2938,0.9243264443358898,0.09044303271640389,0.023338194938186365,0.004617359252572036,-6.505213034913027e-19,-8.673617379884035e-19,0,0
2939,0.9433447186371737,0.09663026329222507,0.023755218257599395,0.004931134093544908,1.3118846287074604e-17,-1.214306433183765e-17,0,0
2940,0.9622750223971037,0.1027196148528845,0.024170784446515194,0.005240216826668528,-1.973247953923618e-17,2.6020852139652106e-18,0,0
2941,0.9813356141881361,0.1106160712945235,0.02458953990199157,0.005641768326362068,-8.673617379884035e-18,8.673617379884035e-18,0,0
2942,0.7295294721816363,0.0166924450652471,0.019116690454628375,0.0008627164620816435,-3.903127820947816e-18,3.903127820947816e-18,0,0
2943,1.0,0.1199999999997832,0.025,0.006119564587669478,0.0045667171239305955,8.673617379884035e-19,2,0
2944,0.6799999999991786,0.0,0.018066595449784763,0.0,3.686287386450715e-18,-0.005652444620464478,0,3
2945,0.699999999999242,0.0,0.018489066904439123,0.0,8.239936510889834e-18,-0.005647784838866141,0,3
2946,0.7199999999992837,0.0,0.01891397949097457,0.0,8.023096076392733e-18,-0.005642882691524525,0,3
2947,0.7489711532911179,0.01709119764545387,0.019532726707271762,0.0008816008851805025,3.903127820947816e-18,1.973247953923618e-17,0,0
2948,0.77016004352558,0.02029849025960448,0.019987874225598144,0.0010449509720899396,-2.1250362580715887e-17,-2.0599841277224584e-17,0,0
2949,0.784961228638593,0.03190862887238542,0.020306219612684466,0.0016406391208187935,-1.1709383462843448e-17,1.734723475976807e-18,0,0
2950,0.8017359210717157,0.03314140922400656,0.020668734262933853,0.001701899172142254,2.1362170929753455e-17,-2.6020852139652106e-18,0,0
2951,0.8297138067412784,0.04502429587746919,0.021274795738558703,0.0023078415095731525,2.6020852139652106e-18,1.5287250632045613e-17,0,0
2952,0.8447444446775884,0.0471403083144805,0.021601559313350678,0.0024143040238493434,-4.662069341687669e-18,1.0842021724855044e-17,0,0
2953,0.863311285452095,0.05248385311405855,0.02200586192813114,0.0026855305054844874,-2.4936649967166602e-18,-1.9081958235744878e-17,0,0
2954,0.8821387526012179,0.0585048916154753,0.02241657640278134,0.002991221579379222,2.3527187142935446e-17,-2.6020852139652106e-17,0,0
2955,0.9011573226409413,0.06469198717283753,0.02283216066854086,0.003305293669191133,-3.5344990823027445e-17,-6.071532165918825e-18,0,0
2956,0.9201756281134024,0.07087914942331267,0.02324833239258932,0.003619376725960181,4.597017211338539e-17,-1.3444106938820255e-17,0,0
2957,0.9379450408421751,0.07682181738874165,0.023637663720585633,0.0039211778591114735,-1.2793585635328952e-17,1.5178830414797062e-18,0,0
2958,0.957742806857226,0.08204490100262904,0.024071942877057897,0.004186333677463057,-1.3660947373317356e-17,2.2768245622195593e-17,0,0
2959,0.9772308237758938,0.08944071732881334,0.02449974592306507,0.004562560507339957,0.0,1.3010426069826053e-18,0,0
2960,1.0,0.09999999999981465,0.025,0.005100457067118556,0.004566087882426304,-3.903127820947816e-18,2,0
2961,0.7399999999993466,0.0,0.01934101504674203,0.0,-1.8431436932253575e-17,-0.005638268958746794,0,3
2962,0.8207274322779028,0.03233434999599384,0.0210805456435139,0.0016584094806295093,-1.5178830414797062e-17,-3.686287386450715e-18,0,0
2963,0.7599999999993889,0.0,0.019769864300872252,0.0,2.5153490401663703e-17,-0.0056339770942717415,0,3
2964,0.7899999999994566,0.01732050807572635,0.020415928689058168,0.0008901706428618084,6.288372600415926e-18,-1.3227266504323154e-17,0,0
2965,0.8103789509290995,0.01710172573519939,0.020856909899694895,0.0008777601916159081,3.1952835627510785e-17,-2.1250362580715887e-17,0,0
2966,0.8397856070706077,0.03079778652207835,0.021494779356229142,0.0015778123837270638,-4.119968255444917e-18,1.6479873021779667e-17,0,0
2967,0.8593530671698247,0.03371097009897196,0.021920697347658082,0.0017253857650145817,2.6969529040576923e-17,2.3852447794681098e-17,0,0
2968,0.8779876992878738,0.03894074562469477,0.022327031053219145,0.001991431775548106,9.64939933512099e-18,1.431146867680866e-17,0,0
2969,0.8968516982706817,0.04516069795387369,0.022738998590927945,0.0023079205961033457,-3.686287386450715e-18,-3.903127820947816e-18,0,0
2970,0.9150974228520281,0.05151187696837995,0.023138037309791432,0.00263099046949026,-4.9873299934333204e-18,2.6020852139652106e-18,0,0
2971,0.9342589587887802,0.05591989182649869,0.023557664437222077,0.002854794864192332,-1.0842021724855044e-17,3.859759734048396e-17,0,0
2972,0.9478216883205793,0.06501366607138054,0.023854744241252095,0.003318132718582017,-6.505213034913027e-19,-1.8648277366750676e-17,0,0
2973,0.9698056775528905,0.07559105870975236,0.0243368884386787,0.003856629979743629,-6.938893903907228e-18,1.3010426069826053e-18,0,0
2974,1.0,0.07999999999984518,0.025,0.004080877926885565,0.0045656982086550715,1.3877787807814457e-17,2,0
2975,0.7799999999994371,0.0,0.02020045402289186,0.0,-7.37257477290143e-18,-0.00563070044867994,0,3
2976,0.8301166365818147,0.01648605182730553,0.021285191597161884,0.0008451126265158207,-3.2742905609062234e-17,-2.7755575615628914e-17,0,0
2977,0.962196300964983,0.06139708866600978,0.024170230723418947,0.0031329244390049748,8.673617379884035e-18,-4.336808689942018e-18,0,0
2978,0.9820527786134591,0.06948152784155728,0.024605952124858475,0.0035447449800064938,-1.5829351718288365e-17,-1.0842021724855044e-17,0,0
2979,0.7999999999994944,0.0,0.020632521914133856,0.0,-9.107298248878237e-18,-0.005627584376909042,0,3
2980,0.8199999999995363,0.0,0.02106582336750034,0.0,7.37257477290143e-18,-0.0056250380871211494,0,3
2981,0.8503208174176861,0.01678147963557228,0.021724640451236742,0.0008592845110152072,-4.336808689942018e-18,-1.431146867680866e-17,0,0
2982,0.8729422113962243,0.01806162005261533,0.022217684090061994,0.0009239200810703566,3.447762908503904e-17,-6.5052130349130266e-18,0,0
2983,0.8932759040797049,0.02654257864420551,0.022661478952007374,0.0013566979237648665,-8.565197162635485e-18,-8.673617379884035e-19,0,0
2984,0.9118738155239507,0.03175097950835401,0.023068105498839062,0.0016219241229530191,-7.697835424647081e-18,-3.903127820947816e-18,0,0
2985,0.9256141128731339,0.0390396221015727,0.023368760749817884,0.001993534968289067,4.553649124439119e-18,-2.3201926491189795e-17,0,0
2986,0.9523527246390997,0.04979093538306635,0.023954533530498926,0.002541163832674167,1.0842021724855044e-18,7.37257477290143e-18,0,0
2987,1.0,0.05999999999987837,0.025,0.003060957036033725,0.004565380645529616,-3.0357660829594124e-18,2,0
2988,0.8399999999995998,0.0,0.021500254791782032,0.0,-8.023096076392733e-18,-0.005622549076100535,0,3
2989,0.9411606973449947,0.03572680977182109,0.023709481237249013,0.001823814902304718,-3.469446951953614e-18,-1.0842021724855044e-17,0,0
2990,0.9681712852660633,0.04620232806703879,0.024301595176267583,0.0023575985158514183,-2.0057740190981832e-18,-2.47198095326695e-17,0,0
2991,0.9839069173671295,0.052125963229309,0.02464679870595031,0.0026594648349917804,1.6263032587282567e-18,5.204170427930421e-18,0,0
2992,0.8599999999996417,0.0,0.02193569912207347,0.0,-2.6020852139652106e-18,-0.005620479707881556,0,3
2993,0.8899999999997255,0.01098540099876702,0.022590290191989,0.0005615461350170445,-2.0383000842727483e-17,1.9081958235744878e-17,0,0
2994,0.9080144588161309,0.01468233509427121,0.022984044586439704,0.0007501442224410377,1.711043611145129e-17,9.107298248878237e-18,0,0
2995,0.9281717344531157,0.01959818909592385,0.023425189091094582,0.0010007654098264272,-3.907495334582096e-18,-6.071532165918825e-18,0,0
2996,0.9596387936023343,0.03332101132092567,0.02411462794736866,0.0017005059830799507,7.15573433840433e-18,5.421010862427522e-18,0,0
2997,1.0,0.03999999999992186,0.025,0.002040796691496837,0.004565048992078729,-4.336808689942018e-18,2,0
2998,0.8799999999997054,0.0,0.022372025569865263,0.0,1.951563910473908e-18,-0.0056188546723783825,0,3
2999,0.9495663715771625,0.01762569102676112,0.023893977225111194,0.0008996641628392042,-2.1250362580715887e-17,4.553649124439119e-18,0,0
3000,0.9810244426630432,0.0320470085864359,0.024583690433305275,0.0016351588616738111,-1.702197410802242e-17,6.938893903907228e-18,0,0
3001,0.8999999999997471,0.0,0.02280896720150267,0.0,-5.854691731421724e-18,-0.005617122822137036,0,3
3002,0.9199999999997972,0.0,0.023246451438566483,0.0,9.540979117872439e-18,-0.0056161623272199266,0,3
3003,0.9399999999998527,0.0,0.023684424321837868,0.0,-3.903127820947816e-18,-0.0056154171032713855,0,3
3004,0.9692264950103417,0.01687392476176435,0.024325017718302023,0.0008610834029185629,6.505213034913027e-19,1.2034644114589099e-17,0,0
3005,1.0,0.01999999999996237,0.025,0.0010204446568744295,0.0045648684707095735,-6.071532165918825e-18,2,0
3006,0.9599999999998945,0.0,0.024122765858895612,0.0,-4.336808689942018e-19,-0.005614720850328306,0,3
3007,0.9853589838485715,0.01464101615140568,0.024678857598067084,0.00074704312501154,3.345233540705711e-17,-4.336808689942018e-19,0,0
3008,0.979999999999958,0.0,0.024561328567366716,0.0,3.686287386450715e-18,-0.005614315475492099,0,3
3009,1.0,0.0,0.025,0.0,0.002282378796497367,-0.0028070518387459603,2,3
